timestamp,open,high,low,close,volume
2025-07-10 02:00:00+00:00,2773.4,2788.51,2772.52,2785.41,77795.75
2025-07-10 02:15:00+00:00,2785.41,2798.0,2780.35,2783.43,105862.932
2025-07-10 02:30:00+00:00,2783.42,2788.37,2774.54,2777.88,54610.999
2025-07-10 02:45:00+00:00,2777.88,2783.7,2775.82,2782.19,28733.289
2025-07-10 03:00:00+00:00,2782.19,2789.45,2781.4,2781.41,38747.781
2025-07-10 03:15:00+00:00,2781.4,2785.72,2774.58,2776.81,31061.082
2025-07-10 03:30:00+00:00,2776.81,2777.84,2769.0,2771.99,43896.314
2025-07-10 03:45:00+00:00,2772.0,2775.26,2769.0,2774.51,24822.73
2025-07-10 04:00:00+00:00,2774.51,2774.51,2764.43,2765.33,40376.488
2025-07-10 04:15:00+00:00,2765.34,2771.35,2764.54,2770.26,20358.798
2025-07-10 04:30:00+00:00,2770.25,2777.77,2770.25,2776.89,35635.34
2025-07-10 04:45:00+00:00,2776.89,2778.87,2774.71,2777.3,23144.737
2025-07-10 05:00:00+00:00,2777.29,2780.86,2773.26,2773.6,23706.908
2025-07-10 05:15:00+00:00,2773.59,2780.86,2771.28,2778.18,26420.314
2025-07-10 05:30:00+00:00,2778.18,2778.92,2774.23,2774.31,13701.551
2025-07-10 05:45:00+00:00,2774.31,2784.05,2772.29,2780.22,36312.215
2025-07-10 06:00:00+00:00,2780.22,2789.28,2778.36,2784.58,43596.741
2025-07-10 06:15:00+00:00,2784.59,2790.89,2782.41,2788.15,48400.815
2025-07-10 06:30:00+00:00,2788.16,2799.41,2785.24,2785.97,93233.275
2025-07-10 06:45:00+00:00,2785.96,2795.83,2785.82,2793.9,44079.79
2025-07-10 07:00:00+00:00,2793.89,2818.5,2791.6,2816.34,224992.001
2025-07-10 07:15:00+00:00,2816.34,2822.23,2802.41,2808.22,186506.051
2025-07-10 07:30:00+00:00,2808.21,2814.47,2788.5,2794.37,143449.54
2025-07-10 07:45:00+00:00,2794.36,2794.36,2785.57,2789.54,93409.112
2025-07-10 08:00:00+00:00,2789.54,2789.82,2782.07,2783.74,54040.098
2025-07-10 08:15:00+00:00,2783.74,2793.24,2783.73,2788.41,50259.632
2025-07-10 08:30:00+00:00,2788.42,2795.87,2787.25,2791.37,49788.88
2025-07-10 08:45:00+00:00,2791.36,2791.37,2784.74,2787.33,34676.971
2025-07-10 09:00:00+00:00,2787.32,2788.99,2778.56,2781.53,44213.822
2025-07-10 09:15:00+00:00,2781.53,2785.22,2778.25,2782.71,28108.881
2025-07-10 09:30:00+00:00,2782.72,2783.48,2776.93,2776.99,34817.468
2025-07-10 09:45:00+00:00,2776.99,2779.65,2773.61,2777.47,45513.936
2025-07-10 10:00:00+00:00,2777.47,2780.0,2771.08,2772.59,47533.304
2025-07-10 10:15:00+00:00,2772.59,2776.47,2772.59,2774.45,21764.925
2025-07-10 10:30:00+00:00,2774.46,2783.69,2774.45,2779.73,46638.388
2025-07-10 10:45:00+00:00,2779.74,2785.65,2777.3,2783.52,36870.844
2025-07-10 11:00:00+00:00,2783.52,2783.79,2778.0,2781.23,29045.564
2025-07-10 11:15:00+00:00,2781.23,2782.67,2777.0,2779.14,25545.785
2025-07-10 11:30:00+00:00,2779.15,2779.15,2773.75,2775.08,23427.99
2025-07-10 11:45:00+00:00,2775.09,2778.0,2771.74,2777.38,35633.99
2025-07-10 12:00:00+00:00,2777.38,2777.39,2767.0,2767.82,85609.105
2025-07-10 12:15:00+00:00,2767.83,2776.05,2766.34,2774.03,57341.33
2025-07-10 12:30:00+00:00,2774.07,2777.73,2772.45,2773.15,28178.616
2025-07-10 12:45:00+00:00,2773.16,2778.75,2770.59,2777.25,46064.722
2025-07-10 13:00:00+00:00,2777.24,2785.0,2775.52,2782.84,63410.332
2025-07-10 13:15:00+00:00,2782.85,2789.24,2781.39,2787.42,54640.356
2025-07-10 13:30:00+00:00,2787.43,2788.94,2771.01,2782.26,93195.754
2025-07-10 13:45:00+00:00,2782.27,2794.0,2771.05,2783.22,122802.472
2025-07-10 14:00:00+00:00,2783.23,2784.27,2771.35,2781.99,79427.426
2025-07-10 14:15:00+00:00,2782.0,2791.18,2756.72,2763.18,253738.187
2025-07-10 14:30:00+00:00,2763.19,2775.76,2761.84,2770.2,94168.934
2025-07-10 14:45:00+00:00,2770.2,2777.47,2766.11,2775.2,42046.992
2025-07-10 15:00:00+00:00,2775.2,2775.79,2760.22,2763.48,59684.515
2025-07-10 15:15:00+00:00,2763.48,2774.99,2763.48,2772.28,39397.372
2025-07-10 15:30:00+00:00,2772.27,2774.38,2757.52,2764.23,67390.493
2025-07-10 15:45:00+00:00,2764.23,2769.75,2762.57,2768.49,34285.778
2025-07-10 16:00:00+00:00,2768.5,2779.76,2767.49,2776.67,76884.462
2025-07-10 16:15:00+00:00,2776.66,2809.75,2772.0,2804.78,314694.436
2025-07-10 16:30:00+00:00,2804.77,2811.55,2792.99,2804.56,207868.706
2025-07-10 16:45:00+00:00,2804.56,2810.39,2798.82,2806.98,148678.047
2025-07-10 17:00:00+00:00,2806.98,2828.98,2800.21,2818.0,248404.587
2025-07-10 17:15:00+00:00,2818.0,2818.19,2803.36,2814.21,115650.473
2025-07-10 17:30:00+00:00,2814.21,2821.83,2812.33,2816.95,72398.617
2025-07-10 17:45:00+00:00,2816.95,2834.48,2808.62,2828.71,138284.826
2025-07-10 18:00:00+00:00,2828.72,2839.29,2817.36,2818.33,172272.774
2025-07-10 18:15:00+00:00,2818.32,2825.99,2805.0,2808.8,119101.984
2025-07-10 18:30:00+00:00,2808.8,2812.33,2793.16,2800.0,129876.329
2025-07-10 18:45:00+00:00,2799.99,2811.98,2795.0,2809.83,67500.77
2025-07-10 19:00:00+00:00,2809.82,2820.49,2808.52,2818.27,69780.637
2025-07-10 19:15:00+00:00,2818.28,2820.5,2808.82,2812.12,45684.212
2025-07-10 19:30:00+00:00,2812.12,2814.24,2805.0,2812.95,41338.102
2025-07-10 19:45:00+00:00,2812.96,2818.68,2806.36,2814.61,35544.783
2025-07-10 20:00:00+00:00,2814.61,2823.42,2811.2,2817.02,57425.38
2025-07-10 20:15:00+00:00,2817.02,2822.74,2813.34,2822.54,20710.684
2025-07-10 20:30:00+00:00,2822.55,2825.0,2818.06,2823.11,26996.446
2025-07-10 20:45:00+00:00,2823.12,2823.3,2814.77,2817.02,25139.443
2025-07-10 21:00:00+00:00,2817.02,2824.31,2815.7,2822.52,25033.419
2025-07-10 21:15:00+00:00,2822.53,2931.55,2820.0,2905.18,798782.148
2025-07-10 21:30:00+00:00,2905.17,2986.08,2893.42,2957.61,497180.45
2025-07-10 21:45:00+00:00,2957.62,3010.44,2935.0,2971.7,634108.452
2025-07-10 22:00:00+00:00,2971.7,2975.89,2952.44,2959.78,234520.833
2025-07-10 22:15:00+00:00,2959.78,2978.17,2951.96,2955.29,144122.347
2025-07-10 22:30:00+00:00,2955.25,2966.48,2952.3,2963.37,73111.896
2025-07-10 22:45:00+00:00,2963.37,2976.62,2961.97,2973.18,66784.207
2025-07-10 23:00:00+00:00,2973.19,2974.12,2960.24,2967.36,64109.559
2025-07-10 23:15:00+00:00,2967.36,2967.6,2946.0,2948.25,81545.876
2025-07-10 23:30:00+00:00,2948.24,2951.26,2934.85,2943.55,122607.432
2025-07-10 23:45:00+00:00,2943.55,2955.96,2939.73,2950.62,61003.015
2025-07-11 00:00:00+00:00,2950.61,2957.64,2942.63,2943.46,59431.739
2025-07-11 00:15:00+00:00,2943.46,2944.5,2913.72,2922.57,199810.926
2025-07-11 00:30:00+00:00,2922.5,2934.81,2917.09,2926.24,58690.547
2025-07-11 00:45:00+00:00,2926.23,2942.3,2924.32,2936.72,60715.054
2025-07-11 01:00:00+00:00,2936.71,2941.6,2932.8,2941.01,43283.96
2025-07-11 01:15:00+00:00,2941.01,2950.8,2938.35,2948.54,52810.517
2025-07-11 01:30:00+00:00,2948.54,2950.81,2944.51,2948.37,31899.472
2025-07-11 01:45:00+00:00,2948.37,2956.7,2944.42,2953.77,48478.235
2025-07-11 02:00:00+00:00,2953.76,2966.34,2950.9,2957.59,71338.776
2025-07-11 02:15:00+00:00,2957.58,2964.23,2953.55,2957.14,55307.209
2025-07-11 02:30:00+00:00,2957.14,2966.91,2953.65,2958.86,56898.648
2025-07-11 02:45:00+00:00,2958.85,2967.55,2957.02,2964.08,49213.85
2025-07-11 03:00:00+00:00,2964.08,2966.93,2960.87,2965.01,33123.894
2025-07-11 03:15:00+00:00,2965.0,2974.06,2962.92,2971.21,54020.421
2025-07-11 03:30:00+00:00,2971.21,2971.78,2956.0,2965.9,61276.978
2025-07-11 03:45:00+00:00,2965.9,2973.16,2964.0,2968.51,34911.152
2025-07-11 04:00:00+00:00,2968.5,2969.1,2961.0,2962.16,44012.546
2025-07-11 04:15:00+00:00,2962.16,2965.37,2960.06,2963.0,23576.304
2025-07-11 04:30:00+00:00,2963.0,2963.01,2945.32,2959.5,73749.461
2025-07-11 04:45:00+00:00,2959.49,2970.43,2957.86,2969.29,40644.586
2025-07-11 05:00:00+00:00,2969.29,2995.0,2966.28,2987.99,168026.708
2025-07-11 05:15:00+00:00,2987.99,2998.87,2986.23,2993.42,137450.973
2025-07-11 05:30:00+00:00,2993.41,3021.61,2985.55,3009.26,308320.117
2025-07-11 05:45:00+00:00,3009.36,3028.48,2997.28,3003.9,260402.079
2025-07-11 06:00:00+00:00,3003.89,3020.86,3001.95,3011.32,126685.642
2025-07-11 06:15:00+00:00,3011.32,3025.87,3008.59,3016.03,94215.302
2025-07-11 06:30:00+00:00,3016.02,3016.93,3001.15,3005.81,92591.872
2025-07-11 06:45:00+00:00,3005.8,3009.68,2984.86,2988.43,149492.373
2025-07-11 07:00:00+00:00,2988.43,2988.88,2978.6,2979.32,108274.257
2025-07-11 07:15:00+00:00,2979.32,3002.11,2979.09,2998.12,95262.933
2025-07-11 07:30:00+00:00,2998.11,3000.19,2990.89,2999.6,56387.434
2025-07-11 07:45:00+00:00,2999.6,3002.3,2964.2,2967.8,162556.866
2025-07-11 08:00:00+00:00,2967.79,2979.73,2960.51,2976.98,117463.429
2025-07-11 08:15:00+00:00,2976.97,2983.96,2975.74,2983.36,42145.072
2025-07-11 08:30:00+00:00,2983.35,3009.39,2978.24,3005.7,157317.663
2025-07-11 08:45:00+00:00,3005.7,3007.83,2997.19,3002.98,76208.127
2025-07-11 09:00:00+00:00,3002.99,3006.8,2995.18,3005.71,47916.802
2025-07-11 09:15:00+00:00,3005.71,3018.93,3004.3,3015.5,83653.996
2025-07-11 09:30:00+00:00,3015.5,3040.95,3011.15,3023.35,238961.722
2025-07-11 09:45:00+00:00,3023.34,3030.43,3007.35,3014.86,118267.59
2025-07-11 10:00:00+00:00,3014.87,3014.95,2992.0,2998.2,180194.243
2025-07-11 10:15:00+00:00,2998.2,3012.86,2997.82,3010.78,64525.069
2025-07-11 10:30:00+00:00,3010.77,3011.91,3001.47,3005.55,33133.292
2025-07-11 10:45:00+00:00,3005.54,3008.0,2996.22,3003.23,38945.338
2025-07-11 11:00:00+00:00,3003.22,3005.87,2984.59,2988.38,80740.804
2025-07-11 11:15:00+00:00,2988.37,2994.45,2980.1,2985.5,108770.792
2025-07-11 11:30:00+00:00,2985.49,2990.31,2983.01,2984.33,69649.53
2025-07-11 11:45:00+00:00,2984.32,2985.29,2967.55,2983.22,140743.519
2025-07-11 12:00:00+00:00,2983.22,2992.51,2982.39,2991.31,81557.315
2025-07-11 12:15:00+00:00,2991.3,2991.31,2971.0,2972.14,68216.962
2025-07-11 12:30:00+00:00,2972.13,2981.73,2969.04,2976.22,42520.701
2025-07-11 12:45:00+00:00,2976.22,2988.35,2975.01,2985.39,58534.993
2025-07-11 13:00:00+00:00,2985.39,2999.98,2983.01,2993.09,105140.241
2025-07-11 13:15:00+00:00,2993.09,3002.96,2984.11,2995.66,65845.934
2025-07-11 13:30:00+00:00,2995.65,2999.44,2973.99,2984.82,172545.847
2025-07-11 13:45:00+00:00,2984.81,3008.9,2980.28,3001.81,127639.863
2025-07-11 14:00:00+00:00,3001.8,3005.78,2985.55,2993.23,86304.671
2025-07-11 14:15:00+00:00,2993.22,3002.0,2990.11,2995.0,56782.545
2025-07-11 14:30:00+00:00,2995.0,3005.07,2992.35,3000.17,70504.89
2025-07-11 14:45:00+00:00,3000.18,3002.42,2979.27,2988.0,122282.594
2025-07-11 15:00:00+00:00,2987.98,2993.0,2965.55,2971.18,147625.955
2025-07-11 15:15:00+00:00,2971.06,2987.58,2970.15,2983.5,67623.348
2025-07-11 15:30:00+00:00,2983.5,2995.97,2975.09,2984.56,95445.401
2025-07-11 15:45:00+00:00,2984.55,2985.97,2935.05,2950.45,305867.198
2025-07-11 16:00:00+00:00,2950.46,2968.14,2936.0,2951.56,189089.529
2025-07-11 16:15:00+00:00,2951.55,2966.78,2940.4,2966.65,90464.145
2025-07-11 16:30:00+00:00,2966.65,2971.77,2958.25,2962.91,67672.223
2025-07-11 16:45:00+00:00,2962.91,2970.82,2954.15,2967.2,52509.814
2025-07-11 17:00:00+00:00,2967.2,2983.78,2963.34,2978.95,104540.358
2025-07-11 17:15:00+00:00,2978.94,3000.0,2977.75,2988.99,117557.937
2025-07-11 17:30:00+00:00,2988.99,2991.46,2976.0,2983.7,46448.361
2025-07-11 17:45:00+00:00,2983.7,2993.63,2982.32,2992.5,32969.572
2025-07-11 18:00:00+00:00,2992.5,2994.62,2986.31,2993.22,34533.871
2025-07-11 18:15:00+00:00,2993.23,2998.78,2982.34,2984.72,49806.502
2025-07-11 18:30:00+00:00,2984.71,2992.82,2982.66,2989.99,27351.071
2025-07-11 18:45:00+00:00,2989.98,2995.0,2986.43,2994.91,32726.114
2025-07-11 19:00:00+00:00,2994.91,2995.71,2977.0,2993.53,50945.386
2025-07-11 19:15:00+00:00,2993.54,3009.55,2988.8,2990.62,105893.363
2025-07-11 19:30:00+00:00,2990.62,2999.64,2985.69,2995.12,41414.614
2025-07-11 19:45:00+00:00,2995.12,3007.08,2993.92,3006.64,45403.427
2025-07-11 20:00:00+00:00,3006.64,3008.76,2996.52,3001.54,46030.284
2025-07-11 20:15:00+00:00,3001.55,3004.55,2994.2,2996.4,24986.661
2025-07-11 20:30:00+00:00,2996.41,2996.77,2979.85,2981.16,47947.314
2025-07-11 20:45:00+00:00,2981.17,2988.01,2971.84,2973.75,58739.01
2025-07-11 21:00:00+00:00,2973.75,2984.95,2966.31,2982.94,56381.19
2025-07-11 21:15:00+00:00,2982.94,2995.3,2980.54,2995.29,41037.076
2025-07-11 21:30:00+00:00,2995.3,2995.8,2955.73,2958.09,109129.444
2025-07-11 21:45:00+00:00,2958.09,2971.8,2956.03,2964.77,49910.944
2025-07-11 22:00:00+00:00,2964.77,2970.0,2953.06,2954.79,33517.054
2025-07-11 22:15:00+00:00,2954.8,2958.12,2921.98,2930.11,173963.886
2025-07-11 22:30:00+00:00,2930.12,2954.84,2924.63,2941.0,107882.942
2025-07-11 22:45:00+00:00,2941.0,2951.18,2939.73,2949.22,36306.259
2025-07-11 23:00:00+00:00,2949.22,2959.72,2947.25,2957.8,33374.768
2025-07-11 23:15:00+00:00,2957.8,2959.68,2950.8,2957.05,23292.576
2025-07-11 23:30:00+00:00,2957.05,2958.09,2950.27,2956.06,23589.389
2025-07-11 23:45:00+00:00,2956.07,2958.55,2952.04,2956.93,14967.32
2025-07-12 00:00:00+00:00,2956.94,2966.23,2950.08,2955.67,37976.481
2025-07-12 00:15:00+00:00,2955.68,2956.34,2944.48,2953.28,27326.794
2025-07-12 00:30:00+00:00,2953.29,2953.29,2929.13,2938.14,67170.375
2025-07-12 00:45:00+00:00,2938.15,2951.82,2937.24,2951.82,23297.939
2025-07-12 01:00:00+00:00,2951.82,2963.99,2951.54,2963.98,42517.358
2025-07-12 01:15:00+00:00,2963.99,2965.51,2958.36,2963.69,20804.541
2025-07-12 01:30:00+00:00,2963.7,2965.71,2956.48,2959.16,19929.727
2025-07-12 01:45:00+00:00,2959.16,2964.1,2957.0,2957.59,11251.128
2025-07-12 02:00:00+00:00,2957.59,2964.23,2956.5,2963.68,15695.783
2025-07-12 02:15:00+00:00,2963.68,2967.3,2962.41,2966.39,20441.037
2025-07-12 02:30:00+00:00,2966.39,2969.96,2963.24,2964.28,20511.97
2025-07-12 02:45:00+00:00,2964.28,2964.84,2953.2,2955.66,26450.55
2025-07-12 03:00:00+00:00,2955.63,2964.63,2954.08,2963.51,11641.921
2025-07-12 03:15:00+00:00,2963.51,2967.88,2963.0,2966.4,12489.762
2025-07-12 03:30:00+00:00,2966.4,2966.9,2961.1,2961.97,11298.709
2025-07-12 03:45:00+00:00,2961.96,2965.0,2957.82,2964.89,17701.239
2025-07-12 04:00:00+00:00,2964.89,2967.77,2961.1,2965.46,13637.933
2025-07-12 04:15:00+00:00,2965.46,2966.33,2959.0,2966.33,10922.266
2025-07-12 04:30:00+00:00,2966.33,2966.58,2957.05,2959.45,13616.962
2025-07-12 04:45:00+00:00,2959.45,2960.0,2940.0,2949.98,112190.562
2025-07-12 05:00:00+00:00,2949.99,2953.43,2942.0,2945.4,30694.215
2025-07-12 05:15:00+00:00,2945.41,2952.9,2943.36,2950.95,21689.385
2025-07-12 05:30:00+00:00,2950.94,2955.32,2949.18,2950.97,16199.71
2025-07-12 05:45:00+00:00,2950.97,2956.3,2950.96,2951.58,10928.878
2025-07-12 06:00:00+00:00,2951.58,2954.7,2943.72,2945.17,28862.976
2025-07-12 06:15:00+00:00,2945.16,2955.31,2945.16,2954.04,15933.336
2025-07-12 06:30:00+00:00,2954.04,2961.48,2951.76,2961.27,30197.412
2025-07-12 06:45:00+00:00,2961.27,2961.82,2956.27,2958.01,13722.299
2025-07-12 07:00:00+00:00,2958.0,2974.43,2957.75,2968.28,76947.072
2025-07-12 07:15:00+00:00,2968.28,2978.0,2965.72,2970.0,59771.527
2025-07-12 07:30:00+00:00,2969.99,2970.02,2960.22,2963.14,31540.542
2025-07-12 07:45:00+00:00,2963.14,2964.88,2960.11,2961.7,13574.792
2025-07-12 08:00:00+00:00,2961.69,2967.69,2961.32,2963.59,13216.628
2025-07-12 08:15:00+00:00,2963.59,2969.0,2963.58,2966.94,12337.263
2025-07-12 08:30:00+00:00,2966.93,2967.36,2961.26,2964.44,13577.047
2025-07-12 08:45:00+00:00,2964.43,2967.0,2956.09,2965.67,28527.525
2025-07-12 09:00:00+00:00,2965.67,2966.39,2960.67,2965.16,13183.321
2025-07-12 09:15:00+00:00,2965.16,2969.94,2965.15,2967.9,16222.259
2025-07-12 09:30:00+00:00,2967.91,2975.81,2966.88,2975.11,31269.752
2025-07-12 09:45:00+00:00,2975.11,2975.41,2969.64,2972.56,19191.212
2025-07-12 10:00:00+00:00,2972.55,2972.56,2966.1,2969.97,18585.643
2025-07-12 10:15:00+00:00,2969.97,2976.37,2969.97,2974.73,18065.193
2025-07-12 10:30:00+00:00,2974.73,2978.68,2974.26,2977.17,20750.759
2025-07-12 10:45:00+00:00,2977.17,2978.61,2971.32,2974.67,19682.661
2025-07-12 11:00:00+00:00,2974.67,2976.0,2969.36,2970.96,17000.634
2025-07-12 11:15:00+00:00,2970.97,2975.15,2967.12,2973.7,14447.633
2025-07-12 11:30:00+00:00,2973.71,2979.0,2960.82,2963.92,48983.83
2025-07-12 11:45:00+00:00,2963.92,2967.88,2960.12,2962.54,34712.529
2025-07-12 12:00:00+00:00,2962.55,2967.08,2954.12,2957.0,51599.542
2025-07-12 12:15:00+00:00,2956.99,2957.09,2946.0,2948.1,72551.409
2025-07-12 12:30:00+00:00,2948.11,2952.25,2928.0,2932.66,168903.753
2025-07-12 12:45:00+00:00,2932.66,2942.62,2913.0,2942.02,202043.521
2025-07-12 13:00:00+00:00,2942.03,2942.03,2933.0,2938.32,66832.065
2025-07-12 13:15:00+00:00,2938.31,2938.31,2924.3,2926.44,55725.769
2025-07-12 13:30:00+00:00,2926.43,2937.13,2913.19,2928.5,99178.729
2025-07-12 13:45:00+00:00,2928.49,2939.0,2924.22,2938.69,56613.916
2025-07-12 14:00:00+00:00,2938.7,2948.88,2932.13,2945.38,63154.616
2025-07-12 14:15:00+00:00,2945.38,2947.39,2940.52,2945.63,28164.543
2025-07-12 14:30:00+00:00,2945.63,2945.63,2930.0,2935.0,45013.792
2025-07-12 14:45:00+00:00,2934.99,2935.42,2922.18,2926.98,43240.912
2025-07-12 15:00:00+00:00,2926.99,2929.36,2913.0,2927.12,81407.414
2025-07-12 15:15:00+00:00,2927.12,2929.96,2915.0,2924.45,55666.458
2025-07-12 15:30:00+00:00,2924.44,2929.38,2902.8,2907.04,168301.856
2025-07-12 15:45:00+00:00,2907.05,2915.22,2902.82,2914.83,64176.619
2025-07-12 16:00:00+00:00,2914.83,2926.2,2909.38,2924.9,66056.097
2025-07-12 16:15:00+00:00,2924.89,2933.0,2923.38,2927.76,48781.343
2025-07-12 16:30:00+00:00,2927.76,2933.49,2926.24,2931.2,22937.715
2025-07-12 16:45:00+00:00,2931.2,2934.86,2921.63,2923.5,34508.431
2025-07-12 17:00:00+00:00,2923.51,2932.25,2920.0,2929.81,26722.697
2025-07-12 17:15:00+00:00,2929.81,2941.06,2929.8,2939.3,44750.805
2025-07-12 17:30:00+00:00,2939.29,2941.48,2934.92,2937.6,24865.789
2025-07-12 17:45:00+00:00,2937.6,2942.4,2935.08,2939.92,27560.907
2025-07-12 18:00:00+00:00,2939.92,2940.98,2937.0,2939.66,21068.107
2025-07-12 18:15:00+00:00,2939.66,2940.54,2934.26,2937.3,18367.482
2025-07-12 18:30:00+00:00,2937.3,2942.0,2937.29,2938.82,14524.321
2025-07-12 18:45:00+00:00,2938.81,2943.98,2936.56,2941.22,15406.622
2025-07-12 19:00:00+00:00,2941.22,2944.86,2940.41,2942.7,20031.765
2025-07-12 19:15:00+00:00,2942.71,2942.98,2933.26,2934.34,17806.93
2025-07-12 19:30:00+00:00,2934.34,2941.67,2934.1,2940.0,13773.266
2025-07-12 19:45:00+00:00,2940.0,2942.13,2936.41,2939.72,10270.308
2025-07-12 20:00:00+00:00,2939.71,2941.68,2932.0,2933.28,21977.518
2025-07-12 20:15:00+00:00,2933.27,2936.11,2927.62,2932.79,22322.068
2025-07-12 20:30:00+00:00,2932.79,2933.1,2922.78,2927.48,23863.964
2025-07-12 20:45:00+00:00,2927.48,2927.49,2915.4,2915.58,28766.766
2025-07-12 21:00:00+00:00,2915.58,2926.67,2913.54,2922.9,26148.043
2025-07-12 21:15:00+00:00,2922.9,2935.03,2922.37,2931.89,19338.741
2025-07-12 21:30:00+00:00,2931.89,2938.73,2928.38,2937.72,24172.272
2025-07-12 21:45:00+00:00,2937.72,2938.33,2933.52,2937.96,11073.851
2025-07-12 22:00:00+00:00,2937.97,2940.0,2930.93,2933.11,15693.993
2025-07-12 22:15:00+00:00,2933.11,2936.11,2923.99,2935.47,20771.761
2025-07-12 22:30:00+00:00,2935.47,2938.2,2933.53,2935.47,11588.516
2025-07-12 22:45:00+00:00,2935.47,2937.06,2929.58,2936.45,7753.514
2025-07-12 23:00:00+00:00,2936.46,2938.6,2928.92,2931.9,12297.134
2025-07-12 23:15:00+00:00,2931.9,2938.66,2931.89,2936.18,10775.001
2025-07-12 23:30:00+00:00,2936.19,2938.3,2932.2,2933.22,8010.63
2025-07-12 23:45:00+00:00,2933.22,2947.0,2932.71,2941.87,37772.309
2025-07-13 00:00:00+00:00,2941.88,2943.18,2934.88,2940.0,22622.704
2025-07-13 00:15:00+00:00,2940.0,2946.3,2937.54,2945.2,24463.042
2025-07-13 00:30:00+00:00,2945.2,2949.0,2939.0,2947.2,21191.349
2025-07-13 00:45:00+00:00,2947.21,2948.47,2942.25,2943.42,13610.837
2025-07-13 01:00:00+00:00,2943.43,2947.27,2942.0,2943.89,12253.077
2025-07-13 01:15:00+00:00,2943.89,2945.33,2937.38,2943.98,30764.658
2025-07-13 01:30:00+00:00,2943.99,2946.67,2939.98,2945.84,18111.6
2025-07-13 01:45:00+00:00,2945.85,2952.0,2945.3,2948.01,40027.314
2025-07-13 02:00:00+00:00,2948.02,2948.25,2943.98,2944.84,16444.741
2025-07-13 02:15:00+00:00,2944.84,2945.0,2938.47,2939.99,19609.436
2025-07-13 02:30:00+00:00,2939.99,2946.96,2937.03,2945.54,21182.073
2025-07-13 02:45:00+00:00,2945.53,2960.0,2944.9,2952.7,53123.437
2025-07-13 03:00:00+00:00,2952.69,2954.11,2946.99,2947.17,18186.112
2025-07-13 03:15:00+00:00,2947.17,2955.79,2947.17,2954.27,19787.794
2025-07-13 03:30:00+00:00,2954.27,2957.56,2953.13,2953.14,22475.459
2025-07-13 03:45:00+00:00,2953.14,2956.02,2951.07,2953.77,9997.225
2025-07-13 04:00:00+00:00,2953.77,2954.6,2950.0,2952.92,15904.423
2025-07-13 04:15:00+00:00,2952.91,2955.88,2950.87,2951.36,12021.669
2025-07-13 04:30:00+00:00,2951.37,2955.52,2950.49,2953.33,13557.945
2025-07-13 04:45:00+00:00,2953.33,2957.98,2953.32,2957.31,17770.28
2025-07-13 05:00:00+00:00,2957.3,2963.0,2955.0,2957.69,45752.804
2025-07-13 05:15:00+00:00,2957.69,2957.69,2952.97,2954.39,17083.847
2025-07-13 05:30:00+00:00,2954.38,2957.98,2952.47,2952.5,15935.444
2025-07-13 05:45:00+00:00,2952.5,2952.69,2948.11,2949.26,21611.731
2025-07-13 06:00:00+00:00,2949.26,2952.98,2948.2,2952.38,13840.898
2025-07-13 06:15:00+00:00,2952.37,2956.0,2951.83,2953.59,10886.855
2025-07-13 06:30:00+00:00,2953.58,2967.89,2953.49,2960.77,73354.036
2025-07-13 06:45:00+00:00,2960.77,2961.31,2957.09,2958.38,15219.349
2025-07-13 07:00:00+00:00,2958.37,2959.84,2955.0,2958.15,16531.041
2025-07-13 07:15:00+00:00,2958.15,2960.5,2957.07,2958.5,15275.415
2025-07-13 07:30:00+00:00,2958.5,2964.64,2958.5,2961.8,26024.035
2025-07-13 07:45:00+00:00,2961.8,2962.65,2958.43,2961.46,14571.453
2025-07-13 08:00:00+00:00,2961.47,2963.24,2955.5,2959.3,16613.253
2025-07-13 08:15:00+00:00,2959.3,2959.63,2955.28,2957.41,14925.331
2025-07-13 08:30:00+00:00,2957.41,2958.06,2954.01,2954.49,11042.823
2025-07-13 08:45:00+00:00,2954.49,2955.12,2950.25,2954.71,21521.512
2025-07-13 09:00:00+00:00,2954.71,2956.52,2951.41,2951.54,13125.239
2025-07-13 09:15:00+00:00,2951.54,2951.54,2948.6,2950.36,22618.156
2025-07-13 09:30:00+00:00,2950.37,2950.37,2943.68,2947.22,32839.18
2025-07-13 09:45:00+00:00,2947.21,2948.48,2943.05,2948.48,16044.801
2025-07-13 10:00:00+00:00,2948.48,2954.64,2948.41,2953.99,23943.108
2025-07-13 10:15:00+00:00,2953.99,2956.16,2950.91,2953.0,13494.359
2025-07-13 10:30:00+00:00,2953.0,2953.36,2948.13,2949.72,10943.226
2025-07-13 10:45:00+00:00,2949.71,2949.72,2944.12,2947.58,18476.853
2025-07-13 11:00:00+00:00,2947.58,2961.64,2947.58,2959.58,30082.917
2025-07-13 11:15:00+00:00,2959.58,2965.0,2954.84,2962.35,48753.817
2025-07-13 11:30:00+00:00,2962.34,2963.22,2960.0,2961.54,22712.117
2025-07-13 11:45:00+00:00,2961.54,2964.2,2958.32,2963.32,19472.411
2025-07-13 12:00:00+00:00,2963.32,2965.99,2957.87,2960.47,26599.607
2025-07-13 12:15:00+00:00,2960.48,2966.66,2958.0,2963.9,19390.983
2025-07-13 12:30:00+00:00,2963.91,2974.5,2962.13,2972.67,72617.88
2025-07-13 12:45:00+00:00,2972.67,2992.88,2969.14,2985.01,150779.948
2025-07-13 13:00:00+00:00,2985.01,2989.5,2972.18,2973.46,80826.175
2025-07-13 13:15:00+00:00,2973.46,2981.8,2973.46,2977.97,39099.235
2025-07-13 13:30:00+00:00,2977.97,2988.25,2977.97,2984.64,39420.178
2025-07-13 13:45:00+00:00,2984.64,2994.4,2982.34,2988.21,52524.845
2025-07-13 14:00:00+00:00,2988.21,2995.7,2982.53,2994.11,37654.453
2025-07-13 14:15:00+00:00,2994.1,3019.52,2992.78,3005.45,250049.882
2025-07-13 14:30:00+00:00,3005.44,3005.45,2985.69,2988.24,92829.453
2025-07-13 14:45:00+00:00,2988.23,2995.41,2975.56,2986.21,108880.035
2025-07-13 15:00:00+00:00,2986.21,3001.68,2983.09,2999.52,73249.679
2025-07-13 15:15:00+00:00,2999.54,3004.0,2990.57,2997.74,54286.695
2025-07-13 15:30:00+00:00,2997.73,2997.73,2982.5,2989.55,53414.768
2025-07-13 15:45:00+00:00,2989.55,2994.78,2985.62,2990.98,29114.4
2025-07-13 16:00:00+00:00,2990.98,2996.99,2986.19,2987.47,34142.142
2025-07-13 16:15:00+00:00,2987.49,2999.0,2985.65,2990.34,34768.56
2025-07-13 16:30:00+00:00,2990.33,2991.62,2984.25,2989.19,26842.149
2025-07-13 16:45:00+00:00,2989.19,2989.2,2970.76,2973.16,85713.153
2025-07-13 17:00:00+00:00,2973.16,2980.26,2960.58,2978.65,90082.174
2025-07-13 17:15:00+00:00,2978.65,2987.92,2977.48,2986.41,30730.985
2025-07-13 17:30:00+00:00,2986.41,2995.95,2986.41,2991.91,43018.721
2025-07-13 17:45:00+00:00,2991.91,2994.94,2988.97,2990.66,23348.279
2025-07-13 18:00:00+00:00,2990.65,2996.55,2985.74,2994.34,24675.13
2025-07-13 18:15:00+00:00,2994.33,3000.6,2992.59,2996.69,32335.097
2025-07-13 18:30:00+00:00,2996.69,2999.04,2993.0,2994.15,16522.173
2025-07-13 18:45:00+00:00,2994.15,2996.03,2989.04,2992.76,17796.039
2025-07-13 19:00:00+00:00,2992.77,2995.3,2990.84,2994.17,11391.63
2025-07-13 19:15:00+00:00,2994.16,3003.82,2992.5,3000.97,26128.663
2025-07-13 19:30:00+00:00,3000.97,3009.78,2991.41,2995.54,52619.843
2025-07-13 19:45:00+00:00,2995.55,2997.85,2986.07,2987.92,27942.564
2025-07-13 20:00:00+00:00,2987.93,2989.21,2978.69,2984.13,42215.764
2025-07-13 20:15:00+00:00,2984.12,2992.11,2983.62,2990.69,26888.295
2025-07-13 20:30:00+00:00,2990.7,2997.48,2989.1,2990.19,21514.145
2025-07-13 20:45:00+00:00,2990.18,2993.9,2984.6,2990.57,19356.789
2025-07-13 21:00:00+00:00,2990.57,2990.57,2981.5,2983.0,25618.37
2025-07-13 21:15:00+00:00,2982.99,2985.17,2980.69,2981.77,12229.072
2025-07-13 21:30:00+00:00,2981.77,2983.65,2930.0,2959.07,201283.54
2025-07-13 21:45:00+00:00,2959.07,2975.0,2957.77,2963.66,54394.147
2025-07-13 22:00:00+00:00,2963.66,2963.66,2949.67,2955.88,68815.695
2025-07-13 22:15:00+00:00,2955.89,2963.88,2944.37,2954.85,58279.63
2025-07-13 22:30:00+00:00,2954.84,2968.41,2954.26,2965.85,32939.094
2025-07-13 22:45:00+00:00,2965.85,2968.25,2957.29,2957.3,17106.119
2025-07-13 23:00:00+00:00,2957.29,2965.58,2952.06,2959.69,32906.175
2025-07-13 23:15:00+00:00,2959.68,2964.55,2958.02,2961.22,17478.258
2025-07-13 23:30:00+00:00,2961.22,2966.81,2959.52,2963.0,16464.536
2025-07-13 23:45:00+00:00,2963.0,2978.0,2962.38,2970.37,51029.593
2025-07-14 00:00:00+00:00,2970.37,2975.64,2966.0,2975.38,21888.155
2025-07-14 00:15:00+00:00,2975.38,2987.11,2971.53,2977.82,38863.908
2025-07-14 00:30:00+00:00,2977.81,2986.0,2973.03,2984.39,26987.726
2025-07-14 00:45:00+00:00,2984.39,2985.0,2973.3,2973.95,24712.808
2025-07-14 01:00:00+00:00,2973.94,2977.44,2967.12,2968.16,35656.785
2025-07-14 01:15:00+00:00,2968.15,2972.3,2963.96,2964.99,22191.792
2025-07-14 01:30:00+00:00,2965.0,2973.75,2961.44,2970.78,31573.877
2025-07-14 01:45:00+00:00,2970.79,2975.37,2967.24,2972.89,21237.037
2025-07-14 02:00:00+00:00,2972.88,2983.23,2970.73,2980.66,31678.748
2025-07-14 02:15:00+00:00,2980.66,3008.43,2979.02,3002.0,108971.8
2025-07-14 02:30:00+00:00,3002.0,3006.99,2991.08,3004.26,110898.727
2025-07-14 02:45:00+00:00,3004.26,3015.75,2994.62,2999.55,79883.44
2025-07-14 03:00:00+00:00,2999.55,3007.55,2995.5,3005.52,42599.546
2025-07-14 03:15:00+00:00,3005.52,3019.0,3002.35,3015.61,80453.223
2025-07-14 03:30:00+00:00,3015.61,3051.91,3010.13,3044.45,298161.545
2025-07-14 03:45:00+00:00,3044.46,3046.39,3030.15,3036.37,128071.99
2025-07-14 04:00:00+00:00,3036.37,3039.0,3028.35,3035.99,86083.103
2025-07-14 04:15:00+00:00,3035.99,3051.43,3035.99,3047.48,85233.94
2025-07-14 04:30:00+00:00,3047.48,3057.0,3040.42,3050.26,84679.125
2025-07-14 04:45:00+00:00,3050.26,3057.95,3045.99,3052.03,65671.899
2025-07-14 05:00:00+00:00,3052.04,3053.0,3038.0,3049.36,116028.648
2025-07-14 05:15:00+00:00,3049.35,3066.0,3039.0,3048.52,181332.14
2025-07-14 05:30:00+00:00,3048.52,3050.64,3028.83,3033.25,106524.637
2025-07-14 05:45:00+00:00,3033.24,3039.26,3015.88,3039.0,152559.695
2025-07-14 06:00:00+00:00,3038.99,3041.91,3023.33,3027.78,67520.715
2025-07-14 06:15:00+00:00,3027.78,3037.08,3027.1,3034.22,36111.662
2025-07-14 06:30:00+00:00,3034.23,3034.23,3020.95,3024.97,55222.948
2025-07-14 06:45:00+00:00,3024.98,3028.67,3018.64,3022.65,34045.687
2025-07-14 07:00:00+00:00,3022.65,3032.96,3021.0,3030.36,37955.275
2025-07-14 07:15:00+00:00,3030.35,3033.97,3023.28,3027.63,31839.935
2025-07-14 07:30:00+00:00,3027.63,3050.41,3027.62,3040.34,115192.846
2025-07-14 07:45:00+00:00,3040.33,3049.87,3035.0,3043.65,64107.03
2025-07-14 08:00:00+00:00,3043.65,3044.36,3025.0,3028.88,78087.558
2025-07-14 08:15:00+00:00,3028.87,3034.74,3022.22,3024.99,56327.308
2025-07-14 08:30:00+00:00,3024.99,3034.67,3022.7,3033.0,44850.573
2025-07-14 08:45:00+00:00,3033.01,3040.51,3029.53,3038.64,39160.855
2025-07-14 09:00:00+00:00,3038.65,3049.16,3034.46,3043.91,65143.058
2025-07-14 09:15:00+00:00,3043.92,3045.7,3036.31,3040.43,45079.423
2025-07-14 09:30:00+00:00,3040.42,3075.75,3034.34,3060.92,170664.053
2025-07-14 09:45:00+00:00,3060.93,3070.0,3043.0,3043.68,156196.555
2025-07-14 10:00:00+00:00,3043.69,3046.12,3028.45,3035.1,108243.81
2025-07-14 10:15:00+00:00,3035.11,3061.66,3032.4,3059.3,115218.8
2025-07-14 10:30:00+00:00,3059.29,3079.72,3056.09,3069.42,170543.498
2025-07-14 10:45:00+00:00,3069.42,3071.37,3062.0,3066.03,60305.367
2025-07-14 11:00:00+00:00,3066.03,3083.0,3062.0,3073.34,102053.652
2025-07-14 11:15:00+00:00,3073.34,3077.25,3054.56,3062.74,128602.144
2025-07-14 11:30:00+00:00,3062.74,3073.8,3054.18,3073.38,51660.41
2025-07-14 11:45:00+00:00,3073.38,3074.9,3049.95,3051.1,89001.004
2025-07-14 12:00:00+00:00,3051.1,3057.23,3046.0,3050.65,68794.227
2025-07-14 12:15:00+00:00,3050.65,3050.84,3037.0,3045.29,65560.125
2025-07-14 12:30:00+00:00,3045.29,3045.4,3035.21,3041.84,54385.033
2025-07-14 12:45:00+00:00,3041.85,3050.95,3033.6,3050.58,85988.94
2025-07-14 13:00:00+00:00,3050.58,3056.87,3047.04,3053.72,61652.514
2025-07-14 13:15:00+00:00,3053.73,3055.0,3039.59,3045.76,46976.542
2025-07-14 13:30:00+00:00,3045.77,3050.0,3030.15,3046.4,97199.816
2025-07-14 13:45:00+00:00,3046.4,3064.74,3043.67,3055.19,95719.05
2025-07-14 14:00:00+00:00,3055.24,3067.61,3051.8,3059.73,82590.523
2025-07-14 14:15:00+00:00,3059.74,3062.0,3034.0,3043.97,117481.139
2025-07-14 14:30:00+00:00,3043.97,3044.62,3020.0,3030.73,169625.928
2025-07-14 14:45:00+00:00,3030.74,3033.75,3017.74,3028.24,105022.717
2025-07-14 15:00:00+00:00,3028.23,3029.69,3012.0,3017.9,98761.468
2025-07-14 15:15:00+00:00,3017.9,3031.39,3012.78,3029.93,84112.972
2025-07-14 15:30:00+00:00,3029.93,3031.75,3020.21,3024.64,54334.701
2025-07-14 15:45:00+00:00,3024.64,3024.98,2990.69,3011.0,264321.13
2025-07-14 16:00:00+00:00,3011.0,3012.0,2998.3,3002.31,93700.924
2025-07-14 16:15:00+00:00,3002.31,3024.62,3000.0,3022.42,124558.56
2025-07-14 16:30:00+00:00,3022.43,3029.0,3013.47,3020.75,58432.249
2025-07-14 16:45:00+00:00,3020.75,3028.25,3013.55,3024.37,48709.896
2025-07-14 17:00:00+00:00,3024.36,3024.44,3016.17,3022.52,40146.625
2025-07-14 17:15:00+00:00,3022.52,3022.53,3006.29,3010.68,47965.083
2025-07-14 17:30:00+00:00,3010.68,3016.74,3002.02,3005.82,44540.468
2025-07-14 17:45:00+00:00,3005.81,3011.0,3003.47,3007.69,28662.04
2025-07-14 18:00:00+00:00,3007.69,3011.37,2991.4,3001.46,67073.608
2025-07-14 18:15:00+00:00,3001.45,3012.0,3000.16,3007.18,34823.702
2025-07-14 18:30:00+00:00,3007.18,3011.96,2994.24,3001.77,33886.527
2025-07-14 18:45:00+00:00,3001.77,3002.93,2981.0,2988.48,87718.378
2025-07-14 19:00:00+00:00,2988.48,2999.32,2985.48,2991.76,44040.176
2025-07-14 19:15:00+00:00,2991.76,2997.0,2984.52,2995.13,27056.198
2025-07-14 19:30:00+00:00,2995.13,2999.85,2993.04,2998.24,23627.193
2025-07-14 19:45:00+00:00,2998.24,3002.0,2990.82,2999.12,28270.25
2025-07-14 20:00:00+00:00,2999.11,2999.24,2984.0,2989.57,35373.332
2025-07-14 20:15:00+00:00,2989.57,3000.62,2980.0,3000.61,52694.451
2025-07-14 20:30:00+00:00,3000.62,3008.25,2997.34,3006.8,27875.25
2025-07-14 20:45:00+00:00,3006.81,3010.53,3001.23,3002.66,28626.245
2025-07-14 21:00:00+00:00,3002.66,3006.85,3000.69,3000.7,18153.782
2025-07-14 21:15:00+00:00,3000.7,3008.4,2998.47,3005.16,11764.191
2025-07-14 21:30:00+00:00,3005.16,3016.35,3003.03,3007.95,29029.659
2025-07-14 21:45:00+00:00,3007.94,3013.9,3005.67,3009.53,14242.217
2025-07-14 22:00:00+00:00,3009.53,3010.49,3001.9,3007.35,19555.705
2025-07-14 22:15:00+00:00,3007.34,3012.71,3003.03,3011.42,12138.769
2025-07-14 22:30:00+00:00,3011.42,3015.78,3009.55,3013.99,28216.125
2025-07-14 22:45:00+00:00,3013.98,3017.75,3010.58,3012.35,21978.84
2025-07-14 23:00:00+00:00,3012.34,3013.55,3006.3,3008.6,16062.931
2025-07-14 23:15:00+00:00,3008.6,3009.05,3003.15,3005.98,20649.508
2025-07-14 23:30:00+00:00,3005.99,3012.98,3004.91,3009.7,16436.979
2025-07-14 23:45:00+00:00,3009.7,3013.92,3008.6,3012.26,13153.493
2025-07-15 00:00:00+00:00,3012.26,3012.59,3004.5,3005.07,20684.868
2025-07-15 00:15:00+00:00,3005.07,3022.5,3004.04,3017.64,33923.438
2025-07-15 00:30:00+00:00,3017.64,3017.64,2991.39,2995.95,64707.443
2025-07-15 00:45:00+00:00,2995.96,3000.0,2987.17,2991.78,47840.324
2025-07-15 01:00:00+00:00,2991.78,2992.04,2981.0,2984.28,57404.469
2025-07-15 01:15:00+00:00,2984.27,2990.68,2961.64,2976.44,156175.414
2025-07-15 01:30:00+00:00,2976.43,2995.87,2973.62,2994.33,70442.488
2025-07-15 01:45:00+00:00,2994.33,2999.53,2969.39,2975.63,81398.285
2025-07-15 02:00:00+00:00,2975.63,2985.82,2969.5,2978.35,49886.527
2025-07-15 02:15:00+00:00,2978.35,2979.41,2951.01,2961.75,181194.236
2025-07-15 02:30:00+00:00,2961.75,2975.2,2961.0,2974.39,65035.892
2025-07-15 02:45:00+00:00,2974.39,2978.38,2969.59,2973.32,45654.351
2025-07-15 03:00:00+00:00,2973.31,2973.31,2930.99,2945.44,252428.172
2025-07-15 03:15:00+00:00,2945.45,2951.4,2931.28,2948.44,140185.302
2025-07-15 03:30:00+00:00,2948.43,2954.55,2934.01,2951.36,110660.762
2025-07-15 03:45:00+00:00,2951.36,2955.5,2942.43,2950.9,62805.695
2025-07-15 04:00:00+00:00,2950.9,2953.0,2933.22,2952.68,77440.155
2025-07-15 04:15:00+00:00,2952.68,2966.95,2952.17,2964.7,110504.285
2025-07-15 04:30:00+00:00,2964.71,2967.6,2951.02,2965.56,68976.399
2025-07-15 04:45:00+00:00,2965.56,2971.85,2962.85,2967.25,57513.896
2025-07-15 05:00:00+00:00,2967.25,2971.99,2966.76,2968.02,57132.884
2025-07-15 05:15:00+00:00,2968.01,2972.0,2962.5,2971.02,32637.893
2025-07-15 05:30:00+00:00,2971.02,2973.36,2962.96,2965.01,35949.508
2025-07-15 05:45:00+00:00,2965.0,2973.69,2961.54,2973.45,22880.149
2025-07-15 06:00:00+00:00,2973.44,2992.09,2971.42,2982.62,119493.931
2025-07-15 06:15:00+00:00,2982.63,2984.0,2973.0,2977.2,44825.967
2025-07-15 06:30:00+00:00,2977.2,2979.54,2969.02,2977.4,33532.084
2025-07-15 06:45:00+00:00,2977.39,2986.82,2973.9,2984.68,33817.58
2025-07-15 07:00:00+00:00,2984.68,2994.34,2981.1,2983.37,92282.261
2025-07-15 07:15:00+00:00,2983.36,2990.87,2980.02,2987.24,29714.768
2025-07-15 07:30:00+00:00,2987.24,2987.85,2976.53,2977.18,44988.777
2025-07-15 07:45:00+00:00,2977.19,2982.54,2971.81,2976.35,51194.717
2025-07-15 08:00:00+00:00,2976.36,2977.63,2966.23,2968.0,47892.368
2025-07-15 08:15:00+00:00,2968.0,2975.68,2958.0,2974.15,78204.26
2025-07-15 08:30:00+00:00,2974.15,2983.0,2970.0,2979.99,39972.534
2025-07-15 08:45:00+00:00,2979.99,2982.71,2971.42,2973.33,24018.069
2025-07-15 09:00:00+00:00,2973.32,2985.99,2972.55,2985.13,29620.738
2025-07-15 09:15:00+00:00,2985.14,2988.4,2977.94,2980.0,32601.453
2025-07-15 09:30:00+00:00,2980.0,2982.56,2975.55,2975.76,14397.005
2025-07-15 09:45:00+00:00,2975.76,2977.73,2968.72,2971.65,26931.716
2025-07-15 10:00:00+00:00,2971.66,2977.74,2969.62,2971.45,18218.113
2025-07-15 10:15:00+00:00,2971.46,2979.36,2971.02,2975.07,18893.492
2025-07-15 10:30:00+00:00,2975.07,2975.38,2966.03,2969.08,27922.095
2025-07-15 10:45:00+00:00,2969.08,2975.0,2966.03,2973.1,22614.091
2025-07-15 11:00:00+00:00,2973.1,2980.43,2971.15,2973.07,22980.072
2025-07-15 11:15:00+00:00,2973.07,2973.08,2960.51,2965.34,57028.934
2025-07-15 11:30:00+00:00,2965.34,2969.78,2961.03,2969.01,27820.757
2025-07-15 11:45:00+00:00,2969.01,2982.0,2965.54,2980.17,40047.15
2025-07-15 12:00:00+00:00,2980.16,2984.37,2976.3,2980.69,38743.675
2025-07-15 12:15:00+00:00,2980.69,2982.0,2971.48,2980.22,61579.156
2025-07-15 12:30:00+00:00,2980.21,3014.16,2966.41,2975.24,332521.927
2025-07-15 12:45:00+00:00,2975.24,3004.21,2975.0,2999.39,140742.608
2025-07-15 13:00:00+00:00,2999.4,3023.93,2998.8,3019.56,186055.795
2025-07-15 13:15:00+00:00,3019.57,3033.95,3015.0,3030.0,137582.954
2025-07-15 13:30:00+00:00,3030.01,3040.5,3019.0,3038.11,151138.054
2025-07-15 13:45:00+00:00,3038.11,3066.6,3037.07,3050.52,310002.376
2025-07-15 14:00:00+00:00,3050.53,3063.17,3043.91,3061.6,116797.761
2025-07-15 14:15:00+00:00,3061.59,3062.0,3040.9,3046.66,107601.15
2025-07-15 14:30:00+00:00,3046.66,3049.39,3005.0,3015.21,235077.484
2025-07-15 14:45:00+00:00,3015.2,3019.8,2965.78,2976.9,376897.857
2025-07-15 15:00:00+00:00,2976.91,2999.91,2966.27,2989.0,207254.569
2025-07-15 15:15:00+00:00,2989.01,3002.0,2982.55,2997.43,99364.928
2025-07-15 15:30:00+00:00,2997.43,3032.95,2997.43,3024.56,178664.576
2025-07-15 15:45:00+00:00,3024.57,3046.73,3024.56,3039.0,181728.322
2025-07-15 16:00:00+00:00,3038.99,3056.42,3033.03,3046.67,159783.294
2025-07-15 16:15:00+00:00,3046.66,3053.25,3038.14,3042.49,103806.498
2025-07-15 16:30:00+00:00,3042.49,3063.25,3042.02,3060.01,105956.745
2025-07-15 16:45:00+00:00,3060.0,3066.58,3042.49,3047.86,116833.987
2025-07-15 17:00:00+00:00,3047.85,3054.87,3035.67,3046.46,79975.709
2025-07-15 17:15:00+00:00,3046.45,3078.38,3041.0,3074.61,122713.295
2025-07-15 17:30:00+00:00,3074.6,3088.88,3063.66,3087.57,149304.924
2025-07-15 17:45:00+00:00,3087.57,3098.0,3082.34,3096.41,137111.118
2025-07-15 18:00:00+00:00,3096.4,3097.2,3079.35,3089.94,97633.073
2025-07-15 18:15:00+00:00,3089.93,3096.0,3072.09,3078.49,97116.604
2025-07-15 18:30:00+00:00,3078.49,3080.59,3041.01,3057.41,274764.777
2025-07-15 18:45:00+00:00,3057.41,3076.94,3057.39,3065.53,100634.173
2025-07-15 19:00:00+00:00,3065.53,3086.24,3061.96,3081.24,78943.29
2025-07-15 19:15:00+00:00,3081.24,3083.32,3070.77,3070.8,55971.058
2025-07-15 19:30:00+00:00,3070.81,3074.55,3044.1,3046.84,109515.799
2025-07-15 19:45:00+00:00,3046.84,3051.44,3033.33,3040.87,154329.129
2025-07-15 20:00:00+00:00,3040.86,3050.05,3029.37,3046.9,86116.729
2025-07-15 20:15:00+00:00,3046.89,3051.55,3037.63,3046.66,47987.028
2025-07-15 20:30:00+00:00,3046.66,3052.0,3039.0,3048.66,30502.834
2025-07-15 20:45:00+00:00,3048.66,3051.18,3040.62,3041.06,20889.591
2025-07-15 21:00:00+00:00,3041.05,3061.89,3040.24,3060.01,38268.76
2025-07-15 21:15:00+00:00,3060.0,3066.73,3054.75,3061.74,38788.325
2025-07-15 21:30:00+00:00,3061.75,3083.12,3058.65,3078.97,60723.439
2025-07-15 21:45:00+00:00,3078.97,3085.0,3073.01,3080.5,44976.71
2025-07-15 22:00:00+00:00,3080.5,3082.63,3067.33,3072.51,44555.877
2025-07-15 22:15:00+00:00,3072.5,3083.42,3071.7,3077.96,19376.68
2025-07-15 22:30:00+00:00,3077.96,3089.45,3070.7,3087.13,35894.888
2025-07-15 22:45:00+00:00,3087.14,3094.5,3081.92,3093.34,43753.527
2025-07-15 23:00:00+00:00,3093.35,3140.89,3093.34,3123.22,276518.048
2025-07-15 23:15:00+00:00,3123.21,3136.5,3120.99,3129.33,70256.988
2025-07-15 23:30:00+00:00,3129.33,3137.69,3120.47,3134.6,55534.345
2025-07-15 23:45:00+00:00,3134.61,3144.48,3130.07,3137.62,92896.336
2025-07-16 00:00:00+00:00,3137.62,3139.94,3117.2,3119.66,97235.902
2025-07-16 00:15:00+00:00,3119.66,3135.0,3117.69,3126.96,70543.88
2025-07-16 00:30:00+00:00,3126.96,3153.84,3126.07,3135.14,107659.637
2025-07-16 00:45:00+00:00,3135.15,3148.66,3130.25,3142.24,71524.599
2025-07-16 01:00:00+00:00,3142.24,3143.6,3130.33,3137.99,44552.684
2025-07-16 01:15:00+00:00,3137.99,3149.0,3135.0,3141.07,45824.996
2025-07-16 01:30:00+00:00,3141.06,3146.55,3135.56,3135.87,30315.388
2025-07-16 01:45:00+00:00,3135.87,3144.64,3132.19,3139.5,43710.183
2025-07-16 02:00:00+00:00,3139.5,3142.09,3126.15,3132.81,50861.132
2025-07-16 02:15:00+00:00,3132.81,3136.0,3113.0,3119.18,101189.373
2025-07-16 02:30:00+00:00,3119.18,3121.65,3106.54,3108.58,58175.64
2025-07-16 02:45:00+00:00,3108.57,3120.35,3108.44,3115.3,34892.48
2025-07-16 03:00:00+00:00,3115.29,3120.66,3102.58,3105.53,74583.597
2025-07-16 03:15:00+00:00,3105.53,3113.44,3105.28,3109.12,23583.111
2025-07-16 03:30:00+00:00,3109.12,3119.71,3108.73,3117.24,28756.961
2025-07-16 03:45:00+00:00,3117.24,3117.24,3109.45,3115.08,24619.08
2025-07-16 04:00:00+00:00,3115.07,3118.19,3099.6,3101.14,60614.135
2025-07-16 04:15:00+00:00,3101.14,3112.76,3101.14,3112.49,24388.949
2025-07-16 04:30:00+00:00,3112.49,3124.05,3109.47,3119.98,48044.579
2025-07-16 04:45:00+00:00,3119.98,3130.9,3115.12,3127.82,62199.663
2025-07-16 05:00:00+00:00,3127.82,3147.53,3127.44,3137.93,134485.907
2025-07-16 05:15:00+00:00,3137.92,3145.68,3133.99,3136.32,48570.819
2025-07-16 05:30:00+00:00,3136.32,3147.73,3136.02,3144.06,41716.047
2025-07-16 05:45:00+00:00,3144.06,3151.92,3140.16,3141.89,54388.92
2025-07-16 06:00:00+00:00,3141.88,3144.61,3131.26,3131.65,59030.454
2025-07-16 06:15:00+00:00,3131.66,3158.0,3131.66,3151.47,91360.607
2025-07-16 06:30:00+00:00,3151.47,3157.5,3145.0,3154.54,56987.609
2025-07-16 06:45:00+00:00,3154.54,3166.5,3152.04,3164.0,90801.964
2025-07-16 07:00:00+00:00,3163.99,3169.0,3153.41,3155.68,85242.389
2025-07-16 07:15:00+00:00,3155.68,3165.16,3155.34,3161.75,37848.634
2025-07-16 07:30:00+00:00,3161.74,3174.0,3159.3,3165.59,80304.882
2025-07-16 07:45:00+00:00,3165.59,3169.32,3158.98,3160.55,54206.835
2025-07-16 08:00:00+00:00,3160.55,3165.79,3157.05,3159.26,51558.536
2025-07-16 08:15:00+00:00,3159.26,3165.42,3157.78,3160.95,36044.865
2025-07-16 08:30:00+00:00,3160.95,3172.96,3160.2,3166.49,50079.052
2025-07-16 08:45:00+00:00,3166.48,3166.49,3159.2,3163.61,24404.353
2025-07-16 09:00:00+00:00,3163.62,3171.18,3160.0,3169.61,35038.977
2025-07-16 09:15:00+00:00,3169.61,3170.68,3159.36,3162.57,44565.811
2025-07-16 09:30:00+00:00,3162.58,3166.62,3147.15,3150.99,87398.938
2025-07-16 09:45:00+00:00,3151.0,3161.55,3147.0,3161.52,53662.355
2025-07-16 10:00:00+00:00,3161.52,3162.0,3151.1,3154.37,30653.506
2025-07-16 10:15:00+00:00,3154.37,3157.83,3150.62,3151.94,21571.15
2025-07-16 10:30:00+00:00,3151.94,3156.0,3146.32,3148.31,46780.224
2025-07-16 10:45:00+00:00,3148.3,3154.29,3143.15,3143.49,37309.259
2025-07-16 11:00:00+00:00,3143.5,3150.0,3143.0,3148.39,35830.103
2025-07-16 11:15:00+00:00,3148.38,3156.77,3144.0,3155.49,34845.516
2025-07-16 11:30:00+00:00,3155.48,3157.86,3150.29,3153.39,27891.895
2025-07-16 11:45:00+00:00,3153.39,3157.29,3145.3,3149.9,20565.859
2025-07-16 12:00:00+00:00,3149.9,3156.69,3146.26,3151.21,27983.601
2025-07-16 12:15:00+00:00,3151.2,3162.28,3150.43,3161.7,26157.502
2025-07-16 12:30:00+00:00,3161.69,3173.29,3153.0,3171.47,103722.43
2025-07-16 12:45:00+00:00,3171.47,3180.0,3162.56,3163.82,80995.043
2025-07-16 13:00:00+00:00,3163.82,3188.69,3157.83,3179.28,148734.483
2025-07-16 13:15:00+00:00,3179.28,3179.81,3168.95,3171.42,63234.161
2025-07-16 13:30:00+00:00,3171.41,3184.0,3165.2,3172.97,116625.96
2025-07-16 13:45:00+00:00,3172.96,3197.55,3169.87,3194.39,183251.749
2025-07-16 14:00:00+00:00,3194.37,3204.78,3178.0,3178.59,210997.882
2025-07-16 14:15:00+00:00,3178.59,3198.27,3177.88,3195.0,87251.707
2025-07-16 14:30:00+00:00,3195.0,3244.58,3192.9,3234.34,469214.174
2025-07-16 14:45:00+00:00,3234.34,3265.88,3232.75,3250.7,353450.615
2025-07-16 15:00:00+00:00,3250.71,3261.59,3240.11,3243.73,165814.26
2025-07-16 15:15:00+00:00,3243.72,3249.98,3217.0,3245.88,281854.186
2025-07-16 15:30:00+00:00,3245.88,3246.4,3205.95,3231.0,214639.842
2025-07-16 15:45:00+00:00,3230.99,3246.8,3223.54,3243.4,133184.22
2025-07-16 16:00:00+00:00,3243.41,3245.99,3233.58,3245.47,89624.902
2025-07-16 16:15:00+00:00,3245.47,3275.2,3239.03,3262.41,128663.551
2025-07-16 16:30:00+00:00,3262.41,3287.87,3254.02,3275.17,211613.063
2025-07-16 16:45:00+00:00,3275.18,3293.95,3268.66,3284.43,159243.033
2025-07-16 17:00:00+00:00,3284.43,3295.5,3280.0,3284.6,151584.285
2025-07-16 17:15:00+00:00,3284.6,3296.54,3277.0,3284.99,120108.829
2025-07-16 17:30:00+00:00,3285.0,3288.54,3272.3,3286.61,82104.807
2025-07-16 17:45:00+00:00,3286.61,3324.05,3283.68,3316.14,306916.661
2025-07-16 18:00:00+00:00,3316.13,3360.0,3313.0,3336.96,345830.725
2025-07-16 18:15:00+00:00,3336.95,3354.33,3332.44,3342.73,104865.932
2025-07-16 18:30:00+00:00,3342.73,3374.75,3342.25,3354.2,200340.736
2025-07-16 18:45:00+00:00,3354.19,3354.7,3328.0,3335.21,150082.477
2025-07-16 19:00:00+00:00,3335.21,3349.66,3334.17,3345.92,79043.905
2025-07-16 19:15:00+00:00,3345.93,3367.0,3345.15,3359.12,110899.419
2025-07-16 19:30:00+00:00,3359.12,3377.95,3345.55,3360.39,146639.257
2025-07-16 19:45:00+00:00,3360.39,3384.9,3354.55,3382.52,125535.482
2025-07-16 20:00:00+00:00,3382.5,3409.0,3373.49,3390.3,324250.199
2025-07-16 20:15:00+00:00,3390.3,3423.47,3388.08,3412.97,254894.276
2025-07-16 20:30:00+00:00,3412.97,3416.44,3390.0,3401.7,138837.69
2025-07-16 20:45:00+00:00,3401.69,3401.69,3364.25,3379.32,156674.024
2025-07-16 21:00:00+00:00,3379.33,3390.0,3370.6,3379.33,81845.716
2025-07-16 21:15:00+00:00,3379.32,3399.0,3375.8,3392.82,62816.524
2025-07-16 21:30:00+00:00,3392.82,3392.82,3342.24,3367.96,158404.591
2025-07-16 21:45:00+00:00,3367.96,3382.52,3367.96,3373.32,38677.753
2025-07-16 22:00:00+00:00,3373.31,3389.35,3373.31,3383.2,47033.267
2025-07-16 22:15:00+00:00,3383.21,3387.32,3372.06,3374.03,41917.309
2025-07-16 22:30:00+00:00,3374.03,3375.43,3350.11,3362.55,87712.513
2025-07-16 22:45:00+00:00,3362.56,3363.84,3348.8,3362.32,64721.392
2025-07-16 23:00:00+00:00,3362.32,3364.84,3349.19,3359.05,39848.774
2025-07-16 23:15:00+00:00,3359.05,3372.83,3345.07,3366.14,73019.468
2025-07-16 23:30:00+00:00,3366.14,3367.5,3352.68,3367.49,40011.116
2025-07-16 23:45:00+00:00,3367.5,3374.64,3362.92,3370.55,36990.741
2025-07-17 00:00:00+00:00,3370.54,3383.63,3366.35,3373.4,66871.777
2025-07-17 00:15:00+00:00,3373.4,3398.56,3373.0,3382.0,74307.08
2025-07-17 00:30:00+00:00,3382.0,3391.54,3374.12,3386.89,51165.955
2025-07-17 00:45:00+00:00,3386.88,3397.2,3375.5,3375.5,57345.923
2025-07-17 01:00:00+00:00,3375.5,3395.0,3373.75,3394.99,47084.743
2025-07-17 01:15:00+00:00,3394.99,3395.28,3365.07,3373.39,70735.237
2025-07-17 01:30:00+00:00,3373.39,3373.5,3340.13,3347.66,121335.129
2025-07-17 01:45:00+00:00,3347.67,3348.57,3311.0,3337.84,214152.348
2025-07-17 02:00:00+00:00,3337.84,3353.89,3332.3,3347.15,74680.826
2025-07-17 02:15:00+00:00,3347.13,3361.68,3345.0,3356.94,50650.395
2025-07-17 02:30:00+00:00,3356.94,3362.1,3347.78,3349.7,35927.664
2025-07-17 02:45:00+00:00,3349.69,3354.55,3335.0,3348.59,48656.914
2025-07-17 03:00:00+00:00,3348.59,3349.74,3330.85,3332.52,36020.014
2025-07-17 03:15:00+00:00,3332.51,3341.0,3317.57,3321.1,71632.832
2025-07-17 03:30:00+00:00,3321.1,3329.71,3313.01,3327.73,57276.219
2025-07-17 03:45:00+00:00,3327.73,3337.43,3320.1,3330.04,52643.017
2025-07-17 04:00:00+00:00,3330.03,3339.21,3320.03,3335.54,43799.785
2025-07-17 04:15:00+00:00,3335.55,3342.88,3332.31,3337.98,33910.616
2025-07-17 04:30:00+00:00,3337.97,3346.37,3337.97,3343.02,40851.389
2025-07-17 04:45:00+00:00,3343.02,3351.43,3341.37,3350.07,35461.188
2025-07-17 05:00:00+00:00,3350.07,3350.07,3337.09,3341.59,32279.15
2025-07-17 05:15:00+00:00,3341.58,3354.8,3341.14,3354.01,27658.816
2025-07-17 05:30:00+00:00,3354.01,3368.15,3348.6,3364.82,73392.357
2025-07-17 05:45:00+00:00,3364.81,3378.02,3360.54,3373.24,83080.616
2025-07-17 06:00:00+00:00,3373.25,3383.0,3370.12,3373.0,67723.094
2025-07-17 06:15:00+00:00,3373.0,3433.0,3362.65,3424.61,362271.752
2025-07-17 06:30:00+00:00,3424.61,3446.5,3422.84,3431.62,176115.053
2025-07-17 06:45:00+00:00,3431.62,3443.0,3426.0,3441.11,88435.869
2025-07-17 07:00:00+00:00,3441.12,3441.47,3408.0,3417.28,183869.145
2025-07-17 07:15:00+00:00,3417.28,3429.99,3412.92,3421.96,56711.227
2025-07-17 07:30:00+00:00,3421.97,3472.2,3421.97,3459.62,217958.65
2025-07-17 07:45:00+00:00,3459.61,3460.56,3445.66,3448.37,85084.07
2025-07-17 08:00:00+00:00,3448.37,3450.82,3436.0,3446.6,88841.058
2025-07-17 08:15:00+00:00,3446.59,3446.59,3428.85,3433.81,65813.561
2025-07-17 08:30:00+00:00,3433.8,3438.26,3426.0,3436.6,68236.381
2025-07-17 08:45:00+00:00,3436.6,3450.92,3425.57,3448.5,72472.161
2025-07-17 09:00:00+00:00,3448.51,3464.95,3439.66,3456.0,107043.021
2025-07-17 09:15:00+00:00,3456.0,3479.97,3450.0,3473.39,113430.693
2025-07-17 09:30:00+00:00,3473.39,3476.85,3462.09,3473.88,90664.443
2025-07-17 09:45:00+00:00,3473.88,3478.74,3465.14,3465.65,87480.052
2025-07-17 10:00:00+00:00,3465.65,3469.39,3448.73,3465.77,136363.171
2025-07-17 10:15:00+00:00,3465.77,3473.83,3463.54,3469.29,57431.538
2025-07-17 10:30:00+00:00,3469.29,3482.62,3453.14,3456.85,107062.334
2025-07-17 10:45:00+00:00,3456.85,3467.22,3455.5,3458.71,55067.659
2025-07-17 11:00:00+00:00,3458.72,3459.39,3445.56,3458.21,66614.929
2025-07-17 11:15:00+00:00,3458.21,3461.52,3437.0,3443.12,87128.126
2025-07-17 11:30:00+00:00,3443.12,3445.26,3431.0,3437.14,89202.322
2025-07-17 11:45:00+00:00,3437.15,3442.6,3431.01,3434.69,41101.012
2025-07-17 12:00:00+00:00,3434.68,3441.21,3413.33,3430.72,136780.057
2025-07-17 12:15:00+00:00,3430.72,3437.15,3417.15,3417.15,68058.414
2025-07-17 12:30:00+00:00,3417.16,3439.66,3413.62,3437.52,96733.835
2025-07-17 12:45:00+00:00,3437.49,3439.88,3426.58,3426.58,56972.174
2025-07-17 13:00:00+00:00,3426.58,3433.09,3417.0,3421.75,63981.461
2025-07-17 13:15:00+00:00,3421.76,3427.21,3412.0,3423.7,63392.895
2025-07-17 13:30:00+00:00,3423.7,3425.33,3381.01,3381.62,215130.865
2025-07-17 13:45:00+00:00,3381.61,3409.92,3362.0,3401.16,314181.95
2025-07-17 14:00:00+00:00,3401.17,3422.88,3401.08,3415.81,123998.068
2025-07-17 14:15:00+00:00,3415.82,3422.27,3402.5,3418.15,76438.633
2025-07-17 14:30:00+00:00,3418.15,3435.24,3415.0,3422.98,94445.7
2025-07-17 14:45:00+00:00,3422.98,3433.79,3422.77,3426.72,46095.773
2025-07-17 15:00:00+00:00,3426.72,3433.4,3400.72,3402.16,122112.654
2025-07-17 15:15:00+00:00,3402.15,3420.0,3387.12,3414.01,111597.341
2025-07-17 15:30:00+00:00,3414.01,3425.0,3413.29,3424.31,51275.548
2025-07-17 15:45:00+00:00,3424.32,3430.78,3410.46,3420.07,66970.012
2025-07-17 16:00:00+00:00,3420.06,3427.73,3399.31,3406.65,79263.508
2025-07-17 16:15:00+00:00,3406.66,3407.11,3378.69,3387.77,101556.409
2025-07-17 16:30:00+00:00,3387.59,3414.09,3365.01,3397.41,263961.999
2025-07-17 16:45:00+00:00,3397.41,3401.93,3377.33,3394.59,103159.519
2025-07-17 17:00:00+00:00,3394.59,3406.0,3388.49,3405.6,56438.365
2025-07-17 17:15:00+00:00,3405.6,3412.42,3396.03,3400.47,53301.062
2025-07-17 17:30:00+00:00,3400.48,3406.74,3391.02,3406.44,39034.352
2025-07-17 17:45:00+00:00,3406.44,3429.0,3402.11,3423.8,88079.002
2025-07-17 18:00:00+00:00,3423.8,3433.0,3417.36,3422.87,74936.263
2025-07-17 18:15:00+00:00,3422.86,3437.35,3419.17,3430.01,46633.074
2025-07-17 18:30:00+00:00,3430.0,3442.6,3424.48,3426.55,58816.358
2025-07-17 18:45:00+00:00,3426.54,3429.49,3419.58,3426.41,33284.963
2025-07-17 19:00:00+00:00,3426.4,3442.45,3426.4,3441.21,46046.341
2025-07-17 19:15:00+00:00,3441.21,3449.0,3438.04,3440.98,58200.999
2025-07-17 19:30:00+00:00,3440.99,3454.0,3436.67,3441.57,68551.572
2025-07-17 19:45:00+00:00,3441.57,3441.69,3402.2,3410.77,143194.07
2025-07-17 20:00:00+00:00,3410.77,3413.3,3373.39,3391.79,171551.104
2025-07-17 20:15:00+00:00,3391.8,3406.84,3370.66,3399.85,118150.532
2025-07-17 20:30:00+00:00,3399.85,3415.71,3396.79,3404.52,66972.777
2025-07-17 20:45:00+00:00,3404.44,3419.72,3400.51,3419.52,44768.154
2025-07-17 21:00:00+00:00,3419.52,3488.0,3415.81,3484.57,243528.081
2025-07-17 21:15:00+00:00,3484.56,3501.87,3465.16,3480.62,213860.875
2025-07-17 21:30:00+00:00,3480.63,3481.98,3441.08,3465.2,124728.906
2025-07-17 21:45:00+00:00,3465.2,3482.63,3462.0,3467.44,77327.694
2025-07-17 22:00:00+00:00,3467.44,3488.06,3461.77,3486.35,61613.317
2025-07-17 22:15:00+00:00,3486.35,3494.0,3470.84,3477.51,57886.75
2025-07-17 22:30:00+00:00,3477.51,3484.98,3471.05,3476.88,28394.689
2025-07-17 22:45:00+00:00,3476.87,3492.41,3450.72,3465.75,100410.705
2025-07-17 23:00:00+00:00,3465.75,3489.9,3460.53,3486.39,52772.73
2025-07-17 23:15:00+00:00,3486.38,3524.0,3486.0,3511.57,210475.234
2025-07-17 23:30:00+00:00,3511.57,3511.91,3474.22,3477.4,118542.069
2025-07-17 23:45:00+00:00,3477.4,3485.09,3472.2,3476.65,44868.135
2025-07-18 00:00:00+00:00,3476.66,3482.89,3458.0,3469.54,60190.845
2025-07-18 00:15:00+00:00,3469.53,3481.33,3465.45,3478.32,44474.838
2025-07-18 00:30:00+00:00,3478.32,3516.36,3478.32,3516.02,80346.406
2025-07-18 00:45:00+00:00,3516.02,3540.0,3512.73,3537.37,195057.199
2025-07-18 01:00:00+00:00,3537.37,3585.12,3524.49,3575.19,232407.113
2025-07-18 01:15:00+00:00,3575.19,3589.0,3562.4,3577.42,228811.6
2025-07-18 01:30:00+00:00,3577.41,3622.0,3568.38,3604.01,263988.453
2025-07-18 01:45:00+00:00,3604.01,3628.66,3594.01,3615.56,175958.034
2025-07-18 02:00:00+00:00,3615.56,3618.89,3588.99,3606.19,160933.728
2025-07-18 02:15:00+00:00,3606.19,3616.9,3595.0,3612.0,89021.816
2025-07-18 02:30:00+00:00,3612.01,3628.99,3598.41,3600.0,125648.759
2025-07-18 02:45:00+00:00,3600.0,3609.54,3589.29,3602.4,87859.158
2025-07-18 03:00:00+00:00,3602.4,3605.38,3588.0,3593.81,75416.074
2025-07-18 03:15:00+00:00,3593.8,3596.41,3584.45,3593.0,57860.386
2025-07-18 03:30:00+00:00,3592.99,3607.75,3591.26,3606.59,38107.774
2025-07-18 03:45:00+00:00,3606.76,3607.19,3592.35,3596.83,40531.506
2025-07-18 04:00:00+00:00,3596.82,3597.47,3576.0,3583.39,92855.587
2025-07-18 04:15:00+00:00,3583.39,3593.78,3578.08,3593.68,50740.272
2025-07-18 04:30:00+00:00,3593.68,3619.16,3590.84,3612.48,121655.181
2025-07-18 04:45:00+00:00,3612.48,3621.33,3606.71,3619.27,55499.202
2025-07-18 05:00:00+00:00,3619.27,3647.68,3615.32,3630.56,233220.197
2025-07-18 05:15:00+00:00,3630.55,3646.0,3628.37,3641.67,103846.405
2025-07-18 05:30:00+00:00,3641.67,3656.0,3632.81,3649.0,135497.423
2025-07-18 05:45:00+00:00,3649.0,3674.43,3645.05,3670.04,160106.747
2025-07-18 06:00:00+00:00,3670.04,3670.31,3640.0,3651.61,137169.291
2025-07-18 06:15:00+00:00,3651.6,3653.9,3640.5,3644.98,49076.848
2025-07-18 06:30:00+00:00,3644.98,3656.85,3643.04,3652.34,71226.51
2025-07-18 06:45:00+00:00,3652.33,3663.78,3648.59,3650.2,51643.662
2025-07-18 07:00:00+00:00,3650.21,3669.86,3630.33,3639.98,112524.016
2025-07-18 07:15:00+00:00,3639.99,3654.0,3627.76,3647.08,116046.463
2025-07-18 07:30:00+00:00,3647.07,3649.35,3624.05,3631.22,103036.984
2025-07-18 07:45:00+00:00,3631.22,3631.6,3605.15,3607.1,171095.665
2025-07-18 08:00:00+00:00,3607.11,3627.52,3606.3,3616.66,80060.204
2025-07-18 08:15:00+00:00,3616.66,3631.0,3615.17,3626.12,51006.784
2025-07-18 08:30:00+00:00,3626.12,3626.12,3586.67,3587.21,162563.573
2025-07-18 08:45:00+00:00,3587.22,3614.64,3584.0,3606.35,81709.594
2025-07-18 09:00:00+00:00,3606.35,3614.42,3598.0,3613.6,67466.166
2025-07-18 09:15:00+00:00,3613.6,3618.0,3601.0,3603.01,55657.43
2025-07-18 09:30:00+00:00,3603.01,3618.01,3594.03,3613.01,59217.012
2025-07-18 09:45:00+00:00,3613.01,3626.37,3613.0,3622.75,66884.486
2025-07-18 10:00:00+00:00,3622.75,3625.35,3610.27,3619.05,36336.777
2025-07-18 10:15:00+00:00,3619.06,3622.29,3602.43,3615.36,42260.58
2025-07-18 10:30:00+00:00,3615.36,3622.26,3606.86,3612.71,34114.285
2025-07-18 10:45:00+00:00,3612.71,3623.58,3606.03,3619.5,38327.4
2025-07-18 11:00:00+00:00,3619.5,3626.73,3608.1,3608.73,52450.463
2025-07-18 11:15:00+00:00,3608.73,3611.91,3590.0,3598.53,79605.242
2025-07-18 11:30:00+00:00,3598.53,3617.9,3596.5,3616.35,58383.953
2025-07-18 11:45:00+00:00,3616.36,3621.38,3611.14,3612.0,33609.616
2025-07-18 12:00:00+00:00,3612.01,3619.92,3606.23,3606.74,35425.962
2025-07-18 12:15:00+00:00,3606.74,3611.2,3592.07,3596.13,59409.333
2025-07-18 12:30:00+00:00,3596.13,3616.77,3595.39,3612.69,61438.954
2025-07-18 12:45:00+00:00,3612.7,3640.93,3609.06,3639.21,90819.072
2025-07-18 13:00:00+00:00,3639.2,3654.99,3620.0,3635.63,163635.716
2025-07-18 13:15:00+00:00,3635.63,3637.28,3610.5,3623.1,96802.586
2025-07-18 13:30:00+00:00,3623.09,3649.0,3613.86,3638.88,120977.636
2025-07-18 13:45:00+00:00,3638.87,3659.99,3637.09,3640.34,123831.331
2025-07-18 14:00:00+00:00,3640.35,3673.72,3632.46,3665.0,179213.555
2025-07-18 14:15:00+00:00,3665.0,3666.01,3585.03,3598.1,412851.398
2025-07-18 14:30:00+00:00,3598.08,3606.28,3555.47,3577.04,370130.409
2025-07-18 14:45:00+00:00,3577.04,3605.65,3575.0,3586.0,190634.546
2025-07-18 15:00:00+00:00,3586.0,3589.88,3561.39,3566.24,147900.342
2025-07-18 15:15:00+00:00,3566.23,3573.9,3530.55,3544.51,295743.473
2025-07-18 15:30:00+00:00,3544.51,3559.96,3531.17,3546.28,118004.893
2025-07-18 15:45:00+00:00,3546.27,3569.66,3542.26,3564.7,91740.498
2025-07-18 16:00:00+00:00,3564.7,3581.42,3556.08,3556.53,101459.264
2025-07-18 16:15:00+00:00,3556.52,3577.99,3548.79,3573.51,80407.192
2025-07-18 16:30:00+00:00,3573.5,3588.0,3561.2,3583.61,83796.624
2025-07-18 16:45:00+00:00,3583.6,3589.71,3566.71,3573.49,64384.522
2025-07-18 17:00:00+00:00,3573.5,3583.0,3566.72,3576.44,52579.504
2025-07-18 17:15:00+00:00,3576.44,3615.97,3576.42,3612.04,102910.199
2025-07-18 17:30:00+00:00,3612.04,3624.71,3595.12,3600.27,108458.316
2025-07-18 17:45:00+00:00,3600.26,3604.32,3585.46,3599.91,57406.574
2025-07-18 18:00:00+00:00,3599.92,3603.84,3578.4,3579.77,51161.29
2025-07-18 18:15:00+00:00,3579.76,3607.05,3564.49,3606.34,75259.898
2025-07-18 18:30:00+00:00,3606.34,3606.84,3585.67,3590.91,44213.999
2025-07-18 18:45:00+00:00,3590.91,3592.81,3567.0,3572.0,51802.997
2025-07-18 19:00:00+00:00,3572.0,3574.94,3536.23,3550.39,149250.821
2025-07-18 19:15:00+00:00,3550.4,3582.66,3550.39,3575.12,87413.147
2025-07-18 19:30:00+00:00,3575.12,3582.0,3559.17,3562.74,56335.323
2025-07-18 19:45:00+00:00,3562.74,3564.73,3541.14,3551.21,71741.705
2025-07-18 20:00:00+00:00,3551.21,3555.0,3505.15,3529.8,191161.178
2025-07-18 20:15:00+00:00,3529.81,3535.98,3485.0,3492.26,224232.315
2025-07-18 20:30:00+00:00,3492.26,3505.78,3476.1,3500.29,171777.082
2025-07-18 20:45:00+00:00,3500.29,3528.07,3498.0,3516.36,123491.475
2025-07-18 21:00:00+00:00,3516.35,3546.11,3514.08,3544.9,92931.647
2025-07-18 21:15:00+00:00,3544.89,3557.85,3535.7,3551.96,71136.821
2025-07-18 21:30:00+00:00,3551.96,3562.13,3549.24,3555.41,33574.412
2025-07-18 21:45:00+00:00,3555.41,3572.0,3550.7,3553.73,62863.838
2025-07-18 22:00:00+00:00,3553.73,3556.0,3531.1,3542.41,84826.948
2025-07-18 22:15:00+00:00,3542.41,3578.0,3536.46,3571.0,74889.486
2025-07-18 22:30:00+00:00,3571.01,3574.45,3556.71,3557.19,35199.609
2025-07-18 22:45:00+00:00,3557.17,3560.5,3532.76,3538.18,57284.812
2025-07-18 23:00:00+00:00,3538.18,3540.88,3504.9,3526.21,81062.688
2025-07-18 23:15:00+00:00,3526.21,3544.5,3525.64,3529.02,57248.69
2025-07-18 23:30:00+00:00,3529.03,3540.43,3528.25,3535.97,27957.602
2025-07-18 23:45:00+00:00,3535.97,3550.87,3534.91,3546.36,31922.472
2025-07-19 00:00:00+00:00,3546.36,3552.72,3542.89,3552.12,30770.27
2025-07-19 00:15:00+00:00,3552.13,3557.5,3548.58,3554.47,25373.489
2025-07-19 00:30:00+00:00,3554.47,3564.84,3535.88,3544.6,56968.307
2025-07-19 00:45:00+00:00,3544.61,3546.51,3521.03,3521.63,50761.788
2025-07-19 01:00:00+00:00,3521.63,3526.0,3505.0,3520.59,68452.731
2025-07-19 01:15:00+00:00,3520.58,3538.22,3518.73,3536.77,43632.15
2025-07-19 01:30:00+00:00,3536.76,3550.79,3531.86,3547.6,27727.131
2025-07-19 01:45:00+00:00,3547.61,3551.84,3540.7,3544.88,19250.803
2025-07-19 02:00:00+00:00,3544.88,3547.32,3533.42,3541.26,25565.019
2025-07-19 02:15:00+00:00,3541.26,3559.7,3534.03,3550.74,42857.221
2025-07-19 02:30:00+00:00,3550.75,3570.0,3550.23,3565.92,45733.68
2025-07-19 02:45:00+00:00,3565.91,3576.3,3565.91,3568.92,42715.168
2025-07-19 03:00:00+00:00,3568.91,3584.88,3565.66,3584.53,62989.958
2025-07-19 03:15:00+00:00,3584.53,3590.0,3578.02,3586.34,42248.705
2025-07-19 03:30:00+00:00,3586.34,3598.0,3586.34,3594.04,64754.103
2025-07-19 03:45:00+00:00,3594.03,3594.96,3579.0,3591.74,58958.302
2025-07-19 04:00:00+00:00,3591.74,3608.0,3590.14,3598.45,75473.891
2025-07-19 04:15:00+00:00,3598.43,3599.99,3587.04,3590.24,36898.474
2025-07-19 04:30:00+00:00,3590.24,3595.88,3581.06,3586.92,35165.683
2025-07-19 04:45:00+00:00,3586.92,3592.59,3579.0,3589.22,31094.495
2025-07-19 05:00:00+00:00,3589.21,3592.0,3575.45,3580.37,33014.16
2025-07-19 05:15:00+00:00,3580.37,3586.43,3573.9,3581.85,27313.665
2025-07-19 05:30:00+00:00,3581.84,3594.96,3577.65,3591.95,35265.926
2025-07-19 05:45:00+00:00,3591.95,3592.37,3580.74,3584.82,15302.189
2025-07-19 06:00:00+00:00,3584.81,3586.0,3575.14,3575.23,20359.989
2025-07-19 06:15:00+00:00,3575.24,3578.99,3566.43,3566.94,43187.178
2025-07-19 06:30:00+00:00,3566.94,3577.77,3566.0,3568.58,24593.945
2025-07-19 06:45:00+00:00,3568.59,3575.28,3568.58,3570.2,14234.528
2025-07-19 07:00:00+00:00,3570.2,3586.22,3568.1,3577.53,41549.872
2025-07-19 07:15:00+00:00,3577.54,3583.74,3574.18,3575.46,14537.352
2025-07-19 07:30:00+00:00,3575.47,3575.47,3566.35,3568.48,24967.667
2025-07-19 07:45:00+00:00,3568.47,3574.75,3568.47,3570.54,12919.911
2025-07-19 08:00:00+00:00,3570.54,3577.77,3553.0,3556.24,67152.536
2025-07-19 08:15:00+00:00,3556.23,3563.23,3553.0,3560.48,43712.477
2025-07-19 08:30:00+00:00,3560.48,3561.0,3545.78,3553.38,51065.349
2025-07-19 08:45:00+00:00,3553.39,3560.49,3548.52,3553.51,27990.187
2025-07-19 09:00:00+00:00,3553.5,3561.31,3547.98,3551.45,19816.557
2025-07-19 09:15:00+00:00,3551.44,3561.71,3550.0,3558.01,18182.262
2025-07-19 09:30:00+00:00,3558.01,3568.76,3555.29,3561.8,30820.059
2025-07-19 09:45:00+00:00,3561.8,3565.0,3555.0,3557.36,14169.172
2025-07-19 10:00:00+00:00,3557.36,3558.68,3550.0,3551.5,17434.271
2025-07-19 10:15:00+00:00,3551.51,3560.0,3550.0,3558.21,17439.761
2025-07-19 10:30:00+00:00,3558.22,3568.0,3557.49,3565.06,27518.482
2025-07-19 10:45:00+00:00,3565.06,3567.19,3554.39,3556.75,16721.448
2025-07-19 11:00:00+00:00,3556.76,3566.88,3550.52,3551.15,31573.867
2025-07-19 11:15:00+00:00,3551.14,3577.16,3536.78,3572.51,116305.075
2025-07-19 11:30:00+00:00,3572.52,3573.29,3560.26,3562.94,32210.34
2025-07-19 11:45:00+00:00,3562.95,3563.51,3546.03,3551.9,43769.332
2025-07-19 12:00:00+00:00,3551.89,3555.0,3538.42,3542.0,44007.918
2025-07-19 12:15:00+00:00,3542.0,3557.5,3538.17,3548.12,36846.125
2025-07-19 12:30:00+00:00,3548.13,3555.19,3542.19,3551.31,23185.604
2025-07-19 12:45:00+00:00,3551.29,3564.5,3547.61,3561.13,36677.929
2025-07-19 13:00:00+00:00,3561.12,3565.93,3551.35,3562.66,24775.89
2025-07-19 13:15:00+00:00,3562.65,3566.7,3557.33,3563.54,25647.798
2025-07-19 13:30:00+00:00,3563.55,3572.0,3561.18,3565.67,27801.923
2025-07-19 13:45:00+00:00,3565.67,3565.67,3548.55,3557.82,42203.707
2025-07-19 14:00:00+00:00,3557.83,3560.59,3542.72,3544.16,44149.216
2025-07-19 14:15:00+00:00,3544.17,3552.82,3541.27,3543.92,37144.878
2025-07-19 14:30:00+00:00,3543.92,3550.83,3537.0,3547.72,66291.977
2025-07-19 14:45:00+00:00,3547.72,3550.5,3525.72,3531.0,64149.958
2025-07-19 15:00:00+00:00,3530.99,3546.76,3529.43,3541.72,45527.19
2025-07-19 15:15:00+00:00,3541.71,3556.42,3541.71,3555.15,51497.684
2025-07-19 15:30:00+00:00,3555.14,3562.93,3546.82,3561.38,38913.735
2025-07-19 15:45:00+00:00,3561.37,3561.5,3550.0,3551.36,24695.479
2025-07-19 16:00:00+00:00,3551.36,3552.85,3538.7,3538.71,41551.622
2025-07-19 16:15:00+00:00,3538.7,3567.97,3535.0,3563.06,64095.388
2025-07-19 16:30:00+00:00,3563.05,3568.73,3554.61,3567.56,40907.34
2025-07-19 16:45:00+00:00,3567.57,3569.9,3556.46,3559.49,27315.269
2025-07-19 17:00:00+00:00,3559.5,3561.14,3546.19,3547.78,32086.017
2025-07-19 17:15:00+00:00,3547.79,3552.9,3541.14,3546.74,24373.705
2025-07-19 17:30:00+00:00,3546.73,3548.58,3536.0,3539.68,34538.722
2025-07-19 17:45:00+00:00,3539.68,3547.91,3531.53,3542.12,31156.045
2025-07-19 18:00:00+00:00,3542.12,3553.86,3539.12,3551.37,22178.66
2025-07-19 18:15:00+00:00,3551.37,3558.65,3542.16,3553.97,28399.959
2025-07-19 18:30:00+00:00,3553.97,3561.63,3553.77,3556.47,20799.11
2025-07-19 18:45:00+00:00,3556.47,3559.3,3550.51,3552.37,19135.891
2025-07-19 19:00:00+00:00,3552.37,3555.24,3541.02,3550.37,38300.381
2025-07-19 19:15:00+00:00,3550.38,3563.62,3549.11,3562.49,28776.785
2025-07-19 19:30:00+00:00,3562.49,3582.6,3560.83,3577.69,55572.923
2025-07-19 19:45:00+00:00,3577.68,3579.11,3568.03,3577.13,40399.048
2025-07-19 20:00:00+00:00,3577.13,3593.45,3574.06,3580.11,65801.125
2025-07-19 20:15:00+00:00,3580.1,3583.53,3572.64,3582.44,20734.306
2025-07-19 20:30:00+00:00,3582.41,3583.0,3575.32,3576.24,10687.914
2025-07-19 20:45:00+00:00,3576.24,3582.4,3563.0,3563.27,34822.184
2025-07-19 21:00:00+00:00,3563.27,3570.7,3547.15,3550.72,47186.917
2025-07-19 21:15:00+00:00,3550.73,3559.35,3536.08,3557.77,73613.404
2025-07-19 21:30:00+00:00,3557.77,3558.16,3546.52,3557.09,17651.879
2025-07-19 21:45:00+00:00,3557.1,3573.33,3554.0,3570.53,25747.998
2025-07-19 22:00:00+00:00,3570.53,3581.24,3561.13,3577.89,32027.798
2025-07-19 22:15:00+00:00,3577.9,3590.0,3577.9,3583.76,39139.044
2025-07-19 22:30:00+00:00,3583.75,3584.14,3573.0,3578.97,23139.699
2025-07-19 22:45:00+00:00,3578.98,3583.33,3575.81,3575.83,12604.455
2025-07-19 23:00:00+00:00,3575.84,3582.99,3575.21,3580.56,14971.946
2025-07-19 23:15:00+00:00,3580.56,3581.46,3573.37,3579.63,13736.584
2025-07-19 23:30:00+00:00,3579.63,3598.0,3579.63,3595.38,46604.412
2025-07-19 23:45:00+00:00,3595.38,3596.24,3588.22,3591.31,19451.951
2025-07-20 00:00:00+00:00,3591.32,3593.05,3579.1,3583.32,32996.605
2025-07-20 00:15:00+00:00,3583.33,3597.28,3578.05,3579.99,34244.097
2025-07-20 00:30:00+00:00,3579.99,3594.64,3579.01,3585.5,19689.004
2025-07-20 00:45:00+00:00,3585.5,3595.67,3583.56,3590.28,30931.153
2025-07-20 01:00:00+00:00,3590.28,3617.14,3588.3,3605.31,81793.242
2025-07-20 01:15:00+00:00,3605.32,3626.0,3603.24,3607.72,86930.72
2025-07-20 01:30:00+00:00,3607.73,3613.55,3601.43,3611.27,42158.044
2025-07-20 01:45:00+00:00,3611.27,3618.72,3601.49,3604.12,27906.012
2025-07-20 02:00:00+00:00,3604.13,3611.99,3595.19,3608.11,38182.19
2025-07-20 02:15:00+00:00,3608.11,3611.63,3603.34,3605.96,17211.749
2025-07-20 02:30:00+00:00,3605.96,3623.43,3602.27,3616.18,39107.328
2025-07-20 02:45:00+00:00,3616.18,3623.39,3612.23,3615.21,21282.832
2025-07-20 03:00:00+00:00,3615.21,3623.57,3612.62,3613.14,28866.862
2025-07-20 03:15:00+00:00,3613.14,3643.56,3606.64,3636.55,99860.943
2025-07-20 03:30:00+00:00,3636.53,3695.0,3636.0,3671.67,342844.491
2025-07-20 03:45:00+00:00,3671.66,3674.35,3655.01,3657.11,81085.193
2025-07-20 04:00:00+00:00,3657.12,3661.78,3632.05,3642.28,98380.624
2025-07-20 04:15:00+00:00,3642.28,3656.98,3636.85,3655.0,65976.458
2025-07-20 04:30:00+00:00,3655.01,3665.96,3647.13,3647.4,56812.96
2025-07-20 04:45:00+00:00,3647.41,3659.84,3642.08,3653.53,62838.108
2025-07-20 05:00:00+00:00,3653.53,3662.44,3643.91,3647.63,40595.266
2025-07-20 05:15:00+00:00,3647.63,3650.0,3637.19,3638.55,35910.056
2025-07-20 05:30:00+00:00,3638.56,3644.65,3635.0,3644.65,37511.211
2025-07-20 05:45:00+00:00,3644.65,3652.97,3640.64,3646.47,30601.588
2025-07-20 06:00:00+00:00,3646.46,3646.47,3638.71,3639.73,20229.47
2025-07-20 06:15:00+00:00,3639.73,3655.0,3638.0,3652.0,53497.359
2025-07-20 06:30:00+00:00,3652.0,3657.21,3649.25,3655.63,25036.966
2025-07-20 06:45:00+00:00,3655.63,3659.58,3650.6,3651.8,25129.0
2025-07-20 07:00:00+00:00,3651.83,3661.0,3651.83,3659.11,18895.766
2025-07-20 07:15:00+00:00,3659.12,3676.0,3659.11,3672.68,61388.198
2025-07-20 07:30:00+00:00,3672.67,3684.73,3663.31,3680.74,83466.212
2025-07-20 07:45:00+00:00,3680.7,3689.0,3667.0,3667.38,110240.731
2025-07-20 08:00:00+00:00,3667.37,3681.37,3667.37,3680.98,39632.081
2025-07-20 08:15:00+00:00,3680.99,3690.0,3679.31,3680.15,53410.89
2025-07-20 08:30:00+00:00,3680.15,3710.0,3680.15,3703.48,138731.319
2025-07-20 08:45:00+00:00,3703.47,3716.4,3695.49,3710.15,120860.497
2025-07-20 09:00:00+00:00,3710.15,3727.17,3698.15,3705.67,155497.632
2025-07-20 09:15:00+00:00,3705.68,3713.69,3693.01,3698.09,69529.644
2025-07-20 09:30:00+00:00,3698.08,3711.5,3697.96,3708.7,46261.204
2025-07-20 09:45:00+00:00,3708.7,3718.72,3703.54,3705.52,51601.719
2025-07-20 10:00:00+00:00,3705.51,3711.94,3703.0,3705.59,34872.292
2025-07-20 10:15:00+00:00,3705.58,3707.01,3695.72,3700.82,53128.661
2025-07-20 10:30:00+00:00,3700.82,3703.97,3696.24,3698.74,28024.095
2025-07-20 10:45:00+00:00,3698.74,3704.47,3696.0,3698.37,33884.766
2025-07-20 11:00:00+00:00,3698.38,3702.51,3695.0,3700.2,35913.858
2025-07-20 11:15:00+00:00,3700.2,3734.8,3700.02,3720.01,159872.106
2025-07-20 11:30:00+00:00,3720.01,3737.53,3718.07,3729.5,85283.014
2025-07-20 11:45:00+00:00,3729.49,3770.0,3727.09,3755.7,294500.361
2025-07-20 12:00:00+00:00,3755.7,3756.21,3744.02,3749.99,82663.852
2025-07-20 12:15:00+00:00,3750.0,3750.0,3724.0,3728.87,145564.241
2025-07-20 12:30:00+00:00,3728.87,3741.9,3725.0,3735.54,47043.729
2025-07-20 12:45:00+00:00,3735.54,3749.0,3730.06,3746.34,55740.981
2025-07-20 13:00:00+00:00,3746.34,3754.16,3739.25,3752.87,53283.735
2025-07-20 13:15:00+00:00,3752.87,3757.0,3740.52,3741.44,42867.837
2025-07-20 13:30:00+00:00,3741.44,3747.67,3735.0,3737.74,39410.08
2025-07-20 13:45:00+00:00,3737.73,3752.31,3737.73,3747.5,41253.5
2025-07-20 14:00:00+00:00,3747.5,3754.76,3727.39,3740.54,86682.01
2025-07-20 14:15:00+00:00,3740.53,3753.6,3733.3,3745.66,48918.923
2025-07-20 14:30:00+00:00,3745.65,3751.99,3740.0,3743.08,28639.375
2025-07-20 14:45:00+00:00,3743.08,3768.0,3741.0,3766.73,58654.846
2025-07-20 15:00:00+00:00,3766.73,3767.72,3748.36,3762.99,65694.205
2025-07-20 15:15:00+00:00,3762.99,3763.71,3747.17,3755.36,43975.44
2025-07-20 15:30:00+00:00,3755.35,3784.0,3753.93,3770.2,155044.412
2025-07-20 15:45:00+00:00,3770.19,3790.0,3767.61,3785.39,127030.968
2025-07-20 16:00:00+00:00,3785.39,3794.59,3767.11,3775.15,147861.583
2025-07-20 16:15:00+00:00,3775.15,3791.0,3762.45,3791.0,114384.602
2025-07-20 16:30:00+00:00,3791.0,3816.0,3785.6,3810.79,206512.948
2025-07-20 16:45:00+00:00,3810.79,3826.0,3803.5,3808.95,137211.741
2025-07-20 17:00:00+00:00,3808.96,3808.96,3765.0,3775.39,242637.607
2025-07-20 17:15:00+00:00,3775.39,3786.64,3762.65,3773.01,78019.593
2025-07-20 17:30:00+00:00,3773.01,3781.9,3745.0,3757.96,142344.087
2025-07-20 17:45:00+00:00,3757.97,3758.0,3730.01,3738.22,193108.82
2025-07-20 18:00:00+00:00,3738.23,3756.68,3737.49,3746.0,87879.223
2025-07-20 18:15:00+00:00,3745.99,3755.0,3729.57,3749.09,84403.051
2025-07-20 18:30:00+00:00,3749.09,3749.81,3738.0,3745.21,34792.062
2025-07-20 18:45:00+00:00,3745.21,3755.6,3744.52,3749.0,38540.445
2025-07-20 19:00:00+00:00,3749.01,3759.79,3742.95,3757.53,47855.791
2025-07-20 19:15:00+00:00,3757.54,3763.52,3752.14,3760.59,47369.725
2025-07-20 19:30:00+00:00,3760.59,3771.88,3755.69,3760.69,43408.888
2025-07-20 19:45:00+00:00,3760.68,3766.6,3746.64,3748.85,33465.403
2025-07-20 20:00:00+00:00,3748.85,3751.56,3715.0,3735.85,146726.169
2025-07-20 20:15:00+00:00,3735.85,3741.81,3728.64,3737.68,34536.524
2025-07-20 20:30:00+00:00,3737.69,3747.0,3736.13,3746.95,24892.782
2025-07-20 20:45:00+00:00,3746.96,3753.59,3736.78,3738.9,31382.287
2025-07-20 21:00:00+00:00,3738.9,3739.29,3725.0,3733.68,49294.227
2025-07-20 21:15:00+00:00,3733.67,3764.75,3730.0,3758.84,62737.869
2025-07-20 21:30:00+00:00,3758.85,3767.39,3750.0,3761.41,37953.399
2025-07-20 21:45:00+00:00,3761.41,3771.75,3759.75,3768.91,28171.261
2025-07-20 22:00:00+00:00,3768.9,3770.48,3714.0,3721.98,121012.178
2025-07-20 22:15:00+00:00,3721.97,3732.53,3680.0,3725.86,285109.085
2025-07-20 22:30:00+00:00,3725.87,3751.01,3710.01,3750.29,92782.683
2025-07-20 22:45:00+00:00,3750.29,3759.88,3744.38,3746.15,69785.59
2025-07-20 23:00:00+00:00,3746.16,3748.26,3732.54,3744.54,63201.166
2025-07-20 23:15:00+00:00,3744.55,3755.55,3740.04,3742.84,26822.609
2025-07-20 23:30:00+00:00,3742.83,3768.45,3732.06,3757.89,62512.61
2025-07-20 23:45:00+00:00,3757.89,3765.37,3752.07,3755.67,43553.633
2025-07-21 00:00:00+00:00,3755.68,3756.49,3730.32,3731.72,57329.468
2025-07-21 00:15:00+00:00,3731.72,3734.89,3709.27,3728.75,113178.526
2025-07-21 00:30:00+00:00,3728.75,3734.69,3712.0,3728.04,50760.602
2025-07-21 00:45:00+00:00,3728.03,3746.86,3721.01,3746.13,52093.188
2025-07-21 01:00:00+00:00,3746.13,3753.24,3736.3,3738.05,41333.33
2025-07-21 01:15:00+00:00,3738.05,3743.75,3720.5,3727.98,39078.259
2025-07-21 01:30:00+00:00,3727.97,3733.31,3700.19,3709.32,91452.313
2025-07-21 01:45:00+00:00,3709.31,3726.0,3705.02,3723.3,36501.145
2025-07-21 02:00:00+00:00,3723.3,3737.96,3721.98,3732.36,49714.874
2025-07-21 02:15:00+00:00,3732.37,3745.45,3721.43,3740.0,60050.578
2025-07-21 02:30:00+00:00,3740.0,3748.88,3732.47,3743.4,32124.662
2025-07-21 02:45:00+00:00,3743.39,3749.32,3734.75,3742.8,32988.798
2025-07-21 03:00:00+00:00,3742.79,3764.47,3742.53,3757.71,67940.884
2025-07-21 03:15:00+00:00,3757.71,3765.86,3754.43,3758.53,34221.186
2025-07-21 03:30:00+00:00,3758.52,3759.4,3748.05,3754.53,33267.755
2025-07-21 03:45:00+00:00,3754.53,3756.96,3748.4,3756.86,21972.393
2025-07-21 04:00:00+00:00,3756.86,3762.78,3754.62,3762.78,23321.348
2025-07-21 04:15:00+00:00,3762.77,3781.01,3752.49,3768.76,81255.751
2025-07-21 04:30:00+00:00,3768.77,3777.96,3763.5,3774.4,34138.456
2025-07-21 04:45:00+00:00,3774.4,3774.4,3760.0,3761.34,36360.662
2025-07-21 05:00:00+00:00,3761.34,3763.78,3750.0,3753.35,33812.127
2025-07-21 05:15:00+00:00,3753.36,3755.66,3745.96,3754.27,28810.56
2025-07-21 05:30:00+00:00,3754.27,3772.88,3753.74,3769.01,47229.204
2025-07-21 05:45:00+00:00,3769.01,3783.92,3766.55,3782.0,56971.685
2025-07-21 06:00:00+00:00,3782.0,3787.96,3775.59,3786.11,58022.914
2025-07-21 06:15:00+00:00,3786.11,3812.0,3783.09,3803.0,149890.239
2025-07-21 06:30:00+00:00,3803.01,3803.5,3781.31,3784.9,109072.418
2025-07-21 06:45:00+00:00,3784.89,3798.13,3781.02,3786.36,47132.99
2025-07-21 07:00:00+00:00,3786.36,3804.79,3786.21,3794.34,57551.391
2025-07-21 07:15:00+00:00,3794.34,3800.8,3789.0,3799.35,26284.62
2025-07-21 07:30:00+00:00,3799.35,3799.85,3785.6,3787.43,31857.619
2025-07-21 07:45:00+00:00,3787.43,3789.84,3778.0,3786.97,34354.921
2025-07-21 08:00:00+00:00,3786.96,3799.77,3783.55,3795.76,36582.867
2025-07-21 08:15:00+00:00,3795.77,3804.0,3789.55,3799.42,43033.857
2025-07-21 08:30:00+00:00,3799.42,3811.21,3785.79,3788.31,80673.31
2025-07-21 08:45:00+00:00,3788.32,3792.36,3761.79,3776.93,118256.818
2025-07-21 09:00:00+00:00,3776.93,3785.25,3771.42,3780.81,52274.347
2025-07-21 09:15:00+00:00,3780.81,3782.48,3770.99,3772.9,26386.192
2025-07-21 09:30:00+00:00,3772.9,3778.19,3755.06,3765.17,98224.465
2025-07-21 09:45:00+00:00,3765.18,3772.87,3760.02,3771.76,33634.951
2025-07-21 10:00:00+00:00,3771.76,3781.72,3767.76,3781.48,37507.04
2025-07-21 10:15:00+00:00,3781.49,3786.44,3770.0,3773.04,31978.661
2025-07-21 10:30:00+00:00,3773.03,3798.0,3768.46,3795.25,59741.472
2025-07-21 10:45:00+00:00,3795.25,3824.0,3793.98,3811.02,160450.543
2025-07-21 11:00:00+00:00,3811.02,3813.63,3791.07,3806.36,84942.099
2025-07-21 11:15:00+00:00,3806.36,3834.0,3800.02,3819.66,104362.249
2025-07-21 11:30:00+00:00,3819.66,3838.0,3811.21,3812.48,126349.182
2025-07-21 11:45:00+00:00,3812.48,3819.6,3806.09,3808.8,55584.491
2025-07-21 12:00:00+00:00,3808.88,3818.5,3791.36,3802.83,133914.353
2025-07-21 12:15:00+00:00,3802.84,3818.16,3801.4,3814.35,43683.919
2025-07-21 12:30:00+00:00,3814.36,3818.45,3803.3,3815.48,37996.42
2025-07-21 12:45:00+00:00,3815.49,3824.75,3808.05,3809.68,45945.979
2025-07-21 13:00:00+00:00,3809.68,3815.1,3773.63,3775.34,150095.599
2025-07-21 13:15:00+00:00,3775.35,3789.46,3774.67,3788.27,65771.587
2025-07-21 13:30:00+00:00,3788.28,3814.99,3786.47,3806.7,122035.903
2025-07-21 13:45:00+00:00,3806.71,3823.31,3805.81,3818.99,100415.419
2025-07-21 14:00:00+00:00,3819.0,3823.98,3793.11,3808.7,107906.702
2025-07-21 14:15:00+00:00,3808.71,3845.8,3808.44,3835.61,239700.833
2025-07-21 14:30:00+00:00,3835.62,3850.99,3831.44,3847.51,106935.967
2025-07-21 14:45:00+00:00,3847.5,3857.82,3837.23,3840.52,116508.426
2025-07-21 15:00:00+00:00,3840.52,3847.99,3829.02,3842.3,74474.966
2025-07-21 15:15:00+00:00,3842.3,3851.0,3830.22,3831.64,59271.263
2025-07-21 15:30:00+00:00,3831.63,3838.8,3811.0,3816.26,103354.796
2025-07-21 15:45:00+00:00,3816.26,3829.83,3806.09,3808.9,70369.01
2025-07-21 16:00:00+00:00,3808.89,3815.86,3773.68,3784.9,187746.866
2025-07-21 16:15:00+00:00,3784.9,3785.79,3747.0,3773.49,294082.696
2025-07-21 16:30:00+00:00,3773.49,3796.0,3770.68,3774.4,138254.207
2025-07-21 16:45:00+00:00,3774.4,3779.81,3748.63,3766.53,106565.775
2025-07-21 17:00:00+00:00,3766.53,3788.98,3763.06,3781.39,61925.01
2025-07-21 17:15:00+00:00,3781.38,3785.66,3768.27,3768.68,47983.958
2025-07-21 17:30:00+00:00,3768.88,3780.67,3738.9,3746.62,109273.234
2025-07-21 17:45:00+00:00,3746.63,3771.0,3735.3,3768.62,121114.745
2025-07-21 18:00:00+00:00,3768.62,3788.0,3768.09,3785.38,62239.443
2025-07-21 18:15:00+00:00,3785.38,3798.98,3780.9,3786.31,79382.339
2025-07-21 18:30:00+00:00,3786.32,3786.7,3755.82,3758.16,76007.001
2025-07-21 18:45:00+00:00,3758.16,3758.72,3729.68,3735.92,130337.417
2025-07-21 19:00:00+00:00,3735.91,3767.54,3728.57,3764.64,85058.598
2025-07-21 19:15:00+00:00,3764.63,3768.8,3730.01,3734.13,69771.473
2025-07-21 19:30:00+00:00,3734.14,3741.1,3718.0,3734.22,139440.677
2025-07-21 19:45:00+00:00,3734.22,3739.73,3721.0,3734.9,63924.504
2025-07-21 20:00:00+00:00,3734.9,3750.75,3716.35,3745.71,88964.626
2025-07-21 20:15:00+00:00,3745.72,3754.43,3740.11,3752.01,36692.822
2025-07-21 20:30:00+00:00,3752.01,3764.73,3742.19,3752.35,49612.575
2025-07-21 20:45:00+00:00,3752.35,3764.39,3750.01,3755.05,48551.001
2025-07-21 21:00:00+00:00,3755.05,3761.75,3743.49,3745.33,29185.017
2025-07-21 21:15:00+00:00,3745.32,3759.75,3745.32,3758.57,14070.011
2025-07-21 21:30:00+00:00,3758.57,3764.0,3750.61,3758.73,15662.682
2025-07-21 21:45:00+00:00,3758.74,3759.79,3745.85,3750.13,15324.474
2025-07-21 22:00:00+00:00,3750.13,3759.1,3745.6,3759.1,20269.006
2025-07-21 22:15:00+00:00,3759.1,3763.52,3750.44,3762.99,19202.107
2025-07-21 22:30:00+00:00,3763.0,3778.81,3762.16,3778.1,45888.902
2025-07-21 22:45:00+00:00,3778.11,3778.72,3760.0,3760.44,23324.247
2025-07-21 23:00:00+00:00,3760.44,3762.63,3752.22,3754.1,24970.408
2025-07-21 23:15:00+00:00,3754.1,3768.37,3746.96,3766.99,27294.763
2025-07-21 23:30:00+00:00,3767.0,3774.44,3761.61,3763.45,29632.649
2025-07-21 23:45:00+00:00,3763.46,3764.21,3758.18,3760.96,12387.526
2025-07-22 00:00:00+00:00,3760.95,3762.65,3751.43,3756.26,22213.082
2025-07-22 00:15:00+00:00,3756.26,3774.81,3755.72,3774.0,38664.388
2025-07-22 00:30:00+00:00,3773.99,3773.99,3743.1,3747.0,68640.217
2025-07-22 00:45:00+00:00,3747.0,3764.0,3740.0,3741.44,40067.023
2025-07-22 01:00:00+00:00,3741.44,3744.97,3712.28,3718.6,126106.187
2025-07-22 01:15:00+00:00,3718.36,3742.53,3693.22,3741.86,218708.328
2025-07-22 01:30:00+00:00,3741.86,3772.33,3739.0,3762.01,100120.941
2025-07-22 01:45:00+00:00,3762.01,3798.58,3761.1,3793.76,129601.841
2025-07-22 02:00:00+00:00,3793.75,3794.63,3772.0,3776.49,82336.467
2025-07-22 02:15:00+00:00,3776.49,3788.25,3769.03,3777.43,37539.939
2025-07-22 02:30:00+00:00,3777.43,3786.76,3762.57,3764.99,43035.883
2025-07-22 02:45:00+00:00,3765.0,3768.13,3728.98,3736.01,111529.23
2025-07-22 03:00:00+00:00,3736.0,3743.51,3727.95,3734.75,70353.223
2025-07-22 03:15:00+00:00,3734.76,3734.76,3714.69,3724.45,111187.03
2025-07-22 03:30:00+00:00,3724.45,3733.76,3707.55,3712.53,96313.913
2025-07-22 03:45:00+00:00,3712.53,3731.0,3708.31,3730.38,49899.038
2025-07-22 04:00:00+00:00,3730.38,3733.28,3716.22,3719.54,30799.162
2025-07-22 04:15:00+00:00,3719.53,3722.02,3700.0,3704.79,77412.22
2025-07-22 04:30:00+00:00,3704.79,3713.23,3682.0,3685.34,153137.879
2025-07-22 04:45:00+00:00,3685.34,3693.62,3651.0,3654.73,265291.724
2025-07-22 05:00:00+00:00,3654.74,3693.0,3653.25,3689.59,180401.145
2025-07-22 05:15:00+00:00,3689.58,3696.6,3680.3,3682.66,74361.814
2025-07-22 05:30:00+00:00,3682.66,3692.0,3675.5,3680.17,54861.796
2025-07-22 05:45:00+00:00,3680.18,3693.51,3672.17,3689.61,59486.474
2025-07-22 06:00:00+00:00,3689.62,3702.5,3675.73,3702.42,85259.529
2025-07-22 06:15:00+00:00,3702.41,3718.68,3699.0,3705.77,72518.195
2025-07-22 06:30:00+00:00,3705.78,3713.99,3693.35,3694.58,52405.047
2025-07-22 06:45:00+00:00,3694.58,3697.3,3681.93,3691.15,54156.402
2025-07-22 07:00:00+00:00,3691.15,3706.21,3688.05,3703.81,54889.611
2025-07-22 07:15:00+00:00,3703.81,3713.9,3696.83,3712.2,46099.186
2025-07-22 07:30:00+00:00,3712.21,3713.24,3693.98,3697.86,47766.443
2025-07-22 07:45:00+00:00,3697.86,3700.53,3665.05,3676.44,119516.971
2025-07-22 08:00:00+00:00,3676.44,3676.44,3637.35,3639.21,212931.265
2025-07-22 08:15:00+00:00,3639.22,3650.36,3620.33,3629.14,227499.376
2025-07-22 08:30:00+00:00,3629.14,3648.0,3623.57,3644.19,91566.746
2025-07-22 08:45:00+00:00,3644.2,3656.37,3639.5,3649.39,71270.895
2025-07-22 09:00:00+00:00,3649.39,3649.99,3628.0,3631.17,77184.941
2025-07-22 09:15:00+00:00,3631.18,3648.38,3616.53,3644.16,131455.005
2025-07-22 09:30:00+00:00,3644.15,3664.98,3643.91,3659.81,99586.617
2025-07-22 09:45:00+00:00,3659.82,3667.85,3655.43,3660.12,68094.266
2025-07-22 10:00:00+00:00,3660.11,3672.87,3659.01,3672.75,62142.719
2025-07-22 10:15:00+00:00,3672.76,3674.99,3660.28,3672.46,43596.283
2025-07-22 10:30:00+00:00,3672.46,3686.57,3672.46,3683.43,83749.162
2025-07-22 10:45:00+00:00,3683.43,3697.62,3682.02,3697.62,60663.844
2025-07-22 11:00:00+00:00,3697.61,3704.0,3687.64,3692.58,71582.188
2025-07-22 11:15:00+00:00,3692.59,3700.4,3689.19,3697.89,76453.55
2025-07-22 11:30:00+00:00,3697.9,3700.43,3680.97,3699.49,69253.502
2025-07-22 11:45:00+00:00,3699.49,3719.38,3697.26,3704.39,136795.44
2025-07-22 12:00:00+00:00,3704.4,3711.0,3699.89,3704.38,38557.242
2025-07-22 12:15:00+00:00,3704.37,3704.89,3693.02,3700.13,41390.222
2025-07-22 12:30:00+00:00,3700.12,3707.88,3690.11,3703.97,46236.679
2025-07-22 12:45:00+00:00,3703.97,3705.65,3691.58,3701.08,30643.1
2025-07-22 13:00:00+00:00,3701.08,3706.0,3692.56,3702.65,46481.886
2025-07-22 13:15:00+00:00,3702.65,3702.7,3691.45,3695.06,28834.392
2025-07-22 13:30:00+00:00,3695.07,3702.51,3667.02,3692.68,191210.18
2025-07-22 13:45:00+00:00,3692.67,3692.67,3633.0,3648.44,413176.366
2025-07-22 14:00:00+00:00,3648.43,3674.2,3626.0,3671.06,217730.891
2025-07-22 14:15:00+00:00,3671.07,3675.79,3651.32,3661.32,79362.044
2025-07-22 14:30:00+00:00,3661.31,3681.78,3658.95,3673.53,65356.117
2025-07-22 14:45:00+00:00,3673.54,3708.42,3665.34,3706.7,134706.218
2025-07-22 15:00:00+00:00,3706.71,3709.9,3691.9,3706.77,91674.769
2025-07-22 15:15:00+00:00,3706.77,3728.97,3700.08,3715.89,168807.013
2025-07-22 15:30:00+00:00,3715.88,3724.46,3704.73,3708.52,74077.891
2025-07-22 15:45:00+00:00,3708.53,3728.86,3708.52,3717.74,75525.542
2025-07-22 16:00:00+00:00,3717.74,3740.6,3709.56,3739.27,118689.56
2025-07-22 16:15:00+00:00,3739.28,3750.0,3725.88,3730.35,109549.943
2025-07-22 16:30:00+00:00,3730.34,3739.45,3720.98,3732.95,55209.308
2025-07-22 16:45:00+00:00,3732.96,3732.98,3715.94,3717.27,51271.743
2025-07-22 17:00:00+00:00,3717.27,3721.8,3681.05,3690.54,150671.071
2025-07-22 17:15:00+00:00,3690.55,3696.9,3676.04,3690.01,102180.972
2025-07-22 17:30:00+00:00,3690.01,3707.89,3680.89,3697.59,80334.578
2025-07-22 17:45:00+00:00,3697.59,3707.5,3691.32,3699.11,33345.023
2025-07-22 18:00:00+00:00,3699.12,3705.35,3680.45,3698.71,50263.924
2025-07-22 18:15:00+00:00,3698.71,3703.97,3680.66,3699.11,45763.359
2025-07-22 18:30:00+00:00,3699.11,3713.0,3690.14,3693.3,49994.166
2025-07-22 18:45:00+00:00,3693.29,3724.8,3692.02,3710.48,99708.417
2025-07-22 19:00:00+00:00,3710.47,3717.57,3705.33,3717.56,33501.51
2025-07-22 19:15:00+00:00,3717.57,3719.74,3697.72,3707.36,40728.103
2025-07-22 19:30:00+00:00,3707.36,3707.6,3676.51,3682.77,73160.899
2025-07-22 19:45:00+00:00,3682.77,3683.04,3654.54,3668.91,111945.948
2025-07-22 20:00:00+00:00,3668.9,3703.54,3660.84,3693.62,132156.277
2025-07-22 20:15:00+00:00,3693.63,3699.99,3681.81,3691.62,55319.045
2025-07-22 20:30:00+00:00,3691.61,3703.73,3682.88,3701.99,35716.606
2025-07-22 20:45:00+00:00,3702.0,3711.45,3699.82,3706.98,34088.265
2025-07-22 21:00:00+00:00,3707.0,3709.81,3694.73,3705.89,22221.709
2025-07-22 21:15:00+00:00,3705.88,3711.22,3701.39,3705.23,17646.633
2025-07-22 21:30:00+00:00,3705.24,3705.97,3693.8,3698.9,20518.316
2025-07-22 21:45:00+00:00,3698.9,3710.01,3698.63,3705.11,15113.88
2025-07-22 22:00:00+00:00,3705.12,3719.23,3705.12,3709.82,32586.719
2025-07-22 22:15:00+00:00,3709.82,3717.61,3708.23,3717.24,22534.371
2025-07-22 22:30:00+00:00,3717.25,3730.53,3717.0,3723.45,50328.921
2025-07-22 22:45:00+00:00,3723.45,3724.85,3715.47,3719.47,27554.257
2025-07-22 23:00:00+00:00,3719.48,3735.2,3716.86,3733.97,31858.255
2025-07-22 23:15:00+00:00,3734.0,3743.67,3734.0,3740.78,49428.969
2025-07-22 23:30:00+00:00,3740.79,3748.91,3736.39,3743.8,42831.307
2025-07-22 23:45:00+00:00,3743.81,3751.61,3740.81,3746.01,33287.473
2025-07-23 00:00:00+00:00,3746.02,3746.43,3733.5,3736.61,43555.349
2025-07-23 00:15:00+00:00,3736.61,3763.55,3729.64,3733.42,129783.207
2025-07-23 00:30:00+00:00,3733.42,3747.66,3726.7,3741.49,53564.972
2025-07-23 00:45:00+00:00,3741.5,3746.64,3723.8,3724.98,30226.541
2025-07-23 01:00:00+00:00,3724.98,3726.18,3712.0,3719.7,51839.232
2025-07-23 01:15:00+00:00,3719.69,3735.79,3719.69,3722.93,32777.58
2025-07-23 01:30:00+00:00,3722.93,3741.93,3718.87,3733.16,41196.07
2025-07-23 01:45:00+00:00,3733.16,3741.01,3728.0,3738.01,20993.155
2025-07-23 02:00:00+00:00,3738.01,3750.0,3730.5,3745.04,54976.574
2025-07-23 02:15:00+00:00,3745.04,3749.79,3736.53,3748.99,33295.52
2025-07-23 02:30:00+00:00,3748.99,3764.08,3730.24,3730.45,121379.229
2025-07-23 02:45:00+00:00,3730.46,3747.01,3721.65,3744.81,95889.36
2025-07-23 03:00:00+00:00,3744.82,3746.11,3734.23,3739.92,24763.42
2025-07-23 03:15:00+00:00,3739.92,3754.99,3730.0,3753.99,44395.966
2025-07-23 03:30:00+00:00,3754.0,3758.85,3741.94,3743.0,56621.067
2025-07-23 03:45:00+00:00,3743.0,3743.01,3724.13,3728.0,60895.251
2025-07-23 04:00:00+00:00,3728.0,3730.57,3717.96,3723.47,40332.18
2025-07-23 04:15:00+00:00,3723.46,3734.0,3718.14,3732.25,34884.6
2025-07-23 04:30:00+00:00,3732.25,3735.5,3729.0,3732.2,16195.563
2025-07-23 04:45:00+00:00,3732.2,3734.5,3725.88,3734.29,16683.637
2025-07-23 05:00:00+00:00,3734.3,3737.2,3718.35,3722.53,30483.619
2025-07-23 05:15:00+00:00,3722.53,3727.07,3709.0,3713.23,42974.422
2025-07-23 05:30:00+00:00,3713.22,3719.91,3700.02,3709.28,62485.858
2025-07-23 05:45:00+00:00,3709.27,3717.58,3706.54,3713.02,20304.308
2025-07-23 06:00:00+00:00,3713.02,3715.0,3702.55,3707.93,30828.385
2025-07-23 06:15:00+00:00,3707.93,3707.93,3689.47,3699.38,90991.636
2025-07-23 06:30:00+00:00,3699.37,3703.99,3684.63,3688.16,59462.377
2025-07-23 06:45:00+00:00,3688.16,3695.0,3688.0,3693.72,32470.445
2025-07-23 07:00:00+00:00,3693.71,3698.71,3682.66,3690.27,50035.29
2025-07-23 07:15:00+00:00,3690.26,3698.83,3689.18,3691.16,22810.682
2025-07-23 07:30:00+00:00,3691.17,3698.86,3668.0,3671.39,99664.922
2025-07-23 07:45:00+00:00,3671.4,3674.88,3663.0,3672.27,80172.84
2025-07-23 08:00:00+00:00,3672.27,3681.78,3666.1,3679.8,65179.65
2025-07-23 08:15:00+00:00,3679.81,3686.4,3673.56,3682.18,61095.029
2025-07-23 08:30:00+00:00,3682.18,3684.0,3670.28,3673.25,35862.124
2025-07-23 08:45:00+00:00,3673.25,3691.63,3672.31,3691.07,43805.642
2025-07-23 09:00:00+00:00,3691.06,3698.49,3678.15,3680.66,52057.057
2025-07-23 09:15:00+00:00,3680.66,3680.66,3655.0,3655.01,76647.815
2025-07-23 09:30:00+00:00,3655.01,3666.2,3647.6,3659.87,96591.048
2025-07-23 09:45:00+00:00,3659.87,3665.84,3653.95,3657.54,36208.513
2025-07-23 10:00:00+00:00,3657.53,3661.71,3638.77,3640.0,102808.612
2025-07-23 10:15:00+00:00,3640.0,3660.87,3639.99,3656.85,51382.086
2025-07-23 10:30:00+00:00,3656.85,3668.98,3654.01,3662.19,44010.816
2025-07-23 10:45:00+00:00,3662.17,3669.0,3661.53,3665.12,37431.722
2025-07-23 11:00:00+00:00,3665.13,3665.99,3647.39,3647.69,36445.141
2025-07-23 11:15:00+00:00,3647.7,3673.95,3647.66,3670.54,57315.163
2025-07-23 11:30:00+00:00,3670.54,3675.53,3667.36,3675.01,43841.516
2025-07-23 11:45:00+00:00,3675.01,3675.01,3666.6,3670.91,29850.423
2025-07-23 12:00:00+00:00,3670.9,3680.03,3659.96,3679.07,39919.766
2025-07-23 12:15:00+00:00,3679.01,3680.03,3666.66,3673.54,31151.593
2025-07-23 12:30:00+00:00,3673.54,3677.0,3650.0,3652.87,43899.152
2025-07-23 12:45:00+00:00,3652.87,3664.68,3632.84,3639.36,126615.894
2025-07-23 13:00:00+00:00,3639.36,3651.27,3629.22,3648.67,183985.273
2025-07-23 13:15:00+00:00,3648.68,3664.43,3638.0,3661.32,126313.453
2025-07-23 13:30:00+00:00,3661.3,3664.02,3607.55,3614.12,234066.746
2025-07-23 13:45:00+00:00,3614.12,3615.32,3580.0,3586.65,439865.169
2025-07-23 14:00:00+00:00,3586.66,3610.72,3580.0,3587.41,194305.797
2025-07-23 14:15:00+00:00,3587.42,3623.78,3587.41,3619.02,134397.567
2025-07-23 14:30:00+00:00,3619.01,3623.62,3597.1,3601.49,100034.971
2025-07-23 14:45:00+00:00,3601.49,3617.57,3592.48,3616.34,63675.731
2025-07-23 15:00:00+00:00,3616.34,3624.0,3596.68,3597.72,84277.338
2025-07-23 15:15:00+00:00,3597.72,3615.26,3597.72,3606.34,54040.009
2025-07-23 15:30:00+00:00,3606.33,3622.01,3603.29,3622.0,46161.93
2025-07-23 15:45:00+00:00,3622.01,3645.98,3611.63,3643.55,132019.315
2025-07-23 16:00:00+00:00,3643.55,3643.55,3608.98,3610.22,114740.185
2025-07-23 16:15:00+00:00,3610.22,3617.81,3592.57,3604.84,84755.557
2025-07-23 16:30:00+00:00,3604.84,3605.18,3583.36,3592.81,88724.716
2025-07-23 16:45:00+00:00,3592.8,3592.8,3566.0,3570.6,142899.843
2025-07-23 17:00:00+00:00,3570.59,3584.72,3556.0,3564.04,151894.626
2025-07-23 17:15:00+00:00,3564.04,3581.82,3553.0,3567.28,178074.895
2025-07-23 17:30:00+00:00,3567.27,3590.0,3558.4,3585.94,116116.173
2025-07-23 17:45:00+00:00,3585.93,3594.43,3577.77,3586.93,51879.517
2025-07-23 18:00:00+00:00,3586.93,3599.0,3585.25,3591.16,62662.247
2025-07-23 18:15:00+00:00,3591.15,3606.66,3587.0,3594.17,52934.72
2025-07-23 18:30:00+00:00,3594.17,3605.84,3590.01,3595.67,27277.347
2025-07-23 18:45:00+00:00,3595.67,3604.12,3595.26,3603.82,21236.707
2025-07-23 19:00:00+00:00,3603.82,3612.88,3599.93,3602.18,47294.503
2025-07-23 19:15:00+00:00,3602.17,3609.61,3590.0,3594.12,43746.624
2025-07-23 19:30:00+00:00,3594.11,3597.0,3585.99,3593.8,40136.988
2025-07-23 19:45:00+00:00,3593.81,3609.0,3581.78,3587.06,51799.599
2025-07-23 20:00:00+00:00,3587.06,3604.99,3571.66,3582.18,93805.86
2025-07-23 20:15:00+00:00,3582.17,3584.23,3558.18,3565.8,84235.907
2025-07-23 20:30:00+00:00,3565.8,3574.29,3542.0,3573.76,194936.835
2025-07-23 20:45:00+00:00,3573.75,3578.98,3561.84,3567.05,78624.603
2025-07-23 21:00:00+00:00,3567.05,3579.0,3559.36,3573.47,61604.795
2025-07-23 21:15:00+00:00,3573.48,3575.82,3528.0,3542.5,154274.38
2025-07-23 21:30:00+00:00,3542.5,3580.53,3526.5,3580.0,141076.876
2025-07-23 21:45:00+00:00,3580.0,3593.14,3575.92,3590.99,60273.529
2025-07-23 22:00:00+00:00,3591.0,3604.0,3577.16,3601.55,51819.519
2025-07-23 22:15:00+00:00,3601.55,3611.94,3595.12,3610.52,37755.296
2025-07-23 22:30:00+00:00,3610.52,3615.91,3605.49,3613.72,31255.853
2025-07-23 22:45:00+00:00,3613.71,3619.42,3603.74,3609.77,41541.349
2025-07-23 23:00:00+00:00,3609.78,3627.27,3608.06,3625.16,42738.538
2025-07-23 23:15:00+00:00,3625.16,3634.98,3620.0,3629.0,40092.023
2025-07-23 23:30:00+00:00,3629.01,3631.22,3625.77,3629.99,19176.182
2025-07-23 23:45:00+00:00,3630.0,3631.8,3623.01,3627.49,20603.267
2025-07-24 00:00:00+00:00,3627.5,3628.15,3610.78,3619.09,63753.923
2025-07-24 00:15:00+00:00,3619.08,3638.98,3613.0,3633.82,65917.922
2025-07-24 00:30:00+00:00,3633.82,3640.0,3627.49,3638.68,32261.402
2025-07-24 00:45:00+00:00,3638.69,3645.64,3630.63,3644.9,42633.89
2025-07-24 01:00:00+00:00,3644.91,3646.0,3636.32,3640.0,47263.218
2025-07-24 01:15:00+00:00,3640.0,3647.75,3634.0,3636.86,29510.139
2025-07-24 01:30:00+00:00,3636.87,3639.98,3624.75,3635.4,31138.57
2025-07-24 01:45:00+00:00,3635.4,3647.38,3634.56,3646.9,21850.962
2025-07-24 02:00:00+00:00,3646.89,3649.98,3636.22,3645.25,38029.217
2025-07-24 02:15:00+00:00,3645.25,3645.99,3636.65,3638.55,19768.776
2025-07-24 02:30:00+00:00,3638.54,3647.0,3636.86,3645.04,19053.271
2025-07-24 02:45:00+00:00,3645.05,3652.0,3640.64,3649.02,34059.166
2025-07-24 03:00:00+00:00,3649.02,3653.52,3643.0,3649.28,25482.702
2025-07-24 03:15:00+00:00,3649.29,3663.51,3646.8,3661.75,48828.509
2025-07-24 03:30:00+00:00,3661.74,3664.87,3652.21,3660.14,39093.949
2025-07-24 03:45:00+00:00,3660.15,3660.79,3638.38,3640.31,68732.449
2025-07-24 04:00:00+00:00,3640.31,3657.25,3635.0,3655.36,77338.507
2025-07-24 04:15:00+00:00,3655.35,3655.36,3630.0,3631.72,49326.738
2025-07-24 04:30:00+00:00,3631.72,3635.49,3617.8,3619.16,112909.728
2025-07-24 04:45:00+00:00,3619.16,3624.55,3600.12,3608.81,97099.698
2025-07-24 05:00:00+00:00,3608.82,3609.87,3577.47,3581.1,112096.458
2025-07-24 05:15:00+00:00,3581.1,3600.0,3574.68,3578.3,105326.798
2025-07-24 05:30:00+00:00,3578.3,3593.58,3575.52,3591.0,72982.482
2025-07-24 05:45:00+00:00,3591.01,3591.22,3555.0,3555.02,159189.804
2025-07-24 06:00:00+00:00,3555.02,3571.68,3554.54,3568.35,72040.799
2025-07-24 06:15:00+00:00,3568.35,3577.09,3553.11,3573.81,79208.387
2025-07-24 06:30:00+00:00,3573.8,3578.44,3531.07,3534.15,140309.321
2025-07-24 06:45:00+00:00,3534.15,3549.8,3525.0,3543.32,155595.664
2025-07-24 07:00:00+00:00,3543.32,3554.9,3505.0,3553.0,311502.944
2025-07-24 07:15:00+00:00,3552.99,3576.23,3550.11,3569.71,114238.882
2025-07-24 07:30:00+00:00,3569.7,3578.87,3556.21,3576.98,67831.891
2025-07-24 07:45:00+00:00,3576.98,3594.75,3566.77,3589.94,70937.177
2025-07-24 08:00:00+00:00,3589.94,3637.74,3579.12,3635.75,184830.23
2025-07-24 08:15:00+00:00,3635.75,3635.98,3614.95,3622.17,103005.747
2025-07-24 08:30:00+00:00,3622.17,3635.74,3622.16,3627.99,60935.392
2025-07-24 08:45:00+00:00,3628.0,3643.78,3627.99,3632.84,66124.021
2025-07-24 09:00:00+00:00,3632.87,3639.97,3625.81,3628.51,51758.483
2025-07-24 09:15:00+00:00,3628.51,3633.91,3614.62,3625.75,82583.408
2025-07-24 09:30:00+00:00,3625.76,3643.67,3620.69,3643.24,66897.941
2025-07-24 09:45:00+00:00,3643.24,3643.24,3623.39,3635.17,47602.604
2025-07-24 10:00:00+00:00,3635.18,3660.0,3631.14,3632.06,114831.753
2025-07-24 10:15:00+00:00,3632.06,3637.27,3597.57,3599.94,132088.879
2025-07-24 10:30:00+00:00,3599.95,3609.49,3590.15,3606.3,84771.159
2025-07-24 10:45:00+00:00,3606.3,3624.87,3600.32,3620.32,85210.079
2025-07-24 11:00:00+00:00,3620.33,3647.57,3618.61,3643.23,92709.882
2025-07-24 11:15:00+00:00,3643.24,3654.27,3642.0,3643.97,89012.577
2025-07-24 11:30:00+00:00,3643.97,3655.0,3641.07,3654.57,49822.33
2025-07-24 11:45:00+00:00,3654.58,3660.0,3649.31,3654.32,68639.107
2025-07-24 12:00:00+00:00,3654.33,3659.33,3636.0,3643.61,65036.903
2025-07-24 12:15:00+00:00,3643.61,3646.64,3630.0,3643.96,60283.824
2025-07-24 12:30:00+00:00,3643.95,3645.5,3618.47,3623.92,68433.961
2025-07-24 12:45:00+00:00,3623.93,3645.0,3619.41,3641.69,51189.309
2025-07-24 13:00:00+00:00,3641.69,3647.55,3634.48,3641.48,42750.247
2025-07-24 13:15:00+00:00,3641.48,3649.97,3637.83,3645.43,31942.911
2025-07-24 13:30:00+00:00,3645.44,3655.0,3628.12,3643.92,88387.264
2025-07-24 13:45:00+00:00,3643.93,3653.81,3626.0,3629.25,68423.078
2025-07-24 14:00:00+00:00,3629.26,3648.29,3611.11,3621.47,106370.333
2025-07-24 14:15:00+00:00,3621.46,3650.9,3618.54,3645.75,79348.48
2025-07-24 14:30:00+00:00,3645.74,3693.06,3644.16,3688.66,307100.632
2025-07-24 14:45:00+00:00,3688.66,3737.22,3688.19,3733.88,305700.386
2025-07-24 15:00:00+00:00,3733.88,3772.63,3726.74,3765.39,294623.497
2025-07-24 15:15:00+00:00,3765.38,3765.59,3726.65,3737.22,215389.991
2025-07-24 15:30:00+00:00,3737.22,3744.62,3708.94,3734.16,197406.154
2025-07-24 15:45:00+00:00,3734.16,3742.72,3718.0,3730.46,75871.479
2025-07-24 16:00:00+00:00,3730.47,3731.74,3706.63,3710.31,88649.658
2025-07-24 16:15:00+00:00,3710.3,3721.09,3690.84,3691.53,117527.636
2025-07-24 16:30:00+00:00,3691.54,3698.97,3672.27,3672.9,160838.083
2025-07-24 16:45:00+00:00,3672.89,3691.98,3665.8,3686.22,120992.114
2025-07-24 17:00:00+00:00,3686.23,3717.0,3681.77,3710.0,130589.574
2025-07-24 17:15:00+00:00,3710.01,3718.5,3698.06,3707.49,67017.578
2025-07-24 17:30:00+00:00,3707.48,3727.33,3707.48,3726.63,48349.704
2025-07-24 17:45:00+00:00,3726.64,3733.34,3718.88,3723.81,55671.943
2025-07-24 18:00:00+00:00,3723.82,3737.0,3710.64,3730.13,77492.936
2025-07-24 18:15:00+00:00,3730.13,3734.0,3722.67,3733.16,32249.4
2025-07-24 18:30:00+00:00,3733.15,3741.69,3726.74,3735.35,56667.603
2025-07-24 18:45:00+00:00,3735.36,3749.75,3733.0,3739.91,47965.094
2025-07-24 19:00:00+00:00,3739.91,3753.65,3737.0,3746.98,53388.696
2025-07-24 19:15:00+00:00,3746.97,3751.75,3723.89,3734.44,93631.034
2025-07-24 19:30:00+00:00,3734.44,3735.67,3718.13,3726.37,52488.029
2025-07-24 19:45:00+00:00,3726.38,3743.86,3721.93,3730.81,82183.381
2025-07-24 20:00:00+00:00,3730.8,3739.2,3720.89,3730.45,37505.006
2025-07-24 20:15:00+00:00,3730.44,3737.6,3721.02,3736.65,22534.494
2025-07-24 20:30:00+00:00,3736.65,3738.56,3728.0,3733.01,25251.014
2025-07-24 20:45:00+00:00,3733.02,3741.95,3731.28,3733.78,18131.483
2025-07-24 21:00:00+00:00,3733.79,3741.47,3723.9,3730.0,36303.744
2025-07-24 21:15:00+00:00,3730.0,3734.72,3715.8,3717.8,36143.447
2025-07-24 21:30:00+00:00,3717.79,3729.83,3708.01,3725.51,44448.119
2025-07-24 21:45:00+00:00,3725.51,3728.41,3718.63,3724.7,32716.879
2025-07-24 22:00:00+00:00,3724.7,3729.82,3699.49,3703.03,56165.932
2025-07-24 22:15:00+00:00,3703.02,3721.38,3702.38,3717.54,48021.405
2025-07-24 22:30:00+00:00,3717.55,3735.01,3711.35,3731.09,45914.471
2025-07-24 22:45:00+00:00,3731.08,3731.08,3714.33,3723.2,49670.682
2025-07-24 23:00:00+00:00,3723.2,3723.2,3706.31,3707.92,45501.797
2025-07-24 23:15:00+00:00,3707.92,3714.69,3693.71,3703.47,79503.601
2025-07-24 23:30:00+00:00,3703.47,3719.32,3699.42,3713.06,30964.745
2025-07-24 23:45:00+00:00,3713.06,3716.01,3699.07,3706.2,26994.949
2025-07-25 00:00:00+00:00,3706.22,3707.46,3680.15,3684.07,75580.678
2025-07-25 00:15:00+00:00,3684.07,3687.02,3677.67,3685.12,39066.527
2025-07-25 00:30:00+00:00,3685.12,3685.33,3645.43,3665.96,153542.556
2025-07-25 00:45:00+00:00,3665.95,3669.71,3652.0,3658.52,80677.001
2025-07-25 01:00:00+00:00,3658.52,3672.39,3651.0,3654.97,67384.674
2025-07-25 01:15:00+00:00,3654.96,3666.38,3640.32,3658.24,76405.836
2025-07-25 01:30:00+00:00,3658.23,3686.0,3651.51,3675.94,86998.098
2025-07-25 01:45:00+00:00,3675.94,3690.24,3665.0,3681.65,59823.445
2025-07-25 02:00:00+00:00,3681.65,3690.0,3675.25,3682.7,44237.245
2025-07-25 02:15:00+00:00,3682.69,3688.32,3670.25,3681.39,47420.65
2025-07-25 02:30:00+00:00,3681.39,3687.15,3642.04,3643.58,112182.842
2025-07-25 02:45:00+00:00,3643.58,3651.07,3613.62,3614.12,222184.67
2025-07-25 03:00:00+00:00,3614.11,3631.75,3601.48,3622.25,177742.149
2025-07-25 03:15:00+00:00,3622.24,3632.63,3609.26,3618.65,73322.897
2025-07-25 03:30:00+00:00,3618.64,3618.64,3570.13,3591.3,238515.292
2025-07-25 03:45:00+00:00,3591.31,3598.4,3580.35,3594.25,77569.16
2025-07-25 04:00:00+00:00,3594.25,3605.32,3585.0,3587.09,75710.766
2025-07-25 04:15:00+00:00,3587.09,3597.08,3576.84,3595.88,66243.716
2025-07-25 04:30:00+00:00,3595.87,3624.95,3595.17,3618.59,145737.905
2025-07-25 04:45:00+00:00,3618.58,3649.99,3618.58,3647.05,115299.155
2025-07-25 05:00:00+00:00,3647.06,3648.0,3608.6,3611.18,152825.417
2025-07-25 05:15:00+00:00,3611.17,3640.3,3610.83,3632.01,113513.369
2025-07-25 05:30:00+00:00,3632.0,3632.0,3620.31,3628.56,41859.566
2025-07-25 05:45:00+00:00,3628.55,3636.72,3620.0,3632.15,46110.983
2025-07-25 06:00:00+00:00,3632.16,3633.9,3610.01,3626.25,77011.935
2025-07-25 06:15:00+00:00,3626.24,3630.63,3610.01,3623.0,67602.11
2025-07-25 06:30:00+00:00,3623.0,3642.16,3614.98,3638.78,57785.648
2025-07-25 06:45:00+00:00,3638.78,3643.25,3625.74,3629.93,39427.102
2025-07-25 07:00:00+00:00,3629.92,3638.98,3614.0,3635.17,80170.573
2025-07-25 07:15:00+00:00,3635.17,3666.81,3631.74,3631.77,151332.504
2025-07-25 07:30:00+00:00,3631.78,3639.5,3611.25,3614.4,108191.474
2025-07-25 07:45:00+00:00,3614.41,3637.58,3597.6,3630.68,147610.531
2025-07-25 08:00:00+00:00,3630.68,3650.28,3627.41,3643.51,128267.251
2025-07-25 08:15:00+00:00,3643.52,3669.99,3639.14,3664.23,110397.803
2025-07-25 08:30:00+00:00,3664.24,3665.72,3641.04,3644.48,90369.366
2025-07-25 08:45:00+00:00,3644.46,3678.53,3638.1,3664.1,111676.226
2025-07-25 09:00:00+00:00,3664.11,3667.38,3648.44,3666.62,65750.891
2025-07-25 09:15:00+00:00,3666.62,3705.0,3660.52,3704.99,128125.471
2025-07-25 09:30:00+00:00,3704.99,3726.01,3696.1,3696.1,152522.58
2025-07-25 09:45:00+00:00,3696.09,3733.38,3689.37,3725.94,157440.968
2025-07-25 10:00:00+00:00,3725.93,3746.42,3711.0,3720.13,182430.305
2025-07-25 10:15:00+00:00,3720.12,3720.62,3704.37,3707.0,66145.47
2025-07-25 10:30:00+00:00,3707.0,3724.42,3706.83,3720.74,42082.757
2025-07-25 10:45:00+00:00,3720.74,3724.78,3711.83,3718.2,28277.076
2025-07-25 11:00:00+00:00,3718.2,3732.0,3716.77,3727.54,42394.723
2025-07-25 11:15:00+00:00,3727.54,3742.74,3726.66,3737.36,48380.208
2025-07-25 11:30:00+00:00,3737.35,3739.42,3714.76,3716.15,67567.852
2025-07-25 11:45:00+00:00,3716.03,3724.05,3714.8,3720.0,39223.01
2025-07-25 12:00:00+00:00,3720.01,3734.43,3716.3,3726.81,50001.565
2025-07-25 12:15:00+00:00,3726.82,3730.03,3708.5,3713.84,52287.956
2025-07-25 12:30:00+00:00,3713.85,3732.59,3701.67,3728.48,103214.349
2025-07-25 12:45:00+00:00,3728.48,3730.57,3691.41,3703.53,136114.388
2025-07-25 13:00:00+00:00,3703.53,3710.68,3692.91,3704.87,70633.207
2025-07-25 13:15:00+00:00,3704.85,3708.89,3701.08,3703.97,27348.55
2025-07-25 13:30:00+00:00,3703.97,3718.88,3675.0,3687.0,176493.993
2025-07-25 13:45:00+00:00,3687.0,3705.38,3680.04,3705.12,85495.999
2025-07-25 14:00:00+00:00,3705.13,3707.6,3679.81,3679.82,72349.952
2025-07-25 14:15:00+00:00,3679.81,3688.75,3671.7,3679.62,71630.536
2025-07-25 14:30:00+00:00,3679.62,3685.62,3635.41,3638.7,206896.786
2025-07-25 14:45:00+00:00,3638.7,3650.46,3619.74,3627.46,140208.236
2025-07-25 15:00:00+00:00,3627.46,3642.94,3614.19,3632.85,108020.01
2025-07-25 15:15:00+00:00,3632.85,3645.51,3628.82,3637.89,85849.096
2025-07-25 15:30:00+00:00,3637.88,3642.7,3600.0,3608.98,132852.622
2025-07-25 15:45:00+00:00,3608.98,3636.0,3608.8,3631.91,73710.324
2025-07-25 16:00:00+00:00,3631.91,3643.75,3629.72,3636.81,58459.081
2025-07-25 16:15:00+00:00,3636.82,3640.53,3615.11,3629.39,57711.709
2025-07-25 16:30:00+00:00,3629.38,3635.46,3616.44,3630.47,40684.925
2025-07-25 16:45:00+00:00,3630.46,3644.04,3629.33,3638.62,51185.81
2025-07-25 17:00:00+00:00,3638.62,3651.09,3633.23,3640.68,54086.795
2025-07-25 17:15:00+00:00,3640.67,3643.64,3619.38,3632.37,48354.435
2025-07-25 17:30:00+00:00,3632.36,3639.4,3622.42,3634.99,27242.208
2025-07-25 17:45:00+00:00,3634.98,3641.8,3627.51,3634.64,28121.879
2025-07-25 18:00:00+00:00,3634.64,3648.85,3633.72,3646.49,26133.183
2025-07-25 18:15:00+00:00,3646.5,3653.58,3640.8,3648.28,50631.331
2025-07-25 18:30:00+00:00,3648.29,3654.14,3643.45,3653.28,20004.053
2025-07-25 18:45:00+00:00,3653.29,3656.21,3646.64,3648.26,17038.724
2025-07-25 19:00:00+00:00,3648.26,3656.53,3644.0,3653.09,21199.546
2025-07-25 19:15:00+00:00,3653.08,3655.73,3641.15,3642.53,18859.347
2025-07-25 19:30:00+00:00,3642.54,3657.38,3642.0,3653.49,21281.524
2025-07-25 19:45:00+00:00,3653.5,3658.5,3638.75,3639.56,37009.241
2025-07-25 20:00:00+00:00,3639.55,3647.25,3637.42,3642.61,21724.156
2025-07-25 20:15:00+00:00,3642.61,3661.55,3642.6,3661.07,26286.328
2025-07-25 20:30:00+00:00,3661.07,3691.69,3657.67,3690.28,96356.502
2025-07-25 20:45:00+00:00,3690.28,3696.66,3682.0,3683.58,59998.566
2025-07-25 21:00:00+00:00,3683.58,3716.31,3683.58,3713.99,77339.283
2025-07-25 21:15:00+00:00,3714.0,3725.55,3708.39,3719.27,79087.913
2025-07-25 21:30:00+00:00,3719.27,3721.0,3706.0,3708.58,44616.996
2025-07-25 21:45:00+00:00,3708.57,3726.08,3707.32,3718.85,36412.394
2025-07-25 22:00:00+00:00,3718.85,3725.53,3714.0,3722.62,29106.128
2025-07-25 22:15:00+00:00,3722.61,3725.75,3714.33,3718.3,25498.366
2025-07-25 22:30:00+00:00,3718.3,3729.53,3718.0,3723.53,28715.343
2025-07-25 22:45:00+00:00,3723.53,3723.54,3716.43,3719.65,30875.447
2025-07-25 23:00:00+00:00,3719.65,3720.0,3708.24,3708.74,38456.598
2025-07-25 23:15:00+00:00,3708.73,3723.72,3708.73,3714.84,23470.743
2025-07-25 23:30:00+00:00,3714.85,3726.21,3712.67,3720.17,18618.686
2025-07-25 23:45:00+00:00,3720.16,3729.0,3719.64,3724.17,25543.965
2025-07-26 00:00:00+00:00,3724.18,3725.69,3710.21,3713.05,28353.897
2025-07-26 00:15:00+00:00,3713.05,3727.64,3712.0,3726.67,17539.858
2025-07-26 00:30:00+00:00,3726.68,3727.12,3719.29,3719.55,16691.425
2025-07-26 00:45:00+00:00,3719.56,3725.0,3712.82,3724.75,19551.91
2025-07-26 01:00:00+00:00,3724.76,3725.28,3715.62,3721.05,13218.455
2025-07-26 01:15:00+00:00,3721.06,3721.49,3713.02,3718.58,13766.451
2025-07-26 01:30:00+00:00,3718.58,3721.23,3708.11,3708.48,19507.813
2025-07-26 01:45:00+00:00,3708.48,3714.39,3694.56,3701.34,57695.766
2025-07-26 02:00:00+00:00,3701.34,3714.8,3701.33,3714.79,23238.527
2025-07-26 02:15:00+00:00,3714.8,3747.0,3714.79,3745.21,115066.551
2025-07-26 02:30:00+00:00,3745.2,3766.83,3729.54,3734.72,200611.423
2025-07-26 02:45:00+00:00,3734.72,3745.89,3734.0,3741.28,73618.982
2025-07-26 03:00:00+00:00,3741.28,3742.4,3730.0,3736.04,30184.386
2025-07-26 03:15:00+00:00,3736.04,3740.56,3727.1,3727.78,21134.951
2025-07-26 03:30:00+00:00,3727.78,3735.4,3727.17,3732.9,13350.267
2025-07-26 03:45:00+00:00,3732.9,3746.06,3731.61,3738.01,26619.274
2025-07-26 04:00:00+00:00,3738.0,3748.79,3735.82,3746.76,27013.967
2025-07-26 04:15:00+00:00,3746.76,3748.81,3739.82,3744.6,15652.522
2025-07-26 04:30:00+00:00,3744.6,3749.99,3742.5,3749.52,18314.721
2025-07-26 04:45:00+00:00,3749.53,3752.84,3743.76,3747.0,18241.505
2025-07-26 05:00:00+00:00,3747.01,3748.29,3732.46,3737.5,25761.248
2025-07-26 05:15:00+00:00,3737.5,3749.27,3736.9,3748.82,19633.305
2025-07-26 05:30:00+00:00,3748.82,3756.4,3745.85,3748.99,19039.731
2025-07-26 05:45:00+00:00,3749.0,3750.42,3744.3,3746.69,14495.949
2025-07-26 06:00:00+00:00,3746.69,3749.28,3739.25,3743.12,15415.671
2025-07-26 06:15:00+00:00,3743.13,3746.55,3729.32,3737.33,34174.435
2025-07-26 06:30:00+00:00,3737.34,3743.57,3733.51,3739.78,14471.076
2025-07-26 06:45:00+00:00,3739.78,3740.92,3733.63,3738.36,12394.599
2025-07-26 07:00:00+00:00,3738.36,3745.45,3736.43,3744.8,13975.657
2025-07-26 07:15:00+00:00,3744.81,3747.37,3740.23,3741.84,12231.513
2025-07-26 07:30:00+00:00,3741.84,3745.0,3739.0,3743.7,9579.399
2025-07-26 07:45:00+00:00,3743.7,3745.6,3739.78,3741.03,10072.874
2025-07-26 08:00:00+00:00,3741.04,3745.53,3741.03,3742.91,10567.621
2025-07-26 08:15:00+00:00,3742.91,3764.42,3742.42,3761.01,78676.187
2025-07-26 08:30:00+00:00,3761.0,3765.66,3754.01,3755.55,30079.471
2025-07-26 08:45:00+00:00,3755.56,3781.26,3753.9,3761.19,138759.941
2025-07-26 09:00:00+00:00,3761.19,3764.76,3747.46,3757.52,65654.633
2025-07-26 09:15:00+00:00,3757.52,3761.62,3750.59,3751.0,19717.105
2025-07-26 09:30:00+00:00,3751.0,3754.48,3747.62,3752.66,21683.157
2025-07-26 09:45:00+00:00,3752.65,3758.28,3750.62,3757.4,14674.348
2025-07-26 10:00:00+00:00,3757.4,3762.6,3750.77,3756.91,20904.213
2025-07-26 10:15:00+00:00,3756.91,3766.0,3756.91,3762.71,28137.361
2025-07-26 10:30:00+00:00,3762.72,3783.62,3760.67,3778.74,68082.41
2025-07-26 10:45:00+00:00,3778.74,3779.32,3756.7,3758.39,64397.524
2025-07-26 11:00:00+00:00,3758.4,3766.99,3754.63,3766.4,25843.981
2025-07-26 11:15:00+00:00,3766.41,3768.86,3742.82,3748.08,88234.649
2025-07-26 11:30:00+00:00,3748.07,3748.51,3725.0,3740.61,127489.08
2025-07-26 11:45:00+00:00,3740.61,3743.55,3732.71,3738.44,32865.986
2025-07-26 12:00:00+00:00,3738.43,3740.83,3725.9,3735.42,47288.877
2025-07-26 12:15:00+00:00,3735.42,3749.0,3735.41,3741.07,77006.728
2025-07-26 12:30:00+00:00,3741.08,3745.0,3738.12,3744.1,25379.724
2025-07-26 12:45:00+00:00,3744.1,3751.41,3740.0,3740.89,28652.15
2025-07-26 13:00:00+00:00,3740.89,3750.63,3735.0,3749.38,31226.895
2025-07-26 13:15:00+00:00,3749.39,3749.39,3741.0,3743.99,14115.705
2025-07-26 13:30:00+00:00,3744.0,3752.0,3740.97,3751.88,18844.117
2025-07-26 13:45:00+00:00,3751.87,3753.0,3740.46,3742.66,22436.711
2025-07-26 14:00:00+00:00,3742.66,3747.81,3735.31,3739.02,29355.294
2025-07-26 14:15:00+00:00,3739.01,3744.51,3722.0,3728.94,68645.432
2025-07-26 14:30:00+00:00,3728.94,3734.32,3725.2,3733.4,30788.063
2025-07-26 14:45:00+00:00,3733.4,3737.28,3726.0,3726.62,27568.29
2025-07-26 15:00:00+00:00,3726.63,3735.61,3718.97,3721.74,39791.147
2025-07-26 15:15:00+00:00,3721.73,3726.35,3714.14,3723.83,48344.479
2025-07-26 15:30:00+00:00,3723.83,3730.5,3721.54,3728.72,19270.748
2025-07-26 15:45:00+00:00,3728.72,3739.01,3728.27,3734.51,24289.177
2025-07-26 16:00:00+00:00,3734.52,3741.22,3718.0,3724.0,61697.959
2025-07-26 16:15:00+00:00,3724.0,3733.85,3724.0,3729.61,22415.39
2025-07-26 16:30:00+00:00,3729.62,3734.44,3724.09,3727.94,16563.159
2025-07-26 16:45:00+00:00,3727.93,3730.33,3722.22,3726.74,10278.706
2025-07-26 17:00:00+00:00,3726.74,3727.4,3720.0,3725.78,13724.574
2025-07-26 17:15:00+00:00,3725.78,3733.65,3724.0,3729.41,12976.005
2025-07-26 17:30:00+00:00,3729.41,3729.9,3720.14,3723.04,13119.67
2025-07-26 17:45:00+00:00,3723.03,3725.55,3720.92,3722.35,8441.614
2025-07-26 18:00:00+00:00,3722.35,3728.05,3720.75,3725.57,10928.384
2025-07-26 18:15:00+00:00,3725.58,3732.23,3705.92,3730.21,82381.124
2025-07-26 18:30:00+00:00,3730.21,3755.0,3730.21,3742.47,101000.059
2025-07-26 18:45:00+00:00,3742.48,3746.39,3738.04,3738.67,24829.157
2025-07-26 19:00:00+00:00,3738.67,3747.5,3738.22,3743.46,13809.281
2025-07-26 19:15:00+00:00,3743.46,3749.44,3739.83,3742.26,12848.816
2025-07-26 19:30:00+00:00,3742.26,3745.0,3738.9,3743.87,7148.21
2025-07-26 19:45:00+00:00,3743.87,3756.38,3742.74,3749.33,37675.451
2025-07-26 20:00:00+00:00,3749.32,3750.65,3739.76,3740.08,16039.766
2025-07-26 20:15:00+00:00,3740.07,3742.32,3735.48,3735.88,14979.171
2025-07-26 20:30:00+00:00,3735.87,3747.95,3731.11,3744.77,18614.855
2025-07-26 20:45:00+00:00,3744.77,3747.85,3740.28,3743.66,11262.142
2025-07-26 21:00:00+00:00,3743.65,3743.65,3735.74,3736.96,11759.351
2025-07-26 21:15:00+00:00,3736.95,3743.38,3736.29,3741.89,10845.258
2025-07-26 21:30:00+00:00,3741.88,3749.97,3741.88,3745.95,14027.395
2025-07-26 21:45:00+00:00,3745.94,3764.0,3745.38,3757.27,32224.854
2025-07-26 22:00:00+00:00,3757.27,3765.0,3748.0,3757.11,37622.053
2025-07-26 22:15:00+00:00,3757.12,3795.2,3745.34,3745.34,215077.733
2025-07-26 22:30:00+00:00,3745.35,3755.87,3740.42,3749.64,53275.488
2025-07-26 22:45:00+00:00,3749.63,3754.88,3746.21,3748.4,17459.362
2025-07-26 23:00:00+00:00,3748.41,3754.0,3744.08,3744.55,14623.972
2025-07-26 23:15:00+00:00,3744.55,3750.0,3737.68,3743.06,21370.582
2025-07-26 23:30:00+00:00,3743.06,3743.67,3734.8,3741.19,18526.17
2025-07-26 23:45:00+00:00,3741.18,3741.19,3736.08,3740.0,10895.045
2025-07-27 00:00:00+00:00,3740.0,3741.44,3728.36,3734.78,33598.556
2025-07-27 00:15:00+00:00,3734.78,3743.66,3731.2,3740.15,20394.417
2025-07-27 00:30:00+00:00,3740.15,3751.5,3738.04,3743.06,18568.143
2025-07-27 00:45:00+00:00,3743.05,3754.81,3738.83,3754.81,22378.318
2025-07-27 01:00:00+00:00,3754.8,3767.77,3748.64,3766.39,27199.767
2025-07-27 01:15:00+00:00,3766.39,3771.68,3761.57,3764.28,29089.067
2025-07-27 01:30:00+00:00,3764.28,3768.51,3758.57,3763.31,19643.604
2025-07-27 01:45:00+00:00,3763.31,3763.66,3751.54,3754.87,23937.703
2025-07-27 02:00:00+00:00,3754.87,3765.25,3750.05,3764.77,15769.342
2025-07-27 02:15:00+00:00,3764.78,3769.39,3759.11,3761.0,21972.332
2025-07-27 02:30:00+00:00,3760.99,3770.81,3760.79,3768.82,15737.356
2025-07-27 02:45:00+00:00,3768.82,3787.22,3763.29,3783.7,57771.769
2025-07-27 03:00:00+00:00,3783.7,3785.53,3772.09,3773.7,27237.537
2025-07-27 03:15:00+00:00,3773.71,3779.61,3768.97,3775.3,17941.815
2025-07-27 03:30:00+00:00,3775.3,3779.96,3770.99,3777.51,13813.596
2025-07-27 03:45:00+00:00,3777.52,3779.25,3770.08,3772.92,13980.301
2025-07-27 04:00:00+00:00,3772.91,3777.51,3767.0,3768.91,13676.762
2025-07-27 04:15:00+00:00,3768.9,3776.74,3768.26,3773.05,10786.0
2025-07-27 04:30:00+00:00,3773.05,3787.0,3772.49,3784.0,30605.979
2025-07-27 04:45:00+00:00,3784.0,3790.8,3779.44,3789.36,29897.322
2025-07-27 05:00:00+00:00,3789.37,3794.0,3784.27,3790.97,26184.712
2025-07-27 05:15:00+00:00,3790.97,3810.28,3787.88,3798.23,135049.953
2025-07-27 05:30:00+00:00,3798.22,3799.97,3785.0,3785.96,85529.802
2025-07-27 05:45:00+00:00,3785.96,3791.14,3782.0,3789.84,32081.138
2025-07-27 06:00:00+00:00,3789.83,3789.84,3771.45,3776.69,46605.519
2025-07-27 06:15:00+00:00,3776.69,3780.67,3772.52,3774.24,19152.018
2025-07-27 06:30:00+00:00,3774.23,3778.25,3771.31,3776.83,19378.521
2025-07-27 06:45:00+00:00,3776.83,3777.94,3762.26,3771.01,50872.945
2025-07-27 07:00:00+00:00,3771.01,3777.43,3765.52,3775.0,37425.213
2025-07-27 07:15:00+00:00,3775.01,3781.59,3772.41,3774.92,21473.447
2025-07-27 07:30:00+00:00,3774.91,3775.37,3769.03,3773.27,11498.744
2025-07-27 07:45:00+00:00,3773.26,3774.09,3761.01,3766.5,25624.745
2025-07-27 08:00:00+00:00,3766.5,3772.33,3764.68,3768.89,25858.388
2025-07-27 08:15:00+00:00,3768.89,3775.42,3765.36,3767.47,20593.969
2025-07-27 08:30:00+00:00,3767.48,3770.93,3763.09,3770.62,19461.991
2025-07-27 08:45:00+00:00,3770.63,3774.16,3768.17,3769.5,12509.506
2025-07-27 09:00:00+00:00,3769.51,3772.59,3765.06,3768.19,14041.763
2025-07-27 09:15:00+00:00,3768.19,3770.92,3765.65,3766.29,9901.336
2025-07-27 09:30:00+00:00,3766.29,3770.99,3762.21,3765.05,28571.384
2025-07-27 09:45:00+00:00,3765.05,3765.17,3747.32,3762.31,70075.006
2025-07-27 10:00:00+00:00,3762.31,3777.06,3762.0,3776.34,51924.379
2025-07-27 10:15:00+00:00,3776.35,3791.81,3776.03,3783.96,68087.538
2025-07-27 10:30:00+00:00,3783.96,3823.27,3781.13,3820.0,164021.972
2025-07-27 10:45:00+00:00,3819.99,3840.0,3810.64,3815.72,222141.902
2025-07-27 11:00:00+00:00,3815.71,3826.11,3807.06,3824.2,81730.108
2025-07-27 11:15:00+00:00,3824.2,3835.0,3820.57,3823.66,62577.165
2025-07-27 11:30:00+00:00,3823.67,3831.47,3809.87,3813.48,61060.139
2025-07-27 11:45:00+00:00,3813.48,3817.68,3803.6,3814.16,57069.079
2025-07-27 12:00:00+00:00,3814.17,3835.0,3814.16,3833.22,86145.719
2025-07-27 12:15:00+00:00,3833.22,3836.0,3811.79,3813.87,64659.049
2025-07-27 12:30:00+00:00,3813.86,3818.23,3804.12,3811.61,61454.242
2025-07-27 12:45:00+00:00,3811.62,3829.44,3811.36,3825.09,62102.973
2025-07-27 13:00:00+00:00,3825.08,3829.98,3818.0,3820.65,29028.359
2025-07-27 13:15:00+00:00,3820.64,3820.88,3813.0,3818.85,19624.635
2025-07-27 13:30:00+00:00,3818.85,3819.36,3809.69,3811.68,25536.893
2025-07-27 13:45:00+00:00,3811.68,3813.5,3805.23,3809.23,32433.938
2025-07-27 14:00:00+00:00,3809.23,3816.65,3804.08,3811.14,31660.454
2025-07-27 14:15:00+00:00,3811.17,3822.24,3806.18,3811.44,30089.556
2025-07-27 14:30:00+00:00,3811.43,3817.47,3804.45,3804.96,25247.147
2025-07-27 14:45:00+00:00,3804.96,3812.16,3790.61,3808.31,77231.104
2025-07-27 15:00:00+00:00,3808.31,3811.59,3794.67,3797.03,32608.372
2025-07-27 15:15:00+00:00,3797.01,3809.9,3792.33,3804.31,30635.793
2025-07-27 15:30:00+00:00,3804.31,3817.0,3802.6,3814.42,27675.301
2025-07-27 15:45:00+00:00,3814.41,3821.16,3811.0,3817.66,27187.829
2025-07-27 16:00:00+00:00,3817.67,3830.81,3817.16,3828.12,57711.824
2025-07-27 16:15:00+00:00,3828.13,3838.42,3823.83,3835.47,61995.125
2025-07-27 16:30:00+00:00,3835.47,3850.0,3832.99,3834.07,112374.886
2025-07-27 16:45:00+00:00,3834.07,3841.99,3810.0,3814.8,90333.653
2025-07-27 17:00:00+00:00,3814.8,3823.98,3807.83,3815.64,55304.399
2025-07-27 17:15:00+00:00,3815.63,3825.77,3809.0,3823.68,37681.116
2025-07-27 17:30:00+00:00,3823.68,3828.96,3814.99,3825.75,32471.266
2025-07-27 17:45:00+00:00,3826.33,3841.29,3825.0,3837.43,46365.401
2025-07-27 18:00:00+00:00,3837.43,3849.98,3830.78,3845.83,57996.32
2025-07-27 18:15:00+00:00,3845.83,3868.97,3839.53,3860.01,148023.16
2025-07-27 18:30:00+00:00,3860.01,3865.24,3850.0,3854.73,49100.764
2025-07-27 18:45:00+00:00,3854.73,3854.73,3843.66,3845.43,32055.049
2025-07-27 19:00:00+00:00,3845.43,3851.54,3839.01,3847.21,25978.23
2025-07-27 19:15:00+00:00,3847.2,3847.2,3835.0,3836.99,20821.701
2025-07-27 19:30:00+00:00,3836.99,3843.0,3830.0,3832.8,22491.84
2025-07-27 19:45:00+00:00,3832.81,3837.36,3825.01,3827.35,24373.091
2025-07-27 20:00:00+00:00,3827.35,3842.52,3826.55,3835.82,31577.843
2025-07-27 20:15:00+00:00,3835.82,3840.13,3828.66,3833.02,14833.983
2025-07-27 20:30:00+00:00,3833.02,3833.24,3822.22,3823.52,22372.843
2025-07-27 20:45:00+00:00,3823.53,3828.66,3818.0,3821.33,22461.22
2025-07-27 21:00:00+00:00,3821.34,3829.06,3819.99,3820.93,13313.239
2025-07-27 21:15:00+00:00,3820.92,3826.57,3817.16,3826.56,15043.658
2025-07-27 21:30:00+00:00,3826.56,3830.74,3814.49,3819.2,28279.727
2025-07-27 21:45:00+00:00,3819.19,3839.46,3819.0,3835.37,23832.135
2025-07-27 22:00:00+00:00,3835.37,3855.78,3834.0,3854.44,61277.645
2025-07-27 22:15:00+00:00,3854.45,3859.5,3841.02,3854.34,32444.979
2025-07-27 22:30:00+00:00,3854.34,3874.49,3848.05,3873.23,67010.104
2025-07-27 22:45:00+00:00,3873.23,3878.53,3858.86,3863.1,73625.781
2025-07-27 23:00:00+00:00,3863.11,3863.76,3837.66,3841.79,65706.102
2025-07-27 23:15:00+00:00,3841.79,3861.64,3839.51,3858.15,42074.402
2025-07-27 23:30:00+00:00,3858.15,3864.99,3848.87,3860.92,27292.154
2025-07-27 23:45:00+00:00,3860.92,3875.0,3859.0,3871.47,37288.686
2025-07-28 00:00:00+00:00,3871.48,3881.88,3858.0,3880.59,54961.962
2025-07-28 00:15:00+00:00,3880.6,3886.6,3870.0,3884.15,95385.507
2025-07-28 00:30:00+00:00,3884.14,3884.99,3864.0,3864.14,45876.889
2025-07-28 00:45:00+00:00,3864.15,3872.57,3853.84,3860.25,60666.563
2025-07-28 01:00:00+00:00,3860.24,3863.92,3847.08,3851.27,55123.681
2025-07-28 01:15:00+00:00,3851.26,3863.92,3848.94,3858.7,43718.329
2025-07-28 01:30:00+00:00,3858.69,3858.69,3845.36,3848.23,31891.584
2025-07-28 01:45:00+00:00,3848.23,3850.96,3843.12,3848.65,26921.816
2025-07-28 02:00:00+00:00,3848.65,3858.6,3841.69,3855.51,50044.367
2025-07-28 02:15:00+00:00,3855.5,3874.88,3855.21,3873.9,47691.791
2025-07-28 02:30:00+00:00,3873.89,3907.88,3871.13,3889.18,252210.722
2025-07-28 02:45:00+00:00,3889.17,3897.89,3879.05,3884.94,59254.337
2025-07-28 03:00:00+00:00,3884.94,3892.89,3875.01,3879.2,43784.811
2025-07-28 03:15:00+00:00,3879.2,3884.32,3870.0,3870.27,39286.925
2025-07-28 03:30:00+00:00,3870.27,3878.5,3866.87,3867.05,28006.499
2025-07-28 03:45:00+00:00,3867.05,3878.85,3866.86,3878.47,34494.793
2025-07-28 04:00:00+00:00,3878.46,3885.93,3870.74,3870.75,33606.088
2025-07-28 04:15:00+00:00,3870.74,3880.76,3867.0,3879.01,30224.954
2025-07-28 04:30:00+00:00,3879.0,3902.0,3873.32,3897.35,74328.031
2025-07-28 04:45:00+00:00,3897.34,3905.0,3893.06,3901.21,62815.14
2025-07-28 05:00:00+00:00,3901.22,3923.64,3899.27,3920.63,120891.773
2025-07-28 05:15:00+00:00,3920.64,3940.0,3920.64,3938.0,175911.501
2025-07-28 05:30:00+00:00,3938.0,3939.99,3922.38,3934.21,101081.628
2025-07-28 05:45:00+00:00,3934.22,3940.81,3927.25,3929.11,59234.308
2025-07-28 06:00:00+00:00,3929.1,3933.62,3924.0,3932.37,36419.321
2025-07-28 06:15:00+00:00,3932.36,3933.63,3916.0,3921.01,63261.069
2025-07-28 06:30:00+00:00,3921.01,3927.3,3909.22,3911.22,69118.722
2025-07-28 06:45:00+00:00,3911.22,3915.79,3908.3,3911.81,44753.229
2025-07-28 07:00:00+00:00,3911.8,3913.45,3880.0,3883.0,192979.146
2025-07-28 07:15:00+00:00,3882.99,3896.46,3874.95,3894.13,112659.459
2025-07-28 07:30:00+00:00,3894.12,3895.57,3882.24,3888.59,53036.111
2025-07-28 07:45:00+00:00,3888.58,3893.09,3885.94,3892.01,22371.277
2025-07-28 08:00:00+00:00,3892.0,3903.2,3883.0,3886.51,53007.861
2025-07-28 08:15:00+00:00,3886.51,3899.72,3886.28,3896.61,27049.244
2025-07-28 08:30:00+00:00,3896.6,3897.55,3881.34,3886.79,34793.283
2025-07-28 08:45:00+00:00,3886.8,3893.0,3884.68,3890.56,15860.923
2025-07-28 09:00:00+00:00,3890.56,3890.75,3882.39,3885.7,27808.754
2025-07-28 09:15:00+00:00,3885.69,3891.0,3878.13,3880.35,24695.975
2025-07-28 09:30:00+00:00,3880.34,3888.57,3870.92,3876.83,45806.572
2025-07-28 09:45:00+00:00,3876.83,3895.0,3876.83,3893.33,45100.866
2025-07-28 10:00:00+00:00,3893.32,3896.77,3880.34,3881.27,29233.289
2025-07-28 10:15:00+00:00,3881.27,3892.74,3881.03,3888.69,21309.416
2025-07-28 10:30:00+00:00,3888.69,3888.69,3874.73,3885.17,50559.479
2025-07-28 10:45:00+00:00,3885.17,3889.0,3879.72,3887.06,23958.078
2025-07-28 11:00:00+00:00,3887.05,3893.06,3876.0,3877.82,33650.973
2025-07-28 11:15:00+00:00,3877.82,3878.4,3868.09,3868.97,40241.06
2025-07-28 11:30:00+00:00,3868.96,3875.73,3856.61,3870.01,88233.682
2025-07-28 11:45:00+00:00,3870.01,3879.2,3870.0,3878.59,28230.669
2025-07-28 12:00:00+00:00,3878.59,3885.78,3871.47,3880.43,33705.919
2025-07-28 12:15:00+00:00,3880.41,3888.8,3878.32,3882.38,29015.379
2025-07-28 12:30:00+00:00,3882.37,3888.44,3879.6,3885.45,18067.854
2025-07-28 12:45:00+00:00,3885.44,3886.27,3867.0,3869.82,48842.379
2025-07-28 13:00:00+00:00,3869.82,3874.0,3854.08,3857.8,74119.438
2025-07-28 13:15:00+00:00,3857.81,3862.92,3833.66,3843.47,209469.405
2025-07-28 13:30:00+00:00,3843.48,3868.27,3825.01,3851.45,200573.604
2025-07-28 13:45:00+00:00,3851.45,3859.0,3831.61,3842.8,102643.425
2025-07-28 14:00:00+00:00,3842.8,3851.67,3831.13,3835.27,67900.785
2025-07-28 14:15:00+00:00,3835.27,3838.0,3775.0,3783.44,506087.229
2025-07-28 14:30:00+00:00,3783.45,3799.58,3770.01,3794.0,168060.62
2025-07-28 14:45:00+00:00,3793.99,3795.0,3779.16,3783.47,74300.642
2025-07-28 15:00:00+00:00,3783.48,3800.98,3779.52,3800.01,76423.792
2025-07-28 15:15:00+00:00,3800.0,3821.96,3797.81,3813.6,208093.294
2025-07-28 15:30:00+00:00,3813.6,3820.0,3802.28,3804.96,46899.49
2025-07-28 15:45:00+00:00,3804.96,3812.78,3788.38,3806.09,70185.006
2025-07-28 16:00:00+00:00,3806.09,3808.43,3791.39,3796.96,56883.271
2025-07-28 16:15:00+00:00,3796.95,3814.89,3793.0,3811.98,47919.386
2025-07-28 16:30:00+00:00,3811.97,3817.14,3802.56,3816.0,40915.912
2025-07-28 16:45:00+00:00,3815.99,3821.0,3803.8,3804.54,46461.584
2025-07-28 17:00:00+00:00,3804.51,3808.21,3791.29,3791.89,37473.985
2025-07-28 17:15:00+00:00,3791.9,3801.84,3776.31,3801.24,100053.408
2025-07-28 17:30:00+00:00,3801.25,3807.42,3786.05,3790.74,30481.006
2025-07-28 17:45:00+00:00,3790.74,3795.05,3781.06,3783.22,34364.279
2025-07-28 18:00:00+00:00,3783.23,3787.12,3751.03,3776.43,172292.463
2025-07-28 18:15:00+00:00,3776.43,3779.13,3751.32,3770.14,67284.938
2025-07-28 18:30:00+00:00,3770.14,3777.0,3752.31,3775.67,63315.651
2025-07-28 18:45:00+00:00,3775.67,3783.24,3768.0,3781.04,39810.442
2025-07-28 19:00:00+00:00,3781.05,3801.67,3780.17,3799.24,73169.72
2025-07-28 19:15:00+00:00,3799.24,3805.0,3796.53,3797.72,37751.679
2025-07-28 19:30:00+00:00,3797.72,3797.73,3768.08,3770.55,61929.31
2025-07-28 19:45:00+00:00,3770.55,3797.0,3762.21,3796.02,76168.645
2025-07-28 20:00:00+00:00,3796.01,3802.92,3775.14,3779.7,59637.111
2025-07-28 20:15:00+00:00,3779.7,3786.72,3764.27,3765.49,50782.718
2025-07-28 20:30:00+00:00,3765.5,3785.94,3763.92,3776.06,41559.352
2025-07-28 20:45:00+00:00,3776.05,3789.69,3771.01,3786.2,23116.495
2025-07-28 21:00:00+00:00,3786.19,3794.59,3777.33,3780.56,23467.793
2025-07-28 21:15:00+00:00,3780.57,3788.0,3772.91,3782.35,27430.802
2025-07-28 21:30:00+00:00,3782.36,3801.25,3777.96,3801.25,34728.305
2025-07-28 21:45:00+00:00,3801.25,3801.99,3778.8,3787.24,29912.91
2025-07-28 22:00:00+00:00,3787.23,3801.69,3786.43,3797.19,33768.717
2025-07-28 22:15:00+00:00,3797.19,3799.6,3785.54,3792.71,23280.741
2025-07-28 22:30:00+00:00,3792.7,3795.3,3763.47,3774.58,58206.335
2025-07-28 22:45:00+00:00,3774.58,3785.54,3768.02,3785.09,26852.723
2025-07-28 23:00:00+00:00,3785.1,3787.45,3772.94,3785.99,24789.93
2025-07-28 23:15:00+00:00,3786.0,3798.63,3781.87,3784.01,35498.949
2025-07-28 23:30:00+00:00,3784.0,3798.55,3781.19,3786.37,24516.011
2025-07-28 23:45:00+00:00,3786.37,3796.0,3773.04,3796.0,41025.637
2025-07-29 00:00:00+00:00,3795.99,3808.25,3786.31,3806.69,54314.4
2025-07-29 00:15:00+00:00,3806.69,3819.99,3806.0,3807.84,76018.197
2025-07-29 00:30:00+00:00,3807.84,3815.17,3734.0,3753.16,251880.73
2025-07-29 00:45:00+00:00,3753.17,3778.95,3745.21,3778.87,74719.542
2025-07-29 01:00:00+00:00,3778.87,3785.65,3766.88,3781.2,37762.202
2025-07-29 01:15:00+00:00,3781.2,3796.6,3779.3,3793.75,37494.596
2025-07-29 01:30:00+00:00,3793.75,3797.17,3783.35,3784.23,25671.013
2025-07-29 01:45:00+00:00,3784.23,3784.98,3756.0,3756.76,55328.959
2025-07-29 02:00:00+00:00,3756.76,3771.86,3755.1,3768.85,40791.166
2025-07-29 02:15:00+00:00,3768.85,3769.8,3727.21,3757.23,144438.297
2025-07-29 02:30:00+00:00,3757.25,3764.0,3742.8,3752.63,44413.697
2025-07-29 02:45:00+00:00,3752.63,3760.0,3740.24,3757.54,49373.426
2025-07-29 03:00:00+00:00,3757.54,3782.37,3757.45,3781.15,66050.211
2025-07-29 03:15:00+00:00,3781.15,3785.65,3773.52,3782.31,33702.589
2025-07-29 03:30:00+00:00,3782.31,3788.6,3773.33,3788.41,33370.694
2025-07-29 03:45:00+00:00,3788.4,3797.0,3777.6,3790.46,56979.545
2025-07-29 04:00:00+00:00,3790.46,3801.01,3787.64,3799.84,32415.255
2025-07-29 04:15:00+00:00,3799.85,3799.85,3785.64,3787.54,27431.083
2025-07-29 04:30:00+00:00,3787.53,3793.98,3780.41,3783.3,21923.665
2025-07-29 04:45:00+00:00,3783.3,3786.11,3773.86,3776.66,30521.855
2025-07-29 05:00:00+00:00,3776.65,3793.39,3776.65,3788.03,23686.038
2025-07-29 05:15:00+00:00,3788.03,3792.65,3780.7,3789.69,11409.182
2025-07-29 05:30:00+00:00,3789.69,3802.74,3787.0,3798.0,31470.772
2025-07-29 05:45:00+00:00,3797.99,3806.81,3796.12,3805.86,27596.705
2025-07-29 06:00:00+00:00,3805.87,3811.74,3800.0,3809.2,40289.217
2025-07-29 06:15:00+00:00,3809.21,3821.66,3808.33,3815.45,74177.89
2025-07-29 06:30:00+00:00,3815.46,3829.26,3810.26,3820.06,65274.784
2025-07-29 06:45:00+00:00,3820.06,3835.0,3813.61,3827.73,103638.26
2025-07-29 07:00:00+00:00,3827.74,3842.84,3827.47,3840.25,108188.305
2025-07-29 07:15:00+00:00,3840.25,3846.0,3831.88,3832.4,58705.509
2025-07-29 07:30:00+00:00,3832.4,3876.64,3832.4,3873.32,196022.115
2025-07-29 07:45:00+00:00,3873.33,3879.57,3867.86,3876.56,95873.278
2025-07-29 08:00:00+00:00,3876.56,3885.43,3867.15,3870.02,90880.963
2025-07-29 08:15:00+00:00,3870.02,3877.79,3858.76,3862.85,58258.277
2025-07-29 08:30:00+00:00,3862.85,3880.0,3862.85,3876.41,60014.864
2025-07-29 08:45:00+00:00,3876.41,3884.28,3866.2,3871.55,38778.282
2025-07-29 09:00:00+00:00,3871.55,3878.3,3867.13,3867.17,43181.721
2025-07-29 09:15:00+00:00,3867.16,3879.1,3862.96,3874.37,42035.665
2025-07-29 09:30:00+00:00,3874.37,3876.62,3867.31,3876.43,25762.018
2025-07-29 09:45:00+00:00,3876.42,3876.81,3870.6,3871.93,15526.758
2025-07-29 10:00:00+00:00,3871.92,3873.91,3850.0,3852.14,87926.108
2025-07-29 10:15:00+00:00,3852.14,3858.7,3840.66,3852.32,75615.254
2025-07-29 10:30:00+00:00,3852.31,3866.0,3842.0,3846.26,60030.198
2025-07-29 10:45:00+00:00,3846.27,3847.48,3823.0,3828.72,96242.227
2025-07-29 11:00:00+00:00,3828.72,3829.81,3820.0,3828.97,64894.964
2025-07-29 11:15:00+00:00,3828.96,3834.43,3824.43,3830.69,60229.059
2025-07-29 11:30:00+00:00,3830.69,3839.0,3810.15,3815.1,92960.514
2025-07-29 11:45:00+00:00,3815.11,3826.06,3813.28,3824.65,39784.516
2025-07-29 12:00:00+00:00,3824.64,3843.41,3821.46,3824.33,91534.596
2025-07-29 12:15:00+00:00,3824.34,3856.0,3824.33,3849.43,113333.329
2025-07-29 12:30:00+00:00,3849.43,3860.0,3841.97,3854.57,62215.3
2025-07-29 12:45:00+00:00,3854.57,3855.24,3845.19,3851.49,26178.89
2025-07-29 13:00:00+00:00,3851.49,3858.61,3840.01,3849.26,49785.231
2025-07-29 13:15:00+00:00,3849.26,3874.97,3848.0,3864.29,93463.697
2025-07-29 13:30:00+00:00,3864.29,3867.64,3846.0,3852.33,58054.859
2025-07-29 13:45:00+00:00,3852.34,3857.78,3826.76,3837.88,111135.432
2025-07-29 14:00:00+00:00,3837.88,3839.5,3790.0,3809.07,230667.15
2025-07-29 14:15:00+00:00,3809.07,3825.68,3801.72,3819.44,94101.704
2025-07-29 14:30:00+00:00,3819.45,3819.8,3797.69,3806.73,70227.626
2025-07-29 14:45:00+00:00,3806.73,3812.36,3766.55,3780.61,207570.148
2025-07-29 15:00:00+00:00,3780.61,3782.51,3760.0,3771.17,158602.341
2025-07-29 15:15:00+00:00,3771.17,3774.99,3755.68,3759.45,97627.07
2025-07-29 15:30:00+00:00,3759.44,3765.8,3745.01,3758.05,116579.812
2025-07-29 15:45:00+00:00,3758.05,3770.0,3753.2,3759.52,104031.088
2025-07-29 16:00:00+00:00,3759.52,3767.5,3748.05,3756.89,70867.778
2025-07-29 16:15:00+00:00,3756.88,3762.5,3737.04,3745.96,103443.508
2025-07-29 16:30:00+00:00,3745.96,3750.68,3712.24,3736.35,253733.225
2025-07-29 16:45:00+00:00,3736.34,3757.9,3728.36,3749.49,124107.868
2025-07-29 17:00:00+00:00,3749.49,3770.53,3742.59,3769.19,109126.78
2025-07-29 17:15:00+00:00,3769.19,3784.27,3758.88,3782.65,159488.673
2025-07-29 17:30:00+00:00,3782.65,3792.94,3757.39,3757.87,112247.722
2025-07-29 17:45:00+00:00,3757.87,3773.0,3756.99,3768.06,45050.907
2025-07-29 18:00:00+00:00,3768.05,3775.0,3750.22,3760.95,40628.336
2025-07-29 18:15:00+00:00,3760.95,3767.69,3750.97,3766.48,23144.384
2025-07-29 18:30:00+00:00,3766.47,3775.0,3763.82,3765.99,31547.668
2025-07-29 18:45:00+00:00,3766.0,3773.3,3760.76,3769.36,16835.786
2025-07-29 19:00:00+00:00,3769.36,3781.41,3766.35,3781.26,33383.995
2025-07-29 19:15:00+00:00,3781.27,3795.0,3756.66,3760.82,95618.28
2025-07-29 19:30:00+00:00,3760.82,3772.87,3760.0,3768.0,29375.677
2025-07-29 19:45:00+00:00,3767.99,3773.92,3760.26,3763.78,30388.409
2025-07-29 20:00:00+00:00,3763.78,3766.73,3740.0,3748.74,88308.468
2025-07-29 20:15:00+00:00,3748.74,3783.89,3741.27,3763.44,97571.414
2025-07-29 20:30:00+00:00,3763.43,3765.29,3742.77,3748.99,47982.598
2025-07-29 20:45:00+00:00,3749.0,3763.8,3743.5,3763.8,26792.808
2025-07-29 21:00:00+00:00,3763.81,3768.49,3751.7,3766.69,35537.944
2025-07-29 21:15:00+00:00,3766.69,3771.38,3757.0,3762.19,24484.081
2025-07-29 21:30:00+00:00,3762.18,3771.66,3758.22,3761.56,18496.509
2025-07-29 21:45:00+00:00,3761.56,3784.12,3761.56,3779.41,20452.678
2025-07-29 22:00:00+00:00,3779.41,3786.12,3756.55,3761.78,63717.468
2025-07-29 22:15:00+00:00,3761.78,3780.24,3761.77,3780.17,21713.356
2025-07-29 22:30:00+00:00,3780.16,3785.0,3777.11,3782.99,20437.201
2025-07-29 22:45:00+00:00,3783.0,3793.61,3781.44,3790.54,29249.287
2025-07-29 23:00:00+00:00,3790.54,3792.51,3781.64,3784.23,30140.275
2025-07-29 23:15:00+00:00,3784.24,3793.97,3782.79,3789.18,13333.843
2025-07-29 23:30:00+00:00,3789.18,3799.78,3783.43,3783.58,33043.904
2025-07-29 23:45:00+00:00,3783.57,3793.0,3781.61,3791.55,27830.491
2025-07-30 00:00:00+00:00,3791.55,3792.83,3776.0,3786.47,46748.315
2025-07-30 00:15:00+00:00,3786.48,3789.0,3768.45,3769.57,34235.592
2025-07-30 00:30:00+00:00,3769.57,3774.29,3757.62,3765.24,46680.371
2025-07-30 00:45:00+00:00,3765.24,3775.1,3753.69,3773.34,48267.13
2025-07-30 01:00:00+00:00,3773.33,3783.99,3770.0,3780.7,26194.966
2025-07-30 01:15:00+00:00,3780.7,3782.32,3760.16,3769.0,28701.479
2025-07-30 01:30:00+00:00,3768.99,3795.74,3766.74,3793.59,47582.52
2025-07-30 01:45:00+00:00,3793.59,3810.94,3785.87,3790.38,86160.518
2025-07-30 02:00:00+00:00,3790.38,3814.0,3783.01,3813.18,46342.08
2025-07-30 02:15:00+00:00,3813.18,3815.0,3798.96,3805.17,41696.163
2025-07-30 02:30:00+00:00,3805.17,3821.58,3798.18,3814.69,52303.631
2025-07-30 02:45:00+00:00,3814.69,3819.32,3809.2,3811.08,23352.842
2025-07-30 03:00:00+00:00,3811.08,3815.0,3803.3,3814.97,23959.193
2025-07-30 03:15:00+00:00,3814.98,3819.29,3809.51,3818.81,21463.092
2025-07-30 03:30:00+00:00,3818.81,3820.86,3815.23,3817.65,15241.454
2025-07-30 03:45:00+00:00,3817.65,3827.99,3810.69,3815.62,41528.315
2025-07-30 04:00:00+00:00,3815.62,3823.65,3814.99,3819.99,18606.988
2025-07-30 04:15:00+00:00,3820.0,3820.99,3815.0,3815.0,14108.868
2025-07-30 04:30:00+00:00,3815.0,3815.29,3797.24,3808.01,58022.968
2025-07-30 04:45:00+00:00,3808.01,3809.27,3800.84,3807.14,17856.822
2025-07-30 05:00:00+00:00,3807.14,3812.9,3790.0,3791.26,46709.458
2025-07-30 05:15:00+00:00,3791.25,3809.75,3785.1,3807.88,52808.654
2025-07-30 05:30:00+00:00,3807.88,3809.94,3798.52,3803.75,19137.324
2025-07-30 05:45:00+00:00,3803.74,3814.53,3793.0,3808.47,40772.851
2025-07-30 06:00:00+00:00,3808.47,3818.0,3807.68,3815.28,31643.005
2025-07-30 06:15:00+00:00,3815.28,3820.61,3813.4,3820.31,29910.532
2025-07-30 06:30:00+00:00,3820.3,3827.83,3815.0,3824.13,34733.809
2025-07-30 06:45:00+00:00,3824.13,3828.68,3820.33,3822.54,22106.578
2025-07-30 07:00:00+00:00,3822.54,3832.61,3815.61,3818.66,54650.509
2025-07-30 07:15:00+00:00,3818.66,3827.75,3813.68,3827.68,36881.67
2025-07-30 07:30:00+00:00,3827.69,3830.68,3810.7,3818.01,35305.943
2025-07-30 07:45:00+00:00,3818.01,3818.62,3801.01,3809.13,50141.774
2025-07-30 08:00:00+00:00,3809.12,3821.86,3796.32,3800.19,57368.348
2025-07-30 08:15:00+00:00,3800.18,3818.83,3795.09,3816.74,39382.23
2025-07-30 08:30:00+00:00,3816.74,3822.38,3806.52,3821.19,36606.828
2025-07-30 08:45:00+00:00,3821.19,3824.26,3813.0,3813.0,31616.533
2025-07-30 09:00:00+00:00,3813.01,3818.49,3803.07,3803.25,36605.218
2025-07-30 09:15:00+00:00,3803.26,3807.21,3792.7,3794.58,39411.174
2025-07-30 09:30:00+00:00,3794.59,3795.53,3773.17,3778.0,106927.122
2025-07-30 09:45:00+00:00,3778.01,3787.82,3775.84,3784.69,38683.75
2025-07-30 10:00:00+00:00,3784.69,3798.75,3784.69,3796.96,33975.091
2025-07-30 10:15:00+00:00,3796.97,3801.36,3789.26,3797.0,21744.945
2025-07-30 10:30:00+00:00,3797.01,3806.08,3790.9,3801.39,29278.503
2025-07-30 10:45:00+00:00,3801.4,3802.06,3766.0,3771.82,73281.863
2025-07-30 11:00:00+00:00,3771.82,3784.45,3768.51,3780.19,45149.41
2025-07-30 11:15:00+00:00,3780.18,3781.6,3752.0,3753.03,124235.516
2025-07-30 11:30:00+00:00,3753.03,3765.34,3750.21,3750.21,52900.318
2025-07-30 11:45:00+00:00,3750.21,3758.55,3742.0,3756.61,99238.325
2025-07-30 12:00:00+00:00,3756.61,3762.44,3747.47,3758.57,54744.614
2025-07-30 12:15:00+00:00,3758.57,3780.0,3749.4,3773.38,97703.772
2025-07-30 12:30:00+00:00,3773.39,3784.39,3762.11,3768.28,79135.566
2025-07-30 12:45:00+00:00,3768.28,3779.21,3766.78,3772.3,28085.868
2025-07-30 13:00:00+00:00,3772.29,3784.61,3763.31,3769.64,55352.405
2025-07-30 13:15:00+00:00,3769.65,3780.85,3753.47,3754.47,90004.563
2025-07-30 13:30:00+00:00,3754.48,3773.0,3748.05,3764.63,92278.527
2025-07-30 13:45:00+00:00,3764.63,3773.86,3753.6,3764.71,57251.636
2025-07-30 14:00:00+00:00,3764.71,3779.0,3762.12,3778.39,39704.802
2025-07-30 14:15:00+00:00,3778.38,3785.0,3768.74,3772.83,48431.219
2025-07-30 14:30:00+00:00,3772.83,3794.43,3772.82,3793.51,60318.893
2025-07-30 14:45:00+00:00,3793.52,3830.94,3788.97,3817.75,194351.367
2025-07-30 15:00:00+00:00,3817.75,3820.35,3783.17,3789.12,133181.675
2025-07-30 15:15:00+00:00,3789.12,3800.0,3780.0,3783.8,56738.855
2025-07-30 15:30:00+00:00,3783.8,3795.0,3775.24,3790.41,52199.61
2025-07-30 15:45:00+00:00,3790.4,3799.6,3785.9,3795.76,31721.671
2025-07-30 16:00:00+00:00,3795.77,3797.0,3779.07,3789.89,33271.094
2025-07-30 16:15:00+00:00,3789.89,3816.38,3787.12,3797.73,71672.45
2025-07-30 16:30:00+00:00,3797.72,3802.61,3784.76,3786.32,40737.675
2025-07-30 16:45:00+00:00,3786.32,3794.79,3783.89,3794.79,20497.266
2025-07-30 17:00:00+00:00,3794.79,3804.74,3790.08,3795.28,30225.395
2025-07-30 17:15:00+00:00,3795.29,3810.48,3790.96,3802.54,39084.191
2025-07-30 17:30:00+00:00,3802.54,3814.0,3798.43,3810.56,22639.347
2025-07-30 17:45:00+00:00,3810.56,3812.42,3797.0,3803.63,34215.286
2025-07-30 18:00:00+00:00,3803.62,3821.36,3778.0,3797.9,153596.171
2025-07-30 18:15:00+00:00,3797.9,3814.26,3793.9,3806.03,50101.29
2025-07-30 18:30:00+00:00,3806.04,3812.77,3778.31,3791.18,103354.822
2025-07-30 18:45:00+00:00,3791.2,3794.8,3734.45,3736.4,235557.311
2025-07-30 19:00:00+00:00,3736.39,3736.42,3670.0,3714.45,551324.009
2025-07-30 19:15:00+00:00,3714.46,3724.38,3703.94,3720.0,158792.125
2025-07-30 19:30:00+00:00,3720.0,3746.55,3711.31,3743.26,125148.709
2025-07-30 19:45:00+00:00,3743.27,3772.22,3737.74,3758.7,179285.242
2025-07-30 20:00:00+00:00,3758.69,3784.0,3755.12,3780.75,115114.275
2025-07-30 20:15:00+00:00,3780.75,3786.44,3766.29,3767.27,59896.333
2025-07-30 20:30:00+00:00,3767.27,3777.65,3758.18,3767.8,50479.857
2025-07-30 20:45:00+00:00,3767.8,3772.2,3761.37,3768.65,26070.559
2025-07-30 21:00:00+00:00,3768.65,3773.94,3762.97,3764.27,18415.59
2025-07-30 21:15:00+00:00,3764.28,3765.99,3750.22,3750.23,28652.018
2025-07-30 21:30:00+00:00,3750.22,3761.08,3739.62,3742.29,60363.468
2025-07-30 21:45:00+00:00,3742.3,3765.98,3742.29,3761.31,34942.221
2025-07-30 22:00:00+00:00,3761.32,3770.0,3756.56,3763.59,26770.033
2025-07-30 22:15:00+00:00,3763.58,3768.92,3754.18,3759.66,21111.986
2025-07-30 22:30:00+00:00,3759.66,3764.57,3754.0,3760.78,17769.598
2025-07-30 22:45:00+00:00,3760.79,3764.93,3756.22,3761.97,13034.007
2025-07-30 23:00:00+00:00,3761.95,3780.0,3761.15,3779.43,39936.616
2025-07-30 23:15:00+00:00,3779.42,3787.5,3777.01,3787.1,37975.018
2025-07-30 23:30:00+00:00,3787.1,3811.13,3786.7,3803.88,96834.295
2025-07-30 23:45:00+00:00,3803.89,3809.76,3800.28,3808.67,30454.85
2025-07-31 00:00:00+00:00,3808.67,3808.96,3799.78,3807.35,36078.232
2025-07-31 00:15:00+00:00,3807.34,3824.87,3803.1,3823.56,67690.578
2025-07-31 00:30:00+00:00,3823.55,3846.66,3818.28,3841.45,125258.689
2025-07-31 00:45:00+00:00,3841.44,3849.0,3833.39,3842.61,83222.473
2025-07-31 01:00:00+00:00,3842.61,3843.69,3832.0,3838.28,44268.888
2025-07-31 01:15:00+00:00,3838.29,3845.4,3827.45,3845.4,50615.06
2025-07-31 01:30:00+00:00,3845.4,3849.84,3836.38,3839.14,41003.754
2025-07-31 01:45:00+00:00,3839.14,3842.42,3830.48,3836.29,34425.618
2025-07-31 02:00:00+00:00,3836.28,3844.55,3829.18,3841.0,35712.954
2025-07-31 02:15:00+00:00,3841.01,3843.98,3835.81,3842.08,24098.764
2025-07-31 02:30:00+00:00,3842.08,3860.76,3842.08,3860.25,64085.066
2025-07-31 02:45:00+00:00,3860.24,3863.0,3851.42,3860.99,49377.83
2025-07-31 03:00:00+00:00,3860.99,3864.92,3854.35,3858.73,33381.566
2025-07-31 03:15:00+00:00,3858.72,3860.8,3855.0,3859.96,25034.057
2025-07-31 03:30:00+00:00,3859.96,3861.99,3854.13,3858.13,24708.058
2025-07-31 03:45:00+00:00,3858.14,3867.0,3857.61,3861.97,23251.46
2025-07-31 04:00:00+00:00,3861.97,3863.68,3856.89,3859.3,18820.046
2025-07-31 04:15:00+00:00,3859.3,3860.43,3853.31,3854.8,29877.028
2025-07-31 04:30:00+00:00,3854.8,3868.02,3854.59,3860.99,34098.617
2025-07-31 04:45:00+00:00,3860.99,3870.0,3860.99,3869.86,32345.991
2025-07-31 05:00:00+00:00,3869.86,3869.86,3858.48,3858.49,37603.974
2025-07-31 05:15:00+00:00,3858.49,3862.84,3855.56,3858.79,21970.71
2025-07-31 05:30:00+00:00,3858.78,3864.38,3857.63,3860.13,15380.264
2025-07-31 05:45:00+00:00,3860.13,3861.39,3854.72,3857.94,20019.588
2025-07-31 06:00:00+00:00,3857.94,3861.13,3853.18,3855.81,22622.312
2025-07-31 06:15:00+00:00,3855.81,3864.8,3855.53,3860.73,22130.479
2025-07-31 06:30:00+00:00,3860.73,3871.0,3857.03,3867.1,29229.07
2025-07-31 06:45:00+00:00,3867.11,3878.0,3867.1,3872.89,49903.263
2025-07-31 07:00:00+00:00,3872.89,3876.28,3864.39,3867.17,31456.433
2025-07-31 07:15:00+00:00,3867.17,3873.47,3865.19,3865.4,25431.074
2025-07-31 07:30:00+00:00,3865.39,3865.47,3859.75,3861.35,23524.428
2025-07-31 07:45:00+00:00,3861.34,3866.86,3859.7,3862.16,20168.378
2025-07-31 08:00:00+00:00,3862.15,3863.59,3855.87,3861.7,31400.633
2025-07-31 08:15:00+00:00,3861.7,3868.83,3861.28,3866.42,17839.864
2025-07-31 08:30:00+00:00,3866.41,3872.98,3863.18,3871.62,17711.299
2025-07-31 08:45:00+00:00,3871.62,3871.62,3861.44,3862.08,19499.506
2025-07-31 09:00:00+00:00,3862.08,3862.09,3857.0,3858.62,22317.479
2025-07-31 09:15:00+00:00,3858.63,3862.86,3858.21,3861.0,18615.737
2025-07-31 09:30:00+00:00,3861.0,3861.01,3855.52,3856.28,16536.417
2025-07-31 09:45:00+00:00,3856.27,3865.67,3853.0,3861.55,29634.287
2025-07-31 10:00:00+00:00,3861.54,3865.47,3855.0,3860.68,19859.051
2025-07-31 10:15:00+00:00,3860.69,3862.44,3854.51,3855.52,14409.443
2025-07-31 10:30:00+00:00,3855.52,3861.52,3851.2,3861.52,26452.205
2025-07-31 10:45:00+00:00,3861.51,3862.99,3853.21,3853.74,20734.732
2025-07-31 11:00:00+00:00,3853.73,3856.62,3838.01,3847.08,77048.137
2025-07-31 11:15:00+00:00,3847.08,3847.08,3830.99,3835.79,51911.24
2025-07-31 11:30:00+00:00,3835.79,3844.53,3833.17,3834.6,35584.587
2025-07-31 11:45:00+00:00,3834.6,3837.5,3824.05,3836.87,56249.615
2025-07-31 12:00:00+00:00,3836.87,3844.01,3831.46,3836.89,50001.235
2025-07-31 12:15:00+00:00,3836.89,3842.07,3824.99,3841.25,52023.301
2025-07-31 12:30:00+00:00,3841.26,3842.25,3821.7,3825.44,62946.638
2025-07-31 12:45:00+00:00,3825.44,3837.43,3821.0,3833.0,56936.014
2025-07-31 13:00:00+00:00,3833.01,3833.55,3804.55,3806.42,118152.889
2025-07-31 13:15:00+00:00,3806.41,3816.88,3789.26,3799.49,172008.72
2025-07-31 13:30:00+00:00,3799.5,3810.9,3784.1,3797.49,161941.555
2025-07-31 13:45:00+00:00,3797.5,3812.73,3793.02,3805.32,96546.663
2025-07-31 14:00:00+00:00,3805.33,3813.82,3787.63,3793.99,95473.5
2025-07-31 14:15:00+00:00,3793.98,3793.98,3763.35,3772.71,188171.067
2025-07-31 14:30:00+00:00,3772.72,3787.19,3767.76,3771.76,102800.97
2025-07-31 14:45:00+00:00,3771.75,3780.75,3765.97,3766.59,61559.928
2025-07-31 15:00:00+00:00,3766.6,3777.81,3760.16,3772.04,75048.756
2025-07-31 15:15:00+00:00,3772.05,3786.55,3771.81,3781.16,65988.067
2025-07-31 15:30:00+00:00,3781.15,3795.83,3780.73,3792.0,80747.919
2025-07-31 15:45:00+00:00,3791.99,3795.0,3775.5,3786.01,51898.519
2025-07-31 16:00:00+00:00,3786.01,3792.62,3778.81,3790.07,41689.975
2025-07-31 16:15:00+00:00,3790.08,3803.1,3783.5,3792.52,59496.375
2025-07-31 16:30:00+00:00,3792.52,3816.99,3792.52,3808.24,107938.07
2025-07-31 16:45:00+00:00,3808.25,3810.56,3790.6,3801.93,54500.842
2025-07-31 17:00:00+00:00,3801.93,3802.9,3781.7,3789.76,61068.902
2025-07-31 17:15:00+00:00,3789.76,3801.08,3770.74,3777.84,76922.767
2025-07-31 17:30:00+00:00,3777.84,3790.61,3773.0,3786.24,41994.313
2025-07-31 17:45:00+00:00,3786.26,3791.0,3765.6,3774.17,69844.171
2025-07-31 18:00:00+00:00,3774.17,3779.45,3746.0,3752.93,169045.211
2025-07-31 18:15:00+00:00,3752.94,3776.23,3746.14,3774.81,95674.804
2025-07-31 18:30:00+00:00,3774.8,3785.0,3773.67,3779.66,45984.393
2025-07-31 18:45:00+00:00,3779.66,3787.12,3768.59,3773.67,36171.594
2025-07-31 19:00:00+00:00,3773.67,3779.8,3750.12,3753.17,52932.705
2025-07-31 19:15:00+00:00,3753.18,3763.63,3745.11,3753.1,71648.103
2025-07-31 19:30:00+00:00,3753.1,3760.0,3744.8,3750.77,61748.925
2025-07-31 19:45:00+00:00,3750.78,3753.95,3733.0,3736.19,95133.731
2025-07-31 20:00:00+00:00,3736.2,3747.3,3715.0,3725.17,164565.032
2025-07-31 20:15:00+00:00,3725.17,3740.0,3720.0,3737.37,73729.925
2025-07-31 20:30:00+00:00,3737.37,3742.9,3721.42,3732.86,57075.568
2025-07-31 20:45:00+00:00,3732.84,3739.18,3728.8,3732.94,33610.017
2025-07-31 21:00:00+00:00,3732.93,3753.9,3730.31,3736.61,88269.065
2025-07-31 21:15:00+00:00,3736.61,3748.23,3736.44,3748.22,28659.151
2025-07-31 21:30:00+00:00,3748.22,3757.15,3739.72,3742.81,40676.699
2025-07-31 21:45:00+00:00,3742.8,3746.38,3707.24,3729.31,102723.852
2025-07-31 22:00:00+00:00,3729.3,3729.35,3708.6,3718.68,67275.943
2025-07-31 22:15:00+00:00,3718.68,3726.0,3707.04,3718.52,40969.246
2025-07-31 22:30:00+00:00,3718.53,3719.53,3700.0,3707.71,63206.716
2025-07-31 22:45:00+00:00,3707.71,3714.76,3700.51,3707.49,40875.646
2025-07-31 23:00:00+00:00,3707.5,3727.51,3706.16,3724.88,57483.387
2025-07-31 23:15:00+00:00,3724.88,3724.88,3705.97,3707.15,32566.152
2025-07-31 23:30:00+00:00,3707.15,3707.79,3682.23,3694.11,149292.597
2025-07-31 23:45:00+00:00,3694.11,3699.94,3686.71,3696.58,49716.204
2025-08-01 00:00:00+00:00,3696.57,3697.0,3655.76,3656.88,179983.048
2025-08-01 00:15:00+00:00,3656.89,3698.08,3655.0,3688.71,156716.705
2025-08-01 00:30:00+00:00,3688.71,3690.61,3666.43,3667.53,83939.436
2025-08-01 00:45:00+00:00,3667.52,3685.46,3613.67,3680.01,383858.509
2025-08-01 01:00:00+00:00,3680.01,3694.46,3650.04,3655.0,164779.697
2025-08-01 01:15:00+00:00,3655.0,3693.09,3651.83,3681.48,136259.234
2025-08-01 01:30:00+00:00,3681.48,3695.0,3669.45,3690.36,76666.752
2025-08-01 01:45:00+00:00,3690.36,3695.0,3671.74,3687.1,57145.381
2025-08-01 02:00:00+00:00,3687.11,3710.0,3678.29,3706.4,92145.925
2025-08-01 02:15:00+00:00,3706.39,3717.73,3701.99,3706.48,93166.513
2025-08-01 02:30:00+00:00,3706.48,3722.0,3701.22,3712.29,58822.798
2025-08-01 02:45:00+00:00,3712.28,3720.51,3710.51,3714.71,28461.335
2025-08-01 03:00:00+00:00,3714.7,3715.17,3704.48,3706.22,33498.485
2025-08-01 03:15:00+00:00,3706.22,3722.9,3706.0,3718.51,34980.824
2025-08-01 03:30:00+00:00,3718.5,3720.24,3709.43,3709.99,27450.025
2025-08-01 03:45:00+00:00,3710.0,3713.51,3700.0,3703.49,41162.636
2025-08-01 04:00:00+00:00,3703.49,3703.49,3675.02,3684.24,131844.331
2025-08-01 04:15:00+00:00,3684.24,3691.23,3676.63,3686.67,50517.929
2025-08-01 04:30:00+00:00,3686.67,3693.88,3679.27,3685.81,35887.121
2025-08-01 04:45:00+00:00,3685.81,3688.0,3678.0,3680.4,26916.36
2025-08-01 05:00:00+00:00,3680.4,3691.6,3675.27,3688.8,31764.038
2025-08-01 05:15:00+00:00,3688.81,3688.98,3670.06,3677.22,37427.502
2025-08-01 05:30:00+00:00,3677.22,3689.54,3670.0,3674.46,38929.967
2025-08-01 05:45:00+00:00,3674.47,3679.61,3662.85,3673.28,62722.802
2025-08-01 06:00:00+00:00,3673.28,3681.11,3660.48,3667.3,70288.798
2025-08-01 06:15:00+00:00,3667.3,3672.58,3651.42,3656.1,69878.063
2025-08-01 06:30:00+00:00,3656.1,3662.57,3640.0,3645.77,87825.421
2025-08-01 06:45:00+00:00,3645.78,3666.34,3638.84,3660.9,74803.344
2025-08-01 07:00:00+00:00,3660.9,3667.66,3635.02,3643.04,88616.15
2025-08-01 07:15:00+00:00,3643.03,3649.99,3627.72,3631.49,101775.373
2025-08-01 07:30:00+00:00,3631.5,3641.62,3622.22,3636.88,89015.14
2025-08-01 07:45:00+00:00,3636.88,3650.04,3632.35,3648.67,62466.307
2025-08-01 08:00:00+00:00,3648.66,3648.66,3592.33,3612.01,254819.565
2025-08-01 08:15:00+00:00,3612.02,3621.63,3599.01,3603.99,109327.372
2025-08-01 08:30:00+00:00,3603.98,3620.89,3583.44,3616.84,153312.484
2025-08-01 08:45:00+00:00,3616.83,3622.93,3607.13,3607.81,52355.043
2025-08-01 09:00:00+00:00,3607.81,3635.97,3603.92,3626.67,101886.084
2025-08-01 09:15:00+00:00,3626.68,3638.85,3623.24,3635.27,48764.707
2025-08-01 09:30:00+00:00,3635.27,3638.0,3625.88,3633.16,27868.274
2025-08-01 09:45:00+00:00,3633.17,3633.59,3615.31,3616.9,39519.019
2025-08-01 10:00:00+00:00,3616.89,3632.0,3612.05,3628.65,49391.713
2025-08-01 10:15:00+00:00,3628.64,3632.41,3620.0,3622.5,20526.939
2025-08-01 10:30:00+00:00,3622.51,3630.0,3615.52,3622.46,30597.663
2025-08-01 10:45:00+00:00,3622.46,3625.54,3608.0,3614.15,43607.585
2025-08-01 11:00:00+00:00,3614.17,3623.58,3604.81,3623.57,43716.401
2025-08-01 11:15:00+00:00,3623.57,3626.47,3613.66,3620.93,29794.146
2025-08-01 11:30:00+00:00,3620.93,3633.53,3619.13,3629.84,43242.373
2025-08-01 11:45:00+00:00,3629.84,3642.16,3629.0,3641.04,53012.651
2025-08-01 12:00:00+00:00,3641.04,3660.25,3638.71,3653.22,106319.061
2025-08-01 12:15:00+00:00,3653.23,3653.82,3632.29,3643.53,55441.266
2025-08-01 12:30:00+00:00,3643.53,3671.4,3628.47,3667.12,182934.441
2025-08-01 12:45:00+00:00,3667.12,3673.16,3654.57,3661.55,82965.27
2025-08-01 13:00:00+00:00,3661.55,3674.84,3658.12,3666.0,55363.142
2025-08-01 13:15:00+00:00,3666.0,3671.89,3648.5,3652.19,66319.108
2025-08-01 13:30:00+00:00,3652.2,3653.8,3622.15,3624.48,138906.927
2025-08-01 13:45:00+00:00,3624.48,3627.84,3575.0,3598.23,335740.455
2025-08-01 14:00:00+00:00,3598.23,3627.99,3562.05,3615.35,302664.458
2025-08-01 14:15:00+00:00,3615.35,3650.88,3612.5,3649.9,141958.632
2025-08-01 14:30:00+00:00,3649.91,3654.97,3624.29,3626.64,131892.622
2025-08-01 14:45:00+00:00,3626.64,3644.63,3625.14,3631.57,61797.268
2025-08-01 15:00:00+00:00,3631.58,3634.96,3604.03,3610.1,100876.738
2025-08-01 15:15:00+00:00,3610.1,3616.88,3580.66,3589.94,150246.324
2025-08-01 15:30:00+00:00,3589.94,3614.0,3586.0,3609.96,105584.126
2025-08-01 15:45:00+00:00,3609.96,3618.97,3604.03,3614.49,53536.312
2025-08-01 16:00:00+00:00,3614.5,3632.74,3607.15,3627.75,73272.061
2025-08-01 16:15:00+00:00,3627.75,3630.98,3621.17,3625.15,37664.939
2025-08-01 16:30:00+00:00,3625.15,3625.15,3588.75,3610.85,109923.248
2025-08-01 16:45:00+00:00,3610.84,3614.95,3572.9,3586.04,114547.767
2025-08-01 17:00:00+00:00,3586.01,3587.8,3561.0,3571.02,143481.397
2025-08-01 17:15:00+00:00,3571.01,3581.87,3564.31,3578.74,71451.401
2025-08-01 17:30:00+00:00,3578.75,3600.71,3563.5,3569.85,123145.567
2025-08-01 17:45:00+00:00,3569.85,3577.54,3564.11,3570.28,52549.489
2025-08-01 18:00:00+00:00,3570.27,3575.69,3544.94,3562.49,185032.344
2025-08-01 18:15:00+00:00,3562.5,3580.0,3535.0,3567.13,224305.205
2025-08-01 18:30:00+00:00,3567.13,3584.54,3564.77,3569.84,68777.99
2025-08-01 18:45:00+00:00,3569.83,3574.24,3544.0,3548.48,94238.19
2025-08-01 19:00:00+00:00,3548.47,3560.0,3538.36,3553.7,73539.655
2025-08-01 19:15:00+00:00,3553.69,3559.34,3524.5,3532.22,128686.689
2025-08-01 19:30:00+00:00,3532.23,3551.8,3522.0,3523.07,119410.483
2025-08-01 19:45:00+00:00,3523.06,3534.58,3514.0,3517.57,108281.589
2025-08-01 20:00:00+00:00,3517.57,3531.8,3492.8,3502.86,199820.243
2025-08-01 20:15:00+00:00,3502.86,3523.0,3490.0,3522.9,129460.444
2025-08-01 20:30:00+00:00,3522.91,3529.0,3508.17,3525.36,66542.531
2025-08-01 20:45:00+00:00,3525.37,3541.34,3520.56,3539.9,65669.997
2025-08-01 21:00:00+00:00,3539.9,3551.89,3534.4,3546.46,74525.779
2025-08-01 21:15:00+00:00,3546.47,3547.98,3533.04,3544.32,34353.984
2025-08-01 21:30:00+00:00,3544.33,3548.6,3538.81,3541.94,25898.846
2025-08-01 21:45:00+00:00,3541.94,3546.24,3530.79,3535.17,23320.932
2025-08-01 22:00:00+00:00,3535.18,3543.12,3512.43,3517.43,77201.655
2025-08-01 22:15:00+00:00,3517.42,3523.99,3468.0,3482.39,174688.947
2025-08-01 22:30:00+00:00,3482.39,3488.4,3428.86,3467.43,329169.03
2025-08-01 22:45:00+00:00,3467.43,3476.02,3450.0,3461.64,131356.443
2025-08-01 23:00:00+00:00,3461.64,3478.88,3447.26,3475.31,101321.425
2025-08-01 23:15:00+00:00,3475.31,3487.24,3469.22,3480.65,61092.899
2025-08-01 23:30:00+00:00,3480.65,3488.61,3470.22,3484.13,48709.045
2025-08-01 23:45:00+00:00,3484.13,3492.0,3477.16,3486.42,38127.935
2025-08-02 00:00:00+00:00,3486.41,3496.74,3476.57,3480.87,73459.614
2025-08-02 00:15:00+00:00,3480.87,3495.0,3480.27,3488.28,31758.955
2025-08-02 00:30:00+00:00,3488.28,3492.0,3479.71,3488.37,46993.64
2025-08-02 00:45:00+00:00,3488.38,3514.0,3487.81,3513.88,108253.689
2025-08-02 01:00:00+00:00,3513.88,3521.32,3506.04,3514.34,44949.422
2025-08-02 01:15:00+00:00,3514.34,3520.53,3498.0,3502.27,36042.58
2025-08-02 01:30:00+00:00,3502.26,3508.84,3495.23,3507.02,29434.304
2025-08-02 01:45:00+00:00,3507.02,3518.26,3504.82,3515.3,30696.148
2025-08-02 02:00:00+00:00,3515.3,3520.05,3514.76,3517.18,22055.921
2025-08-02 02:15:00+00:00,3517.18,3521.87,3512.7,3521.87,19538.703
2025-08-02 02:30:00+00:00,3521.87,3526.4,3518.62,3522.43,26995.24
2025-08-02 02:45:00+00:00,3522.43,3524.4,3515.16,3522.03,19164.54
2025-08-02 03:00:00+00:00,3522.04,3531.27,3520.5,3527.26,33005.027
2025-08-02 03:15:00+00:00,3527.26,3528.45,3522.75,3526.02,16821.463
2025-08-02 03:30:00+00:00,3526.0,3527.57,3521.3,3525.76,14199.121
2025-08-02 03:45:00+00:00,3525.76,3527.17,3517.59,3527.15,23640.336
2025-08-02 04:00:00+00:00,3527.15,3528.15,3519.37,3519.86,21712.818
2025-08-02 04:15:00+00:00,3519.86,3525.97,3512.17,3525.82,32849.468
2025-08-02 04:30:00+00:00,3525.83,3531.52,3525.0,3530.34,23117.063
2025-08-02 04:45:00+00:00,3530.35,3533.0,3526.98,3531.97,19327.914
2025-08-02 05:00:00+00:00,3531.98,3536.48,3518.64,3519.92,35196.783
2025-08-02 05:15:00+00:00,3519.93,3527.37,3516.43,3526.99,26584.132
2025-08-02 05:30:00+00:00,3527.0,3527.99,3519.59,3520.49,15025.054
2025-08-02 05:45:00+00:00,3520.5,3520.86,3514.14,3517.92,22067.246
2025-08-02 06:00:00+00:00,3517.91,3518.69,3496.01,3501.76,87986.273
2025-08-02 06:15:00+00:00,3501.76,3501.77,3463.44,3465.01,151364.187
2025-08-02 06:30:00+00:00,3465.02,3473.75,3453.14,3469.22,120221.477
2025-08-02 06:45:00+00:00,3469.22,3483.74,3468.88,3477.93,68757.62
2025-08-02 07:00:00+00:00,3477.93,3486.0,3467.0,3478.6,49531.753
2025-08-02 07:15:00+00:00,3478.59,3500.97,3478.0,3497.43,70149.273
2025-08-02 07:30:00+00:00,3497.43,3508.36,3490.96,3506.01,65525.117
2025-08-02 07:45:00+00:00,3506.02,3519.95,3505.01,3517.68,65353.078
2025-08-02 08:00:00+00:00,3517.67,3521.63,3511.55,3515.4,43661.99
2025-08-02 08:15:00+00:00,3515.41,3523.0,3506.41,3506.79,43001.155
2025-08-02 08:30:00+00:00,3506.79,3508.0,3483.99,3497.97,103681.2
2025-08-02 08:45:00+00:00,3497.98,3504.97,3486.12,3489.81,51643.045
2025-08-02 09:00:00+00:00,3489.81,3502.25,3485.29,3499.34,35188.674
2025-08-02 09:15:00+00:00,3499.33,3502.4,3485.36,3491.17,26757.846
2025-08-02 09:30:00+00:00,3491.18,3494.44,3480.3,3481.31,41797.689
2025-08-02 09:45:00+00:00,3481.32,3494.34,3480.34,3490.72,21848.642
2025-08-02 10:00:00+00:00,3490.73,3492.52,3477.21,3480.75,29548.942
2025-08-02 10:15:00+00:00,3480.75,3491.04,3472.01,3486.5,49488.507
2025-08-02 10:30:00+00:00,3486.49,3490.31,3475.01,3480.84,26645.598
2025-08-02 10:45:00+00:00,3480.85,3494.31,3477.01,3489.59,23017.378
2025-08-02 11:00:00+00:00,3489.59,3497.69,3480.55,3485.02,26642.34
2025-08-02 11:15:00+00:00,3485.01,3516.0,3484.1,3512.18,61716.654
2025-08-02 11:30:00+00:00,3512.17,3516.8,3504.44,3509.1,53767.23
2025-08-02 11:45:00+00:00,3509.1,3513.87,3501.03,3506.93,30631.911
2025-08-02 12:00:00+00:00,3506.93,3507.86,3497.18,3498.09,24160.318
2025-08-02 12:15:00+00:00,3498.07,3508.96,3495.0,3507.36,27015.843
2025-08-02 12:30:00+00:00,3507.36,3513.99,3499.35,3499.96,25994.739
2025-08-02 12:45:00+00:00,3499.95,3511.62,3497.63,3507.22,22306.653
2025-08-02 13:00:00+00:00,3507.22,3509.61,3500.04,3502.0,18494.005
2025-08-02 13:15:00+00:00,3502.0,3510.59,3501.47,3501.47,21342.658
2025-08-02 13:30:00+00:00,3501.48,3512.34,3490.75,3504.0,58427.0
2025-08-02 13:45:00+00:00,3504.0,3515.74,3502.55,3508.16,32532.015
2025-08-02 14:00:00+00:00,3508.17,3516.48,3501.17,3502.27,38028.249
2025-08-02 14:15:00+00:00,3502.27,3502.44,3481.0,3490.44,82764.496
2025-08-02 14:30:00+00:00,3490.43,3490.43,3464.46,3473.67,117677.805
2025-08-02 14:45:00+00:00,3473.67,3482.0,3465.35,3478.0,86807.421
2025-08-02 15:00:00+00:00,3478.01,3486.49,3475.88,3480.38,46094.287
2025-08-02 15:15:00+00:00,3480.38,3490.5,3478.67,3483.6,31132.889
2025-08-02 15:30:00+00:00,3483.59,3484.45,3456.0,3466.76,95078.953
2025-08-02 15:45:00+00:00,3466.75,3469.98,3449.42,3457.5,90561.725
2025-08-02 16:00:00+00:00,3457.5,3464.15,3445.2,3454.81,85344.801
2025-08-02 16:15:00+00:00,3454.8,3458.6,3441.69,3447.76,71940.589
2025-08-02 16:30:00+00:00,3447.77,3473.4,3431.51,3467.35,145604.25
2025-08-02 16:45:00+00:00,3467.36,3476.11,3456.25,3470.59,73574.492
2025-08-02 17:00:00+00:00,3470.59,3478.56,3463.72,3475.07,50461.442
2025-08-02 17:15:00+00:00,3475.07,3479.6,3468.63,3476.62,25032.6
2025-08-02 17:30:00+00:00,3476.61,3476.62,3452.0,3452.22,54642.587
2025-08-02 17:45:00+00:00,3452.22,3454.62,3412.77,3422.85,206451.925
2025-08-02 18:00:00+00:00,3422.85,3432.51,3405.74,3406.46,108129.265
2025-08-02 18:15:00+00:00,3406.47,3419.89,3389.5,3394.02,197985.054
2025-08-02 18:30:00+00:00,3394.02,3399.52,3381.14,3388.28,178523.074
2025-08-02 18:45:00+00:00,3388.28,3390.44,3371.13,3382.05,143983.8
2025-08-02 19:00:00+00:00,3382.04,3393.68,3374.1,3386.51,86308.669
2025-08-02 19:15:00+00:00,3386.51,3418.33,3386.36,3418.09,109566.123
2025-08-02 19:30:00+00:00,3418.09,3423.78,3404.22,3412.87,69391.443
2025-08-02 19:45:00+00:00,3412.88,3413.22,3380.54,3381.35,77792.708
2025-08-02 20:00:00+00:00,3381.34,3405.0,3379.76,3402.26,55345.473
2025-08-02 20:15:00+00:00,3402.27,3414.99,3391.84,3410.0,52404.951
2025-08-02 20:30:00+00:00,3409.99,3415.0,3401.39,3407.99,26198.021
2025-08-02 20:45:00+00:00,3407.98,3422.84,3403.7,3422.5,36887.432
2025-08-02 21:00:00+00:00,3422.51,3442.49,3406.02,3408.29,102294.009
2025-08-02 21:15:00+00:00,3408.3,3415.85,3404.35,3410.57,25435.31
2025-08-02 21:30:00+00:00,3410.58,3426.66,3410.22,3414.59,31096.349
2025-08-02 21:45:00+00:00,3414.6,3429.62,3405.49,3410.92,30956.363
2025-08-02 22:00:00+00:00,3410.92,3427.0,3410.92,3416.33,28122.015
2025-08-02 22:15:00+00:00,3416.33,3416.74,3386.82,3389.47,59234.014
2025-08-02 22:30:00+00:00,3389.48,3409.79,3389.47,3409.7,27886.303
2025-08-02 22:45:00+00:00,3409.71,3419.04,3408.48,3409.17,27118.168
2025-08-02 23:00:00+00:00,3409.18,3411.9,3383.0,3388.07,47446.884
2025-08-02 23:15:00+00:00,3388.07,3398.06,3366.5,3373.78,106491.705
2025-08-02 23:30:00+00:00,3373.77,3417.68,3371.12,3406.55,95653.629
2025-08-02 23:45:00+00:00,3406.56,3410.42,3389.13,3392.42,47527.226
2025-08-03 00:00:00+00:00,3392.42,3411.84,3389.81,3398.76,62235.866
2025-08-03 00:15:00+00:00,3398.76,3409.29,3368.26,3376.79,90602.925
2025-08-03 00:30:00+00:00,3376.79,3397.25,3353.51,3393.59,172772.919
2025-08-03 00:45:00+00:00,3393.58,3409.99,3391.87,3408.28,82942.805
2025-08-03 01:00:00+00:00,3408.25,3416.34,3400.02,3411.2,61705.187
2025-08-03 01:15:00+00:00,3411.2,3421.54,3403.74,3419.92,37369.838
2025-08-03 01:30:00+00:00,3419.93,3421.92,3413.41,3418.73,32268.684
2025-08-03 01:45:00+00:00,3418.73,3418.91,3407.33,3412.3,28166.84
2025-08-03 02:00:00+00:00,3412.3,3437.72,3411.79,3430.03,63899.811
2025-08-03 02:15:00+00:00,3430.02,3437.71,3426.65,3427.04,37600.865
2025-08-03 02:30:00+00:00,3427.05,3440.0,3427.05,3438.09,29093.664
2025-08-03 02:45:00+00:00,3438.1,3443.88,3436.6,3441.91,33570.442
2025-08-03 03:00:00+00:00,3441.9,3443.35,3437.45,3441.57,23928.86
2025-08-03 03:15:00+00:00,3441.58,3449.79,3439.0,3443.93,33645.396
2025-08-03 03:30:00+00:00,3443.92,3450.84,3440.09,3449.16,23579.213
2025-08-03 03:45:00+00:00,3449.16,3450.4,3441.96,3441.97,19895.836
2025-08-03 04:00:00+00:00,3441.98,3442.93,3433.33,3436.02,39273.906
2025-08-03 04:15:00+00:00,3436.01,3446.65,3435.71,3440.98,20517.188
2025-08-03 04:30:00+00:00,3440.98,3440.98,3432.1,3437.82,23266.618
2025-08-03 04:45:00+00:00,3437.82,3443.15,3433.52,3443.12,15446.621
2025-08-03 05:00:00+00:00,3443.12,3454.58,3440.42,3445.8,58669.916
2025-08-03 05:15:00+00:00,3445.8,3453.48,3442.24,3450.96,19143.329
2025-08-03 05:30:00+00:00,3450.96,3454.61,3441.3,3442.71,25850.504
2025-08-03 05:45:00+00:00,3442.72,3445.17,3439.48,3443.57,16811.484
2025-08-03 06:00:00+00:00,3443.56,3445.74,3436.0,3438.16,19371.194
2025-08-03 06:15:00+00:00,3438.15,3447.06,3435.31,3441.1,14124.974
2025-08-03 06:30:00+00:00,3441.1,3446.0,3436.53,3439.2,13214.972
2025-08-03 06:45:00+00:00,3439.21,3442.99,3436.28,3439.01,13595.419
2025-08-03 07:00:00+00:00,3439.0,3448.3,3439.0,3447.88,22594.703
2025-08-03 07:15:00+00:00,3447.88,3450.0,3442.03,3449.77,16345.479
2025-08-03 07:30:00+00:00,3449.77,3458.67,3448.77,3456.81,36175.909
2025-08-03 07:45:00+00:00,3456.81,3457.88,3451.0,3454.23,26040.567
2025-08-03 08:00:00+00:00,3454.23,3466.46,3454.23,3465.42,53459.644
2025-08-03 08:15:00+00:00,3465.41,3467.0,3455.43,3456.59,32408.665
2025-08-03 08:30:00+00:00,3456.59,3457.0,3451.82,3456.05,18493.863
2025-08-03 08:45:00+00:00,3456.06,3463.48,3452.42,3460.84,17533.767
2025-08-03 09:00:00+00:00,3460.85,3463.89,3453.53,3455.5,15701.567
2025-08-03 09:15:00+00:00,3455.51,3460.99,3453.0,3459.8,12047.057
2025-08-03 09:30:00+00:00,3459.8,3462.0,3457.57,3460.59,10092.605
2025-08-03 09:45:00+00:00,3460.58,3465.86,3459.59,3464.2,20221.834
2025-08-03 10:00:00+00:00,3464.21,3474.0,3463.28,3473.64,41137.662
2025-08-03 10:15:00+00:00,3473.63,3474.74,3467.66,3468.43,35524.041
2025-08-03 10:30:00+00:00,3468.43,3475.0,3465.48,3473.79,33867.438
2025-08-03 10:45:00+00:00,3473.79,3485.95,3472.62,3482.81,77820.063
2025-08-03 11:00:00+00:00,3482.81,3514.0,3482.8,3514.0,129533.078
2025-08-03 11:15:00+00:00,3513.99,3514.0,3495.0,3496.29,83537.83
2025-08-03 11:30:00+00:00,3496.29,3497.5,3482.2,3487.06,68472.17
2025-08-03 11:45:00+00:00,3487.05,3495.99,3482.35,3483.4,43393.227
2025-08-03 12:00:00+00:00,3483.41,3487.72,3473.6,3477.55,64474.208
2025-08-03 12:15:00+00:00,3477.56,3484.41,3474.0,3480.92,39025.893
2025-08-03 12:30:00+00:00,3480.91,3493.28,3479.55,3492.17,26968.23
2025-08-03 12:45:00+00:00,3492.17,3502.68,3487.42,3488.0,51465.275
2025-08-03 13:00:00+00:00,3487.99,3496.66,3482.59,3493.5,27936.127
2025-08-03 13:15:00+00:00,3493.5,3493.85,3483.0,3487.41,26029.091
2025-08-03 13:30:00+00:00,3487.42,3497.99,3487.42,3487.69,32469.755
2025-08-03 13:45:00+00:00,3487.69,3492.0,3482.29,3490.58,24105.038
2025-08-03 14:00:00+00:00,3490.59,3492.97,3475.26,3480.78,36843.726
2025-08-03 14:15:00+00:00,3480.78,3482.54,3465.53,3470.19,99527.04
2025-08-03 14:30:00+00:00,3470.2,3479.0,3461.87,3476.47,49860.279
2025-08-03 14:45:00+00:00,3476.46,3476.47,3465.5,3470.54,25838.427
2025-08-03 15:00:00+00:00,3470.53,3470.54,3455.83,3463.01,65238.451
2025-08-03 15:15:00+00:00,3463.02,3468.0,3456.8,3465.28,23179.111
2025-08-03 15:30:00+00:00,3465.28,3476.0,3452.79,3472.61,69646.676
2025-08-03 15:45:00+00:00,3472.61,3476.97,3467.89,3474.65,26529.033
2025-08-03 16:00:00+00:00,3474.66,3474.78,3465.97,3468.17,23353.895
2025-08-03 16:15:00+00:00,3468.16,3474.96,3466.46,3473.56,18624.916
2025-08-03 16:30:00+00:00,3473.57,3488.44,3472.67,3482.61,50351.696
2025-08-03 16:45:00+00:00,3482.61,3495.0,3482.61,3493.29,43237.298
2025-08-03 17:00:00+00:00,3493.29,3497.97,3487.77,3494.03,28424.066
2025-08-03 17:15:00+00:00,3494.02,3495.38,3482.66,3484.59,23994.426
2025-08-03 17:30:00+00:00,3484.6,3491.8,3480.3,3481.19,15773.627
2025-08-03 17:45:00+00:00,3481.19,3488.8,3478.15,3488.41,14567.975
2025-08-03 18:00:00+00:00,3488.41,3489.29,3479.76,3484.23,9422.262
2025-08-03 18:15:00+00:00,3484.23,3493.31,3479.61,3488.36,17689.429
2025-08-03 18:30:00+00:00,3488.35,3492.53,3480.45,3489.77,18053.32
2025-08-03 18:45:00+00:00,3489.76,3496.69,3489.32,3494.98,23280.284
2025-08-03 19:00:00+00:00,3494.97,3497.86,3486.73,3491.29,17720.204
2025-08-03 19:15:00+00:00,3491.28,3509.77,3491.28,3502.47,47016.077
2025-08-03 19:30:00+00:00,3502.48,3513.64,3497.0,3498.77,49082.648
2025-08-03 19:45:00+00:00,3498.76,3500.8,3491.2,3495.32,24785.248
2025-08-03 20:00:00+00:00,3495.33,3495.52,3482.66,3486.67,31988.349
2025-08-03 20:15:00+00:00,3486.68,3490.52,3484.07,3487.17,16297.426
2025-08-03 20:30:00+00:00,3487.17,3496.7,3481.85,3493.5,19194.533
2025-08-03 20:45:00+00:00,3493.5,3495.99,3488.15,3490.76,13563.811
2025-08-03 21:00:00+00:00,3490.77,3497.26,3487.22,3497.05,15351.483
2025-08-03 21:15:00+00:00,3497.05,3507.34,3491.29,3501.79,24272.684
2025-08-03 21:30:00+00:00,3501.83,3503.0,3496.01,3496.55,13846.115
2025-08-03 21:45:00+00:00,3496.55,3504.79,3494.18,3500.68,9934.731
2025-08-03 22:00:00+00:00,3500.67,3515.09,3485.0,3487.75,52026.429
2025-08-03 22:15:00+00:00,3487.75,3492.56,3481.58,3484.72,27589.337
2025-08-03 22:30:00+00:00,3484.71,3496.16,3484.34,3495.32,18159.498
2025-08-03 22:45:00+00:00,3495.32,3505.19,3491.71,3501.42,16523.306
2025-08-03 23:00:00+00:00,3501.43,3512.77,3495.33,3510.41,39671.519
2025-08-03 23:15:00+00:00,3510.4,3520.97,3505.04,3507.95,55595.679
2025-08-03 23:30:00+00:00,3507.94,3511.08,3495.21,3499.79,36358.448
2025-08-03 23:45:00+00:00,3499.8,3499.8,3494.28,3495.0,15677.703
2025-08-04 00:00:00+00:00,3495.01,3499.33,3489.28,3498.14,39144.757
2025-08-04 00:15:00+00:00,3498.14,3517.08,3495.16,3513.21,45661.669
2025-08-04 00:30:00+00:00,3513.22,3530.43,3508.06,3529.24,53337.771
2025-08-04 00:45:00+00:00,3529.25,3550.0,3523.53,3543.9,131790.612
2025-08-04 01:00:00+00:00,3543.91,3558.0,3536.01,3540.09,80147.186
2025-08-04 01:15:00+00:00,3540.07,3547.33,3532.0,3543.87,42822.144
2025-08-04 01:30:00+00:00,3543.86,3554.3,3538.02,3542.77,39330.865
2025-08-04 01:45:00+00:00,3542.77,3547.7,3532.15,3535.8,37791.345
2025-08-04 02:00:00+00:00,3535.81,3539.34,3522.21,3528.51,54898.226
2025-08-04 02:15:00+00:00,3528.5,3549.45,3528.29,3546.64,54050.682
2025-08-04 02:30:00+00:00,3546.63,3555.43,3542.32,3546.33,36864.525
2025-08-04 02:45:00+00:00,3546.34,3570.63,3544.5,3570.01,78663.833
2025-08-04 03:00:00+00:00,3570.01,3575.0,3558.02,3559.75,53588.027
2025-08-04 03:15:00+00:00,3559.76,3567.37,3557.0,3560.99,27267.122
2025-08-04 03:30:00+00:00,3560.98,3562.0,3555.0,3561.95,29296.787
2025-08-04 03:45:00+00:00,3561.95,3562.0,3553.16,3555.0,16614.613
2025-08-04 04:00:00+00:00,3555.0,3564.43,3554.99,3561.03,24027.269
2025-08-04 04:15:00+00:00,3561.03,3561.03,3547.18,3557.01,40499.842
2025-08-04 04:30:00+00:00,3557.0,3557.01,3537.8,3537.81,59694.675
2025-08-04 04:45:00+00:00,3537.81,3542.58,3533.95,3538.21,54454.839
2025-08-04 05:00:00+00:00,3538.2,3539.78,3530.03,3533.34,24324.821
2025-08-04 05:15:00+00:00,3533.33,3536.48,3527.21,3528.3,28404.061
2025-08-04 05:30:00+00:00,3528.29,3532.59,3522.01,3525.92,39539.795
2025-08-04 05:45:00+00:00,3525.92,3535.58,3522.86,3531.8,29474.316
2025-08-04 06:00:00+00:00,3531.8,3538.5,3529.0,3529.77,35346.435
2025-08-04 06:15:00+00:00,3529.78,3534.76,3523.0,3529.22,33221.947
2025-08-04 06:30:00+00:00,3529.22,3535.0,3518.36,3532.11,41895.623
2025-08-04 06:45:00+00:00,3532.11,3540.3,3527.35,3537.26,38214.477
2025-08-04 07:00:00+00:00,3537.27,3545.69,3535.68,3542.78,29304.815
2025-08-04 07:15:00+00:00,3542.78,3545.14,3534.63,3537.51,20080.208
2025-08-04 07:30:00+00:00,3537.51,3551.13,3534.93,3546.71,37758.244
2025-08-04 07:45:00+00:00,3546.7,3552.73,3545.2,3550.66,33430.199
2025-08-04 08:00:00+00:00,3550.67,3560.0,3548.47,3554.81,58856.197
2025-08-04 08:15:00+00:00,3554.81,3562.99,3547.22,3549.39,47534.915
2025-08-04 08:30:00+00:00,3549.39,3555.89,3539.79,3549.68,51012.466
2025-08-04 08:45:00+00:00,3549.68,3554.53,3547.12,3549.15,21792.19
2025-08-04 09:00:00+00:00,3549.16,3557.32,3549.15,3555.33,24412.531
2025-08-04 09:15:00+00:00,3555.33,3562.49,3547.98,3556.19,26958.098
2025-08-04 09:30:00+00:00,3556.19,3560.0,3552.0,3552.01,23786.28
2025-08-04 09:45:00+00:00,3552.0,3553.7,3543.45,3545.61,29043.869
2025-08-04 10:00:00+00:00,3545.62,3558.9,3543.45,3558.83,25270.999
2025-08-04 10:15:00+00:00,3558.83,3573.63,3553.13,3562.52,60636.921
2025-08-04 10:30:00+00:00,3562.52,3567.9,3555.19,3555.33,29866.065
2025-08-04 10:45:00+00:00,3555.33,3561.9,3552.41,3553.42,15586.272
2025-08-04 11:00:00+00:00,3553.41,3565.01,3551.0,3557.34,24330.974
2025-08-04 11:15:00+00:00,3557.34,3557.72,3548.49,3554.19,26830.987
2025-08-04 11:30:00+00:00,3554.17,3559.99,3549.0,3556.66,16279.936
2025-08-04 11:45:00+00:00,3556.65,3559.3,3553.53,3554.0,16186.586
2025-08-04 12:00:00+00:00,3554.01,3558.41,3549.16,3557.66,24760.536
2025-08-04 12:15:00+00:00,3557.65,3562.24,3550.82,3555.8,21455.593
2025-08-04 12:30:00+00:00,3555.79,3563.5,3551.08,3560.15,17643.68
2025-08-04 12:45:00+00:00,3560.15,3572.0,3558.47,3568.69,41913.695
2025-08-04 13:00:00+00:00,3568.69,3579.0,3563.82,3566.4,66049.554
2025-08-04 13:15:00+00:00,3566.41,3571.78,3558.62,3564.01,34607.747
2025-08-04 13:30:00+00:00,3564.01,3605.0,3559.41,3605.0,234136.829
2025-08-04 13:45:00+00:00,3604.99,3619.89,3590.66,3619.62,209627.976
2025-08-04 14:00:00+00:00,3619.62,3654.71,3616.22,3648.31,319233.625
2025-08-04 14:15:00+00:00,3648.3,3663.88,3639.4,3654.32,176835.291
2025-08-04 14:30:00+00:00,3654.32,3658.71,3634.0,3634.74,118929.295
2025-08-04 14:45:00+00:00,3634.74,3648.44,3628.06,3637.98,129268.722
2025-08-04 15:00:00+00:00,3637.99,3650.0,3633.0,3648.0,63882.135
2025-08-04 15:15:00+00:00,3648.0,3649.14,3638.48,3646.01,28687.845
2025-08-04 15:30:00+00:00,3646.0,3656.01,3635.71,3639.56,54679.165
2025-08-04 15:45:00+00:00,3639.56,3649.29,3633.76,3646.59,37417.194
2025-08-04 16:00:00+00:00,3646.6,3674.44,3646.41,3664.99,127081.691
2025-08-04 16:15:00+00:00,3665.0,3674.0,3658.87,3662.58,74033.515
2025-08-04 16:30:00+00:00,3662.58,3697.55,3662.58,3683.44,134945.112
2025-08-04 16:45:00+00:00,3683.44,3690.0,3679.57,3683.05,75455.163
2025-08-04 17:00:00+00:00,3683.06,3716.93,3679.0,3713.73,188117.472
2025-08-04 17:15:00+00:00,3713.73,3713.73,3690.43,3692.94,112645.65
2025-08-04 17:30:00+00:00,3692.95,3693.44,3676.0,3678.65,79137.453
2025-08-04 17:45:00+00:00,3678.66,3687.54,3676.32,3679.58,46644.816
2025-08-04 18:00:00+00:00,3679.58,3686.01,3676.23,3677.01,37485.922
2025-08-04 18:15:00+00:00,3677.0,3692.5,3674.0,3686.92,52446.594
2025-08-04 18:30:00+00:00,3686.92,3686.93,3669.53,3672.66,48122.968
2025-08-04 18:45:00+00:00,3672.65,3681.34,3669.03,3674.89,37033.468
2025-08-04 19:00:00+00:00,3674.88,3683.41,3672.06,3678.55,27730.162
2025-08-04 19:15:00+00:00,3678.55,3687.0,3678.55,3681.02,23590.487
2025-08-04 19:30:00+00:00,3681.02,3682.42,3664.97,3668.55,39356.949
2025-08-04 19:45:00+00:00,3668.54,3675.64,3664.58,3668.14,34697.734
2025-08-04 20:00:00+00:00,3668.14,3683.15,3658.9,3678.24,68442.094
2025-08-04 20:15:00+00:00,3678.24,3686.7,3674.74,3684.63,29406.241
2025-08-04 20:30:00+00:00,3684.63,3703.71,3684.63,3700.32,76360.339
2025-08-04 20:45:00+00:00,3700.33,3711.0,3689.34,3698.28,54425.923
2025-08-04 21:00:00+00:00,3698.28,3712.88,3697.04,3709.3,32140.718
2025-08-04 21:15:00+00:00,3709.3,3730.0,3703.0,3711.38,99247.421
2025-08-04 21:30:00+00:00,3711.38,3725.0,3705.49,3720.94,36943.878
2025-08-04 21:45:00+00:00,3720.94,3722.01,3702.72,3708.56,34594.012
2025-08-04 22:00:00+00:00,3708.57,3728.0,3708.57,3727.0,46336.056
2025-08-04 22:15:00+00:00,3726.99,3732.86,3718.63,3721.97,33166.872
2025-08-04 22:30:00+00:00,3721.96,3733.0,3716.54,3724.35,37053.869
2025-08-04 22:45:00+00:00,3724.35,3735.0,3723.44,3730.77,37565.515
2025-08-04 23:00:00+00:00,3730.76,3732.0,3719.59,3728.0,29622.258
2025-08-04 23:15:00+00:00,3727.99,3728.49,3719.28,3720.01,19412.938
2025-08-04 23:30:00+00:00,3720.0,3722.25,3711.0,3714.99,35148.954
2025-08-04 23:45:00+00:00,3715.0,3719.63,3707.0,3719.42,39664.251
2025-08-05 00:00:00+00:00,3719.41,3720.1,3697.1,3702.32,71480.895
2025-08-05 00:15:00+00:00,3702.32,3703.7,3692.63,3696.04,31004.366
2025-08-05 00:30:00+00:00,3696.04,3709.5,3696.03,3701.3,39253.686
2025-08-05 00:45:00+00:00,3701.3,3702.99,3691.18,3695.42,28589.774
2025-08-05 01:00:00+00:00,3695.42,3705.49,3688.9,3693.49,39226.937
2025-08-05 01:15:00+00:00,3693.49,3698.67,3686.01,3696.13,35031.058
2025-08-05 01:30:00+00:00,3696.12,3696.12,3687.21,3693.96,17714.485
2025-08-05 01:45:00+00:00,3693.95,3695.43,3677.0,3678.81,60481.664
2025-08-05 02:00:00+00:00,3678.81,3686.59,3673.5,3674.75,32547.096
2025-08-05 02:15:00+00:00,3674.76,3679.53,3672.15,3672.74,21168.0
2025-08-05 02:30:00+00:00,3672.74,3677.0,3671.55,3671.56,18936.518
2025-08-05 02:45:00+00:00,3671.55,3682.61,3671.0,3678.88,29468.215
2025-08-05 03:00:00+00:00,3678.87,3679.93,3661.33,3665.08,54310.05
2025-08-05 03:15:00+00:00,3665.07,3665.08,3646.72,3656.31,98328.937
2025-08-05 03:30:00+00:00,3656.31,3658.44,3647.46,3652.81,37750.474
2025-08-05 03:45:00+00:00,3652.81,3655.72,3648.79,3650.4,29791.607
2025-08-05 04:00:00+00:00,3650.4,3666.87,3642.32,3664.59,70167.601
2025-08-05 04:15:00+00:00,3664.58,3664.58,3650.84,3654.67,27583.728
2025-08-05 04:30:00+00:00,3654.68,3655.01,3645.35,3646.53,35365.72
2025-08-05 04:45:00+00:00,3646.52,3649.99,3644.01,3647.62,23881.016
2025-08-05 05:00:00+00:00,3647.62,3656.39,3645.51,3655.35,29815.435
2025-08-05 05:15:00+00:00,3655.36,3661.62,3652.07,3656.85,30334.766
2025-08-05 05:30:00+00:00,3656.85,3664.76,3654.14,3655.22,34209.102
2025-08-05 05:45:00+00:00,3655.22,3666.89,3654.07,3662.77,33847.585
2025-08-05 06:00:00+00:00,3662.76,3673.78,3660.89,3667.89,61614.133
2025-08-05 06:15:00+00:00,3667.9,3678.35,3666.0,3675.2,53897.254
2025-08-05 06:30:00+00:00,3675.2,3675.21,3658.51,3660.29,37245.985
2025-08-05 06:45:00+00:00,3660.3,3660.3,3633.0,3649.16,121139.625
2025-08-05 07:00:00+00:00,3649.15,3652.41,3640.95,3647.93,42766.974
2025-08-05 07:15:00+00:00,3647.93,3655.63,3635.24,3638.06,38129.123
2025-08-05 07:30:00+00:00,3638.06,3638.27,3598.74,3609.0,244055.626
2025-08-05 07:45:00+00:00,3609.0,3622.88,3608.0,3611.76,94508.992
2025-08-05 08:00:00+00:00,3611.76,3621.0,3606.65,3611.4,66831.357
2025-08-05 08:15:00+00:00,3611.4,3632.67,3611.4,3627.67,51079.085
2025-08-05 08:30:00+00:00,3627.68,3637.03,3620.0,3625.52,59765.92
2025-08-05 08:45:00+00:00,3625.52,3634.89,3621.3,3633.0,33974.766
2025-08-05 09:00:00+00:00,3633.0,3640.0,3631.65,3638.19,38861.323
2025-08-05 09:15:00+00:00,3638.2,3646.99,3633.51,3644.99,48580.376
2025-08-05 09:30:00+00:00,3644.99,3658.0,3643.34,3654.95,65084.931
2025-08-05 09:45:00+00:00,3654.96,3664.9,3652.6,3658.81,72100.704
2025-08-05 10:00:00+00:00,3658.82,3664.54,3651.67,3659.98,38399.268
2025-08-05 10:15:00+00:00,3659.98,3677.84,3659.97,3672.68,65833.204
2025-08-05 10:30:00+00:00,3672.68,3692.3,3670.95,3686.4,110250.175
2025-08-05 10:45:00+00:00,3686.39,3686.4,3678.13,3680.92,28923.198
2025-08-05 11:00:00+00:00,3680.93,3683.31,3666.0,3670.61,52237.961
2025-08-05 11:15:00+00:00,3670.62,3684.35,3669.05,3681.69,30755.309
2025-08-05 11:30:00+00:00,3681.69,3682.58,3669.02,3673.88,30973.941
2025-08-05 11:45:00+00:00,3673.87,3673.88,3660.02,3672.58,48608.701
2025-08-05 12:00:00+00:00,3672.58,3678.89,3665.08,3676.76,30575.427
2025-08-05 12:15:00+00:00,3676.77,3676.77,3640.77,3655.26,109844.168
2025-08-05 12:30:00+00:00,3655.27,3655.27,3608.0,3627.96,194976.556
2025-08-05 12:45:00+00:00,3627.95,3638.44,3618.6,3626.88,89233.227
2025-08-05 13:00:00+00:00,3626.89,3633.85,3617.09,3619.13,66892.01
2025-08-05 13:15:00+00:00,3619.14,3635.97,3617.0,3634.62,80538.119
2025-08-05 13:30:00+00:00,3634.62,3653.75,3625.61,3640.85,103470.349
2025-08-05 13:45:00+00:00,3640.86,3658.65,3638.19,3645.29,71872.024
2025-08-05 14:00:00+00:00,3645.28,3646.22,3601.18,3608.34,177881.999
2025-08-05 14:15:00+00:00,3608.33,3608.87,3567.01,3579.0,388468.629
2025-08-05 14:30:00+00:00,3579.0,3584.91,3563.2,3569.05,155366.482
2025-08-05 14:45:00+00:00,3569.01,3578.55,3557.58,3576.34,129158.181
2025-08-05 15:00:00+00:00,3576.33,3596.71,3568.48,3590.49,143509.096
2025-08-05 15:15:00+00:00,3590.49,3594.88,3562.11,3569.71,95036.64
2025-08-05 15:30:00+00:00,3569.71,3575.0,3555.01,3559.82,114013.114
2025-08-05 15:45:00+00:00,3559.81,3572.2,3555.0,3568.46,69313.287
2025-08-05 16:00:00+00:00,3568.46,3586.33,3564.03,3582.86,76574.073
2025-08-05 16:15:00+00:00,3582.85,3587.89,3575.6,3584.39,47678.896
2025-08-05 16:30:00+00:00,3584.39,3593.24,3561.71,3571.0,84281.53
2025-08-05 16:45:00+00:00,3570.98,3585.72,3564.57,3576.16,44995.351
2025-08-05 17:00:00+00:00,3576.16,3588.22,3575.0,3587.08,33894.004
2025-08-05 17:15:00+00:00,3587.07,3603.43,3585.05,3595.63,67436.719
2025-08-05 17:30:00+00:00,3595.63,3606.68,3593.33,3595.5,46713.44
2025-08-05 17:45:00+00:00,3595.49,3607.84,3591.0,3603.83,41241.777
2025-08-05 18:00:00+00:00,3603.82,3611.0,3596.72,3596.73,34638.603
2025-08-05 18:15:00+00:00,3596.73,3600.33,3581.42,3587.69,47865.573
2025-08-05 18:30:00+00:00,3587.69,3590.93,3574.25,3576.56,40621.118
2025-08-05 18:45:00+00:00,3576.6,3587.53,3565.87,3585.9,50933.422
2025-08-05 19:00:00+00:00,3585.91,3593.17,3580.23,3580.38,29000.563
2025-08-05 19:15:00+00:00,3580.38,3583.88,3570.78,3577.98,24532.331
2025-08-05 19:30:00+00:00,3577.97,3581.33,3569.0,3569.63,22066.482
2025-08-05 19:45:00+00:00,3569.62,3576.31,3558.0,3570.18,61312.766
2025-08-05 20:00:00+00:00,3570.18,3585.17,3570.18,3584.19,35928.937
2025-08-05 20:15:00+00:00,3584.19,3596.47,3581.7,3595.0,43467.674
2025-08-05 20:30:00+00:00,3594.99,3595.0,3576.38,3579.93,26720.135
2025-08-05 20:45:00+00:00,3579.94,3581.68,3572.67,3575.19,22436.31
2025-08-05 21:00:00+00:00,3575.2,3588.87,3573.13,3574.63,19580.334
2025-08-05 21:15:00+00:00,3574.63,3587.45,3574.0,3585.0,12311.44
2025-08-05 21:30:00+00:00,3584.99,3589.46,3580.0,3581.11,7772.213
2025-08-05 21:45:00+00:00,3581.11,3581.11,3568.03,3573.8,18223.4
2025-08-05 22:00:00+00:00,3573.79,3578.53,3542.58,3576.26,132734.687
2025-08-05 22:15:00+00:00,3576.26,3588.89,3576.0,3584.18,43650.278
2025-08-05 22:30:00+00:00,3584.19,3592.68,3582.45,3592.68,22076.361
2025-08-05 22:45:00+00:00,3592.68,3597.2,3589.26,3595.3,21002.848
2025-08-05 23:00:00+00:00,3595.29,3609.53,3591.86,3607.93,54503.391
2025-08-05 23:15:00+00:00,3607.92,3618.73,3605.32,3611.93,46205.507
2025-08-05 23:30:00+00:00,3611.92,3623.98,3608.83,3616.92,45012.038
2025-08-05 23:45:00+00:00,3616.93,3618.79,3606.44,3610.19,23699.991
2025-08-06 00:00:00+00:00,3610.19,3612.48,3595.09,3601.01,55425.631
2025-08-06 00:15:00+00:00,3601.0,3603.24,3590.0,3591.01,46304.296
2025-08-06 00:30:00+00:00,3591.01,3599.11,3583.64,3593.2,29745.636
2025-08-06 00:45:00+00:00,3593.2,3593.2,3569.3,3575.27,68456.212
2025-08-06 01:00:00+00:00,3575.26,3586.49,3570.05,3584.89,34252.621
2025-08-06 01:15:00+00:00,3584.9,3586.0,3565.0,3566.99,42524.364
2025-08-06 01:30:00+00:00,3566.99,3582.75,3562.34,3578.22,33612.683
2025-08-06 01:45:00+00:00,3578.22,3593.12,3570.39,3591.01,80538.765
2025-08-06 02:00:00+00:00,3591.0,3591.0,3572.27,3578.48,29726.908
2025-08-06 02:15:00+00:00,3578.48,3587.9,3576.8,3584.12,11463.315
2025-08-06 02:30:00+00:00,3584.13,3591.24,3575.72,3588.32,13780.695
2025-08-06 02:45:00+00:00,3588.32,3595.37,3583.14,3590.85,32610.47
2025-08-06 03:00:00+00:00,3590.85,3593.51,3580.56,3584.25,18392.529
2025-08-06 03:15:00+00:00,3584.26,3584.69,3570.1,3576.08,26895.833
2025-08-06 03:30:00+00:00,3576.08,3583.69,3575.0,3581.4,15726.514
2025-08-06 03:45:00+00:00,3581.4,3585.0,3580.12,3582.02,11485.136
2025-08-06 04:00:00+00:00,3582.03,3583.5,3570.05,3572.37,20462.375
2025-08-06 04:15:00+00:00,3572.36,3580.01,3568.59,3577.65,16131.013
2025-08-06 04:30:00+00:00,3577.65,3581.55,3569.71,3573.82,11424.572
2025-08-06 04:45:00+00:00,3573.82,3575.74,3569.6,3572.41,17811.528
2025-08-06 05:00:00+00:00,3572.4,3617.56,3568.0,3616.8,87950.759
2025-08-06 05:15:00+00:00,3616.8,3642.55,3613.31,3626.0,149071.612
2025-08-06 05:30:00+00:00,3626.0,3661.4,3625.5,3646.18,122996.482
2025-08-06 05:45:00+00:00,3646.18,3654.56,3629.48,3637.19,83138.788
2025-08-06 06:00:00+00:00,3637.2,3639.0,3616.67,3619.6,54725.609
2025-08-06 06:15:00+00:00,3619.6,3628.0,3615.36,3619.88,38399.684
2025-08-06 06:30:00+00:00,3619.89,3636.17,3615.56,3632.84,47338.065
2025-08-06 06:45:00+00:00,3632.84,3642.97,3627.01,3630.95,35625.524
2025-08-06 07:00:00+00:00,3630.95,3642.42,3623.1,3639.49,28258.087
2025-08-06 07:15:00+00:00,3639.49,3648.0,3635.44,3645.02,31613.981
2025-08-06 07:30:00+00:00,3645.01,3645.01,3631.21,3637.5,32257.482
2025-08-06 07:45:00+00:00,3637.49,3642.0,3633.13,3638.4,17877.677
2025-08-06 08:00:00+00:00,3638.39,3641.8,3619.39,3625.04,37030.397
2025-08-06 08:15:00+00:00,3625.04,3629.97,3619.0,3622.42,23199.821
2025-08-06 08:30:00+00:00,3622.42,3624.2,3610.09,3610.86,43620.105
2025-08-06 08:45:00+00:00,3610.86,3622.12,3608.0,3620.79,59729.802
2025-08-06 09:00:00+00:00,3620.79,3632.62,3615.25,3631.46,34715.393
2025-08-06 09:15:00+00:00,3631.46,3644.0,3626.86,3626.99,53031.811
2025-08-06 09:30:00+00:00,3627.0,3630.8,3617.24,3620.57,40478.396
2025-08-06 09:45:00+00:00,3620.58,3629.81,3618.41,3625.99,16717.129
2025-08-06 10:00:00+00:00,3625.99,3630.62,3618.0,3625.38,23299.763
2025-08-06 10:15:00+00:00,3625.38,3632.52,3610.09,3621.27,47701.859
2025-08-06 10:30:00+00:00,3621.27,3627.81,3618.09,3623.73,19149.348
2025-08-06 10:45:00+00:00,3623.72,3625.0,3610.0,3614.74,70554.895
2025-08-06 11:00:00+00:00,3614.74,3620.52,3608.18,3619.62,27466.033
2025-08-06 11:15:00+00:00,3619.62,3625.23,3618.34,3624.94,21934.746
2025-08-06 11:30:00+00:00,3624.94,3629.48,3620.04,3624.44,23704.349
2025-08-06 11:45:00+00:00,3624.45,3624.45,3615.17,3618.16,15855.846
2025-08-06 12:00:00+00:00,3618.15,3622.14,3590.14,3592.65,75391.332
2025-08-06 12:15:00+00:00,3592.65,3603.63,3582.02,3595.37,95985.34
2025-08-06 12:30:00+00:00,3595.37,3604.52,3590.66,3590.97,37537.725
2025-08-06 12:45:00+00:00,3590.96,3594.56,3577.44,3582.91,83232.141
2025-08-06 13:00:00+00:00,3582.92,3591.47,3578.23,3591.28,40852.506
2025-08-06 13:15:00+00:00,3591.28,3593.61,3582.0,3589.59,33451.333
2025-08-06 13:30:00+00:00,3589.62,3601.05,3571.05,3596.67,104950.345
2025-08-06 13:45:00+00:00,3596.68,3603.17,3581.79,3601.0,81021.366
2025-08-06 14:00:00+00:00,3601.0,3623.82,3600.99,3607.69,107380.611
2025-08-06 14:15:00+00:00,3607.7,3612.16,3586.12,3599.01,86770.917
2025-08-06 14:30:00+00:00,3599.02,3612.0,3593.21,3608.32,44260.287
2025-08-06 14:45:00+00:00,3608.33,3635.0,3600.7,3634.99,104991.431
2025-08-06 15:00:00+00:00,3634.99,3639.89,3618.24,3626.3,102665.093
2025-08-06 15:15:00+00:00,3626.29,3632.45,3620.81,3627.2,37025.072
2025-08-06 15:30:00+00:00,3627.21,3647.39,3626.21,3643.96,73360.405
2025-08-06 15:45:00+00:00,3643.96,3668.0,3638.0,3662.65,99914.628
2025-08-06 16:00:00+00:00,3662.66,3672.92,3641.94,3649.29,121051.092
2025-08-06 16:15:00+00:00,3649.3,3658.79,3645.43,3649.25,45358.175
2025-08-06 16:30:00+00:00,3649.24,3655.9,3637.64,3641.59,58997.307
2025-08-06 16:45:00+00:00,3641.58,3652.0,3638.85,3643.35,36946.549
2025-08-06 17:00:00+00:00,3643.36,3647.86,3636.78,3644.22,23543.663
2025-08-06 17:15:00+00:00,3644.22,3655.0,3643.13,3653.73,25712.711
2025-08-06 17:30:00+00:00,3653.72,3665.78,3647.0,3663.89,34676.563
2025-08-06 17:45:00+00:00,3663.9,3685.33,3660.22,3680.75,105643.122
2025-08-06 18:00:00+00:00,3680.75,3697.39,3680.04,3694.51,80931.073
2025-08-06 18:15:00+00:00,3694.51,3696.9,3675.0,3678.56,76545.657
2025-08-06 18:30:00+00:00,3678.56,3686.61,3673.0,3675.87,33850.654
2025-08-06 18:45:00+00:00,3675.87,3679.44,3670.72,3675.76,36922.766
2025-08-06 19:00:00+00:00,3675.76,3684.62,3674.25,3678.84,29808.341
2025-08-06 19:15:00+00:00,3678.83,3680.4,3675.0,3675.25,20067.912
2025-08-06 19:30:00+00:00,3675.25,3675.6,3668.0,3671.49,21487.682
2025-08-06 19:45:00+00:00,3671.49,3682.84,3668.02,3682.13,21846.476
2025-08-06 20:00:00+00:00,3682.13,3682.13,3672.0,3674.32,16965.939
2025-08-06 20:15:00+00:00,3674.32,3679.28,3672.87,3674.45,13326.585
2025-08-06 20:30:00+00:00,3674.45,3676.52,3665.0,3674.6,26574.25
2025-08-06 20:45:00+00:00,3674.61,3675.14,3668.21,3672.75,14202.92
2025-08-06 21:00:00+00:00,3672.74,3683.89,3671.41,3674.43,19918.156
2025-08-06 21:15:00+00:00,3674.43,3680.64,3672.63,3675.15,10463.354
2025-08-06 21:30:00+00:00,3675.16,3675.91,3648.19,3660.52,69740.957
2025-08-06 21:45:00+00:00,3660.51,3668.68,3659.26,3668.38,21235.462
2025-08-06 22:00:00+00:00,3668.38,3679.92,3664.16,3675.08,30347.729
2025-08-06 22:15:00+00:00,3675.08,3678.31,3668.33,3678.31,11164.18
2025-08-06 22:30:00+00:00,3678.3,3679.86,3672.74,3675.26,13503.282
2025-08-06 22:45:00+00:00,3675.23,3681.2,3674.0,3680.87,14809.865
2025-08-06 23:00:00+00:00,3680.87,3683.04,3674.34,3677.15,10631.79
2025-08-06 23:15:00+00:00,3677.16,3679.27,3672.04,3675.27,8987.708
2025-08-06 23:30:00+00:00,3675.27,3682.04,3674.4,3680.76,11693.677
2025-08-06 23:45:00+00:00,3680.75,3684.92,3679.08,3681.21,19076.518
2025-08-07 00:00:00+00:00,3681.21,3681.3,3667.87,3672.4,33394.988
2025-08-07 00:15:00+00:00,3672.4,3677.16,3662.33,3676.11,24332.358
2025-08-07 00:30:00+00:00,3676.11,3681.0,3672.51,3672.52,16689.678
2025-08-07 00:45:00+00:00,3672.51,3674.2,3667.62,3672.62,10451.717
2025-08-07 01:00:00+00:00,3672.63,3680.64,3669.73,3677.31,13517.494
2025-08-07 01:15:00+00:00,3677.3,3714.0,3672.3,3705.31,93359.464
2025-08-07 01:30:00+00:00,3705.3,3716.38,3688.48,3689.95,89969.127
2025-08-07 01:45:00+00:00,3689.96,3692.19,3665.0,3665.69,79933.135
2025-08-07 02:00:00+00:00,3665.68,3672.99,3656.69,3672.37,65470.698
2025-08-07 02:15:00+00:00,3672.36,3676.84,3664.6,3669.5,21159.301
2025-08-07 02:30:00+00:00,3669.48,3671.33,3655.66,3656.09,27276.045
2025-08-07 02:45:00+00:00,3656.09,3660.0,3648.05,3657.64,44384.601
2025-08-07 03:00:00+00:00,3657.63,3662.43,3651.38,3651.89,19367.839
2025-08-07 03:15:00+00:00,3651.89,3655.67,3645.78,3654.05,26920.339
2025-08-07 03:30:00+00:00,3654.05,3660.41,3652.56,3660.19,16750.839
2025-08-07 03:45:00+00:00,3660.19,3663.61,3654.52,3655.06,14203.482
2025-08-07 04:00:00+00:00,3655.06,3665.64,3653.45,3661.29,21726.961
2025-08-07 04:15:00+00:00,3661.28,3668.57,3660.62,3665.83,12304.781
2025-08-07 04:30:00+00:00,3665.83,3665.94,3657.04,3659.0,21619.662
2025-08-07 04:45:00+00:00,3659.0,3661.66,3655.07,3660.11,13506.675
2025-08-07 05:00:00+00:00,3660.11,3663.9,3657.28,3663.48,13261.325
2025-08-07 05:15:00+00:00,3663.48,3678.14,3663.0,3675.5,39289.906
2025-08-07 05:30:00+00:00,3675.49,3681.38,3671.45,3675.8,23019.18
2025-08-07 05:45:00+00:00,3675.81,3686.97,3675.25,3685.89,28978.937
2025-08-07 06:00:00+00:00,3685.89,3704.07,3685.0,3700.51,57209.823
2025-08-07 06:15:00+00:00,3700.51,3700.51,3686.04,3686.24,42815.294
2025-08-07 06:30:00+00:00,3686.24,3694.39,3685.23,3693.48,23369.458
2025-08-07 06:45:00+00:00,3693.48,3710.0,3691.27,3693.66,53178.413
2025-08-07 07:00:00+00:00,3693.65,3706.53,3692.49,3700.97,32008.56
2025-08-07 07:15:00+00:00,3700.97,3708.39,3699.08,3701.99,29176.744
2025-08-07 07:30:00+00:00,3701.99,3704.2,3696.51,3697.65,19338.35
2025-08-07 07:45:00+00:00,3697.65,3701.0,3693.04,3701.0,22693.02
2025-08-07 08:00:00+00:00,3701.0,3722.79,3700.88,3714.53,87545.004
2025-08-07 08:15:00+00:00,3714.53,3726.6,3713.75,3725.52,66039.244
2025-08-07 08:30:00+00:00,3725.51,3726.12,3713.37,3716.53,56847.958
2025-08-07 08:45:00+00:00,3716.53,3721.37,3711.07,3720.26,47124.182
2025-08-07 09:00:00+00:00,3720.25,3727.44,3713.28,3715.06,38729.421
2025-08-07 09:15:00+00:00,3715.05,3727.0,3714.71,3723.38,24991.289
2025-08-07 09:30:00+00:00,3723.39,3727.44,3718.55,3727.44,32669.872
2025-08-07 09:45:00+00:00,3727.44,3732.88,3721.7,3730.12,43770.427
2025-08-07 10:00:00+00:00,3730.13,3799.46,3728.29,3795.11,373038.652
2025-08-07 10:15:00+00:00,3795.11,3799.19,3784.02,3797.8,159142.796
2025-08-07 10:30:00+00:00,3797.81,3824.19,3795.17,3810.51,265961.799
2025-08-07 10:45:00+00:00,3810.5,3825.58,3806.89,3819.33,82734.829
2025-08-07 11:00:00+00:00,3819.33,3821.85,3805.0,3809.71,87111.847
2025-08-07 11:15:00+00:00,3809.7,3822.2,3806.11,3819.72,65858.374
2025-08-07 11:30:00+00:00,3819.71,3840.0,3813.0,3827.01,117990.827
2025-08-07 11:45:00+00:00,3827.02,3841.45,3825.01,3825.66,113825.257
2025-08-07 12:00:00+00:00,3825.67,3833.97,3821.99,3832.73,72116.518
2025-08-07 12:15:00+00:00,3832.73,3846.0,3828.0,3835.9,87403.888
2025-08-07 12:30:00+00:00,3835.9,3846.21,3832.84,3842.12,66205.507
2025-08-07 12:45:00+00:00,3842.12,3850.0,3830.67,3848.47,90028.053
2025-08-07 13:00:00+00:00,3848.48,3853.0,3836.2,3840.96,82595.369
2025-08-07 13:15:00+00:00,3840.96,3843.3,3825.0,3830.87,87670.187
2025-08-07 13:30:00+00:00,3830.88,3864.0,3827.0,3857.98,144137.861
2025-08-07 13:45:00+00:00,3857.97,3864.54,3845.75,3855.96,91528.301
2025-08-07 14:00:00+00:00,3855.96,3856.73,3827.15,3828.96,101545.659
2025-08-07 14:15:00+00:00,3828.96,3839.59,3826.14,3829.75,69349.415
2025-08-07 14:30:00+00:00,3829.75,3830.94,3809.51,3816.0,140085.859
2025-08-07 14:45:00+00:00,3816.0,3822.81,3802.57,3818.99,108448.607
2025-08-07 15:00:00+00:00,3818.99,3825.89,3813.33,3819.88,53192.397
2025-08-07 15:15:00+00:00,3819.88,3834.8,3814.59,3827.0,63353.376
2025-08-07 15:30:00+00:00,3826.99,3839.51,3824.74,3832.54,55501.476
2025-08-07 15:45:00+00:00,3832.55,3838.69,3825.04,3835.15,40733.113
2025-08-07 16:00:00+00:00,3835.15,3842.5,3825.18,3832.11,67644.657
2025-08-07 16:15:00+00:00,3832.12,3834.5,3821.44,3829.75,40404.104
2025-08-07 16:30:00+00:00,3829.76,3834.54,3803.5,3805.13,78930.248
2025-08-07 16:45:00+00:00,3805.13,3818.7,3777.14,3813.18,215217.149
2025-08-07 17:00:00+00:00,3813.19,3819.45,3802.5,3814.14,65920.023
2025-08-07 17:15:00+00:00,3814.14,3826.65,3809.87,3818.07,45677.925
2025-08-07 17:30:00+00:00,3818.07,3827.4,3812.51,3827.21,31571.996
2025-08-07 17:45:00+00:00,3827.2,3833.0,3820.1,3827.91,25974.174
2025-08-07 18:00:00+00:00,3827.89,3828.6,3809.0,3811.51,41067.781
2025-08-07 18:15:00+00:00,3811.51,3821.0,3805.85,3820.0,39681.714
2025-08-07 18:30:00+00:00,3819.99,3820.37,3812.37,3813.05,17276.013
2025-08-07 18:45:00+00:00,3813.04,3828.84,3812.0,3825.67,30571.339
2025-08-07 19:00:00+00:00,3825.68,3828.96,3820.09,3827.13,16314.601
2025-08-07 19:15:00+00:00,3827.12,3842.21,3825.13,3838.93,47724.275
2025-08-07 19:30:00+00:00,3838.93,3850.0,3836.3,3849.61,71097.924
2025-08-07 19:45:00+00:00,3849.61,3875.0,3849.06,3865.48,167919.571
2025-08-07 20:00:00+00:00,3865.47,3867.36,3849.0,3854.16,58959.955
2025-08-07 20:15:00+00:00,3854.16,3864.79,3852.33,3862.32,31346.094
2025-08-07 20:30:00+00:00,3862.32,3869.82,3856.02,3863.57,27587.806
2025-08-07 20:45:00+00:00,3863.56,3881.0,3857.89,3872.39,74325.318
2025-08-07 21:00:00+00:00,3872.4,3874.99,3861.89,3865.27,31948.554
2025-08-07 21:15:00+00:00,3865.27,3871.59,3865.0,3869.68,16611.584
2025-08-07 21:30:00+00:00,3869.68,3872.8,3855.99,3860.44,33965.365
2025-08-07 21:45:00+00:00,3860.43,3886.11,3858.38,3869.61,66817.588
2025-08-07 22:00:00+00:00,3869.6,3883.92,3866.12,3882.54,47117.394
2025-08-07 22:15:00+00:00,3882.55,3887.72,3875.83,3881.87,46503.613
2025-08-07 22:30:00+00:00,3881.87,3887.01,3876.01,3881.94,39498.204
2025-08-07 22:45:00+00:00,3881.97,3926.38,3881.61,3915.13,204403.624
2025-08-07 23:00:00+00:00,3915.13,3916.26,3890.92,3893.01,84570.826
2025-08-07 23:15:00+00:00,3893.01,3897.87,3889.65,3891.01,24726.395
2025-08-07 23:30:00+00:00,3891.0,3899.83,3887.46,3898.57,29615.774
2025-08-07 23:45:00+00:00,3898.56,3916.47,3898.46,3908.4,48155.08
2025-08-08 00:00:00+00:00,3908.4,3911.78,3885.36,3904.81,71490.753
2025-08-08 00:15:00+00:00,3904.81,3905.84,3880.0,3897.48,78734.408
2025-08-08 00:30:00+00:00,3897.48,3935.88,3890.0,3920.66,134998.674
2025-08-08 00:45:00+00:00,3920.66,3928.56,3896.7,3898.38,130285.646
2025-08-08 01:00:00+00:00,3898.38,3916.24,3888.0,3912.12,78754.811
2025-08-08 01:15:00+00:00,3912.11,3912.4,3886.61,3896.09,78947.933
2025-08-08 01:30:00+00:00,3896.09,3898.18,3883.39,3886.68,34888.407
2025-08-08 01:45:00+00:00,3886.68,3890.9,3876.7,3885.47,32103.655
2025-08-08 02:00:00+00:00,3885.47,3892.59,3877.29,3892.2,33645.091
2025-08-08 02:15:00+00:00,3892.19,3892.58,3884.0,3886.79,24091.465
2025-08-08 02:30:00+00:00,3886.79,3893.9,3883.0,3890.77,24299.406
2025-08-08 02:45:00+00:00,3890.76,3904.16,3890.76,3892.0,47472.426
2025-08-08 03:00:00+00:00,3892.0,3903.0,3890.58,3901.24,34403.593
2025-08-08 03:15:00+00:00,3901.23,3968.81,3900.29,3950.8,266766.537
2025-08-08 03:30:00+00:00,3950.81,3952.0,3927.01,3928.63,100285.337
2025-08-08 03:45:00+00:00,3928.64,3938.84,3922.83,3938.05,64512.34
2025-08-08 04:00:00+00:00,3938.05,3938.4,3918.83,3921.55,66710.314
2025-08-08 04:15:00+00:00,3921.55,3924.96,3913.9,3924.67,40911.064
2025-08-08 04:30:00+00:00,3924.67,3933.8,3923.0,3924.16,36312.994
2025-08-08 04:45:00+00:00,3924.16,3926.56,3917.33,3919.33,18857.426
2025-08-08 05:00:00+00:00,3919.33,3919.56,3905.15,3909.41,43176.893
2025-08-08 05:15:00+00:00,3909.42,3911.73,3892.96,3898.8,46938.838
2025-08-08 05:30:00+00:00,3898.81,3904.47,3895.43,3903.67,27380.833
2025-08-08 05:45:00+00:00,3903.68,3904.11,3897.39,3900.23,14360.262
2025-08-08 06:00:00+00:00,3900.23,3915.02,3893.14,3915.01,35362.595
2025-08-08 06:15:00+00:00,3915.02,3917.84,3904.0,3915.15,35137.639
2025-08-08 06:30:00+00:00,3915.15,3918.88,3908.08,3912.23,31498.906
2025-08-08 06:45:00+00:00,3912.23,3914.83,3905.06,3913.2,15831.643
2025-08-08 07:00:00+00:00,3913.2,3915.0,3898.69,3906.76,32376.313
2025-08-08 07:15:00+00:00,3906.76,3927.0,3906.75,3920.0,47164.062
2025-08-08 07:30:00+00:00,3920.01,3920.83,3913.02,3913.43,26641.561
2025-08-08 07:45:00+00:00,3913.42,3920.62,3912.19,3914.88,26067.661
2025-08-08 08:00:00+00:00,3914.87,3926.89,3913.0,3921.62,32548.998
2025-08-08 08:15:00+00:00,3921.62,3923.55,3901.29,3903.97,35976.426
2025-08-08 08:30:00+00:00,3903.97,3904.24,3885.26,3890.2,81211.753
2025-08-08 08:45:00+00:00,3890.21,3898.56,3885.0,3897.2,39980.47
2025-08-08 09:00:00+00:00,3897.21,3898.7,3889.1,3891.91,21995.906
2025-08-08 09:15:00+00:00,3891.91,3897.99,3883.11,3888.76,39569.824
2025-08-08 09:30:00+00:00,3888.76,3896.0,3887.25,3892.53,15240.087
2025-08-08 09:45:00+00:00,3892.54,3901.38,3892.0,3898.8,19697.701
2025-08-08 10:00:00+00:00,3898.81,3907.48,3898.0,3900.01,25158.89
2025-08-08 10:15:00+00:00,3900.01,3902.8,3893.7,3895.28,17455.352
2025-08-08 10:30:00+00:00,3895.27,3900.94,3891.0,3891.0,16644.443
2025-08-08 10:45:00+00:00,3891.0,3897.19,3885.18,3895.94,25491.941
2025-08-08 11:00:00+00:00,3895.94,3908.72,3895.52,3906.14,34751.355
2025-08-08 11:15:00+00:00,3906.13,3913.06,3903.3,3904.21,29302.331
2025-08-08 11:30:00+00:00,3904.22,3918.6,3903.93,3913.39,31233.475
2025-08-08 11:45:00+00:00,3913.39,3919.0,3912.17,3916.29,23828.294
2025-08-08 12:00:00+00:00,3916.28,3916.29,3897.32,3904.55,43203.467
2025-08-08 12:15:00+00:00,3904.54,3909.55,3898.93,3906.96,25219.53
2025-08-08 12:30:00+00:00,3906.97,3908.11,3895.0,3898.72,24444.105
2025-08-08 12:45:00+00:00,3898.73,3900.76,3890.69,3890.86,21874.972
2025-08-08 13:00:00+00:00,3890.85,3902.31,3890.06,3897.0,27166.278
2025-08-08 13:15:00+00:00,3897.0,3912.5,3894.0,3911.78,34880.428
2025-08-08 13:30:00+00:00,3911.78,3943.11,3902.47,3936.1,134778.734
2025-08-08 13:45:00+00:00,3936.09,4011.09,3936.09,3998.95,575272.476
2025-08-08 14:00:00+00:00,3998.94,4005.0,3955.61,3965.58,326355.843
2025-08-08 14:15:00+00:00,3965.58,3969.4,3941.83,3961.76,199602.033
2025-08-08 14:30:00+00:00,3961.76,3965.26,3942.63,3958.41,103285.765
2025-08-08 14:45:00+00:00,3958.41,3983.63,3957.44,3983.41,122759.793
2025-08-08 15:00:00+00:00,3983.42,3988.0,3945.92,3954.46,141717.17
2025-08-08 15:15:00+00:00,3954.46,3961.8,3946.39,3952.56,51518.13
2025-08-08 15:30:00+00:00,3952.56,3963.77,3925.0,3927.76,122277.557
2025-08-08 15:45:00+00:00,3927.77,3954.98,3927.77,3953.0,75490.971
2025-08-08 16:00:00+00:00,3953.0,3967.64,3950.94,3954.4,69600.606
2025-08-08 16:15:00+00:00,3954.43,3976.61,3949.41,3965.01,58561.476
2025-08-08 16:30:00+00:00,3965.0,3971.0,3956.28,3959.32,36335.388
2025-08-08 16:45:00+00:00,3959.32,3971.0,3958.8,3969.81,28708.55
2025-08-08 17:00:00+00:00,3969.8,3993.48,3966.8,3987.38,114500.306
2025-08-08 17:15:00+00:00,3987.37,4002.05,3978.34,3995.08,111701.867
2025-08-08 17:30:00+00:00,3995.08,4030.0,3992.89,4018.42,188478.293
2025-08-08 17:45:00+00:00,4018.42,4034.0,4010.64,4031.83,95413.22
2025-08-08 18:00:00+00:00,4031.84,4050.0,4029.04,4039.42,123491.645
2025-08-08 18:15:00+00:00,4039.43,4057.57,4032.0,4046.11,116025.048
2025-08-08 18:30:00+00:00,4046.1,4054.35,4041.03,4045.0,73863.904
2025-08-08 18:45:00+00:00,4045.0,4056.17,4033.0,4056.16,80898.476
2025-08-08 19:00:00+00:00,4056.17,4066.0,4041.13,4048.23,89318.401
2025-08-08 19:15:00+00:00,4048.22,4052.88,4036.59,4041.24,39825.162
2025-08-08 19:30:00+00:00,4041.24,4048.79,4030.05,4043.66,42742.729
2025-08-08 19:45:00+00:00,4043.66,4062.93,4041.66,4059.99,55496.589
2025-08-08 20:00:00+00:00,4060.0,4070.0,4049.19,4050.94,72450.199
2025-08-08 20:15:00+00:00,4050.95,4054.34,4044.56,4048.19,31205.38
2025-08-08 20:30:00+00:00,4048.19,4057.0,4046.3,4051.55,27505.699
2025-08-08 20:45:00+00:00,4051.56,4060.62,4050.0,4056.82,25872.874
2025-08-08 21:00:00+00:00,4056.81,4058.18,4049.32,4050.53,18146.757
2025-08-08 21:15:00+00:00,4050.54,4051.85,4037.15,4039.11,27961.119
2025-08-08 21:30:00+00:00,4039.11,4046.92,4039.11,4045.5,15927.854
2025-08-08 21:45:00+00:00,4045.51,4045.86,4037.31,4037.31,12130.535
2025-08-08 22:00:00+00:00,4037.31,4038.45,4021.75,4033.16,72482.632
2025-08-08 22:15:00+00:00,4033.16,4038.39,4027.21,4029.51,27270.705
2025-08-08 22:30:00+00:00,4029.5,4029.51,4016.5,4027.94,55551.808
2025-08-08 22:45:00+00:00,4027.93,4035.0,4023.25,4024.33,22798.476
2025-08-08 23:00:00+00:00,4024.34,4031.63,4020.74,4025.99,17763.399
2025-08-08 23:15:00+00:00,4026.0,4027.74,4019.79,4021.55,15486.625
2025-08-08 23:30:00+00:00,4021.56,4021.67,4005.52,4010.99,60058.966
2025-08-08 23:45:00+00:00,4011.0,4014.04,4006.59,4009.05,17424.185
2025-08-09 00:00:00+00:00,4009.04,4013.56,4006.0,4011.92,21973.536
2025-08-09 00:15:00+00:00,4011.92,4025.38,4005.02,4018.01,34471.221
2025-08-09 00:30:00+00:00,4018.0,4023.25,4013.4,4019.77,22095.927
2025-08-09 00:45:00+00:00,4019.78,4022.25,4010.17,4016.08,23257.679
2025-08-09 01:00:00+00:00,4016.08,4024.24,4009.11,4016.51,19349.844
2025-08-09 01:15:00+00:00,4016.51,4019.94,4012.4,4019.01,9859.97
2025-08-09 01:30:00+00:00,4019.0,4033.69,4017.41,4028.53,40499.138
2025-08-09 01:45:00+00:00,4028.53,4035.79,4024.48,4031.59,35228.135
2025-08-09 02:00:00+00:00,4031.59,4032.57,4021.93,4024.32,29229.466
2025-08-09 02:15:00+00:00,4024.32,4033.33,4024.32,4031.17,16317.072
2025-08-09 02:30:00+00:00,4031.17,4037.46,4026.17,4033.46,15327.964
2025-08-09 02:45:00+00:00,4033.46,4037.12,4027.96,4030.66,17253.98
2025-08-09 03:00:00+00:00,4030.66,4043.09,4023.3,4040.67,82027.531
2025-08-09 03:15:00+00:00,4040.67,4042.85,4032.0,4037.99,28860.035
2025-08-09 03:30:00+00:00,4037.99,4049.48,4032.92,4043.95,30898.202
2025-08-09 03:45:00+00:00,4043.96,4050.91,4040.23,4049.33,36245.687
2025-08-09 04:00:00+00:00,4049.34,4057.64,4043.26,4055.88,39523.869
2025-08-09 04:15:00+00:00,4055.87,4063.1,4050.87,4061.72,42863.327
2025-08-09 04:30:00+00:00,4061.72,4101.39,4059.42,4079.73,242648.695
2025-08-09 04:45:00+00:00,4079.74,4084.63,4073.57,4079.43,65059.329
2025-08-09 05:00:00+00:00,4079.42,4220.0,4074.23,4158.0,629084.266
2025-08-09 05:15:00+00:00,4157.99,4181.0,4151.7,4178.82,164897.774
2025-08-09 05:30:00+00:00,4178.82,4196.71,4163.0,4176.4,171864.559
2025-08-09 05:45:00+00:00,4176.41,4194.15,4168.59,4180.74,105295.539
2025-08-09 06:00:00+00:00,4180.74,4182.78,4141.17,4160.6,125355.852
2025-08-09 06:15:00+00:00,4160.59,4181.23,4153.02,4174.89,75546.59
2025-08-09 06:30:00+00:00,4174.89,4175.01,4152.25,4155.99,64186.313
2025-08-09 06:45:00+00:00,4156.0,4163.09,4148.0,4161.36,62827.071
2025-08-09 07:00:00+00:00,4161.36,4173.24,4157.27,4167.47,37855.927
2025-08-09 07:15:00+00:00,4167.47,4176.14,4163.77,4164.21,34778.976
2025-08-09 07:30:00+00:00,4164.22,4167.59,4155.32,4161.76,30614.84
2025-08-09 07:45:00+00:00,4161.75,4171.02,4157.81,4169.7,25842.956
2025-08-09 08:00:00+00:00,4169.71,4178.05,4167.87,4176.3,41079.868
2025-08-09 08:15:00+00:00,4176.31,4187.28,4171.31,4187.28,42645.785
2025-08-09 08:30:00+00:00,4187.28,4202.76,4178.83,4198.74,73480.142
2025-08-09 08:45:00+00:00,4198.74,4198.74,4164.38,4188.75,83152.68
2025-08-09 09:00:00+00:00,4188.75,4200.0,4172.23,4198.11,74703.97
2025-08-09 09:15:00+00:00,4198.12,4199.79,4185.0,4188.42,32789.991
2025-08-09 09:30:00+00:00,4188.43,4196.2,4184.12,4195.02,24524.807
2025-08-09 09:45:00+00:00,4195.01,4248.87,4193.22,4217.99,213137.825
2025-08-09 10:00:00+00:00,4217.98,4246.65,4213.56,4237.54,127430.324
2025-08-09 10:15:00+00:00,4237.54,4245.48,4220.26,4224.77,96419.288
2025-08-09 10:30:00+00:00,4224.77,4227.99,4217.51,4220.23,54787.755
2025-08-09 10:45:00+00:00,4220.24,4230.94,4211.01,4216.13,80652.693
2025-08-09 11:00:00+00:00,4216.13,4216.97,4199.75,4200.57,81280.284
2025-08-09 11:15:00+00:00,4200.56,4208.78,4194.94,4207.38,45285.848
2025-08-09 11:30:00+00:00,4207.38,4207.38,4182.0,4199.57,72258.211
2025-08-09 11:45:00+00:00,4199.57,4199.59,4188.0,4189.39,42424.345
2025-08-09 12:00:00+00:00,4189.39,4200.0,4181.0,4196.8,79002.432
2025-08-09 12:15:00+00:00,4196.8,4206.97,4195.51,4203.64,41022.397
2025-08-09 12:30:00+00:00,4203.65,4203.93,4188.14,4190.05,34164.126
2025-08-09 12:45:00+00:00,4190.05,4198.77,4189.31,4195.41,18423.019
2025-08-09 13:00:00+00:00,4195.4,4198.56,4167.35,4177.64,69934.219
2025-08-09 13:15:00+00:00,4177.64,4193.0,4173.15,4190.45,69629.459
2025-08-09 13:30:00+00:00,4190.44,4190.45,4171.38,4181.37,54024.18
2025-08-09 13:45:00+00:00,4181.37,4181.37,4162.6,4164.83,72357.959
2025-08-09 14:00:00+00:00,4164.82,4184.99,4152.57,4184.59,109269.328
2025-08-09 14:15:00+00:00,4184.59,4197.58,4176.13,4192.52,65046.462
2025-08-09 14:30:00+00:00,4192.52,4195.0,4185.65,4188.32,32120.229
2025-08-09 14:45:00+00:00,4188.33,4197.19,4182.62,4195.48,32643.971
2025-08-09 15:00:00+00:00,4195.48,4225.5,4194.71,4209.99,117758.857
2025-08-09 15:15:00+00:00,4210.0,4222.0,4170.0,4198.18,169342.534
2025-08-09 15:30:00+00:00,4198.18,4206.27,4191.48,4202.57,36708.437
2025-08-09 15:45:00+00:00,4202.57,4214.22,4199.37,4207.51,36830.275
2025-08-09 16:00:00+00:00,4207.52,4214.5,4204.98,4213.44,34582.589
2025-08-09 16:15:00+00:00,4213.44,4224.92,4210.7,4215.55,50544.647
2025-08-09 16:30:00+00:00,4215.55,4218.97,4191.0,4208.25,66195.841
2025-08-09 16:45:00+00:00,4208.24,4213.0,4197.47,4206.0,34947.663
2025-08-09 17:00:00+00:00,4206.01,4217.74,4198.5,4215.62,36630.164
2025-08-09 17:15:00+00:00,4215.64,4223.56,4211.66,4220.92,26318.899
2025-08-09 17:30:00+00:00,4220.93,4238.43,4212.31,4227.89,72354.329
2025-08-09 17:45:00+00:00,4227.88,4236.12,4220.18,4233.28,30764.594
2025-08-09 18:00:00+00:00,4233.27,4236.07,4221.37,4225.41,29795.248
2025-08-09 18:15:00+00:00,4225.41,4239.0,4218.58,4234.82,40505.196
2025-08-09 18:30:00+00:00,4234.82,4244.0,4228.01,4228.64,37804.594
2025-08-09 18:45:00+00:00,4228.64,4257.37,4226.67,4240.6,82803.541
2025-08-09 19:00:00+00:00,4240.6,4251.33,4235.07,4245.35,36335.147
2025-08-09 19:15:00+00:00,4245.34,4249.0,4238.14,4248.64,29395.276
2025-08-09 19:30:00+00:00,4248.64,4266.0,4242.0,4261.57,64488.891
2025-08-09 19:45:00+00:00,4261.57,4271.1,4252.72,4256.64,46531.877
2025-08-09 20:00:00+00:00,4256.64,4293.26,4254.84,4270.35,145056.977
2025-08-09 20:15:00+00:00,4270.36,4284.97,4263.32,4268.72,93836.557
2025-08-09 20:30:00+00:00,4268.71,4284.1,4262.85,4279.04,53745.928
2025-08-09 20:45:00+00:00,4279.03,4289.42,4271.22,4289.34,34889.875
2025-08-09 21:00:00+00:00,4289.35,4298.48,4277.25,4288.0,75894.901
2025-08-09 21:15:00+00:00,4288.0,4288.98,4262.47,4267.21,88793.554
2025-08-09 21:30:00+00:00,4267.21,4281.58,4260.12,4269.85,56371.584
2025-08-09 21:45:00+00:00,4269.86,4292.0,4269.29,4276.23,48500.145
2025-08-09 22:00:00+00:00,4276.22,4293.36,4271.61,4288.25,53126.989
2025-08-09 22:15:00+00:00,4288.26,4325.24,4285.09,4300.13,161496.136
2025-08-09 22:30:00+00:00,4300.14,4302.34,4260.0,4269.58,122603.858
2025-08-09 22:45:00+00:00,4269.58,4271.09,4238.74,4262.55,107566.252
2025-08-09 23:00:00+00:00,4262.55,4273.63,4250.0,4256.96,80181.298
2025-08-09 23:15:00+00:00,4256.95,4261.16,4250.09,4251.65,22539.703
2025-08-09 23:30:00+00:00,4251.64,4264.3,4245.91,4261.54,42412.662
2025-08-09 23:45:00+00:00,4261.54,4272.8,4255.74,4259.1,35544.845
2025-08-10 00:00:00+00:00,4259.11,4266.0,4245.69,4264.53,33660.654
2025-08-10 00:15:00+00:00,4264.52,4272.5,4261.47,4261.84,25959.837
2025-08-10 00:30:00+00:00,4261.83,4286.0,4260.15,4285.8,45073.435
2025-08-10 00:45:00+00:00,4285.8,4331.99,4280.36,4309.45,158285.305
2025-08-10 01:00:00+00:00,4309.44,4321.8,4286.0,4286.9,90157.859
2025-08-10 01:15:00+00:00,4286.9,4304.82,4285.85,4293.83,51980.335
2025-08-10 01:30:00+00:00,4293.82,4320.52,4293.0,4317.4,57650.119
2025-08-10 01:45:00+00:00,4317.39,4317.81,4294.35,4299.28,34523.271
2025-08-10 02:00:00+00:00,4299.29,4303.38,4266.0,4283.24,73855.599
2025-08-10 02:15:00+00:00,4283.25,4288.0,4245.57,4260.44,148028.543
2025-08-10 02:30:00+00:00,4260.43,4264.96,4248.0,4250.38,57917.939
2025-08-10 02:45:00+00:00,4250.39,4255.89,4245.3,4245.3,43420.834
2025-08-10 03:00:00+00:00,4245.31,4256.72,4226.73,4244.09,179042.404
2025-08-10 03:15:00+00:00,4244.09,4252.0,4205.0,4232.55,169549.281
2025-08-10 03:30:00+00:00,4232.54,4238.23,4217.58,4235.1,72641.652
2025-08-10 03:45:00+00:00,4235.1,4247.96,4234.03,4241.14,45265.067
2025-08-10 04:00:00+00:00,4241.14,4246.0,4225.23,4242.78,46832.926
2025-08-10 04:15:00+00:00,4242.79,4254.4,4237.58,4248.96,46478.475
2025-08-10 04:30:00+00:00,4248.95,4256.63,4246.0,4253.92,27911.053
2025-08-10 04:45:00+00:00,4253.92,4263.35,4245.47,4249.99,44191.085
2025-08-10 05:00:00+00:00,4249.99,4249.99,4230.0,4237.55,45133.836
2025-08-10 05:15:00+00:00,4237.56,4245.78,4211.73,4214.79,66626.413
2025-08-10 05:30:00+00:00,4214.8,4235.22,4214.22,4234.12,38332.986
2025-08-10 05:45:00+00:00,4234.13,4234.14,4214.67,4219.14,32450.363
2025-08-10 06:00:00+00:00,4219.15,4225.93,4213.02,4218.85,27368.409
2025-08-10 06:15:00+00:00,4218.84,4218.85,4202.0,4213.71,95898.805
2025-08-10 06:30:00+00:00,4213.71,4232.39,4211.3,4230.28,32253.731
2025-08-10 06:45:00+00:00,4230.28,4235.45,4218.4,4223.97,60925.411
2025-08-10 07:00:00+00:00,4223.98,4232.86,4223.97,4226.0,16143.632
2025-08-10 07:15:00+00:00,4225.99,4226.41,4208.75,4209.82,31273.449
2025-08-10 07:30:00+00:00,4209.82,4215.75,4175.57,4175.57,189412.475
2025-08-10 07:45:00+00:00,4175.58,4193.82,4175.51,4184.36,70004.175
2025-08-10 08:00:00+00:00,4184.36,4193.0,4161.02,4191.0,140825.96
2025-08-10 08:15:00+00:00,4190.99,4205.88,4187.81,4204.26,65560.982
2025-08-10 08:30:00+00:00,4204.26,4219.0,4201.0,4207.11,52281.655
2025-08-10 08:45:00+00:00,4207.12,4217.78,4206.26,4208.69,41627.583
2025-08-10 09:00:00+00:00,4208.69,4219.53,4208.69,4215.2,26805.425
2025-08-10 09:15:00+00:00,4215.2,4221.84,4212.01,4217.31,29821.969
2025-08-10 09:30:00+00:00,4217.3,4227.2,4215.64,4221.01,27820.592
2025-08-10 09:45:00+00:00,4221.01,4230.0,4220.06,4223.99,27387.534
2025-08-10 10:00:00+00:00,4223.99,4232.0,4212.59,4217.0,42680.794
2025-08-10 10:15:00+00:00,4217.0,4226.88,4210.32,4214.28,29556.522
2025-08-10 10:30:00+00:00,4214.29,4215.6,4190.67,4211.69,75674.031
2025-08-10 10:45:00+00:00,4211.69,4217.58,4192.89,4196.82,36792.418
2025-08-10 11:00:00+00:00,4196.81,4199.49,4182.0,4196.97,40203.658
2025-08-10 11:15:00+00:00,4196.98,4210.74,4191.4,4207.53,32673.312
2025-08-10 11:30:00+00:00,4207.54,4220.1,4196.03,4209.03,43697.337
2025-08-10 11:45:00+00:00,4209.04,4215.07,4174.55,4179.11,100138.569
2025-08-10 12:00:00+00:00,4179.11,4185.97,4172.04,4179.71,69692.674
2025-08-10 12:15:00+00:00,4179.71,4195.5,4174.12,4187.75,57558.384
2025-08-10 12:30:00+00:00,4187.74,4194.41,4181.34,4192.41,27928.276
2025-08-10 12:45:00+00:00,4192.4,4200.0,4188.8,4199.13,34327.804
2025-08-10 13:00:00+00:00,4199.13,4203.92,4194.23,4194.73,27715.446
2025-08-10 13:15:00+00:00,4194.73,4195.9,4187.01,4189.58,22578.908
2025-08-10 13:30:00+00:00,4189.58,4190.2,4175.0,4181.93,48086.834
2025-08-10 13:45:00+00:00,4181.93,4186.98,4164.0,4166.01,59313.7
2025-08-10 14:00:00+00:00,4166.01,4194.58,4160.0,4191.57,82720.89
2025-08-10 14:15:00+00:00,4191.56,4215.33,4190.11,4210.9,91580.878
2025-08-10 14:30:00+00:00,4210.89,4221.5,4203.92,4218.69,49123.567
2025-08-10 14:45:00+00:00,4218.68,4225.0,4211.62,4217.58,40320.157
2025-08-10 15:00:00+00:00,4217.57,4229.25,4210.0,4229.0,48597.308
2025-08-10 15:15:00+00:00,4228.99,4237.87,4208.0,4216.18,61337.002
2025-08-10 15:30:00+00:00,4216.18,4222.72,4209.74,4218.9,25732.474
2025-08-10 15:45:00+00:00,4218.89,4227.83,4212.0,4216.12,24084.863
2025-08-10 16:00:00+00:00,4216.11,4227.7,4212.75,4220.24,28698.069
2025-08-10 16:15:00+00:00,4220.24,4232.62,4220.0,4226.37,28343.067
2025-08-10 16:30:00+00:00,4226.37,4240.0,4225.18,4232.09,38854.287
2025-08-10 16:45:00+00:00,4232.1,4235.51,4225.32,4232.22,16508.501
2025-08-10 17:00:00+00:00,4232.21,4247.32,4229.28,4234.27,38436.567
2025-08-10 17:15:00+00:00,4234.27,4237.26,4226.0,4226.99,23289.961
2025-08-10 17:30:00+00:00,4227.0,4233.0,4222.4,4225.29,16632.058
2025-08-10 17:45:00+00:00,4225.3,4233.24,4222.27,4222.9,14088.615
2025-08-10 18:00:00+00:00,4222.91,4233.84,4217.0,4228.02,30371.818
2025-08-10 18:15:00+00:00,4228.02,4229.5,4216.01,4223.12,20285.362
2025-08-10 18:30:00+00:00,4223.12,4229.84,4221.39,4225.71,9088.798
2025-08-10 18:45:00+00:00,4225.7,4235.42,4222.32,4234.32,10658.31
2025-08-10 19:00:00+00:00,4234.32,4244.99,4228.8,4244.6,27386.373
2025-08-10 19:15:00+00:00,4244.6,4248.93,4235.5,4241.24,25799.889
2025-08-10 19:30:00+00:00,4241.24,4252.53,4241.23,4246.56,25101.648
2025-08-10 19:45:00+00:00,4246.57,4257.96,4246.35,4247.2,32241.885
2025-08-10 20:00:00+00:00,4247.2,4249.14,4217.64,4230.06,72728.378
2025-08-10 20:15:00+00:00,4230.06,4232.45,4206.63,4212.95,67233.587
2025-08-10 20:30:00+00:00,4212.95,4232.57,4212.31,4226.19,28255.152
2025-08-10 20:45:00+00:00,4226.19,4231.04,4214.51,4214.77,23728.437
2025-08-10 21:00:00+00:00,4214.78,4216.0,4184.05,4206.62,104454.836
2025-08-10 21:15:00+00:00,4206.62,4214.16,4192.63,4194.97,24997.148
2025-08-10 21:30:00+00:00,4194.97,4201.57,4189.1,4196.28,19739.4
2025-08-10 21:45:00+00:00,4196.29,4221.7,4196.28,4221.68,32703.49
2025-08-10 22:00:00+00:00,4221.67,4223.64,4203.0,4217.95,39839.821
2025-08-10 22:15:00+00:00,4217.94,4229.25,4215.79,4224.01,25241.718
2025-08-10 22:30:00+00:00,4224.01,4234.44,4224.01,4234.43,24266.188
2025-08-10 22:45:00+00:00,4234.44,4249.0,4224.12,4248.91,37535.742
2025-08-10 23:00:00+00:00,4248.91,4251.65,4237.0,4237.5,36459.367
2025-08-10 23:15:00+00:00,4237.5,4240.91,4225.76,4240.24,25049.589
2025-08-10 23:30:00+00:00,4240.25,4252.42,4240.0,4245.4,34420.045
2025-08-10 23:45:00+00:00,4245.4,4252.82,4244.03,4248.77,20189.681
2025-08-11 00:00:00+00:00,4248.77,4250.86,4236.36,4248.76,45105.131
2025-08-11 00:15:00+00:00,4248.75,4277.7,4247.27,4275.24,91113.39
2025-08-11 00:30:00+00:00,4275.24,4284.7,4256.0,4266.37,74297.294
2025-08-11 00:45:00+00:00,4266.37,4275.29,4257.67,4260.58,37011.797
2025-08-11 01:00:00+00:00,4260.58,4282.6,4258.44,4278.62,43141.746
2025-08-11 01:15:00+00:00,4278.62,4303.09,4273.07,4290.66,101495.243
2025-08-11 01:30:00+00:00,4290.66,4320.57,4290.66,4308.12,152042.025
2025-08-11 01:45:00+00:00,4308.13,4308.13,4293.01,4302.04,54436.71
2025-08-11 02:00:00+00:00,4302.04,4346.0,4299.25,4311.53,193432.315
2025-08-11 02:15:00+00:00,4311.53,4327.98,4295.3,4309.09,129929.493
2025-08-11 02:30:00+00:00,4309.09,4318.65,4291.96,4312.72,57668.577
2025-08-11 02:45:00+00:00,4312.72,4318.34,4306.31,4307.12,33072.431
2025-08-11 03:00:00+00:00,4307.13,4307.92,4285.51,4300.35,58385.178
2025-08-11 03:15:00+00:00,4300.35,4303.66,4284.88,4289.99,46792.994
2025-08-11 03:30:00+00:00,4289.99,4299.12,4282.0,4290.33,50089.404
2025-08-11 03:45:00+00:00,4290.33,4310.77,4288.06,4307.77,46404.042
2025-08-11 04:00:00+00:00,4307.78,4349.67,4303.32,4337.01,118581.469
2025-08-11 04:15:00+00:00,4337.0,4342.49,4322.48,4324.19,66565.212
2025-08-11 04:30:00+00:00,4324.19,4330.61,4320.43,4321.79,25499.62
2025-08-11 04:45:00+00:00,4321.78,4329.99,4316.8,4318.06,55559.571
2025-08-11 05:00:00+00:00,4318.07,4330.0,4314.0,4320.2,36070.576
2025-08-11 05:15:00+00:00,4320.2,4320.2,4305.76,4308.99,31747.71
2025-08-11 05:30:00+00:00,4308.99,4314.01,4300.21,4302.94,39978.041
2025-08-11 05:45:00+00:00,4302.94,4306.87,4288.77,4304.34,62769.961
2025-08-11 06:00:00+00:00,4304.33,4310.67,4293.25,4299.33,31405.829
2025-08-11 06:15:00+00:00,4299.33,4310.0,4296.14,4302.14,21400.542
2025-08-11 06:30:00+00:00,4302.13,4304.26,4293.27,4299.71,21936.487
2025-08-11 06:45:00+00:00,4299.72,4306.61,4295.01,4297.05,21006.973
2025-08-11 07:00:00+00:00,4297.05,4302.3,4290.47,4296.96,22711.727
2025-08-11 07:15:00+00:00,4296.96,4297.91,4284.04,4289.48,40176.797
2025-08-11 07:30:00+00:00,4289.47,4290.88,4263.92,4279.27,90899.636
2025-08-11 07:45:00+00:00,4279.27,4279.98,4266.35,4272.93,51850.195
2025-08-11 08:00:00+00:00,4272.93,4274.61,4252.7,4273.97,108761.811
2025-08-11 08:15:00+00:00,4273.97,4281.04,4270.16,4275.0,47022.459
2025-08-11 08:30:00+00:00,4274.99,4282.48,4266.6,4280.56,39131.886
2025-08-11 08:45:00+00:00,4280.57,4284.3,4275.21,4280.56,23401.091
2025-08-11 09:00:00+00:00,4280.56,4282.76,4271.51,4277.99,21933.193
2025-08-11 09:15:00+00:00,4277.99,4278.0,4267.84,4274.0,23916.585
2025-08-11 09:30:00+00:00,4273.99,4280.44,4263.31,4273.0,30765.292
2025-08-11 09:45:00+00:00,4273.01,4275.0,4258.75,4264.96,28572.774
2025-08-11 10:00:00+00:00,4264.96,4267.81,4253.34,4255.16,35868.585
2025-08-11 10:15:00+00:00,4255.16,4263.51,4208.31,4258.6,148560.792
2025-08-11 10:30:00+00:00,4258.6,4261.07,4244.0,4246.3,65002.578
2025-08-11 10:45:00+00:00,4246.3,4247.89,4227.72,4235.26,60683.115
2025-08-11 11:00:00+00:00,4235.27,4238.88,4218.1,4225.45,69228.698
2025-08-11 11:15:00+00:00,4225.45,4225.87,4192.08,4192.92,130953.888
2025-08-11 11:30:00+00:00,4192.93,4214.27,4190.61,4207.94,100682.454
2025-08-11 11:45:00+00:00,4207.95,4208.55,4168.03,4183.51,159356.891
2025-08-11 12:00:00+00:00,4183.51,4194.87,4175.0,4180.77,87275.264
2025-08-11 12:15:00+00:00,4180.76,4193.7,4174.84,4182.0,60828.519
2025-08-11 12:30:00+00:00,4182.0,4191.0,4164.23,4172.16,133672.313
2025-08-11 12:45:00+00:00,4172.16,4186.0,4167.0,4182.22,51525.856
2025-08-11 13:00:00+00:00,4182.22,4183.73,4168.55,4173.17,49623.04
2025-08-11 13:15:00+00:00,4173.18,4185.2,4170.01,4184.0,50354.2
2025-08-11 13:30:00+00:00,4184.0,4265.01,4181.28,4254.35,383466.438
2025-08-11 13:45:00+00:00,4254.34,4305.61,4247.19,4278.56,364029.942
2025-08-11 14:00:00+00:00,4278.56,4299.92,4261.62,4272.83,169420.559
2025-08-11 14:15:00+00:00,4272.83,4292.59,4266.08,4288.71,85253.528
2025-08-11 14:30:00+00:00,4288.71,4320.0,4281.59,4282.29,239614.221
2025-08-11 14:45:00+00:00,4282.29,4291.79,4268.0,4276.25,85211.587
2025-08-11 15:00:00+00:00,4276.28,4280.0,4256.61,4271.91,85018.17
2025-08-11 15:15:00+00:00,4271.91,4308.14,4270.04,4287.47,90013.906
2025-08-11 15:30:00+00:00,4287.48,4317.95,4284.03,4310.96,103639.173
2025-08-11 15:45:00+00:00,4310.97,4331.5,4304.37,4328.88,100025.056
2025-08-11 16:00:00+00:00,4328.88,4370.0,4327.69,4345.76,297490.507
2025-08-11 16:15:00+00:00,4345.76,4362.33,4331.81,4350.5,109231.024
2025-08-11 16:30:00+00:00,4350.52,4355.86,4313.21,4314.08,116429.337
2025-08-11 16:45:00+00:00,4314.09,4333.97,4310.74,4310.91,79542.083
2025-08-11 17:00:00+00:00,4310.91,4320.93,4292.07,4306.85,93687.169
2025-08-11 17:15:00+00:00,4306.83,4309.67,4280.87,4300.73,110094.583
2025-08-11 17:30:00+00:00,4300.73,4311.11,4289.14,4306.22,50122.442
2025-08-11 17:45:00+00:00,4306.22,4307.01,4288.23,4292.29,37416.953
2025-08-11 18:00:00+00:00,4292.28,4297.46,4265.0,4297.46,102813.804
2025-08-11 18:15:00+00:00,4297.45,4303.0,4289.52,4290.66,41733.869
2025-08-11 18:30:00+00:00,4290.66,4306.96,4276.54,4277.37,42012.259
2025-08-11 18:45:00+00:00,4277.37,4305.0,4272.6,4293.35,37833.293
2025-08-11 19:00:00+00:00,4293.36,4305.4,4288.0,4298.83,27460.49
2025-08-11 19:15:00+00:00,4298.82,4307.5,4292.0,4300.6,26159.651
2025-08-11 19:30:00+00:00,4300.59,4302.53,4272.3,4278.46,48077.064
2025-08-11 19:45:00+00:00,4278.46,4281.09,4232.0,4257.53,155322.527
2025-08-11 20:00:00+00:00,4257.53,4257.53,4232.54,4237.98,67928.179
2025-08-11 20:15:00+00:00,4237.98,4246.15,4219.38,4240.9,77730.819
2025-08-11 20:30:00+00:00,4240.9,4254.99,4238.1,4251.6,44048.249
2025-08-11 20:45:00+00:00,4251.6,4253.85,4241.0,4241.3,21283.022
2025-08-11 21:00:00+00:00,4241.28,4254.0,4241.16,4250.7,19888.66
2025-08-11 21:15:00+00:00,4250.7,4252.41,4234.12,4235.7,28260.481
2025-08-11 21:30:00+00:00,4235.7,4237.89,4190.0,4212.21,114386.264
2025-08-11 21:45:00+00:00,4212.24,4218.77,4185.6,4218.0,63644.886
2025-08-11 22:00:00+00:00,4218.0,4223.88,4195.29,4203.19,44845.584
2025-08-11 22:15:00+00:00,4203.19,4211.98,4188.0,4202.27,46907.456
2025-08-11 22:30:00+00:00,4202.27,4216.0,4195.0,4214.31,36289.184
2025-08-11 22:45:00+00:00,4214.31,4221.54,4209.07,4218.45,32066.087
2025-08-11 23:00:00+00:00,4218.44,4234.0,4212.33,4229.6,56054.398
2025-08-11 23:15:00+00:00,4229.6,4232.98,4215.11,4219.84,29995.403
2025-08-11 23:30:00+00:00,4219.85,4228.45,4219.1,4228.33,17367.773
2025-08-11 23:45:00+00:00,4228.33,4230.0,4220.8,4221.31,19122.865
2025-08-12 00:00:00+00:00,4221.31,4237.64,4216.61,4231.29,49211.751
2025-08-12 00:15:00+00:00,4231.3,4253.03,4230.83,4240.85,64150.219
2025-08-12 00:30:00+00:00,4240.84,4241.48,4231.45,4235.17,23637.577
2025-08-12 00:45:00+00:00,4235.16,4282.59,4231.11,4272.0,98738.822
2025-08-12 01:00:00+00:00,4272.0,4290.65,4256.51,4269.63,91743.861
2025-08-12 01:15:00+00:00,4269.62,4283.58,4262.3,4281.0,35764.47
2025-08-12 01:30:00+00:00,4281.0,4283.56,4268.63,4278.0,22937.051
2025-08-12 01:45:00+00:00,4278.0,4278.8,4264.62,4268.83,23590.915
2025-08-12 02:00:00+00:00,4268.83,4281.55,4260.43,4275.92,34622.38
2025-08-12 02:15:00+00:00,4275.93,4294.69,4268.0,4291.96,53054.39
2025-08-12 02:30:00+00:00,4291.96,4309.82,4291.59,4301.77,62023.406
2025-08-12 02:45:00+00:00,4301.77,4307.0,4290.02,4290.03,33393.442
2025-08-12 03:00:00+00:00,4290.03,4292.6,4277.47,4285.84,48131.019
2025-08-12 03:15:00+00:00,4285.84,4288.39,4272.98,4285.99,28202.084
2025-08-12 03:30:00+00:00,4286.0,4303.3,4285.5,4287.71,39465.738
2025-08-12 03:45:00+00:00,4287.71,4291.35,4280.51,4284.2,26417.407
2025-08-12 04:00:00+00:00,4284.2,4300.0,4278.21,4297.67,34759.745
2025-08-12 04:15:00+00:00,4297.67,4307.5,4295.0,4305.92,25834.097
2025-08-12 04:30:00+00:00,4305.91,4320.63,4301.75,4309.5,68552.489
2025-08-12 04:45:00+00:00,4309.5,4313.56,4305.0,4309.32,23954.057
2025-08-12 05:00:00+00:00,4309.32,4309.32,4287.0,4300.32,60112.943
2025-08-12 05:15:00+00:00,4300.33,4301.91,4286.12,4290.47,41874.812
2025-08-12 05:30:00+00:00,4290.47,4291.24,4266.0,4272.01,87851.103
2025-08-12 05:45:00+00:00,4272.01,4288.0,4271.71,4283.74,39428.593
2025-08-12 06:00:00+00:00,4283.75,4296.0,4278.51,4278.87,40551.804
2025-08-12 06:15:00+00:00,4278.87,4303.1,4271.0,4297.81,51441.43
2025-08-12 06:30:00+00:00,4297.8,4311.51,4285.39,4301.32,57958.182
2025-08-12 06:45:00+00:00,4301.31,4303.88,4288.14,4289.15,23833.557
2025-08-12 07:00:00+00:00,4289.16,4309.0,4289.16,4304.49,38482.307
2025-08-12 07:15:00+00:00,4304.49,4315.0,4302.24,4311.36,45468.283
2025-08-12 07:30:00+00:00,4311.35,4318.0,4307.65,4315.63,45435.203
2025-08-12 07:45:00+00:00,4315.62,4318.0,4308.5,4314.23,23577.62
2025-08-12 08:00:00+00:00,4314.23,4315.0,4298.93,4303.31,40632.813
2025-08-12 08:15:00+00:00,4303.31,4310.08,4294.01,4298.43,36034.773
2025-08-12 08:30:00+00:00,4298.43,4329.0,4294.15,4327.98,74366.382
2025-08-12 08:45:00+00:00,4327.98,4332.74,4308.03,4309.49,61201.529
2025-08-12 09:00:00+00:00,4309.49,4316.0,4293.93,4299.65,61431.757
2025-08-12 09:15:00+00:00,4299.64,4303.3,4291.5,4302.0,36037.712
2025-08-12 09:30:00+00:00,4302.0,4302.01,4288.4,4290.68,31051.041
2025-08-12 09:45:00+00:00,4290.67,4295.0,4284.81,4286.85,42027.7
2025-08-12 10:00:00+00:00,4286.84,4289.42,4272.79,4280.25,61387.99
2025-08-12 10:15:00+00:00,4280.26,4298.0,4276.01,4292.93,45142.787
2025-08-12 10:30:00+00:00,4292.93,4298.0,4281.73,4283.75,28866.986
2025-08-12 10:45:00+00:00,4283.75,4291.67,4275.37,4276.36,27320.995
2025-08-12 11:00:00+00:00,4276.35,4282.54,4255.56,4260.37,75475.788
2025-08-12 11:15:00+00:00,4260.36,4276.73,4256.72,4275.18,47558.369
2025-08-12 11:30:00+00:00,4275.18,4284.58,4269.01,4270.71,47319.448
2025-08-12 11:45:00+00:00,4270.71,4296.5,4269.24,4289.35,49836.58
2025-08-12 12:00:00+00:00,4289.35,4297.5,4279.68,4279.75,49344.086
2025-08-12 12:15:00+00:00,4279.75,4314.0,4276.1,4304.53,92776.355
2025-08-12 12:30:00+00:00,4304.53,4414.78,4304.52,4406.93,682677.873
2025-08-12 12:45:00+00:00,4406.93,4428.39,4388.64,4404.92,287864.162
2025-08-12 13:00:00+00:00,4404.92,4407.0,4370.0,4401.2,237758.414
2025-08-12 13:15:00+00:00,4401.21,4428.0,4392.0,4418.8,148936.902
2025-08-12 13:30:00+00:00,4418.8,4434.0,4376.69,4381.02,245993.574
2025-08-12 13:45:00+00:00,4381.02,4391.79,4350.51,4381.42,273171.793
2025-08-12 14:00:00+00:00,4381.43,4404.74,4373.69,4396.49,135233.011
2025-08-12 14:15:00+00:00,4396.49,4409.98,4383.06,4404.99,79165.491
2025-08-12 14:30:00+00:00,4404.99,4414.78,4393.73,4400.7,58235.598
2025-08-12 14:45:00+00:00,4400.71,4423.39,4385.58,4413.5,106893.803
2025-08-12 15:00:00+00:00,4413.5,4440.0,4412.44,4415.08,147730.733
2025-08-12 15:15:00+00:00,4415.09,4433.53,4415.0,4430.96,78026.821
2025-08-12 15:30:00+00:00,4430.96,4457.97,4420.0,4442.53,209766.639
2025-08-12 15:45:00+00:00,4442.54,4482.3,4440.03,4470.98,198249.24
2025-08-12 16:00:00+00:00,4470.98,4488.0,4461.15,4465.84,204675.974
2025-08-12 16:15:00+00:00,4465.85,4468.91,4444.0,4454.9,174748.766
2025-08-12 16:30:00+00:00,4454.91,4458.77,4438.0,4445.81,87889.868
2025-08-12 16:45:00+00:00,4445.81,4464.0,4445.07,4463.87,72005.867
2025-08-12 17:00:00+00:00,4463.87,4497.0,4461.44,4484.2,165695.81
2025-08-12 17:15:00+00:00,4484.19,4505.0,4470.45,4475.61,198343.292
2025-08-12 17:30:00+00:00,4475.6,4494.46,4467.39,4481.94,78955.284
2025-08-12 17:45:00+00:00,4481.94,4503.16,4477.09,4498.55,72830.684
2025-08-12 18:00:00+00:00,4498.55,4516.65,4487.0,4501.71,121471.6
2025-08-12 18:15:00+00:00,4501.71,4519.0,4492.25,4499.69,104532.95
2025-08-12 18:30:00+00:00,4499.69,4508.3,4476.19,4485.49,92402.847
2025-08-12 18:45:00+00:00,4485.5,4490.08,4475.46,4488.92,35892.062
2025-08-12 19:00:00+00:00,4488.93,4491.0,4480.65,4487.12,28406.231
2025-08-12 19:15:00+00:00,4487.12,4511.89,4486.77,4500.66,72751.997
2025-08-12 19:30:00+00:00,4500.66,4508.19,4492.1,4497.43,35591.712
2025-08-12 19:45:00+00:00,4497.42,4517.53,4495.96,4515.17,50135.182
2025-08-12 20:00:00+00:00,4515.18,4533.88,4501.45,4530.77,134143.635
2025-08-12 20:15:00+00:00,4530.77,4631.83,4528.68,4603.17,527879.362
2025-08-12 20:30:00+00:00,4603.17,4609.65,4585.29,4595.43,101655.046
2025-08-12 20:45:00+00:00,4595.42,4640.0,4588.99,4620.25,148845.308
2025-08-12 21:00:00+00:00,4620.25,4620.25,4595.62,4607.05,79816.69
2025-08-12 21:15:00+00:00,4607.05,4608.53,4597.31,4597.66,50061.034
2025-08-12 21:30:00+00:00,4597.66,4615.0,4577.64,4600.19,105925.009
2025-08-12 21:45:00+00:00,4600.18,4606.23,4582.95,4585.45,54885.506
2025-08-12 22:00:00+00:00,4585.45,4591.02,4561.08,4576.81,99509.502
2025-08-12 22:15:00+00:00,4576.8,4581.69,4562.65,4578.27,40112.219
2025-08-12 22:30:00+00:00,4578.26,4584.0,4573.53,4576.9,28751.256
2025-08-12 22:45:00+00:00,4576.9,4582.36,4565.0,4575.49,32432.737
2025-08-12 23:00:00+00:00,4575.48,4600.0,4572.31,4592.83,59086.766
2025-08-12 23:15:00+00:00,4592.84,4604.22,4582.2,4598.59,43873.292
2025-08-12 23:30:00+00:00,4598.59,4612.01,4592.57,4606.76,40579.128
2025-08-12 23:45:00+00:00,4606.76,4615.82,4581.78,4589.31,93112.645
2025-08-13 00:00:00+00:00,4589.31,4606.78,4582.42,4606.39,45500.982
2025-08-13 00:15:00+00:00,4606.4,4615.6,4595.65,4609.24,44392.987
2025-08-13 00:30:00+00:00,4609.24,4633.87,4608.71,4620.95,96654.936
2025-08-13 00:45:00+00:00,4620.94,4638.56,4611.49,4612.83,82890.784
2025-08-13 01:00:00+00:00,4612.83,4617.37,4565.0,4571.0,141996.757
2025-08-13 01:15:00+00:00,4571.0,4586.27,4570.99,4582.5,68700.547
2025-08-13 01:30:00+00:00,4582.5,4585.0,4562.59,4570.33,58944.264
2025-08-13 01:45:00+00:00,4570.33,4586.0,4568.44,4583.61,31690.105
2025-08-13 02:00:00+00:00,4583.61,4583.61,4569.0,4574.0,25023.501
2025-08-13 02:15:00+00:00,4574.0,4604.63,4573.99,4600.73,58700.588
2025-08-13 02:30:00+00:00,4600.72,4620.61,4592.81,4614.83,65461.299
2025-08-13 02:45:00+00:00,4614.84,4627.56,4608.0,4622.01,54772.947
2025-08-13 03:00:00+00:00,4622.01,4648.0,4606.02,4610.0,111991.889
2025-08-13 03:15:00+00:00,4610.01,4630.97,4608.59,4618.61,41883.847
2025-08-13 03:30:00+00:00,4618.61,4646.45,4615.82,4637.44,77258.991
2025-08-13 03:45:00+00:00,4637.44,4656.62,4628.58,4645.39,83380.121
2025-08-13 04:00:00+00:00,4645.4,4674.99,4644.0,4663.75,153831.091
2025-08-13 04:15:00+00:00,4663.76,4675.2,4655.18,4659.64,68946.124
2025-08-13 04:30:00+00:00,4659.64,4682.0,4656.51,4670.06,81771.386
2025-08-13 04:45:00+00:00,4670.05,4678.1,4660.72,4672.01,47796.663
2025-08-13 05:00:00+00:00,4672.02,4673.69,4662.02,4662.99,36554.296
2025-08-13 05:15:00+00:00,4662.99,4664.27,4645.64,4647.14,65136.985
2025-08-13 05:30:00+00:00,4647.14,4657.84,4633.14,4640.21,73906.408
2025-08-13 05:45:00+00:00,4640.22,4645.68,4620.57,4630.73,86233.91
2025-08-13 06:00:00+00:00,4630.73,4649.12,4624.58,4641.87,68855.549
2025-08-13 06:15:00+00:00,4641.87,4642.33,4606.15,4616.19,75990.246
2025-08-13 06:30:00+00:00,4616.19,4631.44,4605.9,4606.5,49683.727
2025-08-13 06:45:00+00:00,4606.51,4627.21,4606.5,4621.52,37927.532
2025-08-13 07:00:00+00:00,4621.52,4629.49,4609.29,4612.24,42684.067
2025-08-13 07:15:00+00:00,4612.24,4627.13,4611.0,4625.72,27600.631
2025-08-13 07:30:00+00:00,4625.73,4627.81,4616.3,4624.07,27883.29
2025-08-13 07:45:00+00:00,4624.07,4631.4,4618.49,4624.29,31484.974
2025-08-13 08:00:00+00:00,4624.29,4638.0,4617.26,4632.98,60886.963
2025-08-13 08:15:00+00:00,4632.98,4634.3,4618.29,4623.1,30259.8
2025-08-13 08:30:00+00:00,4623.09,4631.92,4609.82,4610.79,37516.173
2025-08-13 08:45:00+00:00,4610.8,4625.0,4607.0,4623.98,40221.405
2025-08-13 09:00:00+00:00,4623.98,4634.0,4621.14,4629.35,38117.017
2025-08-13 09:15:00+00:00,4629.35,4645.0,4623.4,4639.34,64333.225
2025-08-13 09:30:00+00:00,4639.34,4663.29,4633.68,4650.08,75293.995
2025-08-13 09:45:00+00:00,4650.09,4714.5,4648.68,4706.81,251725.211
2025-08-13 10:00:00+00:00,4706.8,4716.0,4687.0,4697.65,125941.929
2025-08-13 10:15:00+00:00,4697.65,4706.01,4688.0,4694.83,70526.669
2025-08-13 10:30:00+00:00,4694.84,4704.75,4689.18,4701.46,52305.909
2025-08-13 10:45:00+00:00,4701.45,4704.86,4691.22,4693.61,34556.543
2025-08-13 11:00:00+00:00,4693.6,4707.09,4688.42,4693.51,44232.52
2025-08-13 11:15:00+00:00,4693.51,4694.53,4675.71,4676.81,80306.482
2025-08-13 11:30:00+00:00,4676.81,4684.06,4668.0,4678.11,62064.039
2025-08-13 11:45:00+00:00,4678.11,4693.8,4677.0,4689.37,47627.95
2025-08-13 12:00:00+00:00,4689.38,4694.62,4674.0,4688.1,43822.986
2025-08-13 12:15:00+00:00,4688.1,4710.0,4686.6,4706.56,60878.1
2025-08-13 12:30:00+00:00,4706.55,4722.5,4702.02,4720.38,138942.278
2025-08-13 12:45:00+00:00,4720.38,4720.78,4677.9,4684.87,168851.374
2025-08-13 13:00:00+00:00,4684.87,4709.32,4678.0,4706.99,74677.452
2025-08-13 13:15:00+00:00,4707.0,4725.0,4704.19,4708.05,116173.518
2025-08-13 13:30:00+00:00,4708.05,4736.76,4663.1,4678.87,321978.103
2025-08-13 13:45:00+00:00,4678.87,4709.5,4640.99,4670.01,244266.749
2025-08-13 14:00:00+00:00,4670.01,4688.99,4652.55,4666.01,160845.434
2025-08-13 14:15:00+00:00,4666.01,4682.44,4632.85,4676.31,243138.022
2025-08-13 14:30:00+00:00,4676.3,4704.55,4656.69,4697.93,112281.397
2025-08-13 14:45:00+00:00,4697.92,4698.74,4644.68,4647.62,156595.917
2025-08-13 15:00:00+00:00,4647.62,4660.5,4620.0,4641.11,145848.798
2025-08-13 15:15:00+00:00,4641.1,4655.68,4613.11,4640.41,121385.455
2025-08-13 15:30:00+00:00,4640.4,4674.0,4631.49,4668.7,91118.464
2025-08-13 15:45:00+00:00,4668.71,4668.71,4649.12,4664.79,53906.177
2025-08-13 16:00:00+00:00,4664.79,4688.88,4660.82,4687.66,77709.902
2025-08-13 16:15:00+00:00,4687.66,4738.78,4687.46,4717.99,202511.244
2025-08-13 16:30:00+00:00,4718.0,4726.73,4685.76,4687.54,125352.574
2025-08-13 16:45:00+00:00,4687.55,4703.05,4683.0,4700.05,73618.04
2025-08-13 17:00:00+00:00,4700.05,4725.5,4696.37,4713.3,101068.364
2025-08-13 17:15:00+00:00,4713.3,4736.7,4711.37,4721.93,79391.267
2025-08-13 17:30:00+00:00,4721.92,4730.0,4708.4,4711.02,51700.816
2025-08-13 17:45:00+00:00,4711.02,4732.4,4703.61,4725.52,45379.847
2025-08-13 18:00:00+00:00,4725.53,4752.54,4723.22,4742.41,133590.494
2025-08-13 18:15:00+00:00,4742.42,4748.0,4705.55,4709.1,81613.616
2025-08-13 18:30:00+00:00,4709.1,4726.57,4687.82,4701.08,109676.539
2025-08-13 18:45:00+00:00,4701.08,4719.25,4699.0,4714.87,43239.766
2025-08-13 19:00:00+00:00,4714.87,4735.0,4711.85,4719.75,50957.283
2025-08-13 19:15:00+00:00,4719.74,4750.0,4719.1,4740.43,89748.685
2025-08-13 19:30:00+00:00,4740.23,4743.39,4707.56,4708.01,70491.124
2025-08-13 19:45:00+00:00,4708.01,4741.75,4708.0,4738.72,84187.001
2025-08-13 20:00:00+00:00,4738.73,4742.38,4710.0,4718.87,64805.831
2025-08-13 20:15:00+00:00,4718.86,4722.36,4694.55,4711.27,51169.18
2025-08-13 20:30:00+00:00,4711.28,4731.78,4711.27,4729.33,24607.355
2025-08-13 20:45:00+00:00,4729.33,4730.4,4712.01,4716.6,25383.917
2025-08-13 21:00:00+00:00,4716.6,4766.39,4716.6,4750.71,126531.992
2025-08-13 21:15:00+00:00,4750.71,4778.87,4746.8,4753.6,95741.432
2025-08-13 21:30:00+00:00,4753.6,4771.89,4738.3,4738.87,50023.694
2025-08-13 21:45:00+00:00,4738.86,4747.69,4712.5,4720.41,70180.102
2025-08-13 22:00:00+00:00,4720.4,4738.08,4703.93,4737.09,61771.659
2025-08-13 22:15:00+00:00,4737.09,4751.1,4725.75,4738.87,48719.725
2025-08-13 22:30:00+00:00,4738.87,4758.29,4735.21,4752.09,41340.582
2025-08-13 22:45:00+00:00,4752.08,4783.48,4722.12,4732.2,188965.72
2025-08-13 23:00:00+00:00,4732.2,4761.75,4731.13,4740.57,95250.215
2025-08-13 23:15:00+00:00,4740.57,4757.5,4732.01,4755.9,43414.331
2025-08-13 23:30:00+00:00,4755.91,4783.62,4752.97,4765.99,73551.348
2025-08-13 23:45:00+00:00,4766.0,4768.46,4746.04,4748.37,42181.362
2025-08-14 00:00:00+00:00,4748.36,4749.81,4727.87,4736.99,110243.447
2025-08-14 00:15:00+00:00,4736.99,4747.88,4725.0,4746.95,44387.472
2025-08-14 00:30:00+00:00,4746.95,4764.74,4717.69,4731.64,119321.518
2025-08-14 00:45:00+00:00,4731.65,4733.26,4709.53,4714.8,72523.352
2025-08-14 01:00:00+00:00,4714.79,4723.43,4706.0,4720.89,57862.438
2025-08-14 01:15:00+00:00,4720.89,4736.17,4718.34,4732.4,36244.201
2025-08-14 01:30:00+00:00,4732.39,4748.0,4728.9,4736.9,40208.428
2025-08-14 01:45:00+00:00,4736.9,4743.52,4716.5,4719.04,40437.46
2025-08-14 02:00:00+00:00,4719.03,4732.81,4716.58,4725.0,22494.715
2025-08-14 02:15:00+00:00,4724.99,4737.77,4717.36,4735.21,25473.717
2025-08-14 02:30:00+00:00,4735.2,4765.57,4732.61,4759.59,102556.917
2025-08-14 02:45:00+00:00,4759.59,4769.0,4747.59,4749.89,50995.748
2025-08-14 03:00:00+00:00,4749.89,4756.12,4740.32,4752.64,38117.332
2025-08-14 03:15:00+00:00,4752.65,4767.8,4752.64,4760.0,36822.876
2025-08-14 03:30:00+00:00,4760.0,4772.04,4752.36,4769.47,54992.755
2025-08-14 03:45:00+00:00,4769.44,4781.6,4762.18,4774.86,76575.897
2025-08-14 04:00:00+00:00,4774.85,4781.91,4770.0,4772.49,46359.407
2025-08-14 04:15:00+00:00,4772.49,4788.78,4772.02,4775.56,64616.009
2025-08-14 04:30:00+00:00,4775.55,4775.55,4756.19,4759.0,64362.218
2025-08-14 04:45:00+00:00,4759.01,4760.0,4751.68,4759.46,34090.448
2025-08-14 05:00:00+00:00,4759.45,4772.62,4737.15,4737.91,67278.254
2025-08-14 05:15:00+00:00,4737.9,4748.8,4733.84,4733.92,50637.885
2025-08-14 05:30:00+00:00,4733.93,4747.2,4725.0,4730.02,50993.986
2025-08-14 05:45:00+00:00,4730.01,4737.0,4724.1,4732.01,46584.876
2025-08-14 06:00:00+00:00,4732.01,4743.37,4717.0,4730.71,67042.152
2025-08-14 06:15:00+00:00,4730.71,4741.65,4718.0,4740.6,66976.816
2025-08-14 06:30:00+00:00,4740.6,4794.0,4740.41,4770.38,194633.249
2025-08-14 06:45:00+00:00,4770.37,4782.24,4768.35,4777.0,57083.727
2025-08-14 07:00:00+00:00,4777.01,4777.01,4730.3,4734.11,137634.579
2025-08-14 07:15:00+00:00,4734.11,4749.98,4732.87,4745.26,73845.601
2025-08-14 07:30:00+00:00,4745.26,4762.0,4742.0,4746.3,48857.049
2025-08-14 07:45:00+00:00,4746.31,4753.9,4733.62,4748.99,37248.172
2025-08-14 08:00:00+00:00,4748.99,4750.18,4731.66,4733.48,41330.215
2025-08-14 08:15:00+00:00,4733.47,4740.81,4726.3,4735.3,43737.498
2025-08-14 08:30:00+00:00,4735.3,4742.47,4721.68,4722.58,36105.743
2025-08-14 08:45:00+00:00,4722.58,4732.03,4720.23,4726.8,39108.617
2025-08-14 09:00:00+00:00,4726.8,4742.49,4718.96,4742.48,50769.974
2025-08-14 09:15:00+00:00,4742.48,4752.0,4732.85,4745.0,38056.48
2025-08-14 09:30:00+00:00,4745.01,4763.31,4740.83,4748.72,52928.733
2025-08-14 09:45:00+00:00,4748.72,4760.62,4748.71,4758.25,33607.301
2025-08-14 10:00:00+00:00,4758.26,4767.0,4743.71,4747.48,57404.535
2025-08-14 10:15:00+00:00,4747.48,4764.79,4743.13,4748.34,30907.208
2025-08-14 10:30:00+00:00,4748.34,4753.83,4669.0,4705.75,292707.374
2025-08-14 10:45:00+00:00,4705.73,4709.04,4683.0,4707.79,149924.288
2025-08-14 11:00:00+00:00,4707.78,4716.3,4692.37,4712.49,90693.381
2025-08-14 11:15:00+00:00,4712.48,4723.0,4701.68,4707.92,78073.697
2025-08-14 11:30:00+00:00,4707.93,4716.95,4692.48,4706.37,43772.783
2025-08-14 11:45:00+00:00,4706.37,4719.37,4703.63,4719.0,32957.129
2025-08-14 12:00:00+00:00,4718.99,4736.99,4717.22,4729.44,60004.676
2025-08-14 12:15:00+00:00,4729.44,4732.69,4706.5,4714.0,80942.326
2025-08-14 12:30:00+00:00,4713.99,4714.5,4496.0,4619.22,1107122.786
2025-08-14 12:45:00+00:00,4619.23,4621.62,4559.75,4568.49,332556.495
2025-08-14 13:00:00+00:00,4568.48,4584.02,4455.0,4583.46,640033.384
2025-08-14 13:15:00+00:00,4583.47,4584.1,4512.0,4534.2,293477.984
2025-08-14 13:30:00+00:00,4534.21,4580.0,4507.0,4570.63,278860.659
2025-08-14 13:45:00+00:00,4570.63,4637.86,4567.4,4611.24,392783.297
2025-08-14 14:00:00+00:00,4611.26,4614.1,4578.76,4595.79,151809.049
2025-08-14 14:15:00+00:00,4595.79,4663.82,4595.31,4655.0,210368.42
2025-08-14 14:30:00+00:00,4655.0,4703.27,4649.45,4665.84,297882.885
2025-08-14 14:45:00+00:00,4665.84,4695.0,4655.25,4669.37,125658.234
2025-08-14 15:00:00+00:00,4669.37,4685.53,4650.0,4651.72,118293.445
2025-08-14 15:15:00+00:00,4651.79,4657.81,4586.2,4612.71,287175.466
2025-08-14 15:30:00+00:00,4612.72,4628.54,4588.96,4607.85,158540.172
2025-08-14 15:45:00+00:00,4607.86,4634.81,4595.0,4617.61,105572.34
2025-08-14 16:00:00+00:00,4617.61,4623.22,4538.98,4541.19,295130.226
2025-08-14 16:15:00+00:00,4541.17,4564.26,4513.94,4524.46,277317.195
2025-08-14 16:30:00+00:00,4524.46,4555.0,4515.1,4540.69,107789.527
2025-08-14 16:45:00+00:00,4540.69,4564.58,4516.0,4544.8,121593.809
2025-08-14 17:00:00+00:00,4544.8,4545.25,4505.04,4532.2,132455.27
2025-08-14 17:15:00+00:00,4532.21,4562.43,4515.63,4559.55,76676.085
2025-08-14 17:30:00+00:00,4559.54,4562.18,4527.65,4533.72,68946.214
2025-08-14 17:45:00+00:00,4533.72,4548.56,4526.08,4547.84,42005.081
2025-08-14 18:00:00+00:00,4547.85,4550.94,4512.09,4519.96,62805.7
2025-08-14 18:15:00+00:00,4519.96,4531.5,4478.8,4528.47,210582.11
2025-08-14 18:30:00+00:00,4528.46,4557.03,4526.2,4552.58,73136.865
2025-08-14 18:45:00+00:00,4552.57,4557.75,4532.63,4537.04,50621.771
2025-08-14 19:00:00+00:00,4537.04,4552.13,4534.21,4538.65,24454.645
2025-08-14 19:15:00+00:00,4538.64,4572.46,4531.96,4565.98,56707.821
2025-08-14 19:30:00+00:00,4565.97,4566.53,4549.33,4558.13,45863.359
2025-08-14 19:45:00+00:00,4558.13,4565.42,4534.9,4536.06,47549.038
2025-08-14 20:00:00+00:00,4536.07,4540.79,4505.01,4530.12,74160.471
2025-08-14 20:15:00+00:00,4530.12,4544.63,4527.9,4536.1,32223.154
2025-08-14 20:30:00+00:00,4536.1,4544.23,4510.17,4521.85,38465.219
2025-08-14 20:45:00+00:00,4521.85,4533.59,4504.15,4532.03,48956.276
2025-08-14 21:00:00+00:00,4532.03,4542.6,4513.28,4536.47,35070.652
2025-08-14 21:15:00+00:00,4536.46,4538.28,4483.62,4492.9,77627.404
2025-08-14 21:30:00+00:00,4492.91,4503.79,4451.0,4469.5,156264.643
2025-08-14 21:45:00+00:00,4469.49,4498.0,4455.6,4476.2,76978.082
2025-08-14 22:00:00+00:00,4476.19,4492.9,4456.2,4487.2,68864.55
2025-08-14 22:15:00+00:00,4487.19,4518.85,4486.61,4518.78,64101.395
2025-08-14 22:30:00+00:00,4518.78,4530.97,4509.45,4514.79,44806.609
2025-08-14 22:45:00+00:00,4514.79,4531.6,4514.79,4530.45,31157.643
2025-08-14 23:00:00+00:00,4530.44,4541.8,4527.74,4541.8,35441.633
2025-08-14 23:15:00+00:00,4541.8,4564.12,4538.05,4562.54,68145.023
2025-08-14 23:30:00+00:00,4562.53,4570.79,4558.0,4567.46,37997.17
2025-08-14 23:45:00+00:00,4567.45,4567.46,4536.19,4545.26,67995.755
2025-08-15 00:00:00+00:00,4545.26,4566.18,4536.3,4564.7,52191.891
2025-08-15 00:15:00+00:00,4564.71,4565.17,4547.56,4550.9,26323.098
2025-08-15 00:30:00+00:00,4550.91,4570.0,4535.27,4569.15,61123.163
2025-08-15 00:45:00+00:00,4569.15,4590.0,4560.0,4560.85,101018.215
2025-08-15 01:00:00+00:00,4560.85,4572.56,4553.1,4565.99,33203.633
2025-08-15 01:15:00+00:00,4565.99,4589.1,4556.6,4587.81,43849.987
2025-08-15 01:30:00+00:00,4587.81,4607.61,4575.85,4596.67,110929.887
2025-08-15 01:45:00+00:00,4596.67,4610.0,4591.5,4602.05,56467.902
2025-08-15 02:00:00+00:00,4602.06,4621.09,4594.0,4615.39,64341.625
2025-08-15 02:15:00+00:00,4615.4,4630.0,4609.32,4627.74,49297.278
2025-08-15 02:30:00+00:00,4627.74,4629.98,4618.54,4626.93,34989.908
2025-08-15 02:45:00+00:00,4626.93,4642.0,4617.35,4619.85,61541.398
2025-08-15 03:00:00+00:00,4619.86,4631.53,4611.06,4621.71,33808.309
2025-08-15 03:15:00+00:00,4621.7,4639.45,4621.7,4638.43,39148.248
2025-08-15 03:30:00+00:00,4638.44,4647.99,4630.0,4632.0,61792.474
2025-08-15 03:45:00+00:00,4632.01,4636.85,4624.17,4632.63,28531.921
2025-08-15 04:00:00+00:00,4632.63,4645.68,4621.5,4636.34,37906.186
2025-08-15 04:15:00+00:00,4636.34,4637.24,4621.46,4627.6,29364.868
2025-08-15 04:30:00+00:00,4627.6,4638.6,4620.01,4621.84,33995.227
2025-08-15 04:45:00+00:00,4621.83,4623.88,4612.0,4623.5,40795.932
2025-08-15 05:00:00+00:00,4623.5,4630.88,4613.08,4613.33,23403.979
2025-08-15 05:15:00+00:00,4613.34,4620.23,4603.45,4615.87,51265.42
2025-08-15 05:30:00+00:00,4615.86,4616.29,4603.65,4604.59,22209.189
2025-08-15 05:45:00+00:00,4604.59,4618.25,4604.59,4617.11,20959.721
2025-08-15 06:00:00+00:00,4617.1,4638.69,4616.35,4629.19,55509.034
2025-08-15 06:15:00+00:00,4629.2,4643.06,4622.8,4641.89,45612.438
2025-08-15 06:30:00+00:00,4641.9,4658.25,4641.67,4657.9,66275.314
2025-08-15 06:45:00+00:00,4657.91,4661.63,4645.0,4645.54,34144.099
2025-08-15 07:00:00+00:00,4645.55,4652.17,4635.0,4635.52,42027.776
2025-08-15 07:15:00+00:00,4635.52,4649.86,4631.08,4644.01,31666.185
2025-08-15 07:30:00+00:00,4644.01,4649.7,4630.0,4634.01,29323.168
2025-08-15 07:45:00+00:00,4634.01,4639.79,4624.74,4639.46,38280.945
2025-08-15 08:00:00+00:00,4639.46,4645.49,4632.0,4635.16,25943.319
2025-08-15 08:15:00+00:00,4635.15,4656.15,4631.38,4654.29,34529.338
2025-08-15 08:30:00+00:00,4654.29,4666.0,4646.14,4650.2,45141.01
2025-08-15 08:45:00+00:00,4650.21,4650.21,4633.44,4639.43,33120.201
2025-08-15 09:00:00+00:00,4639.43,4651.51,4639.19,4649.63,22150.31
2025-08-15 09:15:00+00:00,4649.63,4650.0,4616.17,4619.34,58007.797
2025-08-15 09:30:00+00:00,4619.35,4632.32,4619.34,4627.76,42815.236
2025-08-15 09:45:00+00:00,4627.77,4635.23,4610.65,4622.7,60003.698
2025-08-15 10:00:00+00:00,4622.7,4638.48,4622.43,4631.92,38519.772
2025-08-15 10:15:00+00:00,4631.93,4647.15,4627.86,4639.61,28272.444
2025-08-15 10:30:00+00:00,4639.61,4647.74,4634.08,4646.7,25565.682
2025-08-15 10:45:00+00:00,4646.7,4647.4,4634.11,4634.77,20312.075
2025-08-15 11:00:00+00:00,4634.77,4646.0,4634.51,4639.0,23098.763
2025-08-15 11:15:00+00:00,4639.01,4639.46,4623.0,4624.0,40093.21
2025-08-15 11:30:00+00:00,4624.0,4640.82,4621.33,4637.78,28105.883
2025-08-15 11:45:00+00:00,4637.8,4643.49,4632.21,4632.4,23415.435
2025-08-15 12:00:00+00:00,4632.41,4641.89,4626.0,4637.15,27651.884
2025-08-15 12:15:00+00:00,4637.14,4640.1,4606.74,4612.26,84595.836
2025-08-15 12:30:00+00:00,4612.26,4670.23,4583.0,4627.73,266714.774
2025-08-15 12:45:00+00:00,4627.73,4644.89,4625.16,4626.6,53856.223
2025-08-15 13:00:00+00:00,4626.58,4629.36,4601.1,4608.77,82291.516
2025-08-15 13:15:00+00:00,4608.77,4618.86,4602.86,4610.29,47928.993
2025-08-15 13:30:00+00:00,4610.28,4617.41,4558.35,4560.01,259388.495
2025-08-15 13:45:00+00:00,4560.02,4568.37,4532.0,4538.39,209866.925
2025-08-15 14:00:00+00:00,4538.71,4564.0,4518.75,4559.37,217554.552
2025-08-15 14:15:00+00:00,4559.37,4577.23,4537.66,4544.13,135166.113
2025-08-15 14:30:00+00:00,4544.12,4557.69,4526.2,4526.49,122086.045
2025-08-15 14:45:00+00:00,4526.49,4532.81,4472.52,4491.75,359103.57
2025-08-15 15:00:00+00:00,4491.75,4498.52,4463.4,4481.44,203201.177
2025-08-15 15:15:00+00:00,4481.44,4489.57,4428.0,4433.69,289502.488
2025-08-15 15:30:00+00:00,4433.68,4467.34,4406.16,4413.59,244115.135
2025-08-15 15:45:00+00:00,4413.59,4447.91,4392.53,4428.72,287547.641
2025-08-15 16:00:00+00:00,4428.72,4432.6,4375.15,4388.52,308599.97
2025-08-15 16:15:00+00:00,4388.51,4406.56,4371.23,4394.11,175586.749
2025-08-15 16:30:00+00:00,4394.11,4419.67,4392.42,4400.44,108776.563
2025-08-15 16:45:00+00:00,4400.43,4426.7,4400.01,4413.46,97573.141
2025-08-15 17:00:00+00:00,4413.46,4423.41,4385.25,4386.62,82116.503
2025-08-15 17:15:00+00:00,4386.63,4437.0,4371.0,4429.08,163967.749
2025-08-15 17:30:00+00:00,4429.08,4454.78,4415.6,4451.72,144058.197
2025-08-15 17:45:00+00:00,4451.72,4463.09,4428.4,4437.02,102903.33
2025-08-15 18:00:00+00:00,4437.02,4453.56,4416.18,4428.02,70548.445
2025-08-15 18:15:00+00:00,4428.02,4431.13,4412.42,4414.48,36003.611
2025-08-15 18:30:00+00:00,4414.47,4430.2,4401.83,4403.99,69853.251
2025-08-15 18:45:00+00:00,4404.0,4417.0,4376.22,4394.37,119061.474
2025-08-15 19:00:00+00:00,4394.36,4408.95,4372.89,4406.47,82698.064
2025-08-15 19:15:00+00:00,4406.47,4424.95,4391.51,4398.67,65310.576
2025-08-15 19:30:00+00:00,4398.68,4407.84,4388.22,4393.6,36173.789
2025-08-15 19:45:00+00:00,4393.6,4401.14,4376.0,4381.05,52076.548
2025-08-15 20:00:00+00:00,4381.05,4406.55,4364.0,4405.97,77354.769
2025-08-15 20:15:00+00:00,4405.97,4418.98,4400.01,4415.82,37020.654
2025-08-15 20:30:00+00:00,4415.82,4431.7,4401.81,4402.0,55092.841
2025-08-15 20:45:00+00:00,4402.0,4426.03,4400.06,4423.77,26977.624
2025-08-15 21:00:00+00:00,4423.77,4428.97,4402.95,4403.83,41233.666
2025-08-15 21:15:00+00:00,4403.82,4416.24,4390.0,4410.57,34877.267
2025-08-15 21:30:00+00:00,4410.56,4422.08,4403.28,4412.08,32051.554
2025-08-15 21:45:00+00:00,4412.09,4427.69,4409.67,4427.01,22751.001
2025-08-15 22:00:00+00:00,4427.01,4434.32,4410.17,4410.18,31149.68
2025-08-15 22:15:00+00:00,4410.17,4427.0,4410.06,4421.29,15938.813
2025-08-15 22:30:00+00:00,4421.35,4440.99,4418.01,4433.88,45497.056
2025-08-15 22:45:00+00:00,4433.88,4476.99,4433.24,4473.01,101337.87
2025-08-15 23:00:00+00:00,4473.01,4489.3,4436.0,4442.34,135354.727
2025-08-15 23:15:00+00:00,4442.34,4442.43,4407.01,4423.59,87065.138
2025-08-15 23:30:00+00:00,4423.6,4426.38,4413.12,4415.47,28087.778
2025-08-15 23:45:00+00:00,4415.46,4442.31,4410.78,4437.16,32270.785
2025-08-16 00:00:00+00:00,4437.15,4463.31,4429.41,4462.11,84888.266
2025-08-16 00:15:00+00:00,4462.11,4466.21,4440.0,4450.4,45306.138
2025-08-16 00:30:00+00:00,4450.39,4473.69,4450.0,4472.11,45578.469
2025-08-16 00:45:00+00:00,4472.11,4482.24,4467.89,4474.24,47791.576
2025-08-16 01:00:00+00:00,4474.25,4487.12,4457.21,4480.02,74255.395
2025-08-16 01:15:00+00:00,4480.01,4482.08,4450.0,4466.23,58723.528
2025-08-16 01:30:00+00:00,4466.23,4482.58,4464.11,4480.52,27299.705
2025-08-16 01:45:00+00:00,4480.53,4488.33,4477.4,4485.55,24793.465
2025-08-16 02:00:00+00:00,4485.54,4485.55,4463.33,4472.02,37436.358
2025-08-16 02:15:00+00:00,4472.02,4475.6,4460.0,4463.27,24799.995
2025-08-16 02:30:00+00:00,4463.27,4469.38,4452.37,4456.82,29964.437
2025-08-16 02:45:00+00:00,4456.83,4464.45,4430.0,4442.79,66978.795
2025-08-16 03:00:00+00:00,4442.8,4455.45,4429.82,4453.56,32948.67
2025-08-16 03:15:00+00:00,4453.56,4454.47,4443.6,4447.44,16245.628
2025-08-16 03:30:00+00:00,4447.45,4448.07,4437.33,4439.0,17378.579
2025-08-16 03:45:00+00:00,4439.0,4443.35,4422.16,4430.97,35403.577
2025-08-16 04:00:00+00:00,4430.97,4439.16,4427.5,4433.27,19945.273
2025-08-16 04:15:00+00:00,4433.26,4447.01,4431.08,4446.23,22517.54
2025-08-16 04:30:00+00:00,4446.23,4452.45,4438.33,4447.4,20292.611
2025-08-16 04:45:00+00:00,4447.4,4455.83,4446.7,4452.21,14504.062
2025-08-16 05:00:00+00:00,4452.22,4452.99,4440.38,4448.26,12336.37
2025-08-16 05:15:00+00:00,4448.26,4448.51,4428.08,4428.63,21378.087
2025-08-16 05:30:00+00:00,4428.63,4434.94,4416.67,4425.0,32982.895
2025-08-16 05:45:00+00:00,4425.0,4430.82,4416.5,4419.68,28250.009
2025-08-16 06:00:00+00:00,4419.68,4424.45,4411.31,4413.58,29508.64
2025-08-16 06:15:00+00:00,4413.58,4431.71,4412.79,4425.39,22917.432
2025-08-16 06:30:00+00:00,4425.39,4429.55,4407.0,4419.65,36970.737
2025-08-16 06:45:00+00:00,4419.65,4426.73,4412.0,4417.0,19169.295
2025-08-16 07:00:00+00:00,4417.01,4434.12,4417.0,4434.11,31537.776
2025-08-16 07:15:00+00:00,4434.11,4443.99,4427.9,4442.32,35100.258
2025-08-16 07:30:00+00:00,4442.32,4454.36,4436.0,4451.47,44246.222
2025-08-16 07:45:00+00:00,4451.46,4462.24,4448.0,4449.48,39494.243
2025-08-16 08:00:00+00:00,4449.48,4457.44,4437.0,4441.87,37336.252
2025-08-16 08:15:00+00:00,4441.87,4450.0,4439.22,4439.73,17224.353
2025-08-16 08:30:00+00:00,4439.73,4449.79,4437.05,4449.0,16290.083
2025-08-16 08:45:00+00:00,4449.0,4454.03,4440.58,4440.8,22448.683
2025-08-16 09:00:00+00:00,4440.8,4451.64,4434.21,4448.33,22867.646
2025-08-16 09:15:00+00:00,4448.34,4457.0,4445.0,4453.31,19757.092
2025-08-16 09:30:00+00:00,4453.3,4456.87,4447.7,4449.5,15820.394
2025-08-16 09:45:00+00:00,4449.51,4452.0,4388.0,4395.41,181527.289
2025-08-16 10:00:00+00:00,4395.93,4412.78,4379.51,4391.47,176119.654
2025-08-16 10:15:00+00:00,4391.47,4396.74,4370.0,4395.94,104236.264
2025-08-16 10:30:00+00:00,4395.94,4402.7,4385.0,4399.3,38998.387
2025-08-16 10:45:00+00:00,4399.31,4407.77,4395.99,4402.03,34863.372
2025-08-16 11:00:00+00:00,4402.03,4417.97,4401.01,4415.55,38061.704
2025-08-16 11:15:00+00:00,4415.55,4423.36,4402.95,4404.45,46041.376
2025-08-16 11:30:00+00:00,4404.44,4411.48,4398.23,4398.26,38540.339
2025-08-16 11:45:00+00:00,4398.25,4403.96,4383.1,4385.89,68524.22
2025-08-16 12:00:00+00:00,4385.9,4395.34,4376.43,4394.54,47730.684
2025-08-16 12:15:00+00:00,4394.54,4397.0,4373.0,4389.84,54390.837
2025-08-16 12:30:00+00:00,4389.83,4407.37,4384.27,4389.87,57421.299
2025-08-16 12:45:00+00:00,4389.88,4410.55,4382.81,4408.0,43257.288
2025-08-16 13:00:00+00:00,4408.0,4418.88,4405.85,4412.0,49596.775
2025-08-16 13:15:00+00:00,4412.0,4426.74,4405.47,4418.31,51644.229
2025-08-16 13:30:00+00:00,4418.31,4426.61,4392.16,4397.59,45919.714
2025-08-16 13:45:00+00:00,4397.6,4398.47,4382.1,4391.95,50931.471
2025-08-16 14:00:00+00:00,4391.95,4403.49,4385.67,4397.31,29515.422
2025-08-16 14:15:00+00:00,4397.31,4413.0,4390.0,4407.77,36733.652
2025-08-16 14:30:00+00:00,4407.78,4408.48,4390.65,4401.41,26334.929
2025-08-16 14:45:00+00:00,4401.42,4417.15,4400.83,4411.3,27887.65
2025-08-16 15:00:00+00:00,4411.3,4417.27,4396.0,4410.94,36643.088
2025-08-16 15:15:00+00:00,4410.94,4412.96,4404.01,4411.24,18560.809
2025-08-16 15:30:00+00:00,4411.23,4412.91,4384.84,4393.36,44415.534
2025-08-16 15:45:00+00:00,4393.35,4400.37,4387.56,4398.0,19200.742
2025-08-16 16:00:00+00:00,4398.0,4409.44,4396.61,4409.2,25635.689
2025-08-16 16:15:00+00:00,4409.2,4414.86,4398.3,4406.16,28404.925
2025-08-16 16:30:00+00:00,4406.17,4407.36,4394.35,4402.84,18873.851
2025-08-16 16:45:00+00:00,4402.84,4408.3,4400.33,4405.9,9880.589
2025-08-16 17:00:00+00:00,4405.91,4407.28,4394.43,4395.11,13663.802
2025-08-16 17:15:00+00:00,4395.11,4403.84,4388.0,4399.99,24870.12
2025-08-16 17:30:00+00:00,4400.0,4403.04,4391.64,4397.8,11297.667
2025-08-16 17:45:00+00:00,4397.8,4403.96,4393.5,4402.76,12439.554
2025-08-16 18:00:00+00:00,4402.75,4410.99,4396.63,4410.98,20750.735
2025-08-16 18:15:00+00:00,4410.98,4420.5,4405.01,4408.5,39152.866
2025-08-16 18:30:00+00:00,4408.5,4414.79,4404.01,4404.82,12707.16
2025-08-16 18:45:00+00:00,4404.82,4411.5,4402.44,4407.99,7474.461
2025-08-16 19:00:00+00:00,4407.99,4414.57,4406.48,4412.56,9595.149
2025-08-16 19:15:00+00:00,4412.56,4423.0,4410.0,4418.88,22231.965
2025-08-16 19:30:00+00:00,4418.87,4440.0,4418.87,4427.08,63096.245
2025-08-16 19:45:00+00:00,4427.07,4429.58,4415.68,4416.3,14192.196
2025-08-16 20:00:00+00:00,4416.3,4422.0,4408.0,4418.74,16517.26
2025-08-16 20:15:00+00:00,4418.73,4434.0,4418.73,4427.87,16780.103
2025-08-16 20:30:00+00:00,4427.88,4434.39,4423.0,4428.81,13533.03
2025-08-16 20:45:00+00:00,4428.82,4436.24,4423.98,4429.78,17869.643
2025-08-16 21:00:00+00:00,4429.79,4430.0,4418.68,4419.4,11397.868
2025-08-16 21:15:00+00:00,4419.39,4427.51,4418.88,4424.73,8418.921
2025-08-16 21:30:00+00:00,4424.73,4424.73,4415.69,4420.0,9435.032
2025-08-16 21:45:00+00:00,4420.0,4421.15,4403.91,4406.41,14919.374
2025-08-16 22:00:00+00:00,4406.41,4416.0,4400.0,4412.22,22569.294
2025-08-16 22:15:00+00:00,4412.22,4422.16,4412.22,4419.12,16431.426
2025-08-16 22:30:00+00:00,4419.11,4431.0,4418.54,4426.07,17553.581
2025-08-16 22:45:00+00:00,4426.07,4433.0,4424.36,4424.76,11698.306
2025-08-16 23:00:00+00:00,4424.76,4428.86,4421.2,4423.62,10725.96
2025-08-16 23:15:00+00:00,4423.64,4427.18,4409.63,4409.92,21255.84
2025-08-16 23:30:00+00:00,4409.93,4416.99,4408.05,4415.13,11089.847
2025-08-16 23:45:00+00:00,4415.13,4422.71,4413.33,4420.22,12707.127
2025-08-17 00:00:00+00:00,4420.22,4424.12,4416.41,4417.62,10930.843
2025-08-17 00:15:00+00:00,4417.63,4418.98,4408.17,4411.19,13238.957
2025-08-17 00:30:00+00:00,4411.19,4425.74,4407.54,4417.96,18975.484
2025-08-17 00:45:00+00:00,4417.96,4417.97,4409.39,4410.97,12869.594
2025-08-17 01:00:00+00:00,4410.96,4412.45,4395.22,4405.24,36975.835
2025-08-17 01:15:00+00:00,4405.23,4408.51,4396.86,4403.51,18972.037
2025-08-17 01:30:00+00:00,4403.5,4419.25,4392.45,4399.01,49986.893
2025-08-17 01:45:00+00:00,4399.01,4406.52,4393.0,4404.19,22281.408
2025-08-17 02:00:00+00:00,4404.19,4410.96,4398.02,4398.85,15812.761
2025-08-17 02:15:00+00:00,4398.85,4412.85,4396.07,4412.0,16628.268
2025-08-17 02:30:00+00:00,4411.99,4416.54,4405.04,4415.51,21585.381
2025-08-17 02:45:00+00:00,4415.5,4432.38,4410.0,4432.07,44582.791
2025-08-17 03:00:00+00:00,4432.07,4444.0,4427.27,4438.14,47099.19
2025-08-17 03:15:00+00:00,4438.15,4440.44,4425.96,4428.01,19043.08
2025-08-17 03:30:00+00:00,4428.01,4454.8,4426.1,4452.27,51043.219
2025-08-17 03:45:00+00:00,4452.26,4456.72,4447.56,4450.43,35300.037
2025-08-17 04:00:00+00:00,4450.44,4464.0,4449.58,4453.4,47988.941
2025-08-17 04:15:00+00:00,4453.41,4474.66,4451.1,4470.51,68489.521
2025-08-17 04:30:00+00:00,4470.5,4475.94,4463.61,4465.74,27309.31
2025-08-17 04:45:00+00:00,4465.74,4487.0,4461.74,4481.14,65545.999
2025-08-17 05:00:00+00:00,4481.15,4488.75,4475.03,4484.57,46281.493
2025-08-17 05:15:00+00:00,4484.56,4488.82,4471.41,4475.59,28271.029
2025-08-17 05:30:00+00:00,4475.59,4477.36,4465.37,4470.51,31198.954
2025-08-17 05:45:00+00:00,4470.52,4477.05,4465.55,4468.47,21481.946
2025-08-17 06:00:00+00:00,4468.48,4481.86,4468.47,4481.54,19278.652
2025-08-17 06:15:00+00:00,4481.54,4481.54,4472.11,4473.38,14506.525
2025-08-17 06:30:00+00:00,4473.37,4473.38,4458.01,4468.7,45162.93
2025-08-17 06:45:00+00:00,4468.69,4470.45,4453.21,4455.32,43217.47
2025-08-17 07:00:00+00:00,4455.32,4462.16,4441.41,4460.67,50847.154
2025-08-17 07:15:00+00:00,4460.67,4468.8,4460.02,4463.4,27930.506
2025-08-17 07:30:00+00:00,4463.41,4470.73,4453.0,4467.24,28061.686
2025-08-17 07:45:00+00:00,4467.23,4470.0,4463.41,4465.0,12378.189
2025-08-17 08:00:00+00:00,4464.99,4468.13,4456.63,4461.13,20251.615
2025-08-17 08:15:00+00:00,4461.14,4472.36,4459.42,4471.1,19684.216
2025-08-17 08:30:00+00:00,4471.11,4483.43,4470.28,4480.12,35180.143
2025-08-17 08:45:00+00:00,4480.12,4536.35,4477.72,4533.15,231934.774
2025-08-17 09:00:00+00:00,4533.15,4555.72,4532.53,4543.51,160447.225
2025-08-17 09:15:00+00:00,4543.51,4557.66,4537.47,4544.72,77032.014
2025-08-17 09:30:00+00:00,4544.72,4550.0,4526.0,4532.15,74839.155
2025-08-17 09:45:00+00:00,4532.16,4544.26,4525.66,4540.9,55623.224
2025-08-17 10:00:00+00:00,4540.9,4542.26,4527.0,4532.93,30882.992
2025-08-17 10:15:00+00:00,4532.92,4542.51,4530.09,4533.16,22736.684
2025-08-17 10:30:00+00:00,4533.17,4551.0,4532.06,4550.99,40740.823
2025-08-17 10:45:00+00:00,4551.0,4574.95,4544.51,4566.27,100715.728
2025-08-17 11:00:00+00:00,4566.27,4567.01,4554.08,4557.7,41127.228
2025-08-17 11:15:00+00:00,4557.71,4560.82,4552.0,4553.15,22444.084
2025-08-17 11:30:00+00:00,4553.15,4559.47,4545.27,4555.89,32537.939
2025-08-17 11:45:00+00:00,4555.9,4558.73,4545.13,4549.58,32163.183
2025-08-17 12:00:00+00:00,4549.59,4551.81,4537.73,4542.92,32184.299
2025-08-17 12:15:00+00:00,4542.92,4544.28,4535.5,4540.21,28454.559
2025-08-17 12:30:00+00:00,4540.21,4547.63,4536.84,4541.97,20672.566
2025-08-17 12:45:00+00:00,4541.97,4544.07,4532.47,4540.0,27295.98
2025-08-17 13:00:00+00:00,4540.0,4542.22,4516.0,4519.68,71089.296
2025-08-17 13:15:00+00:00,4519.69,4531.74,4518.51,4528.9,37235.167
2025-08-17 13:30:00+00:00,4528.9,4535.69,4523.65,4534.01,34450.732
2025-08-17 13:45:00+00:00,4534.01,4548.5,4533.3,4533.86,61036.971
2025-08-17 14:00:00+00:00,4533.86,4545.0,4530.55,4540.35,32272.439
2025-08-17 14:15:00+00:00,4540.36,4544.74,4530.01,4542.31,21564.267
2025-08-17 14:30:00+00:00,4542.31,4552.43,4539.01,4550.51,33878.691
2025-08-17 14:45:00+00:00,4550.51,4558.37,4544.9,4551.33,38838.786
2025-08-17 15:00:00+00:00,4551.33,4556.66,4547.0,4551.25,21518.552
2025-08-17 15:15:00+00:00,4551.25,4552.79,4542.37,4552.76,23528.062
2025-08-17 15:30:00+00:00,4552.76,4563.66,4551.5,4562.23,41871.856
2025-08-17 15:45:00+00:00,4562.22,4562.5,4554.08,4559.58,18264.938
2025-08-17 16:00:00+00:00,4559.58,4564.59,4544.97,4550.13,58055.434
2025-08-17 16:15:00+00:00,4550.13,4550.97,4531.5,4537.17,73144.888
2025-08-17 16:30:00+00:00,4537.17,4537.17,4514.58,4526.04,78427.071
2025-08-17 16:45:00+00:00,4526.04,4530.0,4501.0,4515.39,88390.149
2025-08-17 17:00:00+00:00,4515.39,4524.24,4507.45,4507.45,42430.145
2025-08-17 17:15:00+00:00,4507.45,4522.0,4502.01,4518.43,34843.595
2025-08-17 17:30:00+00:00,4518.43,4530.72,4517.48,4528.06,26939.276
2025-08-17 17:45:00+00:00,4528.06,4531.95,4521.05,4521.65,20239.194
2025-08-17 18:00:00+00:00,4521.65,4529.23,4515.6,4527.52,18716.673
2025-08-17 18:15:00+00:00,4527.52,4530.7,4508.09,4512.4,28698.983
2025-08-17 18:30:00+00:00,4512.39,4517.06,4505.49,4508.91,16391.657
2025-08-17 18:45:00+00:00,4508.91,4509.9,4417.17,4466.67,291339.895
2025-08-17 19:00:00+00:00,4466.67,4479.0,4444.33,4476.33,95811.193
2025-08-17 19:15:00+00:00,4476.33,4481.7,4466.14,4477.69,39561.929
2025-08-17 19:30:00+00:00,4477.69,4479.19,4446.41,4455.44,62192.877
2025-08-17 19:45:00+00:00,4455.45,4462.55,4443.38,4457.55,48763.166
2025-08-17 20:00:00+00:00,4457.55,4470.82,4454.44,4468.79,32794.582
2025-08-17 20:15:00+00:00,4468.78,4475.76,4465.78,4472.57,27194.237
2025-08-17 20:30:00+00:00,4472.57,4476.78,4471.98,4476.0,13102.585
2025-08-17 20:45:00+00:00,4475.99,4476.31,4461.01,4465.44,15494.975
2025-08-17 21:00:00+00:00,4465.45,4472.7,4460.25,4467.9,12646.188
2025-08-17 21:15:00+00:00,4467.9,4469.73,4460.13,4464.95,9238.626
2025-08-17 21:30:00+00:00,4464.95,4478.54,4460.02,4478.15,15776.621
2025-08-17 21:45:00+00:00,4478.16,4483.87,4471.08,4472.62,20123.818
2025-08-17 22:00:00+00:00,4472.61,4497.48,4470.0,4494.39,60948.219
2025-08-17 22:15:00+00:00,4494.4,4523.33,4487.04,4510.8,82244.695
2025-08-17 22:30:00+00:00,4510.79,4530.0,4509.82,4528.94,44315.669
2025-08-17 22:45:00+00:00,4528.94,4532.15,4517.75,4520.07,25626.649
2025-08-17 23:00:00+00:00,4520.07,4521.33,4502.65,4503.95,33928.631
2025-08-17 23:15:00+00:00,4503.95,4508.8,4478.24,4483.31,63031.825
2025-08-17 23:30:00+00:00,4483.31,4499.3,4477.44,4492.68,47976.653
2025-08-17 23:45:00+00:00,4492.67,4494.55,4463.98,4470.66,61964.807
2025-08-18 00:00:00+00:00,4470.66,4480.0,4462.02,4475.45,52342.342
2025-08-18 00:15:00+00:00,4475.45,4475.45,4440.5,4446.64,84248.082
2025-08-18 00:30:00+00:00,4446.64,4460.0,4435.0,4452.69,72649.902
2025-08-18 00:45:00+00:00,4452.68,4463.45,4450.3,4461.11,35634.437
2025-08-18 01:00:00+00:00,4461.12,4467.26,4448.3,4452.61,30643.564
2025-08-18 01:15:00+00:00,4452.61,4463.11,4409.68,4410.62,104485.169
2025-08-18 01:30:00+00:00,4410.6,4428.88,4390.01,4397.76,181035.313
2025-08-18 01:45:00+00:00,4397.76,4408.75,4380.0,4394.7,101843.97
2025-08-18 02:00:00+00:00,4394.71,4400.46,4335.88,4374.91,302764.44
2025-08-18 02:15:00+00:00,4374.92,4389.93,4360.08,4364.73,165340.894
2025-08-18 02:30:00+00:00,4364.73,4381.63,4342.72,4367.77,146782.412
2025-08-18 02:45:00+00:00,4367.77,4371.27,4306.0,4318.72,245827.454
2025-08-18 03:00:00+00:00,4318.72,4335.3,4310.0,4318.54,110766.853
2025-08-18 03:15:00+00:00,4318.42,4330.77,4306.0,4306.01,66488.162
2025-08-18 03:30:00+00:00,4306.0,4318.11,4277.0,4305.53,267543.425
2025-08-18 03:45:00+00:00,4305.53,4324.1,4296.78,4318.43,114613.531
2025-08-18 04:00:00+00:00,4318.43,4322.0,4300.56,4318.12,104217.133
2025-08-18 04:15:00+00:00,4318.12,4329.0,4310.2,4326.03,60839.414
2025-08-18 04:30:00+00:00,4326.04,4340.1,4322.68,4324.21,95676.152
2025-08-18 04:45:00+00:00,4324.22,4338.0,4323.8,4335.0,32382.716
2025-08-18 05:00:00+00:00,4335.0,4346.0,4335.0,4341.54,53658.801
2025-08-18 05:15:00+00:00,4341.54,4341.6,4317.06,4319.77,44937.597
2025-08-18 05:30:00+00:00,4319.78,4321.19,4281.34,4291.07,132578.407
2025-08-18 05:45:00+00:00,4291.06,4311.98,4257.66,4311.74,200031.652
2025-08-18 06:00:00+00:00,4311.75,4311.75,4272.0,4273.16,86087.125
2025-08-18 06:15:00+00:00,4273.16,4284.79,4247.3,4261.69,155788.665
2025-08-18 06:30:00+00:00,4261.68,4276.86,4235.29,4245.82,152543.135
2025-08-18 06:45:00+00:00,4245.82,4254.39,4228.0,4251.57,173544.443
2025-08-18 07:00:00+00:00,4251.56,4272.6,4245.0,4249.99,95485.428
2025-08-18 07:15:00+00:00,4249.99,4267.09,4235.03,4246.7,70238.54
2025-08-18 07:30:00+00:00,4246.7,4268.13,4237.41,4258.7,55209.742
2025-08-18 07:45:00+00:00,4258.7,4263.95,4248.44,4255.03,38901.99
2025-08-18 08:00:00+00:00,4255.03,4280.55,4254.75,4264.26,84150.895
2025-08-18 08:15:00+00:00,4264.23,4283.3,4258.55,4280.64,50355.866
2025-08-18 08:30:00+00:00,4280.64,4284.99,4261.44,4265.4,37564.117
2025-08-18 08:45:00+00:00,4265.4,4266.08,4248.66,4257.39,59349.746
2025-08-18 09:00:00+00:00,4257.4,4258.24,4232.55,4239.62,71360.386
2025-08-18 09:15:00+00:00,4239.62,4245.56,4224.1,4234.46,97200.161
2025-08-18 09:30:00+00:00,4234.46,4307.5,4225.0,4295.34,324777.607
2025-08-18 09:45:00+00:00,4295.34,4322.0,4284.57,4291.26,187678.345
2025-08-18 10:00:00+00:00,4291.26,4308.34,4278.0,4283.15,95370.64
2025-08-18 10:15:00+00:00,4283.16,4297.85,4267.3,4271.0,82456.425
2025-08-18 10:30:00+00:00,4271.0,4289.37,4266.94,4289.16,46840.506
2025-08-18 10:45:00+00:00,4289.16,4289.17,4256.75,4263.0,76411.869
2025-08-18 11:00:00+00:00,4262.99,4273.38,4259.44,4271.37,34280.753
2025-08-18 11:15:00+00:00,4271.36,4276.0,4266.32,4267.96,24802.836
2025-08-18 11:30:00+00:00,4267.96,4269.0,4251.01,4265.05,54348.038
2025-08-18 11:45:00+00:00,4265.04,4277.28,4260.9,4272.91,55365.338
2025-08-18 12:00:00+00:00,4272.9,4305.0,4269.14,4295.4,83209.107
2025-08-18 12:15:00+00:00,4295.41,4301.9,4285.36,4289.24,38424.595
2025-08-18 12:30:00+00:00,4289.24,4339.0,4286.35,4334.56,145496.252
2025-08-18 12:45:00+00:00,4334.52,4343.16,4325.54,4341.62,81515.998
2025-08-18 13:00:00+00:00,4341.62,4366.91,4328.77,4334.4,118021.383
2025-08-18 13:15:00+00:00,4334.41,4365.32,4326.42,4351.79,105762.714
2025-08-18 13:30:00+00:00,4351.8,4368.01,4311.36,4324.01,149104.138
2025-08-18 13:45:00+00:00,4324.03,4336.21,4281.38,4285.2,195129.212
2025-08-18 14:00:00+00:00,4285.2,4313.58,4271.46,4312.08,178968.253
2025-08-18 14:15:00+00:00,4312.07,4319.88,4301.85,4311.0,130579.911
2025-08-18 14:30:00+00:00,4311.0,4321.26,4292.63,4294.26,74556.076
2025-08-18 14:45:00+00:00,4294.25,4332.58,4278.43,4331.48,110294.576
2025-08-18 15:00:00+00:00,4331.47,4336.33,4309.59,4312.23,60471.863
2025-08-18 15:15:00+00:00,4312.22,4322.27,4294.26,4311.43,51014.999
2025-08-18 15:30:00+00:00,4311.43,4328.2,4302.66,4318.46,67724.136
2025-08-18 15:45:00+00:00,4318.46,4345.68,4314.22,4343.22,73531.083
2025-08-18 16:00:00+00:00,4343.23,4358.86,4335.84,4335.84,86073.52
2025-08-18 16:15:00+00:00,4335.84,4338.5,4314.44,4322.48,65331.262
2025-08-18 16:30:00+00:00,4322.49,4326.5,4297.59,4307.81,80189.756
2025-08-18 16:45:00+00:00,4307.8,4333.1,4306.83,4318.15,68322.16
2025-08-18 17:00:00+00:00,4318.16,4334.18,4311.16,4332.48,33387.193
2025-08-18 17:15:00+00:00,4332.47,4360.0,4332.05,4352.27,66655.105
2025-08-18 17:30:00+00:00,4352.26,4380.0,4352.26,4356.32,109825.354
2025-08-18 17:45:00+00:00,4356.33,4364.0,4341.35,4341.36,58407.874
2025-08-18 18:00:00+00:00,4341.35,4343.17,4328.75,4332.51,49982.802
2025-08-18 18:15:00+00:00,4332.51,4346.29,4325.0,4345.24,41103.012
2025-08-18 18:30:00+00:00,4345.24,4357.78,4340.32,4351.29,32697.672
2025-08-18 18:45:00+00:00,4351.28,4371.47,4349.6,4365.57,40315.118
2025-08-18 19:00:00+00:00,4365.57,4383.67,4351.39,4353.08,67001.125
2025-08-18 19:15:00+00:00,4353.08,4379.27,4345.46,4369.49,56227.8
2025-08-18 19:30:00+00:00,4369.49,4370.0,4350.0,4350.96,34552.164
2025-08-18 19:45:00+00:00,4350.97,4362.76,4343.32,4353.36,37631.745
2025-08-18 20:00:00+00:00,4353.37,4366.7,4342.06,4366.0,39157.794
2025-08-18 20:15:00+00:00,4366.0,4366.24,4346.13,4355.54,17559.699
2025-08-18 20:30:00+00:00,4355.55,4357.53,4314.45,4330.85,66662.117
2025-08-18 20:45:00+00:00,4330.86,4341.24,4324.34,4330.38,21395.291
2025-08-18 21:00:00+00:00,4330.36,4347.91,4327.65,4346.67,27560.383
2025-08-18 21:15:00+00:00,4346.68,4357.86,4343.0,4351.28,23282.203
2025-08-18 21:30:00+00:00,4351.27,4355.49,4323.48,4327.64,34218.427
2025-08-18 21:45:00+00:00,4327.64,4361.54,4325.77,4351.4,38139.396
2025-08-18 22:00:00+00:00,4351.41,4377.72,4351.41,4374.31,54576.09
2025-08-18 22:15:00+00:00,4374.31,4386.21,4365.0,4381.16,47705.119
2025-08-18 22:30:00+00:00,4381.17,4383.6,4358.13,4360.84,35231.376
2025-08-18 22:45:00+00:00,4360.84,4365.27,4337.6,4338.69,42469.853
2025-08-18 23:00:00+00:00,4338.69,4349.11,4333.09,4334.05,34646.084
2025-08-18 23:15:00+00:00,4334.05,4338.0,4317.55,4328.06,47775.067
2025-08-18 23:30:00+00:00,4328.05,4334.4,4308.0,4312.09,52664.522
2025-08-18 23:45:00+00:00,4312.09,4316.59,4302.36,4311.73,40989.962
2025-08-19 00:00:00+00:00,4311.72,4320.68,4304.27,4317.23,38347.292
2025-08-19 00:15:00+00:00,4317.22,4321.68,4284.58,4285.01,95500.919
2025-08-19 00:30:00+00:00,4285.01,4295.0,4265.0,4286.3,111148.5
2025-08-19 00:45:00+00:00,4286.29,4341.47,4285.58,4340.64,94923.255
2025-08-19 01:00:00+00:00,4340.63,4354.22,4328.27,4329.91,114098.778
2025-08-19 01:15:00+00:00,4329.91,4340.69,4315.69,4315.78,42591.425
2025-08-19 01:30:00+00:00,4315.77,4316.41,4295.13,4300.29,57494.473
2025-08-19 01:45:00+00:00,4300.3,4303.42,4285.01,4294.09,36386.599
2025-08-19 02:00:00+00:00,4294.09,4296.99,4279.87,4292.6,40874.722
2025-08-19 02:15:00+00:00,4292.6,4299.16,4280.0,4291.01,40715.281
2025-08-19 02:30:00+00:00,4291.0,4297.82,4281.0,4286.75,28084.428
2025-08-19 02:45:00+00:00,4286.74,4298.92,4281.25,4284.14,27053.769
2025-08-19 03:00:00+00:00,4284.14,4290.3,4256.56,4270.9,91172.405
2025-08-19 03:15:00+00:00,4270.9,4278.5,4250.0,4254.3,74980.888
2025-08-19 03:30:00+00:00,4254.3,4257.76,4210.71,4225.23,228799.605
2025-08-19 03:45:00+00:00,4225.23,4229.72,4212.98,4217.43,121879.511
2025-08-19 04:00:00+00:00,4217.43,4221.12,4192.01,4210.77,208425.486
2025-08-19 04:15:00+00:00,4210.76,4221.32,4195.91,4203.98,71172.025
2025-08-19 04:30:00+00:00,4203.98,4231.54,4202.4,4230.01,72912.067
2025-08-19 04:45:00+00:00,4230.0,4233.85,4220.95,4233.3,52472.929
2025-08-19 05:00:00+00:00,4233.29,4240.56,4218.0,4220.25,59063.65
2025-08-19 05:15:00+00:00,4220.26,4244.3,4219.81,4243.09,46556.874
2025-08-19 05:30:00+00:00,4243.1,4248.93,4233.6,4242.23,42802.733
2025-08-19 05:45:00+00:00,4242.22,4243.59,4226.45,4228.88,40817.834
2025-08-19 06:00:00+00:00,4228.88,4238.0,4223.04,4234.04,32921.022
2025-08-19 06:15:00+00:00,4234.04,4246.34,4226.02,4243.4,32486.57
2025-08-19 06:30:00+00:00,4243.39,4248.8,4237.4,4238.14,26551.702
2025-08-19 06:45:00+00:00,4238.15,4244.13,4230.43,4240.2,17277.172
2025-08-19 07:00:00+00:00,4240.2,4244.0,4227.58,4232.82,26002.725
2025-08-19 07:15:00+00:00,4232.82,4233.18,4202.29,4217.92,80639.86
2025-08-19 07:30:00+00:00,4217.92,4235.0,4212.16,4226.58,51272.875
2025-08-19 07:45:00+00:00,4226.57,4235.21,4222.7,4232.61,30935.487
2025-08-19 08:00:00+00:00,4232.61,4241.7,4216.31,4237.22,42198.489
2025-08-19 08:15:00+00:00,4237.21,4243.4,4230.51,4230.52,27108.282
2025-08-19 08:30:00+00:00,4230.52,4236.89,4220.39,4235.23,30043.833
2025-08-19 08:45:00+00:00,4235.22,4267.38,4234.03,4254.63,104696.827
2025-08-19 09:00:00+00:00,4254.62,4276.87,4252.47,4264.7,76535.531
2025-08-19 09:15:00+00:00,4264.69,4283.0,4258.82,4278.19,58404.949
2025-08-19 09:30:00+00:00,4278.18,4305.18,4275.04,4280.57,129876.192
2025-08-19 09:45:00+00:00,4280.57,4285.3,4274.33,4280.0,40084.654
2025-08-19 10:00:00+00:00,4280.0,4286.67,4274.0,4280.25,33654.963
2025-08-19 10:15:00+00:00,4280.26,4297.88,4279.08,4292.75,36468.959
2025-08-19 10:30:00+00:00,4292.76,4300.45,4282.0,4290.77,38338.737
2025-08-19 10:45:00+00:00,4290.77,4291.37,4277.48,4284.58,31769.299
2025-08-19 11:00:00+00:00,4284.57,4293.89,4284.57,4293.0,18159.362
2025-08-19 11:15:00+00:00,4293.0,4311.72,4288.74,4304.17,51483.608
2025-08-19 11:30:00+00:00,4304.16,4315.71,4294.83,4295.61,49517.143
2025-08-19 11:45:00+00:00,4295.62,4310.06,4292.86,4307.3,32712.397
2025-08-19 12:00:00+00:00,4307.29,4307.8,4298.0,4304.37,28560.724
2025-08-19 12:15:00+00:00,4304.38,4313.74,4299.0,4305.6,29139.007
2025-08-19 12:30:00+00:00,4305.59,4307.46,4292.81,4301.42,38421.997
2025-08-19 12:45:00+00:00,4301.43,4304.65,4282.1,4304.03,65316.828
2025-08-19 13:00:00+00:00,4304.04,4304.26,4293.08,4295.69,27325.614
2025-08-19 13:15:00+00:00,4295.68,4315.0,4295.48,4312.35,45144.731
2025-08-19 13:30:00+00:00,4312.36,4340.0,4272.0,4276.75,256527.839
2025-08-19 13:45:00+00:00,4276.75,4311.0,4262.77,4290.83,223980.445
2025-08-19 14:00:00+00:00,4290.83,4305.11,4268.88,4271.45,80807.313
2025-08-19 14:15:00+00:00,4271.44,4275.0,4205.56,4209.4,232308.06
2025-08-19 14:30:00+00:00,4209.4,4223.43,4181.42,4200.0,340470.335
2025-08-19 14:45:00+00:00,4200.01,4210.28,4186.45,4190.24,176276.393
2025-08-19 15:00:00+00:00,4190.25,4197.59,4167.0,4185.04,219944.288
2025-08-19 15:15:00+00:00,4185.03,4226.62,4175.0,4224.3,214853.291
2025-08-19 15:30:00+00:00,4224.3,4230.86,4201.81,4215.0,81436.602
2025-08-19 15:45:00+00:00,4215.01,4215.7,4187.33,4190.32,91140.831
2025-08-19 16:00:00+00:00,4190.33,4205.29,4183.0,4184.0,82080.082
2025-08-19 16:15:00+00:00,4184.0,4195.97,4175.03,4176.2,79082.739
2025-08-19 16:30:00+00:00,4176.21,4184.72,4153.32,4166.11,179110.813
2025-08-19 16:45:00+00:00,4166.1,4171.46,4136.0,4141.19,209733.316
2025-08-19 17:00:00+00:00,4141.19,4158.16,4131.61,4157.92,155328.2
2025-08-19 17:15:00+00:00,4157.92,4171.56,4146.22,4167.37,80572.186
2025-08-19 17:30:00+00:00,4167.37,4182.0,4165.64,4168.76,81308.675
2025-08-19 17:45:00+00:00,4168.71,4188.67,4161.23,4184.26,53887.323
2025-08-19 18:00:00+00:00,4184.27,4185.98,4172.6,4180.01,37339.538
2025-08-19 18:15:00+00:00,4180.0,4185.22,4164.71,4165.53,38132.36
2025-08-19 18:30:00+00:00,4165.52,4172.59,4139.8,4142.37,72691.37
2025-08-19 18:45:00+00:00,4142.37,4152.59,4120.0,4144.56,140534.462
2025-08-19 19:00:00+00:00,4144.56,4149.73,4114.0,4123.84,118202.891
2025-08-19 19:15:00+00:00,4123.84,4165.49,4112.36,4161.99,128396.701
2025-08-19 19:30:00+00:00,4162.0,4167.18,4153.48,4154.34,53582.958
2025-08-19 19:45:00+00:00,4154.35,4159.99,4136.02,4141.29,63807.951
2025-08-19 20:00:00+00:00,4141.28,4153.48,4114.18,4118.22,79208.41
2025-08-19 20:15:00+00:00,4118.24,4148.7,4116.5,4143.87,59335.436
2025-08-19 20:30:00+00:00,4143.87,4155.32,4143.62,4146.51,31230.444
2025-08-19 20:45:00+00:00,4146.52,4162.73,4145.92,4157.85,36091.365
2025-08-19 21:00:00+00:00,4157.86,4163.56,4134.66,4163.0,49953.841
2025-08-19 21:15:00+00:00,4163.01,4164.03,4137.78,4150.36,37548.481
2025-08-19 21:30:00+00:00,4150.35,4152.48,4139.0,4150.72,14208.639
2025-08-19 21:45:00+00:00,4150.72,4152.25,4142.14,4152.24,16637.068
2025-08-19 22:00:00+00:00,4152.24,4153.26,4122.51,4133.11,60226.562
2025-08-19 22:15:00+00:00,4133.11,4146.0,4117.32,4141.41,46009.692
2025-08-19 22:30:00+00:00,4141.4,4148.45,4130.23,4141.94,25743.749
2025-08-19 22:45:00+00:00,4141.94,4143.58,4127.97,4130.44,20765.641
2025-08-19 23:00:00+00:00,4130.44,4134.47,4114.0,4123.97,43305.271
2025-08-19 23:15:00+00:00,4123.96,4132.59,4105.0,4106.65,92523.981
2025-08-19 23:30:00+00:00,4106.66,4116.79,4077.35,4095.57,221994.825
2025-08-19 23:45:00+00:00,4095.57,4096.58,4064.96,4073.94,143466.832
2025-08-20 00:00:00+00:00,4073.93,4100.0,4073.02,4093.67,125684.125
2025-08-20 00:15:00+00:00,4093.68,4100.0,4072.92,4090.21,74434.869
2025-08-20 00:30:00+00:00,4090.21,4114.0,4078.68,4109.95,87828.632
2025-08-20 00:45:00+00:00,4109.94,4111.71,4101.58,4102.72,48197.573
2025-08-20 01:00:00+00:00,4102.72,4121.15,4093.82,4100.82,72041.118
2025-08-20 01:15:00+00:00,4100.82,4114.71,4088.33,4091.17,59379.167
2025-08-20 01:30:00+00:00,4091.18,4093.0,4060.0,4074.74,151455.321
2025-08-20 01:45:00+00:00,4074.75,4120.0,4074.09,4108.79,99995.382
2025-08-20 02:00:00+00:00,4108.78,4132.83,4103.6,4132.72,69319.429
2025-08-20 02:15:00+00:00,4132.73,4137.86,4125.21,4134.87,54033.579
2025-08-20 02:30:00+00:00,4134.87,4136.07,4121.05,4129.76,45064.944
2025-08-20 02:45:00+00:00,4129.76,4140.73,4123.63,4135.0,49711.939
2025-08-20 03:00:00+00:00,4135.0,4147.68,4129.84,4130.89,51207.168
2025-08-20 03:15:00+00:00,4130.89,4151.43,4126.32,4149.42,40473.639
2025-08-20 03:30:00+00:00,4149.41,4156.29,4135.11,4140.86,53977.591
2025-08-20 03:45:00+00:00,4140.87,4143.08,4134.8,4139.0,23604.309
2025-08-20 04:00:00+00:00,4138.99,4161.72,4137.3,4154.1,59767.271
2025-08-20 04:15:00+00:00,4154.09,4168.16,4150.64,4163.1,44188.367
2025-08-20 04:30:00+00:00,4163.1,4179.95,4155.36,4161.47,75061.529
2025-08-20 04:45:00+00:00,4161.48,4171.04,4156.33,4168.11,21931.842
2025-08-20 05:00:00+00:00,4168.11,4170.87,4155.27,4160.01,26344.983
2025-08-20 05:15:00+00:00,4160.0,4164.14,4152.69,4160.69,23025.338
2025-08-20 05:30:00+00:00,4160.69,4168.89,4157.21,4167.93,21794.28
2025-08-20 05:45:00+00:00,4167.93,4182.48,4164.5,4180.99,42686.487
2025-08-20 06:00:00+00:00,4180.99,4186.0,4172.42,4173.37,48537.184
2025-08-20 06:15:00+00:00,4173.38,4182.82,4166.44,4173.07,38283.484
2025-08-20 06:30:00+00:00,4173.07,4186.94,4171.07,4184.3,33623.965
2025-08-20 06:45:00+00:00,4184.3,4184.54,4175.22,4180.0,26213.553
2025-08-20 07:00:00+00:00,4180.0,4202.52,4180.0,4200.79,79467.267
2025-08-20 07:15:00+00:00,4200.79,4209.83,4200.0,4202.2,57235.218
2025-08-20 07:30:00+00:00,4202.2,4202.21,4187.66,4189.64,51581.938
2025-08-20 07:45:00+00:00,4189.63,4197.86,4181.01,4183.66,53057.991
2025-08-20 08:00:00+00:00,4183.66,4205.63,4176.9,4203.84,64745.357
2025-08-20 08:15:00+00:00,4203.84,4227.99,4201.08,4225.86,119585.386
2025-08-20 08:30:00+00:00,4225.86,4231.96,4218.87,4231.12,73240.213
2025-08-20 08:45:00+00:00,4231.11,4240.0,4226.29,4236.95,65466.811
2025-08-20 09:00:00+00:00,4236.96,4237.79,4220.83,4227.22,67788.262
2025-08-20 09:15:00+00:00,4227.22,4231.61,4217.84,4221.62,37907.727
2025-08-20 09:30:00+00:00,4221.63,4228.67,4217.66,4224.7,36888.373
2025-08-20 09:45:00+00:00,4224.75,4232.87,4215.75,4221.06,41856.569
2025-08-20 10:00:00+00:00,4221.07,4227.99,4211.83,4213.95,42569.45
2025-08-20 10:15:00+00:00,4213.95,4226.45,4208.69,4210.22,41905.755
2025-08-20 10:30:00+00:00,4210.24,4222.49,4210.24,4222.41,28321.282
2025-08-20 10:45:00+00:00,4222.41,4232.01,4222.15,4225.29,30006.888
2025-08-20 11:00:00+00:00,4225.29,4230.44,4210.49,4212.78,32086.495
2025-08-20 11:15:00+00:00,4212.78,4214.53,4191.08,4197.88,88414.396
2025-08-20 11:30:00+00:00,4197.88,4199.38,4153.52,4161.8,185123.797
2025-08-20 11:45:00+00:00,4161.81,4193.69,4146.24,4193.49,159394.265
2025-08-20 12:00:00+00:00,4193.48,4221.33,4192.78,4199.49,141394.007
2025-08-20 12:15:00+00:00,4199.49,4209.24,4173.81,4187.44,90494.83
2025-08-20 12:30:00+00:00,4187.43,4205.0,4176.22,4202.68,55492.154
2025-08-20 12:45:00+00:00,4202.69,4208.87,4193.02,4203.28,34767.315
2025-08-20 13:00:00+00:00,4203.28,4203.78,4169.0,4169.01,48796.734
2025-08-20 13:15:00+00:00,4169.01,4186.88,4162.81,4186.42,72629.802
2025-08-20 13:30:00+00:00,4186.43,4214.22,4162.17,4175.76,174308.151
2025-08-20 13:45:00+00:00,4175.76,4180.0,4126.3,4134.06,274202.486
2025-08-20 14:00:00+00:00,4134.06,4157.6,4110.79,4125.18,198041.867
2025-08-20 14:15:00+00:00,4125.19,4160.0,4104.33,4157.88,177685.417
2025-08-20 14:30:00+00:00,4157.87,4214.49,4157.17,4205.12,280040.52
2025-08-20 14:45:00+00:00,4205.12,4234.66,4197.21,4211.67,148386.891
2025-08-20 15:00:00+00:00,4211.67,4277.0,4204.0,4264.75,236776.889
2025-08-20 15:15:00+00:00,4264.75,4306.55,4263.11,4296.53,250356.063
2025-08-20 15:30:00+00:00,4296.54,4301.0,4281.0,4287.0,119128.678
2025-08-20 15:45:00+00:00,4287.01,4296.2,4246.65,4253.47,200007.114
2025-08-20 16:00:00+00:00,4253.46,4286.64,4252.72,4285.98,122976.18
2025-08-20 16:15:00+00:00,4285.98,4326.99,4284.68,4324.59,199320.463
2025-08-20 16:30:00+00:00,4324.6,4326.61,4291.83,4305.96,104777.116
2025-08-20 16:45:00+00:00,4305.97,4316.68,4292.25,4299.77,65814.993
2025-08-20 17:00:00+00:00,4299.76,4328.8,4295.95,4305.88,76660.222
2025-08-20 17:15:00+00:00,4305.89,4322.87,4302.05,4306.36,45396.659
2025-08-20 17:30:00+00:00,4306.37,4350.0,4298.06,4346.18,106810.699
2025-08-20 17:45:00+00:00,4346.17,4363.0,4333.66,4341.76,147858.946
2025-08-20 18:00:00+00:00,4341.76,4343.81,4286.26,4288.48,166535.895
2025-08-20 18:15:00+00:00,4288.47,4290.74,4270.05,4276.72,116329.535
2025-08-20 18:30:00+00:00,4276.71,4296.7,4261.0,4292.08,97510.629
2025-08-20 18:45:00+00:00,4292.08,4307.0,4289.28,4289.55,82243.882
2025-08-20 19:00:00+00:00,4289.56,4318.18,4284.08,4306.88,55611.907
2025-08-20 19:15:00+00:00,4306.88,4346.59,4304.13,4329.59,112244.499
2025-08-20 19:30:00+00:00,4329.58,4338.14,4318.33,4332.55,50744.299
2025-08-20 19:45:00+00:00,4332.56,4349.77,4326.8,4344.33,56408.249
2025-08-20 20:00:00+00:00,4344.32,4350.87,4329.39,4337.51,54574.781
2025-08-20 20:15:00+00:00,4337.5,4348.24,4329.37,4346.99,35385.013
2025-08-20 20:30:00+00:00,4346.99,4350.98,4334.0,4343.34,34645.947
2025-08-20 20:45:00+00:00,4343.33,4371.28,4342.0,4353.41,70037.224
2025-08-20 21:00:00+00:00,4353.41,4361.22,4344.81,4350.52,34563.389
2025-08-20 21:15:00+00:00,4350.53,4353.76,4322.0,4328.17,70486.039
2025-08-20 21:30:00+00:00,4328.16,4365.0,4318.82,4353.89,56657.074
2025-08-20 21:45:00+00:00,4353.89,4360.2,4339.55,4340.0,30053.883
2025-08-20 22:00:00+00:00,4340.0,4357.12,4335.35,4343.69,35366.393
2025-08-20 22:15:00+00:00,4343.69,4352.8,4335.0,4351.47,19817.132
2025-08-20 22:30:00+00:00,4351.46,4358.24,4341.89,4355.89,24142.016
2025-08-20 22:45:00+00:00,4355.89,4376.13,4354.2,4364.03,51791.756
2025-08-20 23:00:00+00:00,4364.02,4365.46,4344.6,4345.24,29856.655
2025-08-20 23:15:00+00:00,4345.25,4349.63,4332.6,4335.63,30745.665
2025-08-20 23:30:00+00:00,4335.62,4343.61,4329.64,4342.0,27534.392
2025-08-20 23:45:00+00:00,4342.0,4342.51,4324.06,4334.5,30088.552
2025-08-21 00:00:00+00:00,4334.5,4334.5,4312.77,4316.36,47429.786
2025-08-21 00:15:00+00:00,4316.36,4321.95,4305.41,4314.44,54725.275
2025-08-21 00:30:00+00:00,4314.44,4332.41,4313.91,4320.27,43935.076
2025-08-21 00:45:00+00:00,4320.27,4329.79,4309.54,4322.31,28521.4
2025-08-21 01:00:00+00:00,4322.31,4326.78,4307.29,4310.77,20212.897
2025-08-21 01:15:00+00:00,4310.77,4315.0,4294.99,4308.51,49423.67
2025-08-21 01:30:00+00:00,4308.5,4322.97,4306.0,4317.51,24600.261
2025-08-21 01:45:00+00:00,4317.51,4335.62,4313.33,4329.72,38176.412
2025-08-21 02:00:00+00:00,4329.71,4338.94,4300.07,4301.24,53121.12
2025-08-21 02:15:00+00:00,4301.24,4302.25,4281.23,4291.08,85307.656
2025-08-21 02:30:00+00:00,4291.08,4292.17,4275.64,4282.55,53032.732
2025-08-21 02:45:00+00:00,4282.56,4293.21,4276.44,4291.01,34655.212
2025-08-21 03:00:00+00:00,4291.01,4331.74,4290.48,4322.68,86415.482
2025-08-21 03:15:00+00:00,4322.67,4323.67,4301.14,4307.36,36399.396
2025-08-21 03:30:00+00:00,4307.36,4315.0,4303.71,4310.09,18650.607
2025-08-21 03:45:00+00:00,4310.1,4312.89,4291.42,4293.49,34067.836
2025-08-21 04:00:00+00:00,4293.48,4300.5,4282.28,4290.14,32741.151
2025-08-21 04:15:00+00:00,4290.15,4292.58,4282.37,4289.33,21216.592
2025-08-21 04:30:00+00:00,4289.33,4305.3,4284.03,4300.0,39762.461
2025-08-21 04:45:00+00:00,4299.99,4306.2,4292.91,4293.58,19442.125
2025-08-21 05:00:00+00:00,4293.58,4297.97,4281.0,4288.77,29502.621
2025-08-21 05:15:00+00:00,4288.78,4301.87,4288.67,4298.55,30484.678
2025-08-21 05:30:00+00:00,4298.54,4309.53,4298.1,4309.44,20378.829
2025-08-21 05:45:00+00:00,4309.43,4319.71,4309.43,4316.0,37610.754
2025-08-21 06:00:00+00:00,4316.0,4316.5,4286.36,4291.44,45991.184
2025-08-21 06:15:00+00:00,4291.44,4296.14,4281.67,4291.04,34418.489
2025-08-21 06:30:00+00:00,4291.03,4305.67,4291.03,4303.45,19910.644
2025-08-21 06:45:00+00:00,4303.45,4307.61,4299.0,4305.11,17302.743
2025-08-21 07:00:00+00:00,4305.11,4310.57,4290.46,4290.46,34476.483
2025-08-21 07:15:00+00:00,4290.47,4293.99,4268.33,4287.1,61006.173
2025-08-21 07:30:00+00:00,4287.1,4305.47,4280.84,4298.34,32109.212
2025-08-21 07:45:00+00:00,4298.34,4311.47,4297.16,4309.16,27878.126
2025-08-21 08:00:00+00:00,4309.16,4313.53,4300.08,4309.8,29884.361
2025-08-21 08:15:00+00:00,4309.79,4310.0,4286.38,4297.17,36676.282
2025-08-21 08:30:00+00:00,4297.16,4299.99,4287.77,4293.93,19105.283
2025-08-21 08:45:00+00:00,4293.93,4302.33,4283.24,4284.09,26152.925
2025-08-21 09:00:00+00:00,4284.08,4284.7,4258.88,4268.14,105930.108
2025-08-21 09:15:00+00:00,4268.14,4273.4,4254.35,4271.19,77841.814
2025-08-21 09:30:00+00:00,4271.19,4289.28,4269.18,4289.28,49617.34
2025-08-21 09:45:00+00:00,4289.27,4290.49,4273.63,4275.54,40347.747
2025-08-21 10:00:00+00:00,4275.55,4284.58,4262.0,4280.45,42832.521
2025-08-21 10:15:00+00:00,4280.46,4288.88,4274.17,4285.28,28135.861
2025-08-21 10:30:00+00:00,4285.28,4304.86,4276.01,4295.83,63723.108
2025-08-21 10:45:00+00:00,4295.82,4300.8,4286.16,4290.0,25944.864
2025-08-21 11:00:00+00:00,4289.99,4301.11,4287.96,4296.99,22509.149
2025-08-21 11:15:00+00:00,4296.99,4304.93,4293.21,4300.04,34592.069
2025-08-21 11:30:00+00:00,4300.04,4308.97,4272.73,4283.66,62907.598
2025-08-21 11:45:00+00:00,4283.66,4284.39,4265.0,4277.01,62901.709
2025-08-21 12:00:00+00:00,4277.0,4282.95,4266.51,4268.24,39597.438
2025-08-21 12:15:00+00:00,4268.24,4272.1,4249.0,4259.73,107514.877
2025-08-21 12:30:00+00:00,4259.73,4284.66,4257.66,4269.0,70553.19
2025-08-21 12:45:00+00:00,4269.01,4270.45,4235.0,4247.83,124190.463
2025-08-21 13:00:00+00:00,4247.83,4264.77,4239.71,4259.4,63510.779
2025-08-21 13:15:00+00:00,4259.4,4272.0,4254.67,4271.65,35688.867
2025-08-21 13:30:00+00:00,4271.66,4293.6,4250.77,4287.0,130932.027
2025-08-21 13:45:00+00:00,4287.0,4288.76,4251.94,4260.01,110285.382
2025-08-21 14:00:00+00:00,4260.01,4302.35,4251.25,4297.42,108203.499
2025-08-21 14:15:00+00:00,4297.42,4327.46,4293.33,4313.79,139129.798
2025-08-21 14:30:00+00:00,4313.8,4316.36,4251.57,4276.43,190294.354
2025-08-21 14:45:00+00:00,4276.42,4285.0,4262.99,4271.82,90373.592
2025-08-21 15:00:00+00:00,4271.82,4275.26,4230.95,4233.42,170603.866
2025-08-21 15:15:00+00:00,4233.42,4261.79,4224.5,4251.43,110154.932
2025-08-21 15:30:00+00:00,4251.44,4267.93,4238.56,4259.31,70495.274
2025-08-21 15:45:00+00:00,4259.31,4259.31,4235.0,4240.91,54981.675
2025-08-21 16:00:00+00:00,4240.91,4254.0,4228.99,4249.64,77261.522
2025-08-21 16:15:00+00:00,4249.64,4258.44,4233.44,4240.62,44337.447
2025-08-21 16:30:00+00:00,4240.63,4251.0,4220.01,4231.55,77462.871
2025-08-21 16:45:00+00:00,4231.56,4235.04,4213.0,4220.02,72784.728
2025-08-21 17:00:00+00:00,4220.02,4221.75,4206.0,4213.57,99720.376
2025-08-21 17:15:00+00:00,4213.57,4226.21,4210.56,4222.33,49605.843
2025-08-21 17:30:00+00:00,4222.34,4240.7,4220.55,4236.91,50580.393
2025-08-21 17:45:00+00:00,4236.91,4244.06,4231.13,4240.07,30986.596
2025-08-21 18:00:00+00:00,4240.07,4247.43,4233.51,4238.68,28066.199
2025-08-21 18:15:00+00:00,4238.68,4254.43,4234.29,4245.76,29746.981
2025-08-21 18:30:00+00:00,4245.76,4253.19,4237.68,4243.35,24826.31
2025-08-21 18:45:00+00:00,4243.36,4267.28,4231.66,4259.12,67717.842
2025-08-21 19:00:00+00:00,4259.11,4273.17,4255.92,4259.38,42757.607
2025-08-21 19:15:00+00:00,4259.37,4260.92,4233.4,4236.23,64747.079
2025-08-21 19:30:00+00:00,4236.24,4238.09,4215.56,4223.4,65006.563
2025-08-21 19:45:00+00:00,4223.4,4229.02,4218.0,4222.03,31040.732
2025-08-21 20:00:00+00:00,4222.02,4233.09,4222.02,4229.97,17782.181
2025-08-21 20:15:00+00:00,4229.98,4236.4,4225.52,4230.56,18481.382
2025-08-21 20:30:00+00:00,4230.56,4232.27,4202.0,4225.83,59857.142
2025-08-21 20:45:00+00:00,4225.83,4260.0,4224.08,4240.62,78195.055
2025-08-21 21:00:00+00:00,4240.62,4246.55,4209.67,4240.01,68318.715
2025-08-21 21:15:00+00:00,4240.01,4247.99,4218.07,4243.58,48374.418
2025-08-21 21:30:00+00:00,4243.58,4255.66,4233.33,4233.95,29418.219
2025-08-21 21:45:00+00:00,4233.94,4249.92,4233.46,4241.99,15417.284
2025-08-21 22:00:00+00:00,4242.0,4254.47,4235.27,4253.34,12601.471
2025-08-21 22:15:00+00:00,4253.34,4258.85,4247.04,4252.54,21639.837
2025-08-21 22:30:00+00:00,4252.55,4256.34,4242.0,4244.35,18415.967
2025-08-21 22:45:00+00:00,4244.34,4254.19,4241.2,4251.41,14019.488
2025-08-21 23:00:00+00:00,4251.4,4252.0,4233.37,4234.42,17387.868
2025-08-21 23:15:00+00:00,4234.43,4238.3,4222.28,4236.75,23505.043
2025-08-21 23:30:00+00:00,4236.74,4236.74,4207.52,4208.03,50285.617
2025-08-21 23:45:00+00:00,4208.03,4226.0,4208.03,4223.7,28500.691
2025-08-22 00:00:00+00:00,4223.69,4238.09,4222.1,4229.87,40923.776
2025-08-22 00:15:00+00:00,4229.87,4243.79,4225.0,4241.41,28338.515
2025-08-22 00:30:00+00:00,4241.42,4254.84,4241.41,4247.96,36630.622
2025-08-22 00:45:00+00:00,4247.96,4249.0,4233.33,4244.3,20191.768
2025-08-22 01:00:00+00:00,4244.29,4249.68,4220.08,4224.0,38121.945
2025-08-22 01:15:00+00:00,4224.0,4249.59,4223.41,4245.57,28630.244
2025-08-22 01:30:00+00:00,4245.57,4257.2,4236.0,4255.94,33376.351
2025-08-22 01:45:00+00:00,4255.94,4264.87,4250.27,4255.57,41474.32
2025-08-22 02:00:00+00:00,4255.57,4278.7,4248.91,4278.7,54230.246
2025-08-22 02:15:00+00:00,4278.69,4313.51,4276.59,4306.95,122948.131
2025-08-22 02:30:00+00:00,4306.95,4307.83,4293.0,4296.65,51864.209
2025-08-22 02:45:00+00:00,4296.64,4300.99,4283.52,4289.03,46003.321
2025-08-22 03:00:00+00:00,4289.04,4298.93,4281.16,4295.26,36144.697
2025-08-22 03:15:00+00:00,4295.26,4296.19,4274.16,4274.68,30200.578
2025-08-22 03:30:00+00:00,4274.68,4283.16,4264.45,4267.34,46930.685
2025-08-22 03:45:00+00:00,4267.34,4277.44,4263.0,4276.98,30182.707
2025-08-22 04:00:00+00:00,4276.98,4302.05,4275.34,4294.09,53479.434
2025-08-22 04:15:00+00:00,4294.09,4306.0,4286.14,4291.16,47725.311
2025-08-22 04:30:00+00:00,4291.17,4297.07,4283.5,4283.57,30282.209
2025-08-22 04:45:00+00:00,4283.58,4289.42,4272.01,4279.42,32191.036
2025-08-22 05:00:00+00:00,4279.41,4286.04,4273.32,4280.19,27168.574
2025-08-22 05:15:00+00:00,4280.19,4283.27,4273.5,4279.16,14836.268
2025-08-22 05:30:00+00:00,4279.17,4290.88,4270.37,4276.79,25066.334
2025-08-22 05:45:00+00:00,4276.8,4291.77,4275.6,4289.06,26352.99
2025-08-22 06:00:00+00:00,4289.06,4302.24,4282.33,4301.52,38132.268
2025-08-22 06:15:00+00:00,4301.52,4318.44,4300.59,4309.12,75240.087
2025-08-22 06:30:00+00:00,4309.12,4313.0,4278.11,4285.22,69094.786
2025-08-22 06:45:00+00:00,4285.22,4297.21,4280.93,4293.01,31013.46
2025-08-22 07:00:00+00:00,4293.0,4323.72,4289.62,4311.72,82280.081
2025-08-22 07:15:00+00:00,4311.71,4337.96,4305.72,4336.43,101344.599
2025-08-22 07:30:00+00:00,4336.43,4336.43,4322.78,4329.36,43048.159
2025-08-22 07:45:00+00:00,4329.36,4344.0,4325.0,4325.99,64604.495
2025-08-22 08:00:00+00:00,4326.0,4348.73,4325.0,4342.12,58440.159
2025-08-22 08:15:00+00:00,4342.11,4350.79,4336.14,4348.18,53639.033
2025-08-22 08:30:00+00:00,4348.17,4352.97,4336.19,4341.45,41650.947
2025-08-22 08:45:00+00:00,4341.45,4341.45,4325.0,4327.73,53739.411
2025-08-22 09:00:00+00:00,4327.73,4330.84,4315.0,4315.75,73593.882
2025-08-22 09:15:00+00:00,4315.74,4320.94,4302.96,4313.14,87276.538
2025-08-22 09:30:00+00:00,4313.14,4322.35,4305.57,4319.99,35135.276
2025-08-22 09:45:00+00:00,4319.99,4329.93,4318.6,4326.69,41241.01
2025-08-22 10:00:00+00:00,4326.68,4327.85,4315.68,4316.34,27169.695
2025-08-22 10:15:00+00:00,4316.35,4316.96,4305.43,4312.94,35590.837
2025-08-22 10:30:00+00:00,4312.94,4313.72,4296.01,4296.68,53435.311
2025-08-22 10:45:00+00:00,4296.67,4302.7,4286.28,4294.64,55816.358
2025-08-22 11:00:00+00:00,4294.64,4298.02,4274.49,4277.53,66929.921
2025-08-22 11:15:00+00:00,4277.54,4284.37,4275.0,4279.19,40460.823
2025-08-22 11:30:00+00:00,4279.16,4284.16,4272.84,4280.42,40019.688
2025-08-22 11:45:00+00:00,4280.41,4288.51,4271.1,4272.72,54366.707
2025-08-22 12:00:00+00:00,4272.71,4276.29,4233.09,4242.19,181425.664
2025-08-22 12:15:00+00:00,4242.19,4245.91,4221.12,4228.34,114181.029
2025-08-22 12:30:00+00:00,4228.34,4239.47,4206.0,4239.19,194680.925
2025-08-22 12:45:00+00:00,4239.18,4262.0,4231.0,4243.33,159693.611
2025-08-22 13:00:00+00:00,4243.34,4258.92,4235.78,4244.1,81933.326
2025-08-22 13:15:00+00:00,4244.1,4259.43,4231.5,4258.64,71393.483
2025-08-22 13:30:00+00:00,4258.65,4319.98,4242.77,4300.38,258692.082
2025-08-22 13:45:00+00:00,4300.38,4314.13,4276.14,4288.38,169665.766
2025-08-22 14:00:00+00:00,4288.37,4599.99,4287.35,4593.55,1345470.567
2025-08-22 14:15:00+00:00,4593.54,4644.92,4535.31,4576.15,1064440.764
2025-08-22 14:30:00+00:00,4576.15,4629.0,4572.0,4603.02,471823.462
2025-08-22 14:45:00+00:00,4603.02,4643.6,4601.85,4611.8,289847.533
2025-08-22 15:00:00+00:00,4611.79,4666.0,4611.13,4627.91,283881.067
2025-08-22 15:15:00+00:00,4627.9,4656.9,4627.3,4634.16,150529.077
2025-08-22 15:30:00+00:00,4634.16,4655.0,4632.87,4645.7,113712.666
2025-08-22 15:45:00+00:00,4645.7,4657.07,4612.4,4613.93,163597.105
2025-08-22 16:00:00+00:00,4613.93,4772.41,4613.93,4765.37,625525.838
2025-08-22 16:15:00+00:00,4765.37,4765.68,4730.77,4742.92,270350.332
2025-08-22 16:30:00+00:00,4742.92,4781.27,4735.05,4751.35,196670.524
2025-08-22 16:45:00+00:00,4751.35,4754.96,4736.65,4744.88,99553.373
2025-08-22 17:00:00+00:00,4744.87,4818.99,4744.75,4810.86,306892.935
2025-08-22 17:15:00+00:00,4810.86,4848.55,4800.1,4842.67,367922.968
2025-08-22 17:30:00+00:00,4842.68,4848.01,4785.0,4811.89,310397.242
2025-08-22 17:45:00+00:00,4811.89,4814.89,4790.88,4798.28,125968.416
2025-08-22 18:00:00+00:00,4798.29,4805.32,4780.0,4789.46,145717.678
2025-08-22 18:15:00+00:00,4789.45,4792.56,4751.18,4770.91,239631.035
2025-08-22 18:30:00+00:00,4770.91,4797.0,4769.24,4794.2,101312.614
2025-08-22 18:45:00+00:00,4794.2,4804.0,4780.53,4788.53,85382.028
2025-08-22 19:00:00+00:00,4788.54,4809.64,4782.02,4808.0,78643.7
2025-08-22 19:15:00+00:00,4808.0,4822.23,4801.99,4820.77,91409.133
2025-08-22 19:30:00+00:00,4820.77,4840.15,4808.0,4835.27,105502.967
2025-08-22 19:45:00+00:00,4835.28,4858.0,4826.54,4832.06,145223.188
2025-08-22 20:00:00+00:00,4832.06,4845.02,4813.05,4825.43,93091.011
2025-08-22 20:15:00+00:00,4825.42,4834.2,4811.67,4832.19,59872.777
2025-08-22 20:30:00+00:00,4832.2,4853.14,4820.92,4845.63,60264.834
2025-08-22 20:45:00+00:00,4845.63,4868.0,4831.01,4848.22,122863.049
2025-08-22 21:00:00+00:00,4848.21,4888.49,4836.26,4856.8,276847.735
2025-08-22 21:15:00+00:00,4856.8,4886.37,4845.0,4879.17,85586.012
2025-08-22 21:30:00+00:00,4879.17,4887.78,4858.21,4873.59,61666.313
2025-08-22 21:45:00+00:00,4873.59,4873.89,4841.0,4850.85,77554.826
2025-08-22 22:00:00+00:00,4850.85,4854.98,4811.0,4822.27,132730.72
2025-08-22 22:15:00+00:00,4822.27,4837.5,4815.38,4821.01,54739.924
2025-08-22 22:30:00+00:00,4821.0,4827.16,4795.48,4812.0,80592.983
2025-08-22 22:45:00+00:00,4812.01,4822.67,4795.32,4809.88,55531.022
2025-08-22 23:00:00+00:00,4809.87,4827.5,4807.6,4820.45,41662.702
2025-08-22 23:15:00+00:00,4820.45,4836.47,4815.23,4832.37,41785.505
2025-08-22 23:30:00+00:00,4832.36,4846.4,4829.7,4838.64,38511.552
2025-08-22 23:45:00+00:00,4838.64,4839.52,4824.64,4830.37,23352.768
2025-08-23 00:00:00+00:00,4830.36,4830.37,4802.0,4802.96,74816.169
2025-08-23 00:15:00+00:00,4802.96,4821.99,4802.62,4820.28,37464.867
2025-08-23 00:30:00+00:00,4820.28,4825.0,4803.0,4803.93,40954.679
2025-08-23 00:45:00+00:00,4803.93,4816.8,4802.5,4807.04,25400.555
2025-08-23 01:00:00+00:00,4807.05,4816.35,4802.51,4803.9,26461.922
2025-08-23 01:15:00+00:00,4803.89,4804.49,4771.0,4771.0,114957.995
2025-08-23 01:30:00+00:00,4771.01,4781.68,4756.02,4756.14,89501.038
2025-08-23 01:45:00+00:00,4756.14,4789.51,4756.14,4779.49,68350.809
2025-08-23 02:00:00+00:00,4779.5,4791.42,4755.0,4760.72,60162.261
2025-08-23 02:15:00+00:00,4760.73,4763.28,4705.43,4708.17,188967.621
2025-08-23 02:30:00+00:00,4708.17,4723.0,4662.25,4696.02,274170.365
2025-08-23 02:45:00+00:00,4696.02,4725.0,4685.0,4713.98,116232.56
2025-08-23 03:00:00+00:00,4713.98,4722.55,4690.5,4718.81,82603.734
2025-08-23 03:15:00+00:00,4718.81,4722.38,4699.48,4713.61,54503.114
2025-08-23 03:30:00+00:00,4713.61,4714.66,4674.4,4677.2,63715.517
2025-08-23 03:45:00+00:00,4677.2,4700.31,4675.08,4694.47,51475.916
2025-08-23 04:00:00+00:00,4694.46,4715.68,4693.62,4710.76,43683.465
2025-08-23 04:15:00+00:00,4710.76,4715.34,4695.0,4713.4,35199.615
2025-08-23 04:30:00+00:00,4713.39,4736.21,4709.95,4731.86,98136.29
2025-08-23 04:45:00+00:00,4731.87,4746.29,4723.24,4745.3,66130.843
2025-08-23 05:00:00+00:00,4745.3,4745.73,4726.67,4729.33,40509.984
2025-08-23 05:15:00+00:00,4729.34,4748.39,4728.59,4738.33,38690.907
2025-08-23 05:30:00+00:00,4738.33,4760.0,4738.28,4756.2,60135.278
2025-08-23 05:45:00+00:00,4756.19,4765.05,4746.87,4749.87,38538.858
2025-08-23 06:00:00+00:00,4749.87,4761.69,4732.8,4738.92,47649.897
2025-08-23 06:15:00+00:00,4738.93,4751.0,4733.29,4749.72,31712.081
2025-08-23 06:30:00+00:00,4749.73,4754.99,4738.03,4744.66,24898.605
2025-08-23 06:45:00+00:00,4744.66,4750.0,4735.36,4744.15,21603.206
2025-08-23 07:00:00+00:00,4744.15,4749.99,4736.67,4743.82,19968.616
2025-08-23 07:15:00+00:00,4743.82,4746.86,4720.29,4723.52,48878.923
2025-08-23 07:30:00+00:00,4723.53,4734.66,4713.0,4727.65,48832.901
2025-08-23 07:45:00+00:00,4727.65,4727.65,4706.42,4712.85,49433.936
2025-08-23 08:00:00+00:00,4712.86,4727.31,4712.57,4716.87,35857.594
2025-08-23 08:15:00+00:00,4716.86,4720.64,4696.1,4702.69,51016.553
2025-08-23 08:30:00+00:00,4702.68,4725.0,4700.66,4722.38,37636.141
2025-08-23 08:45:00+00:00,4722.38,4729.95,4715.71,4717.77,30790.011
2025-08-23 09:00:00+00:00,4717.76,4724.12,4705.8,4720.36,29348.37
2025-08-23 09:15:00+00:00,4720.36,4726.07,4713.56,4718.89,26484.563
2025-08-23 09:30:00+00:00,4718.89,4737.65,4716.67,4731.0,39647.12
2025-08-23 09:45:00+00:00,4731.0,4742.02,4726.72,4737.17,32419.408
2025-08-23 10:00:00+00:00,4737.17,4744.97,4727.33,4727.7,34694.45
2025-08-23 10:15:00+00:00,4727.7,4730.1,4713.16,4721.59,41780.785
2025-08-23 10:30:00+00:00,4721.59,4725.0,4712.29,4715.35,22251.907
2025-08-23 10:45:00+00:00,4715.35,4721.94,4710.0,4711.55,20736.451
2025-08-23 11:00:00+00:00,4711.54,4727.39,4707.78,4724.85,24176.781
2025-08-23 11:15:00+00:00,4724.85,4729.2,4712.2,4713.59,22762.592
2025-08-23 11:30:00+00:00,4713.59,4719.1,4711.0,4716.0,17929.603
2025-08-23 11:45:00+00:00,4716.01,4721.3,4688.95,4703.6,64339.976
2025-08-23 12:00:00+00:00,4703.61,4719.0,4691.36,4719.0,50638.316
2025-08-23 12:15:00+00:00,4718.99,4727.82,4714.2,4717.82,41558.385
2025-08-23 12:30:00+00:00,4717.82,4733.85,4712.15,4725.74,37920.369
2025-08-23 12:45:00+00:00,4725.75,4729.52,4706.1,4713.5,40068.103
2025-08-23 13:00:00+00:00,4713.51,4723.95,4705.99,4723.34,29244.869
2025-08-23 13:15:00+00:00,4723.34,4724.9,4712.47,4718.71,18321.156
2025-08-23 13:30:00+00:00,4718.71,4727.19,4707.3,4714.71,59084.843
2025-08-23 13:45:00+00:00,4714.7,4733.89,4711.61,4717.02,44033.064
2025-08-23 14:00:00+00:00,4717.02,4730.39,4714.17,4726.32,30755.056
2025-08-23 14:15:00+00:00,4726.33,4754.79,4722.51,4747.51,98816.793
2025-08-23 14:30:00+00:00,4747.51,4756.22,4715.0,4724.63,83836.316
2025-08-23 14:45:00+00:00,4724.63,4740.65,4715.13,4724.75,49400.36
2025-08-23 15:00:00+00:00,4724.76,4734.95,4719.53,4730.26,28535.092
2025-08-23 15:15:00+00:00,4730.27,4750.0,4726.73,4742.6,54062.823
2025-08-23 15:30:00+00:00,4742.6,4754.0,4736.09,4750.19,33193.912
2025-08-23 15:45:00+00:00,4750.19,4769.0,4747.12,4749.17,51112.979
2025-08-23 16:00:00+00:00,4749.17,4755.94,4743.27,4744.34,34702.909
2025-08-23 16:15:00+00:00,4744.35,4760.45,4743.27,4752.76,35937.216
2025-08-23 16:30:00+00:00,4752.76,4753.88,4745.0,4745.12,23061.361
2025-08-23 16:45:00+00:00,4745.12,4751.07,4741.26,4741.27,26177.209
2025-08-23 17:00:00+00:00,4741.26,4750.61,4738.71,4746.9,18874.019
2025-08-23 17:15:00+00:00,4746.89,4749.0,4725.31,4729.62,38406.332
2025-08-23 17:30:00+00:00,4729.62,4747.0,4729.62,4745.12,20644.255
2025-08-23 17:45:00+00:00,4745.13,4749.0,4740.44,4748.01,10001.924
2025-08-23 18:00:00+00:00,4748.01,4756.25,4748.01,4753.59,15715.513
2025-08-23 18:15:00+00:00,4753.59,4758.37,4742.34,4745.26,15653.572
2025-08-23 18:30:00+00:00,4745.25,4752.59,4744.33,4751.5,8585.928
2025-08-23 18:45:00+00:00,4751.5,4753.7,4747.48,4752.36,7175.155
2025-08-23 19:00:00+00:00,4752.35,4759.87,4752.35,4755.0,15241.164
2025-08-23 19:15:00+00:00,4755.01,4759.94,4746.7,4748.0,11016.337
2025-08-23 19:30:00+00:00,4747.99,4757.35,4747.29,4750.71,9215.525
2025-08-23 19:45:00+00:00,4750.71,4759.1,4750.22,4756.75,7977.468
2025-08-23 20:00:00+00:00,4756.76,4758.0,4747.51,4749.68,8852.789
2025-08-23 20:15:00+00:00,4749.67,4756.78,4747.6,4754.61,6913.422
2025-08-23 20:30:00+00:00,4754.6,4756.28,4740.63,4745.1,15745.088
2025-08-23 20:45:00+00:00,4745.09,4753.94,4744.0,4750.22,8325.038
2025-08-23 21:00:00+00:00,4750.22,4751.81,4743.68,4748.59,10750.112
2025-08-23 21:15:00+00:00,4748.58,4750.0,4737.0,4737.04,13115.526
2025-08-23 21:30:00+00:00,4737.04,4745.9,4736.0,4744.96,9273.896
2025-08-23 21:45:00+00:00,4744.95,4750.26,4743.26,4748.6,11974.605
2025-08-23 22:00:00+00:00,4748.59,4757.93,4748.53,4757.0,16456.185
2025-08-23 22:15:00+00:00,4756.99,4764.91,4752.96,4761.41,18004.789
2025-08-23 22:30:00+00:00,4761.41,4764.54,4755.78,4758.77,10596.226
2025-08-23 22:45:00+00:00,4758.77,4786.08,4757.17,4780.73,55115.213
2025-08-23 23:00:00+00:00,4780.72,4795.0,4779.7,4786.31,71449.477
2025-08-23 23:15:00+00:00,4786.31,4797.24,4783.14,4785.3,26977.677
2025-08-23 23:30:00+00:00,4785.3,4785.31,4770.71,4773.77,24921.126
2025-08-23 23:45:00+00:00,4773.76,4778.1,4766.13,4777.26,24225.337
2025-08-24 00:00:00+00:00,4777.25,4786.4,4776.4,4783.48,19842.533
2025-08-24 00:15:00+00:00,4783.47,4794.89,4773.19,4790.94,21807.434
2025-08-24 00:30:00+00:00,4790.94,4816.55,4788.7,4811.25,75437.729
2025-08-24 00:45:00+00:00,4811.25,4811.26,4794.19,4796.8,33142.109
2025-08-24 01:00:00+00:00,4796.8,4797.79,4763.41,4773.44,61654.91
2025-08-24 01:15:00+00:00,4773.44,4779.8,4757.0,4770.23,50422.987
2025-08-24 01:30:00+00:00,4770.23,4794.54,4766.9,4789.06,29473.43
2025-08-24 01:45:00+00:00,4789.05,4789.95,4768.19,4774.98,28310.429
2025-08-24 02:00:00+00:00,4774.98,4784.85,4770.17,4775.23,16663.267
2025-08-24 02:15:00+00:00,4775.23,4787.67,4772.01,4786.75,22533.28
2025-08-24 02:30:00+00:00,4786.74,4789.83,4776.21,4782.93,17050.922
2025-08-24 02:45:00+00:00,4782.92,4783.81,4771.13,4774.67,22584.244
2025-08-24 03:00:00+00:00,4774.67,4776.01,4758.27,4758.28,34255.367
2025-08-24 03:15:00+00:00,4758.27,4768.31,4752.13,4761.68,25880.532
2025-08-24 03:30:00+00:00,4761.69,4780.92,4761.69,4775.91,26205.507
2025-08-24 03:45:00+00:00,4775.9,4795.96,4773.85,4787.76,40245.859
2025-08-24 04:00:00+00:00,4787.76,4799.53,4778.0,4788.0,35975.652
2025-08-24 04:15:00+00:00,4788.0,4790.79,4776.99,4777.04,14137.533
2025-08-24 04:30:00+00:00,4777.03,4788.88,4776.1,4781.06,18789.525
2025-08-24 04:45:00+00:00,4781.05,4792.0,4777.75,4792.0,18829.553
2025-08-24 05:00:00+00:00,4792.0,4793.0,4783.0,4786.84,14995.927
2025-08-24 05:15:00+00:00,4786.85,4793.0,4785.0,4790.0,14523.859
2025-08-24 05:30:00+00:00,4790.01,4790.44,4778.01,4786.63,23379.645
2025-08-24 05:45:00+00:00,4786.63,4787.84,4779.0,4782.23,15488.561
2025-08-24 06:00:00+00:00,4782.23,4785.94,4777.5,4779.5,13420.074
2025-08-24 06:15:00+00:00,4779.51,4781.8,4765.22,4776.01,44941.971
2025-08-24 06:30:00+00:00,4776.01,4776.83,4761.34,4769.74,31760.357
2025-08-24 06:45:00+00:00,4769.73,4769.74,4755.4,4759.37,29187.909
2025-08-24 07:00:00+00:00,4759.38,4769.73,4758.45,4769.41,20974.368
2025-08-24 07:15:00+00:00,4769.4,4782.78,4756.91,4778.87,25762.774
2025-08-24 07:30:00+00:00,4778.87,4783.44,4765.34,4765.34,17244.029
2025-08-24 07:45:00+00:00,4765.35,4769.88,4756.78,4757.66,23523.531
2025-08-24 08:00:00+00:00,4757.66,4774.45,4743.38,4770.24,72580.765
2025-08-24 08:15:00+00:00,4770.25,4776.01,4762.0,4771.19,29983.388
2025-08-24 08:30:00+00:00,4771.19,4775.89,4767.32,4774.8,17124.541
2025-08-24 08:45:00+00:00,4774.79,4778.0,4772.47,4775.52,18576.118
2025-08-24 09:00:00+00:00,4775.51,4778.8,4760.0,4763.24,28979.704
2025-08-24 09:15:00+00:00,4763.24,4774.0,4763.24,4774.0,18163.675
2025-08-24 09:30:00+00:00,4774.0,4785.71,4770.58,4783.68,29774.974
2025-08-24 09:45:00+00:00,4783.68,4783.84,4770.34,4770.67,23146.712
2025-08-24 10:00:00+00:00,4770.67,4773.76,4763.46,4764.21,21878.114
2025-08-24 10:15:00+00:00,4764.21,4766.6,4745.12,4748.43,72838.1
2025-08-24 10:30:00+00:00,4748.43,4749.01,4733.0,4746.82,82334.272
2025-08-24 10:45:00+00:00,4746.81,4753.43,4735.3,4738.5,32043.967
2025-08-24 11:00:00+00:00,4738.51,4745.85,4725.23,4732.28,41008.582
2025-08-24 11:15:00+00:00,4732.29,4737.29,4717.68,4737.29,68102.403
2025-08-24 11:30:00+00:00,4737.28,4745.0,4735.95,4737.76,26292.646
2025-08-24 11:45:00+00:00,4737.75,4749.46,4731.31,4745.95,23513.55
2025-08-24 12:00:00+00:00,4745.95,4754.59,4739.51,4747.03,25601.06
2025-08-24 12:15:00+00:00,4747.0,4756.21,4739.7,4743.99,37262.706
2025-08-24 12:30:00+00:00,4743.99,4751.0,4736.85,4748.54,18595.989
2025-08-24 12:45:00+00:00,4748.53,4754.99,4745.62,4753.41,16130.661
2025-08-24 13:00:00+00:00,4753.4,4769.25,4752.05,4765.5,46538.687
2025-08-24 13:15:00+00:00,4765.49,4779.0,4764.64,4771.62,47965.626
2025-08-24 13:30:00+00:00,4771.62,4778.24,4761.26,4761.27,38716.083
2025-08-24 13:45:00+00:00,4761.26,4772.13,4759.59,4767.11,17640.523
2025-08-24 14:00:00+00:00,4767.1,4772.65,4757.59,4768.78,43147.347
2025-08-24 14:15:00+00:00,4768.78,4790.0,4767.29,4778.74,63453.925
2025-08-24 14:30:00+00:00,4778.73,4782.33,4773.07,4777.44,21663.25
2025-08-24 14:45:00+00:00,4777.45,4799.0,4777.0,4792.92,69566.863
2025-08-24 15:00:00+00:00,4792.91,4827.0,4783.0,4807.6,134571.735
2025-08-24 15:15:00+00:00,4807.6,4829.66,4801.68,4814.93,80756.033
2025-08-24 15:30:00+00:00,4814.93,4825.89,4801.98,4811.64,55891.885
2025-08-24 15:45:00+00:00,4811.64,4811.65,4792.47,4796.28,51106.188
2025-08-24 16:00:00+00:00,4796.28,4821.9,4792.77,4814.95,85277.717
2025-08-24 16:15:00+00:00,4814.96,4827.5,4810.23,4816.04,48656.914
2025-08-24 16:30:00+00:00,4816.05,4836.99,4807.3,4821.74,68754.837
2025-08-24 16:45:00+00:00,4821.75,4831.66,4818.0,4819.77,29638.368
2025-08-24 17:00:00+00:00,4819.77,4875.0,4818.92,4870.86,125943.777
2025-08-24 17:15:00+00:00,4870.86,4877.93,4850.57,4856.86,94826.459
2025-08-24 17:30:00+00:00,4856.86,4935.98,4851.31,4928.8,245777.611
2025-08-24 17:45:00+00:00,4928.8,4928.81,4888.0,4903.27,151637.4
2025-08-24 18:00:00+00:00,4903.28,4926.8,4894.81,4919.53,80436.627
2025-08-24 18:15:00+00:00,4919.52,4957.67,4915.49,4941.08,160386.689
2025-08-24 18:30:00+00:00,4941.09,4955.62,4923.48,4928.88,141523.91
2025-08-24 18:45:00+00:00,4928.89,4946.73,4916.32,4932.84,74434.803
2025-08-24 19:00:00+00:00,4932.85,4956.72,4931.37,4939.7,84661.981
2025-08-24 19:15:00+00:00,4939.71,4954.97,4932.4,4936.07,68950.397
2025-08-24 19:30:00+00:00,4936.07,4937.61,4740.72,4849.06,771076.463
2025-08-24 19:45:00+00:00,4849.07,4850.4,4750.01,4811.25,356963.578
2025-08-24 20:00:00+00:00,4811.25,4814.33,4702.47,4737.82,367081.189
2025-08-24 20:15:00+00:00,4737.81,4812.65,4730.23,4792.88,264708.687
2025-08-24 20:30:00+00:00,4792.88,4809.98,4778.0,4808.1,93227.929
2025-08-24 20:45:00+00:00,4808.09,4808.09,4780.0,4784.63,56089.61
2025-08-24 21:00:00+00:00,4784.64,4793.67,4751.12,4780.04,123194.896
2025-08-24 21:15:00+00:00,4780.04,4798.23,4776.28,4791.01,36849.855
2025-08-24 21:30:00+00:00,4791.0,4823.0,4788.81,4795.21,73080.676
2025-08-24 21:45:00+00:00,4795.2,4810.38,4770.0,4782.93,43657.818
2025-08-24 22:00:00+00:00,4782.94,4790.61,4757.25,4774.39,64584.628
2025-08-24 22:15:00+00:00,4774.4,4774.4,4726.53,4726.88,97429.799
2025-08-24 22:30:00+00:00,4726.87,4754.51,4721.0,4750.82,74565.013
2025-08-24 22:45:00+00:00,4750.82,4780.33,4740.95,4779.34,54098.8
2025-08-24 23:00:00+00:00,4779.35,4801.94,4770.78,4790.68,59022.594
2025-08-24 23:15:00+00:00,4790.68,4801.67,4786.95,4793.99,32072.552
2025-08-24 23:30:00+00:00,4794.0,4795.71,4777.0,4794.71,31582.743
2025-08-24 23:45:00+00:00,4794.71,4803.21,4771.3,4778.32,37805.652
2025-08-25 00:00:00+00:00,4778.33,4796.8,4771.82,4786.56,35344.758
2025-08-25 00:15:00+00:00,4786.56,4794.06,4757.43,4760.22,53197.333
2025-08-25 00:30:00+00:00,4760.22,4760.53,4667.24,4692.51,293213.408
2025-08-25 00:45:00+00:00,4692.52,4707.75,4677.39,4699.0,106091.394
2025-08-25 01:00:00+00:00,4699.0,4721.21,4698.04,4718.02,56801.646
2025-08-25 01:15:00+00:00,4718.02,4744.95,4700.4,4737.0,92134.226
2025-08-25 01:30:00+00:00,4737.0,4737.58,4713.36,4714.0,43554.952
2025-08-25 01:45:00+00:00,4713.99,4735.5,4713.99,4729.99,28154.166
2025-08-25 02:00:00+00:00,4729.98,4754.88,4725.22,4753.01,54022.56
2025-08-25 02:15:00+00:00,4753.0,4773.9,4747.7,4760.81,69217.274
2025-08-25 02:30:00+00:00,4760.82,4767.48,4752.34,4756.04,38019.604
2025-08-25 02:45:00+00:00,4756.04,4774.0,4754.96,4762.33,24860.501
2025-08-25 03:00:00+00:00,4762.34,4772.74,4747.07,4752.03,36194.977
2025-08-25 03:15:00+00:00,4752.02,4758.58,4735.3,4739.76,48348.199
2025-08-25 03:30:00+00:00,4739.76,4753.65,4728.61,4746.98,40522.989
2025-08-25 03:45:00+00:00,4746.98,4755.8,4718.79,4725.46,53297.056
2025-08-25 04:00:00+00:00,4725.46,4737.74,4707.0,4707.0,45274.797
2025-08-25 04:15:00+00:00,4707.01,4727.32,4707.0,4710.58,43764.743
2025-08-25 04:30:00+00:00,4710.58,4715.3,4691.1,4708.01,66646.62
2025-08-25 04:45:00+00:00,4708.0,4722.73,4704.0,4716.66,38743.375
2025-08-25 05:00:00+00:00,4716.66,4725.33,4700.06,4705.3,30652.908
2025-08-25 05:15:00+00:00,4705.3,4726.29,4701.24,4724.23,31679.689
2025-08-25 05:30:00+00:00,4724.24,4729.0,4707.11,4719.61,29111.004
2025-08-25 05:45:00+00:00,4719.6,4725.85,4702.65,4703.47,40152.163
2025-08-25 06:00:00+00:00,4703.48,4706.9,4681.0,4686.96,70977.5
2025-08-25 06:15:00+00:00,4686.97,4692.81,4651.31,4674.99,136146.187
2025-08-25 06:30:00+00:00,4675.0,4678.48,4650.04,4650.86,93998.358
2025-08-25 06:45:00+00:00,4650.86,4651.65,4615.1,4629.11,203876.102
2025-08-25 07:00:00+00:00,4629.11,4651.08,4620.99,4640.22,92773.39
2025-08-25 07:15:00+00:00,4640.22,4645.9,4620.09,4621.39,45008.977
2025-08-25 07:30:00+00:00,4621.39,4632.96,4601.0,4623.76,128953.077
2025-08-25 07:45:00+00:00,4623.76,4624.69,4580.82,4589.6,175720.704
2025-08-25 08:00:00+00:00,4589.6,4597.57,4555.0,4589.46,195288.172
2025-08-25 08:15:00+00:00,4589.47,4609.99,4588.0,4600.37,104681.373
2025-08-25 08:30:00+00:00,4600.38,4613.64,4588.72,4597.55,77107.92
2025-08-25 08:45:00+00:00,4597.56,4611.25,4594.53,4597.74,45601.078
2025-08-25 09:00:00+00:00,4597.74,4602.0,4568.07,4591.01,102735.382
2025-08-25 09:15:00+00:00,4591.0,4606.97,4582.57,4583.35,61804.05
2025-08-25 09:30:00+00:00,4583.36,4608.0,4579.54,4603.15,50970.465
2025-08-25 09:45:00+00:00,4603.14,4612.95,4597.38,4611.14,46547.559
2025-08-25 10:00:00+00:00,4611.13,4611.14,4590.0,4600.4,40210.338
2025-08-25 10:15:00+00:00,4600.41,4602.68,4527.25,4551.19,238535.469
2025-08-25 10:30:00+00:00,4551.19,4555.0,4518.0,4541.65,161538.299
2025-08-25 10:45:00+00:00,4541.64,4560.0,4533.25,4542.72,77755.376
2025-08-25 11:00:00+00:00,4542.72,4557.07,4542.0,4555.99,44523.93
2025-08-25 11:15:00+00:00,4555.99,4573.97,4551.28,4566.66,77019.395
2025-08-25 11:30:00+00:00,4566.65,4598.0,4566.65,4583.21,98925.084
2025-08-25 11:45:00+00:00,4583.21,4599.0,4583.0,4598.0,62021.294
2025-08-25 12:00:00+00:00,4597.99,4609.69,4583.27,4604.54,99753.124
2025-08-25 12:15:00+00:00,4604.54,4622.0,4597.43,4619.91,88401.275
2025-08-25 12:30:00+00:00,4619.92,4635.0,4602.0,4632.66,89862.699
2025-08-25 12:45:00+00:00,4632.67,4644.99,4624.21,4644.83,92951.412
2025-08-25 13:00:00+00:00,4644.84,4644.84,4632.0,4635.3,60067.009
2025-08-25 13:15:00+00:00,4635.31,4661.39,4619.07,4651.64,118162.97
2025-08-25 13:30:00+00:00,4651.64,4656.5,4612.03,4622.6,190083.457
2025-08-25 13:45:00+00:00,4622.58,4642.96,4590.52,4627.81,240475.109
2025-08-25 14:00:00+00:00,4627.81,4674.0,4617.23,4662.06,184151.539
2025-08-25 14:15:00+00:00,4662.06,4683.26,4644.37,4646.7,125046.114
2025-08-25 14:30:00+00:00,4646.7,4667.74,4632.3,4640.03,75844.312
2025-08-25 14:45:00+00:00,4640.02,4661.43,4638.56,4657.57,49204.917
2025-08-25 15:00:00+00:00,4657.57,4667.38,4625.31,4633.0,75078.653
2025-08-25 15:15:00+00:00,4633.0,4646.78,4623.0,4629.99,72860.427
2025-08-25 15:30:00+00:00,4630.0,4637.67,4611.0,4626.71,71645.172
2025-08-25 15:45:00+00:00,4626.68,4626.68,4603.76,4610.31,66123.489
2025-08-25 16:00:00+00:00,4610.31,4632.45,4590.02,4630.38,135496.346
2025-08-25 16:15:00+00:00,4630.39,4644.71,4616.66,4617.33,75700.66
2025-08-25 16:30:00+00:00,4617.33,4631.91,4607.47,4620.48,36793.252
2025-08-25 16:45:00+00:00,4620.47,4625.64,4593.56,4593.78,47569.333
2025-08-25 17:00:00+00:00,4593.78,4598.91,4565.0,4581.01,139584.556
2025-08-25 17:15:00+00:00,4581.01,4597.46,4562.42,4590.53,77457.538
2025-08-25 17:30:00+00:00,4590.53,4597.63,4572.6,4577.43,38247.348
2025-08-25 17:45:00+00:00,4577.43,4597.63,4570.5,4585.23,42519.385
2025-08-25 18:00:00+00:00,4585.22,4595.51,4572.0,4591.23,39480.06
2025-08-25 18:15:00+00:00,4591.24,4593.56,4577.0,4582.86,30216.66
2025-08-25 18:30:00+00:00,4582.86,4585.9,4568.85,4574.21,59313.89
2025-08-25 18:45:00+00:00,4574.21,4579.41,4569.0,4572.93,27876.522
2025-08-25 19:00:00+00:00,4572.94,4576.32,4552.98,4555.41,146693.846
2025-08-25 19:15:00+00:00,4555.42,4556.42,4504.42,4522.18,268480.43
2025-08-25 19:30:00+00:00,4522.18,4522.5,4450.0,4465.57,262714.303
2025-08-25 19:45:00+00:00,4465.57,4477.35,4413.03,4418.75,206848.312
2025-08-25 20:00:00+00:00,4418.77,4444.2,4376.31,4398.18,364757.646
2025-08-25 20:15:00+00:00,4398.17,4421.75,4384.28,4405.72,145115.291
2025-08-25 20:30:00+00:00,4405.71,4407.5,4331.15,4370.33,402805.61
2025-08-25 20:45:00+00:00,4370.33,4384.0,4335.43,4349.1,155664.248
2025-08-25 21:00:00+00:00,4349.1,4375.96,4336.9,4349.82,140474.902
2025-08-25 21:15:00+00:00,4349.82,4378.61,4349.13,4354.94,90041.551
2025-08-25 21:30:00+00:00,4354.94,4384.23,4341.03,4359.81,85804.058
2025-08-25 21:45:00+00:00,4359.81,4385.23,4346.32,4348.11,63635.17
2025-08-25 22:00:00+00:00,4348.11,4370.52,4348.11,4362.76,60957.361
2025-08-25 22:15:00+00:00,4362.76,4391.19,4353.39,4388.94,62188.068
2025-08-25 22:30:00+00:00,4388.94,4414.78,4384.08,4413.44,89757.37
2025-08-25 22:45:00+00:00,4413.44,4413.44,4381.93,4390.31,58732.133
2025-08-25 23:00:00+00:00,4390.3,4390.3,4362.12,4372.46,73384.655
2025-08-25 23:15:00+00:00,4372.46,4383.43,4351.9,4363.24,63192.995
2025-08-25 23:30:00+00:00,4363.24,4382.92,4359.1,4382.92,30450.337
2025-08-25 23:45:00+00:00,4382.92,4388.78,4368.29,4374.25,51091.59
2025-08-26 00:00:00+00:00,4374.25,4381.52,4342.36,4362.69,114014.028
2025-08-26 00:15:00+00:00,4362.68,4384.89,4359.0,4379.38,69352.509
2025-08-26 00:30:00+00:00,4379.37,4393.18,4346.01,4346.65,100738.415
2025-08-26 00:45:00+00:00,4346.65,4370.73,4318.01,4329.79,178095.146
2025-08-26 01:00:00+00:00,4329.79,4365.0,4310.0,4349.4,134213.019
2025-08-26 01:15:00+00:00,4349.4,4386.43,4342.91,4385.43,70256.587
2025-08-26 01:30:00+00:00,4385.42,4395.13,4370.82,4388.43,66561.921
2025-08-26 01:45:00+00:00,4388.43,4421.29,4387.46,4418.83,121596.54
2025-08-26 02:00:00+00:00,4418.83,4449.55,4413.58,4441.96,108501.304
2025-08-26 02:15:00+00:00,4441.96,4444.4,4405.93,4420.99,72332.13
2025-08-26 02:30:00+00:00,4421.0,4424.76,4394.83,4403.35,75349.205
2025-08-26 02:45:00+00:00,4403.35,4416.54,4386.64,4394.51,55172.245
2025-08-26 03:00:00+00:00,4394.5,4396.36,4380.66,4381.68,44396.374
2025-08-26 03:15:00+00:00,4381.67,4403.99,4372.0,4389.3,77184.254
2025-08-26 03:30:00+00:00,4389.29,4406.26,4388.41,4406.26,43198.875
2025-08-26 03:45:00+00:00,4406.26,4406.26,4392.81,4400.5,23132.331
2025-08-26 04:00:00+00:00,4400.52,4433.68,4400.52,4430.35,73910.561
2025-08-26 04:15:00+00:00,4430.36,4439.43,4416.42,4423.27,44481.856
2025-08-26 04:30:00+00:00,4423.28,4438.9,4423.28,4427.49,39541.907
2025-08-26 04:45:00+00:00,4427.48,4440.51,4421.5,4432.33,29559.3
2025-08-26 05:00:00+00:00,4432.33,4446.47,4430.4,4443.29,30836.143
2025-08-26 05:15:00+00:00,4443.28,4444.75,4422.66,4426.07,34356.306
2025-08-26 05:30:00+00:00,4426.08,4441.99,4419.2,4441.94,32420.635
2025-08-26 05:45:00+00:00,4441.94,4443.0,4428.0,4428.18,22154.731
2025-08-26 06:00:00+00:00,4428.18,4440.0,4416.6,4433.14,43664.402
2025-08-26 06:15:00+00:00,4433.13,4437.52,4404.03,4418.94,60160.923
2025-08-26 06:30:00+00:00,4418.94,4431.86,4412.83,4417.0,30208.6
2025-08-26 06:45:00+00:00,4417.01,4424.35,4403.71,4412.37,41349.912
2025-08-26 07:00:00+00:00,4412.32,4424.05,4401.45,4407.27,49775.471
2025-08-26 07:15:00+00:00,4407.26,4415.0,4391.61,4404.57,49250.512
2025-08-26 07:30:00+00:00,4404.57,4453.78,4401.08,4425.37,120925.221
2025-08-26 07:45:00+00:00,4425.36,4431.47,4417.24,4427.16,50174.451
2025-08-26 08:00:00+00:00,4427.15,4435.99,4419.31,4432.56,29495.439
2025-08-26 08:15:00+00:00,4432.55,4444.57,4406.05,4409.92,57263.98
2025-08-26 08:30:00+00:00,4409.92,4416.66,4403.0,4416.21,33896.134
2025-08-26 08:45:00+00:00,4416.21,4428.84,4411.75,4418.0,38875.156
2025-08-26 09:00:00+00:00,4418.01,4427.9,4411.99,4422.61,23685.193
2025-08-26 09:15:00+00:00,4422.61,4439.99,4422.6,4435.33,37607.63
2025-08-26 09:30:00+00:00,4435.33,4436.0,4406.0,4408.6,34450.91
2025-08-26 09:45:00+00:00,4408.6,4418.73,4407.09,4417.85,32305.181
2025-08-26 10:00:00+00:00,4417.85,4430.0,4417.85,4429.43,25527.254
2025-08-26 10:15:00+00:00,4429.44,4432.67,4416.02,4420.54,23735.633
2025-08-26 10:30:00+00:00,4420.54,4443.47,4420.53,4442.47,32534.594
2025-08-26 10:45:00+00:00,4442.48,4448.69,4429.85,4438.98,54275.412
2025-08-26 11:00:00+00:00,4438.98,4465.0,4433.71,4442.75,93914.985
2025-08-26 11:15:00+00:00,4442.75,4442.75,4413.22,4419.44,60566.552
2025-08-26 11:30:00+00:00,4419.44,4419.87,4405.85,4415.68,40859.206
2025-08-26 11:45:00+00:00,4415.69,4426.03,4407.93,4425.57,29555.191
2025-08-26 12:00:00+00:00,4425.57,4426.45,4403.01,4408.72,40558.259
2025-08-26 12:15:00+00:00,4408.73,4421.0,4407.28,4417.21,19163.324
2025-08-26 12:30:00+00:00,4417.2,4535.56,4417.05,4508.26,419330.293
2025-08-26 12:45:00+00:00,4508.26,4535.43,4455.01,4494.85,315144.151
2025-08-26 13:00:00+00:00,4494.86,4496.49,4470.0,4478.15,99927.928
2025-08-26 13:15:00+00:00,4478.15,4491.64,4470.73,4480.0,62963.546
2025-08-26 13:30:00+00:00,4480.01,4518.0,4471.02,4482.4,192741.494
2025-08-26 13:45:00+00:00,4482.4,4490.96,4433.83,4478.42,249391.415
2025-08-26 14:00:00+00:00,4478.43,4485.91,4450.08,4464.71,99035.518
2025-08-26 14:15:00+00:00,4464.71,4511.0,4458.24,4499.05,126863.83
2025-08-26 14:30:00+00:00,4499.05,4528.33,4497.72,4528.29,102108.176
2025-08-26 14:45:00+00:00,4528.3,4558.39,4516.3,4550.31,152781.981
2025-08-26 15:00:00+00:00,4550.31,4576.31,4540.0,4541.55,191092.215
2025-08-26 15:15:00+00:00,4541.54,4564.87,4533.33,4534.99,107101.597
2025-08-26 15:30:00+00:00,4535.0,4535.52,4501.09,4505.11,140356.738
2025-08-26 15:45:00+00:00,4505.11,4524.0,4503.58,4516.17,66802.203
2025-08-26 16:00:00+00:00,4516.16,4530.08,4494.19,4498.14,77974.721
2025-08-26 16:15:00+00:00,4498.14,4518.25,4498.14,4516.39,54876.387
2025-08-26 16:30:00+00:00,4516.39,4527.72,4507.88,4523.02,51600.125
2025-08-26 16:45:00+00:00,4523.01,4554.14,4521.54,4552.0,97600.238
2025-08-26 17:00:00+00:00,4552.01,4557.03,4520.7,4532.75,77514.229
2025-08-26 17:15:00+00:00,4532.74,4549.18,4527.76,4540.79,49775.654
2025-08-26 17:30:00+00:00,4540.8,4546.96,4510.0,4514.52,59296.753
2025-08-26 17:45:00+00:00,4514.52,4519.29,4502.0,4519.28,66486.624
2025-08-26 18:00:00+00:00,4519.29,4538.0,4518.72,4527.89,43889.772
2025-08-26 18:15:00+00:00,4527.88,4550.73,4523.73,4546.66,45511.156
2025-08-26 18:30:00+00:00,4546.65,4562.78,4536.7,4546.8,58101.546
2025-08-26 18:45:00+00:00,4546.8,4551.6,4540.0,4545.61,28667.237
2025-08-26 19:00:00+00:00,4545.6,4546.1,4524.59,4544.19,45849.713
2025-08-26 19:15:00+00:00,4544.2,4573.0,4538.36,4566.4,72948.525
2025-08-26 19:30:00+00:00,4566.4,4573.54,4550.96,4552.27,41217.331
2025-08-26 19:45:00+00:00,4552.28,4595.73,4552.27,4593.84,120936.475
2025-08-26 20:00:00+00:00,4593.82,4607.59,4579.0,4605.01,76758.707
2025-08-26 20:15:00+00:00,4605.01,4609.79,4595.35,4599.99,49632.725
2025-08-26 20:30:00+00:00,4600.0,4600.0,4575.18,4576.11,56083.147
2025-08-26 20:45:00+00:00,4576.11,4593.0,4567.0,4582.68,48217.876
2025-08-26 21:00:00+00:00,4582.67,4586.16,4559.5,4566.16,37361.546
2025-08-26 21:15:00+00:00,4566.19,4581.44,4565.91,4570.51,37254.185
2025-08-26 21:30:00+00:00,4570.5,4593.15,4570.5,4580.52,29333.677
2025-08-26 21:45:00+00:00,4580.51,4606.35,4576.26,4602.88,33178.999
2025-08-26 22:00:00+00:00,4602.88,4607.98,4586.4,4598.1,30797.183
2025-08-26 22:15:00+00:00,4598.11,4606.99,4575.67,4581.65,39209.121
2025-08-26 22:30:00+00:00,4581.65,4593.5,4575.35,4579.47,18154.253
2025-08-26 22:45:00+00:00,4579.47,4599.99,4575.41,4599.26,26972.518
2025-08-26 23:00:00+00:00,4599.26,4632.92,4594.04,4623.1,100805.793
2025-08-26 23:15:00+00:00,4623.1,4623.29,4597.96,4599.93,39330.983
2025-08-26 23:30:00+00:00,4599.93,4607.33,4587.61,4605.19,44018.481
2025-08-26 23:45:00+00:00,4605.18,4605.19,4587.7,4598.49,32991.103
2025-08-27 00:00:00+00:00,4598.5,4599.47,4582.99,4587.11,38733.442
2025-08-27 00:15:00+00:00,4587.1,4600.0,4581.7,4588.0,33173.612
2025-08-27 00:30:00+00:00,4588.0,4597.93,4581.95,4582.57,19691.602
2025-08-27 00:45:00+00:00,4582.56,4584.75,4562.16,4568.52,67870.197
2025-08-27 01:00:00+00:00,4568.53,4572.88,4555.0,4563.0,51839.306
2025-08-27 01:15:00+00:00,4563.01,4564.75,4545.05,4547.48,50762.567
2025-08-27 01:30:00+00:00,4547.49,4563.77,4538.0,4544.06,48252.454
2025-08-27 01:45:00+00:00,4544.07,4563.0,4543.08,4560.81,42908.366
2025-08-27 02:00:00+00:00,4560.82,4565.0,4544.32,4549.67,26877.121
2025-08-27 02:15:00+00:00,4549.68,4585.95,4548.94,4570.7,68916.964
2025-08-27 02:30:00+00:00,4570.69,4587.56,4568.72,4580.78,37434.539
2025-08-27 02:45:00+00:00,4580.78,4584.8,4572.42,4575.39,21479.153
2025-08-27 03:00:00+00:00,4575.39,4582.5,4561.22,4564.13,23759.111
2025-08-27 03:15:00+00:00,4564.14,4564.78,4544.24,4553.0,44829.948
2025-08-27 03:30:00+00:00,4552.99,4578.15,4552.47,4568.6,42917.801
2025-08-27 03:45:00+00:00,4568.6,4625.0,4568.6,4601.07,139520.945
2025-08-27 04:00:00+00:00,4601.08,4641.77,4595.39,4625.68,110393.749
2025-08-27 04:15:00+00:00,4625.67,4634.69,4607.49,4609.09,59054.227
2025-08-27 04:30:00+00:00,4609.09,4629.46,4605.43,4624.03,38170.962
2025-08-27 04:45:00+00:00,4624.03,4633.44,4623.4,4626.8,30402.033
2025-08-27 05:00:00+00:00,4626.8,4639.24,4613.18,4635.19,40047.489
2025-08-27 05:15:00+00:00,4635.18,4643.93,4616.51,4621.28,54330.39
2025-08-27 05:30:00+00:00,4621.28,4626.0,4607.74,4618.98,44864.459
2025-08-27 05:45:00+00:00,4618.99,4618.99,4608.0,4612.01,19517.016
2025-08-27 06:00:00+00:00,4612.01,4612.47,4588.4,4599.52,65906.886
2025-08-27 06:15:00+00:00,4599.52,4604.88,4587.28,4598.56,41818.344
2025-08-27 06:30:00+00:00,4598.57,4606.5,4592.0,4593.2,26022.909
2025-08-27 06:45:00+00:00,4593.2,4594.35,4581.05,4584.77,45978.611
2025-08-27 07:00:00+00:00,4584.77,4590.23,4574.47,4583.74,38291.402
2025-08-27 07:15:00+00:00,4583.73,4584.46,4563.51,4569.91,58448.508
2025-08-27 07:30:00+00:00,4569.9,4578.39,4564.15,4566.0,39817.354
2025-08-27 07:45:00+00:00,4566.0,4581.91,4557.06,4578.59,62950.74
2025-08-27 08:00:00+00:00,4578.59,4587.26,4567.53,4567.94,43950.494
2025-08-27 08:15:00+00:00,4567.95,4570.53,4553.0,4559.88,42166.254
2025-08-27 08:30:00+00:00,4559.89,4573.2,4559.52,4568.01,28896.195
2025-08-27 08:45:00+00:00,4568.0,4595.26,4555.43,4592.82,62889.758
2025-08-27 09:00:00+00:00,4592.82,4605.0,4586.95,4594.16,70570.399
2025-08-27 09:15:00+00:00,4594.15,4618.76,4592.92,4609.67,59222.474
2025-08-27 09:30:00+00:00,4609.66,4615.3,4596.3,4598.5,50811.605
2025-08-27 09:45:00+00:00,4598.5,4601.38,4583.91,4586.04,43578.463
2025-08-27 10:00:00+00:00,4586.05,4605.22,4582.69,4605.22,42547.892
2025-08-27 10:15:00+00:00,4605.21,4611.81,4584.71,4593.06,36716.093
2025-08-27 10:30:00+00:00,4593.06,4599.27,4567.09,4576.86,56608.537
2025-08-27 10:45:00+00:00,4576.86,4587.45,4575.49,4579.21,19040.032
2025-08-27 11:00:00+00:00,4579.21,4594.74,4579.21,4594.59,20291.599
2025-08-27 11:15:00+00:00,4594.58,4600.55,4587.25,4589.01,22822.924
2025-08-27 11:30:00+00:00,4589.01,4602.4,4589.0,4597.49,16442.545
2025-08-27 11:45:00+00:00,4597.49,4612.93,4597.49,4606.37,35291.252
2025-08-27 12:00:00+00:00,4606.37,4623.33,4590.2,4609.74,84635.817
2025-08-27 12:15:00+00:00,4609.74,4614.72,4587.3,4588.2,46403.372
2025-08-27 12:30:00+00:00,4588.21,4592.64,4576.01,4582.41,55080.137
2025-08-27 12:45:00+00:00,4582.41,4617.0,4580.0,4613.27,51888.574
2025-08-27 13:00:00+00:00,4613.26,4613.85,4586.87,4593.73,62124.457
2025-08-27 13:15:00+00:00,4593.7,4609.0,4587.81,4605.0,28924.341
2025-08-27 13:30:00+00:00,4604.99,4657.8,4572.9,4624.31,270960.848
2025-08-27 13:45:00+00:00,4624.1,4632.27,4589.17,4593.0,158145.271
2025-08-27 14:00:00+00:00,4593.0,4610.0,4581.0,4603.18,70576.049
2025-08-27 14:15:00+00:00,4603.18,4632.28,4592.36,4630.5,79092.67
2025-08-27 14:30:00+00:00,4630.5,4662.5,4626.64,4626.64,206506.735
2025-08-27 14:45:00+00:00,4626.65,4630.42,4602.14,4611.18,114033.006
2025-08-27 15:00:00+00:00,4611.19,4641.7,4605.52,4638.67,63976.098
2025-08-27 15:15:00+00:00,4638.67,4647.17,4619.81,4635.82,68254.263
2025-08-27 15:30:00+00:00,4635.81,4644.25,4625.57,4639.93,60412.949
2025-08-27 15:45:00+00:00,4639.92,4658.0,4636.39,4655.31,73633.026
2025-08-27 16:00:00+00:00,4655.31,4655.92,4629.1,4636.49,60263.719
2025-08-27 16:15:00+00:00,4636.5,4652.47,4613.71,4625.07,83237.111
2025-08-27 16:30:00+00:00,4625.08,4626.79,4603.26,4619.01,77937.629
2025-08-27 16:45:00+00:00,4619.0,4636.8,4615.12,4628.43,42750.798
2025-08-27 17:00:00+00:00,4628.43,4629.87,4612.76,4615.45,38304.529
2025-08-27 17:15:00+00:00,4615.46,4632.95,4607.6,4627.58,33395.513
2025-08-27 17:30:00+00:00,4627.58,4636.18,4621.44,4632.42,25076.154
2025-08-27 17:45:00+00:00,4632.42,4645.0,4628.55,4629.58,31582.524
2025-08-27 18:00:00+00:00,4629.58,4641.95,4625.0,4637.92,23598.2
2025-08-27 18:15:00+00:00,4637.92,4639.75,4616.15,4619.37,31003.751
2025-08-27 18:30:00+00:00,4619.37,4620.6,4607.06,4609.21,30773.015
2025-08-27 18:45:00+00:00,4609.2,4625.39,4586.0,4589.25,65647.745
2025-08-27 19:00:00+00:00,4589.26,4597.96,4530.01,4542.73,206679.672
2025-08-27 19:15:00+00:00,4542.74,4565.5,4537.1,4555.0,68873.148
2025-08-27 19:30:00+00:00,4554.99,4577.54,4553.58,4572.55,53722.087
2025-08-27 19:45:00+00:00,4572.55,4573.86,4558.25,4563.23,37159.781
2025-08-27 20:00:00+00:00,4563.23,4564.95,4520.31,4558.99,126095.827
2025-08-27 20:15:00+00:00,4558.98,4612.85,4506.35,4585.01,324082.066
2025-08-27 20:30:00+00:00,4585.0,4602.94,4571.63,4592.16,74027.869
2025-08-27 20:45:00+00:00,4592.15,4595.92,4572.3,4592.87,40992.253
2025-08-27 21:00:00+00:00,4592.86,4594.77,4570.63,4575.56,29304.386
2025-08-27 21:15:00+00:00,4575.55,4575.94,4545.0,4556.81,55999.824
2025-08-27 21:30:00+00:00,4556.8,4569.12,4527.15,4540.24,47986.322
2025-08-27 21:45:00+00:00,4540.23,4548.51,4511.68,4525.65,69567.332
2025-08-27 22:00:00+00:00,4525.64,4525.99,4479.01,4497.59,136401.603
2025-08-27 22:15:00+00:00,4497.6,4513.01,4496.6,4505.29,44214.075
2025-08-27 22:30:00+00:00,4505.29,4534.45,4502.34,4533.96,43608.806
2025-08-27 22:45:00+00:00,4533.95,4535.49,4517.49,4521.81,28935.112
2025-08-27 23:00:00+00:00,4521.81,4537.86,4516.91,4522.04,27847.738
2025-08-27 23:15:00+00:00,4522.04,4528.68,4501.38,4516.64,50238.312
2025-08-27 23:30:00+00:00,4516.64,4522.15,4488.88,4493.34,39607.702
2025-08-27 23:45:00+00:00,4493.35,4506.0,4488.04,4504.84,36227.775
2025-08-28 00:00:00+00:00,4504.86,4518.38,4496.02,4516.0,52882.646
2025-08-28 00:15:00+00:00,4516.0,4520.0,4475.1,4495.99,73733.232
2025-08-28 00:30:00+00:00,4496.0,4497.0,4465.0,4492.75,66358.788
2025-08-28 00:45:00+00:00,4492.74,4506.27,4473.55,4492.0,53791.141
2025-08-28 01:00:00+00:00,4492.0,4508.66,4491.8,4502.91,35605.683
2025-08-28 01:15:00+00:00,4502.91,4512.0,4495.0,4498.69,26741.689
2025-08-28 01:30:00+00:00,4498.68,4517.91,4498.47,4509.24,37190.863
2025-08-28 01:45:00+00:00,4509.24,4521.4,4504.5,4514.22,26121.577
2025-08-28 02:00:00+00:00,4514.22,4525.93,4510.0,4510.0,34577.7
2025-08-28 02:15:00+00:00,4510.01,4521.88,4504.83,4519.28,19445.412
2025-08-28 02:30:00+00:00,4519.27,4524.48,4509.07,4512.65,15856.105
2025-08-28 02:45:00+00:00,4512.65,4517.26,4507.19,4510.02,12443.623
2025-08-28 03:00:00+00:00,4510.03,4534.91,4504.25,4530.01,44915.759
2025-08-28 03:15:00+00:00,4530.01,4538.0,4526.27,4536.19,32056.299
2025-08-28 03:30:00+00:00,4536.19,4545.0,4535.1,4540.98,35717.126
2025-08-28 03:45:00+00:00,4540.98,4547.11,4531.9,4539.38,28491.454
2025-08-28 04:00:00+00:00,4539.39,4549.16,4532.28,4548.47,23779.256
2025-08-28 04:15:00+00:00,4548.47,4554.73,4544.51,4551.01,36520.789
2025-08-28 04:30:00+00:00,4551.01,4566.39,4548.13,4561.75,44356.282
2025-08-28 04:45:00+00:00,4561.76,4578.35,4557.19,4568.9,74074.986
2025-08-28 05:00:00+00:00,4568.89,4585.99,4565.8,4573.3,55445.678
2025-08-28 05:15:00+00:00,4573.3,4579.69,4561.57,4563.68,32971.459
2025-08-28 05:30:00+00:00,4563.69,4572.2,4557.41,4557.82,26097.75
2025-08-28 05:45:00+00:00,4557.82,4571.41,4551.0,4568.13,44343.095
2025-08-28 06:00:00+00:00,4568.13,4573.45,4552.68,4557.01,26957.701
2025-08-28 06:15:00+00:00,4557.01,4569.85,4553.29,4569.71,17351.363
2025-08-28 06:30:00+00:00,4569.72,4580.22,4563.17,4577.22,35408.005
2025-08-28 06:45:00+00:00,4577.22,4584.82,4571.44,4581.68,23815.063
2025-08-28 07:00:00+00:00,4581.68,4584.99,4575.24,4577.63,29305.301
2025-08-28 07:15:00+00:00,4577.64,4580.88,4563.53,4572.99,39777.68
2025-08-28 07:30:00+00:00,4573.0,4574.5,4563.83,4573.44,16502.683
2025-08-28 07:45:00+00:00,4573.43,4600.0,4573.0,4594.81,52072.273
2025-08-28 08:00:00+00:00,4594.81,4633.12,4592.72,4617.26,151218.829
2025-08-28 08:15:00+00:00,4617.26,4620.95,4598.0,4598.98,58850.966
2025-08-28 08:30:00+00:00,4598.99,4611.85,4595.39,4601.43,27913.619
2025-08-28 08:45:00+00:00,4601.41,4605.8,4592.12,4602.73,24987.228
2025-08-28 09:00:00+00:00,4602.72,4603.46,4588.66,4590.76,38256.774
2025-08-28 09:15:00+00:00,4590.77,4597.68,4586.3,4596.99,22450.481
2025-08-28 09:30:00+00:00,4596.99,4597.0,4581.27,4586.97,20847.596
2025-08-28 09:45:00+00:00,4586.98,4589.55,4580.0,4584.79,35943.77
2025-08-28 10:00:00+00:00,4584.8,4599.85,4580.0,4597.51,42708.5
2025-08-28 10:15:00+00:00,4597.5,4602.35,4585.5,4602.0,27544.901
2025-08-28 10:30:00+00:00,4601.99,4611.0,4600.14,4603.0,32982.789
2025-08-28 10:45:00+00:00,4602.99,4608.56,4597.1,4608.55,17586.049
2025-08-28 11:00:00+00:00,4608.56,4608.76,4587.02,4587.12,28112.108
2025-08-28 11:15:00+00:00,4587.12,4598.59,4585.51,4596.86,17806.236
2025-08-28 11:30:00+00:00,4596.85,4601.56,4587.58,4589.64,19328.381
2025-08-28 11:45:00+00:00,4589.64,4592.98,4581.45,4592.72,25640.816
2025-08-28 12:00:00+00:00,4592.72,4594.91,4583.86,4585.99,20134.397
2025-08-28 12:15:00+00:00,4585.98,4590.13,4572.64,4582.51,46129.123
2025-08-28 12:30:00+00:00,4582.52,4612.31,4578.79,4608.99,104369.087
2025-08-28 12:45:00+00:00,4609.0,4612.0,4594.98,4597.41,39292.908
2025-08-28 13:00:00+00:00,4597.4,4602.62,4592.04,4595.8,27553.619
2025-08-28 13:15:00+00:00,4595.8,4612.93,4591.0,4595.68,33353.927
2025-08-28 13:30:00+00:00,4595.68,4608.97,4581.67,4588.88,60747.721
2025-08-28 13:45:00+00:00,4588.89,4591.35,4560.42,4572.84,142256.959
2025-08-28 14:00:00+00:00,4572.85,4589.99,4564.15,4580.29,71242.403
2025-08-28 14:15:00+00:00,4580.29,4589.13,4550.01,4552.81,88997.145
2025-08-28 14:30:00+00:00,4552.82,4575.73,4541.01,4564.6,90464.394
2025-08-28 14:45:00+00:00,4564.6,4581.43,4562.34,4565.29,48556.286
2025-08-28 15:00:00+00:00,4565.29,4571.81,4544.0,4548.41,45900.259
2025-08-28 15:15:00+00:00,4548.4,4561.9,4511.23,4514.48,159541.612
2025-08-28 15:30:00+00:00,4514.47,4530.24,4513.69,4516.58,63748.239
2025-08-28 15:45:00+00:00,4516.57,4516.84,4482.01,4502.04,180702.244
2025-08-28 16:00:00+00:00,4502.04,4519.99,4497.2,4519.74,73884.713
2025-08-28 16:15:00+00:00,4519.75,4528.77,4506.37,4520.45,75033.092
2025-08-28 16:30:00+00:00,4520.44,4522.0,4507.35,4517.0,26130.908
2025-08-28 16:45:00+00:00,4516.99,4517.83,4456.01,4463.14,144242.551
2025-08-28 17:00:00+00:00,4463.14,4479.55,4461.05,4473.28,85387.428
2025-08-28 17:15:00+00:00,4473.28,4490.0,4464.56,4487.25,69518.093
2025-08-28 17:30:00+00:00,4487.25,4494.5,4469.81,4491.33,53211.794
2025-08-28 17:45:00+00:00,4491.34,4495.98,4481.0,4488.01,48247.205
2025-08-28 18:00:00+00:00,4488.0,4490.72,4471.7,4478.99,40891.326
2025-08-28 18:15:00+00:00,4478.99,4503.95,4472.5,4501.78,47309.472
2025-08-28 18:30:00+00:00,4501.79,4506.39,4490.34,4490.34,29936.837
2025-08-28 18:45:00+00:00,4490.34,4495.0,4478.18,4478.91,38743.761
2025-08-28 19:00:00+00:00,4478.9,4491.08,4473.69,4477.24,27498.319
2025-08-28 19:15:00+00:00,4477.24,4478.44,4462.61,4478.29,44941.499
2025-08-28 19:30:00+00:00,4478.28,4481.14,4450.01,4455.66,63988.624
2025-08-28 19:45:00+00:00,4455.67,4465.43,4432.5,4436.18,100982.611
2025-08-28 20:00:00+00:00,4436.18,4459.72,4425.0,4457.81,89194.235
2025-08-28 20:15:00+00:00,4457.8,4467.88,4454.41,4459.92,36484.042
2025-08-28 20:30:00+00:00,4459.92,4468.78,4452.16,4463.4,31499.726
2025-08-28 20:45:00+00:00,4463.38,4465.53,4452.0,4457.33,25977.808
2025-08-28 21:00:00+00:00,4457.33,4472.37,4455.35,4471.67,18807.47
2025-08-28 21:15:00+00:00,4471.66,4481.0,4467.92,4477.28,30920.858
2025-08-28 21:30:00+00:00,4477.27,4487.95,4473.13,4474.83,24848.293
2025-08-28 21:45:00+00:00,4474.83,4490.0,4474.01,4486.03,16374.146
2025-08-28 22:00:00+00:00,4486.02,4503.8,4486.02,4498.01,40143.39
2025-08-28 22:15:00+00:00,4498.01,4508.22,4495.0,4504.13,22564.764
2025-08-28 22:30:00+00:00,4504.14,4513.71,4500.87,4502.48,27138.123
2025-08-28 22:45:00+00:00,4502.49,4510.46,4500.42,4504.22,16831.559
2025-08-28 23:00:00+00:00,4504.21,4510.99,4496.28,4500.0,24734.676
2025-08-28 23:15:00+00:00,4500.0,4508.7,4493.36,4498.83,16361.411
2025-08-28 23:30:00+00:00,4498.82,4503.07,4491.01,4500.22,18508.089
2025-08-28 23:45:00+00:00,4500.22,4512.88,4495.97,4509.1,26223.269
2025-08-29 00:00:00+00:00,4509.1,4514.66,4494.01,4494.34,29410.564
2025-08-29 00:15:00+00:00,4494.35,4511.66,4487.36,4507.72,32774.075
2025-08-29 00:30:00+00:00,4507.71,4509.35,4481.1,4483.31,32816.24
2025-08-29 00:45:00+00:00,4483.32,4483.96,4467.14,4480.1,44570.901
2025-08-29 01:00:00+00:00,4480.11,4489.01,4459.62,4466.85,64865.42
2025-08-29 01:15:00+00:00,4466.84,4467.76,4432.09,4448.0,99666.813
2025-08-29 01:30:00+00:00,4447.99,4468.09,4446.35,4464.49,44480.794
2025-08-29 01:45:00+00:00,4464.49,4467.54,4453.84,4454.39,26654.935
2025-08-29 02:00:00+00:00,4454.4,4493.15,4448.16,4486.51,64803.883
2025-08-29 02:15:00+00:00,4486.52,4487.87,4473.06,4476.25,29956.011
2025-08-29 02:30:00+00:00,4476.26,4477.5,4462.78,4470.7,23023.107
2025-08-29 02:45:00+00:00,4470.71,4482.53,4468.69,4478.54,20280.291
2025-08-29 03:00:00+00:00,4478.54,4485.62,4465.2,4474.49,27292.822
2025-08-29 03:15:00+00:00,4474.49,4483.61,4472.13,4483.48,17584.111
2025-08-29 03:30:00+00:00,4483.48,4502.25,4479.01,4494.34,46577.745
2025-08-29 03:45:00+00:00,4494.33,4502.94,4487.5,4487.57,25440.633
2025-08-29 04:00:00+00:00,4487.56,4493.26,4480.57,4483.83,18149.167
2025-08-29 04:15:00+00:00,4483.84,4495.7,4482.13,4492.11,12653.373
2025-08-29 04:30:00+00:00,4492.12,4492.34,4481.57,4485.6,11403.08
2025-08-29 04:45:00+00:00,4485.59,4485.71,4467.59,4475.35,34086.701
2025-08-29 05:00:00+00:00,4475.35,4478.92,4465.59,4475.31,15992.403
2025-08-29 05:15:00+00:00,4475.32,4475.63,4460.42,4469.67,35517.797
2025-08-29 05:30:00+00:00,4469.67,4476.71,4467.1,4473.05,12282.495
2025-08-29 05:45:00+00:00,4473.05,4482.19,4462.99,4478.04,19950.561
2025-08-29 06:00:00+00:00,4478.03,4485.56,4463.78,4463.79,24855.107
2025-08-29 06:15:00+00:00,4463.79,4464.18,4450.2,4451.33,24751.115
2025-08-29 06:30:00+00:00,4451.32,4473.99,4435.0,4471.78,55529.862
2025-08-29 06:45:00+00:00,4471.77,4472.0,4452.0,4454.11,27557.697
2025-08-29 07:00:00+00:00,4454.12,4454.12,4387.0,4391.86,221230.688
2025-08-29 07:15:00+00:00,4391.87,4399.81,4372.0,4381.8,157757.964
2025-08-29 07:30:00+00:00,4381.81,4397.72,4380.06,4380.9,79445.857
2025-08-29 07:45:00+00:00,4380.87,4392.63,4365.1,4379.03,73397.175
2025-08-29 08:00:00+00:00,4379.03,4396.55,4370.03,4372.0,71468.346
2025-08-29 08:15:00+00:00,4371.99,4377.17,4354.47,4357.42,105915.104
2025-08-29 08:30:00+00:00,4357.42,4370.96,4345.2,4354.49,96102.271
2025-08-29 08:45:00+00:00,4354.49,4362.35,4326.53,4332.51,109739.615
2025-08-29 09:00:00+00:00,4332.51,4335.0,4316.2,4325.88,128601.683
2025-08-29 09:15:00+00:00,4325.88,4342.97,4322.69,4338.84,85108.082
2025-08-29 09:30:00+00:00,4338.84,4339.89,4323.04,4328.03,47908.402
2025-08-29 09:45:00+00:00,4328.04,4339.0,4325.73,4335.38,37591.275
2025-08-29 10:00:00+00:00,4335.38,4353.63,4331.7,4347.95,80104.373
2025-08-29 10:15:00+00:00,4347.96,4359.9,4344.01,4356.29,45802.71
2025-08-29 10:30:00+00:00,4356.29,4356.65,4347.21,4350.83,24333.536
2025-08-29 10:45:00+00:00,4350.84,4353.59,4333.04,4344.51,52070.733
2025-08-29 11:00:00+00:00,4344.51,4356.93,4331.32,4354.32,44288.724
2025-08-29 11:15:00+00:00,4354.31,4354.65,4336.13,4339.93,27414.777
2025-08-29 11:30:00+00:00,4339.93,4343.47,4333.22,4335.56,30465.188
2025-08-29 11:45:00+00:00,4335.56,4347.64,4335.56,4344.43,21453.405
2025-08-29 12:00:00+00:00,4344.43,4365.6,4344.43,4365.2,45785.4
2025-08-29 12:15:00+00:00,4365.2,4370.45,4355.5,4366.03,51172.805
2025-08-29 12:30:00+00:00,4366.02,4456.24,4365.31,4390.26,435337.801
2025-08-29 12:45:00+00:00,4390.26,4416.48,4385.25,4405.29,87268.893
2025-08-29 13:00:00+00:00,4405.29,4410.9,4388.33,4398.77,53875.818
2025-08-29 13:15:00+00:00,4398.78,4401.27,4385.33,4390.35,52500.105
2025-08-29 13:30:00+00:00,4390.35,4392.86,4333.88,4345.52,221921.124
2025-08-29 13:45:00+00:00,4345.52,4346.44,4312.59,4329.67,201394.668
2025-08-29 14:00:00+00:00,4329.67,4354.91,4264.29,4286.06,388749.776
2025-08-29 14:15:00+00:00,4286.05,4309.34,4267.07,4294.92,190860.447
2025-08-29 14:30:00+00:00,4294.92,4321.35,4281.12,4309.51,117398.354
2025-08-29 14:45:00+00:00,4309.51,4321.97,4271.73,4280.53,145866.697
2025-08-29 15:00:00+00:00,4280.53,4327.49,4279.96,4322.0,111635.015
2025-08-29 15:15:00+00:00,4321.99,4347.03,4314.62,4317.55,141200.465
2025-08-29 15:30:00+00:00,4317.55,4333.74,4305.6,4332.6,82860.543
2025-08-29 15:45:00+00:00,4332.61,4340.73,4306.2,4313.87,81391.619
2025-08-29 16:00:00+00:00,4313.88,4338.86,4293.6,4338.35,130423.517
2025-08-29 16:15:00+00:00,4338.35,4353.1,4324.22,4331.59,71489.605
2025-08-29 16:30:00+00:00,4331.59,4342.21,4327.27,4328.68,38475.197
2025-08-29 16:45:00+00:00,4328.68,4334.75,4313.36,4334.02,39795.799
2025-08-29 17:00:00+00:00,4334.01,4336.7,4313.05,4316.45,47966.066
2025-08-29 17:15:00+00:00,4316.46,4350.77,4312.22,4340.76,57644.066
2025-08-29 17:30:00+00:00,4340.76,4356.65,4332.76,4343.22,45605.278
2025-08-29 17:45:00+00:00,4343.23,4349.0,4328.16,4330.36,27624.757
2025-08-29 18:00:00+00:00,4330.36,4339.35,4321.45,4326.99,31447.104
2025-08-29 18:15:00+00:00,4326.99,4329.96,4304.14,4312.68,61748.915
2025-08-29 18:30:00+00:00,4312.68,4320.27,4306.15,4310.44,33036.038
2025-08-29 18:45:00+00:00,4310.43,4318.0,4305.23,4313.69,25679.07
2025-08-29 19:00:00+00:00,4313.69,4347.43,4304.42,4341.84,68206.413
2025-08-29 19:15:00+00:00,4341.85,4359.0,4340.78,4350.88,44812.636
2025-08-29 19:30:00+00:00,4350.88,4360.0,4336.0,4347.66,34672.932
2025-08-29 19:45:00+00:00,4347.66,4365.27,4336.16,4338.78,53027.858
2025-08-29 20:00:00+00:00,4338.79,4346.45,4320.47,4332.8,49695.458
2025-08-29 20:15:00+00:00,4332.81,4345.22,4325.73,4338.98,28646.504
2025-08-29 20:30:00+00:00,4338.98,4343.0,4323.74,4327.85,29825.962
2025-08-29 20:45:00+00:00,4327.86,4336.38,4310.73,4320.15,46982.848
2025-08-29 21:00:00+00:00,4320.16,4334.6,4302.9,4334.45,53600.673
2025-08-29 21:15:00+00:00,4334.45,4339.41,4322.5,4337.97,21851.383
2025-08-29 21:30:00+00:00,4337.98,4378.5,4337.98,4374.22,110752.704
2025-08-29 21:45:00+00:00,4374.22,4375.8,4355.11,4363.21,41631.822
2025-08-29 22:00:00+00:00,4363.21,4365.56,4343.15,4344.98,34706.031
2025-08-29 22:15:00+00:00,4344.98,4362.22,4344.98,4360.3,22168.903
2025-08-29 22:30:00+00:00,4360.3,4365.56,4347.4,4349.24,13296.757
2025-08-29 22:45:00+00:00,4349.24,4364.79,4346.06,4364.24,13218.492
2025-08-29 23:00:00+00:00,4364.24,4368.72,4355.71,4361.52,22951.622
2025-08-29 23:15:00+00:00,4361.52,4371.23,4357.99,4362.71,12034.464
2025-08-29 23:30:00+00:00,4362.71,4372.74,4361.13,4372.52,10941.875
2025-08-29 23:45:00+00:00,4372.52,4372.52,4355.64,4358.65,13346.221
2025-08-30 00:00:00+00:00,4358.65,4359.0,4346.0,4346.71,28848.208
2025-08-30 00:15:00+00:00,4346.71,4361.07,4343.0,4347.7,24198.076
2025-08-30 00:30:00+00:00,4347.7,4348.56,4327.13,4330.19,59823.617
2025-08-30 00:45:00+00:00,4330.2,4341.38,4329.38,4341.37,17743.053
2025-08-30 01:00:00+00:00,4341.38,4347.15,4336.08,4342.73,12866.185
2025-08-30 01:15:00+00:00,4342.72,4342.85,4320.71,4324.18,25179.739
2025-08-30 01:30:00+00:00,4324.17,4330.74,4317.85,4319.34,17906.111
2025-08-30 01:45:00+00:00,4319.33,4320.0,4255.0,4262.93,267378.618
2025-08-30 02:00:00+00:00,4262.93,4302.31,4254.97,4301.98,127676.901
2025-08-30 02:15:00+00:00,4301.97,4311.3,4296.5,4307.21,76665.278
2025-08-30 02:30:00+00:00,4307.2,4314.92,4304.23,4308.5,40381.693
2025-08-30 02:45:00+00:00,4308.5,4313.34,4300.81,4302.49,34253.659
2025-08-30 03:00:00+00:00,4302.49,4326.35,4301.43,4322.1,52936.333
2025-08-30 03:15:00+00:00,4322.11,4381.97,4322.11,4357.19,157773.735
2025-08-30 03:30:00+00:00,4357.19,4371.85,4351.24,4353.73,41652.523
2025-08-30 03:45:00+00:00,4353.73,4361.78,4350.07,4350.85,34206.934
2025-08-30 04:00:00+00:00,4350.86,4361.31,4348.56,4356.03,21352.538
2025-08-30 04:15:00+00:00,4356.03,4366.54,4354.59,4365.69,20421.881
2025-08-30 04:30:00+00:00,4365.69,4366.68,4353.35,4355.25,21025.149
2025-08-30 04:45:00+00:00,4355.24,4359.21,4349.85,4350.85,16442.562
2025-08-30 05:00:00+00:00,4350.84,4371.14,4345.07,4362.4,36461.663
2025-08-30 05:15:00+00:00,4362.39,4376.49,4361.89,4372.79,31452.023
2025-08-30 05:30:00+00:00,4372.78,4401.26,4370.68,4393.46,83783.72
2025-08-30 05:45:00+00:00,4393.46,4398.58,4373.38,4377.71,63200.334
2025-08-30 06:00:00+00:00,4377.71,4390.49,4373.36,4374.75,38324.72
2025-08-30 06:15:00+00:00,4374.75,4390.0,4372.0,4388.45,29390.587
2025-08-30 06:30:00+00:00,4388.46,4395.94,4383.15,4394.0,24633.913
2025-08-30 06:45:00+00:00,4394.0,4402.65,4387.84,4394.15,38912.122
2025-08-30 07:00:00+00:00,4394.16,4401.99,4390.0,4397.07,32719.673
2025-08-30 07:15:00+00:00,4397.07,4399.75,4386.73,4393.18,26018.164
2025-08-30 07:30:00+00:00,4393.18,4407.8,4388.01,4406.09,31140.304
2025-08-30 07:45:00+00:00,4406.09,4414.45,4396.84,4399.8,36148.29
2025-08-30 08:00:00+00:00,4399.8,4404.75,4390.81,4394.0,24821.411
2025-08-30 08:15:00+00:00,4394.0,4398.63,4388.7,4392.08,24011.376
2025-08-30 08:30:00+00:00,4392.08,4396.01,4383.01,4392.26,29629.261
2025-08-30 08:45:00+00:00,4392.25,4399.9,4385.55,4393.34,21587.364
2025-08-30 09:00:00+00:00,4393.33,4393.33,4385.42,4385.99,18301.14
2025-08-30 09:15:00+00:00,4385.99,4392.14,4382.41,4382.49,13347.83
2025-08-30 09:30:00+00:00,4382.49,4388.0,4376.24,4383.65,29664.363
2025-08-30 09:45:00+00:00,4383.65,4395.55,4381.01,4389.75,14398.458
2025-08-30 10:00:00+00:00,4389.75,4400.0,4385.58,4392.65,17136.67
2025-08-30 10:15:00+00:00,4392.64,4406.03,4392.64,4398.4,27089.789
2025-08-30 10:30:00+00:00,4398.39,4399.82,4383.0,4385.2,17326.123
2025-08-30 10:45:00+00:00,4385.21,4392.1,4382.3,4390.62,13484.184
2025-08-30 11:00:00+00:00,4390.62,4400.26,4385.4,4395.38,16275.448
2025-08-30 11:15:00+00:00,4395.39,4395.39,4388.69,4391.96,6439.143
2025-08-30 11:30:00+00:00,4391.96,4395.0,4381.35,4385.6,17180.674
2025-08-30 11:45:00+00:00,4385.61,4392.88,4385.11,4389.93,12941.954
2025-08-30 12:00:00+00:00,4389.93,4391.87,4376.89,4382.71,19541.963
2025-08-30 12:15:00+00:00,4382.71,4383.74,4363.4,4371.3,42199.721
2025-08-30 12:30:00+00:00,4371.29,4371.99,4346.22,4354.18,79266.098
2025-08-30 12:45:00+00:00,4354.19,4368.78,4353.0,4365.68,33765.273
2025-08-30 13:00:00+00:00,4365.68,4365.69,4336.05,4342.39,73627.436
2025-08-30 13:15:00+00:00,4342.39,4354.23,4337.19,4348.23,31488.059
2025-08-30 13:30:00+00:00,4348.23,4362.75,4339.22,4341.23,47432.988
2025-08-30 13:45:00+00:00,4341.22,4359.0,4329.45,4356.57,56486.143
2025-08-30 14:00:00+00:00,4356.57,4361.07,4343.72,4343.72,21403.976
2025-08-30 14:15:00+00:00,4343.72,4353.51,4336.25,4353.2,25717.667
2025-08-30 14:30:00+00:00,4353.19,4360.11,4346.25,4355.73,22363.639
2025-08-30 14:45:00+00:00,4355.74,4367.92,4355.73,4361.49,38396.716
2025-08-30 15:00:00+00:00,4361.5,4365.68,4354.24,4362.16,18227.201
2025-08-30 15:15:00+00:00,4362.15,4376.0,4362.15,4369.65,37694.661
2025-08-30 15:30:00+00:00,4369.65,4376.51,4362.79,4375.41,23813.419
2025-08-30 15:45:00+00:00,4375.41,4381.36,4367.78,4373.71,30562.817
2025-08-30 16:00:00+00:00,4373.71,4373.71,4359.6,4360.59,23261.594
2025-08-30 16:15:00+00:00,4360.6,4366.66,4356.65,4360.34,19791.287
2025-08-30 16:30:00+00:00,4360.34,4369.78,4357.41,4366.15,15077.582
2025-08-30 16:45:00+00:00,4366.15,4370.78,4358.72,4359.99,12396.286
2025-08-30 17:00:00+00:00,4360.0,4371.5,4357.18,4369.07,17257.155
2025-08-30 17:15:00+00:00,4369.07,4370.0,4361.95,4362.87,10252.684
2025-08-30 17:30:00+00:00,4362.87,4366.49,4350.38,4353.43,21621.02
2025-08-30 17:45:00+00:00,4353.44,4361.42,4345.0,4360.01,25350.292
2025-08-30 18:00:00+00:00,4360.0,4364.92,4354.37,4356.57,16971.84
2025-08-30 18:15:00+00:00,4356.57,4357.0,4345.65,4350.71,20011.297
2025-08-30 18:30:00+00:00,4350.71,4352.87,4343.72,4347.94,14066.006
2025-08-30 18:45:00+00:00,4347.94,4356.8,4347.33,4348.47,11856.989
2025-08-30 19:00:00+00:00,4348.48,4352.0,4339.01,4344.28,15038.913
2025-08-30 19:15:00+00:00,4344.28,4348.17,4333.0,4345.98,23499.094
2025-08-30 19:30:00+00:00,4345.98,4352.72,4339.99,4352.72,11796.696
2025-08-30 19:45:00+00:00,4352.71,4353.19,4344.48,4352.33,7896.991
2025-08-30 20:00:00+00:00,4352.32,4352.8,4337.44,4342.04,12378.164
2025-08-30 20:15:00+00:00,4342.03,4348.0,4336.13,4347.33,10840.336
2025-08-30 20:30:00+00:00,4347.33,4347.56,4332.0,4341.39,16303.585
2025-08-30 20:45:00+00:00,4341.39,4342.91,4336.54,4342.0,7485.909
2025-08-30 21:00:00+00:00,4342.0,4353.8,4338.1,4352.19,11667.191
2025-08-30 21:15:00+00:00,4352.19,4352.2,4339.46,4344.52,13531.307
2025-08-30 21:30:00+00:00,4344.51,4345.9,4337.28,4343.31,5901.107
2025-08-30 21:45:00+00:00,4343.3,4349.09,4342.05,4344.98,5150.197
2025-08-30 22:00:00+00:00,4344.99,4348.08,4338.19,4339.94,9743.151
2025-08-30 22:15:00+00:00,4339.94,4351.62,4339.0,4350.95,6406.793
2025-08-30 22:30:00+00:00,4350.95,4358.0,4347.42,4356.01,9627.906
2025-08-30 22:45:00+00:00,4356.01,4358.37,4351.96,4356.2,10454.904
2025-08-30 23:00:00+00:00,4356.21,4368.68,4355.19,4366.14,24138.516
2025-08-30 23:15:00+00:00,4366.14,4376.6,4362.99,4371.91,25695.193
2025-08-30 23:30:00+00:00,4371.91,4374.35,4366.64,4371.0,22852.638
2025-08-30 23:45:00+00:00,4371.0,4373.86,4366.48,4372.0,7851.098
2025-08-31 00:00:00+00:00,4372.0,4383.07,4370.33,4380.42,21393.916
2025-08-31 00:15:00+00:00,4380.43,4383.96,4373.56,4382.49,14077.286
2025-08-31 00:30:00+00:00,4382.5,4419.0,4379.52,4415.68,104984.169
2025-08-31 00:45:00+00:00,4415.67,4469.0,4415.0,4465.37,189514.739
2025-08-31 01:00:00+00:00,4465.39,4468.0,4442.3,4443.83,61626.271
2025-08-31 01:15:00+00:00,4443.83,4449.63,4433.21,4440.73,47480.749
2025-08-31 01:30:00+00:00,4440.72,4454.94,4437.14,4448.36,34632.964
2025-08-31 01:45:00+00:00,4448.36,4458.0,4445.68,4454.36,28329.98
2025-08-31 02:00:00+00:00,4454.35,4460.97,4445.0,4445.67,25435.113
2025-08-31 02:15:00+00:00,4445.66,4454.64,4443.92,4453.57,17359.523
2025-08-31 02:30:00+00:00,4453.56,4453.56,4445.68,4445.69,13498.019
2025-08-31 02:45:00+00:00,4445.68,4451.18,4445.64,4448.21,12375.882
2025-08-31 03:00:00+00:00,4448.2,4461.31,4447.25,4455.08,29262.921
2025-08-31 03:15:00+00:00,4455.08,4462.78,4450.0,4451.99,31091.975
2025-08-31 03:30:00+00:00,4451.99,4467.0,4447.83,4461.05,54242.908
2025-08-31 03:45:00+00:00,4461.04,4488.36,4461.04,4485.72,73508.437
2025-08-31 04:00:00+00:00,4485.75,4489.85,4471.11,4477.99,45969.073
2025-08-31 04:15:00+00:00,4477.99,4477.99,4459.0,4459.88,40104.312
2025-08-31 04:30:00+00:00,4459.88,4472.07,4456.97,4461.61,32878.614
2025-08-31 04:45:00+00:00,4461.61,4469.89,4456.25,4463.01,24711.905
2025-08-31 05:00:00+00:00,4463.02,4463.02,4452.46,4455.12,26999.521
2025-08-31 05:15:00+00:00,4455.13,4457.48,4446.36,4448.0,24770.173
2025-08-31 05:30:00+00:00,4448.0,4458.03,4447.58,4453.05,22008.831
2025-08-31 05:45:00+00:00,4453.05,4459.47,4447.91,4457.49,19520.571
2025-08-31 06:00:00+00:00,4457.5,4459.64,4449.99,4453.68,12066.201
2025-08-31 06:15:00+00:00,4453.68,4453.76,4440.24,4441.25,28437.647
2025-08-31 06:30:00+00:00,4441.25,4447.12,4437.15,4441.15,29556.204
2025-08-31 06:45:00+00:00,4441.14,4442.84,4431.08,4432.77,41761.414
2025-08-31 07:00:00+00:00,4432.77,4448.29,4431.2,4444.31,29671.186
2025-08-31 07:15:00+00:00,4444.31,4447.93,4440.11,4447.51,11391.089
2025-08-31 07:30:00+00:00,4447.51,4456.71,4446.16,4453.01,22305.884
2025-08-31 07:45:00+00:00,4453.0,4454.67,4448.11,4448.77,12259.885
2025-08-31 08:00:00+00:00,4448.77,4461.53,4448.77,4457.77,23377.393
2025-08-31 08:15:00+00:00,4457.77,4467.29,4455.31,4459.26,29468.88
2025-08-31 08:30:00+00:00,4459.26,4470.98,4454.52,4470.91,24474.688
2025-08-31 08:45:00+00:00,4470.9,4471.77,4461.49,4469.57,22559.025
2025-08-31 09:00:00+00:00,4469.58,4471.4,4463.44,4470.19,18407.441
2025-08-31 09:15:00+00:00,4470.19,4478.93,4464.0,4469.53,30771.112
2025-08-31 09:30:00+00:00,4469.52,4476.27,4466.01,4469.91,28259.015
2025-08-31 09:45:00+00:00,4469.91,4473.48,4457.62,4462.31,39184.292
2025-08-31 10:00:00+00:00,4462.31,4468.5,4447.52,4450.42,41528.332
2025-08-31 10:15:00+00:00,4450.41,4457.2,4447.33,4456.69,27054.901
2025-08-31 10:30:00+00:00,4456.7,4462.81,4448.41,4450.9,22895.117
2025-08-31 10:45:00+00:00,4450.91,4456.98,4446.52,4453.36,20137.296
2025-08-31 11:00:00+00:00,4453.37,4454.68,4442.5,4443.51,21969.305
2025-08-31 11:15:00+00:00,4443.52,4473.26,4438.0,4471.99,46762.654
2025-08-31 11:30:00+00:00,4471.98,4476.09,4461.2,4468.41,31188.15
2025-08-31 11:45:00+00:00,4468.42,4482.46,4467.47,4474.53,36502.957
2025-08-31 12:00:00+00:00,4474.54,4475.73,4466.04,4471.21,27447.775
2025-08-31 12:15:00+00:00,4471.22,4479.45,4467.89,4476.99,23645.343
2025-08-31 12:30:00+00:00,4476.98,4480.0,4465.93,4469.06,23830.514
2025-08-31 12:45:00+00:00,4469.05,4498.0,4461.5,4487.64,55234.873
2025-08-31 13:00:00+00:00,4487.64,4497.13,4472.74,4477.36,61162.919
2025-08-31 13:15:00+00:00,4477.36,4492.8,4470.86,4471.42,42289.441
2025-08-31 13:30:00+00:00,4471.41,4473.98,4462.5,4472.43,31006.389
2025-08-31 13:45:00+00:00,4472.42,4476.68,4462.55,4468.81,22603.096
2025-08-31 14:00:00+00:00,4468.8,4472.36,4448.0,4456.28,58125.692
2025-08-31 14:15:00+00:00,4456.27,4466.66,4452.01,4461.51,31569.394
2025-08-31 14:30:00+00:00,4461.5,4468.29,4457.6,4459.42,17559.809
2025-08-31 14:45:00+00:00,4459.42,4460.79,4452.0,4457.0,15739.879
2025-08-31 15:00:00+00:00,4457.0,4481.27,4455.29,4472.5,53569.852
2025-08-31 15:15:00+00:00,4472.5,4476.24,4467.08,4470.61,23394.007
2025-08-31 15:30:00+00:00,4470.62,4487.28,4461.31,4484.11,39090.689
2025-08-31 15:45:00+00:00,4484.11,4488.96,4480.47,4482.47,33804.233
2025-08-31 16:00:00+00:00,4482.48,4485.01,4472.18,4474.01,47859.175
2025-08-31 16:15:00+00:00,4474.0,4474.01,4461.0,4466.18,30165.479
2025-08-31 16:30:00+00:00,4466.18,4469.04,4457.75,4468.12,23148.888
2025-08-31 16:45:00+00:00,4468.13,4474.16,4463.29,4468.78,23389.724
2025-08-31 17:00:00+00:00,4468.79,4479.83,4466.11,4479.83,14394.893
2025-08-31 17:15:00+00:00,4479.83,4486.16,4471.84,4480.91,30735.572
2025-08-31 17:30:00+00:00,4480.91,4485.75,4475.44,4481.62,21470.29
2025-08-31 17:45:00+00:00,4481.62,4484.99,4474.5,4474.82,10877.293
2025-08-31 18:00:00+00:00,4474.85,4482.0,4470.43,4481.25,13557.422
2025-08-31 18:15:00+00:00,4481.25,4486.76,4475.53,4476.15,17988.346
2025-08-31 18:30:00+00:00,4476.15,4485.29,4475.61,4479.5,12389.792
2025-08-31 18:45:00+00:00,4479.5,4489.0,4479.0,4487.21,13660.997
2025-08-31 19:00:00+00:00,4487.2,4488.13,4471.09,4472.09,18534.157
2025-08-31 19:15:00+00:00,4472.09,4476.0,4466.85,4466.97,16575.546
2025-08-31 19:30:00+00:00,4466.97,4477.51,4466.43,4474.16,12467.536
2025-08-31 19:45:00+00:00,4474.17,4474.17,4451.42,4453.25,39186.815
2025-08-31 20:00:00+00:00,4453.24,4459.99,4441.7,4458.26,49232.687
2025-08-31 20:15:00+00:00,4458.26,4460.0,4448.52,4456.58,16807.421
2025-08-31 20:30:00+00:00,4456.58,4460.0,4447.06,4450.94,12062.963
2025-08-31 20:45:00+00:00,4450.94,4455.9,4449.0,4452.86,7894.983
2025-08-31 21:00:00+00:00,4452.86,4464.04,4447.61,4463.64,13643.5
2025-08-31 21:15:00+00:00,4463.64,4463.72,4456.25,4459.01,13345.794
2025-08-31 21:30:00+00:00,4459.01,4475.91,4457.47,4473.9,18341.121
2025-08-31 21:45:00+00:00,4473.9,4473.9,4463.88,4468.01,8429.073
2025-08-31 22:00:00+00:00,4468.01,4470.0,4449.72,4464.7,30531.611
2025-08-31 22:15:00+00:00,4464.7,4471.88,4464.46,4465.83,12634.344
2025-08-31 22:30:00+00:00,4465.83,4466.01,4437.75,4439.89,41426.765
2025-08-31 22:45:00+00:00,4439.88,4443.99,4431.24,4442.72,54551.758
2025-08-31 23:00:00+00:00,4442.72,4442.73,4421.0,4432.11,53216.142
2025-08-31 23:15:00+00:00,4432.11,4432.12,4400.0,4405.76,117895.73
2025-08-31 23:30:00+00:00,4405.77,4405.77,4374.66,4384.88,111288.986
2025-08-31 23:45:00+00:00,4384.88,4392.42,4380.0,4389.58,40480.906
2025-09-01 00:00:00+00:00,4389.58,4394.16,4368.0,4384.5,68027.192
2025-09-01 00:15:00+00:00,4384.5,4391.78,4361.62,4372.11,72398.854
2025-09-01 00:30:00+00:00,4372.1,4399.52,4356.61,4393.52,81306.386
2025-09-01 00:45:00+00:00,4393.51,4409.06,4387.06,4393.82,61106.323
2025-09-01 01:00:00+00:00,4393.82,4405.0,4381.05,4391.4,41566.148
2025-09-01 01:15:00+00:00,4391.4,4407.98,4380.99,4405.76,36343.172
2025-09-01 01:30:00+00:00,4405.76,4423.94,4399.65,4422.81,71215.533
2025-09-01 01:45:00+00:00,4422.81,4429.91,4405.44,4414.5,45270.08
2025-09-01 02:00:00+00:00,4414.51,4417.69,4389.23,4394.93,48542.79
2025-09-01 02:15:00+00:00,4394.93,4397.61,4373.16,4390.07,59666.57
2025-09-01 02:30:00+00:00,4390.07,4391.48,4365.57,4375.99,57874.403
2025-09-01 02:45:00+00:00,4375.99,4387.48,4364.27,4385.0,50319.541
2025-09-01 03:00:00+00:00,4385.0,4396.04,4371.89,4376.34,50634.522
2025-09-01 03:15:00+00:00,4376.34,4382.0,4369.11,4381.54,30869.033
2025-09-01 03:30:00+00:00,4381.54,4389.85,4369.6,4389.85,33323.143
2025-09-01 03:45:00+00:00,4389.85,4406.84,4383.85,4401.34,52973.364
2025-09-01 04:00:00+00:00,4401.35,4409.75,4393.25,4403.33,38056.358
2025-09-01 04:15:00+00:00,4403.34,4404.65,4380.19,4386.8,36776.044
2025-09-01 04:30:00+00:00,4386.8,4386.97,4370.37,4376.86,37917.05
2025-09-01 04:45:00+00:00,4376.86,4388.32,4371.12,4383.8,23605.911
2025-09-01 05:00:00+00:00,4383.8,4390.4,4361.54,4372.39,46313.808
2025-09-01 05:15:00+00:00,4372.39,4392.66,4356.79,4390.76,56101.814
2025-09-01 05:30:00+00:00,4390.76,4404.48,4383.55,4402.55,38355.821
2025-09-01 05:45:00+00:00,4402.55,4404.78,4391.77,4392.33,24945.562
2025-09-01 06:00:00+00:00,4392.33,4395.0,4372.24,4386.7,30955.987
2025-09-01 06:15:00+00:00,4386.71,4400.85,4378.75,4394.45,27598.522
2025-09-01 06:30:00+00:00,4394.45,4406.84,4392.02,4403.63,26664.346
2025-09-01 06:45:00+00:00,4403.63,4407.14,4394.43,4395.32,20743.838
2025-09-01 07:00:00+00:00,4395.31,4400.9,4378.19,4378.8,28444.715
2025-09-01 07:15:00+00:00,4378.81,4424.64,4378.11,4419.1,70332.739
2025-09-01 07:30:00+00:00,4419.1,4435.83,4412.0,4420.2,91263.463
2025-09-01 07:45:00+00:00,4420.21,4462.47,4419.43,4461.11,143107.297
2025-09-01 08:00:00+00:00,4461.1,4490.0,4460.71,4472.49,189476.254
2025-09-01 08:15:00+00:00,4472.49,4478.79,4463.73,4465.83,66617.506
2025-09-01 08:30:00+00:00,4465.82,4474.28,4464.21,4469.95,40368.105
2025-09-01 08:45:00+00:00,4469.94,4481.93,4466.25,4474.08,30443.043
2025-09-01 09:00:00+00:00,4474.06,4480.87,4469.04,4479.99,30499.791
2025-09-01 09:15:00+00:00,4480.0,4480.9,4473.4,4474.32,18141.341
2025-09-01 09:30:00+00:00,4474.31,4480.06,4455.72,4459.8,53335.028
2025-09-01 09:45:00+00:00,4459.81,4460.0,4436.0,4439.16,77679.569
2025-09-01 10:00:00+00:00,4439.16,4442.5,4423.0,4440.99,73127.83
2025-09-01 10:15:00+00:00,4441.0,4443.0,4427.15,4429.3,32537.466
2025-09-01 10:30:00+00:00,4429.3,4429.49,4390.0,4399.75,134531.084
2025-09-01 10:45:00+00:00,4399.76,4407.76,4387.12,4406.39,63965.608
2025-09-01 11:00:00+00:00,4406.4,4413.92,4398.26,4400.58,49343.496
2025-09-01 11:15:00+00:00,4400.57,4406.46,4395.15,4399.16,23871.678
2025-09-01 11:30:00+00:00,4399.16,4399.63,4380.01,4380.96,58834.413
2025-09-01 11:45:00+00:00,4380.96,4398.13,4380.54,4390.87,35229.75
2025-09-01 12:00:00+00:00,4390.88,4404.65,4382.1,4397.49,50088.083
2025-09-01 12:15:00+00:00,4397.5,4410.82,4391.72,4402.79,32127.25
2025-09-01 12:30:00+00:00,4402.79,4406.94,4391.89,4395.35,27315.439
2025-09-01 12:45:00+00:00,4395.36,4404.52,4393.06,4401.25,20188.918
2025-09-01 13:00:00+00:00,4401.26,4411.35,4394.69,4406.0,36586.624
2025-09-01 13:15:00+00:00,4406.0,4422.17,4395.97,4413.5,50503.997
2025-09-01 13:30:00+00:00,4413.51,4414.0,4383.04,4384.89,65081.059
2025-09-01 13:45:00+00:00,4384.88,4389.0,4370.01,4383.72,78437.348
2025-09-01 14:00:00+00:00,4383.72,4398.88,4381.76,4395.99,34712.421
2025-09-01 14:15:00+00:00,4395.99,4401.0,4385.01,4396.34,26431.662
2025-09-01 14:30:00+00:00,4396.34,4400.1,4382.24,4389.52,27061.994
2025-09-01 14:45:00+00:00,4389.52,4401.0,4377.85,4394.4,39692.381
2025-09-01 15:00:00+00:00,4394.4,4403.91,4373.01,4381.9,51472.335
2025-09-01 15:15:00+00:00,4381.9,4388.5,4364.25,4369.05,59265.576
2025-09-01 15:30:00+00:00,4369.05,4372.97,4359.04,4365.45,62101.285
2025-09-01 15:45:00+00:00,4365.46,4372.0,4342.03,4359.69,112149.362
2025-09-01 16:00:00+00:00,4359.68,4365.35,4346.04,4363.33,54854.722
2025-09-01 16:15:00+00:00,4363.32,4369.78,4351.75,4359.03,32051.963
2025-09-01 16:30:00+00:00,4359.04,4365.95,4350.0,4360.34,23853.784
2025-09-01 16:45:00+00:00,4360.34,4365.87,4344.44,4353.31,27809.871
2025-09-01 17:00:00+00:00,4353.3,4356.6,4312.47,4324.26,134409.615
2025-09-01 17:15:00+00:00,4324.26,4334.54,4307.54,4316.28,88349.063
2025-09-01 17:30:00+00:00,4316.28,4322.87,4307.25,4321.61,48039.711
2025-09-01 17:45:00+00:00,4321.61,4327.66,4313.36,4320.55,39863.39
2025-09-01 18:00:00+00:00,4320.54,4340.0,4320.15,4337.86,49194.155
2025-09-01 18:15:00+00:00,4337.87,4344.9,4333.57,4341.51,31589.624
2025-09-01 18:30:00+00:00,4341.51,4346.0,4333.04,4341.19,19530.772
2025-09-01 18:45:00+00:00,4341.19,4347.85,4340.34,4345.09,23282.468
2025-09-01 19:00:00+00:00,4345.09,4354.68,4340.94,4350.73,31837.37
2025-09-01 19:15:00+00:00,4350.74,4361.4,4348.1,4348.1,32568.071
2025-09-01 19:30:00+00:00,4348.1,4367.14,4347.24,4363.94,25740.656
2025-09-01 19:45:00+00:00,4363.93,4367.81,4356.03,4366.18,20877.81
2025-09-01 20:00:00+00:00,4366.17,4366.56,4353.49,4358.28,18783.365
2025-09-01 20:15:00+00:00,4358.28,4358.75,4342.3,4348.18,40774.862
2025-09-01 20:30:00+00:00,4348.18,4348.18,4268.37,4268.81,254562.786
2025-09-01 20:45:00+00:00,4268.82,4291.03,4258.6,4286.01,200142.592
2025-09-01 21:00:00+00:00,4286.0,4288.22,4248.9,4274.77,139697.555
2025-09-01 21:15:00+00:00,4274.78,4285.7,4266.0,4269.97,42827.94
2025-09-01 21:30:00+00:00,4269.96,4271.93,4205.49,4237.8,210904.709
2025-09-01 21:45:00+00:00,4237.79,4260.63,4225.49,4259.22,87873.717
2025-09-01 22:00:00+00:00,4259.23,4275.0,4249.45,4273.42,95253.439
2025-09-01 22:15:00+00:00,4273.41,4299.45,4269.92,4271.35,75399.758
2025-09-01 22:30:00+00:00,4271.34,4276.72,4258.0,4260.23,39415.41
2025-09-01 22:45:00+00:00,4260.23,4289.5,4258.99,4282.53,39627.441
2025-09-01 23:00:00+00:00,4282.53,4306.99,4281.58,4303.0,55425.374
2025-09-01 23:15:00+00:00,4303.0,4303.89,4286.69,4296.18,27024.999
2025-09-01 23:30:00+00:00,4296.19,4299.68,4280.65,4298.63,27573.636
2025-09-01 23:45:00+00:00,4298.63,4317.75,4297.95,4313.0,54515.23
2025-09-02 00:00:00+00:00,4313.0,4317.75,4298.9,4301.48,52836.958
2025-09-02 00:15:00+00:00,4301.51,4317.57,4300.5,4301.57,26036.865
2025-09-02 00:30:00+00:00,4301.57,4313.0,4290.66,4291.72,28671.254
2025-09-02 00:45:00+00:00,4291.73,4310.0,4289.12,4302.31,25325.828
2025-09-02 01:00:00+00:00,4302.31,4311.82,4298.15,4301.0,24217.314
2025-09-02 01:15:00+00:00,4301.0,4314.82,4291.37,4308.81,29716.379
2025-09-02 01:30:00+00:00,4308.82,4337.86,4295.0,4330.26,61983.907
2025-09-02 01:45:00+00:00,4330.26,4339.57,4320.43,4321.45,58623.278
2025-09-02 02:00:00+00:00,4321.45,4335.0,4317.35,4325.64,25166.415
2025-09-02 02:15:00+00:00,4325.63,4340.0,4313.44,4334.44,29403.463
2025-09-02 02:30:00+00:00,4334.44,4348.51,4322.79,4334.11,34714.864
2025-09-02 02:45:00+00:00,4334.12,4362.96,4331.45,4358.86,67634.804
2025-09-02 03:00:00+00:00,4358.86,4384.0,4350.69,4381.1,114855.25
2025-09-02 03:15:00+00:00,4381.09,4393.96,4367.0,4368.27,66213.266
2025-09-02 03:30:00+00:00,4368.28,4374.5,4362.08,4369.51,33513.527
2025-09-02 03:45:00+00:00,4369.51,4376.26,4363.0,4365.22,20381.836
2025-09-02 04:00:00+00:00,4365.23,4375.43,4358.97,4374.93,25931.899
2025-09-02 04:15:00+00:00,4374.92,4381.05,4372.15,4376.93,21469.72
2025-09-02 04:30:00+00:00,4376.93,4382.91,4373.99,4379.76,22076.548
2025-09-02 04:45:00+00:00,4379.77,4386.9,4375.71,4385.63,22384.335
2025-09-02 05:00:00+00:00,4385.62,4387.5,4367.45,4377.73,32542.905
2025-09-02 05:15:00+00:00,4377.73,4384.28,4375.0,4378.9,17268.88
2025-09-02 05:30:00+00:00,4378.9,4385.65,4376.89,4381.74,19956.624
2025-09-02 05:45:00+00:00,4381.74,4387.48,4380.48,4382.64,14134.233
2025-09-02 06:00:00+00:00,4382.63,4399.99,4379.6,4393.05,46002.632
2025-09-02 06:15:00+00:00,4393.04,4398.94,4389.42,4390.75,22622.009
2025-09-02 06:30:00+00:00,4390.74,4414.73,4387.21,4406.21,64908.033
2025-09-02 06:45:00+00:00,4406.21,4413.82,4400.59,4410.38,39349.288
2025-09-02 07:00:00+00:00,4410.38,4411.96,4391.26,4391.84,42413.588
2025-09-02 07:15:00+00:00,4391.85,4401.28,4385.22,4394.64,42222.815
2025-09-02 07:30:00+00:00,4394.65,4400.81,4380.65,4384.0,46921.114
2025-09-02 07:45:00+00:00,4384.0,4388.82,4366.1,4375.44,82465.868
2025-09-02 08:00:00+00:00,4375.44,4384.15,4366.79,4369.35,40415.979
2025-09-02 08:15:00+00:00,4369.36,4395.0,4367.1,4394.04,42721.194
2025-09-02 08:30:00+00:00,4394.04,4407.06,4385.61,4401.31,41195.479
2025-09-02 08:45:00+00:00,4401.31,4404.25,4389.87,4389.99,29308.715
2025-09-02 09:00:00+00:00,4389.99,4403.5,4384.0,4399.8,29420.425
2025-09-02 09:15:00+00:00,4399.81,4406.22,4388.84,4390.89,35962.649
2025-09-02 09:30:00+00:00,4390.89,4399.96,4386.88,4395.63,17444.353
2025-09-02 09:45:00+00:00,4395.62,4399.0,4391.31,4398.23,9908.507
2025-09-02 10:00:00+00:00,4398.24,4399.51,4390.53,4394.3,10821.129
2025-09-02 10:15:00+00:00,4394.31,4395.35,4381.65,4382.97,29591.148
2025-09-02 10:30:00+00:00,4382.98,4386.8,4375.95,4382.71,23176.71
2025-09-02 10:45:00+00:00,4382.71,4390.56,4380.1,4389.95,13543.424
2025-09-02 11:00:00+00:00,4389.96,4390.95,4375.16,4375.68,20296.345
2025-09-02 11:15:00+00:00,4375.68,4380.88,4367.13,4368.2,37437.048
2025-09-02 11:30:00+00:00,4368.2,4374.64,4364.0,4372.34,32659.113
2025-09-02 11:45:00+00:00,4372.34,4374.6,4339.31,4346.05,97190.138
2025-09-02 12:00:00+00:00,4346.05,4351.42,4320.2,4325.46,105081.668
2025-09-02 12:15:00+00:00,4325.47,4337.93,4320.18,4335.6,59034.213
2025-09-02 12:30:00+00:00,4335.6,4337.96,4287.73,4300.26,120999.167
2025-09-02 12:45:00+00:00,4300.27,4300.99,4268.87,4275.34,173179.924
2025-09-02 13:00:00+00:00,4275.33,4297.94,4272.65,4290.86,103508.519
2025-09-02 13:15:00+00:00,4290.86,4318.0,4285.0,4304.55,85926.053
2025-09-02 13:30:00+00:00,4304.54,4348.27,4276.61,4341.13,248069.618
2025-09-02 13:45:00+00:00,4341.14,4391.65,4337.43,4376.47,248719.43
2025-09-02 14:00:00+00:00,4376.46,4395.2,4340.14,4352.39,185785.4
2025-09-02 14:15:00+00:00,4352.38,4373.91,4331.23,4370.35,116215.28
2025-09-02 14:30:00+00:00,4370.35,4375.9,4346.5,4354.61,80854.049
2025-09-02 14:45:00+00:00,4354.62,4362.0,4333.56,4346.01,69563.519
2025-09-02 15:00:00+00:00,4346.01,4351.16,4315.58,4342.57,101058.394
2025-09-02 15:15:00+00:00,4342.56,4351.7,4321.76,4334.14,66231.142
2025-09-02 15:30:00+00:00,4334.14,4334.14,4298.11,4307.72,95794.906
2025-09-02 15:45:00+00:00,4307.7,4317.0,4281.82,4293.12,104074.941
2025-09-02 16:00:00+00:00,4293.12,4308.76,4286.08,4296.56,75891.124
2025-09-02 16:15:00+00:00,4296.55,4305.0,4275.03,4280.64,66620.355
2025-09-02 16:30:00+00:00,4280.65,4299.7,4279.65,4291.9,48286.977
2025-09-02 16:45:00+00:00,4291.9,4299.95,4283.84,4294.18,40719.847
2025-09-02 17:00:00+00:00,4294.18,4307.16,4285.19,4289.63,55672.245
2025-09-02 17:15:00+00:00,4289.62,4312.58,4288.0,4307.72,42368.21
2025-09-02 17:30:00+00:00,4307.72,4318.99,4298.18,4305.03,54451.105
2025-09-02 17:45:00+00:00,4305.04,4329.96,4304.39,4317.18,57734.583
2025-09-02 18:00:00+00:00,4317.19,4320.91,4281.0,4293.87,71567.647
2025-09-02 18:15:00+00:00,4293.88,4299.33,4278.0,4288.98,46607.596
2025-09-02 18:30:00+00:00,4288.98,4298.21,4277.44,4281.57,36249.408
2025-09-02 18:45:00+00:00,4281.56,4315.42,4264.0,4294.58,128024.899
2025-09-02 19:00:00+00:00,4294.58,4312.52,4271.12,4271.13,60675.452
2025-09-02 19:15:00+00:00,4271.12,4284.78,4262.02,4267.6,58569.237
2025-09-02 19:30:00+00:00,4267.6,4281.47,4254.33,4274.8,47114.654
2025-09-02 19:45:00+00:00,4274.81,4283.0,4263.28,4272.47,38608.524
2025-09-02 20:00:00+00:00,4272.47,4294.59,4264.03,4294.16,48029.504
2025-09-02 20:15:00+00:00,4294.17,4316.98,4291.39,4303.48,65469.617
2025-09-02 20:30:00+00:00,4303.47,4326.53,4293.0,4316.63,52967.917
2025-09-02 20:45:00+00:00,4316.62,4317.18,4300.63,4311.05,33746.18
2025-09-02 21:00:00+00:00,4311.05,4322.35,4308.09,4321.16,27163.187
2025-09-02 21:15:00+00:00,4321.16,4322.0,4302.5,4308.73,25712.525
2025-09-02 21:30:00+00:00,4308.73,4333.63,4307.92,4326.64,29456.874
2025-09-02 21:45:00+00:00,4326.64,4332.21,4319.26,4326.8,17900.006
2025-09-02 22:00:00+00:00,4326.84,4328.07,4308.26,4323.5,34283.815
2025-09-02 22:15:00+00:00,4323.51,4327.34,4311.76,4314.32,14580.011
2025-09-02 22:30:00+00:00,4314.32,4329.7,4307.09,4325.6,30284.157
2025-09-02 22:45:00+00:00,4325.61,4331.34,4321.23,4327.1,12808.613
2025-09-02 23:00:00+00:00,4327.11,4332.71,4317.06,4330.32,17975.225
2025-09-02 23:15:00+00:00,4330.33,4336.08,4317.55,4318.14,18753.982
2025-09-02 23:30:00+00:00,4318.15,4321.48,4311.97,4316.65,15447.042
2025-09-02 23:45:00+00:00,4316.65,4326.78,4313.76,4324.59,11712.698
2025-09-03 00:00:00+00:00,4324.58,4325.43,4310.64,4317.71,24070.621
2025-09-03 00:15:00+00:00,4317.71,4330.95,4310.65,4325.06,32011.491
2025-09-03 00:30:00+00:00,4325.06,4328.4,4311.52,4315.84,25039.855
2025-09-03 00:45:00+00:00,4315.85,4317.74,4302.0,4308.03,32033.157
2025-09-03 01:00:00+00:00,4308.02,4311.1,4290.83,4292.18,45967.978
2025-09-03 01:15:00+00:00,4292.18,4301.0,4283.48,4284.98,34264.76
2025-09-03 01:30:00+00:00,4284.99,4293.84,4284.0,4288.5,20504.892
2025-09-03 01:45:00+00:00,4288.5,4324.17,4281.0,4323.41,41292.484
2025-09-03 02:00:00+00:00,4323.4,4335.0,4310.21,4316.0,64019.24
2025-09-03 02:15:00+00:00,4316.01,4354.0,4315.21,4351.5,84144.995
2025-09-03 02:30:00+00:00,4351.49,4351.5,4335.85,4341.0,29633.938
2025-09-03 02:45:00+00:00,4341.01,4349.23,4335.12,4336.34,26051.355
2025-09-03 03:00:00+00:00,4336.34,4341.83,4321.33,4324.4,30651.063
2025-09-03 03:15:00+00:00,4324.41,4335.98,4320.71,4328.6,21682.384
2025-09-03 03:30:00+00:00,4328.61,4330.58,4317.3,4325.56,21847.017
2025-09-03 03:45:00+00:00,4325.56,4335.33,4323.7,4332.55,13718.691
2025-09-03 04:00:00+00:00,4332.55,4337.03,4317.55,4318.85,21176.991
2025-09-03 04:15:00+00:00,4318.84,4332.25,4310.95,4327.22,28147.943
2025-09-03 04:30:00+00:00,4327.23,4336.56,4327.22,4333.36,16653.267
2025-09-03 04:45:00+00:00,4333.36,4340.9,4328.79,4338.0,18210.909
2025-09-03 05:00:00+00:00,4338.0,4339.2,4324.4,4332.98,22321.021
2025-09-03 05:15:00+00:00,4332.97,4333.5,4314.75,4322.81,23872.435
2025-09-03 05:30:00+00:00,4322.81,4326.24,4319.2,4320.9,12654.118
2025-09-03 05:45:00+00:00,4320.9,4324.59,4311.0,4312.99,25599.639
2025-09-03 06:00:00+00:00,4313.0,4315.0,4288.56,4303.52,109545.877
2025-09-03 06:15:00+00:00,4303.52,4315.0,4298.73,4314.99,28916.21
2025-09-03 06:30:00+00:00,4315.0,4319.01,4308.31,4309.28,22735.686
2025-09-03 06:45:00+00:00,4309.27,4316.15,4300.58,4305.69,17539.677
2025-09-03 07:00:00+00:00,4305.7,4313.67,4294.27,4304.14,33469.804
2025-09-03 07:15:00+00:00,4304.13,4304.16,4285.0,4299.94,48654.414
2025-09-03 07:30:00+00:00,4299.93,4310.0,4297.06,4309.17,17899.597
2025-09-03 07:45:00+00:00,4309.17,4313.82,4306.2,4307.83,17161.733
2025-09-03 08:00:00+00:00,4307.84,4322.17,4305.59,4321.13,25877.855
2025-09-03 08:15:00+00:00,4321.12,4331.98,4315.0,4320.2,39457.784
2025-09-03 08:30:00+00:00,4320.21,4324.96,4312.81,4323.65,23000.626
2025-09-03 08:45:00+00:00,4323.65,4325.67,4307.84,4316.14,25302.86
2025-09-03 09:00:00+00:00,4316.15,4319.7,4300.31,4302.9,23926.85
2025-09-03 09:15:00+00:00,4302.91,4323.0,4302.91,4318.4,21020.246
2025-09-03 09:30:00+00:00,4318.4,4339.8,4313.92,4337.86,45041.119
2025-09-03 09:45:00+00:00,4337.86,4351.54,4333.93,4349.92,61741.321
2025-09-03 10:00:00+00:00,4349.92,4359.0,4342.17,4358.86,54441.208
2025-09-03 10:15:00+00:00,4358.86,4375.88,4358.33,4366.91,84087.508
2025-09-03 10:30:00+00:00,4366.91,4366.91,4355.16,4362.38,33377.158
2025-09-03 10:45:00+00:00,4362.38,4370.87,4355.41,4369.61,32689.905
2025-09-03 11:00:00+00:00,4369.61,4377.77,4364.83,4374.67,39332.315
2025-09-03 11:15:00+00:00,4374.67,4378.28,4364.09,4371.41,33211.063
2025-09-03 11:30:00+00:00,4371.41,4383.93,4363.78,4380.11,46528.112
2025-09-03 11:45:00+00:00,4380.11,4380.97,4368.84,4369.58,22939.575
2025-09-03 12:00:00+00:00,4369.58,4377.59,4360.69,4362.88,46910.864
2025-09-03 12:15:00+00:00,4362.87,4368.55,4356.0,4364.43,28073.965
2025-09-03 12:30:00+00:00,4364.43,4372.0,4350.0,4350.01,41972.804
2025-09-03 12:45:00+00:00,4350.0,4354.89,4339.56,4352.2,64894.364
2025-09-03 13:00:00+00:00,4352.2,4377.64,4348.67,4375.24,67482.619
2025-09-03 13:15:00+00:00,4375.24,4392.4,4372.8,4374.24,81840.733
2025-09-03 13:30:00+00:00,4374.24,4424.0,4369.25,4418.35,173481.066
2025-09-03 13:45:00+00:00,4418.34,4438.94,4408.0,4417.45,172126.683
2025-09-03 14:00:00+00:00,4417.44,4452.69,4413.13,4417.43,155897.483
2025-09-03 14:15:00+00:00,4417.42,4449.07,4416.41,4437.87,86805.474
2025-09-03 14:30:00+00:00,4437.87,4478.95,4437.6,4475.79,165895.786
2025-09-03 14:45:00+00:00,4475.79,4478.99,4458.87,4464.75,95425.594
2025-09-03 15:00:00+00:00,4464.75,4469.57,4457.3,4459.3,53875.835
2025-09-03 15:15:00+00:00,4459.31,4472.55,4452.19,4454.4,55411.83
2025-09-03 15:30:00+00:00,4454.41,4475.6,4453.49,4469.04,63566.297
2025-09-03 15:45:00+00:00,4469.03,4484.26,4462.21,4477.0,64208.455
2025-09-03 16:00:00+00:00,4476.99,4481.3,4460.14,4469.38,57655.432
2025-09-03 16:15:00+00:00,4469.38,4473.0,4452.08,4454.53,56514.852
2025-09-03 16:30:00+00:00,4454.54,4463.48,4452.42,4453.39,42631.603
2025-09-03 16:45:00+00:00,4453.39,4465.34,4452.78,4464.26,40639.09
2025-09-03 17:00:00+00:00,4464.25,4482.42,4464.0,4480.43,53986.128
2025-09-03 17:15:00+00:00,4480.43,4484.33,4468.67,4477.48,36104.619
2025-09-03 17:30:00+00:00,4477.48,4488.36,4466.51,4467.54,44073.735
2025-09-03 17:45:00+00:00,4467.55,4485.46,4461.8,4469.84,52112.788
2025-09-03 18:00:00+00:00,4469.85,4477.19,4468.0,4473.11,21619.883
2025-09-03 18:15:00+00:00,4473.11,4473.11,4456.0,4467.09,31054.627
2025-09-03 18:30:00+00:00,4467.1,4473.0,4455.5,4459.44,29989.19
2025-09-03 18:45:00+00:00,4459.44,4467.15,4456.72,4466.92,19310.731
2025-09-03 19:00:00+00:00,4466.92,4467.56,4457.0,4462.13,16570.767
2025-09-03 19:15:00+00:00,4462.13,4467.67,4456.03,4459.29,15751.667
2025-09-03 19:30:00+00:00,4459.29,4465.8,4458.3,4463.72,11215.979
2025-09-03 19:45:00+00:00,4463.72,4476.35,4462.25,4472.82,30087.202
2025-09-03 20:00:00+00:00,4472.83,4477.72,4467.76,4469.46,20484.105
2025-09-03 20:15:00+00:00,4469.45,4472.0,4464.76,4465.91,10983.444
2025-09-03 20:30:00+00:00,4465.91,4471.62,4461.31,4464.89,11914.211
2025-09-03 20:45:00+00:00,4464.89,4468.75,4461.05,4462.44,7174.283
2025-09-03 21:00:00+00:00,4462.45,4465.31,4458.5,4465.3,9922.566
2025-09-03 21:15:00+00:00,4465.31,4471.0,4461.43,4469.46,13141.115
2025-09-03 21:30:00+00:00,4469.46,4470.98,4452.56,4454.44,15308.231
2025-09-03 21:45:00+00:00,4454.45,4464.85,4437.1,4458.38,52822.662
2025-09-03 22:00:00+00:00,4458.38,4480.0,4457.5,4466.67,32238.312
2025-09-03 22:15:00+00:00,4466.67,4472.08,4459.59,4460.01,10311.597
2025-09-03 22:30:00+00:00,4460.0,4464.59,4456.4,4464.03,12478.592
2025-09-03 22:45:00+00:00,4464.02,4468.88,4458.71,4467.63,6417.691
2025-09-03 23:00:00+00:00,4467.63,4470.0,4456.0,4458.62,21612.811
2025-09-03 23:15:00+00:00,4458.62,4464.15,4457.0,4461.0,8586.17
2025-09-03 23:30:00+00:00,4460.99,4463.08,4445.78,4446.37,22958.907
2025-09-03 23:45:00+00:00,4446.37,4453.07,4442.14,4448.22,23379.572
2025-09-04 00:00:00+00:00,4448.22,4458.8,4443.86,4458.79,22185.107
2025-09-04 00:15:00+00:00,4458.8,4478.5,4453.0,4471.3,46357.231
2025-09-04 00:30:00+00:00,4471.29,4480.99,4466.23,4466.46,29907.858
2025-09-04 00:45:00+00:00,4466.46,4475.8,4463.23,4466.52,20834.157
2025-09-04 01:00:00+00:00,4466.52,4466.85,4449.21,4453.07,28800.371
2025-09-04 01:15:00+00:00,4453.06,4458.32,4447.33,4458.04,22674.031
2025-09-04 01:30:00+00:00,4458.04,4476.79,4455.9,4462.11,30881.242
2025-09-04 01:45:00+00:00,4462.11,4466.73,4457.19,4466.36,11095.261
2025-09-04 02:00:00+00:00,4466.37,4468.97,4456.1,4458.7,14724.347
2025-09-04 02:15:00+00:00,4458.71,4460.71,4438.5,4438.51,37355.759
2025-09-04 02:30:00+00:00,4438.5,4442.04,4424.45,4425.98,90500.106
2025-09-04 02:45:00+00:00,4425.98,4429.72,4418.11,4419.8,50423.206
2025-09-04 03:00:00+00:00,4419.81,4421.43,4400.55,4407.18,103422.365
2025-09-04 03:15:00+00:00,4407.18,4427.69,4403.3,4409.19,84617.699
2025-09-04 03:30:00+00:00,4409.19,4411.15,4386.72,4396.5,111885.413
2025-09-04 03:45:00+00:00,4396.5,4399.52,4392.01,4396.12,28633.932
2025-09-04 04:00:00+00:00,4396.12,4409.28,4385.45,4401.02,79231.836
2025-09-04 04:15:00+00:00,4401.02,4406.94,4395.08,4398.41,26668.782
2025-09-04 04:30:00+00:00,4398.42,4413.22,4396.7,4402.99,30261.912
2025-09-04 04:45:00+00:00,4402.99,4407.17,4387.03,4389.86,37676.883
2025-09-04 05:00:00+00:00,4389.86,4389.86,4367.0,4375.32,119774.512
2025-09-04 05:15:00+00:00,4375.33,4379.49,4366.0,4371.93,43535.503
2025-09-04 05:30:00+00:00,4371.94,4377.16,4363.01,4363.87,44204.918
2025-09-04 05:45:00+00:00,4363.87,4373.48,4360.21,4372.81,38510.045
2025-09-04 06:00:00+00:00,4372.81,4380.77,4367.23,4374.55,45271.926
2025-09-04 06:15:00+00:00,4374.55,4374.77,4356.8,4366.71,43754.571
2025-09-04 06:30:00+00:00,4366.71,4366.71,4354.52,4357.85,27128.966
2025-09-04 06:45:00+00:00,4357.84,4367.5,4353.36,4363.01,37560.59
2025-09-04 07:00:00+00:00,4363.0,4376.8,4361.28,4376.44,38896.973
2025-09-04 07:15:00+00:00,4376.43,4381.44,4360.4,4366.04,38259.985
2025-09-04 07:30:00+00:00,4366.04,4373.91,4363.26,4364.28,19590.432
2025-09-04 07:45:00+00:00,4364.28,4372.86,4364.27,4368.8,15620.672
2025-09-04 08:00:00+00:00,4368.8,4389.73,4367.76,4380.15,61382.324
2025-09-04 08:15:00+00:00,4380.15,4387.85,4378.1,4387.53,31751.582
2025-09-04 08:30:00+00:00,4387.52,4389.26,4372.45,4373.24,25840.579
2025-09-04 08:45:00+00:00,4373.24,4373.24,4362.13,4366.82,25789.565
2025-09-04 09:00:00+00:00,4366.83,4384.0,4366.83,4380.99,25343.275
2025-09-04 09:15:00+00:00,4380.99,4383.0,4376.02,4378.52,13543.232
2025-09-04 09:30:00+00:00,4378.53,4387.45,4376.23,4384.86,19561.146
2025-09-04 09:45:00+00:00,4384.86,4393.44,4379.72,4393.28,22471.07
2025-09-04 10:00:00+00:00,4393.28,4412.0,4390.0,4407.43,63983.604
2025-09-04 10:15:00+00:00,4407.43,4417.93,4401.26,4406.63,43570.1
2025-09-04 10:30:00+00:00,4406.64,4425.95,4404.0,4420.0,51057.422
2025-09-04 10:45:00+00:00,4420.0,4432.0,4404.93,4405.14,74090.346
2025-09-04 11:00:00+00:00,4405.15,4427.52,4390.01,4423.55,80698.843
2025-09-04 11:15:00+00:00,4423.54,4430.0,4411.3,4412.56,32807.141
2025-09-04 11:30:00+00:00,4412.56,4420.59,4407.0,4417.74,26223.455
2025-09-04 11:45:00+00:00,4417.74,4421.46,4404.15,4404.4,31684.563
2025-09-04 12:00:00+00:00,4404.4,4415.98,4393.8,4414.96,56846.911
2025-09-04 12:15:00+00:00,4414.96,4426.86,4396.88,4412.26,61298.362
2025-09-04 12:30:00+00:00,4412.27,4425.0,4380.82,4388.02,114833.371
2025-09-04 12:45:00+00:00,4388.02,4415.95,4384.5,4414.37,58567.906
2025-09-04 13:00:00+00:00,4414.36,4417.67,4394.36,4396.19,41036.588
2025-09-04 13:15:00+00:00,4396.18,4407.0,4393.39,4399.45,29372.893
2025-09-04 13:30:00+00:00,4399.45,4405.04,4367.71,4381.49,136269.452
2025-09-04 13:45:00+00:00,4381.49,4384.34,4364.14,4375.99,88515.331
2025-09-04 14:00:00+00:00,4375.99,4380.66,4326.0,4336.82,290925.365
2025-09-04 14:15:00+00:00,4336.81,4353.59,4328.3,4349.99,101736.863
2025-09-04 14:30:00+00:00,4349.99,4363.09,4347.54,4354.46,77036.919
2025-09-04 14:45:00+00:00,4354.45,4359.54,4339.0,4339.68,56260.379
2025-09-04 15:00:00+00:00,4339.69,4344.55,4303.0,4310.85,164947.115
2025-09-04 15:15:00+00:00,4310.85,4318.15,4291.0,4304.64,159401.008
2025-09-04 15:30:00+00:00,4304.64,4311.05,4295.38,4302.62,66445.803
2025-09-04 15:45:00+00:00,4302.62,4314.43,4302.0,4302.61,50254.865
2025-09-04 16:00:00+00:00,4302.62,4317.77,4296.39,4306.08,80761.669
2025-09-04 16:15:00+00:00,4306.07,4307.95,4285.57,4287.51,76402.169
2025-09-04 16:30:00+00:00,4287.51,4305.61,4283.33,4302.62,66052.342
2025-09-04 16:45:00+00:00,4302.62,4308.89,4292.8,4294.64,35196.408
2025-09-04 17:00:00+00:00,4294.64,4312.91,4293.47,4305.8,40300.069
2025-09-04 17:15:00+00:00,4305.8,4320.99,4305.4,4315.82,42318.623
2025-09-04 17:30:00+00:00,4315.82,4316.57,4300.0,4301.0,21731.048
2025-09-04 17:45:00+00:00,4301.01,4313.81,4298.63,4303.02,23690.002
2025-09-04 18:00:00+00:00,4303.02,4316.0,4302.81,4307.77,31415.076
2025-09-04 18:15:00+00:00,4307.78,4314.92,4276.32,4278.68,76161.122
2025-09-04 18:30:00+00:00,4278.69,4305.3,4268.0,4297.05,114454.175
2025-09-04 18:45:00+00:00,4297.05,4299.54,4271.16,4271.51,47772.57
2025-09-04 19:00:00+00:00,4271.52,4285.96,4266.0,4281.04,43413.262
2025-09-04 19:15:00+00:00,4281.03,4282.48,4266.92,4279.57,28899.137
2025-09-04 19:30:00+00:00,4279.56,4283.54,4264.0,4275.17,30993.202
2025-09-04 19:45:00+00:00,4275.16,4279.0,4263.0,4273.83,42959.861
2025-09-04 20:00:00+00:00,4273.83,4298.83,4270.41,4294.31,55581.285
2025-09-04 20:15:00+00:00,4294.31,4306.99,4289.33,4303.18,34775.257
2025-09-04 20:30:00+00:00,4303.18,4305.3,4298.0,4298.15,15405.923
2025-09-04 20:45:00+00:00,4298.15,4307.83,4296.26,4303.07,19255.515
2025-09-04 21:00:00+00:00,4303.08,4308.43,4300.0,4301.31,13721.168
2025-09-04 21:15:00+00:00,4301.31,4312.75,4301.31,4309.66,17191.633
2025-09-04 21:30:00+00:00,4309.65,4320.0,4306.63,4314.33,21166.667
2025-09-04 21:45:00+00:00,4314.33,4325.0,4310.0,4316.37,18968.126
2025-09-04 22:00:00+00:00,4316.38,4323.0,4313.73,4318.28,22048.694
2025-09-04 22:15:00+00:00,4318.29,4327.4,4314.25,4325.04,26687.413
2025-09-04 22:30:00+00:00,4325.05,4327.35,4315.0,4315.58,26322.027
2025-09-04 22:45:00+00:00,4315.58,4351.23,4315.0,4339.52,68232.65
2025-09-04 23:00:00+00:00,4339.52,4348.98,4329.65,4334.55,32371.452
2025-09-04 23:15:00+00:00,4334.54,4337.83,4328.49,4330.22,18006.601
2025-09-04 23:30:00+00:00,4330.23,4331.31,4312.83,4315.35,33156.658
2025-09-04 23:45:00+00:00,4315.35,4317.57,4293.73,4295.68,64910.913
2025-09-05 00:00:00+00:00,4295.68,4302.81,4288.9,4298.91,54435.638
2025-09-05 00:15:00+00:00,4298.9,4303.41,4287.16,4301.71,30697.315
2025-09-05 00:30:00+00:00,4301.71,4311.75,4296.6,4304.64,28557.646
2025-09-05 00:45:00+00:00,4304.64,4304.65,4291.19,4298.88,21152.563
2025-09-05 01:00:00+00:00,4298.89,4309.84,4295.74,4303.61,22564.338
2025-09-05 01:15:00+00:00,4303.61,4321.3,4301.0,4318.91,27304.799
2025-09-05 01:30:00+00:00,4318.91,4331.15,4314.13,4329.27,24354.124
2025-09-05 01:45:00+00:00,4329.27,4330.7,4321.09,4323.76,19799.736
2025-09-05 02:00:00+00:00,4323.76,4333.43,4319.3,4323.01,23424.422
2025-09-05 02:15:00+00:00,4323.0,4329.3,4295.65,4321.23,60512.56
2025-09-05 02:30:00+00:00,4321.23,4326.61,4305.62,4307.61,31132.72
2025-09-05 02:45:00+00:00,4307.62,4325.18,4305.5,4321.58,17180.535
2025-09-05 03:00:00+00:00,4321.59,4321.98,4303.0,4303.42,22216.118
2025-09-05 03:15:00+00:00,4303.42,4311.15,4295.0,4299.01,29763.73
2025-09-05 03:30:00+00:00,4299.02,4312.5,4298.0,4312.5,23187.311
2025-09-05 03:45:00+00:00,4312.5,4330.0,4310.56,4326.5,47776.534
2025-09-05 04:00:00+00:00,4326.51,4329.0,4314.83,4315.69,17072.837
2025-09-05 04:15:00+00:00,4315.69,4324.26,4314.05,4318.73,8585.907
2025-09-05 04:30:00+00:00,4318.74,4325.35,4316.0,4325.18,14670.072
2025-09-05 04:45:00+00:00,4325.17,4332.77,4322.37,4328.01,22229.766
2025-09-05 05:00:00+00:00,4328.01,4334.86,4324.84,4333.29,22492.144
2025-09-05 05:15:00+00:00,4333.29,4340.71,4326.65,4331.63,24782.118
2025-09-05 05:30:00+00:00,4331.62,4339.68,4328.0,4336.35,20629.742
2025-09-05 05:45:00+00:00,4336.35,4339.5,4333.55,4336.23,16611.152
2025-09-05 06:00:00+00:00,4336.22,4339.51,4331.78,4334.0,22107.09
2025-09-05 06:15:00+00:00,4334.0,4337.15,4320.09,4324.44,31298.414
2025-09-05 06:30:00+00:00,4324.44,4331.77,4322.34,4330.53,11580.894
2025-09-05 06:45:00+00:00,4330.52,4332.71,4321.48,4330.49,20024.575
2025-09-05 07:00:00+00:00,4330.49,4363.35,4329.79,4354.08,109796.556
2025-09-05 07:15:00+00:00,4354.09,4378.85,4352.0,4371.43,95233.354
2025-09-05 07:30:00+00:00,4371.43,4396.17,4367.65,4395.86,124789.224
2025-09-05 07:45:00+00:00,4395.86,4426.77,4394.68,4415.0,193660.586
2025-09-05 08:00:00+00:00,4415.0,4418.79,4394.92,4397.45,117846.382
2025-09-05 08:15:00+00:00,4397.45,4405.17,4385.0,4393.52,91491.301
2025-09-05 08:30:00+00:00,4393.52,4404.15,4391.0,4396.83,36828.06
2025-09-05 08:45:00+00:00,4396.84,4405.0,4396.3,4404.41,41396.591
2025-09-05 09:00:00+00:00,4404.41,4407.71,4394.45,4394.97,43212.453
2025-09-05 09:15:00+00:00,4394.97,4394.97,4372.03,4376.31,75928.374
2025-09-05 09:30:00+00:00,4376.31,4398.73,4370.5,4394.93,68369.388
2025-09-05 09:45:00+00:00,4394.92,4396.87,4389.44,4395.65,32208.488
2025-09-05 10:00:00+00:00,4395.66,4414.0,4393.22,4401.35,66913.483
2025-09-05 10:15:00+00:00,4401.36,4409.92,4398.38,4407.49,25481.693
2025-09-05 10:30:00+00:00,4407.49,4421.2,4407.29,4412.85,39767.702
2025-09-05 10:45:00+00:00,4412.86,4421.16,4408.09,4408.31,28518.372
2025-09-05 11:00:00+00:00,4408.32,4419.43,4404.69,4411.28,47234.785
2025-09-05 11:15:00+00:00,4411.29,4425.0,4408.46,4417.09,44815.115
2025-09-05 11:30:00+00:00,4417.1,4423.38,4413.91,4419.7,30291.151
2025-09-05 11:45:00+00:00,4419.7,4422.54,4414.08,4415.57,27535.025
2025-09-05 12:00:00+00:00,4415.56,4419.51,4409.53,4416.96,33319.054
2025-09-05 12:15:00+00:00,4416.96,4448.68,4416.96,4448.13,146706.931
2025-09-05 12:30:00+00:00,4448.12,4494.45,4405.0,4431.56,570493.473
2025-09-05 12:45:00+00:00,4431.56,4472.21,4425.81,4469.39,159065.49
2025-09-05 13:00:00+00:00,4469.39,4478.51,4452.48,4457.32,111172.409
2025-09-05 13:15:00+00:00,4457.31,4471.88,4447.67,4462.68,69005.795
2025-09-05 13:30:00+00:00,4462.68,4476.56,4442.45,4459.34,119687.949
2025-09-05 13:45:00+00:00,4459.35,4463.99,4432.09,4441.23,106074.943
2025-09-05 14:00:00+00:00,4441.22,4441.22,4391.62,4400.0,211698.38
2025-09-05 14:15:00+00:00,4400.01,4400.99,4312.0,4320.89,472339.181
2025-09-05 14:30:00+00:00,4320.89,4325.5,4275.92,4288.66,450493.433
2025-09-05 14:45:00+00:00,4288.66,4295.93,4261.1,4271.0,295473.553
2025-09-05 15:00:00+00:00,4270.99,4287.87,4252.47,4284.09,200428.935
2025-09-05 15:15:00+00:00,4284.1,4299.77,4279.06,4293.24,125040.158
2025-09-05 15:30:00+00:00,4293.23,4302.51,4275.0,4301.39,81092.775
2025-09-05 15:45:00+00:00,4301.38,4301.38,4275.1,4280.44,61886.895
2025-09-05 16:00:00+00:00,4280.45,4293.26,4271.41,4292.2,66524.33
2025-09-05 16:15:00+00:00,4292.2,4292.2,4275.0,4285.0,40233.021
2025-09-05 16:30:00+00:00,4285.01,4297.77,4283.0,4297.12,34427.291
2025-09-05 16:45:00+00:00,4297.12,4301.55,4285.16,4294.88,33304.476
2025-09-05 17:00:00+00:00,4294.89,4296.0,4278.33,4288.88,36511.285
2025-09-05 17:15:00+00:00,4288.88,4293.15,4282.07,4282.51,26481.428
2025-09-05 17:30:00+00:00,4282.51,4284.16,4270.0,4276.81,44077.451
2025-09-05 17:45:00+00:00,4276.81,4288.81,4274.39,4287.31,21845.873
2025-09-05 18:00:00+00:00,4287.32,4298.98,4281.1,4284.06,38204.867
2025-09-05 18:15:00+00:00,4284.08,4296.3,4283.58,4295.8,24372.196
2025-09-05 18:30:00+00:00,4295.81,4305.99,4292.58,4304.76,44015.134
2025-09-05 18:45:00+00:00,4304.76,4315.0,4304.33,4310.39,48688.588
2025-09-05 19:00:00+00:00,4310.4,4318.41,4303.75,4316.46,29121.474
2025-09-05 19:15:00+00:00,4316.46,4329.38,4315.0,4326.11,68836.977
2025-09-05 19:30:00+00:00,4326.11,4327.68,4312.0,4317.32,34466.264
2025-09-05 19:45:00+00:00,4317.33,4329.53,4316.73,4328.97,22073.458
2025-09-05 20:00:00+00:00,4328.96,4334.61,4320.08,4327.32,50722.965
2025-09-05 20:15:00+00:00,4327.33,4328.78,4319.01,4324.33,14255.394
2025-09-05 20:30:00+00:00,4324.33,4340.88,4322.68,4337.01,28001.724
2025-09-05 20:45:00+00:00,4337.02,4337.28,4329.93,4336.24,14344.147
2025-09-05 21:00:00+00:00,4336.24,4336.86,4320.65,4330.26,20968.124
2025-09-05 21:15:00+00:00,4330.27,4331.36,4285.0,4301.14,144682.865
2025-09-05 21:30:00+00:00,4301.15,4316.05,4292.9,4309.29,37047.042
2025-09-05 21:45:00+00:00,4309.28,4309.29,4287.19,4294.51,22877.398
2025-09-05 22:00:00+00:00,4294.52,4305.66,4292.83,4299.69,23799.136
2025-09-05 22:15:00+00:00,4299.69,4303.54,4296.83,4299.43,8909.266
2025-09-05 22:30:00+00:00,4299.43,4316.68,4297.61,4314.64,27470.623
2025-09-05 22:45:00+00:00,4314.64,4317.88,4309.0,4310.69,10233.037
2025-09-05 23:00:00+00:00,4310.7,4317.24,4308.45,4309.08,8976.55
2025-09-05 23:15:00+00:00,4309.08,4313.98,4306.3,4310.09,10840.313
2025-09-05 23:30:00+00:00,4310.09,4311.26,4302.16,4308.2,10037.025
2025-09-05 23:45:00+00:00,4308.2,4308.41,4302.47,4305.71,8565.526
2025-09-06 00:00:00+00:00,4305.71,4307.0,4301.14,4302.57,12647.48
2025-09-06 00:15:00+00:00,4302.57,4316.5,4300.67,4314.28,18903.912
2025-09-06 00:30:00+00:00,4314.27,4327.0,4312.92,4322.65,27524.559
2025-09-06 00:45:00+00:00,4322.64,4326.28,4316.97,4320.95,11798.537
2025-09-06 01:00:00+00:00,4320.94,4323.06,4313.59,4321.1,10319.564
2025-09-06 01:15:00+00:00,4321.09,4323.57,4313.36,4314.11,9009.892
2025-09-06 01:30:00+00:00,4314.12,4320.0,4310.5,4318.2,8276.094
2025-09-06 01:45:00+00:00,4318.19,4321.76,4315.43,4316.31,8542.235
2025-09-06 02:00:00+00:00,4316.32,4321.34,4305.0,4308.19,20202.173
2025-09-06 02:15:00+00:00,4308.2,4310.0,4302.32,4308.3,13736.242
2025-09-06 02:30:00+00:00,4308.31,4313.57,4305.7,4310.46,7738.999
2025-09-06 02:45:00+00:00,4310.46,4321.88,4310.14,4321.21,12645.43
2025-09-06 03:00:00+00:00,4321.22,4321.75,4315.36,4316.1,12554.201
2025-09-06 03:15:00+00:00,4316.1,4323.31,4316.1,4319.72,15877.793
2025-09-06 03:30:00+00:00,4319.72,4320.68,4314.79,4319.12,9891.733
2025-09-06 03:45:00+00:00,4319.13,4319.41,4314.6,4318.36,6300.818
2025-09-06 04:00:00+00:00,4318.36,4318.36,4308.66,4308.96,13974.756
2025-09-06 04:15:00+00:00,4308.96,4309.9,4305.34,4306.73,10924.071
2025-09-06 04:30:00+00:00,4306.73,4308.45,4301.1,4303.81,17921.774
2025-09-06 04:45:00+00:00,4303.82,4309.9,4303.33,4307.45,9311.559
2025-09-06 05:00:00+00:00,4307.46,4310.3,4304.02,4308.73,9238.364
2025-09-06 05:15:00+00:00,4308.73,4308.74,4291.07,4296.0,37413.94
2025-09-06 05:30:00+00:00,4296.0,4299.05,4290.23,4294.23,20505.087
2025-09-06 05:45:00+00:00,4294.24,4295.47,4288.4,4292.79,22885.269
2025-09-06 06:00:00+00:00,4292.8,4299.77,4290.99,4299.28,9757.063
2025-09-06 06:15:00+00:00,4299.28,4300.85,4293.37,4300.21,10225.311
2025-09-06 06:30:00+00:00,4300.22,4305.29,4299.89,4301.12,10651.832
2025-09-06 06:45:00+00:00,4301.11,4303.27,4297.79,4300.83,5536.17
2025-09-06 07:00:00+00:00,4300.84,4306.72,4298.02,4306.51,9762.385
2025-09-06 07:15:00+00:00,4306.5,4306.51,4301.03,4303.28,6115.686
2025-09-06 07:30:00+00:00,4303.28,4307.99,4301.19,4307.61,6777.712
2025-09-06 07:45:00+00:00,4307.62,4312.0,4304.82,4310.35,14082.001
2025-09-06 08:00:00+00:00,4310.35,4313.36,4303.41,4305.07,13979.755
2025-09-06 08:15:00+00:00,4305.08,4308.6,4303.0,4305.35,6679.786
2025-09-06 08:30:00+00:00,4305.35,4311.27,4305.34,4310.0,6416.574
2025-09-06 08:45:00+00:00,4309.99,4311.61,4306.65,4308.69,7062.986
2025-09-06 09:00:00+00:00,4308.68,4308.69,4293.32,4295.78,24635.667
2025-09-06 09:15:00+00:00,4295.78,4299.0,4290.0,4291.26,25368.087
2025-09-06 09:30:00+00:00,4291.25,4297.97,4289.21,4296.52,23254.787
2025-09-06 09:45:00+00:00,4296.51,4298.45,4290.5,4291.09,12280.431
2025-09-06 10:00:00+00:00,4291.09,4295.39,4290.3,4292.65,11989.475
2025-09-06 10:15:00+00:00,4292.65,4294.44,4283.55,4292.09,26219.723
2025-09-06 10:30:00+00:00,4292.1,4301.49,4290.0,4301.16,17886.386
2025-09-06 10:45:00+00:00,4301.17,4301.51,4295.0,4299.07,9484.564
2025-09-06 11:00:00+00:00,4299.07,4299.67,4292.18,4293.93,7306.498
2025-09-06 11:15:00+00:00,4293.92,4294.98,4288.44,4294.57,14257.055
2025-09-06 11:30:00+00:00,4294.57,4295.24,4289.16,4293.72,9161.987
2025-09-06 11:45:00+00:00,4293.71,4299.0,4292.63,4298.08,12367.307
2025-09-06 12:00:00+00:00,4298.08,4307.1,4295.0,4301.02,21651.101
2025-09-06 12:15:00+00:00,4301.02,4302.0,4296.06,4297.58,8036.379
2025-09-06 12:30:00+00:00,4297.58,4298.79,4290.33,4295.1,13449.546
2025-09-06 12:45:00+00:00,4295.11,4301.43,4293.08,4297.5,10480.879
2025-09-06 13:00:00+00:00,4297.5,4300.67,4294.82,4297.6,12019.816
2025-09-06 13:15:00+00:00,4297.61,4300.0,4295.67,4297.63,7210.787
2025-09-06 13:30:00+00:00,4297.63,4297.64,4289.12,4291.71,19522.199
2025-09-06 13:45:00+00:00,4291.71,4294.0,4285.0,4292.17,30022.449
2025-09-06 14:00:00+00:00,4292.16,4299.61,4290.01,4293.99,18364.504
2025-09-06 14:15:00+00:00,4293.99,4298.42,4292.22,4295.74,10352.437
2025-09-06 14:30:00+00:00,4295.74,4300.0,4290.5,4298.22,15689.959
2025-09-06 14:45:00+00:00,4298.23,4299.0,4291.46,4294.19,11485.416
2025-09-06 15:00:00+00:00,4294.19,4295.58,4266.0,4270.72,114745.33
2025-09-06 15:15:00+00:00,4270.72,4279.75,4266.49,4277.09,45489.764
2025-09-06 15:30:00+00:00,4277.08,4281.85,4272.0,4273.67,23924.799
2025-09-06 15:45:00+00:00,4273.66,4273.99,4260.11,4267.68,50190.342
2025-09-06 16:00:00+00:00,4267.69,4275.0,4254.1,4268.59,100034.194
2025-09-06 16:15:00+00:00,4268.59,4270.01,4220.0,4257.61,224965.162
2025-09-06 16:30:00+00:00,4257.61,4275.0,4257.14,4271.28,88782.424
2025-09-06 16:45:00+00:00,4271.29,4304.0,4265.75,4287.52,146514.153
2025-09-06 17:00:00+00:00,4287.52,4290.3,4279.0,4285.88,31679.061
2025-09-06 17:15:00+00:00,4285.88,4287.61,4273.63,4275.32,17342.012
2025-09-06 17:30:00+00:00,4275.31,4279.2,4265.0,4266.47,36273.177
2025-09-06 17:45:00+00:00,4266.47,4273.51,4264.69,4270.9,18083.837
2025-09-06 18:00:00+00:00,4270.89,4286.7,4269.31,4280.95,24449.394
2025-09-06 18:15:00+00:00,4280.94,4282.43,4274.0,4275.11,14724.5
2025-09-06 18:30:00+00:00,4275.12,4275.61,4267.04,4269.96,16886.296
2025-09-06 18:45:00+00:00,4269.97,4280.95,4268.97,4276.87,13124.902
2025-09-06 19:00:00+00:00,4276.87,4279.85,4270.52,4271.22,7508.117
2025-09-06 19:15:00+00:00,4271.22,4272.18,4259.15,4261.09,27005.587
2025-09-06 19:30:00+00:00,4261.09,4264.6,4257.0,4258.21,15874.398
2025-09-06 19:45:00+00:00,4258.21,4260.7,4249.32,4253.95,26940.551
2025-09-06 20:00:00+00:00,4253.95,4261.46,4251.5,4260.11,14261.615
2025-09-06 20:15:00+00:00,4260.1,4263.88,4258.3,4262.73,8728.553
2025-09-06 20:30:00+00:00,4262.73,4273.8,4261.96,4271.17,19261.635
2025-09-06 20:45:00+00:00,4271.17,4279.0,4270.64,4277.5,17744.891
2025-09-06 21:00:00+00:00,4277.49,4277.7,4272.01,4272.19,10131.341
2025-09-06 21:15:00+00:00,4272.19,4274.1,4270.0,4272.04,17876.409
2025-09-06 21:30:00+00:00,4272.04,4275.64,4266.42,4271.11,11952.766
2025-09-06 21:45:00+00:00,4271.1,4285.41,4270.85,4281.68,32168.734
2025-09-06 22:00:00+00:00,4281.68,4286.57,4272.88,4277.06,30334.488
2025-09-06 22:15:00+00:00,4277.06,4282.29,4274.55,4274.9,7741.576
2025-09-06 22:30:00+00:00,4274.9,4277.01,4269.55,4272.62,9296.93
2025-09-06 22:45:00+00:00,4272.62,4276.4,4268.47,4275.92,34096.452
2025-09-06 23:00:00+00:00,4275.93,4279.01,4266.22,4277.41,35570.157
2025-09-06 23:15:00+00:00,4277.42,4282.0,4273.44,4278.09,12872.955
2025-09-06 23:30:00+00:00,4278.09,4280.0,4272.53,4273.27,6951.457
2025-09-06 23:45:00+00:00,4273.27,4273.28,4269.11,4271.69,6337.626
2025-09-07 00:00:00+00:00,4271.68,4277.6,4269.0,4277.05,18512.413
2025-09-07 00:15:00+00:00,4277.06,4277.47,4272.56,4272.56,9307.2
2025-09-07 00:30:00+00:00,4272.56,4283.82,4269.76,4283.68,23836.034
2025-09-07 00:45:00+00:00,4283.67,4287.34,4280.01,4282.1,24850.553
2025-09-07 01:00:00+00:00,4282.1,4295.0,4280.92,4289.63,25782.785
2025-09-07 01:15:00+00:00,4289.63,4294.99,4285.67,4291.08,19814.656
2025-09-07 01:30:00+00:00,4291.08,4295.77,4289.25,4295.2,16649.556
2025-09-07 01:45:00+00:00,4295.19,4302.37,4291.5,4293.28,33967.09
2025-09-07 02:00:00+00:00,4293.27,4293.63,4286.87,4291.77,16016.113
2025-09-07 02:15:00+00:00,4291.77,4293.75,4286.9,4293.75,10312.851
2025-09-07 02:30:00+00:00,4293.75,4297.32,4289.22,4292.71,8339.808
2025-09-07 02:45:00+00:00,4292.71,4301.84,4292.71,4297.66,16058.555
2025-09-07 03:00:00+00:00,4297.66,4299.2,4293.01,4293.71,8981.659
2025-09-07 03:15:00+00:00,4293.72,4302.01,4293.39,4300.8,13874.127
2025-09-07 03:30:00+00:00,4300.79,4302.51,4295.0,4295.56,10281.848
2025-09-07 03:45:00+00:00,4295.56,4297.04,4290.64,4295.07,11045.67
2025-09-07 04:00:00+00:00,4295.08,4297.49,4290.98,4290.98,9288.937
2025-09-07 04:15:00+00:00,4290.99,4294.79,4290.98,4293.82,6984.9
2025-09-07 04:30:00+00:00,4293.82,4295.84,4291.87,4292.99,5221.214
2025-09-07 04:45:00+00:00,4293.0,4300.94,4292.99,4299.28,8962.147
2025-09-07 05:00:00+00:00,4299.28,4299.82,4294.96,4298.07,7677.408
2025-09-07 05:15:00+00:00,4298.07,4302.02,4295.9,4300.51,13119.841
2025-09-07 05:30:00+00:00,4300.5,4300.51,4292.6,4292.61,8850.835
2025-09-07 05:45:00+00:00,4292.6,4294.41,4290.12,4292.85,8066.229
2025-09-07 06:00:00+00:00,4292.85,4293.76,4288.43,4288.76,13284.262
2025-09-07 06:15:00+00:00,4288.76,4290.32,4287.0,4288.82,14254.099
2025-09-07 06:30:00+00:00,4288.82,4291.41,4281.62,4284.84,19599.08
2025-09-07 06:45:00+00:00,4284.84,4288.88,4280.99,4281.94,14207.397
2025-09-07 07:00:00+00:00,4281.94,4284.76,4276.78,4283.85,20533.777
2025-09-07 07:15:00+00:00,4283.85,4292.42,4281.3,4291.13,11041.424
2025-09-07 07:30:00+00:00,4291.12,4305.88,4290.98,4297.26,39964.117
2025-09-07 07:45:00+00:00,4297.26,4300.3,4289.73,4293.0,19316.805
2025-09-07 08:00:00+00:00,4293.0,4301.18,4292.76,4300.0,26706.983
2025-09-07 08:15:00+00:00,4300.0,4313.99,4298.16,4306.99,55259.755
2025-09-07 08:30:00+00:00,4306.98,4312.0,4302.0,4302.0,27343.99
2025-09-07 08:45:00+00:00,4302.0,4307.77,4299.34,4299.35,26865.488
2025-09-07 09:00:00+00:00,4299.34,4306.8,4298.0,4304.69,15104.986
2025-09-07 09:15:00+00:00,4304.69,4309.48,4297.36,4299.23,16803.093
2025-09-07 09:30:00+00:00,4299.23,4299.24,4290.0,4292.55,24475.531
2025-09-07 09:45:00+00:00,4292.55,4298.0,4290.0,4297.83,14346.823
2025-09-07 10:00:00+00:00,4297.83,4304.01,4295.0,4303.51,16033.552
2025-09-07 10:15:00+00:00,4303.51,4304.7,4295.9,4297.81,8771.441
2025-09-07 10:30:00+00:00,4297.8,4303.43,4297.8,4300.53,8944.727
2025-09-07 10:45:00+00:00,4300.54,4303.26,4296.78,4302.99,10996.186
2025-09-07 11:00:00+00:00,4303.0,4306.9,4302.8,4304.56,11951.642
2025-09-07 11:15:00+00:00,4304.56,4305.24,4301.02,4301.87,5864.948
2025-09-07 11:30:00+00:00,4301.88,4304.61,4301.05,4303.73,5899.976
2025-09-07 11:45:00+00:00,4303.73,4308.77,4302.0,4308.76,10514.428
2025-09-07 12:00:00+00:00,4308.77,4308.77,4295.04,4298.0,18137.927
2025-09-07 12:15:00+00:00,4298.0,4298.01,4292.0,4294.53,13828.404
2025-09-07 12:30:00+00:00,4294.54,4301.29,4293.0,4295.6,13068.209
2025-09-07 12:45:00+00:00,4295.61,4299.0,4294.5,4298.99,5529.449
2025-09-07 13:00:00+00:00,4299.0,4299.32,4294.46,4294.46,8498.873
2025-09-07 13:15:00+00:00,4294.46,4297.47,4286.52,4296.25,28148.097
2025-09-07 13:30:00+00:00,4296.24,4306.4,4295.63,4300.43,25018.447
2025-09-07 13:45:00+00:00,4300.44,4304.0,4296.47,4303.03,11970.726
2025-09-07 14:00:00+00:00,4303.03,4308.48,4296.07,4300.8,24228.624
2025-09-07 14:15:00+00:00,4300.81,4305.66,4294.8,4298.99,16168.99
2025-09-07 14:30:00+00:00,4298.99,4309.89,4295.17,4309.13,20783.904
2025-09-07 14:45:00+00:00,4309.12,4309.13,4295.29,4298.03,27551.75
2025-09-07 15:00:00+00:00,4298.03,4298.82,4294.16,4295.0,18351.421
2025-09-07 15:15:00+00:00,4295.01,4302.8,4294.71,4298.2,13298.285
2025-09-07 15:30:00+00:00,4298.19,4302.98,4295.85,4302.73,10935.79
2025-09-07 15:45:00+00:00,4302.72,4303.11,4295.0,4297.16,10414.479
2025-09-07 16:00:00+00:00,4297.17,4299.72,4290.08,4292.73,15921.362
2025-09-07 16:15:00+00:00,4292.73,4294.49,4283.38,4289.16,29941.234
2025-09-07 16:30:00+00:00,4289.16,4291.97,4284.25,4289.17,16817.291
2025-09-07 16:45:00+00:00,4289.18,4290.76,4280.67,4281.92,26023.138
2025-09-07 17:00:00+00:00,4281.93,4286.0,4270.01,4275.49,47472.15
2025-09-07 17:15:00+00:00,4275.49,4280.4,4270.18,4272.22,39450.936
2025-09-07 17:30:00+00:00,4272.22,4283.28,4270.4,4281.13,21566.364
2025-09-07 17:45:00+00:00,4281.13,4283.56,4273.22,4273.22,12387.526
2025-09-07 18:00:00+00:00,4273.22,4280.0,4271.68,4277.54,10744.487
2025-09-07 18:15:00+00:00,4277.54,4281.47,4273.51,4273.52,6343.715
2025-09-07 18:30:00+00:00,4273.51,4278.66,4267.44,4275.03,26066.21
2025-09-07 18:45:00+00:00,4275.03,4282.31,4273.46,4279.24,13617.181
2025-09-07 19:00:00+00:00,4279.24,4287.0,4275.45,4275.87,22064.057
2025-09-07 19:15:00+00:00,4275.87,4281.39,4274.51,4279.61,6998.329
2025-09-07 19:30:00+00:00,4279.6,4294.88,4278.72,4293.96,23030.422
2025-09-07 19:45:00+00:00,4293.95,4294.26,4288.59,4291.32,8015.537
2025-09-07 20:00:00+00:00,4291.31,4292.0,4279.02,4279.64,17684.878
2025-09-07 20:15:00+00:00,4279.64,4284.9,4279.3,4283.59,5614.676
2025-09-07 20:30:00+00:00,4283.6,4285.69,4281.08,4285.41,4484.034
2025-09-07 20:45:00+00:00,4285.41,4298.83,4285.02,4298.3,15845.395
2025-09-07 21:00:00+00:00,4298.3,4298.5,4286.31,4295.0,11644.982
2025-09-07 21:15:00+00:00,4295.0,4295.0,4285.69,4286.31,7881.083
2025-09-07 21:30:00+00:00,4286.3,4294.9,4286.3,4288.71,7446.82
2025-09-07 21:45:00+00:00,4288.72,4292.15,4285.0,4286.1,4672.149
2025-09-07 22:00:00+00:00,4286.1,4294.99,4284.89,4294.91,19748.195
2025-09-07 22:15:00+00:00,4294.9,4304.67,4294.9,4302.35,26267.81
2025-09-07 22:30:00+00:00,4302.35,4305.23,4292.71,4300.19,19300.913
2025-09-07 22:45:00+00:00,4300.2,4309.53,4299.95,4308.0,21867.414
2025-09-07 23:00:00+00:00,4308.01,4318.23,4308.0,4314.15,39275.994
2025-09-07 23:15:00+00:00,4314.15,4336.05,4313.06,4326.35,67399.697
2025-09-07 23:30:00+00:00,4326.35,4328.53,4316.57,4322.71,24738.713
2025-09-07 23:45:00+00:00,4322.71,4324.0,4295.19,4303.84,51317.546
2025-09-08 00:00:00+00:00,4303.83,4312.31,4298.84,4301.74,33316.501
2025-09-08 00:15:00+00:00,4301.74,4315.5,4290.0,4314.8,34171.369
2025-09-08 00:30:00+00:00,4314.79,4316.99,4304.01,4310.13,22883.219
2025-09-08 00:45:00+00:00,4310.13,4310.87,4293.0,4296.76,22009.316
2025-09-08 01:00:00+00:00,4296.76,4300.48,4290.0,4292.0,19316.224
2025-09-08 01:15:00+00:00,4292.0,4295.77,4280.0,4285.43,30614.637
2025-09-08 01:30:00+00:00,4285.43,4297.11,4284.35,4289.61,15894.02
2025-09-08 01:45:00+00:00,4289.61,4293.35,4286.5,4290.33,8709.573
2025-09-08 02:00:00+00:00,4290.32,4293.0,4282.42,4289.77,14127.024
2025-09-08 02:15:00+00:00,4289.77,4294.0,4276.21,4284.99,33024.89
2025-09-08 02:30:00+00:00,4285.0,4307.44,4283.3,4301.19,42025.941
2025-09-08 02:45:00+00:00,4301.19,4307.4,4297.5,4306.97,22610.727
2025-09-08 03:00:00+00:00,4306.97,4310.22,4301.92,4306.4,22355.868
2025-09-08 03:15:00+00:00,4306.4,4309.2,4302.7,4307.14,12308.953
2025-09-08 03:30:00+00:00,4307.14,4329.5,4307.14,4315.64,66125.275
2025-09-08 03:45:00+00:00,4315.65,4318.02,4305.42,4310.0,28306.601
2025-09-08 04:00:00+00:00,4310.0,4312.37,4295.21,4303.11,29684.038
2025-09-08 04:15:00+00:00,4303.1,4306.11,4298.26,4303.81,13508.69
2025-09-08 04:30:00+00:00,4303.81,4308.0,4298.09,4301.23,12159.502
2025-09-08 04:45:00+00:00,4301.23,4302.68,4293.05,4295.61,19710.703
2025-09-08 05:00:00+00:00,4295.61,4301.55,4293.31,4294.82,12288.278
2025-09-08 05:15:00+00:00,4294.83,4302.69,4291.02,4295.08,12970.527
2025-09-08 05:30:00+00:00,4295.08,4295.4,4287.32,4287.64,27110.688
2025-09-08 05:45:00+00:00,4287.65,4296.75,4287.1,4294.9,12873.123
2025-09-08 06:00:00+00:00,4294.89,4297.0,4287.0,4292.17,19622.662
2025-09-08 06:15:00+00:00,4292.16,4300.94,4290.06,4299.95,12976.761
2025-09-08 06:30:00+00:00,4299.96,4301.58,4296.8,4298.0,10779.132
2025-09-08 06:45:00+00:00,4298.0,4298.01,4290.0,4290.0,16677.772
2025-09-08 07:00:00+00:00,4290.0,4297.0,4288.49,4296.85,16759.445
2025-09-08 07:15:00+00:00,4296.85,4308.0,4294.74,4303.9,27261.131
2025-09-08 07:30:00+00:00,4303.9,4310.0,4289.0,4293.26,38821.045
2025-09-08 07:45:00+00:00,4293.25,4293.81,4284.77,4289.82,28688.624
2025-09-08 08:00:00+00:00,4289.82,4292.8,4285.78,4290.25,19752.595
2025-09-08 08:15:00+00:00,4290.25,4296.89,4286.9,4292.82,19808.1
2025-09-08 08:30:00+00:00,4292.82,4303.0,4291.77,4300.39,30653.839
2025-09-08 08:45:00+00:00,4300.38,4303.0,4293.5,4300.01,25305.473
2025-09-08 09:00:00+00:00,4300.01,4316.76,4295.24,4315.76,45326.362
2025-09-08 09:15:00+00:00,4315.76,4334.48,4315.19,4318.75,122866.974
2025-09-08 09:30:00+00:00,4318.75,4319.97,4305.05,4310.7,51716.471
2025-09-08 09:45:00+00:00,4310.69,4318.16,4309.4,4317.7,24477.43
2025-09-08 10:00:00+00:00,4317.7,4329.26,4313.34,4322.73,42829.52
2025-09-08 10:15:00+00:00,4322.73,4332.85,4320.01,4330.91,40205.286
2025-09-08 10:30:00+00:00,4330.9,4333.67,4320.0,4332.99,39317.685
2025-09-08 10:45:00+00:00,4333.0,4336.82,4324.77,4327.21,39909.072
2025-09-08 11:00:00+00:00,4327.21,4328.41,4316.11,4318.55,30122.448
2025-09-08 11:15:00+00:00,4318.55,4322.81,4298.53,4302.46,73036.343
2025-09-08 11:30:00+00:00,4302.46,4304.85,4297.36,4304.46,53243.091
2025-09-08 11:45:00+00:00,4304.45,4317.83,4304.45,4310.47,36272.97
2025-09-08 12:00:00+00:00,4310.46,4318.43,4304.79,4306.41,27394.083
2025-09-08 12:15:00+00:00,4306.41,4315.0,4303.61,4313.56,18660.886
2025-09-08 12:30:00+00:00,4313.57,4320.94,4311.81,4319.57,17764.252
2025-09-08 12:45:00+00:00,4319.58,4321.48,4314.31,4318.79,18422.221
2025-09-08 13:00:00+00:00,4318.8,4362.02,4317.95,4357.54,161607.514
2025-09-08 13:15:00+00:00,4357.56,4361.74,4334.87,4338.37,89484.76
2025-09-08 13:30:00+00:00,4338.36,4347.41,4317.0,4331.53,115604.352
2025-09-08 13:45:00+00:00,4331.54,4339.44,4313.0,4318.15,65178.481
2025-09-08 14:00:00+00:00,4318.14,4335.8,4312.22,4325.32,56615.807
2025-09-08 14:15:00+00:00,4325.33,4343.77,4316.61,4341.44,44405.893
2025-09-08 14:30:00+00:00,4341.43,4358.0,4336.0,4342.2,93106.987
2025-09-08 14:45:00+00:00,4342.2,4353.09,4339.0,4349.2,37859.161
2025-09-08 15:00:00+00:00,4349.19,4365.0,4342.56,4360.96,55408.928
2025-09-08 15:15:00+00:00,4360.97,4382.75,4360.96,4379.4,127328.984
2025-09-08 15:30:00+00:00,4379.4,4380.5,4360.18,4370.34,66518.432
2025-09-08 15:45:00+00:00,4370.34,4371.99,4360.0,4369.82,27147.254
2025-09-08 16:00:00+00:00,4369.82,4371.88,4356.14,4356.24,43185.751
2025-09-08 16:15:00+00:00,4356.24,4366.49,4347.76,4363.56,54747.086
2025-09-08 16:30:00+00:00,4363.56,4364.49,4333.66,4345.0,55718.91
2025-09-08 16:45:00+00:00,4345.0,4345.01,4332.33,4337.53,44291.728
2025-09-08 17:00:00+00:00,4337.53,4339.0,4326.05,4328.95,42670.648
2025-09-08 17:15:00+00:00,4328.96,4341.22,4328.96,4339.2,33472.641
2025-09-08 17:30:00+00:00,4339.21,4339.48,4322.35,4323.37,30891.944
2025-09-08 17:45:00+00:00,4323.36,4327.03,4297.52,4309.27,129013.136
2025-09-08 18:00:00+00:00,4309.26,4321.64,4307.71,4316.27,38766.626
2025-09-08 18:15:00+00:00,4316.27,4327.15,4316.27,4327.01,21769.301
2025-09-08 18:30:00+00:00,4327.0,4328.5,4318.01,4325.17,15567.92
2025-09-08 18:45:00+00:00,4325.17,4333.99,4324.7,4327.58,20853.634
2025-09-08 19:00:00+00:00,4327.58,4327.58,4306.54,4312.5,30660.708
2025-09-08 19:15:00+00:00,4312.5,4313.85,4298.86,4308.9,36894.144
2025-09-08 19:30:00+00:00,4308.9,4309.81,4282.0,4291.15,83332.676
2025-09-08 19:45:00+00:00,4291.15,4298.28,4285.71,4291.27,26291.021
2025-09-08 20:00:00+00:00,4291.28,4296.28,4283.2,4288.01,32143.568
2025-09-08 20:15:00+00:00,4288.0,4288.88,4280.22,4284.46,32985.393
2025-09-08 20:30:00+00:00,4284.46,4299.93,4282.71,4286.03,36947.744
2025-09-08 20:45:00+00:00,4286.03,4296.62,4285.0,4296.62,18864.476
2025-09-08 21:00:00+00:00,4296.62,4304.09,4292.53,4300.48,19999.481
2025-09-08 21:15:00+00:00,4300.47,4307.2,4299.0,4305.94,17297.508
2025-09-08 21:30:00+00:00,4305.94,4314.64,4302.72,4307.14,22251.853
2025-09-08 21:45:00+00:00,4307.15,4320.33,4307.1,4320.01,19021.453
2025-09-08 22:00:00+00:00,4320.01,4331.0,4315.8,4322.39,53561.435
2025-09-08 22:15:00+00:00,4322.39,4323.48,4314.6,4316.91,16665.96
2025-09-08 22:30:00+00:00,4316.92,4318.88,4308.01,4313.74,25055.571
2025-09-08 22:45:00+00:00,4313.74,4317.68,4305.62,4309.26,14322.069
2025-09-08 23:00:00+00:00,4309.26,4318.52,4306.41,4312.6,13113.243
2025-09-08 23:15:00+00:00,4312.6,4318.5,4294.51,4301.5,25007.752
2025-09-08 23:30:00+00:00,4301.5,4304.07,4294.36,4298.08,19118.039
2025-09-08 23:45:00+00:00,4298.09,4309.5,4296.0,4303.98,14883.283
2025-09-09 00:00:00+00:00,4303.97,4309.0,4301.1,4306.3,22170.573
2025-09-09 00:15:00+00:00,4306.29,4313.91,4293.16,4298.19,31848.356
2025-09-09 00:30:00+00:00,4298.19,4298.46,4286.77,4297.91,31177.818
2025-09-09 00:45:00+00:00,4297.9,4306.05,4290.0,4299.61,18795.657
2025-09-09 01:00:00+00:00,4299.6,4306.16,4295.27,4296.12,15694.377
2025-09-09 01:15:00+00:00,4296.11,4296.11,4282.0,4287.96,54506.938
2025-09-09 01:30:00+00:00,4287.97,4293.27,4280.0,4292.72,29083.817
2025-09-09 01:45:00+00:00,4292.72,4292.75,4282.3,4284.95,15908.728
2025-09-09 02:00:00+00:00,4284.96,4286.66,4277.93,4280.52,27392.942
2025-09-09 02:15:00+00:00,4280.52,4289.39,4275.0,4283.16,37649.198
2025-09-09 02:30:00+00:00,4283.17,4293.48,4280.49,4287.68,19557.809
2025-09-09 02:45:00+00:00,4287.69,4290.75,4275.38,4288.47,27506.186
2025-09-09 03:00:00+00:00,4288.47,4296.28,4286.05,4294.11,18345.376
2025-09-09 03:15:00+00:00,4294.1,4303.75,4291.07,4299.85,33418.835
2025-09-09 03:30:00+00:00,4299.85,4302.67,4292.44,4299.46,15527.804
2025-09-09 03:45:00+00:00,4299.46,4307.12,4296.66,4304.98,22091.023
2025-09-09 04:00:00+00:00,4304.99,4306.28,4301.4,4301.76,14267.647
2025-09-09 04:15:00+00:00,4301.76,4314.0,4301.33,4309.16,27036.55
2025-09-09 04:30:00+00:00,4309.16,4312.69,4305.4,4308.11,22213.903
2025-09-09 04:45:00+00:00,4308.1,4315.99,4305.06,4311.76,17530.102
2025-09-09 05:00:00+00:00,4311.77,4312.72,4303.06,4304.94,15350.633
2025-09-09 05:15:00+00:00,4304.94,4309.36,4300.03,4305.76,18015.041
2025-09-09 05:30:00+00:00,4305.77,4309.56,4303.64,4309.55,8629.875
2025-09-09 05:45:00+00:00,4309.55,4319.4,4308.37,4316.99,19228.84
2025-09-09 06:00:00+00:00,4317.0,4342.99,4313.2,4340.63,81151.597
2025-09-09 06:15:00+00:00,4340.63,4351.11,4335.04,4344.13,89260.11
2025-09-09 06:30:00+00:00,4344.12,4370.0,4344.12,4359.47,98547.871
2025-09-09 06:45:00+00:00,4359.45,4374.0,4358.56,4363.99,90996.987
2025-09-09 07:00:00+00:00,4363.99,4377.72,4363.5,4373.4,63482.709
2025-09-09 07:15:00+00:00,4373.4,4380.77,4366.36,4370.86,70324.014
2025-09-09 07:30:00+00:00,4370.85,4371.24,4353.5,4354.61,67113.237
2025-09-09 07:45:00+00:00,4354.61,4361.27,4345.0,4360.43,60788.742
2025-09-09 08:00:00+00:00,4360.42,4366.33,4354.0,4355.94,35335.124
2025-09-09 08:15:00+00:00,4355.94,4359.14,4341.72,4357.87,56223.155
2025-09-09 08:30:00+00:00,4357.88,4365.36,4357.87,4360.13,24710.274
2025-09-09 08:45:00+00:00,4360.14,4360.63,4348.3,4358.35,31115.832
2025-09-09 09:00:00+00:00,4358.34,4360.0,4350.79,4354.99,18140.882
2025-09-09 09:15:00+00:00,4355.0,4364.52,4354.99,4364.51,16467.312
2025-09-09 09:30:00+00:00,4364.51,4365.0,4358.0,4359.7,13683.515
2025-09-09 09:45:00+00:00,4359.71,4361.09,4353.29,4355.56,20400.013
2025-09-09 10:00:00+00:00,4355.57,4361.94,4354.93,4356.87,13767.396
2025-09-09 10:15:00+00:00,4356.87,4359.6,4343.83,4344.38,24135.405
2025-09-09 10:30:00+00:00,4344.38,4359.5,4340.0,4357.08,34681.632
2025-09-09 10:45:00+00:00,4357.07,4357.24,4341.79,4346.74,32588.914
2025-09-09 11:00:00+00:00,4346.75,4353.59,4344.95,4348.73,13098.575
2025-09-09 11:15:00+00:00,4348.74,4354.32,4342.53,4353.01,18180.175
2025-09-09 11:30:00+00:00,4353.0,4354.03,4346.1,4351.11,16015.695
2025-09-09 11:45:00+00:00,4351.12,4354.67,4344.9,4345.83,21035.479
2025-09-09 12:00:00+00:00,4345.83,4357.68,4326.47,4355.0,99955.621
2025-09-09 12:15:00+00:00,4355.0,4365.9,4353.92,4365.08,32499.675
2025-09-09 12:30:00+00:00,4365.09,4366.43,4345.57,4347.19,46752.051
2025-09-09 12:45:00+00:00,4347.2,4353.62,4343.33,4343.7,22376.345
2025-09-09 13:00:00+00:00,4343.69,4346.24,4327.0,4338.18,79706.04
2025-09-09 13:15:00+00:00,4338.19,4341.86,4320.9,4340.01,59434.82
2025-09-09 13:30:00+00:00,4340.0,4358.37,4336.03,4356.14,69697.899
2025-09-09 13:45:00+00:00,4356.14,4359.12,4335.65,4345.0,47303.371
2025-09-09 14:00:00+00:00,4344.99,4360.5,4304.3,4334.27,265843.881
2025-09-09 14:15:00+00:00,4334.27,4335.1,4311.43,4320.31,62281.824
2025-09-09 14:30:00+00:00,4320.32,4320.32,4283.0,4289.94,223472.557
2025-09-09 14:45:00+00:00,4289.93,4304.97,4285.51,4303.57,76984.882
2025-09-09 15:00:00+00:00,4303.57,4307.31,4282.14,4289.78,77906.697
2025-09-09 15:15:00+00:00,4289.78,4296.27,4280.38,4288.51,58371.629
2025-09-09 15:30:00+00:00,4288.51,4290.0,4275.0,4277.17,73673.865
2025-09-09 15:45:00+00:00,4277.16,4294.0,4275.93,4282.64,75053.468
2025-09-09 16:00:00+00:00,4282.64,4292.53,4278.55,4292.53,47429.193
2025-09-09 16:15:00+00:00,4292.52,4295.79,4280.0,4285.36,39825.501
2025-09-09 16:30:00+00:00,4285.35,4289.4,4280.0,4280.8,24877.762
2025-09-09 16:45:00+00:00,4280.81,4287.41,4276.0,4286.3,25476.125
2025-09-09 17:00:00+00:00,4286.31,4294.99,4284.93,4289.0,30835.297
2025-09-09 17:15:00+00:00,4288.99,4291.8,4280.0,4282.03,18737.88
2025-09-09 17:30:00+00:00,4282.03,4284.6,4278.0,4284.28,22487.218
2025-09-09 17:45:00+00:00,4284.27,4286.44,4280.0,4284.42,14395.21
2025-09-09 18:00:00+00:00,4284.41,4288.64,4278.83,4283.62,20536.394
2025-09-09 18:15:00+00:00,4283.62,4292.0,4282.3,4288.33,18262.576
2025-09-09 18:30:00+00:00,4288.33,4288.33,4280.6,4280.96,13978.47
2025-09-09 18:45:00+00:00,4280.95,4288.0,4280.84,4284.63,10141.269
2025-09-09 19:00:00+00:00,4284.63,4291.55,4283.22,4289.2,12211.909
2025-09-09 19:15:00+00:00,4289.2,4294.6,4286.66,4294.51,15249.829
2025-09-09 19:30:00+00:00,4294.51,4297.99,4288.93,4290.84,17876.872
2025-09-09 19:45:00+00:00,4290.85,4296.22,4290.25,4292.55,9682.166
2025-09-09 20:00:00+00:00,4292.55,4292.88,4282.0,4285.41,14945.363
2025-09-09 20:15:00+00:00,4285.41,4289.86,4279.0,4282.41,17488.978
2025-09-09 20:30:00+00:00,4282.42,4288.0,4282.24,4284.99,8331.722
2025-09-09 20:45:00+00:00,4284.99,4304.0,4284.99,4302.98,26716.681
2025-09-09 21:00:00+00:00,4302.98,4318.71,4297.64,4312.51,32721.958
2025-09-09 21:15:00+00:00,4312.51,4318.0,4292.41,4297.6,22906.156
2025-09-09 21:30:00+00:00,4297.6,4311.26,4294.65,4300.76,12783.903
2025-09-09 21:45:00+00:00,4300.75,4302.44,4295.21,4300.75,7114.026
2025-09-09 22:00:00+00:00,4300.76,4314.31,4297.0,4312.48,17692.627
2025-09-09 22:15:00+00:00,4312.49,4312.87,4306.49,4307.15,10240.494
2025-09-09 22:30:00+00:00,4307.14,4313.01,4305.64,4313.01,7898.251
2025-09-09 22:45:00+00:00,4313.01,4317.27,4308.18,4316.95,13497.17
2025-09-09 23:00:00+00:00,4316.94,4317.29,4310.0,4310.75,13731.739
2025-09-09 23:15:00+00:00,4310.76,4311.0,4303.0,4306.28,10224.59
2025-09-09 23:30:00+00:00,4306.28,4313.92,4300.99,4313.63,10719.967
2025-09-09 23:45:00+00:00,4313.63,4314.08,4305.9,4308.4,9035.021
2025-09-10 00:00:00+00:00,4308.41,4313.43,4305.0,4309.03,13552.578
2025-09-10 00:15:00+00:00,4309.03,4309.03,4294.08,4296.21,26907.582
2025-09-10 00:30:00+00:00,4296.21,4303.95,4291.45,4297.5,18983.357
2025-09-10 00:45:00+00:00,4297.49,4297.85,4283.0,4284.0,35285.06
2025-09-10 01:00:00+00:00,4284.01,4290.0,4283.63,4289.88,17579.285
2025-09-10 01:15:00+00:00,4289.88,4304.69,4288.11,4299.99,29685.219
2025-09-10 01:30:00+00:00,4299.99,4313.14,4298.0,4302.64,30429.748
2025-09-10 01:45:00+00:00,4302.64,4304.3,4295.45,4300.76,19313.825
2025-09-10 02:00:00+00:00,4300.75,4314.5,4300.75,4311.43,33892.235
2025-09-10 02:15:00+00:00,4311.43,4325.53,4308.74,4316.94,38135.366
2025-09-10 02:30:00+00:00,4316.94,4324.58,4314.25,4319.46,19070.174
2025-09-10 02:45:00+00:00,4319.47,4322.13,4313.1,4315.72,20306.701
2025-09-10 03:00:00+00:00,4315.72,4317.01,4309.0,4317.01,20223.993
2025-09-10 03:15:00+00:00,4317.0,4322.41,4304.83,4308.7,26725.875
2025-09-10 03:30:00+00:00,4308.69,4317.82,4308.37,4310.41,9898.831
2025-09-10 03:45:00+00:00,4310.4,4318.84,4310.4,4318.84,14464.681
2025-09-10 04:00:00+00:00,4318.83,4318.84,4310.03,4316.43,21361.252
2025-09-10 04:15:00+00:00,4316.42,4316.43,4309.71,4314.36,10634.158
2025-09-10 04:30:00+00:00,4314.36,4316.0,4306.09,4308.93,13773.593
2025-09-10 04:45:00+00:00,4308.92,4312.41,4306.02,4310.32,9620.019
2025-09-10 05:00:00+00:00,4310.33,4310.33,4301.61,4308.46,17618.817
2025-09-10 05:15:00+00:00,4308.47,4314.4,4300.1,4312.14,21233.13
2025-09-10 05:30:00+00:00,4312.14,4316.21,4309.0,4314.68,13245.643
2025-09-10 05:45:00+00:00,4314.68,4316.61,4292.66,4306.33,44557.316
2025-09-10 06:00:00+00:00,4306.32,4306.33,4295.39,4298.01,18963.22
2025-09-10 06:15:00+00:00,4298.01,4308.83,4297.1,4308.01,12047.448
2025-09-10 06:30:00+00:00,4308.01,4314.49,4305.63,4312.91,19825.073
2025-09-10 06:45:00+00:00,4312.9,4317.21,4308.69,4311.61,21399.466
2025-09-10 07:00:00+00:00,4311.61,4317.83,4310.0,4317.25,14486.425
2025-09-10 07:15:00+00:00,4317.25,4332.25,4311.0,4329.32,44207.405
2025-09-10 07:30:00+00:00,4329.32,4331.67,4320.54,4323.36,35567.225
2025-09-10 07:45:00+00:00,4323.36,4331.2,4320.0,4327.66,29075.802
2025-09-10 08:00:00+00:00,4327.67,4331.2,4322.63,4331.2,32784.507
2025-09-10 08:15:00+00:00,4331.2,4333.01,4321.32,4327.0,35693.5
2025-09-10 08:30:00+00:00,4326.99,4329.25,4322.0,4327.2,20895.002
2025-09-10 08:45:00+00:00,4327.19,4332.24,4323.68,4330.01,26758.53
2025-09-10 09:00:00+00:00,4330.0,4331.0,4305.57,4316.58,50026.271
2025-09-10 09:15:00+00:00,4316.58,4323.22,4311.0,4319.49,22033.911
2025-09-10 09:30:00+00:00,4319.49,4325.99,4317.48,4320.29,14549.379
2025-09-10 09:45:00+00:00,4320.28,4325.41,4318.59,4322.87,10243.318
2025-09-10 10:00:00+00:00,4322.87,4325.5,4319.0,4321.46,15551.819
2025-09-10 10:15:00+00:00,4321.47,4327.79,4314.42,4327.21,22622.444
2025-09-10 10:30:00+00:00,4327.2,4331.0,4325.35,4328.21,24432.612
2025-09-10 10:45:00+00:00,4328.21,4329.17,4324.0,4325.23,14196.262
2025-09-10 11:00:00+00:00,4325.23,4330.8,4323.76,4330.73,14998.957
2025-09-10 11:15:00+00:00,4330.72,4331.3,4324.99,4327.51,17099.438
2025-09-10 11:30:00+00:00,4327.51,4328.0,4320.13,4322.89,14735.645
2025-09-10 11:45:00+00:00,4322.88,4329.58,4321.61,4329.58,11986.903
2025-09-10 12:00:00+00:00,4329.58,4334.77,4328.0,4331.67,29983.594
2025-09-10 12:15:00+00:00,4331.67,4349.12,4329.66,4343.22,68283.78
2025-09-10 12:30:00+00:00,4343.23,4395.0,4343.0,4377.47,402303.047
2025-09-10 12:45:00+00:00,4377.47,4381.84,4356.01,4369.27,98088.967
2025-09-10 13:00:00+00:00,4369.27,4392.0,4364.0,4383.3,118453.24
2025-09-10 13:15:00+00:00,4383.3,4390.35,4367.59,4369.94,72674.607
2025-09-10 13:30:00+00:00,4369.95,4387.99,4355.41,4386.06,102534.271
2025-09-10 13:45:00+00:00,4386.05,4440.0,4386.05,4416.72,324880.052
2025-09-10 14:00:00+00:00,4416.73,4453.56,4416.73,4434.38,182413.68
2025-09-10 14:15:00+00:00,4434.38,4443.18,4423.0,4423.0,77961.023
2025-09-10 14:30:00+00:00,4423.0,4431.0,4407.88,4418.88,86061.792
2025-09-10 14:45:00+00:00,4418.88,4420.55,4396.03,4399.42,94674.591
2025-09-10 15:00:00+00:00,4399.42,4421.52,4399.41,4421.51,56601.737
2025-09-10 15:15:00+00:00,4421.51,4423.49,4402.0,4404.0,67141.993
2025-09-10 15:30:00+00:00,4404.01,4408.0,4394.02,4407.94,44314.387
2025-09-10 15:45:00+00:00,4407.94,4409.47,4397.21,4403.5,29619.412
2025-09-10 16:00:00+00:00,4403.49,4407.35,4380.76,4381.54,76281.406
2025-09-10 16:15:00+00:00,4381.54,4387.67,4358.33,4372.0,102737.49
2025-09-10 16:30:00+00:00,4372.0,4377.97,4361.88,4372.19,51709.005
2025-09-10 16:45:00+00:00,4372.19,4384.0,4367.53,4383.99,55133.457
2025-09-10 17:00:00+00:00,4383.99,4393.95,4376.55,4390.14,60589.818
2025-09-10 17:15:00+00:00,4390.15,4395.65,4339.56,4346.67,126386.559
2025-09-10 17:30:00+00:00,4346.66,4358.9,4339.98,4354.91,80828.106
2025-09-10 17:45:00+00:00,4354.9,4366.32,4351.15,4364.53,40303.191
2025-09-10 18:00:00+00:00,4364.52,4372.08,4352.07,4358.47,48321.737
2025-09-10 18:15:00+00:00,4358.47,4358.47,4329.37,4333.73,80478.996
2025-09-10 18:30:00+00:00,4333.74,4347.89,4326.33,4339.87,67156.234
2025-09-10 18:45:00+00:00,4339.86,4343.44,4324.61,4339.59,50722.084
2025-09-10 19:00:00+00:00,4339.59,4340.72,4320.0,4321.48,48467.939
2025-09-10 19:15:00+00:00,4321.48,4323.48,4299.42,4306.92,128642.43
2025-09-10 19:30:00+00:00,4306.92,4316.38,4297.01,4311.81,92303.389
2025-09-10 19:45:00+00:00,4311.81,4325.02,4309.65,4320.26,41581.187
2025-09-10 20:00:00+00:00,4320.26,4331.27,4318.33,4329.99,42290.048
2025-09-10 20:15:00+00:00,4329.99,4333.31,4323.78,4328.56,26502.146
2025-09-10 20:30:00+00:00,4328.55,4332.59,4323.07,4328.2,13888.041
2025-09-10 20:45:00+00:00,4328.2,4329.97,4323.53,4327.88,13063.118
2025-09-10 21:00:00+00:00,4327.89,4340.22,4326.31,4337.5,28539.476
2025-09-10 21:15:00+00:00,4337.51,4342.71,4329.03,4330.99,24945.357
2025-09-10 21:30:00+00:00,4331.0,4349.0,4330.99,4346.89,21715.399
2025-09-10 21:45:00+00:00,4346.89,4352.89,4341.48,4347.72,15358.704
2025-09-10 22:00:00+00:00,4347.73,4354.69,4345.0,4350.31,29186.651
2025-09-10 22:15:00+00:00,4350.32,4351.84,4340.88,4344.5,16447.684
2025-09-10 22:30:00+00:00,4344.51,4344.72,4335.09,4338.71,21701.872
2025-09-10 22:45:00+00:00,4338.7,4346.67,4337.0,4344.0,25048.5
2025-09-10 23:00:00+00:00,4343.99,4353.75,4343.81,4345.62,21268.182
2025-09-10 23:15:00+00:00,4345.61,4353.82,4342.82,4342.82,22141.7
2025-09-10 23:30:00+00:00,4342.82,4345.72,4336.59,4344.0,18734.687
2025-09-10 23:45:00+00:00,4343.99,4349.11,4341.88,4347.83,13079.708
2025-09-11 00:00:00+00:00,4347.83,4347.83,4336.85,4336.85,18926.51
2025-09-11 00:15:00+00:00,4336.86,4346.11,4336.8,4345.61,18684.573
2025-09-11 00:30:00+00:00,4345.61,4347.44,4338.27,4345.6,12660.241
2025-09-11 00:45:00+00:00,4345.6,4358.75,4343.78,4357.5,26909.207
2025-09-11 01:00:00+00:00,4357.49,4380.89,4352.53,4377.98,63186.216
2025-09-11 01:15:00+00:00,4377.98,4381.48,4365.0,4369.36,27726.624
2025-09-11 01:30:00+00:00,4369.36,4374.96,4360.88,4364.33,16497.21
2025-09-11 01:45:00+00:00,4364.32,4367.91,4360.59,4363.69,9675.491
2025-09-11 02:00:00+00:00,4363.69,4376.84,4361.35,4373.01,14665.383
2025-09-11 02:15:00+00:00,4373.01,4373.45,4360.0,4369.22,33975.165
2025-09-11 02:30:00+00:00,4369.21,4380.0,4365.44,4379.99,26239.163
2025-09-11 02:45:00+00:00,4380.0,4383.99,4374.51,4374.78,24276.774
2025-09-11 03:00:00+00:00,4374.78,4379.84,4370.81,4376.8,15840.001
2025-09-11 03:15:00+00:00,4376.8,4394.23,4375.21,4392.78,41299.955
2025-09-11 03:30:00+00:00,4392.77,4393.0,4385.0,4387.7,23613.836
2025-09-11 03:45:00+00:00,4387.69,4407.0,4387.27,4402.0,54999.097
2025-09-11 04:00:00+00:00,4402.01,4407.1,4393.66,4400.29,41642.982
2025-09-11 04:15:00+00:00,4400.29,4416.96,4400.29,4411.97,64448.527
2025-09-11 04:30:00+00:00,4411.97,4417.45,4403.17,4413.87,36655.844
2025-09-11 04:45:00+00:00,4413.88,4414.98,4406.91,4409.99,21948.767
2025-09-11 05:00:00+00:00,4409.99,4412.54,4401.61,4403.07,34677.425
2025-09-11 05:15:00+00:00,4403.07,4412.54,4396.72,4405.45,44682.365
2025-09-11 05:30:00+00:00,4405.45,4425.0,4404.84,4414.84,59731.697
2025-09-11 05:45:00+00:00,4414.84,4421.2,4413.05,4417.26,23029.297
2025-09-11 06:00:00+00:00,4417.27,4422.0,4405.0,4417.56,35017.365
2025-09-11 06:15:00+00:00,4417.55,4434.22,4413.01,4425.69,71785.424
2025-09-11 06:30:00+00:00,4425.69,4439.88,4424.0,4436.07,56030.923
2025-09-11 06:45:00+00:00,4436.07,4442.0,4431.02,4438.47,50096.378
2025-09-11 07:00:00+00:00,4438.47,4450.27,4424.59,4443.33,108708.404
2025-09-11 07:15:00+00:00,4443.32,4445.49,4433.11,4435.45,36372.029
2025-09-11 07:30:00+00:00,4435.46,4442.56,4430.2,4440.34,36765.915
2025-09-11 07:45:00+00:00,4440.35,4444.05,4436.61,4439.0,28990.198
2025-09-11 08:00:00+00:00,4439.0,4441.67,4428.25,4432.0,38161.337
2025-09-11 08:15:00+00:00,4432.01,4432.76,4426.0,4427.46,27672.06
2025-09-11 08:30:00+00:00,4427.47,4439.0,4427.47,4436.05,18545.459
2025-09-11 08:45:00+00:00,4436.05,4436.97,4429.65,4429.96,15678.421
2025-09-11 09:00:00+00:00,4429.97,4433.41,4418.69,4418.7,40801.247
2025-09-11 09:15:00+00:00,4418.71,4421.78,4411.5,4415.01,55405.105
2025-09-11 09:30:00+00:00,4415.0,4415.01,4406.0,4410.01,44984.69
2025-09-11 09:45:00+00:00,4410.01,4419.91,4404.77,4415.01,33820.121
2025-09-11 10:00:00+00:00,4415.02,4428.4,4413.35,4426.29,34189.932
2025-09-11 10:15:00+00:00,4426.28,4426.7,4420.14,4422.27,15121.693
2025-09-11 10:30:00+00:00,4422.26,4424.24,4416.6,4420.07,18709.704
2025-09-11 10:45:00+00:00,4420.08,4429.2,4417.61,4426.38,21444.582
2025-09-11 11:00:00+00:00,4426.38,4437.0,4421.24,4432.54,36276.361
2025-09-11 11:15:00+00:00,4432.54,4433.91,4425.38,4425.53,18874.267
2025-09-11 11:30:00+00:00,4425.54,4437.69,4421.33,4434.28,35880.638
2025-09-11 11:45:00+00:00,4434.28,4437.0,4426.63,4428.06,17123.661
2025-09-11 12:00:00+00:00,4428.06,4464.5,4421.86,4452.57,154120.359
2025-09-11 12:15:00+00:00,4452.58,4474.0,4436.06,4471.68,120768.77
2025-09-11 12:30:00+00:00,4471.66,4483.44,4328.88,4413.23,527379.305
2025-09-11 12:45:00+00:00,4413.23,4443.93,4412.78,4424.45,167289.633
2025-09-11 13:00:00+00:00,4424.44,4426.0,4381.11,4390.86,163404.534
2025-09-11 13:15:00+00:00,4390.86,4413.0,4382.42,4405.6,82488.506
2025-09-11 13:30:00+00:00,4405.6,4423.0,4395.48,4397.93,96460.431
2025-09-11 13:45:00+00:00,4397.92,4441.35,4390.06,4435.77,122155.004
2025-09-11 14:00:00+00:00,4435.78,4436.99,4408.19,4409.53,76048.926
2025-09-11 14:15:00+00:00,4409.53,4409.84,4394.01,4406.74,80352.265
2025-09-11 14:30:00+00:00,4406.73,4433.33,4405.86,4428.31,74366.603
2025-09-11 14:45:00+00:00,4428.31,4431.28,4415.71,4425.01,36866.403
2025-09-11 15:00:00+00:00,4425.02,4430.5,4416.25,4418.71,29302.026
2025-09-11 15:15:00+00:00,4418.72,4429.94,4410.45,4414.1,31623.891
2025-09-11 15:30:00+00:00,4414.11,4420.77,4406.54,4409.48,28708.78
2025-09-11 15:45:00+00:00,4409.47,4411.83,4398.24,4410.41,53060.974
2025-09-11 16:00:00+00:00,4410.4,4421.13,4410.4,4418.63,31691.037
2025-09-11 16:15:00+00:00,4418.63,4424.48,4409.49,4409.54,22377.554
2025-09-11 16:30:00+00:00,4409.53,4420.0,4405.0,4416.11,20087.836
2025-09-11 16:45:00+00:00,4416.12,4416.91,4406.66,4415.89,14640.604
2025-09-11 17:00:00+00:00,4415.88,4432.4,4411.57,4428.67,33517.274
2025-09-11 17:15:00+00:00,4428.68,4436.81,4426.09,4426.15,31611.197
2025-09-11 17:30:00+00:00,4426.15,4440.0,4426.15,4434.42,29576.076
2025-09-11 17:45:00+00:00,4434.42,4439.0,4425.64,4431.61,15747.032
2025-09-11 18:00:00+00:00,4431.62,4435.45,4422.87,4422.87,19953.433
2025-09-11 18:15:00+00:00,4422.87,4422.88,4410.0,4414.54,39724.659
2025-09-11 18:30:00+00:00,4414.54,4422.01,4406.25,4421.57,29627.579
2025-09-11 18:45:00+00:00,4421.56,4422.51,4411.68,4417.98,11255.281
2025-09-11 19:00:00+00:00,4417.99,4422.0,4411.43,4412.55,11873.398
2025-09-11 19:15:00+00:00,4412.54,4427.4,4411.0,4421.35,19900.012
2025-09-11 19:30:00+00:00,4421.36,4427.68,4419.71,4424.65,16320.267
2025-09-11 19:45:00+00:00,4424.66,4429.0,4420.36,4422.31,15292.388
2025-09-11 20:00:00+00:00,4422.36,4425.54,4413.52,4413.81,11842.746
2025-09-11 20:15:00+00:00,4413.81,4422.0,4413.65,4417.77,7889.288
2025-09-11 20:30:00+00:00,4417.77,4420.2,4414.2,4414.73,8352.522
2025-09-11 20:45:00+00:00,4414.74,4418.62,4413.16,4415.51,7759.063
2025-09-11 21:00:00+00:00,4415.51,4422.32,4413.52,4418.5,8425.87
2025-09-11 21:15:00+00:00,4418.5,4420.82,4414.16,4416.86,7299.926
2025-09-11 21:30:00+00:00,4416.86,4421.98,4416.85,4421.45,9629.953
2025-09-11 21:45:00+00:00,4421.45,4429.46,4418.9,4427.07,11662.672
2025-09-11 22:00:00+00:00,4427.07,4431.16,4422.22,4425.49,25173.686
2025-09-11 22:15:00+00:00,4425.48,4449.99,4425.48,4441.44,75340.788
2025-09-11 22:30:00+00:00,4441.44,4450.83,4436.0,4445.92,50649.655
2025-09-11 22:45:00+00:00,4445.92,4460.0,4445.92,4451.38,50405.531
2025-09-11 23:00:00+00:00,4451.37,4467.85,4449.22,4463.58,39907.791
2025-09-11 23:15:00+00:00,4463.59,4467.0,4458.05,4459.43,25815.78
2025-09-11 23:30:00+00:00,4459.44,4460.48,4451.84,4458.0,19390.4
2025-09-11 23:45:00+00:00,4458.0,4462.0,4454.01,4456.86,16244.665
2025-09-12 00:00:00+00:00,4456.87,4463.0,4450.48,4454.79,31416.94
2025-09-12 00:15:00+00:00,4454.78,4469.44,4448.35,4461.83,34209.302
2025-09-12 00:30:00+00:00,4461.83,4516.75,4460.65,4507.3,190123.254
2025-09-12 00:45:00+00:00,4507.3,4538.6,4490.3,4510.81,204820.167
2025-09-12 01:00:00+00:00,4510.82,4529.92,4510.81,4529.92,73965.368
2025-09-12 01:15:00+00:00,4529.92,4531.72,4516.58,4520.83,47078.176
2025-09-12 01:30:00+00:00,4520.84,4521.04,4505.88,4512.41,50339.856
2025-09-12 01:45:00+00:00,4512.41,4513.5,4492.17,4496.57,54990.636
2025-09-12 02:00:00+00:00,4496.57,4512.0,4494.44,4508.0,40832.82
2025-09-12 02:15:00+00:00,4508.0,4522.32,4507.99,4513.74,38774.382
2025-09-12 02:30:00+00:00,4513.74,4523.12,4506.21,4513.28,25393.548
2025-09-12 02:45:00+00:00,4513.29,4513.61,4501.45,4505.58,30206.215
2025-09-12 03:00:00+00:00,4505.59,4507.29,4496.0,4500.6,23341.304
2025-09-12 03:15:00+00:00,4500.6,4507.1,4497.63,4500.0,17703.962
2025-09-12 03:30:00+00:00,4500.0,4504.7,4486.05,4495.36,43577.527
2025-09-12 03:45:00+00:00,4495.36,4504.99,4494.29,4503.61,30162.389
2025-09-12 04:00:00+00:00,4503.61,4510.0,4498.08,4507.83,25096.51
2025-09-12 04:15:00+00:00,4507.83,4518.34,4506.19,4516.0,26945.033
2025-09-12 04:30:00+00:00,4516.0,4520.9,4514.15,4517.53,28875.81
2025-09-12 04:45:00+00:00,4517.53,4523.0,4512.72,4519.25,25065.348
2025-09-12 05:00:00+00:00,4519.25,4521.43,4512.23,4514.86,18569.61
2025-09-12 05:15:00+00:00,4514.86,4527.97,4514.41,4518.18,29544.908
2025-09-12 05:30:00+00:00,4518.17,4528.15,4515.8,4527.61,20293.833
2025-09-12 05:45:00+00:00,4527.62,4557.59,4526.17,4556.6,123640.463
2025-09-12 06:00:00+00:00,4556.61,4562.0,4545.75,4545.93,62135.798
2025-09-12 06:15:00+00:00,4545.92,4553.97,4541.13,4544.04,32047.539
2025-09-12 06:30:00+00:00,4544.03,4548.58,4536.0,4541.04,29784.244
2025-09-12 06:45:00+00:00,4541.04,4542.19,4530.09,4537.5,36136.158
2025-09-12 07:00:00+00:00,4537.5,4548.69,4535.11,4544.4,29199.213
2025-09-12 07:15:00+00:00,4544.39,4549.73,4534.6,4536.99,23527.229
2025-09-12 07:30:00+00:00,4536.99,4537.0,4525.01,4527.73,44082.528
2025-09-12 07:45:00+00:00,4527.73,4529.53,4522.65,4524.39,29145.237
2025-09-12 08:00:00+00:00,4524.39,4532.25,4518.02,4523.86,42209.148
2025-09-12 08:15:00+00:00,4523.87,4525.77,4512.1,4519.31,42551.14
2025-09-12 08:30:00+00:00,4519.31,4521.01,4514.13,4517.06,17369.732
2025-09-12 08:45:00+00:00,4517.05,4519.43,4511.81,4516.29,21733.759
2025-09-12 09:00:00+00:00,4516.28,4523.95,4515.65,4522.0,25060.627
2025-09-12 09:15:00+00:00,4522.01,4522.5,4513.31,4516.28,15229.317
2025-09-12 09:30:00+00:00,4516.27,4526.99,4516.0,4516.5,25354.447
2025-09-12 09:45:00+00:00,4516.5,4520.06,4502.3,4513.7,56027.284
2025-09-12 10:00:00+00:00,4513.69,4522.52,4507.0,4515.79,29284.207
2025-09-12 10:15:00+00:00,4515.8,4515.8,4505.81,4509.8,23876.869
2025-09-12 10:30:00+00:00,4509.79,4513.93,4508.13,4510.56,11697.211
2025-09-12 10:45:00+00:00,4510.56,4515.97,4508.0,4515.12,13563.952
2025-09-12 11:00:00+00:00,4515.12,4523.8,4511.91,4519.24,24268.33
2025-09-12 11:15:00+00:00,4519.23,4534.76,4519.23,4533.0,37762.433
2025-09-12 11:30:00+00:00,4533.0,4533.59,4522.38,4524.17,25732.995
2025-09-12 11:45:00+00:00,4524.18,4524.84,4514.63,4519.32,19018.718
2025-09-12 12:00:00+00:00,4519.32,4520.5,4501.66,4510.59,50580.742
2025-09-12 12:15:00+00:00,4510.59,4519.16,4507.73,4517.57,27182.569
2025-09-12 12:30:00+00:00,4517.56,4519.02,4510.0,4517.03,13202.19
2025-09-12 12:45:00+00:00,4517.03,4529.38,4515.6,4524.97,27813.022
2025-09-12 13:00:00+00:00,4524.96,4528.35,4519.86,4520.79,16144.178
2025-09-12 13:15:00+00:00,4520.78,4521.57,4515.25,4517.01,16540.983
2025-09-12 13:30:00+00:00,4517.01,4524.89,4505.44,4513.61,55062.869
2025-09-12 13:45:00+00:00,4513.61,4542.0,4510.0,4537.98,71057.368
2025-09-12 14:00:00+00:00,4537.98,4563.0,4530.95,4544.61,134619.546
2025-09-12 14:15:00+00:00,4544.61,4570.0,4540.88,4557.2,104235.859
2025-09-12 14:30:00+00:00,4557.2,4562.6,4522.0,4523.24,109654.842
2025-09-12 14:45:00+00:00,4523.25,4545.8,4523.25,4545.16,45301.015
2025-09-12 15:00:00+00:00,4545.16,4547.99,4528.36,4531.2,38122.328
2025-09-12 15:15:00+00:00,4531.19,4542.14,4528.11,4530.39,25805.378
2025-09-12 15:30:00+00:00,4530.38,4541.87,4526.3,4539.35,22622.496
2025-09-12 15:45:00+00:00,4539.36,4549.95,4536.88,4540.16,26728.278
2025-09-12 16:00:00+00:00,4540.15,4546.52,4531.76,4546.43,26749.86
2025-09-12 16:15:00+00:00,4546.43,4570.35,4543.47,4567.3,68200.14
2025-09-12 16:30:00+00:00,4567.31,4574.52,4550.58,4557.55,55362.192
2025-09-12 16:45:00+00:00,4557.55,4574.76,4555.16,4573.66,38681.48
2025-09-12 17:00:00+00:00,4573.66,4576.49,4562.61,4575.0,40145.315
2025-09-12 17:15:00+00:00,4575.0,4591.75,4569.0,4587.99,86096.831
2025-09-12 17:30:00+00:00,4587.99,4618.71,4586.0,4615.99,146987.672
2025-09-12 17:45:00+00:00,4615.98,4627.0,4602.3,4611.34,110988.332
2025-09-12 18:00:00+00:00,4611.34,4613.84,4597.26,4609.62,51342.005
2025-09-12 18:15:00+00:00,4609.62,4618.33,4605.03,4613.33,35393.099
2025-09-12 18:30:00+00:00,4613.33,4625.49,4611.13,4613.04,50377.164
2025-09-12 18:45:00+00:00,4613.04,4622.51,4609.06,4622.48,25014.597
2025-09-12 19:00:00+00:00,4622.49,4624.5,4613.88,4617.59,31102.46
2025-09-12 19:15:00+00:00,4617.6,4628.88,4611.81,4627.09,32308.946
2025-09-12 19:30:00+00:00,4627.09,4642.0,4620.05,4641.32,77329.564
2025-09-12 19:45:00+00:00,4641.33,4658.8,4639.47,4656.0,126933.908
2025-09-12 20:00:00+00:00,4656.0,4656.08,4636.0,4640.51,93710.578
2025-09-12 20:15:00+00:00,4640.51,4644.33,4628.05,4642.1,58013.435
2025-09-12 20:30:00+00:00,4642.11,4666.0,4641.59,4663.31,76931.513
2025-09-12 20:45:00+00:00,4663.3,4691.25,4661.83,4668.37,122009.395
2025-09-12 21:00:00+00:00,4668.37,4670.02,4655.02,4667.53,84348.129
2025-09-12 21:15:00+00:00,4667.52,4669.95,4653.32,4658.55,28335.56
2025-09-12 21:30:00+00:00,4658.56,4658.56,4642.6,4648.54,36262.785
2025-09-12 21:45:00+00:00,4648.55,4653.73,4646.74,4648.5,14180.427
2025-09-12 22:00:00+00:00,4648.51,4668.0,4648.5,4662.0,36962.892
2025-09-12 22:15:00+00:00,4662.0,4750.0,4661.99,4713.61,212278.089
2025-09-12 22:30:00+00:00,4713.61,4724.0,4692.53,4695.77,72452.903
2025-09-12 22:45:00+00:00,4695.77,4705.4,4687.5,4693.35,44190.404
2025-09-12 23:00:00+00:00,4693.35,4695.21,4674.46,4677.24,44214.564
2025-09-12 23:15:00+00:00,4677.24,4711.13,4670.35,4705.1,82495.361
2025-09-12 23:30:00+00:00,4705.11,4705.11,4691.66,4694.0,24251.161
2025-09-12 23:45:00+00:00,4694.0,4715.0,4692.35,4710.83,49111.304
2025-09-13 00:00:00+00:00,4710.82,4718.19,4696.13,4697.7,36600.068
2025-09-13 00:15:00+00:00,4697.7,4708.73,4695.3,4697.53,22421.155
2025-09-13 00:30:00+00:00,4697.53,4704.61,4696.66,4699.24,16506.98
2025-09-13 00:45:00+00:00,4699.23,4709.97,4697.27,4703.43,21290.547
2025-09-13 01:00:00+00:00,4703.44,4729.97,4700.18,4719.32,43575.832
2025-09-13 01:15:00+00:00,4719.32,4733.81,4710.0,4711.32,39268.964
2025-09-13 01:30:00+00:00,4711.32,4722.25,4710.0,4710.77,34476.006
2025-09-13 01:45:00+00:00,4710.76,4711.99,4698.15,4698.32,39284.491
2025-09-13 02:00:00+00:00,4698.32,4713.0,4690.4,4707.65,36626.539
2025-09-13 02:15:00+00:00,4707.65,4710.9,4698.04,4706.2,16003.189
2025-09-13 02:30:00+00:00,4706.2,4706.54,4698.12,4702.32,14306.323
2025-09-13 02:45:00+00:00,4702.33,4705.33,4698.0,4701.25,15094.658
2025-09-13 03:00:00+00:00,4701.25,4712.32,4700.05,4711.36,22259.8
2025-09-13 03:15:00+00:00,4711.37,4727.52,4709.01,4724.0,50432.098
2025-09-13 03:30:00+00:00,4723.99,4746.99,4720.0,4745.25,84045.204
2025-09-13 03:45:00+00:00,4745.25,4768.0,4739.04,4754.75,95563.249
2025-09-13 04:00:00+00:00,4754.76,4755.2,4736.15,4736.88,50058.338
2025-09-13 04:15:00+00:00,4736.87,4742.5,4732.42,4733.57,21513.594
2025-09-13 04:30:00+00:00,4733.57,4746.0,4733.56,4745.04,23182.108
2025-09-13 04:45:00+00:00,4745.04,4752.79,4740.0,4740.37,27847.196
2025-09-13 05:00:00+00:00,4740.37,4740.95,4723.23,4729.24,46903.519
2025-09-13 05:15:00+00:00,4729.25,4729.25,4717.0,4719.95,61850.49
2025-09-13 05:30:00+00:00,4719.95,4724.4,4715.38,4722.68,22957.453
2025-09-13 05:45:00+00:00,4722.68,4722.68,4716.8,4721.5,14167.864
2025-09-13 06:00:00+00:00,4721.51,4729.45,4717.64,4726.81,27929.539
2025-09-13 06:15:00+00:00,4726.8,4726.81,4708.01,4713.11,40021.157
2025-09-13 06:30:00+00:00,4713.12,4717.85,4708.38,4712.39,22190.567
2025-09-13 06:45:00+00:00,4712.39,4712.4,4699.03,4708.79,52670.639
2025-09-13 07:00:00+00:00,4708.79,4713.09,4705.01,4712.75,17913.009
2025-09-13 07:15:00+00:00,4712.76,4719.99,4712.04,4716.85,21924.602
2025-09-13 07:30:00+00:00,4716.86,4721.56,4711.43,4713.18,17076.506
2025-09-13 07:45:00+00:00,4713.19,4714.03,4709.69,4709.69,10465.698
2025-09-13 08:00:00+00:00,4709.7,4718.7,4709.69,4716.81,12946.498
2025-09-13 08:15:00+00:00,4716.81,4719.63,4713.0,4716.06,10065.766
2025-09-13 08:30:00+00:00,4716.05,4726.0,4715.15,4722.09,20898.033
2025-09-13 08:45:00+00:00,4722.09,4729.48,4718.53,4728.0,17505.704
2025-09-13 09:00:00+00:00,4728.01,4728.58,4723.02,4726.3,20710.364
2025-09-13 09:15:00+00:00,4726.31,4726.31,4719.05,4719.54,12646.994
2025-09-13 09:30:00+00:00,4719.55,4724.5,4718.76,4724.08,9228.924
2025-09-13 09:45:00+00:00,4724.08,4732.0,4722.21,4730.46,18882.836
2025-09-13 10:00:00+00:00,4730.47,4738.33,4724.39,4733.33,28904.428
2025-09-13 10:15:00+00:00,4733.33,4735.43,4718.0,4718.33,22452.229
2025-09-13 10:30:00+00:00,4718.32,4718.33,4707.7,4717.99,26868.696
2025-09-13 10:45:00+00:00,4718.0,4719.16,4710.63,4716.12,13388.026
2025-09-13 11:00:00+00:00,4716.12,4717.77,4706.7,4709.37,18312.283
2025-09-13 11:15:00+00:00,4709.38,4712.5,4707.03,4712.17,14467.525
2025-09-13 11:30:00+00:00,4712.18,4723.44,4711.48,4722.06,16972.969
2025-09-13 11:45:00+00:00,4722.06,4722.06,4716.95,4717.86,10610.324
2025-09-13 12:00:00+00:00,4717.86,4718.07,4712.92,4715.41,11504.324
2025-09-13 12:15:00+00:00,4715.42,4716.98,4712.53,4716.72,7863.084
2025-09-13 12:30:00+00:00,4716.72,4729.48,4716.72,4722.01,26319.064
2025-09-13 12:45:00+00:00,4722.0,4723.71,4718.8,4718.81,9587.487
2025-09-13 13:00:00+00:00,4718.81,4720.16,4712.81,4718.78,13550.017
2025-09-13 13:15:00+00:00,4718.79,4724.27,4713.04,4722.49,14399.529
2025-09-13 13:30:00+00:00,4722.49,4722.78,4710.0,4710.02,19080.705
2025-09-13 13:45:00+00:00,4710.01,4711.01,4650.0,4684.0,249759.013
2025-09-13 14:00:00+00:00,4684.0,4688.5,4664.28,4682.76,108137.679
2025-09-13 14:15:00+00:00,4682.77,4707.19,4680.67,4699.15,68560.276
2025-09-13 14:30:00+00:00,4699.14,4701.27,4686.81,4694.51,33790.785
2025-09-13 14:45:00+00:00,4694.52,4698.92,4686.71,4687.04,19156.962
2025-09-13 15:00:00+00:00,4687.04,4697.87,4687.04,4693.0,17848.827
2025-09-13 15:15:00+00:00,4692.99,4704.0,4670.0,4679.35,61778.486
2025-09-13 15:30:00+00:00,4679.35,4679.62,4635.0,4653.36,166421.564
2025-09-13 15:45:00+00:00,4653.35,4660.5,4646.74,4651.44,61217.378
2025-09-13 16:00:00+00:00,4651.44,4665.02,4624.19,4631.25,171234.171
2025-09-13 16:15:00+00:00,4631.24,4639.68,4619.0,4636.48,77333.044
2025-09-13 16:30:00+00:00,4636.49,4643.7,4621.67,4633.99,43987.956
2025-09-13 16:45:00+00:00,4633.98,4636.37,4613.07,4621.38,63878.215
2025-09-13 17:00:00+00:00,4621.38,4623.9,4603.0,4605.46,90053.372
2025-09-13 17:15:00+00:00,4605.46,4628.99,4605.45,4619.49,45396.665
2025-09-13 17:30:00+00:00,4619.5,4635.89,4618.59,4631.11,38979.167
2025-09-13 17:45:00+00:00,4631.11,4640.5,4628.8,4631.48,26208.917
2025-09-13 18:00:00+00:00,4631.48,4641.95,4622.4,4640.3,35830.901
2025-09-13 18:15:00+00:00,4640.3,4649.1,4633.93,4645.65,30837.089
2025-09-13 18:30:00+00:00,4645.65,4646.6,4634.18,4643.61,21262.191
2025-09-13 18:45:00+00:00,4643.62,4644.2,4638.46,4640.55,9891.439
2025-09-13 19:00:00+00:00,4640.56,4647.24,4633.34,4636.99,19581.149
2025-09-13 19:15:00+00:00,4637.0,4642.85,4632.45,4640.52,17975.408
2025-09-13 19:30:00+00:00,4640.51,4646.6,4638.91,4642.01,10309.775
2025-09-13 19:45:00+00:00,4642.01,4643.23,4635.53,4635.85,12881.711
2025-09-13 20:00:00+00:00,4635.84,4660.0,4634.87,4655.22,48418.922
2025-09-13 20:15:00+00:00,4655.23,4657.77,4649.57,4653.78,16060.472
2025-09-13 20:30:00+00:00,4653.78,4658.06,4648.22,4649.28,12929.978
2025-09-13 20:45:00+00:00,4649.29,4655.79,4647.0,4655.19,10393.994
2025-09-13 21:00:00+00:00,4655.19,4664.0,4655.0,4656.66,19457.188
2025-09-13 21:15:00+00:00,4656.65,4665.0,4654.3,4660.39,12628.787
2025-09-13 21:30:00+00:00,4660.4,4661.03,4656.0,4657.91,6691.511
2025-09-13 21:45:00+00:00,4657.91,4662.58,4654.39,4661.05,5374.184
2025-09-13 22:00:00+00:00,4661.06,4663.37,4658.66,4659.99,9310.415
2025-09-13 22:15:00+00:00,4660.0,4660.0,4651.89,4655.24,8845.634
2025-09-13 22:30:00+00:00,4655.25,4655.66,4645.34,4653.19,12884.22
2025-09-13 22:45:00+00:00,4653.2,4657.13,4651.01,4656.46,7536.685
2025-09-13 23:00:00+00:00,4656.46,4663.94,4656.45,4663.25,9980.485
2025-09-13 23:15:00+00:00,4663.26,4670.94,4657.69,4657.69,26119.478
2025-09-13 23:30:00+00:00,4657.69,4661.2,4653.79,4657.11,12751.301
2025-09-13 23:45:00+00:00,4657.1,4665.84,4657.1,4664.74,6399.23
2025-09-14 00:00:00+00:00,4664.74,4675.95,4662.95,4674.41,22230.187
2025-09-14 00:15:00+00:00,4674.42,4677.5,4666.93,4672.89,20758.929
2025-09-14 00:30:00+00:00,4672.88,4678.98,4665.3,4666.14,16896.722
2025-09-14 00:45:00+00:00,4666.15,4672.05,4657.39,4668.26,18712.359
2025-09-14 01:00:00+00:00,4668.27,4668.27,4652.55,4653.33,24546.197
2025-09-14 01:15:00+00:00,4653.33,4659.25,4648.33,4658.0,16250.13
2025-09-14 01:30:00+00:00,4658.0,4664.78,4653.48,4663.78,10685.449
2025-09-14 01:45:00+00:00,4663.79,4676.87,4660.0,4671.36,21779.082
2025-09-14 02:00:00+00:00,4671.37,4687.99,4668.92,4686.98,27807.738
2025-09-14 02:15:00+00:00,4686.97,4691.3,4677.82,4679.01,23940.812
2025-09-14 02:30:00+00:00,4679.0,4679.0,4668.71,4676.78,15960.229
2025-09-14 02:45:00+00:00,4676.79,4683.74,4672.61,4681.62,11041.655
2025-09-14 03:00:00+00:00,4681.63,4685.0,4669.09,4673.9,23085.754
2025-09-14 03:15:00+00:00,4673.89,4676.0,4665.22,4671.54,14741.966
2025-09-14 03:30:00+00:00,4671.53,4675.67,4667.2,4670.8,9794.252
2025-09-14 03:45:00+00:00,4670.79,4673.48,4658.65,4661.0,23580.779
2025-09-14 04:00:00+00:00,4661.01,4663.0,4651.2,4654.04,31835.079
2025-09-14 04:15:00+00:00,4654.04,4659.0,4630.82,4656.74,76980.524
2025-09-14 04:30:00+00:00,4656.73,4664.29,4656.04,4664.28,19294.744
2025-09-14 04:45:00+00:00,4664.29,4666.01,4656.19,4657.52,13969.87
2025-09-14 05:00:00+00:00,4657.52,4672.29,4656.85,4666.83,15478.726
2025-09-14 05:15:00+00:00,4666.83,4677.3,4666.0,4674.73,16766.344
2025-09-14 05:30:00+00:00,4674.73,4678.12,4671.48,4672.39,11608.403
2025-09-14 05:45:00+00:00,4672.4,4675.7,4671.67,4674.24,6101.205
2025-09-14 06:00:00+00:00,4674.23,4679.99,4664.3,4668.49,25447.478
2025-09-14 06:15:00+00:00,4668.49,4672.39,4664.13,4669.34,9008.707
2025-09-14 06:30:00+00:00,4669.34,4670.0,4659.57,4660.5,15471.459
2025-09-14 06:45:00+00:00,4660.51,4666.85,4658.0,4664.69,9619.903
2025-09-14 07:00:00+00:00,4664.69,4664.7,4656.94,4659.34,11755.089
2025-09-14 07:15:00+00:00,4659.34,4666.4,4656.33,4664.33,13375.474
2025-09-14 07:30:00+00:00,4664.32,4666.15,4657.99,4657.99,5338.814
2025-09-14 07:45:00+00:00,4657.99,4658.61,4639.8,4648.81,29780.401
2025-09-14 08:00:00+00:00,4648.81,4653.06,4643.71,4652.88,20307.458
2025-09-14 08:15:00+00:00,4652.88,4659.87,4646.28,4655.0,19710.997
2025-09-14 08:30:00+00:00,4655.0,4661.99,4654.44,4661.07,11365.242
2025-09-14 08:45:00+00:00,4661.08,4663.09,4650.09,4653.83,12401.782
2025-09-14 09:00:00+00:00,4653.84,4662.32,4650.6,4659.12,17217.749
2025-09-14 09:15:00+00:00,4659.13,4671.76,4657.39,4665.53,30404.654
2025-09-14 09:30:00+00:00,4665.53,4672.61,4665.34,4667.47,16595.365
2025-09-14 09:45:00+00:00,4667.48,4669.31,4662.71,4663.72,10720.002
2025-09-14 10:00:00+00:00,4663.73,4668.0,4660.29,4660.29,10272.71
2025-09-14 10:15:00+00:00,4660.29,4667.08,4654.56,4656.38,12734.344
2025-09-14 10:30:00+00:00,4656.38,4659.22,4655.29,4657.01,8383.448
2025-09-14 10:45:00+00:00,4657.01,4661.5,4656.55,4657.89,7713.922
2025-09-14 11:00:00+00:00,4657.88,4666.04,4657.88,4660.6,14755.498
2025-09-14 11:15:00+00:00,4660.59,4661.95,4635.26,4638.14,53138.209
2025-09-14 11:30:00+00:00,4638.14,4641.67,4626.23,4629.8,53162.53
2025-09-14 11:45:00+00:00,4629.79,4637.0,4623.96,4632.87,30985.44
2025-09-14 12:00:00+00:00,4632.88,4638.57,4630.24,4632.75,24043.735
2025-09-14 12:15:00+00:00,4632.76,4642.69,4632.75,4640.74,23253.556
2025-09-14 12:30:00+00:00,4640.73,4642.94,4624.86,4626.0,26843.557
2025-09-14 12:45:00+00:00,4626.0,4632.89,4612.2,4630.59,76663.283
2025-09-14 13:00:00+00:00,4630.61,4633.22,4617.02,4621.98,32676.431
2025-09-14 13:15:00+00:00,4621.99,4625.61,4606.6,4614.18,46839.632
2025-09-14 13:30:00+00:00,4614.19,4625.66,4610.37,4620.0,30007.031
2025-09-14 13:45:00+00:00,4620.0,4623.0,4603.78,4610.63,56222.367
2025-09-14 14:00:00+00:00,4610.63,4642.72,4610.21,4630.68,68676.84
2025-09-14 14:15:00+00:00,4630.69,4630.96,4604.98,4612.6,73121.885
2025-09-14 14:30:00+00:00,4612.6,4617.5,4576.0,4589.52,220048.482
2025-09-14 14:45:00+00:00,4589.53,4605.05,4580.0,4599.85,95898.127
2025-09-14 15:00:00+00:00,4599.85,4603.3,4575.0,4586.0,86849.105
2025-09-14 15:15:00+00:00,4586.0,4594.25,4584.35,4586.64,30700.028
2025-09-14 15:30:00+00:00,4586.63,4594.0,4578.01,4584.45,29363.401
2025-09-14 15:45:00+00:00,4584.45,4588.3,4577.5,4580.22,23290.574
2025-09-14 16:00:00+00:00,4580.22,4598.49,4577.5,4586.65,40025.605
2025-09-14 16:15:00+00:00,4586.65,4606.46,4585.53,4605.01,37722.518
2025-09-14 16:30:00+00:00,4605.0,4609.12,4597.01,4605.49,20116.131
2025-09-14 16:45:00+00:00,4605.49,4605.49,4591.78,4595.14,18101.759
2025-09-14 17:00:00+00:00,4595.14,4604.51,4588.6,4603.71,23638.005
2025-09-14 17:15:00+00:00,4603.71,4625.73,4602.31,4615.77,39846.004
2025-09-14 17:30:00+00:00,4615.78,4624.42,4612.03,4622.63,23805.281
2025-09-14 17:45:00+00:00,4622.62,4628.0,4614.76,4618.38,19039.201
2025-09-14 18:00:00+00:00,4618.37,4619.04,4610.41,4615.69,13521.053
2025-09-14 18:15:00+00:00,4615.7,4615.7,4607.7,4609.57,11680.917
2025-09-14 18:30:00+00:00,4609.57,4613.1,4604.05,4605.99,9072.493
2025-09-14 18:45:00+00:00,4605.99,4607.76,4598.53,4602.1,13739.952
2025-09-14 19:00:00+00:00,4602.09,4612.33,4590.01,4609.99,28839.92
2025-09-14 19:15:00+00:00,4610.0,4619.43,4608.49,4618.76,15891.311
2025-09-14 19:30:00+00:00,4618.76,4623.92,4616.41,4619.96,11410.408
2025-09-14 19:45:00+00:00,4619.95,4622.5,4608.09,4613.96,13417.843
2025-09-14 20:00:00+00:00,4613.95,4626.0,4612.05,4624.16,14450.118
2025-09-14 20:15:00+00:00,4624.16,4626.5,4616.8,4619.64,12246.502
2025-09-14 20:30:00+00:00,4619.63,4622.7,4613.35,4622.5,7931.143
2025-09-14 20:45:00+00:00,4622.5,4623.01,4613.12,4614.93,7136.846
2025-09-14 21:00:00+00:00,4614.93,4617.3,4596.32,4615.7,24762.621
2025-09-14 21:15:00+00:00,4615.7,4621.48,4613.53,4613.53,10453.601
2025-09-14 21:30:00+00:00,4613.53,4634.75,4613.53,4633.09,26189.442
2025-09-14 21:45:00+00:00,4633.09,4635.0,4622.11,4628.51,22434.013
2025-09-14 22:00:00+00:00,4628.51,4630.75,4608.66,4617.53,28502.711
2025-09-14 22:15:00+00:00,4617.53,4620.9,4613.9,4618.4,12941.74
2025-09-14 22:30:00+00:00,4618.4,4630.51,4616.24,4629.7,11357.005
2025-09-14 22:45:00+00:00,4629.71,4634.72,4626.61,4626.98,16940.298
2025-09-14 23:00:00+00:00,4626.99,4628.4,4606.22,4610.59,30025.185
2025-09-14 23:15:00+00:00,4610.58,4618.0,4605.51,4608.3,22647.242
2025-09-14 23:30:00+00:00,4608.31,4608.86,4599.32,4604.0,20604.713
2025-09-14 23:45:00+00:00,4604.0,4610.16,4600.0,4602.0,14756.486
2025-09-15 00:00:00+00:00,4602.0,4606.76,4591.72,4596.56,32779.537
2025-09-15 00:15:00+00:00,4596.56,4614.41,4585.57,4613.22,40585.377
2025-09-15 00:30:00+00:00,4613.21,4614.41,4600.0,4600.39,22336.144
2025-09-15 00:45:00+00:00,4600.4,4610.63,4597.52,4599.69,15276.149
2025-09-15 01:00:00+00:00,4599.68,4603.17,4579.32,4583.17,45501.005
2025-09-15 01:15:00+00:00,4583.18,4604.86,4578.01,4601.47,38954.493
2025-09-15 01:30:00+00:00,4601.48,4620.62,4600.45,4615.19,38728.58
2025-09-15 01:45:00+00:00,4615.19,4621.82,4608.61,4616.23,15778.13
2025-09-15 02:00:00+00:00,4616.23,4628.68,4615.17,4620.84,31681.975
2025-09-15 02:15:00+00:00,4620.85,4626.41,4615.8,4615.9,13269.957
2025-09-15 02:30:00+00:00,4615.89,4619.5,4608.61,4618.97,12643.746
2025-09-15 02:45:00+00:00,4618.98,4623.88,4613.25,4618.49,9312.531
2025-09-15 03:00:00+00:00,4618.5,4634.0,4617.37,4630.47,21645.571
2025-09-15 03:15:00+00:00,4630.47,4634.99,4624.91,4628.22,17382.103
2025-09-15 03:30:00+00:00,4628.21,4631.99,4621.75,4628.17,12738.23
2025-09-15 03:45:00+00:00,4628.17,4641.81,4628.17,4634.46,30417.742
2025-09-15 04:00:00+00:00,4634.46,4649.39,4634.45,4640.81,41223.06
2025-09-15 04:15:00+00:00,4640.8,4658.88,4638.78,4645.8,69315.848
2025-09-15 04:30:00+00:00,4645.8,4653.0,4641.25,4642.59,27220.58
2025-09-15 04:45:00+00:00,4642.6,4647.6,4638.19,4640.98,17567.757
2025-09-15 05:00:00+00:00,4640.98,4650.76,4638.0,4648.26,12373.267
2025-09-15 05:15:00+00:00,4648.27,4663.12,4648.0,4657.99,52723.547
2025-09-15 05:30:00+00:00,4657.99,4660.58,4654.0,4655.0,14684.678
2025-09-15 05:45:00+00:00,4655.0,4661.3,4652.94,4660.48,20391.952
2025-09-15 06:00:00+00:00,4660.48,4668.0,4653.26,4663.69,37569.695
2025-09-15 06:15:00+00:00,4663.7,4667.0,4648.06,4649.29,32822.062
2025-09-15 06:30:00+00:00,4649.3,4651.96,4631.38,4637.19,59695.195
2025-09-15 06:45:00+00:00,4637.18,4638.6,4615.0,4628.0,69760.372
2025-09-15 07:00:00+00:00,4628.0,4638.64,4626.86,4636.1,27029.327
2025-09-15 07:15:00+00:00,4636.11,4640.5,4622.45,4623.48,21335.735
2025-09-15 07:30:00+00:00,4623.48,4623.49,4591.98,4605.01,110503.608
2025-09-15 07:45:00+00:00,4605.01,4608.83,4585.16,4594.94,103381.351
2025-09-15 08:00:00+00:00,4594.94,4594.94,4531.11,4562.32,317892.081
2025-09-15 08:15:00+00:00,4562.32,4569.0,4551.05,4557.53,70182.475
2025-09-15 08:30:00+00:00,4557.53,4560.0,4545.0,4551.32,58372.89
2025-09-15 08:45:00+00:00,4551.32,4551.33,4506.0,4508.27,283047.888
2025-09-15 09:00:00+00:00,4508.27,4532.32,4495.72,4516.15,161121.563
2025-09-15 09:15:00+00:00,4516.16,4533.86,4505.84,4527.2,88172.312
2025-09-15 09:30:00+00:00,4527.2,4533.99,4517.16,4525.01,47457.87
2025-09-15 09:45:00+00:00,4525.0,4525.0,4513.92,4524.5,42925.554
2025-09-15 10:00:00+00:00,4524.5,4525.16,4505.18,4507.64,49092.618
2025-09-15 10:15:00+00:00,4507.64,4519.33,4506.08,4517.63,32857.919
2025-09-15 10:30:00+00:00,4517.63,4523.66,4513.23,4522.83,22368.603
2025-09-15 10:45:00+00:00,4522.82,4533.97,4520.0,4527.79,31366.798
2025-09-15 11:00:00+00:00,4527.79,4534.99,4518.82,4533.21,29659.371
2025-09-15 11:15:00+00:00,4533.21,4536.8,4525.52,4527.62,22511.144
2025-09-15 11:30:00+00:00,4527.62,4537.82,4525.0,4530.94,21829.97
2025-09-15 11:45:00+00:00,4530.94,4531.39,4521.0,4528.25,27593.385
2025-09-15 12:00:00+00:00,4528.25,4530.29,4516.65,4528.89,32405.769
2025-09-15 12:15:00+00:00,4528.89,4534.85,4510.07,4512.65,43988.877
2025-09-15 12:30:00+00:00,4512.65,4526.4,4506.33,4526.4,49945.25
2025-09-15 12:45:00+00:00,4526.4,4526.62,4507.41,4513.33,37971.679
2025-09-15 13:00:00+00:00,4513.33,4525.0,4506.92,4522.7,34679.991
2025-09-15 13:15:00+00:00,4522.7,4528.58,4515.36,4526.07,20720.243
2025-09-15 13:30:00+00:00,4526.08,4540.14,4488.77,4495.91,192411.747
2025-09-15 13:45:00+00:00,4495.91,4523.52,4492.11,4513.51,117411.876
2025-09-15 14:00:00+00:00,4513.51,4516.65,4495.93,4508.69,60938.83
2025-09-15 14:15:00+00:00,4508.69,4527.7,4499.06,4525.83,56631.762
2025-09-15 14:30:00+00:00,4525.83,4528.0,4510.24,4523.64,34314.799
2025-09-15 14:45:00+00:00,4523.63,4526.59,4508.4,4508.82,21862.416
2025-09-15 15:00:00+00:00,4508.82,4519.34,4496.02,4498.96,46133.911
2025-09-15 15:15:00+00:00,4498.96,4502.41,4471.2,4489.09,157553.486
2025-09-15 15:30:00+00:00,4489.09,4490.32,4463.0,4478.11,118884.825
2025-09-15 15:45:00+00:00,4478.12,4508.55,4472.28,4497.46,77226.592
2025-09-15 16:00:00+00:00,4497.46,4505.43,4477.22,4503.7,69143.628
2025-09-15 16:15:00+00:00,4503.69,4506.73,4488.67,4490.37,28115.906
2025-09-15 16:30:00+00:00,4490.37,4509.75,4485.79,4508.84,26279.706
2025-09-15 16:45:00+00:00,4508.85,4508.85,4487.0,4493.14,23974.22
2025-09-15 17:00:00+00:00,4493.14,4502.69,4488.27,4495.05,21180.773
2025-09-15 17:15:00+00:00,4495.05,4499.53,4472.49,4484.01,36490.007
2025-09-15 17:30:00+00:00,4484.01,4497.05,4481.39,4494.25,19324.005
2025-09-15 17:45:00+00:00,4494.25,4508.26,4488.32,4507.52,23376.862
2025-09-15 18:00:00+00:00,4507.51,4511.5,4490.0,4492.05,30415.545
2025-09-15 18:15:00+00:00,4492.04,4498.84,4486.64,4487.1,14324.279
2025-09-15 18:30:00+00:00,4487.1,4494.39,4485.0,4485.42,16216.898
2025-09-15 18:45:00+00:00,4485.43,4507.87,4484.29,4499.07,23280.504
2025-09-15 19:00:00+00:00,4499.07,4512.32,4493.28,4496.0,28911.209
2025-09-15 19:15:00+00:00,4496.0,4496.0,4481.91,4485.14,25419.931
2025-09-15 19:30:00+00:00,4485.14,4498.67,4474.0,4494.67,33879.345
2025-09-15 19:45:00+00:00,4494.66,4501.8,4485.76,4491.8,23228.107
2025-09-15 20:00:00+00:00,4491.79,4502.29,4486.04,4499.05,15262.858
2025-09-15 20:15:00+00:00,4499.05,4508.43,4497.25,4501.76,21154.35
2025-09-15 20:30:00+00:00,4501.76,4509.54,4500.12,4508.82,12870.884
2025-09-15 20:45:00+00:00,4508.82,4511.83,4505.93,4508.53,12831.624
2025-09-15 21:00:00+00:00,4508.53,4514.32,4504.07,4508.9,12132.395
2025-09-15 21:15:00+00:00,4508.9,4518.12,4508.38,4514.44,17817.551
2025-09-15 21:30:00+00:00,4514.44,4523.54,4511.56,4520.82,18090.175
2025-09-15 21:45:00+00:00,4520.83,4526.4,4518.0,4522.05,16011.129
2025-09-15 22:00:00+00:00,4522.04,4528.0,4510.8,4519.42,21357.134
2025-09-15 22:15:00+00:00,4519.42,4523.23,4516.4,4517.63,6810.374
2025-09-15 22:30:00+00:00,4517.62,4520.0,4506.98,4512.01,9123.668
2025-09-15 22:45:00+00:00,4512.01,4514.96,4508.63,4511.77,7483.712
2025-09-15 23:00:00+00:00,4511.77,4517.54,4505.74,4517.1,9099.128
2025-09-15 23:15:00+00:00,4517.09,4526.0,4514.86,4523.74,10543.884
2025-09-15 23:30:00+00:00,4523.74,4525.54,4517.0,4517.95,8974.575
2025-09-15 23:45:00+00:00,4517.95,4524.78,4517.02,4521.54,7116.828
2025-09-16 00:00:00+00:00,4521.54,4521.54,4512.71,4514.55,12838.671
2025-09-16 00:15:00+00:00,4514.55,4521.44,4503.41,4506.47,21886.53
2025-09-16 00:30:00+00:00,4506.47,4513.82,4505.47,4510.32,11502.862
2025-09-16 00:45:00+00:00,4510.31,4513.51,4502.4,4511.89,12766.034
2025-09-16 01:00:00+00:00,4511.9,4528.99,4511.24,4523.59,24485.008
2025-09-16 01:15:00+00:00,4523.6,4536.31,4523.59,4529.7,32301.196
2025-09-16 01:30:00+00:00,4529.69,4535.0,4520.9,4525.03,17256.151
2025-09-16 01:45:00+00:00,4525.03,4532.56,4512.73,4515.73,23338.087
2025-09-16 02:00:00+00:00,4515.74,4528.44,4515.0,4526.0,16291.662
2025-09-16 02:15:00+00:00,4526.0,4530.0,4520.6,4524.06,8452.526
2025-09-16 02:30:00+00:00,4524.05,4529.16,4515.5,4516.7,9739.486
2025-09-16 02:45:00+00:00,4516.7,4520.7,4510.96,4511.45,12092.948
2025-09-16 03:00:00+00:00,4511.45,4517.6,4511.45,4516.0,9889.817
2025-09-16 03:15:00+00:00,4516.0,4518.83,4513.0,4517.15,8493.744
2025-09-16 03:30:00+00:00,4517.15,4530.0,4517.14,4523.91,21745.361
2025-09-16 03:45:00+00:00,4523.92,4524.99,4518.57,4518.97,7589.548
2025-09-16 04:00:00+00:00,4518.97,4521.79,4505.23,4507.96,24571.097
2025-09-16 04:15:00+00:00,4507.96,4512.49,4485.02,4512.35,60169.093
2025-09-16 04:30:00+00:00,4512.35,4514.79,4507.27,4512.41,14123.497
2025-09-16 04:45:00+00:00,4512.41,4519.77,4509.48,4517.33,17345.829
2025-09-16 05:00:00+00:00,4517.33,4529.84,4513.34,4526.07,29656.649
2025-09-16 05:15:00+00:00,4526.07,4531.62,4510.0,4517.99,34534.083
2025-09-16 05:30:00+00:00,4518.0,4526.81,4517.99,4525.3,19115.558
2025-09-16 05:45:00+00:00,4525.31,4528.84,4522.15,4527.36,11677.412
2025-09-16 06:00:00+00:00,4527.37,4534.87,4523.93,4532.99,26678.386
2025-09-16 06:15:00+00:00,4532.99,4533.92,4513.5,4514.39,27458.333
2025-09-16 06:30:00+00:00,4514.39,4514.71,4490.97,4504.06,67584.357
2025-09-16 06:45:00+00:00,4504.05,4508.0,4497.5,4506.57,20121.811
2025-09-16 07:00:00+00:00,4506.57,4510.5,4501.08,4503.95,18722.654
2025-09-16 07:15:00+00:00,4503.95,4511.66,4502.69,4509.0,11779.629
2025-09-16 07:30:00+00:00,4508.99,4512.0,4500.0,4507.65,14025.999
2025-09-16 07:45:00+00:00,4507.65,4513.88,4507.4,4510.65,13026.835
2025-09-16 08:00:00+00:00,4510.64,4527.0,4510.64,4525.56,31728.784
2025-09-16 08:15:00+00:00,4525.56,4529.9,4510.0,4511.5,34418.595
2025-09-16 08:30:00+00:00,4511.51,4512.33,4496.4,4502.54,38539.161
2025-09-16 08:45:00+00:00,4502.54,4512.0,4500.01,4509.52,14064.033
2025-09-16 09:00:00+00:00,4509.51,4512.0,4506.0,4507.96,9883.313
2025-09-16 09:15:00+00:00,4507.96,4513.37,4504.21,4505.11,11013.801
2025-09-16 09:30:00+00:00,4505.1,4510.41,4500.59,4503.61,13090.938
2025-09-16 09:45:00+00:00,4503.61,4515.0,4503.35,4509.37,13389.56
2025-09-16 10:00:00+00:00,4509.37,4512.72,4503.81,4508.0,16536.391
2025-09-16 10:15:00+00:00,4508.0,4511.83,4505.27,4506.99,10105.91
2025-09-16 10:30:00+00:00,4507.0,4508.9,4499.0,4499.6,15978.275
2025-09-16 10:45:00+00:00,4499.59,4507.85,4491.0,4496.01,34790.832
2025-09-16 11:00:00+00:00,4496.0,4500.0,4491.11,4494.73,21341.027
2025-09-16 11:15:00+00:00,4494.74,4500.99,4492.4,4498.85,17345.742
2025-09-16 11:30:00+00:00,4498.86,4504.97,4497.64,4498.58,13060.919
2025-09-16 11:45:00+00:00,4498.58,4504.72,4496.0,4499.39,15865.354
2025-09-16 12:00:00+00:00,4499.4,4504.21,4497.17,4499.14,11443.523
2025-09-16 12:15:00+00:00,4499.15,4503.2,4493.2,4495.18,15492.631
2025-09-16 12:30:00+00:00,4495.19,4504.67,4494.44,4499.51,18503.682
2025-09-16 12:45:00+00:00,4499.51,4502.26,4495.18,4497.97,12832.554
2025-09-16 13:00:00+00:00,4497.97,4508.07,4496.28,4497.65,25403.416
2025-09-16 13:15:00+00:00,4497.65,4509.13,4495.0,4506.72,20226.676
2025-09-16 13:30:00+00:00,4506.71,4510.81,4451.48,4452.95,209791.443
2025-09-16 13:45:00+00:00,4452.95,4475.22,4427.5,4471.49,281124.589
2025-09-16 14:00:00+00:00,4471.49,4471.5,4421.01,4432.5,176766.202
2025-09-16 14:15:00+00:00,4432.5,4444.29,4425.2,4437.02,97226.876
2025-09-16 14:30:00+00:00,4437.02,4441.15,4427.0,4438.0,54991.297
2025-09-16 14:45:00+00:00,4437.99,4451.09,4436.69,4444.33,44243.712
2025-09-16 15:00:00+00:00,4444.33,4445.53,4428.13,4431.57,56311.601
2025-09-16 15:15:00+00:00,4431.57,4452.41,4431.37,4444.65,43721.35
2025-09-16 15:30:00+00:00,4444.65,4451.67,4440.01,4449.06,27588.792
2025-09-16 15:45:00+00:00,4449.06,4468.64,4444.31,4465.74,66420.663
2025-09-16 16:00:00+00:00,4465.73,4469.67,4454.57,4456.96,62657.221
2025-09-16 16:15:00+00:00,4456.97,4462.46,4444.49,4460.53,48449.114
2025-09-16 16:30:00+00:00,4460.53,4463.59,4453.37,4456.9,19500.098
2025-09-16 16:45:00+00:00,4456.89,4462.47,4452.2,4461.12,14563.6
2025-09-16 17:00:00+00:00,4461.12,4494.71,4460.12,4489.28,141328.098
2025-09-16 17:15:00+00:00,4489.28,4508.77,4489.28,4500.41,78393.4
2025-09-16 17:30:00+00:00,4500.41,4506.65,4484.15,4489.87,65182.612
2025-09-16 17:45:00+00:00,4489.88,4493.97,4474.86,4484.27,79297.031
2025-09-16 18:00:00+00:00,4484.27,4494.3,4483.37,4489.29,30495.686
2025-09-16 18:15:00+00:00,4489.28,4494.0,4478.75,4481.52,18890.946
2025-09-16 18:30:00+00:00,4481.52,4481.75,4463.84,4468.01,39827.167
2025-09-16 18:45:00+00:00,4468.0,4479.6,4465.45,4472.33,20036.027
2025-09-16 19:00:00+00:00,4472.33,4481.73,4468.6,4481.55,15652.607
2025-09-16 19:15:00+00:00,4481.54,4484.63,4475.0,4476.72,13704.676
2025-09-16 19:30:00+00:00,4476.72,4481.04,4471.46,4479.86,10896.693
2025-09-16 19:45:00+00:00,4479.86,4492.84,4479.64,4488.96,25679.493
2025-09-16 20:00:00+00:00,4488.96,4493.07,4484.02,4486.89,14959.734
2025-09-16 20:15:00+00:00,4486.9,4490.54,4481.01,4487.25,9683.219
2025-09-16 20:30:00+00:00,4487.24,4495.0,4484.31,4492.76,13456.913
2025-09-16 20:45:00+00:00,4492.77,4497.31,4491.71,4496.2,13092.808
2025-09-16 21:00:00+00:00,4496.17,4509.0,4488.32,4490.5,31065.792
2025-09-16 21:15:00+00:00,4490.5,4499.96,4488.0,4494.69,13308.094
2025-09-16 21:30:00+00:00,4494.69,4499.98,4494.49,4498.31,11306.872
2025-09-16 21:45:00+00:00,4498.31,4507.76,4498.3,4505.83,11094.86
2025-09-16 22:00:00+00:00,4505.83,4514.24,4501.0,4509.26,21843.18
2025-09-16 22:15:00+00:00,4509.25,4512.08,4505.0,4505.6,17039.085
2025-09-16 22:30:00+00:00,4505.6,4519.71,4498.04,4517.89,27143.517
2025-09-16 22:45:00+00:00,4517.88,4523.19,4515.9,4517.9,24413.116
2025-09-16 23:00:00+00:00,4517.9,4521.55,4513.31,4517.52,16123.205
2025-09-16 23:15:00+00:00,4517.52,4518.6,4501.37,4504.61,23707.755
2025-09-16 23:30:00+00:00,4504.6,4507.79,4492.02,4497.63,29771.186
2025-09-16 23:45:00+00:00,4497.64,4502.94,4495.34,4499.41,12792.469
2025-09-17 00:00:00+00:00,4499.41,4502.41,4490.5,4495.77,23581.582
2025-09-17 00:15:00+00:00,4495.78,4514.32,4495.78,4509.7,33225.705
2025-09-17 00:30:00+00:00,4509.71,4514.8,4506.8,4512.17,18821.861
2025-09-17 00:45:00+00:00,4512.17,4513.83,4505.4,4511.69,10774.441
2025-09-17 01:00:00+00:00,4511.69,4514.0,4506.0,4510.99,9107.883
2025-09-17 01:15:00+00:00,4510.99,4518.0,4503.15,4514.85,21274.389
2025-09-17 01:30:00+00:00,4514.85,4514.9,4500.01,4504.59,16161.842
2025-09-17 01:45:00+00:00,4504.6,4511.89,4501.12,4511.89,10138.262
2025-09-17 02:00:00+00:00,4511.89,4512.7,4505.24,4510.51,10848.82
2025-09-17 02:15:00+00:00,4510.51,4515.13,4506.82,4514.13,12914.105
2025-09-17 02:30:00+00:00,4514.14,4542.05,4513.04,4535.83,82703.676
2025-09-17 02:45:00+00:00,4535.83,4551.49,4527.31,4528.24,97921.672
2025-09-17 03:00:00+00:00,4528.24,4528.71,4513.49,4523.6,30556.423
2025-09-17 03:15:00+00:00,4523.61,4528.17,4515.0,4517.45,26407.506
2025-09-17 03:30:00+00:00,4517.45,4518.8,4502.13,4502.83,35221.283
2025-09-17 03:45:00+00:00,4502.83,4507.0,4493.01,4495.23,39551.259
2025-09-17 04:00:00+00:00,4495.23,4503.17,4494.19,4498.16,21550.173
2025-09-17 04:15:00+00:00,4498.17,4498.96,4483.53,4485.9,42214.165
2025-09-17 04:30:00+00:00,4485.89,4485.9,4476.22,4481.14,30835.559
2025-09-17 04:45:00+00:00,4481.15,4481.15,4461.38,4474.7,70482.262
2025-09-17 05:00:00+00:00,4474.67,4488.07,4474.17,4484.38,43019.971
2025-09-17 05:15:00+00:00,4484.38,4486.65,4478.32,4479.7,17705.803
2025-09-17 05:30:00+00:00,4479.71,4489.3,4479.7,4488.68,14870.067
2025-09-17 05:45:00+00:00,4488.67,4516.77,4476.15,4512.39,74117.074
2025-09-17 06:00:00+00:00,4512.39,4516.37,4501.49,4513.18,46125.35
2025-09-17 06:15:00+00:00,4513.18,4524.43,4512.0,4517.01,38827.944
2025-09-17 06:30:00+00:00,4517.01,4539.66,4517.0,4536.73,55619.611
2025-09-17 06:45:00+00:00,4536.74,4548.14,4528.16,4543.61,72318.986
2025-09-17 07:00:00+00:00,4543.61,4547.84,4535.24,4544.75,40846.74
2025-09-17 07:15:00+00:00,4544.76,4554.09,4534.12,4540.0,58628.632
2025-09-17 07:30:00+00:00,4540.01,4544.0,4537.52,4538.37,27299.151
2025-09-17 07:45:00+00:00,4538.36,4544.33,4538.36,4542.33,16289.197
2025-09-17 08:00:00+00:00,4542.33,4543.98,4515.0,4515.07,64566.231
2025-09-17 08:15:00+00:00,4515.08,4521.55,4507.84,4509.15,41419.93
2025-09-17 08:30:00+00:00,4509.16,4510.98,4495.84,4500.91,90374.415
2025-09-17 08:45:00+00:00,4500.9,4511.94,4498.5,4509.28,34892.494
2025-09-17 09:00:00+00:00,4509.29,4509.29,4502.26,4504.01,20669.133
2025-09-17 09:15:00+00:00,4504.0,4508.33,4499.01,4505.47,17979.453
2025-09-17 09:30:00+00:00,4505.48,4507.83,4499.17,4501.89,20216.386
2025-09-17 09:45:00+00:00,4501.9,4502.89,4492.53,4493.08,29576.657
2025-09-17 10:00:00+00:00,4493.09,4499.4,4488.0,4488.6,31202.337
2025-09-17 10:15:00+00:00,4488.61,4491.18,4481.16,4483.31,33542.922
2025-09-17 10:30:00+00:00,4483.31,4489.0,4478.19,4485.89,29757.882
2025-09-17 10:45:00+00:00,4485.89,4486.8,4477.0,4481.86,33188.488
2025-09-17 11:00:00+00:00,4481.85,4488.52,4477.34,4487.54,30654.161
2025-09-17 11:15:00+00:00,4487.54,4496.14,4484.83,4491.41,30836.384
2025-09-17 11:30:00+00:00,4491.4,4492.3,4487.31,4488.56,14849.789
2025-09-17 11:45:00+00:00,4488.55,4493.97,4488.55,4489.22,12472.075
2025-09-17 12:00:00+00:00,4489.23,4492.3,4481.23,4488.36,23151.852
2025-09-17 12:15:00+00:00,4488.35,4505.01,4482.91,4504.16,32246.141
2025-09-17 12:30:00+00:00,4504.15,4512.17,4490.23,4496.73,44598.005
2025-09-17 12:45:00+00:00,4496.73,4504.69,4494.18,4500.39,19445.395
2025-09-17 13:00:00+00:00,4500.38,4509.39,4498.64,4504.7,17957.082
2025-09-17 13:15:00+00:00,4504.69,4510.5,4501.28,4502.62,15669.85
2025-09-17 13:30:00+00:00,4502.63,4504.91,4481.1,4487.78,60885.329
2025-09-17 13:45:00+00:00,4487.79,4504.84,4483.81,4494.09,41768.88
2025-09-17 14:00:00+00:00,4494.09,4502.0,4490.4,4498.8,19757.96
2025-09-17 14:15:00+00:00,4498.8,4500.47,4465.0,4472.55,62830.868
2025-09-17 14:30:00+00:00,4472.55,4487.79,4465.0,4483.99,57039.175
2025-09-17 14:45:00+00:00,4483.98,4493.6,4476.73,4488.1,28572.898
2025-09-17 15:00:00+00:00,4488.1,4496.79,4484.34,4494.4,23538.838
2025-09-17 15:15:00+00:00,4494.39,4497.34,4480.0,4480.01,22235.858
2025-09-17 15:30:00+00:00,4480.01,4495.6,4480.01,4491.88,29032.198
2025-09-17 15:45:00+00:00,4491.88,4493.25,4485.84,4487.65,12563.467
2025-09-17 16:00:00+00:00,4487.64,4487.64,4476.25,4478.69,35240.947
2025-09-17 16:15:00+00:00,4478.7,4481.9,4468.39,4480.92,34111.556
2025-09-17 16:30:00+00:00,4480.92,4484.99,4477.66,4483.96,23579.584
2025-09-17 16:45:00+00:00,4483.97,4490.77,4480.5,4485.4,26851.834
2025-09-17 17:00:00+00:00,4485.4,4491.89,4476.91,4479.93,26062.702
2025-09-17 17:15:00+00:00,4479.94,4483.9,4471.5,4480.64,22693.158
2025-09-17 17:30:00+00:00,4480.63,4532.16,4480.0,4508.75,128768.655
2025-09-17 17:45:00+00:00,4508.74,4527.0,4426.0,4426.0,160634.968
2025-09-17 18:00:00+00:00,4426.0,4520.39,4404.08,4455.08,613083.925
2025-09-17 18:15:00+00:00,4455.07,4498.44,4435.14,4495.28,202541.42
2025-09-17 18:30:00+00:00,4495.28,4496.0,4435.05,4440.19,231989.335
2025-09-17 18:45:00+00:00,4440.19,4460.93,4422.48,4454.28,172861.327
2025-09-17 19:00:00+00:00,4454.29,4493.64,4451.34,4469.9,185853.138
2025-09-17 19:15:00+00:00,4469.92,4514.81,4469.92,4505.22,126101.224
2025-09-17 19:30:00+00:00,4505.23,4513.5,4493.28,4506.1,64535.977
2025-09-17 19:45:00+00:00,4506.1,4525.0,4497.45,4515.15,58614.737
2025-09-17 20:00:00+00:00,4515.14,4539.6,4514.84,4529.71,71493.75
2025-09-17 20:15:00+00:00,4529.71,4538.39,4510.29,4512.42,65068.753
2025-09-17 20:30:00+00:00,4512.43,4524.45,4500.58,4507.35,42738.393
2025-09-17 20:45:00+00:00,4507.35,4515.13,4492.85,4499.6,32970.698
2025-09-17 21:00:00+00:00,4499.59,4518.15,4483.92,4515.32,50720.177
2025-09-17 21:15:00+00:00,4515.32,4523.99,4511.46,4514.02,24962.957
2025-09-17 21:30:00+00:00,4514.03,4528.6,4514.03,4528.33,15074.86
2025-09-17 21:45:00+00:00,4528.33,4537.22,4522.0,4527.4,32414.066
2025-09-17 22:00:00+00:00,4527.41,4548.0,4525.02,4546.08,47212.001
2025-09-17 22:15:00+00:00,4546.08,4565.74,4538.0,4561.4,67557.855
2025-09-17 22:30:00+00:00,4561.4,4575.4,4560.14,4573.01,53951.25
2025-09-17 22:45:00+00:00,4573.01,4600.0,4568.29,4585.15,98604.233
2025-09-17 23:00:00+00:00,4585.15,4615.26,4584.8,4599.83,87664.774
2025-09-17 23:15:00+00:00,4599.84,4604.27,4582.74,4586.14,59125.098
2025-09-17 23:30:00+00:00,4586.14,4600.44,4579.31,4585.3,37386.958
2025-09-17 23:45:00+00:00,4585.3,4595.33,4585.3,4588.3,26582.916
2025-09-18 00:00:00+00:00,4588.31,4607.26,4588.31,4604.62,48721.595
2025-09-18 00:15:00+00:00,4604.62,4606.3,4590.0,4592.69,30394.796
2025-09-18 00:30:00+00:00,4592.69,4603.1,4591.7,4598.15,25131.125
2025-09-18 00:45:00+00:00,4598.15,4602.0,4580.41,4582.64,31115.377
2025-09-18 01:00:00+00:00,4582.63,4607.0,4577.69,4602.26,44691.102
2025-09-18 01:15:00+00:00,4602.27,4612.62,4598.5,4607.2,29580.978
2025-09-18 01:30:00+00:00,4607.21,4631.5,4605.45,4629.63,80085.277
2025-09-18 01:45:00+00:00,4629.63,4630.91,4614.6,4616.81,38807.942
2025-09-18 02:00:00+00:00,4616.8,4618.16,4607.0,4612.9,25924.867
2025-09-18 02:15:00+00:00,4612.9,4615.47,4601.89,4604.56,19758.515
2025-09-18 02:30:00+00:00,4604.55,4611.67,4603.3,4606.3,16476.73
2025-09-18 02:45:00+00:00,4606.3,4613.46,4603.43,4611.71,20395.906
2025-09-18 03:00:00+00:00,4611.7,4638.8,4606.66,4636.12,60281.637
2025-09-18 03:15:00+00:00,4636.12,4642.6,4622.59,4628.0,52880.663
2025-09-18 03:30:00+00:00,4628.01,4630.0,4618.54,4619.7,29827.107
2025-09-18 03:45:00+00:00,4619.69,4621.36,4611.02,4612.01,25235.385
2025-09-18 04:00:00+00:00,4612.0,4616.97,4607.55,4613.71,26420.456
2025-09-18 04:15:00+00:00,4613.72,4618.0,4604.55,4605.84,23586.813
2025-09-18 04:30:00+00:00,4605.83,4608.7,4595.62,4603.2,33378.03
2025-09-18 04:45:00+00:00,4603.2,4609.49,4600.0,4609.49,25482.125
2025-09-18 05:00:00+00:00,4609.48,4609.49,4599.51,4600.44,15070.102
2025-09-18 05:15:00+00:00,4600.43,4604.54,4588.14,4589.39,31855.719
2025-09-18 05:30:00+00:00,4589.39,4592.25,4583.0,4587.72,32021.336
2025-09-18 05:45:00+00:00,4587.72,4589.81,4583.91,4587.99,15718.741
2025-09-18 06:00:00+00:00,4587.99,4592.17,4558.01,4561.38,92873.301
2025-09-18 06:15:00+00:00,4561.38,4571.16,4555.0,4557.0,57613.251
2025-09-18 06:30:00+00:00,4557.0,4568.49,4551.75,4566.3,47788.9
2025-09-18 06:45:00+00:00,4566.3,4571.87,4562.14,4569.34,23255.679
2025-09-18 07:00:00+00:00,4569.33,4577.83,4569.33,4576.0,29450.912
2025-09-18 07:15:00+00:00,4576.01,4580.0,4569.39,4576.63,23101.101
2025-09-18 07:30:00+00:00,4576.62,4579.64,4571.15,4578.71,13333.228
2025-09-18 07:45:00+00:00,4578.72,4581.96,4572.59,4573.1,15128.93
2025-09-18 08:00:00+00:00,4573.11,4581.5,4569.49,4581.09,26000.476
2025-09-18 08:15:00+00:00,4581.09,4592.99,4578.6,4590.29,39321.335
2025-09-18 08:30:00+00:00,4590.29,4606.49,4588.03,4591.67,46971.278
2025-09-18 08:45:00+00:00,4591.66,4601.12,4590.0,4599.66,25149.557
2025-09-18 09:00:00+00:00,4599.65,4600.9,4590.62,4593.62,17809.652
2025-09-18 09:15:00+00:00,4593.62,4601.79,4593.62,4599.52,12302.18
2025-09-18 09:30:00+00:00,4599.52,4602.0,4588.05,4590.41,28915.131
2025-09-18 09:45:00+00:00,4590.41,4597.41,4589.4,4595.42,10692.669
2025-09-18 10:00:00+00:00,4595.42,4598.8,4580.49,4585.79,31764.282
2025-09-18 10:15:00+00:00,4585.8,4587.95,4567.67,4570.01,36970.434
2025-09-18 10:30:00+00:00,4570.0,4578.75,4569.76,4576.52,16006.045
2025-09-18 10:45:00+00:00,4576.53,4576.53,4571.49,4572.53,12520.944
2025-09-18 11:00:00+00:00,4572.53,4581.84,4572.41,4579.56,22647.367
2025-09-18 11:15:00+00:00,4579.56,4586.64,4578.97,4580.78,17609.031
2025-09-18 11:30:00+00:00,4580.79,4583.69,4570.56,4573.41,13577.705
2025-09-18 11:45:00+00:00,4573.4,4575.0,4566.05,4573.99,22168.718
2025-09-18 12:00:00+00:00,4573.99,4579.0,4566.25,4578.2,21023.242
2025-09-18 12:15:00+00:00,4578.2,4585.66,4572.48,4583.37,25362.495
2025-09-18 12:30:00+00:00,4583.38,4583.38,4566.25,4576.54,23017.441
2025-09-18 12:45:00+00:00,4576.54,4579.32,4568.51,4568.52,13202.018
2025-09-18 13:00:00+00:00,4568.51,4580.0,4560.67,4579.43,32963.838
2025-09-18 13:15:00+00:00,4579.43,4584.0,4576.92,4582.34,21842.852
2025-09-18 13:30:00+00:00,4582.34,4603.6,4568.6,4571.95,93056.828
2025-09-18 13:45:00+00:00,4571.95,4586.38,4555.17,4586.07,87174.025
2025-09-18 14:00:00+00:00,4586.06,4617.5,4584.6,4605.11,99480.338
2025-09-18 14:15:00+00:00,4605.11,4623.0,4602.37,4606.44,80898.13
2025-09-18 14:30:00+00:00,4606.44,4611.5,4591.5,4598.0,50822.441
2025-09-18 14:45:00+00:00,4597.99,4598.41,4587.12,4594.24,34665.775
2025-09-18 15:00:00+00:00,4594.25,4604.5,4587.12,4589.18,45839.495
2025-09-18 15:15:00+00:00,4589.17,4604.78,4585.0,4588.94,30049.489
2025-09-18 15:30:00+00:00,4588.93,4600.0,4588.93,4595.82,16914.814
2025-09-18 15:45:00+00:00,4595.83,4606.69,4594.48,4597.15,25562.634
2025-09-18 16:00:00+00:00,4597.14,4604.39,4588.0,4596.99,25760.674
2025-09-18 16:15:00+00:00,4596.99,4616.81,4596.73,4614.41,48002.861
2025-09-18 16:30:00+00:00,4614.41,4632.08,4608.1,4628.0,78961.409
2025-09-18 16:45:00+00:00,4628.0,4634.84,4617.73,4619.48,54052.822
2025-09-18 17:00:00+00:00,4619.47,4623.3,4604.92,4614.33,57805.283
2025-09-18 17:15:00+00:00,4614.33,4629.03,4602.8,4605.35,50564.692
2025-09-18 17:30:00+00:00,4605.34,4606.02,4594.1,4602.87,36806.302
2025-09-18 17:45:00+00:00,4602.86,4613.0,4601.96,4607.22,14487.162
2025-09-18 18:00:00+00:00,4607.21,4611.86,4600.6,4610.39,16357.116
2025-09-18 18:15:00+00:00,4610.38,4612.85,4603.66,4609.46,12444.244
2025-09-18 18:30:00+00:00,4609.46,4611.85,4601.0,4605.78,13437.578
2025-09-18 18:45:00+00:00,4605.78,4620.91,4605.78,4616.17,23746.238
2025-09-18 19:00:00+00:00,4616.18,4616.9,4604.5,4604.51,16836.805
2025-09-18 19:15:00+00:00,4604.5,4606.88,4588.66,4589.79,24126.071
2025-09-18 19:30:00+00:00,4589.8,4594.36,4578.0,4592.46,46198.966
2025-09-18 19:45:00+00:00,4592.46,4593.73,4584.48,4586.53,19254.939
2025-09-18 20:00:00+00:00,4586.54,4595.58,4585.05,4593.9,13517.822
2025-09-18 20:15:00+00:00,4593.9,4596.35,4587.74,4590.27,8032.822
2025-09-18 20:30:00+00:00,4590.26,4601.91,4588.0,4600.86,13125.827
2025-09-18 20:45:00+00:00,4600.86,4603.9,4598.8,4602.96,10945.329
2025-09-18 21:00:00+00:00,4602.96,4603.14,4592.02,4592.24,9119.337
2025-09-18 21:15:00+00:00,4592.23,4597.05,4589.07,4592.71,10280.667
2025-09-18 21:30:00+00:00,4592.7,4596.38,4591.71,4593.8,4474.102
2025-09-18 21:45:00+00:00,4593.79,4601.33,4589.32,4592.69,6239.699
2025-09-18 22:00:00+00:00,4592.69,4593.14,4585.0,4586.0,16780.994
2025-09-18 22:15:00+00:00,4585.99,4594.72,4585.0,4593.16,7395.615
2025-09-18 22:30:00+00:00,4593.15,4600.0,4593.15,4597.13,8461.975
2025-09-18 22:45:00+00:00,4597.12,4598.9,4586.23,4589.06,15551.683
2025-09-18 23:00:00+00:00,4589.06,4589.06,4570.27,4580.37,44318.419
2025-09-18 23:15:00+00:00,4580.37,4580.37,4568.4,4575.84,22054.483
2025-09-18 23:30:00+00:00,4575.84,4585.84,4574.47,4583.93,16185.495
2025-09-18 23:45:00+00:00,4583.92,4590.43,4582.8,4585.31,15375.975
2025-09-19 00:00:00+00:00,4585.32,4592.65,4585.31,4587.67,16097.864
2025-09-19 00:15:00+00:00,4587.67,4599.95,4587.12,4597.94,17160.287
2025-09-19 00:30:00+00:00,4597.94,4611.0,4596.78,4607.86,30251.89
2025-09-19 00:45:00+00:00,4607.86,4610.0,4600.25,4607.48,19594.921
2025-09-19 01:00:00+00:00,4607.48,4610.59,4598.72,4601.16,34028.417
2025-09-19 01:15:00+00:00,4601.16,4616.0,4596.5,4615.0,32541.37
2025-09-19 01:30:00+00:00,4615.0,4619.5,4602.39,4603.59,27972.143
2025-09-19 01:45:00+00:00,4603.6,4608.53,4598.53,4604.92,14308.719
2025-09-19 02:00:00+00:00,4604.91,4613.69,4595.0,4596.01,19608.007
2025-09-19 02:15:00+00:00,4596.01,4600.0,4587.61,4590.02,21752.08
2025-09-19 02:30:00+00:00,4590.01,4598.0,4586.52,4590.35,15852.273
2025-09-19 02:45:00+00:00,4590.35,4594.82,4586.2,4586.88,10002.281
2025-09-19 03:00:00+00:00,4586.88,4597.14,4586.88,4594.12,14599.406
2025-09-19 03:15:00+00:00,4594.13,4600.0,4569.26,4575.56,62833.86
2025-09-19 03:30:00+00:00,4575.55,4576.41,4539.13,4550.93,207318.617
2025-09-19 03:45:00+00:00,4550.92,4553.74,4542.01,4547.46,63910.884
2025-09-19 04:00:00+00:00,4547.45,4548.13,4530.0,4533.0,94098.799
2025-09-19 04:15:00+00:00,4533.0,4546.27,4532.47,4546.27,51566.048
2025-09-19 04:30:00+00:00,4546.26,4552.19,4541.5,4547.71,39967.945
2025-09-19 04:45:00+00:00,4547.7,4557.06,4547.11,4555.86,24610.364
2025-09-19 05:00:00+00:00,4555.85,4556.48,4546.42,4551.69,21469.463
2025-09-19 05:15:00+00:00,4551.7,4551.7,4525.63,4529.1,54723.114
2025-09-19 05:30:00+00:00,4529.1,4538.52,4525.26,4533.98,35613.182
2025-09-19 05:45:00+00:00,4533.98,4541.52,4533.65,4538.5,16363.195
2025-09-19 06:00:00+00:00,4538.51,4539.69,4530.3,4531.28,19509.803
2025-09-19 06:15:00+00:00,4531.27,4540.5,4527.99,4531.82,20760.972
2025-09-19 06:30:00+00:00,4531.82,4535.46,4526.28,4531.0,21922.365
2025-09-19 06:45:00+00:00,4530.99,4534.1,4517.64,4521.84,56227.241
2025-09-19 07:00:00+00:00,4521.84,4528.25,4515.65,4526.3,43800.844
2025-09-19 07:15:00+00:00,4526.29,4535.0,4526.29,4533.28,20883.674
2025-09-19 07:30:00+00:00,4533.27,4541.0,4530.0,4539.49,21885.804
2025-09-19 07:45:00+00:00,4539.5,4540.26,4535.72,4536.56,15600.873
2025-09-19 08:00:00+00:00,4536.55,4542.83,4535.86,4540.4,14596.731
2025-09-19 08:15:00+00:00,4540.39,4546.78,4537.95,4538.39,23642.628
2025-09-19 08:30:00+00:00,4538.4,4539.02,4529.3,4534.63,18760.632
2025-09-19 08:45:00+00:00,4534.63,4534.63,4529.54,4531.96,9778.506
2025-09-19 09:00:00+00:00,4531.97,4541.1,4530.73,4539.74,16363.29
2025-09-19 09:15:00+00:00,4539.74,4541.28,4525.49,4529.53,28826.89
2025-09-19 09:30:00+00:00,4529.53,4538.0,4525.3,4525.31,12485.547
2025-09-19 09:45:00+00:00,4525.31,4528.24,4512.96,4520.87,47526.099
2025-09-19 10:00:00+00:00,4520.88,4527.59,4515.8,4526.69,31380.925
2025-09-19 10:15:00+00:00,4526.68,4530.95,4523.45,4523.45,19124.513
2025-09-19 10:30:00+00:00,4523.45,4530.87,4520.0,4529.17,13004.777
2025-09-19 10:45:00+00:00,4529.17,4530.0,4525.28,4525.28,10699.065
2025-09-19 11:00:00+00:00,4525.28,4526.8,4512.23,4519.1,30605.497
2025-09-19 11:15:00+00:00,4519.1,4522.0,4511.99,4512.8,25897.306
2025-09-19 11:30:00+00:00,4512.8,4515.0,4505.23,4506.71,55136.694
2025-09-19 11:45:00+00:00,4506.7,4514.7,4505.8,4511.46,23437.713
2025-09-19 12:00:00+00:00,4511.46,4516.61,4510.87,4516.3,18351.577
2025-09-19 12:15:00+00:00,4516.3,4518.74,4506.0,4511.07,29683.108
2025-09-19 12:30:00+00:00,4511.06,4519.58,4507.0,4516.79,24441.817
2025-09-19 12:45:00+00:00,4516.79,4518.29,4513.23,4516.29,12885.39
2025-09-19 13:00:00+00:00,4516.29,4526.87,4516.05,4524.99,34283.636
2025-09-19 13:15:00+00:00,4524.99,4533.0,4519.62,4523.01,34248.841
2025-09-19 13:30:00+00:00,4523.0,4528.35,4507.77,4520.01,65068.894
2025-09-19 13:45:00+00:00,4520.01,4534.91,4517.5,4525.82,40498.762
2025-09-19 14:00:00+00:00,4525.82,4539.0,4523.0,4536.56,43954.746
2025-09-19 14:15:00+00:00,4536.56,4542.0,4526.35,4531.05,39222.26
2025-09-19 14:30:00+00:00,4531.05,4539.05,4519.55,4521.3,34392.536
2025-09-19 14:45:00+00:00,4521.3,4523.76,4482.89,4493.16,269748.141
2025-09-19 15:00:00+00:00,4493.16,4495.98,4452.92,4460.85,230688.388
2025-09-19 15:15:00+00:00,4460.86,4467.98,4442.3,4466.01,162254.08
2025-09-19 15:30:00+00:00,4466.0,4477.22,4456.06,4473.01,76251.936
2025-09-19 15:45:00+00:00,4473.0,4475.54,4464.0,4472.29,37110.612
2025-09-19 16:00:00+00:00,4472.29,4481.15,4469.26,4480.11,39428.747
2025-09-19 16:15:00+00:00,4480.11,4482.68,4471.82,4481.15,25183.212
2025-09-19 16:30:00+00:00,4481.15,4483.58,4473.0,4481.32,21319.527
2025-09-19 16:45:00+00:00,4481.31,4486.78,4478.0,4478.91,18556.592
2025-09-19 17:00:00+00:00,4478.91,4479.15,4462.0,4463.36,35628.538
2025-09-19 17:15:00+00:00,4463.37,4473.73,4459.56,4470.14,29739.919
2025-09-19 17:30:00+00:00,4470.13,4470.14,4455.16,4463.4,31612.668
2025-09-19 17:45:00+00:00,4463.4,4464.98,4455.64,4457.66,18889.97
2025-09-19 18:00:00+00:00,4457.67,4460.52,4433.0,4446.76,86890.044
2025-09-19 18:15:00+00:00,4446.76,4453.44,4440.0,4449.09,30375.02
2025-09-19 18:30:00+00:00,4449.09,4459.84,4449.08,4455.2,24490.852
2025-09-19 18:45:00+00:00,4455.2,4458.72,4441.63,4446.67,29223.061
2025-09-19 19:00:00+00:00,4446.66,4459.57,4446.04,4457.44,20125.385
2025-09-19 19:15:00+00:00,4457.45,4464.35,4453.73,4462.92,17984.683
2025-09-19 19:30:00+00:00,4462.92,4464.29,4450.0,4450.0,19914.631
2025-09-19 19:45:00+00:00,4450.01,4452.99,4438.89,4438.89,29920.043
2025-09-19 20:00:00+00:00,4438.9,4452.31,4436.21,4448.0,26603.623
2025-09-19 20:15:00+00:00,4448.0,4461.78,4445.09,4460.7,21745.979
2025-09-19 20:30:00+00:00,4460.7,4462.64,4458.64,4462.58,10061.985
2025-09-19 20:45:00+00:00,4462.59,4462.72,4454.06,4457.41,12526.665
2025-09-19 21:00:00+00:00,4457.41,4460.0,4448.1,4460.0,12282.172
2025-09-19 21:15:00+00:00,4459.99,4461.16,4457.84,4460.01,6876.002
2025-09-19 21:30:00+00:00,4460.0,4468.67,4460.0,4468.61,21783.596
2025-09-19 21:45:00+00:00,4468.61,4470.0,4463.91,4468.88,11027.983
2025-09-19 22:00:00+00:00,4468.88,4473.0,4468.88,4472.99,10449.875
2025-09-19 22:15:00+00:00,4473.0,4476.26,4469.0,4470.23,12166.415
2025-09-19 22:30:00+00:00,4470.23,4473.06,4465.97,4467.68,9553.822
2025-09-19 22:45:00+00:00,4467.68,4471.7,4466.2,4466.2,5890.124
2025-09-19 23:00:00+00:00,4466.21,4467.0,4451.82,4453.82,20349.239
2025-09-19 23:15:00+00:00,4453.82,4458.67,4446.28,4446.79,19813.677
2025-09-19 23:30:00+00:00,4446.79,4457.62,4443.27,4457.62,13693.698
2025-09-19 23:45:00+00:00,4457.62,4467.35,4457.61,4466.49,16042.541
2025-09-20 00:00:00+00:00,4466.48,4470.0,4462.5,4467.68,13240.704
2025-09-20 00:15:00+00:00,4467.68,4469.0,4458.14,4460.65,13977.817
2025-09-20 00:30:00+00:00,4460.66,4471.59,4460.51,4470.99,10993.123
2025-09-20 00:45:00+00:00,4471.0,4473.69,4469.6,4473.69,10157.887
2025-09-20 01:00:00+00:00,4473.68,4474.0,4464.24,4464.24,10813.68
2025-09-20 01:15:00+00:00,4464.25,4471.59,4463.13,4468.27,8783.526
2025-09-20 01:30:00+00:00,4468.27,4469.12,4455.49,4468.2,25787.494
2025-09-20 01:45:00+00:00,4468.2,4470.0,4464.0,4464.01,6468.066
2025-09-20 02:00:00+00:00,4464.01,4464.61,4454.0,4456.8,13313.924
2025-09-20 02:15:00+00:00,4456.8,4463.53,4451.62,4460.19,14841.902
2025-09-20 02:30:00+00:00,4460.19,4464.46,4455.0,4463.65,7052.442
2025-09-20 02:45:00+00:00,4463.64,4467.66,4461.01,4463.58,5297.714
2025-09-20 03:00:00+00:00,4463.58,4464.14,4457.12,4461.73,6313.867
2025-09-20 03:15:00+00:00,4461.74,4466.0,4459.19,4459.59,5426.85
2025-09-20 03:30:00+00:00,4459.6,4464.3,4458.0,4463.39,4796.158
2025-09-20 03:45:00+00:00,4463.38,4464.5,4459.87,4463.6,5351.944
2025-09-20 04:00:00+00:00,4463.6,4466.64,4461.0,4466.29,8239.0
2025-09-20 04:15:00+00:00,4466.29,4466.48,4461.95,4462.82,5116.867
2025-09-20 04:30:00+00:00,4462.83,4471.52,4462.4,4471.26,11677.981
2025-09-20 04:45:00+00:00,4471.26,4474.74,4467.68,4472.27,14529.093
2025-09-20 05:00:00+00:00,4472.27,4473.0,4463.96,4472.31,19473.496
2025-09-20 05:15:00+00:00,4472.31,4475.0,4471.23,4474.4,9814.312
2025-09-20 05:30:00+00:00,4474.41,4484.59,4470.91,4472.84,28053.441
2025-09-20 05:45:00+00:00,4472.83,4477.78,4472.64,4476.33,7209.389
2025-09-20 06:00:00+00:00,4476.32,4476.33,4468.29,4468.99,9889.658
2025-09-20 06:15:00+00:00,4469.0,4473.35,4468.99,4473.08,4730.72
2025-09-20 06:30:00+00:00,4473.08,4474.01,4470.77,4471.83,4391.363
2025-09-20 06:45:00+00:00,4471.84,4473.99,4470.09,4470.93,4110.005
2025-09-20 07:00:00+00:00,4470.94,4474.02,4470.93,4471.39,4379.443
2025-09-20 07:15:00+00:00,4471.4,4473.62,4468.54,4468.61,6377.154
2025-09-20 07:30:00+00:00,4468.61,4476.05,4466.52,4473.8,13593.346
2025-09-20 07:45:00+00:00,4473.81,4480.73,4472.74,4480.72,13155.077
2025-09-20 08:00:00+00:00,4480.72,4480.72,4473.93,4474.66,13491.579
2025-09-20 08:15:00+00:00,4474.67,4476.0,4472.24,4472.82,6334.087
2025-09-20 08:30:00+00:00,4472.83,4476.35,4472.24,4474.99,6278.298
2025-09-20 08:45:00+00:00,4475.0,4475.0,4462.01,4463.0,19387.53
2025-09-20 09:00:00+00:00,4462.99,4469.7,4462.33,4468.77,17469.991
2025-09-20 09:15:00+00:00,4468.78,4469.48,4463.0,4463.0,6092.117
2025-09-20 09:30:00+00:00,4463.0,4463.01,4453.21,4461.85,32490.935
2025-09-20 09:45:00+00:00,4461.85,4466.12,4460.0,4463.7,8653.903
2025-09-20 10:00:00+00:00,4463.7,4474.78,4463.69,4470.55,16544.141
2025-09-20 10:15:00+00:00,4470.55,4472.0,4467.55,4468.01,6159.621
2025-09-20 10:30:00+00:00,4468.0,4468.01,4464.0,4466.2,5509.172
2025-09-20 10:45:00+00:00,4466.19,4467.99,4461.7,4461.73,5340.85
2025-09-20 11:00:00+00:00,4461.73,4469.23,4461.72,4467.68,7051.875
2025-09-20 11:15:00+00:00,4467.67,4468.3,4461.32,4463.26,6495.42
2025-09-20 11:30:00+00:00,4463.26,4465.41,4462.44,4464.01,4564.083
2025-09-20 11:45:00+00:00,4464.01,4469.32,4464.0,4468.0,6268.402
2025-09-20 12:00:00+00:00,4467.99,4469.23,4465.3,4467.4,7529.919
2025-09-20 12:15:00+00:00,4467.4,4469.0,4464.05,4464.35,7228.4
2025-09-20 12:30:00+00:00,4464.35,4466.0,4461.71,4462.07,6368.224
2025-09-20 12:45:00+00:00,4462.06,4464.59,4461.5,4463.94,4681.234
2025-09-20 13:00:00+00:00,4463.94,4465.75,4461.5,4462.37,5357.441
2025-09-20 13:15:00+00:00,4462.37,4468.0,4461.65,4467.01,6318.448
2025-09-20 13:30:00+00:00,4467.02,4469.0,4464.99,4467.05,10263.567
2025-09-20 13:45:00+00:00,4467.06,4469.7,4465.3,4466.13,7058.377
2025-09-20 14:00:00+00:00,4466.12,4466.13,4462.0,4464.4,6978.268
2025-09-20 14:15:00+00:00,4464.39,4466.29,4463.63,4465.27,3666.368
2025-09-20 14:30:00+00:00,4465.27,4472.15,4464.17,4472.15,17946.132
2025-09-20 14:45:00+00:00,4472.15,4498.86,4472.14,4485.45,101842.64
2025-09-20 15:00:00+00:00,4485.44,4498.57,4484.66,4495.05,42983.939
2025-09-20 15:15:00+00:00,4495.06,4505.45,4494.55,4501.67,50797.831
2025-09-20 15:30:00+00:00,4501.66,4502.0,4492.61,4497.36,25585.958
2025-09-20 15:45:00+00:00,4497.37,4498.32,4492.11,4496.37,18228.928
2025-09-20 16:00:00+00:00,4496.36,4502.45,4495.91,4497.38,17885.136
2025-09-20 16:15:00+00:00,4497.38,4499.74,4487.08,4492.11,20904.757
2025-09-20 16:30:00+00:00,4492.11,4506.75,4489.56,4502.1,22204.955
2025-09-20 16:45:00+00:00,4502.1,4503.65,4498.04,4500.09,8206.603
2025-09-20 17:00:00+00:00,4500.09,4500.99,4474.42,4479.73,40898.418
2025-09-20 17:15:00+00:00,4479.74,4482.83,4467.27,4478.96,54292.629
2025-09-20 17:30:00+00:00,4478.97,4484.61,4478.03,4482.48,8746.152
2025-09-20 17:45:00+00:00,4482.47,4485.33,4480.0,4483.87,8918.277
2025-09-20 18:00:00+00:00,4483.87,4483.88,4476.49,4479.14,11804.166
2025-09-20 18:15:00+00:00,4479.14,4485.0,4475.0,4483.65,13320.252
2025-09-20 18:30:00+00:00,4483.64,4484.41,4470.73,4480.59,22205.407
2025-09-20 18:45:00+00:00,4480.59,4480.59,4471.06,4472.79,17308.357
2025-09-20 19:00:00+00:00,4472.79,4475.36,4468.95,4474.78,11510.542
2025-09-20 19:15:00+00:00,4474.77,4483.23,4474.77,4479.26,12180.993
2025-09-20 19:30:00+00:00,4479.27,4481.35,4475.0,4477.2,5677.152
2025-09-20 19:45:00+00:00,4477.2,4478.2,4474.0,4477.86,5614.724
2025-09-20 20:00:00+00:00,4477.86,4483.0,4475.89,4481.99,6038.113
2025-09-20 20:15:00+00:00,4481.99,4483.24,4478.57,4482.2,4769.885
2025-09-20 20:30:00+00:00,4482.21,4485.45,4481.36,4483.4,5213.568
2025-09-20 20:45:00+00:00,4483.4,4485.16,4480.0,4481.77,5321.229
2025-09-20 21:00:00+00:00,4481.78,4489.51,4481.77,4489.12,5413.844
2025-09-20 21:15:00+00:00,4489.12,4498.11,4485.29,4497.43,11524.647
2025-09-20 21:30:00+00:00,4497.43,4499.73,4491.36,4495.62,13957.219
2025-09-20 21:45:00+00:00,4495.62,4495.63,4486.27,4487.99,11357.101
2025-09-20 22:00:00+00:00,4487.98,4490.76,4486.84,4490.75,7590.108
2025-09-20 22:15:00+00:00,4490.75,4492.45,4488.48,4491.4,3970.478
2025-09-20 22:30:00+00:00,4491.41,4491.71,4485.16,4487.81,6656.468
2025-09-20 22:45:00+00:00,4487.8,4492.82,4487.8,4491.38,4686.469
2025-09-20 23:00:00+00:00,4491.39,4491.39,4485.96,4486.32,3930.179
2025-09-20 23:15:00+00:00,4486.31,4486.41,4480.65,4481.1,6979.133
2025-09-20 23:30:00+00:00,4481.09,4481.9,4477.37,4478.72,7786.014
2025-09-20 23:45:00+00:00,4478.71,4480.0,4477.0,4478.27,4898.88
2025-09-21 00:00:00+00:00,4478.26,4483.16,4477.17,4480.65,6704.018
2025-09-21 00:15:00+00:00,4480.65,4481.46,4473.04,4474.89,9968.678
2025-09-21 00:30:00+00:00,4474.88,4481.83,4472.11,4480.99,10680.008
2025-09-21 00:45:00+00:00,4481.0,4487.68,4480.99,4484.94,9284.606
2025-09-21 01:00:00+00:00,4484.95,4487.0,4480.4,4482.28,7614.988
2025-09-21 01:15:00+00:00,4482.29,4485.37,4481.59,4483.77,4556.182
2025-09-21 01:30:00+00:00,4483.77,4483.77,4477.64,4479.34,5530.922
2025-09-21 01:45:00+00:00,4479.34,4480.59,4476.08,4479.1,6362.379
2025-09-21 02:00:00+00:00,4479.11,4485.0,4477.83,4483.8,6169.711
2025-09-21 02:15:00+00:00,4483.79,4486.29,4454.29,4473.55,88256.145
2025-09-21 02:30:00+00:00,4473.55,4477.46,4470.43,4475.01,10566.341
2025-09-21 02:45:00+00:00,4475.01,4478.5,4474.0,4476.53,5806.471
2025-09-21 03:00:00+00:00,4476.53,4477.5,4472.79,4475.51,7123.468
2025-09-21 03:15:00+00:00,4475.52,4476.57,4470.57,4475.33,8693.984
2025-09-21 03:30:00+00:00,4475.33,4475.48,4471.97,4474.14,5123.414
2025-09-21 03:45:00+00:00,4474.15,4476.68,4474.14,4476.11,4449.378
2025-09-21 04:00:00+00:00,4476.12,4476.72,4466.87,4468.67,8222.226
2025-09-21 04:15:00+00:00,4468.67,4470.1,4467.8,4468.19,5198.405
2025-09-21 04:30:00+00:00,4468.2,4471.02,4467.65,4469.16,3829.169
2025-09-21 04:45:00+00:00,4469.17,4470.51,4467.7,4469.96,5646.604
2025-09-21 05:00:00+00:00,4469.96,4471.09,4464.34,4465.52,8938.692
2025-09-21 05:15:00+00:00,4465.52,4468.09,4465.29,4467.65,4367.179
2025-09-21 05:30:00+00:00,4467.65,4470.45,4466.2,4470.45,6075.801
2025-09-21 05:45:00+00:00,4470.45,4476.11,4470.4,4475.69,7320.55
2025-09-21 06:00:00+00:00,4475.7,4482.55,4475.43,4480.93,15518.71
2025-09-21 06:15:00+00:00,4480.93,4482.82,4477.5,4480.62,9072.532
2025-09-21 06:30:00+00:00,4480.62,4491.39,4478.0,4489.64,31101.569
2025-09-21 06:45:00+00:00,4489.64,4489.64,4482.61,4482.9,9725.338
2025-09-21 07:00:00+00:00,4482.9,4483.93,4476.53,4479.87,8105.542
2025-09-21 07:15:00+00:00,4479.88,4479.88,4476.34,4478.64,6044.084
2025-09-21 07:30:00+00:00,4478.65,4481.3,4478.19,4478.85,5346.344
2025-09-21 07:45:00+00:00,4478.84,4478.84,4473.7,4475.85,7200.534
2025-09-21 08:00:00+00:00,4475.85,4477.76,4471.27,4472.34,6881.422
2025-09-21 08:15:00+00:00,4472.35,4473.0,4465.03,4465.62,14458.028
2025-09-21 08:30:00+00:00,4465.62,4469.02,4464.4,4468.67,14072.437
2025-09-21 08:45:00+00:00,4468.67,4469.0,4465.78,4467.26,7994.111
2025-09-21 09:00:00+00:00,4467.27,4472.16,4463.0,4463.34,16681.088
2025-09-21 09:15:00+00:00,4463.35,4463.35,4450.5,4454.7,44397.934
2025-09-21 09:30:00+00:00,4454.7,4455.72,4440.07,4454.75,60771.724
2025-09-21 09:45:00+00:00,4454.74,4466.09,4450.88,4464.1,32535.757
2025-09-21 10:00:00+00:00,4464.09,4467.0,4459.0,4462.01,13656.907
2025-09-21 10:15:00+00:00,4462.0,4465.36,4457.5,4463.06,8727.587
2025-09-21 10:30:00+00:00,4463.05,4467.18,4462.05,4462.93,9617.873
2025-09-21 10:45:00+00:00,4462.94,4462.94,4456.0,4456.47,8538.714
2025-09-21 11:00:00+00:00,4456.47,4464.66,4453.55,4462.7,9310.695
2025-09-21 11:15:00+00:00,4462.69,4462.7,4457.88,4460.72,7485.187
2025-09-21 11:30:00+00:00,4460.72,4464.2,4459.11,4462.29,7570.291
2025-09-21 11:45:00+00:00,4462.28,4462.7,4457.28,4458.26,5704.781
2025-09-21 12:00:00+00:00,4458.25,4464.2,4458.01,4463.01,5986.014
2025-09-21 12:15:00+00:00,4463.0,4468.95,4463.0,4467.59,11036.964
2025-09-21 12:30:00+00:00,4467.59,4471.93,4462.0,4463.0,16228.56
2025-09-21 12:45:00+00:00,4463.0,4467.69,4459.43,4465.15,8005.175
2025-09-21 13:00:00+00:00,4465.16,4470.45,4463.7,4467.32,8087.534
2025-09-21 13:15:00+00:00,4467.31,4470.0,4466.0,4468.87,6761.22
2025-09-21 13:30:00+00:00,4468.86,4480.0,4466.73,4468.81,31259.688
2025-09-21 13:45:00+00:00,4468.81,4474.93,4468.8,4474.01,7674.38
2025-09-21 14:00:00+00:00,4474.01,4477.3,4469.44,4476.97,11331.728
2025-09-21 14:15:00+00:00,4476.98,4477.3,4472.26,4473.5,7847.924
2025-09-21 14:30:00+00:00,4473.49,4477.45,4469.21,4477.45,13999.961
2025-09-21 14:45:00+00:00,4477.45,4482.5,4470.25,4470.67,20226.223
2025-09-21 15:00:00+00:00,4470.67,4481.22,4470.0,4480.9,13360.8
2025-09-21 15:15:00+00:00,4480.91,4482.0,4476.15,4476.15,10107.823
2025-09-21 15:30:00+00:00,4476.15,4482.96,4472.44,4482.24,14717.337
2025-09-21 15:45:00+00:00,4482.24,4484.79,4479.11,4480.63,12265.596
2025-09-21 16:00:00+00:00,4480.62,4487.8,4480.28,4481.05,22047.808
2025-09-21 16:15:00+00:00,4481.06,4482.35,4474.15,4482.35,19743.834
2025-09-21 16:30:00+00:00,4482.35,4484.0,4464.01,4468.98,36242.606
2025-09-21 16:45:00+00:00,4468.98,4475.0,4462.06,4474.67,24235.439
2025-09-21 17:00:00+00:00,4474.67,4476.7,4466.91,4469.39,15442.418
2025-09-21 17:15:00+00:00,4469.38,4473.48,4465.0,4470.89,10487.807
2025-09-21 17:30:00+00:00,4470.89,4473.42,4465.4,4472.08,11812.298
2025-09-21 17:45:00+00:00,4472.09,4493.66,4471.47,4489.52,32898.317
2025-09-21 18:00:00+00:00,4489.52,4493.7,4485.36,4485.36,21556.183
2025-09-21 18:15:00+00:00,4485.36,4489.8,4482.08,4484.38,10811.418
2025-09-21 18:30:00+00:00,4484.39,4492.56,4484.38,4490.41,10709.667
2025-09-21 18:45:00+00:00,4490.41,4495.28,4490.0,4495.28,12016.318
2025-09-21 19:00:00+00:00,4495.27,4497.01,4474.6,4478.59,41904.955
2025-09-21 19:15:00+00:00,4478.6,4490.7,4476.07,4490.69,9797.836
2025-09-21 19:30:00+00:00,4490.7,4491.4,4483.43,4484.6,6717.132
2025-09-21 19:45:00+00:00,4484.61,4492.76,4484.34,4492.21,11365.42
2025-09-21 20:00:00+00:00,4492.21,4492.92,4482.37,4484.84,7128.097
2025-09-21 20:15:00+00:00,4484.85,4489.65,4482.48,4488.43,6892.451
2025-09-21 20:30:00+00:00,4488.43,4488.43,4477.81,4477.99,6913.667
2025-09-21 20:45:00+00:00,4477.99,4479.87,4472.34,4472.36,8211.655
2025-09-21 21:00:00+00:00,4472.36,4473.68,4467.78,4473.66,13255.964
2025-09-21 21:15:00+00:00,4473.65,4473.66,4465.11,4465.73,8405.329
2025-09-21 21:30:00+00:00,4465.74,4476.36,4464.59,4474.18,11066.555
2025-09-21 21:45:00+00:00,4474.17,4474.18,4468.03,4469.0,5178.773
2025-09-21 22:00:00+00:00,4469.0,4475.9,4454.76,4455.12,32917.522
2025-09-21 22:15:00+00:00,4455.12,4458.71,4442.45,4454.86,45284.066
2025-09-21 22:30:00+00:00,4454.85,4465.06,4450.02,4464.29,17876.901
2025-09-21 22:45:00+00:00,4464.29,4467.9,4461.57,4463.02,11970.864
2025-09-21 23:00:00+00:00,4463.02,4463.02,4440.01,4445.5,40519.625
2025-09-21 23:15:00+00:00,4445.51,4451.01,4441.04,4449.88,18625.934
2025-09-21 23:30:00+00:00,4449.89,4454.69,4445.0,4452.92,15645.767
2025-09-21 23:45:00+00:00,4452.92,4452.93,4441.7,4443.01,12667.511
2025-09-22 00:00:00+00:00,4443.0,4454.01,4436.0,4447.65,35587.464
2025-09-22 00:15:00+00:00,4447.64,4449.59,4420.0,4425.29,82503.167
2025-09-22 00:30:00+00:00,4425.29,4425.29,4343.85,4359.01,394976.169
2025-09-22 00:45:00+00:00,4359.0,4364.25,4318.38,4333.45,190286.056
2025-09-22 01:00:00+00:00,4333.44,4349.56,4326.64,4339.81,97912.323
2025-09-22 01:15:00+00:00,4339.82,4347.42,4325.56,4337.69,74340.046
2025-09-22 01:30:00+00:00,4337.69,4347.67,4332.24,4343.62,35396.196
2025-09-22 01:45:00+00:00,4343.62,4348.62,4323.58,4325.73,48009.424
2025-09-22 02:00:00+00:00,4325.74,4338.3,4316.72,4326.19,57547.504
2025-09-22 02:15:00+00:00,4326.18,4330.83,4279.3,4307.53,169597.353
2025-09-22 02:30:00+00:00,4307.54,4308.12,4254.29,4289.81,190230.953
2025-09-22 02:45:00+00:00,4289.8,4297.69,4285.17,4286.02,47579.171
2025-09-22 03:00:00+00:00,4286.02,4303.51,4285.2,4296.68,46745.894
2025-09-22 03:15:00+00:00,4296.68,4304.79,4294.26,4302.8,26795.639
2025-09-22 03:30:00+00:00,4302.79,4306.08,4290.11,4292.44,27592.39
2025-09-22 03:45:00+00:00,4292.43,4306.3,4292.28,4303.62,23438.899
2025-09-22 04:00:00+00:00,4303.61,4308.77,4294.83,4294.84,26825.441
2025-09-22 04:15:00+00:00,4294.83,4300.96,4289.47,4299.48,29368.54
2025-09-22 04:30:00+00:00,4299.49,4305.0,4295.39,4295.83,15848.912
2025-09-22 04:45:00+00:00,4295.84,4295.84,4286.0,4288.0,24076.602
2025-09-22 05:00:00+00:00,4288.0,4290.65,4280.0,4288.76,32424.708
2025-09-22 05:15:00+00:00,4288.77,4296.59,4283.01,4294.44,19733.576
2025-09-22 05:30:00+00:00,4294.43,4294.44,4276.37,4278.21,32002.37
2025-09-22 05:45:00+00:00,4278.21,4285.0,4210.0,4217.7,91923.19
2025-09-22 06:00:00+00:00,4217.7,4224.69,4000.88,4152.54,849237.898
2025-09-22 06:15:00+00:00,4152.54,4202.15,4144.24,4178.59,246583.79
2025-09-22 06:30:00+00:00,4178.6,4196.75,4170.94,4191.45,120549.143
2025-09-22 06:45:00+00:00,4191.46,4193.48,4177.09,4190.0,77050.465
2025-09-22 07:00:00+00:00,4190.01,4214.7,4183.36,4190.0,128619.084
2025-09-22 07:15:00+00:00,4190.01,4201.8,4181.06,4200.29,72143.058
2025-09-22 07:30:00+00:00,4200.3,4226.41,4194.06,4201.51,115442.11
2025-09-22 07:45:00+00:00,4201.52,4203.9,4190.58,4191.45,47543.461
2025-09-22 08:00:00+00:00,4191.46,4205.82,4183.6,4196.64,63237.935
2025-09-22 08:15:00+00:00,4196.64,4203.98,4188.74,4191.75,34316.266
2025-09-22 08:30:00+00:00,4191.72,4203.0,4188.0,4198.08,26922.799
2025-09-22 08:45:00+00:00,4198.08,4203.0,4190.0,4192.54,22067.871
2025-09-22 09:00:00+00:00,4192.55,4195.49,4181.2,4182.71,43303.23
2025-09-22 09:15:00+00:00,4182.71,4190.0,4173.51,4180.8,55893.143
2025-09-22 09:30:00+00:00,4180.8,4182.47,4161.6,4164.98,90181.065
2025-09-22 09:45:00+00:00,4164.97,4170.67,4135.0,4149.6,152948.02
2025-09-22 10:00:00+00:00,4149.59,4169.56,4136.74,4161.55,88480.629
2025-09-22 10:15:00+00:00,4161.55,4171.72,4161.29,4169.44,38785.675
2025-09-22 10:30:00+00:00,4169.44,4169.44,4152.31,4156.51,28738.291
2025-09-22 10:45:00+00:00,4156.5,4188.0,4156.18,4180.0,65659.609
2025-09-22 11:00:00+00:00,4180.0,4188.0,4175.73,4180.0,35404.836
2025-09-22 11:15:00+00:00,4180.0,4189.6,4171.34,4179.01,35784.617
2025-09-22 11:30:00+00:00,4179.0,4182.21,4175.62,4180.81,18714.956
2025-09-22 11:45:00+00:00,4180.82,4187.53,4175.49,4179.53,20106.393
2025-09-22 12:00:00+00:00,4179.54,4181.16,4166.41,4177.33,35052.316
2025-09-22 12:15:00+00:00,4177.33,4188.11,4172.77,4181.85,23417.688
2025-09-22 12:30:00+00:00,4181.85,4185.0,4171.87,4178.04,19555.674
2025-09-22 12:45:00+00:00,4178.03,4197.77,4176.81,4190.36,40318.028
2025-09-22 13:00:00+00:00,4190.36,4203.87,4186.37,4203.68,39895.86
2025-09-22 13:15:00+00:00,4203.68,4215.25,4191.39,4201.1,63223.839
2025-09-22 13:30:00+00:00,4201.11,4201.11,4177.11,4179.71,67985.408
2025-09-22 13:45:00+00:00,4179.71,4207.05,4171.54,4205.03,72279.765
2025-09-22 14:00:00+00:00,4205.04,4212.52,4195.0,4196.0,53878.282
2025-09-22 14:15:00+00:00,4196.0,4217.49,4195.21,4214.49,64380.295
2025-09-22 14:30:00+00:00,4214.48,4217.49,4192.0,4196.76,52573.469
2025-09-22 14:45:00+00:00,4196.76,4199.34,4180.71,4187.99,43478.062
2025-09-22 15:00:00+00:00,4187.99,4194.49,4166.86,4172.21,76982.645
2025-09-22 15:15:00+00:00,4172.21,4176.68,4165.0,4175.89,49588.148
2025-09-22 15:30:00+00:00,4175.89,4180.0,4165.17,4168.89,44178.973
2025-09-22 15:45:00+00:00,4168.89,4174.58,4156.0,4165.82,55968.388
2025-09-22 16:00:00+00:00,4165.83,4178.52,4162.92,4177.12,40768.598
2025-09-22 16:15:00+00:00,4177.12,4181.17,4166.73,4173.54,30765.123
2025-09-22 16:30:00+00:00,4173.54,4178.52,4165.0,4165.27,24915.735
2025-09-22 16:45:00+00:00,4165.26,4171.82,4158.2,4163.0,29116.535
2025-09-22 17:00:00+00:00,4163.0,4164.84,4144.11,4152.34,84661.763
2025-09-22 17:15:00+00:00,4152.34,4171.89,4149.24,4165.77,35890.515
2025-09-22 17:30:00+00:00,4165.78,4177.92,4158.9,4169.69,39341.352
2025-09-22 17:45:00+00:00,4169.7,4174.73,4159.24,4162.65,21888.557
2025-09-22 18:00:00+00:00,4162.64,4171.87,4160.0,4171.61,15991.779
2025-09-22 18:15:00+00:00,4171.6,4173.84,4166.86,4170.0,12688.537
2025-09-22 18:30:00+00:00,4169.99,4176.3,4163.59,4163.59,17239.599
2025-09-22 18:45:00+00:00,4163.59,4164.0,4153.6,4153.6,31591.504
2025-09-22 19:00:00+00:00,4153.61,4156.67,4147.43,4153.5,21804.096
2025-09-22 19:15:00+00:00,4153.49,4164.4,4141.96,4151.92,29628.412
2025-09-22 19:30:00+00:00,4151.92,4153.24,4119.16,4141.08,119490.198
2025-09-22 19:45:00+00:00,4141.07,4147.0,4123.13,4133.39,80196.124
2025-09-22 20:00:00+00:00,4133.39,4154.45,4132.27,4149.65,37260.967
2025-09-22 20:15:00+00:00,4149.66,4158.0,4143.6,4156.9,19870.302
2025-09-22 20:30:00+00:00,4156.91,4174.52,4156.49,4173.45,44798.544
2025-09-22 20:45:00+00:00,4173.46,4187.95,4169.5,4179.78,51559.388
2025-09-22 21:00:00+00:00,4179.78,4185.2,4173.98,4179.13,24129.223
2025-09-22 21:15:00+00:00,4179.14,4191.0,4178.97,4186.82,16754.461
2025-09-22 21:30:00+00:00,4186.83,4194.71,4185.06,4193.48,13570.499
2025-09-22 21:45:00+00:00,4193.48,4196.75,4188.41,4195.94,11284.222
2025-09-22 22:00:00+00:00,4195.95,4196.5,4184.19,4189.67,22678.809
2025-09-22 22:15:00+00:00,4189.67,4196.18,4186.6,4187.0,21170.622
2025-09-22 22:30:00+00:00,4187.0,4192.44,4182.21,4188.8,16199.26
2025-09-22 22:45:00+00:00,4188.79,4190.15,4181.92,4188.46,13531.071
2025-09-22 23:00:00+00:00,4188.45,4196.16,4187.14,4195.98,11216.607
2025-09-22 23:15:00+00:00,4195.98,4207.33,4195.97,4201.68,33432.894
2025-09-22 23:30:00+00:00,4201.69,4205.67,4198.2,4201.59,12144.715
2025-09-22 23:45:00+00:00,4201.6,4203.16,4193.7,4196.86,13592.896
2025-09-23 00:00:00+00:00,4196.87,4205.8,4193.19,4203.24,22092.056
2025-09-23 00:15:00+00:00,4203.25,4209.99,4200.72,4205.63,25788.496
2025-09-23 00:30:00+00:00,4205.62,4209.6,4191.47,4193.51,22532.771
2025-09-23 00:45:00+00:00,4193.52,4195.74,4188.0,4189.92,20836.399
2025-09-23 01:00:00+00:00,4189.91,4191.65,4173.08,4175.28,35367.502
2025-09-23 01:15:00+00:00,4175.28,4197.74,4173.56,4195.98,28657.735
2025-09-23 01:30:00+00:00,4195.97,4197.0,4165.0,4171.9,31263.174
2025-09-23 01:45:00+00:00,4171.9,4178.2,4161.23,4162.23,40637.955
2025-09-23 02:00:00+00:00,4162.23,4182.04,4159.04,4175.72,30008.643
2025-09-23 02:15:00+00:00,4175.72,4176.55,4156.0,4157.12,30663.967
2025-09-23 02:30:00+00:00,4157.12,4162.6,4151.21,4157.72,33319.617
2025-09-23 02:45:00+00:00,4157.72,4159.38,4138.83,4141.98,48332.094
2025-09-23 03:00:00+00:00,4141.99,4142.23,4112.43,4135.96,127523.723
2025-09-23 03:15:00+00:00,4135.96,4180.0,4134.81,4175.2,113751.354
2025-09-23 03:30:00+00:00,4175.21,4196.12,4175.0,4181.81,92705.871
2025-09-23 03:45:00+00:00,4181.81,4193.64,4181.81,4186.49,27951.464
2025-09-23 04:00:00+00:00,4186.49,4193.02,4174.98,4175.17,32608.514
2025-09-23 04:15:00+00:00,4175.17,4176.99,4161.65,4161.92,30517.194
2025-09-23 04:30:00+00:00,4161.92,4174.79,4152.25,4171.78,48753.598
2025-09-23 04:45:00+00:00,4171.79,4177.18,4165.96,4175.36,26026.625
2025-09-23 05:00:00+00:00,4175.37,4182.16,4162.82,4180.61,25832.033
2025-09-23 05:15:00+00:00,4180.62,4187.82,4173.26,4183.96,28219.397
2025-09-23 05:30:00+00:00,4183.96,4192.96,4183.84,4188.2,27017.559
2025-09-23 05:45:00+00:00,4188.21,4192.15,4181.08,4181.08,25416.729
2025-09-23 06:00:00+00:00,4181.08,4195.21,4176.29,4192.66,30488.544
2025-09-23 06:15:00+00:00,4192.67,4203.0,4187.6,4199.79,38118.742
2025-09-23 06:30:00+00:00,4199.8,4215.0,4198.13,4201.69,67615.139
2025-09-23 06:45:00+00:00,4201.69,4211.58,4199.0,4203.1,34804.453
2025-09-23 07:00:00+00:00,4203.1,4207.31,4197.62,4203.98,29181.263
2025-09-23 07:15:00+00:00,4203.99,4210.6,4199.36,4199.95,23053.395
2025-09-23 07:30:00+00:00,4199.94,4208.48,4195.3,4205.73,26085.967
2025-09-23 07:45:00+00:00,4205.73,4207.91,4201.8,4203.23,16929.09
2025-09-23 08:00:00+00:00,4203.24,4209.72,4192.15,4204.9,39736.629
2025-09-23 08:15:00+00:00,4204.91,4212.82,4203.6,4208.29,26624.023
2025-09-23 08:30:00+00:00,4208.29,4212.19,4202.5,4210.68,17603.567
2025-09-23 08:45:00+00:00,4210.69,4211.0,4204.59,4206.88,10932.011
2025-09-23 09:00:00+00:00,4206.89,4230.06,4202.9,4219.98,57862.427
2025-09-23 09:15:00+00:00,4219.99,4220.59,4197.81,4202.53,46762.464
2025-09-23 09:30:00+00:00,4202.53,4203.08,4192.43,4192.83,51459.238
2025-09-23 09:45:00+00:00,4192.83,4193.71,4182.47,4189.92,41366.582
2025-09-23 10:00:00+00:00,4189.92,4193.2,4183.38,4192.17,22522.293
2025-09-23 10:15:00+00:00,4192.17,4194.3,4185.45,4188.91,17743.63
2025-09-23 10:30:00+00:00,4188.91,4192.67,4183.64,4188.45,18105.482
2025-09-23 10:45:00+00:00,4188.45,4194.3,4188.44,4191.02,14572.384
2025-09-23 11:00:00+00:00,4191.02,4191.03,4175.44,4181.94,34257.246
2025-09-23 11:15:00+00:00,4181.94,4189.07,4178.96,4187.01,16452.138
2025-09-23 11:30:00+00:00,4187.01,4193.61,4185.52,4192.13,16429.639
2025-09-23 11:45:00+00:00,4192.13,4193.0,4187.11,4189.68,12455.072
2025-09-23 12:00:00+00:00,4189.69,4193.69,4183.53,4193.35,17240.423
2025-09-23 12:15:00+00:00,4193.36,4198.88,4182.0,4184.11,25833.604
2025-09-23 12:30:00+00:00,4184.11,4197.32,4181.7,4196.16,23529.892
2025-09-23 12:45:00+00:00,4196.17,4202.93,4187.31,4193.17,29166.985
2025-09-23 13:00:00+00:00,4193.17,4196.27,4187.27,4192.05,17181.529
2025-09-23 13:15:00+00:00,4192.05,4196.96,4185.18,4194.31,13175.423
2025-09-23 13:30:00+00:00,4194.31,4208.0,4178.01,4186.77,70239.825
2025-09-23 13:45:00+00:00,4186.77,4193.0,4179.01,4185.41,37283.914
2025-09-23 14:00:00+00:00,4185.41,4209.73,4178.0,4196.26,63088.291
2025-09-23 14:15:00+00:00,4196.25,4197.04,4178.99,4182.61,53725.602
2025-09-23 14:30:00+00:00,4182.61,4192.43,4161.1,4189.53,117394.038
2025-09-23 14:45:00+00:00,4189.52,4190.17,4170.0,4172.56,42879.437
2025-09-23 15:00:00+00:00,4172.56,4186.0,4158.21,4180.57,76613.804
2025-09-23 15:15:00+00:00,4180.57,4202.47,4172.68,4190.56,67544.039
2025-09-23 15:30:00+00:00,4190.56,4192.81,4177.13,4178.6,31264.645
2025-09-23 15:45:00+00:00,4178.59,4187.66,4175.54,4178.8,19010.95
2025-09-23 16:00:00+00:00,4178.8,4181.79,4162.71,4172.92,50394.851
2025-09-23 16:15:00+00:00,4172.91,4191.57,4169.71,4186.92,39825.255
2025-09-23 16:30:00+00:00,4186.92,4187.84,4161.72,4170.17,59180.653
2025-09-23 16:45:00+00:00,4170.17,4205.96,4170.17,4190.22,80688.102
2025-09-23 17:00:00+00:00,4190.22,4192.11,4171.77,4174.29,36266.581
2025-09-23 17:15:00+00:00,4174.29,4184.45,4167.0,4167.14,25642.965
2025-09-23 17:30:00+00:00,4167.14,4169.75,4136.12,4142.75,105693.333
2025-09-23 17:45:00+00:00,4142.76,4157.45,4135.32,4147.1,65537.318
2025-09-23 18:00:00+00:00,4147.1,4155.87,4144.06,4152.31,51918.033
2025-09-23 18:15:00+00:00,4152.32,4163.0,4147.78,4157.55,32972.127
2025-09-23 18:30:00+00:00,4157.53,4166.0,4148.0,4149.3,35889.543
2025-09-23 18:45:00+00:00,4149.3,4156.99,4145.0,4155.45,27530.374
2025-09-23 19:00:00+00:00,4155.44,4175.0,4155.44,4168.31,66298.733
2025-09-23 19:15:00+00:00,4168.31,4181.88,4162.36,4168.36,29073.507
2025-09-23 19:30:00+00:00,4168.36,4170.76,4154.67,4155.55,25829.536
2025-09-23 19:45:00+00:00,4155.56,4157.3,4140.24,4151.37,53175.843
2025-09-23 20:00:00+00:00,4151.36,4162.0,4148.36,4157.99,24806.461
2025-09-23 20:15:00+00:00,4157.99,4160.0,4146.87,4149.61,17679.792
2025-09-23 20:30:00+00:00,4149.6,4165.82,4137.08,4163.35,35325.447
2025-09-23 20:45:00+00:00,4163.36,4174.74,4155.17,4173.91,23118.575
2025-09-23 21:00:00+00:00,4173.91,4174.18,4161.78,4167.62,27943.993
2025-09-23 21:15:00+00:00,4167.63,4173.55,4163.29,4173.13,10060.448
2025-09-23 21:30:00+00:00,4173.13,4189.49,4172.28,4185.97,37854.495
2025-09-23 21:45:00+00:00,4185.97,4186.69,4179.68,4181.31,11604.817
2025-09-23 22:00:00+00:00,4181.29,4182.36,4172.5,4176.23,17918.717
2025-09-23 22:15:00+00:00,4176.23,4178.36,4166.76,4169.41,14166.729
2025-09-23 22:30:00+00:00,4169.4,4187.6,4169.4,4182.21,16243.333
2025-09-23 22:45:00+00:00,4182.21,4183.86,4177.17,4179.7,10945.068
2025-09-23 23:00:00+00:00,4179.7,4183.43,4172.27,4179.12,8968.376
2025-09-23 23:15:00+00:00,4179.12,4181.34,4158.45,4160.7,32282.056
2025-09-23 23:30:00+00:00,4160.71,4175.6,4159.67,4170.32,16136.743
2025-09-23 23:45:00+00:00,4170.32,4170.37,4161.64,4162.25,8059.489
2025-09-24 00:00:00+00:00,4162.25,4170.0,4156.01,4168.55,24444.628
2025-09-24 00:15:00+00:00,4168.55,4193.0,4167.84,4183.46,42441.936
2025-09-24 00:30:00+00:00,4183.47,4183.92,4171.73,4177.3,16768.793
2025-09-24 00:45:00+00:00,4177.3,4186.26,4171.21,4172.13,16465.997
2025-09-24 01:00:00+00:00,4172.13,4182.14,4166.45,4182.14,14433.148
2025-09-24 01:15:00+00:00,4182.13,4188.33,4180.36,4187.86,15604.774
2025-09-24 01:30:00+00:00,4187.85,4191.75,4182.34,4182.67,15665.181
2025-09-24 01:45:00+00:00,4182.67,4191.0,4182.35,4187.76,9878.493
2025-09-24 02:00:00+00:00,4187.77,4189.93,4165.64,4168.31,23825.885
2025-09-24 02:15:00+00:00,4168.31,4172.26,4159.0,4172.26,41040.752
2025-09-24 02:30:00+00:00,4172.25,4174.51,4165.0,4169.36,16240.049
2025-09-24 02:45:00+00:00,4169.35,4174.0,4158.0,4167.45,59835.463
2025-09-24 03:00:00+00:00,4167.45,4172.26,4155.5,4162.0,21308.643
2025-09-24 03:15:00+00:00,4162.0,4164.98,4125.12,4133.75,120311.695
2025-09-24 03:30:00+00:00,4133.76,4144.28,4127.03,4142.0,56606.922
2025-09-24 03:45:00+00:00,4142.0,4150.75,4136.56,4145.4,42492.841
2025-09-24 04:00:00+00:00,4145.41,4145.84,4070.0,4097.81,320367.367
2025-09-24 04:15:00+00:00,4097.8,4128.29,4092.6,4125.87,104629.587
2025-09-24 04:30:00+00:00,4125.88,4160.28,4125.88,4151.99,110854.567
2025-09-24 04:45:00+00:00,4151.99,4153.81,4133.72,4138.89,59798.596
2025-09-24 05:00:00+00:00,4138.89,4150.0,4136.27,4149.23,21779.647
2025-09-24 05:15:00+00:00,4149.22,4159.72,4146.0,4155.66,25107.402
2025-09-24 05:30:00+00:00,4155.67,4170.0,4150.5,4168.01,30873.952
2025-09-24 05:45:00+00:00,4168.0,4174.0,4163.99,4170.58,29519.865
2025-09-24 06:00:00+00:00,4170.58,4178.76,4168.0,4175.01,42884.565
2025-09-24 06:15:00+00:00,4175.0,4177.92,4165.01,4171.21,41899.704
2025-09-24 06:30:00+00:00,4171.22,4174.92,4169.29,4173.18,17494.393
2025-09-24 06:45:00+00:00,4173.18,4182.31,4173.18,4179.07,20265.195
2025-09-24 07:00:00+00:00,4179.08,4181.32,4174.3,4176.68,21795.846
2025-09-24 07:15:00+00:00,4176.68,4182.72,4163.51,4168.01,22109.026
2025-09-24 07:30:00+00:00,4168.01,4177.36,4165.66,4174.73,18664.095
2025-09-24 07:45:00+00:00,4174.72,4178.33,4168.58,4173.43,12508.848
2025-09-24 08:00:00+00:00,4173.43,4176.85,4170.83,4174.82,15165.349
2025-09-24 08:15:00+00:00,4174.83,4175.99,4166.02,4168.14,20897.661
2025-09-24 08:30:00+00:00,4168.14,4175.89,4168.13,4175.01,12973.027
2025-09-24 08:45:00+00:00,4175.01,4176.16,4168.65,4173.08,10518.724
2025-09-24 09:00:00+00:00,4173.09,4173.37,4168.09,4169.82,8169.781
2025-09-24 09:15:00+00:00,4169.83,4174.42,4168.72,4174.42,11873.681
2025-09-24 09:30:00+00:00,4174.42,4183.13,4174.23,4177.91,23008.792
2025-09-24 09:45:00+00:00,4177.91,4182.01,4174.59,4181.12,12247.513
2025-09-24 10:00:00+00:00,4181.12,4182.31,4177.2,4177.64,13353.367
2025-09-24 10:15:00+00:00,4177.64,4178.5,4166.0,4166.0,22215.949
2025-09-24 10:30:00+00:00,4166.0,4173.43,4162.0,4168.88,26725.812
2025-09-24 10:45:00+00:00,4168.87,4176.77,4167.31,4175.4,14198.637
2025-09-24 11:00:00+00:00,4175.4,4197.06,4172.59,4190.71,65350.8
2025-09-24 11:15:00+00:00,4190.7,4194.79,4183.73,4184.88,28620.994
2025-09-24 11:30:00+00:00,4184.88,4189.4,4177.13,4182.8,24030.182
2025-09-24 11:45:00+00:00,4182.81,4183.0,4174.0,4179.96,18473.438
2025-09-24 12:00:00+00:00,4179.96,4182.99,4174.0,4177.69,13747.042
2025-09-24 12:15:00+00:00,4177.7,4179.49,4168.79,4175.48,25590.058
2025-09-24 12:30:00+00:00,4175.48,4184.28,4173.9,4181.51,14976.263
2025-09-24 12:45:00+00:00,4181.51,4185.69,4175.28,4178.36,15010.884
2025-09-24 13:00:00+00:00,4178.35,4183.85,4171.62,4173.84,14642.425
2025-09-24 13:15:00+00:00,4173.85,4177.0,4170.81,4172.94,18102.063
2025-09-24 13:30:00+00:00,4172.94,4180.72,4157.4,4171.38,87557.757
2025-09-24 13:45:00+00:00,4171.38,4174.14,4145.0,4148.5,97781.628
2025-09-24 14:00:00+00:00,4148.49,4168.75,4147.84,4166.01,42169.174
2025-09-24 14:15:00+00:00,4166.0,4172.33,4161.7,4170.51,28334.065
2025-09-24 14:30:00+00:00,4170.5,4180.0,4167.59,4179.42,27208.655
2025-09-24 14:45:00+00:00,4179.42,4204.99,4177.21,4191.77,101496.204
2025-09-24 15:00:00+00:00,4191.76,4195.98,4177.37,4185.27,51093.528
2025-09-24 15:15:00+00:00,4185.28,4195.24,4185.28,4190.4,19770.001
2025-09-24 15:30:00+00:00,4190.4,4194.14,4185.52,4189.3,18288.066
2025-09-24 15:45:00+00:00,4189.3,4189.98,4160.24,4163.82,73024.261
2025-09-24 16:00:00+00:00,4163.82,4166.17,4152.22,4158.0,60566.952
2025-09-24 16:15:00+00:00,4158.0,4170.7,4157.17,4167.88,33249.387
2025-09-24 16:30:00+00:00,4167.88,4174.48,4163.39,4172.0,25245.748
2025-09-24 16:45:00+00:00,4171.99,4173.0,4167.46,4170.98,10766.251
2025-09-24 17:00:00+00:00,4170.97,4183.37,4163.64,4178.78,28196.637
2025-09-24 17:15:00+00:00,4178.78,4180.32,4170.7,4177.12,16826.698
2025-09-24 17:30:00+00:00,4177.13,4192.0,4176.65,4186.02,33289.193
2025-09-24 17:45:00+00:00,4186.02,4186.02,4179.0,4181.34,20647.015
2025-09-24 18:00:00+00:00,4181.35,4182.22,4167.88,4169.77,21813.299
2025-09-24 18:15:00+00:00,4169.77,4178.26,4163.77,4177.03,21524.545
2025-09-24 18:30:00+00:00,4177.04,4179.36,4171.86,4172.98,11780.117
2025-09-24 18:45:00+00:00,4172.98,4174.34,4163.78,4170.08,16813.628
2025-09-24 19:00:00+00:00,4170.08,4172.51,4162.34,4163.69,13946.165
2025-09-24 19:15:00+00:00,4163.68,4168.84,4158.39,4160.15,15979.197
2025-09-24 19:30:00+00:00,4160.15,4160.88,4154.4,4156.21,19105.868
2025-09-24 19:45:00+00:00,4156.21,4163.73,4152.67,4158.95,15466.389
2025-09-24 20:00:00+00:00,4158.95,4161.44,4154.2,4156.94,10736.103
2025-09-24 20:15:00+00:00,4156.94,4162.56,4154.23,4157.55,11464.253
2025-09-24 20:30:00+00:00,4157.56,4161.49,4145.79,4161.48,26484.649
2025-09-24 20:45:00+00:00,4161.49,4166.85,4160.04,4163.06,12802.859
2025-09-24 21:00:00+00:00,4163.06,4169.6,4161.11,4169.07,8707.106
2025-09-24 21:15:00+00:00,4169.06,4169.46,4165.0,4168.4,7628.323
2025-09-24 21:30:00+00:00,4168.4,4168.43,4159.93,4163.52,7983.613
2025-09-24 21:45:00+00:00,4163.52,4166.17,4126.01,4142.89,53012.604
2025-09-24 22:00:00+00:00,4142.88,4160.56,4141.29,4158.9,39006.663
2025-09-24 22:15:00+00:00,4158.91,4161.76,4149.0,4152.37,13936.396
2025-09-24 22:30:00+00:00,4152.37,4160.73,4150.36,4155.7,11363.307
2025-09-24 22:45:00+00:00,4155.7,4158.09,4147.0,4151.98,10141.868
2025-09-24 23:00:00+00:00,4151.98,4160.0,4151.98,4157.99,11028.473
2025-09-24 23:15:00+00:00,4157.99,4158.94,4149.96,4153.77,12674.462
2025-09-24 23:30:00+00:00,4153.77,4155.02,4146.03,4146.42,11881.417
2025-09-24 23:45:00+00:00,4146.42,4152.48,4142.4,4150.51,18651.545
2025-09-25 00:00:00+00:00,4150.51,4158.95,4148.0,4157.47,17820.988
2025-09-25 00:15:00+00:00,4157.48,4157.48,4133.59,4137.03,38385.303
2025-09-25 00:30:00+00:00,4137.03,4149.34,4130.83,4139.76,26869.319
2025-09-25 00:45:00+00:00,4139.75,4142.0,4120.0,4126.73,73767.418
2025-09-25 01:00:00+00:00,4126.73,4134.49,4115.0,4123.0,69278.733
2025-09-25 01:15:00+00:00,4123.0,4126.15,4094.27,4107.21,107335.997
2025-09-25 01:30:00+00:00,4107.21,4107.21,4078.0,4082.65,136849.256
2025-09-25 01:45:00+00:00,4082.66,4100.92,4079.97,4099.74,100753.629
2025-09-25 02:00:00+00:00,4099.74,4115.17,4085.73,4088.99,85620.78
2025-09-25 02:15:00+00:00,4088.99,4089.83,4060.0,4080.38,157231.709
2025-09-25 02:30:00+00:00,4080.36,4137.0,4079.65,4099.28,195467.388
2025-09-25 02:45:00+00:00,4099.29,4109.78,4090.01,4099.51,32358.911
2025-09-25 03:00:00+00:00,4099.52,4101.0,4082.19,4086.56,38210.751
2025-09-25 03:15:00+00:00,4086.57,4089.56,4030.0,4034.97,221327.683
2025-09-25 03:30:00+00:00,4034.97,4054.92,4020.0,4046.42,147537.282
2025-09-25 03:45:00+00:00,4046.43,4064.07,4035.18,4059.76,69778.113
2025-09-25 04:00:00+00:00,4059.76,4069.2,4039.0,4045.49,82272.982
2025-09-25 04:15:00+00:00,4045.48,4046.1,4005.5,4032.4,184650.782
2025-09-25 04:30:00+00:00,4032.41,4040.0,4007.01,4037.23,94802.671
2025-09-25 04:45:00+00:00,4037.22,4041.52,3961.0,4000.18,283283.057
2025-09-25 05:00:00+00:00,4000.18,4019.25,3976.54,4012.13,143755.216
2025-09-25 05:15:00+00:00,4012.13,4038.6,4011.05,4031.17,80237.404
2025-09-25 05:30:00+00:00,4031.16,4032.0,4020.0,4026.89,35753.912
2025-09-25 05:45:00+00:00,4026.9,4030.0,4014.93,4023.0,38673.727
2025-09-25 06:00:00+00:00,4023.0,4026.37,4002.96,4004.1,62027.777
2025-09-25 06:15:00+00:00,4004.1,4019.0,3994.2,4002.97,74070.882
2025-09-25 06:30:00+00:00,4002.97,4015.55,3998.88,3999.47,40224.18
2025-09-25 06:45:00+00:00,3999.47,4008.87,3992.0,3996.24,48698.667
2025-09-25 07:00:00+00:00,3996.24,4008.89,3984.25,3998.13,66718.938
2025-09-25 07:15:00+00:00,3998.13,4017.18,3996.55,4011.0,51579.784
2025-09-25 07:30:00+00:00,4010.99,4020.0,4007.7,4015.99,33045.557
2025-09-25 07:45:00+00:00,4015.99,4018.0,4003.76,4006.94,24652.228
2025-09-25 08:00:00+00:00,4006.94,4030.0,4006.26,4029.61,65518.943
2025-09-25 08:15:00+00:00,4029.6,4034.01,4020.14,4030.59,46436.045
2025-09-25 08:30:00+00:00,4030.56,4030.56,4008.16,4010.36,25485.979
2025-09-25 08:45:00+00:00,4010.36,4014.12,4001.16,4013.57,45432.423
2025-09-25 09:00:00+00:00,4013.57,4031.94,4011.0,4031.49,37285.155
2025-09-25 09:15:00+00:00,4031.5,4045.95,4026.6,4037.0,79641.28
2025-09-25 09:30:00+00:00,4037.0,4052.05,4035.67,4036.39,107604.289
2025-09-25 09:45:00+00:00,4036.38,4036.39,4020.44,4023.39,36904.127
2025-09-25 10:00:00+00:00,4023.39,4032.59,4017.63,4029.57,31294.554
2025-09-25 10:15:00+00:00,4029.57,4041.54,4028.86,4028.86,28608.335
2025-09-25 10:30:00+00:00,4028.86,4031.35,4018.02,4019.51,24134.724
2025-09-25 10:45:00+00:00,4019.51,4021.0,4008.01,4012.19,38929.854
2025-09-25 11:00:00+00:00,4012.19,4018.62,3988.35,4003.28,62254.033
2025-09-25 11:15:00+00:00,4003.29,4007.78,3994.0,4005.76,54100.213
2025-09-25 11:30:00+00:00,4005.76,4008.77,3998.03,3998.03,29624.892
2025-09-25 11:45:00+00:00,3998.04,4004.6,3992.8,4000.93,39291.127
2025-09-25 12:00:00+00:00,4000.93,4015.0,3999.44,4009.26,41724.883
2025-09-25 12:15:00+00:00,4009.27,4009.8,3911.39,3939.93,174217.736
2025-09-25 12:30:00+00:00,3940.18,4004.49,3924.45,3994.39,329298.407
2025-09-25 12:45:00+00:00,3994.39,3999.6,3976.0,3977.19,96035.134
2025-09-25 13:00:00+00:00,3977.19,3979.71,3953.11,3974.16,143015.783
2025-09-25 13:15:00+00:00,3974.15,4006.0,3967.2,4001.36,153737.542
2025-09-25 13:30:00+00:00,4001.36,4003.45,3943.61,3957.33,186868.564
2025-09-25 13:45:00+00:00,3957.33,3973.96,3952.32,3969.1,113865.348
2025-09-25 14:00:00+00:00,3969.09,4001.54,3967.45,3999.39,110091.25
2025-09-25 14:15:00+00:00,3999.39,4019.59,3999.39,4006.47,155853.906
2025-09-25 14:30:00+00:00,4006.47,4021.75,4004.4,4014.0,70484.843
2025-09-25 14:45:00+00:00,4014.01,4018.49,4002.37,4012.01,36696.312
2025-09-25 15:00:00+00:00,4012.0,4014.98,3991.57,4002.62,57255.224
2025-09-25 15:15:00+00:00,4002.61,4005.0,3977.01,3988.19,57712.443
2025-09-25 15:30:00+00:00,3988.19,4006.3,3986.48,3997.8,54753.276
2025-09-25 15:45:00+00:00,3997.81,4003.0,3989.3,4001.0,33914.586
2025-09-25 16:00:00+00:00,4001.0,4004.77,3992.18,3996.69,30546.265
2025-09-25 16:15:00+00:00,3996.69,3996.9,3961.28,3965.0,86696.446
2025-09-25 16:30:00+00:00,3965.0,3977.14,3945.67,3949.84,127308.732
2025-09-25 16:45:00+00:00,3949.85,3957.09,3926.0,3938.16,165303.773
2025-09-25 17:00:00+00:00,3938.17,3941.29,3897.3,3897.3,149309.986
2025-09-25 17:15:00+00:00,3897.3,3917.0,3870.01,3899.04,346218.524
2025-09-25 17:30:00+00:00,3899.05,3905.55,3856.01,3865.2,222548.324
2025-09-25 17:45:00+00:00,3865.19,3870.16,3822.0,3837.05,264625.983
2025-09-25 18:00:00+00:00,3837.04,3862.5,3822.75,3858.93,210520.736
2025-09-25 18:15:00+00:00,3858.92,3888.33,3845.9,3880.64,173886.807
2025-09-25 18:30:00+00:00,3880.65,3895.0,3867.92,3888.36,89729.708
2025-09-25 18:45:00+00:00,3888.35,3924.52,3878.26,3923.72,142624.004
2025-09-25 19:00:00+00:00,3923.71,3937.68,3921.56,3922.72,91674.02
2025-09-25 19:15:00+00:00,3922.72,3946.88,3916.73,3937.46,77658.351
2025-09-25 19:30:00+00:00,3937.45,3943.37,3924.09,3929.44,40858.057
2025-09-25 19:45:00+00:00,3929.44,3929.99,3905.12,3910.36,73277.696
2025-09-25 20:00:00+00:00,3910.36,3917.44,3885.73,3894.99,73155.556
2025-09-25 20:15:00+00:00,3895.0,3918.09,3887.73,3904.79,53021.511
2025-09-25 20:30:00+00:00,3904.79,3904.84,3875.5,3891.55,56796.117
2025-09-25 20:45:00+00:00,3891.55,3900.51,3876.76,3884.57,38607.838
2025-09-25 21:00:00+00:00,3884.57,3916.69,3884.57,3898.37,58209.834
2025-09-25 21:15:00+00:00,3898.37,3908.72,3887.03,3894.09,26992.926
2025-09-25 21:30:00+00:00,3894.1,3895.15,3879.32,3889.61,32065.581
2025-09-25 21:45:00+00:00,3889.61,3909.66,3888.22,3903.6,23320.627
2025-09-25 22:00:00+00:00,3903.6,3928.97,3895.83,3927.51,41115.339
2025-09-25 22:15:00+00:00,3927.51,3936.0,3907.7,3908.69,40089.071
2025-09-25 22:30:00+00:00,3908.69,3910.19,3894.68,3899.37,20860.405
2025-09-25 22:45:00+00:00,3899.37,3899.55,3880.0,3891.24,37485.13
2025-09-25 23:00:00+00:00,3891.24,3904.35,3885.0,3889.7,31181.302
2025-09-25 23:15:00+00:00,3889.7,3894.67,3875.01,3889.39,31787.443
2025-09-25 23:30:00+00:00,3889.39,3889.39,3848.0,3871.92,122898.387
2025-09-25 23:45:00+00:00,3871.92,3873.1,3854.55,3873.1,40533.028
2025-09-26 00:00:00+00:00,3873.1,3897.0,3872.88,3894.15,50034.303
2025-09-26 00:15:00+00:00,3894.16,3912.25,3889.6,3901.67,46588.202
2025-09-26 00:30:00+00:00,3901.66,3901.66,3871.81,3872.94,42438.868
2025-09-26 00:45:00+00:00,3872.96,3937.85,3866.0,3930.78,110638.674
2025-09-26 01:00:00+00:00,3930.78,3940.0,3918.97,3936.08,63663.358
2025-09-26 01:15:00+00:00,3936.08,3943.55,3927.44,3927.79,40726.017
2025-09-26 01:30:00+00:00,3927.78,3942.0,3925.0,3941.61,33973.018
2025-09-26 01:45:00+00:00,3941.62,3957.0,3936.33,3947.2,68173.886
2025-09-26 02:00:00+00:00,3947.21,3966.47,3940.0,3945.47,54105.814
2025-09-26 02:15:00+00:00,3945.48,3959.45,3941.89,3944.52,27757.089
2025-09-26 02:30:00+00:00,3944.52,3957.88,3940.12,3957.83,26853.165
2025-09-26 02:45:00+00:00,3957.83,3970.0,3952.23,3957.47,40490.013
2025-09-26 03:00:00+00:00,3957.46,3962.59,3945.0,3959.6,24940.684
2025-09-26 03:15:00+00:00,3959.6,3966.92,3952.6,3954.24,21086.895
2025-09-26 03:30:00+00:00,3954.23,3956.83,3943.0,3956.51,29034.065
2025-09-26 03:45:00+00:00,3956.5,3967.71,3951.98,3964.0,19730.065
2025-09-26 04:00:00+00:00,3963.99,3970.0,3957.0,3964.9,31362.428
2025-09-26 04:15:00+00:00,3964.89,3975.99,3956.86,3960.91,38286.291
2025-09-26 04:30:00+00:00,3960.9,3960.91,3937.23,3942.38,48788.324
2025-09-26 04:45:00+00:00,3942.38,3948.49,3938.0,3944.3,25326.152
2025-09-26 05:00:00+00:00,3944.3,3956.46,3941.5,3950.75,17141.201
2025-09-26 05:15:00+00:00,3950.76,3961.76,3950.75,3955.71,20304.085
2025-09-26 05:30:00+00:00,3955.71,3956.31,3942.02,3942.78,13845.83
2025-09-26 05:45:00+00:00,3942.79,3945.43,3917.03,3919.61,114656.866
2025-09-26 06:00:00+00:00,3919.62,3931.63,3906.29,3928.61,64628.24
2025-09-26 06:15:00+00:00,3928.6,3947.03,3927.71,3938.6,40256.059
2025-09-26 06:30:00+00:00,3938.59,3946.35,3931.62,3942.17,17811.899
2025-09-26 06:45:00+00:00,3942.17,3942.52,3913.06,3919.0,70314.23
2025-09-26 07:00:00+00:00,3919.0,3932.53,3916.37,3932.41,47759.2
2025-09-26 07:15:00+00:00,3932.41,3946.59,3928.38,3928.81,46033.036
2025-09-26 07:30:00+00:00,3928.8,3928.8,3905.19,3907.55,92919.789
2025-09-26 07:45:00+00:00,3907.54,3938.32,3905.13,3936.6,63696.037
2025-09-26 08:00:00+00:00,3936.61,3940.76,3931.18,3935.82,48341.376
2025-09-26 08:15:00+00:00,3935.83,3939.36,3923.51,3934.74,23258.544
2025-09-26 08:30:00+00:00,3934.75,3941.95,3932.14,3937.95,24245.352
2025-09-26 08:45:00+00:00,3937.96,3943.31,3930.84,3932.28,20302.569
2025-09-26 09:00:00+00:00,3932.29,3938.57,3925.42,3934.65,17006.309
2025-09-26 09:15:00+00:00,3934.65,3935.04,3923.0,3925.76,16829.384
2025-09-26 09:30:00+00:00,3925.75,3928.63,3891.66,3904.37,77099.153
2025-09-26 09:45:00+00:00,3904.37,3915.1,3901.44,3913.54,28925.626
2025-09-26 10:00:00+00:00,3913.53,3915.0,3882.69,3885.27,73946.722
2025-09-26 10:15:00+00:00,3885.28,3892.29,3876.55,3884.82,66795.509
2025-09-26 10:30:00+00:00,3884.82,3894.26,3871.98,3886.21,42307.763
2025-09-26 10:45:00+00:00,3886.2,3893.0,3876.66,3886.42,38555.204
2025-09-26 11:00:00+00:00,3886.42,3889.59,3871.0,3875.5,38276.747
2025-09-26 11:15:00+00:00,3875.51,3891.97,3873.88,3888.99,39206.448
2025-09-26 11:30:00+00:00,3888.99,3913.6,3888.85,3908.0,50070.646
2025-09-26 11:45:00+00:00,3908.0,3914.71,3902.69,3903.9,27640.394
2025-09-26 12:00:00+00:00,3903.89,3903.9,3878.57,3878.57,42587.846
2025-09-26 12:15:00+00:00,3878.58,3905.0,3873.41,3902.2,58511.49
2025-09-26 12:30:00+00:00,3902.2,3961.0,3884.67,3946.85,238585.258
2025-09-26 12:45:00+00:00,3946.86,3949.43,3924.52,3935.34,57529.351
2025-09-26 13:00:00+00:00,3935.34,3938.43,3922.04,3926.64,45430.456
2025-09-26 13:15:00+00:00,3926.65,3929.0,3907.0,3913.68,43502.271
2025-09-26 13:30:00+00:00,3913.69,3943.0,3904.31,3937.19,97094.985
2025-09-26 13:45:00+00:00,3937.18,3985.0,3930.5,3968.87,256444.278
2025-09-26 14:00:00+00:00,3968.86,3977.0,3942.88,3944.74,95906.881
2025-09-26 14:15:00+00:00,3944.72,3956.0,3924.11,3939.22,83068.708
2025-09-26 14:30:00+00:00,3939.23,3947.0,3919.96,3939.62,58676.159
2025-09-26 14:45:00+00:00,3939.63,3945.11,3922.9,3929.64,39577.495
2025-09-26 15:00:00+00:00,3929.64,3953.99,3927.09,3936.48,43228.958
2025-09-26 15:15:00+00:00,3936.47,3960.79,3932.52,3958.81,46731.092
2025-09-26 15:30:00+00:00,3958.8,3960.72,3945.89,3950.31,25255.211
2025-09-26 15:45:00+00:00,3950.31,3953.59,3940.11,3944.42,27829.931
2025-09-26 16:00:00+00:00,3944.41,3972.0,3941.0,3962.87,59935.251
2025-09-26 16:15:00+00:00,3962.87,3993.6,3960.79,3979.47,86793.701
2025-09-26 16:30:00+00:00,3979.47,3982.4,3969.0,3979.82,29809.429
2025-09-26 16:45:00+00:00,3979.83,3992.0,3979.0,3988.33,37055.318
2025-09-26 17:00:00+00:00,3988.33,3997.78,3975.25,3994.76,44369.231
2025-09-26 17:15:00+00:00,3994.77,4027.99,3988.48,4023.81,126262.762
2025-09-26 17:30:00+00:00,4023.82,4032.81,4013.84,4024.32,79040.811
2025-09-26 17:45:00+00:00,4024.32,4044.0,4023.45,4042.26,93513.851
2025-09-26 18:00:00+00:00,4042.26,4055.56,4033.84,4048.24,104935.103
2025-09-26 18:15:00+00:00,4048.23,4066.39,4047.4,4052.32,81762.438
2025-09-26 18:30:00+00:00,4052.33,4056.16,4037.78,4040.09,57522.801
2025-09-26 18:45:00+00:00,4040.1,4047.5,4035.0,4041.6,31138.603
2025-09-26 19:00:00+00:00,4041.6,4043.18,4026.24,4036.74,66911.41
2025-09-26 19:15:00+00:00,4036.74,4043.37,4020.16,4020.5,48058.682
2025-09-26 19:30:00+00:00,4020.5,4023.03,4005.11,4010.59,69648.112
2025-09-26 19:45:00+00:00,4010.6,4026.44,4005.45,4021.4,48983.637
2025-09-26 20:00:00+00:00,4021.4,4027.95,4008.92,4026.61,34221.427
2025-09-26 20:15:00+00:00,4026.61,4027.91,4013.06,4016.03,16752.191
2025-09-26 20:30:00+00:00,4016.0,4020.47,4006.77,4007.51,21801.578
2025-09-26 20:45:00+00:00,4007.51,4013.65,4006.5,4007.39,19439.709
2025-09-26 21:00:00+00:00,4007.4,4015.49,4002.64,4014.73,21738.173
2025-09-26 21:15:00+00:00,4014.73,4017.76,4007.0,4017.76,12546.871
2025-09-26 21:30:00+00:00,4017.76,4019.45,4010.0,4010.24,9025.713
2025-09-26 21:45:00+00:00,4010.25,4023.94,4007.79,4021.37,25080.835
2025-09-26 22:00:00+00:00,4021.37,4036.24,4017.36,4031.08,38143.284
2025-09-26 22:15:00+00:00,4031.08,4038.0,4027.41,4028.0,32184.741
2025-09-26 22:30:00+00:00,4028.0,4035.53,4027.5,4028.82,18596.889
2025-09-26 22:45:00+00:00,4028.83,4033.95,4022.66,4024.56,12276.784
2025-09-26 23:00:00+00:00,4024.57,4024.57,4015.66,4017.18,15663.397
2025-09-26 23:15:00+00:00,4017.19,4023.1,4013.0,4021.85,11886.265
2025-09-26 23:30:00+00:00,4021.84,4033.3,4020.66,4031.46,25433.523
2025-09-26 23:45:00+00:00,4031.46,4035.6,4028.56,4030.17,14333.316
2025-09-27 00:00:00+00:00,4030.17,4030.18,4020.09,4020.73,18583.872
2025-09-27 00:15:00+00:00,4020.73,4027.96,4018.59,4026.59,10463.673
2025-09-27 00:30:00+00:00,4026.59,4031.2,4019.5,4020.16,12066.09
2025-09-27 00:45:00+00:00,4020.17,4026.37,4014.99,4025.02,12909.336
2025-09-27 01:00:00+00:00,4025.01,4027.5,4015.45,4020.57,11590.52
2025-09-27 01:15:00+00:00,4020.57,4023.8,4001.8,4013.02,25848.447
2025-09-27 01:30:00+00:00,4013.02,4014.06,4006.21,4012.02,15015.54
2025-09-27 01:45:00+00:00,4012.01,4017.61,4012.01,4016.69,7001.348
2025-09-27 02:00:00+00:00,4016.7,4020.0,4012.62,4019.14,9053.045
2025-09-27 02:15:00+00:00,4019.13,4021.0,4008.0,4011.25,17142.009
2025-09-27 02:30:00+00:00,4011.26,4015.5,4008.0,4015.49,8410.666
2025-09-27 02:45:00+00:00,4015.5,4017.16,4009.2,4010.84,8477.114
2025-09-27 03:00:00+00:00,4010.84,4015.98,4007.85,4010.23,12932.491
2025-09-27 03:15:00+00:00,4010.24,4023.42,4009.34,4021.64,13806.15
2025-09-27 03:30:00+00:00,4021.64,4027.84,4018.8,4023.37,20987.563
2025-09-27 03:45:00+00:00,4023.36,4025.81,4016.64,4017.2,10441.631
2025-09-27 04:00:00+00:00,4017.21,4020.28,4012.8,4013.33,9613.046
2025-09-27 04:15:00+00:00,4013.33,4025.6,4013.32,4024.65,9882.322
2025-09-27 04:30:00+00:00,4024.65,4026.4,4020.0,4020.15,8121.046
2025-09-27 04:45:00+00:00,4020.15,4021.88,4017.74,4020.0,5111.766
2025-09-27 05:00:00+00:00,4020.01,4020.01,4010.67,4012.45,10694.834
2025-09-27 05:15:00+00:00,4012.45,4016.31,4010.57,4012.13,8659.08
2025-09-27 05:30:00+00:00,4012.13,4017.62,4010.12,4017.62,6557.404
2025-09-27 05:45:00+00:00,4017.62,4020.0,4016.2,4018.05,7460.316
2025-09-27 06:00:00+00:00,4018.05,4018.05,4012.16,4013.02,7165.059
2025-09-27 06:15:00+00:00,4013.01,4014.41,4010.5,4012.32,9686.481
2025-09-27 06:30:00+00:00,4012.32,4015.01,4011.0,4014.09,5951.269
2025-09-27 06:45:00+00:00,4014.1,4018.45,4013.52,4017.18,5102.092
2025-09-27 07:00:00+00:00,4017.18,4020.58,4016.56,4017.49,8664.572
2025-09-27 07:15:00+00:00,4017.49,4018.14,4011.0,4011.77,10933.397
2025-09-27 07:30:00+00:00,4011.76,4012.7,4006.6,4006.99,22220.942
2025-09-27 07:45:00+00:00,4007.0,4009.59,4004.01,4005.99,14490.029
2025-09-27 08:00:00+00:00,4006.0,4006.0,3982.2,3988.94,93021.758
2025-09-27 08:15:00+00:00,3988.93,3996.8,3987.0,3996.8,30216.952
2025-09-27 08:30:00+00:00,3996.8,3996.8,3988.01,3989.39,15268.1
2025-09-27 08:45:00+00:00,3989.39,3991.52,3981.01,3984.4,23690.432
2025-09-27 09:00:00+00:00,3984.39,3986.65,3971.45,3975.07,49158.682
2025-09-27 09:15:00+00:00,3975.06,3979.8,3973.13,3979.27,25857.446
2025-09-27 09:30:00+00:00,3979.26,3990.0,3977.0,3987.55,32906.328
2025-09-27 09:45:00+00:00,3987.55,3996.43,3986.23,3993.59,23104.484
2025-09-27 10:00:00+00:00,3993.58,3996.52,3989.52,3990.5,13929.641
2025-09-27 10:15:00+00:00,3990.5,3994.52,3987.4,3988.52,11499.895
2025-09-27 10:30:00+00:00,3988.52,4017.0,3988.52,4011.09,70519.856
2025-09-27 10:45:00+00:00,4011.09,4017.0,4006.81,4007.65,38049.94
2025-09-27 11:00:00+00:00,4007.66,4010.21,4005.0,4005.03,16483.709
2025-09-27 11:15:00+00:00,4005.02,4011.8,4005.02,4011.09,17830.135
2025-09-27 11:30:00+00:00,4011.09,4011.1,4001.66,4003.04,13866.445
2025-09-27 11:45:00+00:00,4003.04,4003.86,3997.57,4000.86,16344.857
2025-09-27 12:00:00+00:00,4000.87,4001.28,3992.95,3995.47,15390.334
2025-09-27 12:15:00+00:00,3995.48,3998.0,3993.52,3996.74,5830.207
2025-09-27 12:30:00+00:00,3996.74,4010.62,3995.05,4008.53,26085.619
2025-09-27 12:45:00+00:00,4008.53,4038.62,4006.93,4027.2,124328.016
2025-09-27 13:00:00+00:00,4027.2,4030.61,4013.87,4014.32,34077.235
2025-09-27 13:15:00+00:00,4014.33,4020.43,4014.32,4019.29,13546.637
2025-09-27 13:30:00+00:00,4019.29,4025.54,4015.6,4023.48,12556.262
2025-09-27 13:45:00+00:00,4023.49,4025.0,4017.04,4018.41,11057.974
2025-09-27 14:00:00+00:00,4018.41,4024.94,4013.68,4022.0,14494.225
2025-09-27 14:15:00+00:00,4022.0,4022.75,4015.12,4017.16,9327.8
2025-09-27 14:30:00+00:00,4017.15,4022.41,4015.5,4015.51,10865.785
2025-09-27 14:45:00+00:00,4015.5,4015.5,4007.34,4013.05,20672.129
2025-09-27 15:00:00+00:00,4013.05,4013.06,3997.52,4001.0,40793.988
2025-09-27 15:15:00+00:00,4001.0,4011.98,4000.99,4011.39,23744.261
2025-09-27 15:30:00+00:00,4011.39,4017.69,4007.01,4015.03,16634.277
2025-09-27 15:45:00+00:00,4015.02,4020.49,4013.65,4017.2,16707.266
2025-09-27 16:00:00+00:00,4017.21,4018.27,4009.78,4010.05,12668.463
2025-09-27 16:15:00+00:00,4010.04,4014.48,4006.03,4009.9,15486.059
2025-09-27 16:30:00+00:00,4009.89,4012.95,4006.04,4008.13,7576.627
2025-09-27 16:45:00+00:00,4008.13,4011.0,4002.33,4005.98,16107.939
2025-09-27 17:00:00+00:00,4005.99,4006.17,3983.42,3993.48,83207.668
2025-09-27 17:15:00+00:00,3993.48,3993.76,3979.6,3987.87,57584.029
2025-09-27 17:30:00+00:00,3987.88,3998.88,3986.0,3994.31,26333.175
2025-09-27 17:45:00+00:00,3994.31,4001.77,3989.24,4000.01,18052.114
2025-09-27 18:00:00+00:00,4000.0,4002.66,3990.66,3994.57,14731.716
2025-09-27 18:15:00+00:00,3994.56,3997.4,3990.86,3994.21,10538.983
2025-09-27 18:30:00+00:00,3994.21,3994.8,3984.89,3985.84,14813.08
2025-09-27 18:45:00+00:00,3985.83,3995.26,3985.83,3994.7,8579.696
2025-09-27 19:00:00+00:00,3994.7,3995.96,3990.05,3990.93,9908.278
2025-09-27 19:15:00+00:00,3990.93,3998.0,3989.59,3997.58,10024.555
2025-09-27 19:30:00+00:00,3997.57,3997.6,3992.32,3996.0,8995.917
2025-09-27 19:45:00+00:00,3995.99,4001.69,3994.87,4000.66,6632.321
2025-09-27 20:00:00+00:00,4000.66,4005.46,3998.62,4001.43,12135.297
2025-09-27 20:15:00+00:00,4001.43,4002.0,3998.99,4001.78,4872.144
2025-09-27 20:30:00+00:00,4001.78,4008.9,3999.65,4002.22,10216.114
2025-09-27 20:45:00+00:00,4002.22,4005.2,3998.76,4005.2,4424.167
2025-09-27 21:00:00+00:00,4005.19,4012.52,4004.71,4012.32,7111.87
2025-09-27 21:15:00+00:00,4012.33,4012.33,4007.67,4009.62,6086.63
2025-09-27 21:30:00+00:00,4009.63,4015.83,4008.2,4014.86,6868.879
2025-09-27 21:45:00+00:00,4014.85,4019.75,4012.63,4013.32,9439.369
2025-09-27 22:00:00+00:00,4013.31,4021.69,4012.5,4021.22,13946.859
2025-09-27 22:15:00+00:00,4021.23,4031.99,4020.02,4031.28,35297.265
2025-09-27 22:30:00+00:00,4031.28,4031.7,4017.46,4017.95,15413.045
2025-09-27 22:45:00+00:00,4017.95,4021.83,4013.66,4021.0,12714.911
2025-09-27 23:00:00+00:00,4021.0,4025.69,4014.31,4022.74,13918.58
2025-09-27 23:15:00+00:00,4022.74,4024.48,4012.77,4016.91,12735.301
2025-09-27 23:30:00+00:00,4016.92,4019.01,4011.88,4016.25,8196.208
2025-09-27 23:45:00+00:00,4016.24,4020.0,4012.86,4017.01,15569.055
2025-09-28 00:00:00+00:00,4017.01,4021.41,4003.85,4011.15,24594.356
2025-09-28 00:15:00+00:00,4011.15,4030.24,4009.44,4027.71,25349.108
2025-09-28 00:30:00+00:00,4027.7,4030.55,4014.36,4023.01,20822.141
2025-09-28 00:45:00+00:00,4023.01,4024.07,4013.06,4014.72,12215.432
2025-09-28 01:00:00+00:00,4014.72,4016.4,4001.7,4003.74,36468.78
2025-09-28 01:15:00+00:00,4003.74,4011.82,4003.5,4005.06,17427.768
2025-09-28 01:30:00+00:00,4005.07,4011.32,3992.58,3995.88,30575.714
2025-09-28 01:45:00+00:00,3995.88,3998.59,3992.09,3995.01,15557.799
2025-09-28 02:00:00+00:00,3995.0,4004.4,3993.8,3994.02,21084.19
2025-09-28 02:15:00+00:00,3994.01,4004.94,3993.8,4002.89,13927.393
2025-09-28 02:30:00+00:00,4002.89,4009.0,3999.1,4001.37,29196.559
2025-09-28 02:45:00+00:00,4001.36,4001.37,3996.0,3999.45,16216.549
2025-09-28 03:00:00+00:00,3999.45,4004.63,3999.45,4003.09,9187.493
2025-09-28 03:15:00+00:00,4003.09,4008.5,3998.74,4001.3,8691.539
2025-09-28 03:30:00+00:00,4001.3,4003.0,3995.0,3997.92,13068.688
2025-09-28 03:45:00+00:00,3997.92,4002.0,3996.82,4000.58,4936.636
2025-09-28 04:00:00+00:00,4000.57,4003.8,3996.79,3996.99,11980.933
2025-09-28 04:15:00+00:00,3996.98,4000.0,3995.0,3995.01,7396.349
2025-09-28 04:30:00+00:00,3995.0,4002.95,3994.55,4002.58,9930.47
2025-09-28 04:45:00+00:00,4002.58,4003.66,3998.99,4003.17,7713.015
2025-09-28 05:00:00+00:00,4003.17,4007.65,4001.7,4001.71,12644.327
2025-09-28 05:15:00+00:00,4001.7,4010.05,4001.28,4009.88,10661.438
2025-09-28 05:30:00+00:00,4009.89,4018.5,4007.64,4010.32,18630.026
2025-09-28 05:45:00+00:00,4010.33,4011.0,4005.68,4008.99,5847.796
2025-09-28 06:00:00+00:00,4009.0,4015.39,4008.6,4009.41,8702.18
2025-09-28 06:15:00+00:00,4009.41,4013.12,3997.45,3998.63,16818.15
2025-09-28 06:30:00+00:00,3998.63,4010.69,3995.0,4000.34,43392.223
2025-09-28 06:45:00+00:00,4000.34,4004.41,3997.39,4004.41,8954.94
2025-09-28 07:00:00+00:00,4004.41,4006.61,4000.4,4006.19,12511.062
2025-09-28 07:15:00+00:00,4006.19,4010.68,4005.09,4008.35,10278.412
2025-09-28 07:30:00+00:00,4008.34,4012.52,4005.99,4011.42,13829.997
2025-09-28 07:45:00+00:00,4011.41,4014.75,4009.84,4013.0,12639.556
2025-09-28 08:00:00+00:00,4013.01,4014.75,4008.15,4010.5,8124.466
2025-09-28 08:15:00+00:00,4010.5,4011.7,4001.5,4003.75,15892.255
2025-09-28 08:30:00+00:00,4003.74,4005.46,3998.18,4002.37,16956.822
2025-09-28 08:45:00+00:00,4002.36,4007.98,4000.03,4000.15,11455.061
2025-09-28 09:00:00+00:00,4000.15,4004.68,3986.6,3991.18,42721.925
2025-09-28 09:15:00+00:00,3991.18,3996.45,3987.0,3995.72,22876.199
2025-09-28 09:30:00+00:00,3995.73,4002.88,3995.58,4000.81,16020.327
2025-09-28 09:45:00+00:00,4000.82,4000.82,3993.77,3993.77,10226.547
2025-09-28 10:00:00+00:00,3993.77,3993.78,3982.45,3992.3,34103.642
2025-09-28 10:15:00+00:00,3992.3,3993.97,3989.28,3989.56,10218.355
2025-09-28 10:30:00+00:00,3989.56,3998.44,3989.42,3996.14,14403.211
2025-09-28 10:45:00+00:00,3996.15,3998.3,3993.75,3994.45,6234.589
2025-09-28 11:00:00+00:00,3994.44,3995.19,3990.0,3990.78,7447.789
2025-09-28 11:15:00+00:00,3990.79,3993.0,3982.7,3984.69,21920.328
2025-09-28 11:30:00+00:00,3984.69,3994.3,3984.64,3986.27,20507.294
2025-09-28 11:45:00+00:00,3986.27,3993.0,3983.8,3990.72,13533.667
2025-09-28 12:00:00+00:00,3990.73,3991.19,3984.78,3987.17,14461.689
2025-09-28 12:15:00+00:00,3987.18,3990.0,3982.65,3987.49,14821.754
2025-09-28 12:30:00+00:00,3987.49,3987.99,3963.1,3969.74,62525.058
2025-09-28 12:45:00+00:00,3969.74,3981.0,3964.47,3976.0,56064.171
2025-09-28 13:00:00+00:00,3976.01,3991.0,3975.66,3985.99,29869.657
2025-09-28 13:15:00+00:00,3986.0,4004.0,3983.65,3996.45,50518.658
2025-09-28 13:30:00+00:00,3996.45,4002.45,3993.61,3999.02,33283.756
2025-09-28 13:45:00+00:00,3999.02,4022.82,3994.79,4011.74,85121.064
2025-09-28 14:00:00+00:00,4011.75,4014.23,4006.65,4012.18,28799.481
2025-09-28 14:15:00+00:00,4012.18,4025.0,4011.27,4019.98,50966.479
2025-09-28 14:30:00+00:00,4019.98,4020.23,4012.1,4016.49,26928.332
2025-09-28 14:45:00+00:00,4016.5,4027.06,4013.93,4023.01,28963.543
2025-09-28 15:00:00+00:00,4023.01,4027.87,4016.0,4020.46,35547.603
2025-09-28 15:15:00+00:00,4020.45,4024.56,4017.6,4022.01,19191.573
2025-09-28 15:30:00+00:00,4022.0,4022.01,4013.9,4019.99,19669.716
2025-09-28 15:45:00+00:00,4020.0,4021.81,4016.1,4019.91,22544.138
2025-09-28 16:00:00+00:00,4019.92,4054.66,4019.91,4032.8,103586.01
2025-09-28 16:15:00+00:00,4032.8,4036.93,4027.79,4029.1,35729.843
2025-09-28 16:30:00+00:00,4029.1,4031.01,4022.05,4026.39,23029.967
2025-09-28 16:45:00+00:00,4026.4,4032.35,4025.0,4031.85,14775.923
2025-09-28 17:00:00+00:00,4031.86,4042.45,4027.45,4038.61,44091.077
2025-09-28 17:15:00+00:00,4038.61,4041.83,4022.1,4036.03,43851.083
2025-09-28 17:30:00+00:00,4036.04,4047.11,4030.9,4043.58,35572.247
2025-09-28 17:45:00+00:00,4043.57,4049.98,4033.81,4038.01,29084.194
2025-09-28 18:00:00+00:00,4038.0,4043.6,4033.38,4035.97,15897.185
2025-09-28 18:15:00+00:00,4035.96,4039.0,4034.5,4035.5,8960.959
2025-09-28 18:30:00+00:00,4035.51,4041.0,4035.0,4038.13,8857.675
2025-09-28 18:45:00+00:00,4038.13,4041.43,4035.77,4040.73,6611.759
2025-09-28 19:00:00+00:00,4040.74,4044.87,4032.24,4032.25,15693.762
2025-09-28 19:15:00+00:00,4032.25,4038.35,4031.0,4036.73,8723.146
2025-09-28 19:30:00+00:00,4036.72,4038.64,4034.4,4035.75,5463.895
2025-09-28 19:45:00+00:00,4035.75,4038.52,4034.78,4037.43,5039.816
2025-09-28 20:00:00+00:00,4037.44,4038.54,4033.76,4035.81,8309.047
2025-09-28 20:15:00+00:00,4035.81,4052.86,4035.08,4046.5,25403.556
2025-09-28 20:30:00+00:00,4046.51,4066.16,4045.64,4055.01,54738.548
2025-09-28 20:45:00+00:00,4055.01,4059.17,4048.65,4049.6,24330.25
2025-09-28 21:00:00+00:00,4049.6,4060.59,4049.27,4051.48,12504.608
2025-09-28 21:15:00+00:00,4051.48,4053.84,4048.34,4048.45,9416.555
2025-09-28 21:30:00+00:00,4048.46,4048.46,4040.14,4043.77,16801.702
2025-09-28 21:45:00+00:00,4043.76,4048.3,4041.3,4048.29,5660.496
2025-09-28 22:00:00+00:00,4048.29,4114.0,4048.25,4086.96,192687.895
2025-09-28 22:15:00+00:00,4086.95,4114.0,4086.95,4106.18,85022.7
2025-09-28 22:30:00+00:00,4106.18,4123.63,4105.0,4121.49,74061.084
2025-09-28 22:45:00+00:00,4121.49,4139.0,4120.11,4130.47,89677.318
2025-09-28 23:00:00+00:00,4130.47,4137.6,4119.86,4126.89,54034.614
2025-09-28 23:15:00+00:00,4126.89,4131.42,4118.44,4125.58,28741.325
2025-09-28 23:30:00+00:00,4125.59,4141.63,4120.67,4137.27,31431.191
2025-09-28 23:45:00+00:00,4137.28,4143.05,4133.63,4139.55,33870.701
2025-09-29 00:00:00+00:00,4139.54,4143.99,4132.68,4134.87,48312.81
2025-09-29 00:15:00+00:00,4134.87,4143.52,4125.58,4137.27,51065.259
2025-09-29 00:30:00+00:00,4137.27,4138.26,4120.69,4126.55,34997.771
2025-09-29 00:45:00+00:00,4126.54,4137.21,4123.53,4125.45,22933.051
2025-09-29 01:00:00+00:00,4125.44,4134.9,4116.16,4131.72,27495.303
2025-09-29 01:15:00+00:00,4131.72,4135.84,4114.74,4117.94,35063.841
2025-09-29 01:30:00+00:00,4117.94,4125.0,4114.44,4122.43,15817.003
2025-09-29 01:45:00+00:00,4122.43,4122.44,4110.11,4112.67,33615.51
2025-09-29 02:00:00+00:00,4112.66,4120.38,4110.0,4116.8,26576.805
2025-09-29 02:15:00+00:00,4116.8,4126.5,4108.91,4121.72,29847.161
2025-09-29 02:30:00+00:00,4121.72,4123.8,4105.45,4107.29,27874.562
2025-09-29 02:45:00+00:00,4107.29,4111.28,4105.59,4110.14,16749.748
2025-09-29 03:00:00+00:00,4110.14,4110.93,4101.95,4102.41,25092.949
2025-09-29 03:15:00+00:00,4102.42,4110.19,4101.3,4109.72,17080.872
2025-09-29 03:30:00+00:00,4109.71,4113.09,4105.92,4106.36,12708.378
2025-09-29 03:45:00+00:00,4106.35,4119.68,4105.03,4119.68,24951.549
2025-09-29 04:00:00+00:00,4119.67,4121.23,4114.0,4115.92,22140.644
2025-09-29 04:15:00+00:00,4115.92,4122.0,4111.42,4112.15,15247.958
2025-09-29 04:30:00+00:00,4112.15,4120.99,4111.38,4118.77,11600.718
2025-09-29 04:45:00+00:00,4118.77,4120.28,4115.11,4117.48,5074.56
2025-09-29 05:00:00+00:00,4117.48,4118.76,4103.35,4106.91,25246.196
2025-09-29 05:15:00+00:00,4106.9,4107.81,4101.71,4106.45,20762.511
2025-09-29 05:30:00+00:00,4106.45,4111.5,4104.01,4109.89,12577.352
2025-09-29 05:45:00+00:00,4109.89,4114.81,4108.6,4112.4,8913.91
2025-09-29 06:00:00+00:00,4112.4,4113.09,4093.39,4098.0,33391.532
2025-09-29 06:15:00+00:00,4097.99,4107.77,4095.43,4100.93,19407.959
2025-09-29 06:30:00+00:00,4100.94,4107.63,4100.0,4107.34,11395.646
2025-09-29 06:45:00+00:00,4107.35,4107.52,4095.09,4095.37,16283.044
2025-09-29 07:00:00+00:00,4095.37,4099.14,4091.0,4096.53,15728.636
2025-09-29 07:15:00+00:00,4096.53,4097.43,4086.23,4092.54,26948.738
2025-09-29 07:30:00+00:00,4092.53,4109.44,4091.72,4104.99,25456.807
2025-09-29 07:45:00+00:00,4104.99,4111.35,4102.85,4106.6,17663.041
2025-09-29 08:00:00+00:00,4106.6,4117.48,4106.24,4107.97,33547.592
2025-09-29 08:15:00+00:00,4107.98,4121.73,4106.5,4119.39,27435.192
2025-09-29 08:30:00+00:00,4119.39,4127.14,4115.13,4124.93,29592.655
2025-09-29 08:45:00+00:00,4124.93,4135.0,4120.19,4120.19,51623.537
2025-09-29 09:00:00+00:00,4120.2,4129.17,4119.64,4121.04,37686.88
2025-09-29 09:15:00+00:00,4121.04,4136.16,4117.0,4133.08,36237.687
2025-09-29 09:30:00+00:00,4133.08,4138.0,4123.0,4124.69,32837.106
2025-09-29 09:45:00+00:00,4124.68,4132.93,4124.68,4132.79,16006.254
2025-09-29 10:00:00+00:00,4132.78,4136.49,4129.0,4132.78,21771.569
2025-09-29 10:15:00+00:00,4132.77,4133.37,4127.6,4131.13,12577.513
2025-09-29 10:30:00+00:00,4131.13,4132.28,4118.0,4120.35,29191.256
2025-09-29 10:45:00+00:00,4120.35,4122.89,4112.1,4114.38,21220.018
2025-09-29 11:00:00+00:00,4114.38,4115.3,4091.8,4093.28,57529.852
2025-09-29 11:15:00+00:00,4093.27,4103.61,4092.77,4102.7,37270.679
2025-09-29 11:30:00+00:00,4102.7,4107.75,4098.15,4104.21,21012.905
2025-09-29 11:45:00+00:00,4104.2,4104.96,4098.0,4100.88,14213.358
2025-09-29 12:00:00+00:00,4100.88,4108.94,4096.59,4108.93,25362.553
2025-09-29 12:15:00+00:00,4108.93,4117.61,4105.91,4116.83,30648.439
2025-09-29 12:30:00+00:00,4116.84,4128.0,4095.14,4102.06,60146.866
2025-09-29 12:45:00+00:00,4102.07,4113.61,4090.6,4095.87,46001.537
2025-09-29 13:00:00+00:00,4095.87,4104.64,4080.0,4103.0,75597.316
2025-09-29 13:15:00+00:00,4103.01,4110.96,4101.63,4106.98,36892.067
2025-09-29 13:30:00+00:00,4106.98,4149.0,4103.08,4146.38,124079.737
2025-09-29 13:45:00+00:00,4146.22,4184.4,4140.1,4166.99,333622.816
2025-09-29 14:00:00+00:00,4166.98,4180.0,4156.99,4179.46,169481.776
2025-09-29 14:15:00+00:00,4179.45,4187.71,4162.74,4178.27,105718.001
2025-09-29 14:30:00+00:00,4178.27,4193.0,4175.66,4189.88,85943.551
2025-09-29 14:45:00+00:00,4189.89,4202.69,4180.5,4186.05,118523.865
2025-09-29 15:00:00+00:00,4186.06,4197.27,4178.38,4181.31,75176.659
2025-09-29 15:15:00+00:00,4181.31,4185.5,4164.57,4169.11,75178.176
2025-09-29 15:30:00+00:00,4169.1,4174.0,4163.67,4168.51,42399.638
2025-09-29 15:45:00+00:00,4168.51,4168.92,4149.38,4162.72,68665.885
2025-09-29 16:00:00+00:00,4162.71,4169.34,4156.57,4167.2,44223.713
2025-09-29 16:15:00+00:00,4167.2,4172.83,4154.45,4156.53,34150.141
2025-09-29 16:30:00+00:00,4156.53,4164.89,4146.44,4150.12,40700.108
2025-09-29 16:45:00+00:00,4150.11,4154.45,4137.1,4140.0,62815.203
2025-09-29 17:00:00+00:00,4140.0,4145.22,4125.45,4138.5,75702.49
2025-09-29 17:15:00+00:00,4138.5,4149.0,4125.21,4145.05,52232.062
2025-09-29 17:30:00+00:00,4145.05,4147.62,4138.09,4143.95,19304.405
2025-09-29 17:45:00+00:00,4143.95,4156.95,4143.62,4153.14,36850.143
2025-09-29 18:00:00+00:00,4153.14,4156.17,4140.0,4147.19,28819.146
2025-09-29 18:15:00+00:00,4147.18,4151.74,4141.9,4150.81,18136.76
2025-09-29 18:30:00+00:00,4150.8,4154.66,4145.37,4154.25,11329.911
2025-09-29 18:45:00+00:00,4154.25,4161.19,4154.24,4160.0,16822.747
2025-09-29 19:00:00+00:00,4159.99,4172.98,4157.7,4172.86,39860.542
2025-09-29 19:15:00+00:00,4172.87,4172.87,4157.86,4169.9,24174.622
2025-09-29 19:30:00+00:00,4169.9,4182.45,4160.51,4180.31,33685.663
2025-09-29 19:45:00+00:00,4180.31,4192.0,4177.46,4185.94,60942.178
2025-09-29 20:00:00+00:00,4185.94,4193.02,4179.41,4192.66,33238.55
2025-09-29 20:15:00+00:00,4192.66,4196.01,4185.0,4189.06,19590.341
2025-09-29 20:30:00+00:00,4189.05,4232.56,4184.77,4229.14,140995.081
2025-09-29 20:45:00+00:00,4229.15,4232.78,4215.51,4224.86,45977.069
2025-09-29 21:00:00+00:00,4224.86,4234.27,4209.26,4213.43,37698.758
2025-09-29 21:15:00+00:00,4213.44,4224.96,4212.55,4221.73,16642.891
2025-09-29 21:30:00+00:00,4221.73,4223.87,4217.81,4223.65,12505.939
2025-09-29 21:45:00+00:00,4223.65,4227.67,4215.64,4222.17,16553.14
2025-09-29 22:00:00+00:00,4222.17,4226.64,4215.71,4220.48,22816.07
2025-09-29 22:15:00+00:00,4220.47,4221.15,4215.25,4218.04,16440.787
2025-09-29 22:30:00+00:00,4218.05,4224.84,4211.62,4215.12,18954.556
2025-09-29 22:45:00+00:00,4215.13,4229.0,4213.8,4224.1,29390.058
2025-09-29 23:00:00+00:00,4224.11,4228.24,4216.8,4219.97,22704.601
2025-09-29 23:15:00+00:00,4219.96,4225.56,4216.61,4219.16,22935.418
2025-09-29 23:30:00+00:00,4219.16,4220.0,4212.39,4213.32,16705.537
2025-09-29 23:45:00+00:00,4213.31,4216.7,4210.95,4212.98,17283.297
2025-09-30 00:00:00+00:00,4212.99,4221.92,4205.02,4209.54,37413.159
2025-09-30 00:15:00+00:00,4209.55,4209.55,4192.17,4196.89,52447.04
2025-09-30 00:30:00+00:00,4196.88,4223.11,4196.17,4216.81,44546.514
2025-09-30 00:45:00+00:00,4216.8,4246.87,4196.01,4203.72,132039.077
2025-09-30 01:00:00+00:00,4203.71,4216.49,4198.24,4215.47,32973.295
2025-09-30 01:15:00+00:00,4215.47,4225.72,4202.7,4210.0,42961.236
2025-09-30 01:30:00+00:00,4210.0,4210.32,4196.73,4199.05,35336.626
2025-09-30 01:45:00+00:00,4199.05,4202.14,4187.79,4200.71,40188.121
2025-09-30 02:00:00+00:00,4200.72,4206.68,4196.49,4198.83,21549.175
2025-09-30 02:15:00+00:00,4198.84,4205.89,4194.2,4195.19,14942.626
2025-09-30 02:30:00+00:00,4195.2,4205.0,4194.39,4201.68,12543.897
2025-09-30 02:45:00+00:00,4201.69,4208.85,4195.1,4196.5,22586.862
2025-09-30 03:00:00+00:00,4196.49,4201.0,4185.26,4194.72,33446.444
2025-09-30 03:15:00+00:00,4194.71,4201.26,4191.97,4199.6,12497.477
2025-09-30 03:30:00+00:00,4199.6,4205.17,4195.65,4204.39,12752.49
2025-09-30 03:45:00+00:00,4204.4,4205.53,4195.81,4196.16,12615.916
2025-09-30 04:00:00+00:00,4196.17,4197.69,4192.08,4193.15,11389.679
2025-09-30 04:15:00+00:00,4193.16,4198.71,4192.29,4194.92,12094.371
2025-09-30 04:30:00+00:00,4194.93,4197.64,4190.81,4193.99,10525.228
2025-09-30 04:45:00+00:00,4194.0,4195.85,4186.38,4186.62,15665.651
2025-09-30 05:00:00+00:00,4186.62,4192.59,4177.47,4184.05,41676.566
2025-09-30 05:15:00+00:00,4184.05,4184.05,4175.02,4178.56,30308.414
2025-09-30 05:30:00+00:00,4178.57,4179.87,4171.06,4174.68,24102.897
2025-09-30 05:45:00+00:00,4174.69,4187.34,4167.22,4182.43,43634.45
2025-09-30 06:00:00+00:00,4182.44,4189.41,4177.5,4188.84,25066.001
2025-09-30 06:15:00+00:00,4188.84,4195.88,4183.35,4194.42,30573.716
2025-09-30 06:30:00+00:00,4194.41,4201.13,4190.14,4198.51,31828.926
2025-09-30 06:45:00+00:00,4198.51,4199.03,4186.77,4188.06,21328.337
2025-09-30 07:00:00+00:00,4188.07,4206.17,4186.04,4194.07,42562.406
2025-09-30 07:15:00+00:00,4194.08,4194.86,4188.01,4191.06,13257.336
2025-09-30 07:30:00+00:00,4191.07,4191.72,4172.0,4176.07,37499.529
2025-09-30 07:45:00+00:00,4176.08,4184.7,4174.15,4180.99,23897.092
2025-09-30 08:00:00+00:00,4180.99,4182.0,4172.06,4177.08,20734.308
2025-09-30 08:15:00+00:00,4177.07,4178.98,4172.22,4176.0,16020.648
2025-09-30 08:30:00+00:00,4176.0,4178.35,4162.12,4168.84,52987.689
2025-09-30 08:45:00+00:00,4168.83,4173.79,4165.0,4167.33,25337.689
2025-09-30 09:00:00+00:00,4167.33,4169.53,4153.25,4154.82,42428.454
2025-09-30 09:15:00+00:00,4154.83,4168.78,4151.12,4168.77,41248.51
2025-09-30 09:30:00+00:00,4168.77,4175.54,4151.07,4155.09,48766.083
2025-09-30 09:45:00+00:00,4155.09,4155.09,4131.67,4139.25,88030.501
2025-09-30 10:00:00+00:00,4139.25,4148.59,4132.96,4139.29,52739.193
2025-09-30 10:15:00+00:00,4139.29,4145.83,4136.56,4142.87,33126.85
2025-09-30 10:30:00+00:00,4142.87,4155.69,4138.19,4154.3,28587.67
2025-09-30 10:45:00+00:00,4154.3,4163.69,4153.64,4156.17,34346.038
2025-09-30 11:00:00+00:00,4156.17,4160.34,4148.7,4153.03,22882.403
2025-09-30 11:15:00+00:00,4153.04,4160.63,4145.69,4158.89,24787.291
2025-09-30 11:30:00+00:00,4158.9,4167.0,4157.8,4164.18,30392.985
2025-09-30 11:45:00+00:00,4164.17,4168.29,4161.04,4162.78,22826.453
2025-09-30 12:00:00+00:00,4162.78,4164.3,4155.89,4159.12,19548.853
2025-09-30 12:15:00+00:00,4159.11,4167.28,4158.03,4165.41,11984.733
2025-09-30 12:30:00+00:00,4165.41,4174.0,4162.9,4167.5,26822.017
2025-09-30 12:45:00+00:00,4167.5,4167.83,4152.54,4156.16,22976.366
2025-09-30 13:00:00+00:00,4156.15,4159.85,4147.0,4154.23,35920.11
2025-09-30 13:15:00+00:00,4154.23,4164.77,4150.02,4164.77,23646.386
2025-09-30 13:30:00+00:00,4164.77,4172.97,4147.5,4170.0,47767.126
2025-09-30 13:45:00+00:00,4170.01,4173.58,4138.77,4152.3,65446.735
2025-09-30 14:00:00+00:00,4152.29,4159.0,4127.64,4140.13,102364.235
2025-09-30 14:15:00+00:00,4140.14,4150.86,4116.74,4124.21,101085.779
2025-09-30 14:30:00+00:00,4124.2,4131.44,4115.99,4129.01,61174.369
2025-09-30 14:45:00+00:00,4129.01,4148.83,4127.24,4147.05,51793.604
2025-09-30 15:00:00+00:00,4147.05,4148.0,4108.34,4115.99,93608.226
2025-09-30 15:15:00+00:00,4116.0,4119.12,4091.51,4106.0,151708.851
2025-09-30 15:30:00+00:00,4106.0,4116.0,4102.28,4108.21,53576.082
2025-09-30 15:45:00+00:00,4108.2,4121.9,4106.0,4118.09,35530.442
2025-09-30 16:00:00+00:00,4118.09,4123.24,4112.06,4116.13,35102.197
2025-09-30 16:15:00+00:00,4116.13,4125.56,4107.18,4114.37,34693.244
2025-09-30 16:30:00+00:00,4114.37,4116.51,4098.0,4107.5,37971.642
2025-09-30 16:45:00+00:00,4107.5,4111.57,4091.0,4097.86,46291.364
2025-09-30 17:00:00+00:00,4097.87,4109.19,4095.32,4104.88,33425.512
2025-09-30 17:15:00+00:00,4104.87,4109.44,4094.0,4099.07,33211.059
2025-09-30 17:30:00+00:00,4099.08,4106.33,4092.15,4095.12,37808.842
2025-09-30 17:45:00+00:00,4095.09,4102.97,4092.41,4099.52,29181.212
2025-09-30 18:00:00+00:00,4099.52,4115.79,4091.61,4114.41,32891.111
2025-09-30 18:15:00+00:00,4114.41,4116.48,4103.89,4108.96,22071.175
2025-09-30 18:30:00+00:00,4108.95,4111.12,4101.24,4109.3,12475.497
2025-09-30 18:45:00+00:00,4109.31,4117.13,4108.19,4114.89,19467.497
2025-09-30 19:00:00+00:00,4114.88,4123.0,4106.81,4118.58,44183.632
2025-09-30 19:15:00+00:00,4118.58,4124.9,4113.37,4123.67,20899.235
2025-09-30 19:30:00+00:00,4123.67,4138.0,4123.66,4133.3,53422.272
2025-09-30 19:45:00+00:00,4133.3,4170.0,4133.22,4158.48,97870.536
2025-09-30 20:00:00+00:00,4158.48,4165.84,4146.66,4151.25,47528.248
2025-09-30 20:15:00+00:00,4151.25,4169.47,4151.24,4161.94,27725.455
2025-09-30 20:30:00+00:00,4161.95,4166.28,4159.87,4165.79,14473.845
2025-09-30 20:45:00+00:00,4165.79,4196.0,4165.22,4194.12,82060.82
2025-09-30 21:00:00+00:00,4194.12,4199.89,4178.55,4180.8,45893.774
2025-09-30 21:15:00+00:00,4180.81,4188.98,4173.0,4173.49,36415.366
2025-09-30 21:30:00+00:00,4173.5,4174.97,4162.5,4169.71,64430.798
2025-09-30 21:45:00+00:00,4169.7,4172.2,4149.76,4150.23,39321.631
2025-09-30 22:00:00+00:00,4150.22,4169.19,4148.38,4160.2,46256.808
2025-09-30 22:15:00+00:00,4160.2,4164.72,4152.27,4153.51,18920.03
2025-09-30 22:30:00+00:00,4153.51,4157.0,4134.4,4140.93,45078.91
2025-09-30 22:45:00+00:00,4140.93,4145.99,4128.0,4137.67,29562.74
2025-09-30 23:00:00+00:00,4137.68,4138.5,4113.04,4126.21,78697.756
2025-09-30 23:15:00+00:00,4126.2,4138.57,4122.83,4135.45,29020.296
2025-09-30 23:30:00+00:00,4135.45,4141.84,4131.54,4141.83,16523.466
2025-09-30 23:45:00+00:00,4141.83,4144.01,4139.22,4142.75,13569.739
2025-10-01 00:00:00+00:00,4142.75,4150.0,4141.4,4143.68,22591.063
2025-10-01 00:15:00+00:00,4143.67,4144.98,4128.47,4130.61,21982.009
2025-10-01 00:30:00+00:00,4130.6,4139.36,4122.81,4124.37,24372.89
2025-10-01 00:45:00+00:00,4124.36,4146.66,4120.61,4146.65,34599.984
2025-10-01 01:00:00+00:00,4146.65,4155.39,4139.94,4148.96,25809.286
2025-10-01 01:15:00+00:00,4148.97,4157.81,4141.16,4151.01,26377.145
2025-10-01 01:30:00+00:00,4151.01,4165.58,4143.92,4162.28,31350.08
2025-10-01 01:45:00+00:00,4162.29,4172.47,4161.45,4168.68,35604.545
2025-10-01 02:00:00+00:00,4168.68,4168.93,4158.61,4161.33,27259.117
2025-10-01 02:15:00+00:00,4161.32,4167.8,4158.78,4164.43,12207.721
2025-10-01 02:30:00+00:00,4164.44,4165.0,4157.0,4157.24,13920.25
2025-10-01 02:45:00+00:00,4157.24,4158.6,4150.0,4150.99,27383.597
2025-10-01 03:00:00+00:00,4151.0,4151.97,4143.4,4148.55,29485.29
2025-10-01 03:15:00+00:00,4148.56,4149.58,4138.4,4139.52,36472.954
2025-10-01 03:30:00+00:00,4139.51,4146.99,4134.05,4136.0,22142.788
2025-10-01 03:45:00+00:00,4136.01,4136.01,4126.05,4126.84,35565.266
2025-10-01 04:00:00+00:00,4126.84,4145.29,4124.35,4139.83,37171.238
2025-10-01 04:15:00+00:00,4139.84,4149.13,4139.2,4148.49,20062.361
2025-10-01 04:30:00+00:00,4148.49,4155.0,4142.62,4144.7,26237.311
2025-10-01 04:45:00+00:00,4144.71,4149.91,4134.28,4138.47,18734.953
2025-10-01 05:00:00+00:00,4138.47,4154.95,4137.79,4147.59,21568.23
2025-10-01 05:15:00+00:00,4147.6,4155.93,4142.0,4146.37,21436.75
2025-10-01 05:30:00+00:00,4146.37,4151.65,4142.33,4149.32,12266.475
2025-10-01 05:45:00+00:00,4149.31,4150.84,4142.0,4142.37,12352.255
2025-10-01 06:00:00+00:00,4142.36,4145.38,4132.46,4139.73,33566.129
2025-10-01 06:15:00+00:00,4139.72,4144.34,4128.46,4133.51,22404.052
2025-10-01 06:30:00+00:00,4133.52,4140.8,4130.91,4135.64,14646.933
2025-10-01 06:45:00+00:00,4135.65,4136.05,4121.33,4124.64,34562.953
2025-10-01 07:00:00+00:00,4124.65,4133.3,4123.0,4132.22,19977.822
2025-10-01 07:15:00+00:00,4132.23,4140.0,4131.75,4138.85,16200.295
2025-10-01 07:30:00+00:00,4138.85,4142.51,4135.6,4140.93,16293.793
2025-10-01 07:45:00+00:00,4140.93,4146.33,4137.48,4143.99,18175.084
2025-10-01 08:00:00+00:00,4143.98,4152.62,4141.37,4152.09,27813.028
2025-10-01 08:15:00+00:00,4152.1,4165.89,4144.87,4164.78,53003.77
2025-10-01 08:30:00+00:00,4164.77,4274.97,4164.77,4270.65,443639.631
2025-10-01 08:45:00+00:00,4270.65,4329.0,4267.55,4289.99,537219.571
2025-10-01 09:00:00+00:00,4289.99,4301.01,4277.76,4284.91,153889.603
2025-10-01 09:15:00+00:00,4284.91,4292.92,4277.42,4292.89,86470.286
2025-10-01 09:30:00+00:00,4292.9,4304.87,4288.9,4300.67,68269.83
2025-10-01 09:45:00+00:00,4300.66,4317.11,4298.05,4308.43,68553.001
2025-10-01 10:00:00+00:00,4308.44,4310.98,4285.51,4287.76,73617.222
2025-10-01 10:15:00+00:00,4287.77,4295.3,4286.31,4287.35,27297.412
2025-10-01 10:30:00+00:00,4287.35,4289.45,4282.0,4286.99,27876.133
2025-10-01 10:45:00+00:00,4287.0,4289.91,4277.31,4280.4,34112.267
2025-10-01 11:00:00+00:00,4280.4,4295.28,4280.4,4295.19,37220.856
2025-10-01 11:15:00+00:00,4295.18,4303.26,4293.78,4296.59,32586.601
2025-10-01 11:30:00+00:00,4296.6,4300.52,4289.16,4292.03,24369.375
2025-10-01 11:45:00+00:00,4292.01,4298.06,4290.28,4295.88,19577.891
2025-10-01 12:00:00+00:00,4295.88,4301.18,4289.24,4295.18,30299.326
2025-10-01 12:15:00+00:00,4295.18,4312.34,4287.0,4306.58,64576.764
2025-10-01 12:30:00+00:00,4306.59,4308.0,4286.76,4288.77,37456.014
2025-10-01 12:45:00+00:00,4288.76,4291.19,4276.23,4282.37,56385.461
2025-10-01 13:00:00+00:00,4282.37,4296.0,4277.2,4296.0,52968.379
2025-10-01 13:15:00+00:00,4295.99,4298.0,4290.46,4293.67,23913.711
2025-10-01 13:30:00+00:00,4293.67,4300.79,4286.57,4291.86,41395.99
2025-10-01 13:45:00+00:00,4291.85,4301.0,4280.47,4293.58,49170.651
2025-10-01 14:00:00+00:00,4293.58,4322.11,4289.0,4303.87,109347.427
2025-10-01 14:15:00+00:00,4303.86,4319.86,4298.87,4313.55,54522.499
2025-10-01 14:30:00+00:00,4313.54,4337.99,4308.99,4334.03,126698.287
2025-10-01 14:45:00+00:00,4334.03,4334.98,4313.0,4321.58,81548.605
2025-10-01 15:00:00+00:00,4321.58,4328.7,4311.67,4318.52,40579.494
2025-10-01 15:15:00+00:00,4318.52,4343.29,4315.3,4333.21,53018.702
2025-10-01 15:30:00+00:00,4333.21,4341.72,4323.05,4332.9,51505.839
2025-10-01 15:45:00+00:00,4332.89,4334.95,4318.15,4325.01,38322.092
2025-10-01 16:00:00+00:00,4325.01,4334.66,4319.25,4333.25,34427.519
2025-10-01 16:15:00+00:00,4333.24,4337.92,4327.39,4330.56,38841.013
2025-10-01 16:30:00+00:00,4330.56,4336.31,4326.0,4333.32,33339.49
2025-10-01 16:45:00+00:00,4333.32,4336.32,4315.6,4322.64,49701.722
2025-10-01 17:00:00+00:00,4322.64,4331.6,4310.0,4311.27,34363.512
2025-10-01 17:15:00+00:00,4311.27,4325.2,4311.12,4317.0,31781.012
2025-10-01 17:30:00+00:00,4316.99,4317.74,4300.02,4303.27,42063.581
2025-10-01 17:45:00+00:00,4303.27,4306.92,4286.0,4291.55,76285.25
2025-10-01 18:00:00+00:00,4291.55,4308.78,4289.93,4307.56,42344.913
2025-10-01 18:15:00+00:00,4307.56,4307.57,4298.57,4306.31,16207.353
2025-10-01 18:30:00+00:00,4306.32,4314.0,4305.89,4306.06,18024.383
2025-10-01 18:45:00+00:00,4306.06,4316.8,4304.0,4306.17,24257.946
2025-10-01 19:00:00+00:00,4306.16,4316.76,4303.46,4314.45,12728.535
2025-10-01 19:15:00+00:00,4314.45,4329.3,4314.01,4326.99,29108.157
2025-10-01 19:30:00+00:00,4327.0,4331.7,4317.0,4325.99,31993.251
2025-10-01 19:45:00+00:00,4325.99,4338.04,4325.18,4332.24,62000.285
2025-10-01 20:00:00+00:00,4332.23,4335.35,4314.99,4321.59,57509.542
2025-10-01 20:15:00+00:00,4321.6,4331.86,4310.81,4325.94,56585.262
2025-10-01 20:30:00+00:00,4325.94,4327.2,4323.0,4326.18,9391.462
2025-10-01 20:45:00+00:00,4326.19,4333.0,4323.0,4332.99,9704.443
2025-10-01 21:00:00+00:00,4333.0,4333.47,4321.0,4323.54,17905.658
2025-10-01 21:15:00+00:00,4323.54,4323.55,4313.49,4317.58,12677.272
2025-10-01 21:30:00+00:00,4317.58,4317.58,4297.91,4307.73,28685.836
2025-10-01 21:45:00+00:00,4307.73,4313.2,4284.55,4302.52,56234.013
2025-10-01 22:00:00+00:00,4302.52,4327.45,4302.52,4316.88,29960.249
2025-10-01 22:15:00+00:00,4316.88,4319.06,4308.43,4313.91,18618.744
2025-10-01 22:30:00+00:00,4313.92,4313.92,4304.03,4309.54,9135.479
2025-10-01 22:45:00+00:00,4309.55,4315.44,4306.52,4310.55,9737.858
2025-10-01 23:00:00+00:00,4310.54,4321.82,4308.01,4321.23,18542.268
2025-10-01 23:15:00+00:00,4321.23,4332.08,4319.64,4329.07,32592.598
2025-10-01 23:30:00+00:00,4329.07,4341.42,4326.14,4333.49,28452.329
2025-10-01 23:45:00+00:00,4333.49,4356.07,4333.01,4345.85,63298.085
2025-10-02 00:00:00+00:00,4345.85,4378.0,4338.01,4376.52,159452.323
2025-10-02 00:15:00+00:00,4376.52,4377.22,4350.0,4354.49,68711.337
2025-10-02 00:30:00+00:00,4354.49,4354.98,4334.31,4336.06,50445.243
2025-10-02 00:45:00+00:00,4336.06,4339.89,4331.08,4333.16,27636.152
2025-10-02 01:00:00+00:00,4333.17,4347.66,4330.11,4344.65,31425.073
2025-10-02 01:15:00+00:00,4344.62,4356.91,4338.73,4349.12,29372.791
2025-10-02 01:30:00+00:00,4349.12,4366.0,4348.44,4365.92,27277.174
2025-10-02 01:45:00+00:00,4365.92,4397.4,4365.91,4390.86,113116.98
2025-10-02 02:00:00+00:00,4390.86,4395.0,4363.75,4374.16,77744.931
2025-10-02 02:15:00+00:00,4374.17,4379.44,4363.8,4373.26,38481.269
2025-10-02 02:30:00+00:00,4373.26,4395.5,4369.37,4389.16,47780.391
2025-10-02 02:45:00+00:00,4389.16,4397.56,4381.5,4383.68,36620.995
2025-10-02 03:00:00+00:00,4383.69,4394.79,4381.17,4392.03,34183.266
2025-10-02 03:15:00+00:00,4392.03,4397.73,4382.32,4391.87,29171.918
2025-10-02 03:30:00+00:00,4391.87,4396.63,4384.0,4384.01,37621.614
2025-10-02 03:45:00+00:00,4384.0,4384.01,4369.17,4374.99,41671.573
2025-10-02 04:00:00+00:00,4375.0,4383.74,4370.01,4381.74,22432.878
2025-10-02 04:15:00+00:00,4381.75,4381.96,4368.0,4368.22,20869.824
2025-10-02 04:30:00+00:00,4368.22,4372.57,4356.01,4368.22,47913.823
2025-10-02 04:45:00+00:00,4368.22,4374.6,4364.32,4370.9,28707.426
2025-10-02 05:00:00+00:00,4370.9,4377.88,4368.88,4373.21,15164.338
2025-10-02 05:15:00+00:00,4373.24,4396.18,4368.49,4390.2,33732.785
2025-10-02 05:30:00+00:00,4390.2,4392.99,4382.14,4385.68,28104.497
2025-10-02 05:45:00+00:00,4385.68,4386.46,4379.45,4381.85,13385.702
2025-10-02 06:00:00+00:00,4381.84,4386.54,4371.87,4375.0,30606.069
2025-10-02 06:15:00+00:00,4374.99,4416.25,4374.2,4400.04,66560.87
2025-10-02 06:30:00+00:00,4400.03,4422.3,4397.44,4401.74,180740.127
2025-10-02 06:45:00+00:00,4401.74,4402.41,4392.38,4401.53,40523.841
2025-10-02 07:00:00+00:00,4401.52,4407.67,4393.0,4393.11,27709.31
2025-10-02 07:15:00+00:00,4393.11,4395.9,4388.54,4392.01,20305.84
2025-10-02 07:30:00+00:00,4392.01,4392.21,4382.16,4382.16,23111.771
2025-10-02 07:45:00+00:00,4382.16,4385.02,4368.36,4373.65,42734.04
2025-10-02 08:00:00+00:00,4373.65,4380.53,4367.95,4367.95,40300.024
2025-10-02 08:15:00+00:00,4367.95,4386.58,4366.34,4385.69,29336.461
2025-10-02 08:30:00+00:00,4385.7,4387.47,4380.21,4387.21,13528.374
2025-10-02 08:45:00+00:00,4387.21,4392.31,4383.36,4385.68,16631.981
2025-10-02 09:00:00+00:00,4385.68,4385.69,4376.0,4383.2,15641.653
2025-10-02 09:15:00+00:00,4383.2,4388.88,4383.2,4384.82,11218.935
2025-10-02 09:30:00+00:00,4384.82,4389.0,4379.93,4389.0,8236.485
2025-10-02 09:45:00+00:00,4389.0,4394.37,4383.62,4389.36,18709.423
2025-10-02 10:00:00+00:00,4389.36,4393.93,4379.4,4382.5,17054.954
2025-10-02 10:15:00+00:00,4382.49,4384.42,4373.16,4374.23,17343.575
2025-10-02 10:30:00+00:00,4374.22,4385.75,4372.8,4382.62,23539.402
2025-10-02 10:45:00+00:00,4382.61,4383.15,4376.08,4378.03,8290.393
2025-10-02 11:00:00+00:00,4378.02,4379.95,4370.64,4374.73,17108.898
2025-10-02 11:15:00+00:00,4374.74,4383.47,4372.58,4382.94,15962.952
2025-10-02 11:30:00+00:00,4382.93,4386.52,4381.62,4386.01,9975.213
2025-10-02 11:45:00+00:00,4386.01,4392.55,4375.12,4377.24,27662.689
2025-10-02 12:00:00+00:00,4377.24,4387.14,4374.0,4386.48,19712.065
2025-10-02 12:15:00+00:00,4386.49,4391.47,4383.8,4389.82,23185.775
2025-10-02 12:30:00+00:00,4389.82,4396.12,4380.47,4390.49,38819.139
2025-10-02 12:45:00+00:00,4390.5,4406.03,4388.41,4403.81,43200.059
2025-10-02 13:00:00+00:00,4403.81,4416.96,4394.65,4394.99,70771.473
2025-10-02 13:15:00+00:00,4394.99,4396.0,4377.0,4391.45,60007.118
2025-10-02 13:30:00+00:00,4391.44,4402.95,4384.31,4395.99,53392.543
2025-10-02 13:45:00+00:00,4395.99,4416.72,4394.39,4414.97,90333.196
2025-10-02 14:00:00+00:00,4414.97,4418.88,4389.85,4397.59,68948.584
2025-10-02 14:15:00+00:00,4397.59,4417.78,4392.98,4413.77,46798.062
2025-10-02 14:30:00+00:00,4413.77,4417.41,4380.72,4384.28,73251.83
2025-10-02 14:45:00+00:00,4384.28,4390.0,4364.58,4372.55,126027.133
2025-10-02 15:00:00+00:00,4372.54,4394.32,4332.23,4390.98,242804.895
2025-10-02 15:15:00+00:00,4390.98,4417.96,4387.17,4405.82,117654.949
2025-10-02 15:30:00+00:00,4405.82,4414.37,4390.44,4408.26,72839.614
2025-10-02 15:45:00+00:00,4408.27,4441.67,4406.48,4435.49,131903.089
2025-10-02 16:00:00+00:00,4435.5,4469.0,4428.67,4456.99,186534.069
2025-10-02 16:15:00+00:00,4457.0,4463.37,4434.42,4439.16,105922.188
2025-10-02 16:30:00+00:00,4439.15,4449.18,4423.33,4430.89,62613.654
2025-10-02 16:45:00+00:00,4430.89,4453.83,4430.48,4446.61,50934.064
2025-10-02 17:00:00+00:00,4446.61,4459.0,4436.73,4458.3,50055.255
2025-10-02 17:15:00+00:00,4458.3,4465.98,4443.03,4456.75,58870.667
2025-10-02 17:30:00+00:00,4456.76,4475.0,4448.29,4467.77,52879.84
2025-10-02 17:45:00+00:00,4467.77,4476.78,4458.72,4464.17,39742.323
2025-10-02 18:00:00+00:00,4464.18,4478.54,4463.47,4473.95,42490.966
2025-10-02 18:15:00+00:00,4473.95,4484.99,4470.28,4483.37,38362.36
2025-10-02 18:30:00+00:00,4483.37,4495.71,4476.39,4481.17,68928.437
2025-10-02 18:45:00+00:00,4481.17,4493.0,4479.79,4485.01,38661.841
2025-10-02 19:00:00+00:00,4485.0,4516.65,4481.69,4513.0,105556.032
2025-10-02 19:15:00+00:00,4513.01,4513.14,4496.37,4496.99,45066.15
2025-10-02 19:30:00+00:00,4496.99,4502.19,4491.0,4498.98,32520.839
2025-10-02 19:45:00+00:00,4498.98,4509.39,4486.14,4493.06,39064.943
2025-10-02 20:00:00+00:00,4493.07,4495.36,4481.33,4483.0,31435.365
2025-10-02 20:15:00+00:00,4483.0,4487.34,4478.33,4480.49,21428.99
2025-10-02 20:30:00+00:00,4480.49,4486.73,4465.71,4486.2,40726.932
2025-10-02 20:45:00+00:00,4486.19,4489.0,4479.46,4488.99,18653.467
2025-10-02 21:00:00+00:00,4489.0,4494.76,4484.34,4486.13,17590.887
2025-10-02 21:15:00+00:00,4486.13,4490.93,4474.4,4477.68,23481.516
2025-10-02 21:30:00+00:00,4477.68,4480.38,4473.0,4475.48,12711.264
2025-10-02 21:45:00+00:00,4475.47,4480.26,4465.62,4466.66,14407.368
2025-10-02 22:00:00+00:00,4466.66,4483.13,4464.91,4478.62,20254.644
2025-10-02 22:15:00+00:00,4478.61,4478.62,4457.2,4465.53,49719.836
2025-10-02 22:30:00+00:00,4465.55,4469.03,4459.23,4463.04,23002.92
2025-10-02 22:45:00+00:00,4463.04,4464.54,4453.46,4461.86,34921.759
2025-10-02 23:00:00+00:00,4461.85,4471.25,4460.52,4471.24,20049.487
2025-10-02 23:15:00+00:00,4471.24,4475.23,4463.22,4463.99,18288.552
2025-10-02 23:30:00+00:00,4463.99,4472.0,4462.08,4470.4,12220.287
2025-10-02 23:45:00+00:00,4470.39,4485.31,4467.15,4481.7,31062.235
2025-10-03 00:00:00+00:00,4481.7,4481.71,4463.2,4465.99,28156.229
2025-10-03 00:15:00+00:00,4466.0,4473.27,4464.89,4472.62,10836.59
2025-10-03 00:30:00+00:00,4472.63,4475.84,4466.0,4466.9,11667.828
2025-10-03 00:45:00+00:00,4466.89,4472.16,4465.56,4466.48,12647.525
2025-10-03 01:00:00+00:00,4466.49,4477.9,4461.67,4469.72,47925.224
2025-10-03 01:15:00+00:00,4469.73,4471.52,4459.01,4466.59,22323.893
2025-10-03 01:30:00+00:00,4466.6,4476.21,4464.88,4473.88,15610.809
2025-10-03 01:45:00+00:00,4473.87,4475.92,4464.32,4469.64,16745.253
2025-10-03 02:00:00+00:00,4469.64,4492.83,4469.08,4491.4,38012.269
2025-10-03 02:15:00+00:00,4491.4,4496.56,4479.56,4481.5,28926.988
2025-10-03 02:30:00+00:00,4481.51,4514.51,4479.07,4501.79,66963.967
2025-10-03 02:45:00+00:00,4501.8,4511.72,4491.0,4508.0,40718.873
2025-10-03 03:00:00+00:00,4508.0,4559.0,4504.31,4529.67,153010.927
2025-10-03 03:15:00+00:00,4529.67,4546.99,4525.03,4527.84,54373.172
2025-10-03 03:30:00+00:00,4527.84,4531.25,4517.28,4518.4,25850.399
2025-10-03 03:45:00+00:00,4518.4,4527.52,4487.53,4498.96,91540.074
2025-10-03 04:00:00+00:00,4498.97,4505.0,4494.43,4502.99,26141.7
2025-10-03 04:15:00+00:00,4502.99,4509.25,4498.0,4498.53,20127.113
2025-10-03 04:30:00+00:00,4498.52,4498.53,4475.0,4491.55,50975.479
2025-10-03 04:45:00+00:00,4491.55,4497.69,4489.18,4494.98,22233.406
2025-10-03 05:00:00+00:00,4494.88,4499.72,4480.22,4486.0,28011.916
2025-10-03 05:15:00+00:00,4486.0,4486.01,4475.81,4479.32,27511.811
2025-10-03 05:30:00+00:00,4479.32,4480.57,4470.34,4472.45,22039.074
2025-10-03 05:45:00+00:00,4472.44,4477.65,4464.28,4474.7,53877.614
2025-10-03 06:00:00+00:00,4474.69,4482.96,4469.0,4479.02,29589.051
2025-10-03 06:15:00+00:00,4479.02,4484.11,4476.78,4479.55,17700.061
2025-10-03 06:30:00+00:00,4479.56,4481.8,4471.25,4472.0,13484.571
2025-10-03 06:45:00+00:00,4472.0,4472.0,4456.13,4470.1,44211.375
2025-10-03 07:00:00+00:00,4470.1,4474.82,4456.8,4462.58,28000.61
2025-10-03 07:15:00+00:00,4462.57,4466.2,4451.46,4452.79,35171.067
2025-10-03 07:30:00+00:00,4452.79,4462.2,4452.5,4456.92,30990.665
2025-10-03 07:45:00+00:00,4456.92,4461.0,4453.64,4460.84,22780.26
2025-10-03 08:00:00+00:00,4460.84,4462.5,4438.09,4439.7,67643.496
2025-10-03 08:15:00+00:00,4439.7,4449.94,4426.0,4448.28,78296.132
2025-10-03 08:30:00+00:00,4448.28,4457.21,4446.5,4453.58,41811.838
2025-10-03 08:45:00+00:00,4453.59,4465.78,4453.17,4464.55,31107.32
2025-10-03 09:00:00+00:00,4464.56,4471.48,4454.0,4458.13,44654.122
2025-10-03 09:15:00+00:00,4458.12,4479.84,4455.33,4473.44,43398.254
2025-10-03 09:30:00+00:00,4473.44,4475.21,4465.66,4473.84,19819.724
2025-10-03 09:45:00+00:00,4473.85,4478.09,4470.93,4471.75,15010.067
2025-10-03 10:00:00+00:00,4471.75,4471.93,4465.56,4471.11,18713.45
2025-10-03 10:15:00+00:00,4471.12,4483.3,4471.11,4480.66,23328.484
2025-10-03 10:30:00+00:00,4480.66,4491.53,4478.1,4489.6,26410.641
2025-10-03 10:45:00+00:00,4489.6,4493.08,4484.77,4487.34,22057.143
2025-10-03 11:00:00+00:00,4487.34,4488.0,4470.67,4472.94,28314.977
2025-10-03 11:15:00+00:00,4472.93,4482.68,4463.5,4477.69,37447.755
2025-10-03 11:30:00+00:00,4477.69,4485.6,4471.32,4482.87,19287.631
2025-10-03 11:45:00+00:00,4482.86,4485.14,4474.97,4476.2,13663.685
2025-10-03 12:00:00+00:00,4476.2,4482.29,4472.18,4479.05,16514.913
2025-10-03 12:15:00+00:00,4479.05,4483.12,4471.47,4471.87,14675.785
2025-10-03 12:30:00+00:00,4471.86,4490.45,4470.84,4481.76,34548.678
2025-10-03 12:45:00+00:00,4481.75,4484.63,4476.82,4480.59,10516.338
2025-10-03 13:00:00+00:00,4480.58,4480.58,4446.18,4465.44,68192.538
2025-10-03 13:15:00+00:00,4465.43,4492.25,4463.45,4489.52,42017.269
2025-10-03 13:30:00+00:00,4489.52,4502.99,4464.08,4469.45,78761.794
2025-10-03 13:45:00+00:00,4469.45,4482.5,4464.59,4468.51,36716.194
2025-10-03 14:00:00+00:00,4468.51,4468.51,4442.03,4449.09,79774.323
2025-10-03 14:15:00+00:00,4449.1,4466.7,4433.64,4464.4,90988.519
2025-10-03 14:30:00+00:00,4464.39,4479.99,4454.2,4470.31,46532.056
2025-10-03 14:45:00+00:00,4470.3,4488.14,4470.3,4480.92,43705.916
2025-10-03 15:00:00+00:00,4480.91,4480.91,4455.51,4465.98,49475.658
2025-10-03 15:15:00+00:00,4465.98,4493.67,4465.98,4478.76,67299.724
2025-10-03 15:30:00+00:00,4478.75,4504.99,4476.06,4499.56,69952.746
2025-10-03 15:45:00+00:00,4499.57,4540.77,4494.77,4533.2,112393.934
2025-10-03 16:00:00+00:00,4533.2,4559.17,4518.03,4539.73,180309.694
2025-10-03 16:15:00+00:00,4539.72,4551.28,4528.03,4546.54,79992.05
2025-10-03 16:30:00+00:00,4546.55,4590.83,4541.49,4579.63,157830.385
2025-10-03 16:45:00+00:00,4579.62,4581.25,4519.03,4523.25,155406.782
2025-10-03 17:00:00+00:00,4523.24,4524.7,4460.11,4518.15,344967.597
2025-10-03 17:15:00+00:00,4518.16,4519.04,4487.16,4496.56,115183.966
2025-10-03 17:30:00+00:00,4496.56,4514.66,4487.22,4503.82,53477.702
2025-10-03 17:45:00+00:00,4503.81,4505.04,4451.51,4469.53,146643.954
2025-10-03 18:00:00+00:00,4469.56,4482.23,4446.9,4479.65,84808.686
2025-10-03 18:15:00+00:00,4479.66,4502.51,4478.05,4499.7,52093.051
2025-10-03 18:30:00+00:00,4499.71,4504.8,4490.0,4498.47,39790.548
2025-10-03 18:45:00+00:00,4498.46,4510.0,4493.8,4509.82,38204.486
2025-10-03 19:00:00+00:00,4509.82,4519.04,4500.79,4509.87,36135.025
2025-10-03 19:15:00+00:00,4509.88,4544.01,4509.87,4528.68,94824.725
2025-10-03 19:30:00+00:00,4528.7,4534.37,4519.34,4520.87,22581.119
2025-10-03 19:45:00+00:00,4520.87,4521.35,4511.36,4517.65,23283.67
2025-10-03 20:00:00+00:00,4517.66,4518.08,4491.37,4502.22,53176.892
2025-10-03 20:15:00+00:00,4502.21,4517.86,4501.68,4516.38,19987.013
2025-10-03 20:30:00+00:00,4516.37,4539.61,4516.37,4539.6,21124.75
2025-10-03 20:45:00+00:00,4539.61,4541.21,4525.56,4533.38,18335.917
2025-10-03 21:00:00+00:00,4533.39,4535.81,4526.19,4531.36,19112.499
2025-10-03 21:15:00+00:00,4531.36,4533.31,4522.01,4526.0,12673.351
2025-10-03 21:30:00+00:00,4526.0,4531.37,4516.38,4521.93,14361.217
2025-10-03 21:45:00+00:00,4521.93,4526.67,4512.22,4521.1,15359.83
2025-10-03 22:00:00+00:00,4521.11,4533.0,4521.1,4528.51,14143.737
2025-10-03 22:15:00+00:00,4528.51,4529.0,4522.49,4524.66,9317.159
2025-10-03 22:30:00+00:00,4524.67,4532.98,4524.03,4527.32,7290.385
2025-10-03 22:45:00+00:00,4527.32,4530.65,4523.33,4526.41,6357.692
2025-10-03 23:00:00+00:00,4526.41,4527.27,4514.0,4515.79,11225.283
2025-10-03 23:15:00+00:00,4515.79,4521.98,4513.17,4514.7,11781.303
2025-10-03 23:30:00+00:00,4514.7,4521.84,4505.01,4515.88,19221.957
2025-10-03 23:45:00+00:00,4515.88,4518.23,4509.1,4511.11,11138.75
2025-10-04 00:00:00+00:00,4511.12,4515.48,4499.23,4507.3,30629.544
2025-10-04 00:15:00+00:00,4507.29,4509.15,4495.25,4495.73,20171.109
2025-10-04 00:30:00+00:00,4495.72,4503.68,4493.05,4497.41,23782.989
2025-10-04 00:45:00+00:00,4497.42,4501.92,4494.93,4499.99,10754.953
2025-10-04 01:00:00+00:00,4500.0,4500.77,4486.35,4490.28,21398.573
2025-10-04 01:15:00+00:00,4490.27,4492.72,4484.99,4485.4,17154.557
2025-10-04 01:30:00+00:00,4485.4,4491.09,4480.74,4482.18,21106.276
2025-10-04 01:45:00+00:00,4482.19,4483.0,4466.0,4478.27,54414.419
2025-10-04 02:00:00+00:00,4478.27,4488.0,4468.38,4472.0,27789.417
2025-10-04 02:15:00+00:00,4472.01,4478.28,4460.0,4476.68,41129.465
2025-10-04 02:30:00+00:00,4476.68,4480.7,4473.0,4478.35,14295.21
2025-10-04 02:45:00+00:00,4478.35,4487.28,4475.62,4482.66,17087.552
2025-10-04 03:00:00+00:00,4482.66,4485.84,4467.99,4472.11,20656.866
2025-10-04 03:15:00+00:00,4472.12,4481.13,4470.51,4480.54,13792.002
2025-10-04 03:30:00+00:00,4480.54,4484.5,4478.81,4480.5,8959.283
2025-10-04 03:45:00+00:00,4480.51,4486.59,4476.15,4484.48,15401.551
2025-10-04 04:00:00+00:00,4484.48,4489.5,4483.44,4487.19,11291.601
2025-10-04 04:15:00+00:00,4487.19,4487.56,4478.52,4478.52,10351.798
2025-10-04 04:30:00+00:00,4478.52,4493.97,4477.07,4492.13,14788.026
2025-10-04 04:45:00+00:00,4492.13,4497.39,4488.12,4491.62,16713.252
2025-10-04 05:00:00+00:00,4491.62,4502.91,4490.0,4502.91,26171.801
2025-10-04 05:15:00+00:00,4502.91,4508.91,4497.66,4498.58,22034.238
2025-10-04 05:30:00+00:00,4498.58,4499.52,4494.24,4494.62,19284.373
2025-10-04 05:45:00+00:00,4494.62,4502.21,4492.97,4501.61,13033.455
2025-10-04 06:00:00+00:00,4501.6,4508.8,4500.18,4506.12,14307.631
2025-10-04 06:15:00+00:00,4506.11,4515.8,4505.76,4508.5,22580.632
2025-10-04 06:30:00+00:00,4508.51,4515.65,4505.37,4507.78,18569.025
2025-10-04 06:45:00+00:00,4507.78,4511.16,4502.48,4504.99,11347.048
2025-10-04 07:00:00+00:00,4504.99,4512.6,4503.9,4503.9,13662.259
2025-10-04 07:15:00+00:00,4503.91,4504.37,4497.38,4498.12,23879.778
2025-10-04 07:30:00+00:00,4498.12,4504.65,4497.45,4501.93,16565.668
2025-10-04 07:45:00+00:00,4501.93,4501.94,4491.68,4496.23,17335.335
2025-10-04 08:00:00+00:00,4496.24,4501.11,4495.76,4497.67,17302.865
2025-10-04 08:15:00+00:00,4497.68,4497.68,4490.18,4491.99,16568.912
2025-10-04 08:30:00+00:00,4492.0,4492.0,4480.2,4486.01,32927.5
2025-10-04 08:45:00+00:00,4486.01,4490.5,4482.16,4487.28,16922.746
2025-10-04 09:00:00+00:00,4487.29,4495.91,4480.94,4494.2,17294.517
2025-10-04 09:15:00+00:00,4494.2,4501.21,4492.61,4493.72,11911.861
2025-10-04 09:30:00+00:00,4493.72,4497.01,4490.37,4496.27,11955.95
2025-10-04 09:45:00+00:00,4496.27,4498.33,4484.85,4487.63,15678.984
2025-10-04 10:00:00+00:00,4487.63,4497.72,4486.12,4493.76,14128.101
2025-10-04 10:15:00+00:00,4493.76,4502.45,4492.39,4500.68,8826.185
2025-10-04 10:30:00+00:00,4500.68,4501.84,4483.32,4486.0,18895.653
2025-10-04 10:45:00+00:00,4486.0,4488.54,4481.1,4485.74,17812.857
2025-10-04 11:00:00+00:00,4485.73,4493.48,4483.0,4483.64,12677.416
2025-10-04 11:15:00+00:00,4483.64,4490.82,4481.25,4489.79,8199.191
2025-10-04 11:30:00+00:00,4489.79,4493.66,4485.0,4486.94,7512.272
2025-10-04 11:45:00+00:00,4486.95,4489.41,4478.01,4482.43,14643.855
2025-10-04 12:00:00+00:00,4482.42,4487.41,4473.91,4486.1,21418.303
2025-10-04 12:15:00+00:00,4486.1,4487.52,4480.76,4481.61,10290.895
2025-10-04 12:30:00+00:00,4481.6,4487.42,4480.0,4484.71,11691.218
2025-10-04 12:45:00+00:00,4484.7,4484.99,4477.08,4478.04,14344.485
2025-10-04 13:00:00+00:00,4478.05,4507.66,4477.03,4497.74,46801.486
2025-10-04 13:15:00+00:00,4497.74,4502.56,4494.02,4495.98,36552.985
2025-10-04 13:30:00+00:00,4495.99,4502.96,4495.47,4499.01,11325.145
2025-10-04 13:45:00+00:00,4499.01,4504.0,4494.0,4497.85,12981.163
2025-10-04 14:00:00+00:00,4497.86,4506.63,4492.85,4505.56,23751.239
2025-10-04 14:15:00+00:00,4505.56,4509.89,4498.1,4499.86,16587.14
2025-10-04 14:30:00+00:00,4499.86,4503.0,4496.01,4496.06,10157.084
2025-10-04 14:45:00+00:00,4496.06,4497.83,4467.02,4468.26,67619.472
2025-10-04 15:00:00+00:00,4468.26,4481.49,4462.24,4462.65,57026.65
2025-10-04 15:15:00+00:00,4462.65,4469.55,4446.02,4451.04,90205.708
2025-10-04 15:30:00+00:00,4451.04,4458.18,4438.8,4456.12,103001.817
2025-10-04 15:45:00+00:00,4456.13,4464.72,4450.21,4453.13,32872.976
2025-10-04 16:00:00+00:00,4453.14,4461.0,4445.94,4449.92,28697.295
2025-10-04 16:15:00+00:00,4449.94,4451.85,4438.0,4451.43,45577.849
2025-10-04 16:30:00+00:00,4451.43,4466.0,4451.2,4463.43,36505.267
2025-10-04 16:45:00+00:00,4463.44,4466.06,4455.31,4465.21,17786.595
2025-10-04 17:00:00+00:00,4465.2,4473.69,4461.19,4464.77,21664.017
2025-10-04 17:15:00+00:00,4464.78,4471.19,4462.69,4471.08,10410.635
2025-10-04 17:30:00+00:00,4471.08,4475.04,4450.89,4455.4,32692.626
2025-10-04 17:45:00+00:00,4455.4,4463.16,4452.29,4462.18,11470.617
2025-10-04 18:00:00+00:00,4462.19,4465.77,4459.54,4462.99,9646.824
2025-10-04 18:15:00+00:00,4463.0,4464.81,4450.16,4458.53,16446.422
2025-10-04 18:30:00+00:00,4458.52,4459.31,4451.0,4452.49,10280.697
2025-10-04 18:45:00+00:00,4452.5,4454.54,4448.55,4453.37,10148.159
2025-10-04 19:00:00+00:00,4453.36,4461.26,4453.36,4460.56,10149.44
2025-10-04 19:15:00+00:00,4460.56,4466.41,4456.96,4464.21,7554.334
2025-10-04 19:30:00+00:00,4464.21,4467.0,4462.52,4462.52,8106.949
2025-10-04 19:45:00+00:00,4462.53,4465.78,4462.0,4465.39,4286.819
2025-10-04 20:00:00+00:00,4465.4,4473.64,4465.4,4472.94,12025.976
2025-10-04 20:15:00+00:00,4472.94,4483.6,4472.75,4482.68,18827.659
2025-10-04 20:30:00+00:00,4482.67,4483.82,4478.04,4481.24,10455.64
2025-10-04 20:45:00+00:00,4481.24,4482.0,4470.71,4473.0,10824.419
2025-10-04 21:00:00+00:00,4473.0,4488.0,4473.0,4487.09,12105.746
2025-10-04 21:15:00+00:00,4487.1,4492.42,4482.16,4491.95,16508.98
2025-10-04 21:30:00+00:00,4491.95,4491.96,4481.2,4488.56,14479.023
2025-10-04 21:45:00+00:00,4488.56,4489.22,4477.56,4482.5,8369.593
2025-10-04 22:00:00+00:00,4482.5,4491.4,4480.56,4483.03,15118.65
2025-10-04 22:15:00+00:00,4483.04,4486.01,4477.85,4484.86,6983.024
2025-10-04 22:30:00+00:00,4484.86,4492.41,4484.85,4489.09,9811.568
2025-10-04 22:45:00+00:00,4489.09,4491.19,4486.41,4487.16,6472.777
2025-10-04 23:00:00+00:00,4487.17,4488.0,4480.54,4480.55,5752.674
2025-10-04 23:15:00+00:00,4480.54,4484.58,4480.0,4484.06,5723.575
2025-10-04 23:30:00+00:00,4484.07,4486.4,4482.81,4486.39,6642.125
2025-10-04 23:45:00+00:00,4486.39,4487.78,4483.17,4484.79,5689.077
2025-10-05 00:00:00+00:00,4484.79,4487.62,4480.0,4481.93,10653.365
2025-10-05 00:15:00+00:00,4481.94,4492.04,4480.23,4491.1,11065.769
2025-10-05 00:30:00+00:00,4491.1,4491.11,4477.69,4477.88,7306.078
2025-10-05 00:45:00+00:00,4477.89,4478.39,4465.01,4469.59,25210.133
2025-10-05 01:00:00+00:00,4469.59,4480.67,4468.85,4479.16,11005.851
2025-10-05 01:15:00+00:00,4479.16,4481.3,4471.76,4477.44,9819.995
2025-10-05 01:30:00+00:00,4477.45,4484.31,4477.45,4484.31,9700.224
2025-10-05 01:45:00+00:00,4484.3,4487.34,4481.79,4485.96,13048.778
2025-10-05 02:00:00+00:00,4485.96,4486.2,4478.57,4481.45,11452.012
2025-10-05 02:15:00+00:00,4481.46,4490.71,4477.71,4490.7,15222.581
2025-10-05 02:30:00+00:00,4490.71,4543.64,4490.5,4520.75,275426.279
2025-10-05 02:45:00+00:00,4520.75,4550.09,4516.18,4547.51,92288.003
2025-10-05 03:00:00+00:00,4547.5,4575.14,4547.5,4552.31,132897.668
2025-10-05 03:15:00+00:00,4552.31,4553.09,4533.43,4544.36,74407.012
2025-10-05 03:30:00+00:00,4544.34,4563.74,4543.09,4558.06,48810.362
2025-10-05 03:45:00+00:00,4558.06,4561.71,4525.68,4530.11,56656.316
2025-10-05 04:00:00+00:00,4530.1,4545.56,4526.7,4536.26,39369.514
2025-10-05 04:15:00+00:00,4536.25,4545.32,4530.9,4534.42,25224.019
2025-10-05 04:30:00+00:00,4534.42,4552.58,4528.74,4545.95,32499.322
2025-10-05 04:45:00+00:00,4545.95,4587.99,4545.8,4573.16,149001.43
2025-10-05 05:00:00+00:00,4573.16,4584.56,4557.33,4568.56,62826.201
2025-10-05 05:15:00+00:00,4568.56,4576.3,4558.29,4576.14,28752.54
2025-10-05 05:30:00+00:00,4576.13,4576.79,4559.01,4567.18,30088.758
2025-10-05 05:45:00+00:00,4567.17,4568.08,4555.91,4568.08,23577.084
2025-10-05 06:00:00+00:00,4568.08,4572.7,4563.15,4570.55,21118.487
2025-10-05 06:15:00+00:00,4570.54,4570.94,4554.55,4565.4,25940.08
2025-10-05 06:30:00+00:00,4565.4,4566.0,4550.0,4562.44,23757.961
2025-10-05 06:45:00+00:00,4562.44,4568.18,4555.0,4558.39,20492.873
2025-10-05 07:00:00+00:00,4558.4,4583.88,4557.64,4576.83,38464.474
2025-10-05 07:15:00+00:00,4576.83,4582.59,4569.92,4570.01,31336.654
2025-10-05 07:30:00+00:00,4570.0,4577.92,4567.01,4576.99,18986.251
2025-10-05 07:45:00+00:00,4576.98,4614.19,4576.98,4604.91,136201.748
2025-10-05 08:00:00+00:00,4604.91,4618.44,4593.0,4593.37,91484.998
2025-10-05 08:15:00+00:00,4593.38,4611.42,4588.63,4599.21,57323.741
2025-10-05 08:30:00+00:00,4599.21,4599.21,4585.0,4589.32,37564.381
2025-10-05 08:45:00+00:00,4589.31,4591.15,4582.64,4586.75,30370.763
2025-10-05 09:00:00+00:00,4586.75,4588.0,4581.11,4584.68,20116.272
2025-10-05 09:15:00+00:00,4584.68,4589.42,4565.68,4573.73,48504.89
2025-10-05 09:30:00+00:00,4573.73,4573.85,4545.0,4550.47,143696.211
2025-10-05 09:45:00+00:00,4550.47,4564.37,4536.95,4548.52,91568.572
2025-10-05 10:00:00+00:00,4548.53,4550.96,4523.63,4537.34,113123.196
2025-10-05 10:15:00+00:00,4537.34,4550.0,4529.87,4536.0,62303.606
2025-10-05 10:30:00+00:00,4536.0,4536.12,4521.61,4535.65,43915.063
2025-10-05 10:45:00+00:00,4535.66,4546.98,4535.65,4540.83,31352.206
2025-10-05 11:00:00+00:00,4540.84,4549.0,4533.79,4535.48,34924.216
2025-10-05 11:15:00+00:00,4535.48,4552.26,4535.3,4546.19,23611.915
2025-10-05 11:30:00+00:00,4546.19,4548.37,4541.2,4548.01,13924.292
2025-10-05 11:45:00+00:00,4548.01,4554.99,4547.81,4549.08,24203.784
2025-10-05 12:00:00+00:00,4549.09,4549.09,4532.7,4541.34,33819.045
2025-10-05 12:15:00+00:00,4541.33,4549.0,4538.98,4541.5,17059.091
2025-10-05 12:30:00+00:00,4541.5,4547.3,4530.08,4533.17,25395.661
2025-10-05 12:45:00+00:00,4533.17,4540.65,4528.0,4529.99,25456.784
2025-10-05 13:00:00+00:00,4530.0,4538.0,4529.63,4533.38,19191.916
2025-10-05 13:15:00+00:00,4533.39,4539.8,4530.0,4537.63,14851.635
2025-10-05 13:30:00+00:00,4537.63,4542.3,4533.0,4535.65,14857.242
2025-10-05 13:45:00+00:00,4535.66,4539.8,4531.42,4536.97,14623.976
2025-10-05 14:00:00+00:00,4536.98,4548.94,4536.53,4546.48,26817.083
2025-10-05 14:15:00+00:00,4546.48,4548.88,4542.67,4545.76,10749.666
2025-10-05 14:30:00+00:00,4545.76,4546.85,4529.78,4534.52,25219.748
2025-10-05 14:45:00+00:00,4534.53,4537.59,4528.75,4533.7,23258.782
2025-10-05 15:00:00+00:00,4533.69,4536.0,4528.0,4535.37,15806.199
2025-10-05 15:15:00+00:00,4535.36,4542.52,4535.36,4536.51,13112.626
2025-10-05 15:30:00+00:00,4536.51,4536.88,4525.0,4526.09,19515.542
2025-10-05 15:45:00+00:00,4526.1,4533.76,4525.0,4530.61,14007.164
2025-10-05 16:00:00+00:00,4530.6,4539.53,4528.0,4536.37,13703.306
2025-10-05 16:15:00+00:00,4536.37,4538.4,4529.66,4533.29,14974.333
2025-10-05 16:30:00+00:00,4533.29,4537.32,4526.0,4526.33,18353.095
2025-10-05 16:45:00+00:00,4526.32,4529.8,4488.24,4526.87,178306.484
2025-10-05 17:00:00+00:00,4526.88,4536.48,4518.61,4523.74,47251.629
2025-10-05 17:15:00+00:00,4523.74,4530.0,4518.51,4520.38,11272.946
2025-10-05 17:30:00+00:00,4520.38,4520.38,4503.0,4512.49,37382.931
2025-10-05 17:45:00+00:00,4512.49,4513.75,4501.52,4510.21,17221.901
2025-10-05 18:00:00+00:00,4510.21,4515.35,4495.0,4506.46,33379.69
2025-10-05 18:15:00+00:00,4506.46,4512.31,4503.35,4510.54,19038.033
2025-10-05 18:30:00+00:00,4510.55,4520.84,4510.0,4517.71,17856.838
2025-10-05 18:45:00+00:00,4517.72,4524.0,4515.85,4517.02,10726.579
2025-10-05 19:00:00+00:00,4517.03,4517.61,4492.28,4497.91,29559.921
2025-10-05 19:15:00+00:00,4497.9,4509.98,4493.15,4505.68,13009.258
2025-10-05 19:30:00+00:00,4505.68,4505.69,4496.19,4499.19,7321.183
2025-10-05 19:45:00+00:00,4499.2,4500.97,4480.0,4485.33,49803.639
2025-10-05 20:00:00+00:00,4485.32,4499.65,4470.74,4495.54,59697.854
2025-10-05 20:15:00+00:00,4495.55,4499.0,4487.27,4497.95,11599.418
2025-10-05 20:30:00+00:00,4497.96,4508.45,4497.96,4503.12,18558.625
2025-10-05 20:45:00+00:00,4503.13,4506.0,4496.53,4496.54,15403.696
2025-10-05 21:00:00+00:00,4496.53,4501.09,4490.0,4494.74,8754.701
2025-10-05 21:15:00+00:00,4494.74,4505.32,4491.98,4499.6,11265.411
2025-10-05 21:30:00+00:00,4499.6,4505.0,4494.1,4501.79,5267.146
2025-10-05 21:45:00+00:00,4501.78,4507.08,4497.86,4503.51,12729.193
2025-10-05 22:00:00+00:00,4503.51,4517.72,4499.0,4501.34,25893.855
2025-10-05 22:15:00+00:00,4501.34,4515.5,4499.5,4506.49,12018.882
2025-10-05 22:30:00+00:00,4506.5,4509.88,4502.0,4506.33,6948.814
2025-10-05 22:45:00+00:00,4506.33,4511.9,4504.85,4511.28,11071.634
2025-10-05 23:00:00+00:00,4511.25,4522.22,4510.38,4517.11,33417.241
2025-10-05 23:15:00+00:00,4517.1,4519.82,4510.26,4514.18,14900.753
2025-10-05 23:30:00+00:00,4514.18,4520.5,4513.98,4515.81,8600.06
2025-10-05 23:45:00+00:00,4515.8,4517.96,4510.73,4512.34,6738.57
2025-10-06 00:00:00+00:00,4512.35,4520.0,4498.34,4518.25,33024.01
2025-10-06 00:15:00+00:00,4518.26,4551.74,4505.39,4513.06,116769.173
2025-10-06 00:30:00+00:00,4513.05,4520.36,4498.36,4511.65,42204.754
2025-10-06 00:45:00+00:00,4511.64,4513.58,4486.05,4497.8,48415.117
2025-10-06 01:00:00+00:00,4497.79,4506.85,4488.18,4500.43,27800.727
2025-10-06 01:15:00+00:00,4500.43,4531.44,4493.78,4528.74,49002.928
2025-10-06 01:30:00+00:00,4528.74,4540.93,4513.95,4520.57,59966.816
2025-10-06 01:45:00+00:00,4520.57,4528.63,4515.58,4526.03,22107.938
2025-10-06 02:00:00+00:00,4526.03,4530.52,4518.54,4522.89,19693.02
2025-10-06 02:15:00+00:00,4522.89,4527.3,4516.3,4517.36,13047.651
2025-10-06 02:30:00+00:00,4517.36,4521.22,4503.59,4519.26,33027.651
2025-10-06 02:45:00+00:00,4519.26,4549.5,4519.26,4536.8,66133.556
2025-10-06 03:00:00+00:00,4536.8,4541.2,4533.11,4537.05,14505.195
2025-10-06 03:15:00+00:00,4537.04,4539.34,4530.0,4535.7,12408.223
2025-10-06 03:30:00+00:00,4535.69,4538.79,4528.31,4529.83,9859.429
2025-10-06 03:45:00+00:00,4529.82,4539.34,4526.0,4534.9,14331.649
2025-10-06 04:00:00+00:00,4534.9,4537.31,4527.86,4533.81,10496.289
2025-10-06 04:15:00+00:00,4533.81,4538.99,4530.88,4538.87,6997.971
2025-10-06 04:30:00+00:00,4538.87,4540.92,4524.3,4527.14,12523.849
2025-10-06 04:45:00+00:00,4527.14,4532.5,4520.06,4523.03,18760.481
2025-10-06 05:00:00+00:00,4523.03,4523.04,4511.6,4512.02,26144.601
2025-10-06 05:15:00+00:00,4512.02,4521.28,4507.63,4521.01,21374.157
2025-10-06 05:30:00+00:00,4521.02,4522.32,4511.7,4518.47,15375.454
2025-10-06 05:45:00+00:00,4518.47,4528.44,4518.46,4526.23,13325.627
2025-10-06 06:00:00+00:00,4526.23,4549.52,4525.45,4546.14,48167.039
2025-10-06 06:15:00+00:00,4546.14,4563.0,4538.12,4560.2,47724.414
2025-10-06 06:30:00+00:00,4560.19,4575.9,4558.96,4564.54,62806.644
2025-10-06 06:45:00+00:00,4564.54,4565.0,4550.03,4558.41,32897.895
2025-10-06 07:00:00+00:00,4558.42,4572.0,4555.76,4571.99,28469.211
2025-10-06 07:15:00+00:00,4571.99,4576.58,4561.45,4566.74,30061.9
2025-10-06 07:30:00+00:00,4566.75,4567.73,4526.46,4536.37,62728.114
2025-10-06 07:45:00+00:00,4536.37,4536.37,4527.25,4530.98,38643.541
2025-10-06 08:00:00+00:00,4530.99,4550.95,4530.99,4544.49,49275.197
2025-10-06 08:15:00+00:00,4544.49,4549.52,4538.32,4546.75,14207.768
2025-10-06 08:30:00+00:00,4546.76,4565.89,4546.75,4560.13,41301.746
2025-10-06 08:45:00+00:00,4560.13,4563.89,4555.62,4559.52,22596.43
2025-10-06 09:00:00+00:00,4559.53,4572.0,4558.16,4567.67,29530.411
2025-10-06 09:15:00+00:00,4567.67,4570.0,4559.27,4565.32,19939.754
2025-10-06 09:30:00+00:00,4565.31,4571.0,4563.1,4565.76,16345.682
2025-10-06 09:45:00+00:00,4565.77,4575.95,4565.44,4571.17,22176.621
2025-10-06 10:00:00+00:00,4571.16,4578.17,4560.29,4562.88,30601.95
2025-10-06 10:15:00+00:00,4562.89,4567.5,4556.02,4563.38,19818.856
2025-10-06 10:30:00+00:00,4563.38,4566.0,4556.17,4560.82,15305.874
2025-10-06 10:45:00+00:00,4560.81,4576.33,4560.09,4571.42,21270.445
2025-10-06 11:00:00+00:00,4571.41,4572.41,4563.29,4563.29,19428.321
2025-10-06 11:15:00+00:00,4563.28,4588.81,4562.85,4586.66,39557.457
2025-10-06 11:30:00+00:00,4586.66,4593.25,4568.95,4575.4,58119.094
2025-10-06 11:45:00+00:00,4575.41,4579.87,4567.17,4569.54,19937.515
2025-10-06 12:00:00+00:00,4569.54,4585.15,4568.0,4583.4,25070.889
2025-10-06 12:15:00+00:00,4583.41,4595.0,4581.83,4583.0,47614.929
2025-10-06 12:30:00+00:00,4583.01,4587.55,4572.67,4575.01,34533.198
2025-10-06 12:45:00+00:00,4575.01,4580.53,4573.78,4579.01,12514.609
2025-10-06 13:00:00+00:00,4579.01,4588.29,4577.0,4579.62,22306.771
2025-10-06 13:15:00+00:00,4579.62,4601.2,4574.94,4588.79,58472.542
2025-10-06 13:30:00+00:00,4588.78,4630.0,4576.66,4604.6,218053.662
2025-10-06 13:45:00+00:00,4604.6,4637.0,4594.47,4636.81,141658.091
2025-10-06 14:00:00+00:00,4636.81,4663.0,4628.92,4640.32,197738.099
2025-10-06 14:15:00+00:00,4640.32,4665.99,4632.98,4660.37,108008.567
2025-10-06 14:30:00+00:00,4660.37,4676.63,4647.02,4651.64,103481.717
2025-10-06 14:45:00+00:00,4651.65,4657.0,4633.35,4637.13,62627.857
2025-10-06 15:00:00+00:00,4637.14,4655.92,4636.38,4654.01,45023.012
2025-10-06 15:15:00+00:00,4654.01,4692.91,4654.0,4689.84,126278.33
2025-10-06 15:30:00+00:00,4689.85,4692.5,4659.3,4668.56,86803.152
2025-10-06 15:45:00+00:00,4668.56,4683.83,4668.0,4671.24,37570.778
2025-10-06 16:00:00+00:00,4671.24,4681.77,4658.57,4661.92,47726.15
2025-10-06 16:15:00+00:00,4661.92,4672.0,4657.56,4659.9,27439.357
2025-10-06 16:30:00+00:00,4659.89,4682.88,4659.19,4680.32,27716.385
2025-10-06 16:45:00+00:00,4680.32,4680.74,4668.36,4676.61,21968.639
2025-10-06 17:00:00+00:00,4676.59,4695.0,4672.27,4692.45,58474.661
2025-10-06 17:15:00+00:00,4692.46,4718.0,4687.0,4707.85,141156.906
2025-10-06 17:30:00+00:00,4707.85,4712.12,4687.0,4692.63,54411.485
2025-10-06 17:45:00+00:00,4692.64,4705.03,4685.0,4694.31,46861.413
2025-10-06 18:00:00+00:00,4694.3,4700.0,4688.8,4694.72,22518.123
2025-10-06 18:15:00+00:00,4694.72,4700.0,4686.52,4687.27,17730.272
2025-10-06 18:30:00+00:00,4687.28,4690.99,4677.67,4683.37,30553.711
2025-10-06 18:45:00+00:00,4683.36,4715.78,4682.0,4710.0,65690.789
2025-10-06 19:00:00+00:00,4710.0,4714.55,4696.95,4707.68,41409.354
2025-10-06 19:15:00+00:00,4707.68,4715.56,4693.64,4706.31,37082.092
2025-10-06 19:30:00+00:00,4706.31,4713.01,4692.92,4700.51,39349.75
2025-10-06 19:45:00+00:00,4700.5,4732.38,4693.18,4720.86,74056.757
2025-10-06 20:00:00+00:00,4720.85,4734.99,4708.53,4715.7,65831.006
2025-10-06 20:15:00+00:00,4715.69,4716.55,4694.0,4699.16,40183.721
2025-10-06 20:30:00+00:00,4699.16,4708.0,4686.0,4687.45,30894.918
2025-10-06 20:45:00+00:00,4687.44,4691.77,4684.0,4686.99,22089.717
2025-10-06 21:00:00+00:00,4686.99,4696.0,4683.0,4691.35,23328.808
2025-10-06 21:15:00+00:00,4691.35,4691.35,4670.4,4685.12,47016.801
2025-10-06 21:30:00+00:00,4685.12,4691.44,4672.22,4689.2,22131.875
2025-10-06 21:45:00+00:00,4689.2,4692.69,4675.78,4691.77,19572.391
2025-10-06 22:00:00+00:00,4691.78,4706.77,4689.27,4697.01,37779.624
2025-10-06 22:15:00+00:00,4697.0,4699.17,4687.38,4694.42,13675.665
2025-10-06 22:30:00+00:00,4694.41,4696.34,4680.01,4683.0,14899.581
2025-10-06 22:45:00+00:00,4683.0,4703.81,4682.61,4696.98,15855.383
2025-10-06 23:00:00+00:00,4696.99,4703.39,4687.3,4690.14,12151.552
2025-10-06 23:15:00+00:00,4690.14,4703.6,4685.64,4702.88,15444.623
2025-10-06 23:30:00+00:00,4702.89,4703.28,4693.29,4693.29,9898.543
2025-10-06 23:45:00+00:00,4693.3,4694.69,4682.0,4682.43,17685.573
2025-10-07 00:00:00+00:00,4682.42,4691.01,4680.6,4680.6,19592.681
2025-10-07 00:15:00+00:00,4680.61,4684.16,4674.6,4674.6,18886.909
2025-10-07 00:30:00+00:00,4674.6,4680.47,4670.27,4680.47,18743.949
2025-10-07 00:45:00+00:00,4680.46,4682.93,4670.26,4678.01,17666.501
2025-10-07 01:00:00+00:00,4678.01,4697.99,4677.03,4688.65,20643.286
2025-10-07 01:15:00+00:00,4688.65,4689.48,4660.03,4677.12,47092.77
2025-10-07 01:30:00+00:00,4677.13,4687.27,4668.1,4686.95,19667.713
2025-10-07 01:45:00+00:00,4686.96,4686.96,4671.0,4674.24,13843.144
2025-10-07 02:00:00+00:00,4674.25,4680.14,4672.06,4677.6,11016.036
2025-10-07 02:15:00+00:00,4677.61,4687.29,4666.91,4684.82,29929.578
2025-10-07 02:30:00+00:00,4684.83,4690.46,4672.61,4675.4,14930.991
2025-10-07 02:45:00+00:00,4675.4,4685.78,4675.4,4684.83,11985.215
2025-10-07 03:00:00+00:00,4684.83,4694.5,4676.56,4693.0,24700.494
2025-10-07 03:15:00+00:00,4693.01,4693.01,4680.0,4681.79,19126.041
2025-10-07 03:30:00+00:00,4681.8,4688.58,4678.99,4688.58,10879.85
2025-10-07 03:45:00+00:00,4688.58,4691.12,4685.99,4688.73,10561.007
2025-10-07 04:00:00+00:00,4688.74,4689.98,4678.06,4680.98,16236.251
2025-10-07 04:15:00+00:00,4680.97,4690.41,4677.08,4690.39,15893.933
2025-10-07 04:30:00+00:00,4690.4,4709.25,4690.39,4704.68,42022.334
2025-10-07 04:45:00+00:00,4704.69,4717.06,4702.91,4711.7,42044.693
2025-10-07 05:00:00+00:00,4711.69,4715.52,4704.69,4708.67,26375.058
2025-10-07 05:15:00+00:00,4708.68,4716.23,4703.0,4712.63,19183.263
2025-10-07 05:30:00+00:00,4712.63,4730.65,4710.2,4722.0,44195.753
2025-10-07 05:45:00+00:00,4722.0,4724.04,4706.13,4709.41,42872.212
2025-10-07 06:00:00+00:00,4709.42,4717.89,4696.0,4700.23,47012.507
2025-10-07 06:15:00+00:00,4700.22,4701.13,4675.02,4675.02,63937.331
2025-10-07 06:30:00+00:00,4675.02,4685.43,4663.48,4668.88,60350.985
2025-10-07 06:45:00+00:00,4668.89,4673.57,4664.0,4667.48,30656.851
2025-10-07 07:00:00+00:00,4667.49,4680.18,4665.34,4672.85,35457.876
2025-10-07 07:15:00+00:00,4672.85,4681.47,4662.01,4679.6,34042.628
2025-10-07 07:30:00+00:00,4679.6,4679.99,4665.0,4672.7,27812.997
2025-10-07 07:45:00+00:00,4672.7,4676.9,4669.39,4676.83,18588.981
2025-10-07 08:00:00+00:00,4676.84,4677.03,4643.0,4651.64,95245.767
2025-10-07 08:15:00+00:00,4651.63,4656.16,4636.0,4650.22,74931.861
2025-10-07 08:30:00+00:00,4650.23,4670.85,4637.02,4670.73,62894.029
2025-10-07 08:45:00+00:00,4670.72,4678.2,4658.68,4668.87,46161.784
2025-10-07 09:00:00+00:00,4668.88,4679.82,4666.38,4677.06,21196.699
2025-10-07 09:15:00+00:00,4677.05,4680.0,4666.67,4671.79,22929.096
2025-10-07 09:30:00+00:00,4671.8,4679.75,4670.33,4675.65,17696.381
2025-10-07 09:45:00+00:00,4675.65,4682.0,4674.54,4678.64,22967.891
2025-10-07 10:00:00+00:00,4678.65,4695.72,4671.46,4695.42,39882.917
2025-10-07 10:15:00+00:00,4695.41,4695.6,4683.33,4685.74,22678.136
2025-10-07 10:30:00+00:00,4685.74,4695.8,4683.0,4689.92,18195.358
2025-10-07 10:45:00+00:00,4689.92,4694.14,4688.32,4690.08,11823.296
2025-10-07 11:00:00+00:00,4690.08,4695.02,4684.85,4684.85,17268.968
2025-10-07 11:15:00+00:00,4684.86,4697.19,4684.85,4694.47,19575.534
2025-10-07 11:30:00+00:00,4694.47,4706.63,4693.35,4694.63,41135.878
2025-10-07 11:45:00+00:00,4694.64,4712.12,4693.82,4706.44,34100.673
2025-10-07 12:00:00+00:00,4706.44,4713.64,4699.48,4702.97,34078.529
2025-10-07 12:15:00+00:00,4702.98,4704.0,4694.0,4699.26,26234.45
2025-10-07 12:30:00+00:00,4699.25,4705.09,4693.27,4704.45,23080.791
2025-10-07 12:45:00+00:00,4704.46,4746.0,4703.59,4746.0,122387.568
2025-10-07 13:00:00+00:00,4746.0,4749.96,4731.45,4739.63,85536.31
2025-10-07 13:15:00+00:00,4739.63,4754.0,4730.19,4751.85,83631.212
2025-10-07 13:30:00+00:00,4751.85,4752.75,4668.01,4685.71,270644.076
2025-10-07 13:45:00+00:00,4685.7,4708.9,4661.0,4702.0,180283.158
2025-10-07 14:00:00+00:00,4702.0,4708.51,4646.39,4653.25,181443.183
2025-10-07 14:15:00+00:00,4653.25,4675.0,4623.54,4628.01,152758.059
2025-10-07 14:30:00+00:00,4628.01,4646.09,4608.0,4621.4,182594.566
2025-10-07 14:45:00+00:00,4621.41,4626.0,4588.08,4591.68,194064.012
2025-10-07 15:00:00+00:00,4591.69,4604.65,4519.24,4551.78,412932.542
2025-10-07 15:15:00+00:00,4551.77,4576.0,4545.55,4551.3,177269.431
2025-10-07 15:30:00+00:00,4551.29,4552.98,4472.94,4509.9,333662.668
2025-10-07 15:45:00+00:00,4509.9,4516.92,4485.92,4510.3,221370.463
2025-10-07 16:00:00+00:00,4510.3,4510.93,4477.22,4479.5,161897.664
2025-10-07 16:15:00+00:00,4479.5,4492.65,4452.04,4480.91,206112.222
2025-10-07 16:30:00+00:00,4480.91,4518.39,4480.07,4508.0,153587.698
2025-10-07 16:45:00+00:00,4508.0,4522.33,4491.19,4497.23,112385.109
2025-10-07 17:00:00+00:00,4497.23,4505.98,4483.47,4486.69,68518.873
2025-10-07 17:15:00+00:00,4486.7,4498.0,4478.69,4492.9,54039.953
2025-10-07 17:30:00+00:00,4492.89,4496.29,4481.1,4491.87,28099.731
2025-10-07 17:45:00+00:00,4491.87,4501.58,4466.24,4473.75,67455.79
2025-10-07 18:00:00+00:00,4473.75,4482.0,4463.01,4477.01,71508.924
2025-10-07 18:15:00+00:00,4477.01,4481.25,4453.14,4460.5,88180.379
2025-10-07 18:30:00+00:00,4460.5,4473.18,4440.45,4463.99,81541.901
2025-10-07 18:45:00+00:00,4464.0,4468.2,4456.23,4462.53,36180.885
2025-10-07 19:00:00+00:00,4462.53,4485.0,4460.38,4475.11,66678.11
2025-10-07 19:15:00+00:00,4475.12,4481.62,4457.48,4460.05,31188.925
2025-10-07 19:30:00+00:00,4460.04,4479.78,4457.1,4467.96,44839.537
2025-10-07 19:45:00+00:00,4467.95,4493.7,4462.64,4477.54,55275.955
2025-10-07 20:00:00+00:00,4477.55,4507.48,4474.18,4501.77,66930.976
2025-10-07 20:15:00+00:00,4501.76,4511.83,4495.0,4510.17,27236.318
2025-10-07 20:30:00+00:00,4510.18,4514.66,4503.45,4503.45,24507.322
2025-10-07 20:45:00+00:00,4503.45,4513.0,4503.45,4507.37,15929.153
2025-10-07 21:00:00+00:00,4507.37,4511.4,4498.0,4504.47,16688.031
2025-10-07 21:15:00+00:00,4504.47,4512.23,4501.92,4510.36,12288.925
2025-10-07 21:30:00+00:00,4510.37,4510.69,4486.98,4497.27,22702.307
2025-10-07 21:45:00+00:00,4497.26,4497.26,4477.72,4491.26,20985.669
2025-10-07 22:00:00+00:00,4491.26,4496.57,4480.5,4493.45,16404.49
2025-10-07 22:15:00+00:00,4493.45,4504.18,4492.51,4497.14,16910.205
2025-10-07 22:30:00+00:00,4497.14,4503.05,4489.46,4493.67,11441.355
2025-10-07 22:45:00+00:00,4493.66,4498.82,4491.73,4495.67,6699.436
2025-10-07 23:00:00+00:00,4495.67,4497.03,4479.33,4481.2,18262.01
2025-10-07 23:15:00+00:00,4481.2,4484.5,4466.91,4471.2,41802.169
2025-10-07 23:30:00+00:00,4471.21,4471.21,4450.01,4459.69,53277.336
2025-10-07 23:45:00+00:00,4459.68,4464.79,4422.44,4445.76,120294.21
2025-10-08 00:00:00+00:00,4445.77,4459.38,4443.29,4449.7,35383.261
2025-10-08 00:15:00+00:00,4449.71,4464.7,4449.41,4454.04,28561.717
2025-10-08 00:30:00+00:00,4454.05,4473.0,4431.15,4468.04,65053.684
2025-10-08 00:45:00+00:00,4468.04,4478.86,4464.62,4469.3,39430.827
2025-10-08 01:00:00+00:00,4469.3,4473.01,4457.7,4460.01,25461.494
2025-10-08 01:15:00+00:00,4460.01,4485.6,4455.7,4477.63,31449.024
2025-10-08 01:30:00+00:00,4477.63,4486.48,4473.28,4476.16,18641.221
2025-10-08 01:45:00+00:00,4476.17,4487.31,4474.26,4480.69,13753.64
2025-10-08 02:00:00+00:00,4480.7,4484.91,4474.0,4479.54,20629.498
2025-10-08 02:15:00+00:00,4479.53,4497.05,4478.38,4495.56,34726.472
2025-10-08 02:30:00+00:00,4495.56,4495.96,4475.91,4477.27,22482.124
2025-10-08 02:45:00+00:00,4477.27,4485.75,4471.0,4479.01,24653.321
2025-10-08 03:00:00+00:00,4479.0,4479.01,4455.0,4461.72,35547.892
2025-10-08 03:15:00+00:00,4461.72,4465.57,4432.64,4439.61,80043.198
2025-10-08 03:30:00+00:00,4439.6,4449.01,4430.54,4437.41,43105.548
2025-10-08 03:45:00+00:00,4437.42,4448.92,4434.0,4441.83,27853.895
2025-10-08 04:00:00+00:00,4441.82,4446.0,4408.69,4439.02,125027.595
2025-10-08 04:15:00+00:00,4439.02,4451.71,4439.02,4445.17,39211.228
2025-10-08 04:30:00+00:00,4445.18,4464.17,4445.17,4458.09,38396.954
2025-10-08 04:45:00+00:00,4458.09,4462.32,4453.04,4459.98,13984.01
2025-10-08 05:00:00+00:00,4459.98,4460.66,4444.05,4446.86,27784.584
2025-10-08 05:15:00+00:00,4446.85,4450.0,4421.68,4432.51,53779.843
2025-10-08 05:30:00+00:00,4432.51,4439.55,4427.92,4427.93,19959.156
2025-10-08 05:45:00+00:00,4427.92,4438.32,4418.58,4436.16,30819.191
2025-10-08 06:00:00+00:00,4436.17,4447.55,4422.08,4445.41,30369.702
2025-10-08 06:15:00+00:00,4445.4,4451.85,4437.18,4441.36,20259.218
2025-10-08 06:30:00+00:00,4441.35,4452.73,4436.52,4448.22,17267.192
2025-10-08 06:45:00+00:00,4448.22,4457.0,4445.03,4453.46,17757.548
2025-10-08 07:00:00+00:00,4453.46,4462.0,4446.26,4449.13,22540.503
2025-10-08 07:15:00+00:00,4449.12,4454.54,4444.0,4450.31,18300.533
2025-10-08 07:30:00+00:00,4450.32,4453.0,4440.04,4448.33,17232.292
2025-10-08 07:45:00+00:00,4448.33,4462.2,4441.26,4461.08,27023.711
2025-10-08 08:00:00+00:00,4461.08,4469.2,4456.17,4458.3,35855.029
2025-10-08 08:15:00+00:00,4458.3,4472.06,4455.7,4470.0,28843.819
2025-10-08 08:30:00+00:00,4469.99,4493.0,4467.7,4491.89,78788.015
2025-10-08 08:45:00+00:00,4491.9,4494.38,4467.32,4473.13,53470.582
2025-10-08 09:00:00+00:00,4473.12,4481.89,4472.56,4477.44,24382.281
2025-10-08 09:15:00+00:00,4477.43,4477.44,4469.0,4474.69,16376.423
2025-10-08 09:30:00+00:00,4474.69,4482.7,4471.57,4478.99,12896.887
2025-10-08 09:45:00+00:00,4479.0,4482.47,4473.26,4482.47,10093.716
2025-10-08 10:00:00+00:00,4482.47,4492.0,4477.65,4479.2,32806.438
2025-10-08 10:15:00+00:00,4479.2,4491.35,4477.46,4485.61,16615.643
2025-10-08 10:30:00+00:00,4485.61,4497.45,4483.68,4492.0,34003.685
2025-10-08 10:45:00+00:00,4492.01,4502.97,4490.51,4497.68,34356.275
2025-10-08 11:00:00+00:00,4497.69,4505.0,4490.2,4502.23,36644.262
2025-10-08 11:15:00+00:00,4502.23,4502.24,4486.65,4490.87,25259.69
2025-10-08 11:30:00+00:00,4490.87,4490.99,4480.4,4482.87,23545.55
2025-10-08 11:45:00+00:00,4482.87,4489.67,4480.81,4485.21,13610.214
2025-10-08 12:00:00+00:00,4485.2,4494.77,4476.97,4488.85,28921.561
2025-10-08 12:15:00+00:00,4488.85,4490.85,4470.84,4478.2,30314.23
2025-10-08 12:30:00+00:00,4478.19,4482.65,4471.48,4480.35,25754.762
2025-10-08 12:45:00+00:00,4480.35,4481.31,4466.7,4476.34,24520.306
2025-10-08 13:00:00+00:00,4476.34,4484.0,4467.0,4482.78,28091.32
2025-10-08 13:15:00+00:00,4482.79,4487.27,4474.36,4474.41,21011.05
2025-10-08 13:30:00+00:00,4474.41,4479.92,4446.51,4454.51,96272.297
2025-10-08 13:45:00+00:00,4454.52,4477.49,4436.16,4474.03,95680.592
2025-10-08 14:00:00+00:00,4474.03,4522.0,4473.96,4492.18,198077.122
2025-10-08 14:15:00+00:00,4492.18,4506.4,4480.0,4484.74,62215.156
2025-10-08 14:30:00+00:00,4484.73,4495.19,4455.39,4463.87,95255.116
2025-10-08 14:45:00+00:00,4463.87,4471.2,4435.0,4448.0,91752.683
2025-10-08 15:00:00+00:00,4447.99,4466.97,4444.72,4455.97,47689.827
2025-10-08 15:15:00+00:00,4455.97,4464.5,4434.59,4458.3,53174.652
2025-10-08 15:30:00+00:00,4458.3,4459.0,4450.01,4453.99,24597.954
2025-10-08 15:45:00+00:00,4453.99,4454.14,4438.01,4445.11,32007.829
2025-10-08 16:00:00+00:00,4445.1,4455.61,4436.55,4455.6,41434.97
2025-10-08 16:15:00+00:00,4455.6,4464.01,4452.7,4462.1,77046.103
2025-10-08 16:30:00+00:00,4462.09,4466.94,4453.31,4465.94,43152.231
2025-10-08 16:45:00+00:00,4465.94,4497.95,4462.22,4494.55,71924.791
2025-10-08 17:00:00+00:00,4494.54,4513.98,4487.72,4511.79,76722.043
2025-10-08 17:15:00+00:00,4511.79,4546.87,4507.46,4538.1,138748.889
2025-10-08 17:30:00+00:00,4538.1,4556.75,4526.14,4526.14,145659.049
2025-10-08 17:45:00+00:00,4526.15,4543.43,4522.58,4536.99,49221.372
2025-10-08 18:00:00+00:00,4536.99,4542.8,4523.62,4537.63,52494.591
2025-10-08 18:15:00+00:00,4537.62,4539.25,4526.21,4528.53,35048.489
2025-10-08 18:30:00+00:00,4528.53,4534.48,4510.9,4513.99,57883.676
2025-10-08 18:45:00+00:00,4513.98,4533.97,4513.98,4521.42,45865.435
2025-10-08 19:00:00+00:00,4521.41,4525.2,4495.01,4501.11,73326.578
2025-10-08 19:15:00+00:00,4501.12,4518.5,4496.18,4514.77,45155.418
2025-10-08 19:30:00+00:00,4514.8,4524.44,4508.19,4511.98,29744.391
2025-10-08 19:45:00+00:00,4511.99,4517.29,4506.4,4512.64,20429.44
2025-10-08 20:00:00+00:00,4512.65,4515.55,4502.55,4508.86,16710.315
2025-10-08 20:15:00+00:00,4508.86,4524.0,4508.65,4518.56,22200.754
2025-10-08 20:30:00+00:00,4518.57,4519.28,4511.1,4514.95,11746.023
2025-10-08 20:45:00+00:00,4514.94,4515.2,4497.3,4501.44,23158.234
2025-10-08 21:00:00+00:00,4501.44,4511.09,4499.71,4511.09,15920.359
2025-10-08 21:15:00+00:00,4511.09,4524.6,4508.68,4521.14,17136.925
2025-10-08 21:30:00+00:00,4521.13,4526.24,4519.0,4521.0,12681.983
2025-10-08 21:45:00+00:00,4521.0,4523.79,4512.46,4523.78,12249.531
2025-10-08 22:00:00+00:00,4523.79,4537.73,4520.51,4527.3,26964.77
2025-10-08 22:15:00+00:00,4527.3,4531.72,4521.86,4523.39,12320.066
2025-10-08 22:30:00+00:00,4523.4,4527.88,4523.21,4526.01,5291.832
2025-10-08 22:45:00+00:00,4526.0,4526.91,4518.59,4519.4,12201.0
2025-10-08 23:00:00+00:00,4519.4,4519.86,4506.62,4511.54,23433.453
2025-10-08 23:15:00+00:00,4511.54,4529.91,4510.75,4529.89,10632.18
2025-10-08 23:30:00+00:00,4529.89,4536.0,4526.56,4527.56,17915.925
2025-10-08 23:45:00+00:00,4527.56,4528.0,4521.17,4523.67,11287.594
2025-10-09 00:00:00+00:00,4523.66,4525.84,4512.0,4514.99,17170.127
2025-10-09 00:15:00+00:00,4515.0,4529.15,4514.21,4517.33,18871.484
2025-10-09 00:30:00+00:00,4517.33,4521.17,4508.0,4513.22,20415.49
2025-10-09 00:45:00+00:00,4513.22,4519.67,4505.58,4509.01,16009.97
2025-10-09 01:00:00+00:00,4509.01,4512.06,4496.4,4497.42,35749.34
2025-10-09 01:15:00+00:00,4497.42,4500.0,4469.36,4479.7,111500.325
2025-10-09 01:30:00+00:00,4479.7,4479.7,4460.23,4462.21,71528.054
2025-10-09 01:45:00+00:00,4462.21,4478.3,4462.14,4477.25,29510.315
2025-10-09 02:00:00+00:00,4477.24,4479.78,4451.0,4461.0,52860.944
2025-10-09 02:15:00+00:00,4461.01,4463.13,4440.1,4445.99,44455.97
2025-10-09 02:30:00+00:00,4446.0,4451.7,4413.0,4420.0,105434.81
2025-10-09 02:45:00+00:00,4420.01,4430.91,4400.0,4410.76,100342.942
2025-10-09 03:00:00+00:00,4410.76,4433.39,4410.0,4429.72,53028.34
2025-10-09 03:15:00+00:00,4429.73,4443.0,4429.48,4439.11,36591.258
2025-10-09 03:30:00+00:00,4439.1,4446.77,4435.0,4439.01,30064.004
2025-10-09 03:45:00+00:00,4439.0,4451.56,4438.04,4448.81,18198.983
2025-10-09 04:00:00+00:00,4448.8,4451.28,4436.25,4436.26,25839.583
2025-10-09 04:15:00+00:00,4436.25,4456.6,4436.25,4455.7,29193.162
2025-10-09 04:30:00+00:00,4455.71,4456.0,4442.17,4444.43,14898.048
2025-10-09 04:45:00+00:00,4444.43,4454.2,4444.43,4452.85,12010.829
2025-10-09 05:00:00+00:00,4452.85,4458.83,4440.39,4440.4,19968.998
2025-10-09 05:15:00+00:00,4440.39,4445.6,4435.41,4445.56,29973.889
2025-10-09 05:30:00+00:00,4445.56,4453.6,4439.13,4444.94,19551.68
2025-10-09 05:45:00+00:00,4444.94,4453.1,4441.2,4452.53,11427.023
2025-10-09 06:00:00+00:00,4452.54,4452.67,4428.6,4436.0,49090.071
2025-10-09 06:15:00+00:00,4436.0,4440.4,4421.0,4431.95,52494.266
2025-10-09 06:30:00+00:00,4431.95,4441.85,4426.82,4438.67,17919.609
2025-10-09 06:45:00+00:00,4438.67,4441.52,4421.99,4426.81,22962.825
2025-10-09 07:00:00+00:00,4426.81,4431.39,4422.22,4425.39,20320.735
2025-10-09 07:15:00+00:00,4425.39,4432.69,4416.21,4422.02,30693.311
2025-10-09 07:30:00+00:00,4422.03,4422.46,4408.0,4414.67,40187.902
2025-10-09 07:45:00+00:00,4414.67,4435.78,4413.72,4424.43,38194.023
2025-10-09 08:00:00+00:00,4424.42,4425.17,4401.0,4401.07,50269.383
2025-10-09 08:15:00+00:00,4401.07,4403.64,4331.59,4337.99,334596.649
2025-10-09 08:30:00+00:00,4338.0,4357.97,4326.01,4337.01,200472.253
2025-10-09 08:45:00+00:00,4337.0,4349.88,4316.59,4326.26,119659.086
2025-10-09 09:00:00+00:00,4326.26,4348.08,4323.83,4344.28,75531.161
2025-10-09 09:15:00+00:00,4344.28,4355.14,4332.06,4348.75,66899.965
2025-10-09 09:30:00+00:00,4348.74,4351.85,4336.0,4336.21,27891.274
2025-10-09 09:45:00+00:00,4336.21,4343.89,4329.16,4333.29,52819.352
2025-10-09 10:00:00+00:00,4333.29,4344.35,4328.0,4343.01,36508.367
2025-10-09 10:15:00+00:00,4343.01,4345.92,4323.0,4328.2,35957.814
2025-10-09 10:30:00+00:00,4328.2,4355.97,4328.2,4347.98,62302.48
2025-10-09 10:45:00+00:00,4347.98,4356.65,4343.2,4352.46,34458.234
2025-10-09 11:00:00+00:00,4352.45,4361.24,4352.03,4357.38,29909.117
2025-10-09 11:15:00+00:00,4357.38,4374.45,4356.41,4372.52,47132.592
2025-10-09 11:30:00+00:00,4372.51,4385.04,4364.18,4382.37,46230.529
2025-10-09 11:45:00+00:00,4382.37,4382.61,4370.7,4371.0,22581.871
2025-10-09 12:00:00+00:00,4370.99,4390.25,4367.5,4380.23,53861.389
2025-10-09 12:15:00+00:00,4380.23,4388.16,4375.12,4381.79,27195.843
2025-10-09 12:30:00+00:00,4381.8,4411.46,4375.59,4402.79,96872.704
2025-10-09 12:45:00+00:00,4402.79,4407.5,4393.33,4402.0,44284.631
2025-10-09 13:00:00+00:00,4402.0,4405.22,4384.23,4387.6,52481.625
2025-10-09 13:15:00+00:00,4387.61,4400.0,4385.01,4396.57,31836.318
2025-10-09 13:30:00+00:00,4396.57,4396.84,4360.79,4366.46,147061.822
2025-10-09 13:45:00+00:00,4366.46,4386.33,4345.61,4349.35,126658.08
2025-10-09 14:00:00+00:00,4349.36,4372.0,4333.72,4369.21,147906.863
2025-10-09 14:15:00+00:00,4369.21,4373.32,4336.11,4339.56,75873.361
2025-10-09 14:30:00+00:00,4339.55,4339.56,4303.0,4317.03,158789.064
2025-10-09 14:45:00+00:00,4317.03,4346.89,4313.89,4343.67,75999.005
2025-10-09 15:00:00+00:00,4343.67,4362.18,4343.66,4346.79,69825.488
2025-10-09 15:15:00+00:00,4346.78,4353.36,4311.09,4314.54,73730.574
2025-10-09 15:30:00+00:00,4314.55,4318.62,4290.0,4293.5,138699.47
2025-10-09 15:45:00+00:00,4293.49,4323.73,4292.38,4312.81,79161.371
2025-10-09 16:00:00+00:00,4312.81,4323.78,4310.04,4315.52,41297.151
2025-10-09 16:15:00+00:00,4315.52,4326.25,4290.3,4306.69,109826.533
2025-10-09 16:30:00+00:00,4306.69,4307.83,4284.44,4301.61,100598.609
2025-10-09 16:45:00+00:00,4301.62,4304.63,4262.55,4275.42,133734.683
2025-10-09 17:00:00+00:00,4275.43,4308.92,4267.21,4303.42,121221.76
2025-10-09 17:15:00+00:00,4303.43,4316.22,4297.0,4299.91,43402.632
2025-10-09 17:30:00+00:00,4299.91,4320.89,4299.3,4315.14,41343.915
2025-10-09 17:45:00+00:00,4315.13,4335.87,4312.44,4332.65,55012.23
2025-10-09 18:00:00+00:00,4332.66,4337.26,4317.79,4328.01,49472.075
2025-10-09 18:15:00+00:00,4328.01,4339.12,4322.05,4323.4,43293.406
2025-10-09 18:30:00+00:00,4323.39,4325.78,4305.17,4309.36,48311.928
2025-10-09 18:45:00+00:00,4309.36,4312.92,4298.17,4306.17,35120.114
2025-10-09 19:00:00+00:00,4306.17,4321.77,4305.4,4319.31,30547.839
2025-10-09 19:15:00+00:00,4319.32,4334.0,4313.03,4332.79,23170.836
2025-10-09 19:30:00+00:00,4332.79,4335.75,4325.87,4327.42,21425.569
2025-10-09 19:45:00+00:00,4327.42,4343.69,4321.5,4336.39,34357.739
2025-10-09 20:00:00+00:00,4336.38,4346.0,4328.89,4329.21,28131.522
2025-10-09 20:15:00+00:00,4329.2,4331.77,4325.3,4326.84,12703.242
2025-10-09 20:30:00+00:00,4326.85,4339.0,4326.84,4339.0,12564.696
2025-10-09 20:45:00+00:00,4339.0,4343.39,4331.7,4335.06,26377.402
2025-10-09 21:00:00+00:00,4335.05,4355.33,4333.61,4353.5,26212.052
2025-10-09 21:15:00+00:00,4353.51,4354.97,4343.15,4343.39,19136.006
2025-10-09 21:30:00+00:00,4343.38,4354.0,4337.94,4350.0,8862.672
2025-10-09 21:45:00+00:00,4350.0,4357.35,4347.0,4355.88,11697.367
2025-10-09 22:00:00+00:00,4355.89,4363.57,4350.5,4360.99,25344.953
2025-10-09 22:15:00+00:00,4360.98,4372.08,4358.74,4371.75,28146.138
2025-10-09 22:30:00+00:00,4371.76,4378.98,4365.05,4376.98,31568.481
2025-10-09 22:45:00+00:00,4376.97,4381.42,4371.9,4375.84,23089.855
2025-10-09 23:00:00+00:00,4375.85,4377.15,4361.99,4365.68,31262.908
2025-10-09 23:15:00+00:00,4365.67,4368.0,4355.33,4364.16,23325.709
2025-10-09 23:30:00+00:00,4364.15,4366.21,4359.0,4365.3,10940.091
2025-10-09 23:45:00+00:00,4365.3,4367.2,4362.45,4365.83,11154.498
2025-10-10 00:00:00+00:00,4365.83,4370.0,4360.28,4364.59,29671.983
2025-10-10 00:15:00+00:00,4364.58,4382.55,4364.58,4381.1,29750.207
2025-10-10 00:30:00+00:00,4381.09,4382.02,4373.61,4375.52,16135.807
2025-10-10 00:45:00+00:00,4375.51,4379.79,4370.35,4378.92,11077.704
2025-10-10 01:00:00+00:00,4378.92,4387.97,4375.13,4384.77,22478.478
2025-10-10 01:15:00+00:00,4384.76,4392.0,4382.17,4390.56,23798.069
2025-10-10 01:30:00+00:00,4390.57,4391.18,4369.02,4371.88,25114.699
2025-10-10 01:45:00+00:00,4371.88,4380.59,4368.92,4371.61,29907.085
2025-10-10 02:00:00+00:00,4371.61,4372.86,4357.0,4364.99,45452.064
2025-10-10 02:15:00+00:00,4364.99,4378.92,4364.5,4374.85,17799.841
2025-10-10 02:30:00+00:00,4374.85,4377.93,4361.93,4366.82,20909.86
2025-10-10 02:45:00+00:00,4366.86,4367.15,4347.78,4357.73,37954.888
2025-10-10 03:00:00+00:00,4357.74,4360.0,4345.06,4353.5,30678.648
2025-10-10 03:15:00+00:00,4353.49,4376.0,4348.44,4375.73,35002.475
2025-10-10 03:30:00+00:00,4375.74,4391.86,4375.73,4384.19,48305.073
2025-10-10 03:45:00+00:00,4384.2,4388.0,4340.61,4345.01,76477.666
2025-10-10 04:00:00+00:00,4345.01,4360.7,4342.7,4355.14,38591.64
2025-10-10 04:15:00+00:00,4355.14,4356.12,4343.79,4347.06,23626.052
2025-10-10 04:30:00+00:00,4347.06,4353.26,4330.03,4340.43,41820.872
2025-10-10 04:45:00+00:00,4340.42,4344.47,4337.18,4342.59,12764.439
2025-10-10 05:00:00+00:00,4342.6,4343.47,4325.18,4332.16,35126.744
2025-10-10 05:15:00+00:00,4332.16,4362.43,4331.8,4353.72,42724.553
2025-10-10 05:30:00+00:00,4353.71,4356.82,4342.96,4356.22,20828.165
2025-10-10 05:45:00+00:00,4356.22,4368.65,4355.42,4366.56,24192.797
2025-10-10 06:00:00+00:00,4366.57,4376.0,4362.01,4365.63,32572.587
2025-10-10 06:15:00+00:00,4365.62,4371.04,4348.77,4349.8,24679.3
2025-10-10 06:30:00+00:00,4349.79,4355.29,4335.33,4346.62,30303.884
2025-10-10 06:45:00+00:00,4346.62,4352.9,4318.2,4325.66,62633.358
2025-10-10 07:00:00+00:00,4325.66,4328.22,4312.53,4324.76,43321.204
2025-10-10 07:15:00+00:00,4324.75,4330.91,4316.16,4325.48,30951.871
2025-10-10 07:30:00+00:00,4325.47,4332.54,4320.23,4330.15,31716.478
2025-10-10 07:45:00+00:00,4330.15,4330.3,4316.15,4321.06,47087.157
2025-10-10 08:00:00+00:00,4321.05,4330.86,4311.0,4322.53,26989.074
2025-10-10 08:15:00+00:00,4322.54,4334.63,4322.02,4332.56,19938.882
2025-10-10 08:30:00+00:00,4332.56,4337.0,4323.54,4329.44,20633.138
2025-10-10 08:45:00+00:00,4329.44,4347.98,4329.44,4343.92,28374.742
2025-10-10 09:00:00+00:00,4343.91,4344.1,4332.12,4336.83,34684.243
2025-10-10 09:15:00+00:00,4336.83,4348.46,4329.16,4346.11,18213.982
2025-10-10 09:30:00+00:00,4346.11,4349.7,4338.38,4340.34,16576.495
2025-10-10 09:45:00+00:00,4340.35,4343.0,4315.79,4319.99,50235.929
2025-10-10 10:00:00+00:00,4319.98,4327.5,4318.39,4323.06,16218.477
2025-10-10 10:15:00+00:00,4323.05,4333.0,4322.0,4323.25,12499.75
2025-10-10 10:30:00+00:00,4323.25,4330.69,4320.85,4330.69,9747.727
2025-10-10 10:45:00+00:00,4330.69,4343.84,4328.16,4340.59,25999.425
2025-10-10 11:00:00+00:00,4340.59,4345.92,4333.85,4333.86,22170.519
2025-10-10 11:15:00+00:00,4333.86,4337.28,4326.38,4333.03,13800.34
2025-10-10 11:30:00+00:00,4333.03,4338.28,4332.46,4336.64,9169.631
2025-10-10 11:45:00+00:00,4336.64,4345.0,4335.4,4341.42,11963.792
2025-10-10 12:00:00+00:00,4341.42,4350.72,4334.19,4335.94,26839.653
2025-10-10 12:15:00+00:00,4335.95,4345.49,4332.01,4342.69,13587.679
2025-10-10 12:30:00+00:00,4342.68,4346.57,4336.78,4336.79,14722.198
2025-10-10 12:45:00+00:00,4336.78,4346.5,4335.55,4346.42,15335.081
2025-10-10 13:00:00+00:00,4346.43,4359.07,4346.43,4352.09,49759.089
2025-10-10 13:15:00+00:00,4352.1,4367.0,4346.11,4362.98,42605.346
2025-10-10 13:30:00+00:00,4362.97,4388.43,4357.04,4374.06,104142.048
2025-10-10 13:45:00+00:00,4374.07,4375.26,4342.8,4353.8,95440.943
2025-10-10 14:00:00+00:00,4353.8,4373.7,4344.0,4349.12,65612.084
2025-10-10 14:15:00+00:00,4349.12,4353.33,4318.37,4324.55,93836.452
2025-10-10 14:30:00+00:00,4324.54,4339.53,4322.0,4328.58,38149.099
2025-10-10 14:45:00+00:00,4328.58,4331.0,4276.02,4277.71,186140.417
2025-10-10 15:00:00+00:00,4277.7,4281.4,4241.5,4255.56,343797.285
2025-10-10 15:15:00+00:00,4255.55,4265.77,4159.01,4159.35,526543.463
2025-10-10 15:30:00+00:00,4159.34,4159.34,4067.44,4136.17,784726.209
2025-10-10 15:45:00+00:00,4136.17,4139.93,4090.47,4100.48,200455.466
2025-10-10 16:00:00+00:00,4100.49,4128.01,4083.32,4110.28,175473.876
2025-10-10 16:15:00+00:00,4110.29,4126.63,4095.11,4114.33,120509.484
2025-10-10 16:30:00+00:00,4114.33,4136.08,4107.84,4110.31,119266.072
2025-10-10 16:45:00+00:00,4110.31,4116.53,4095.7,4106.36,94165.29
2025-10-10 17:00:00+00:00,4106.36,4110.53,4086.72,4090.85,111573.981
2025-10-10 17:15:00+00:00,4090.85,4108.86,4085.76,4102.92,71141.45
2025-10-10 17:30:00+00:00,4102.93,4105.78,4089.16,4093.26,43490.619
2025-10-10 17:45:00+00:00,4093.26,4102.72,4075.0,4092.01,79061.934
2025-10-10 18:00:00+00:00,4092.01,4098.0,4072.43,4082.97,69559.435
2025-10-10 18:15:00+00:00,4082.97,4098.47,4076.29,4086.14,43412.135
2025-10-10 18:30:00+00:00,4086.13,4092.3,4057.0,4072.31,85472.712
2025-10-10 18:45:00+00:00,4072.32,4082.52,4051.6,4051.85,103874.197
2025-10-10 19:00:00+00:00,4051.85,4062.57,4020.3,4029.13,205252.384
2025-10-10 19:15:00+00:00,4029.13,4030.46,3950.0,3951.2,371004.422
2025-10-10 19:30:00+00:00,3951.11,4026.61,3947.77,4024.23,291697.617
2025-10-10 19:45:00+00:00,4024.41,4036.16,3990.45,3994.99,194432.722
2025-10-10 20:00:00+00:00,3994.99,4017.84,3993.32,4000.64,88407.123
2025-10-10 20:15:00+00:00,4000.64,4022.0,3994.23,4021.25,47851.378
2025-10-10 20:30:00+00:00,4021.28,4022.18,4005.06,4014.01,44269.461
2025-10-10 20:45:00+00:00,4014.01,4017.23,3831.55,3864.76,800322.091
2025-10-10 21:00:00+00:00,3864.76,3911.79,3610.0,3723.05,850476.262
2025-10-10 21:15:00+00:00,3723.05,3789.87,3400.0,3617.44,1651139.24
2025-10-10 21:30:00+00:00,3617.43,3884.92,3594.44,3820.15,524740.737
2025-10-10 21:45:00+00:00,3822.2,3980.68,3788.68,3941.17,521836.683
2025-10-10 22:00:00+00:00,3941.17,3947.66,3820.0,3895.43,370729.772
2025-10-10 22:15:00+00:00,3895.0,3913.0,3832.0,3866.7,222150.051
2025-10-10 22:30:00+00:00,3866.7,3886.45,3845.71,3864.76,118959.052
2025-10-10 22:45:00+00:00,3864.76,3893.27,3834.19,3852.95,130965.997
2025-10-10 23:00:00+00:00,3852.96,3874.46,3783.99,3822.24,136377.336
2025-10-10 23:15:00+00:00,3822.23,3880.0,3812.65,3861.97,98395.486
2025-10-10 23:30:00+00:00,3861.95,3911.12,3858.01,3893.47,104231.432
2025-10-10 23:45:00+00:00,3893.47,3894.93,3798.56,3819.99,144514.31
2025-10-11 00:00:00+00:00,3820.0,3874.28,3812.32,3866.99,97300.947
2025-10-11 00:15:00+00:00,3867.0,3869.74,3800.1,3843.85,110928.127
2025-10-11 00:30:00+00:00,3843.85,3846.68,3815.37,3839.91,49618.644
2025-10-11 00:45:00+00:00,3839.9,3867.94,3830.61,3833.53,56738.508
2025-10-11 01:00:00+00:00,3833.53,3836.28,3798.0,3806.46,63445.505
2025-10-11 01:15:00+00:00,3806.45,3808.96,3754.29,3763.46,115295.573
2025-10-11 01:30:00+00:00,3763.46,3793.2,3744.2,3746.99,96844.738
2025-10-11 01:45:00+00:00,3747.0,3773.14,3725.0,3732.11,114419.57
2025-10-11 02:00:00+00:00,3732.1,3778.05,3728.18,3773.5,98579.173
2025-10-11 02:15:00+00:00,3773.5,3814.11,3771.6,3804.54,105300.337
2025-10-11 02:30:00+00:00,3804.54,3860.39,3801.91,3855.1,76571.221
2025-10-11 02:45:00+00:00,3855.1,3855.11,3830.1,3839.04,63157.418
2025-10-11 03:00:00+00:00,3839.05,3845.97,3773.97,3788.0,88049.777
2025-10-11 03:15:00+00:00,3788.0,3788.48,3766.62,3775.78,58256.815
2025-10-11 03:30:00+00:00,3775.78,3787.21,3753.38,3774.95,56500.912
2025-10-11 03:45:00+00:00,3774.95,3794.08,3768.32,3789.56,36042.484
2025-10-11 04:00:00+00:00,3789.55,3808.93,3780.84,3796.34,49113.701
2025-10-11 04:15:00+00:00,3796.34,3816.78,3790.33,3808.11,50867.75
2025-10-11 04:30:00+00:00,3808.12,3810.56,3778.23,3793.91,38650.846
2025-10-11 04:45:00+00:00,3793.92,3818.55,3779.16,3818.54,45418.534
2025-10-11 05:00:00+00:00,3818.54,3831.02,3803.0,3809.78,33863.761
2025-10-11 05:15:00+00:00,3809.78,3810.53,3760.22,3767.13,72885.899
2025-10-11 05:30:00+00:00,3767.13,3786.14,3766.0,3773.72,41563.291
2025-10-11 05:45:00+00:00,3773.72,3800.4,3771.12,3786.88,45351.86
2025-10-11 06:00:00+00:00,3786.89,3808.0,3777.72,3798.8,38861.528
2025-10-11 06:15:00+00:00,3798.79,3811.27,3789.27,3801.15,31858.933
2025-10-11 06:30:00+00:00,3801.16,3804.99,3778.33,3785.81,32331.437
2025-10-11 06:45:00+00:00,3785.81,3792.75,3770.01,3779.0,44582.661
2025-10-11 07:00:00+00:00,3778.99,3782.58,3752.01,3770.3,72325.433
2025-10-11 07:15:00+00:00,3770.3,3783.88,3748.2,3760.35,87056.219
2025-10-11 07:30:00+00:00,3760.35,3770.0,3744.0,3755.91,73082.487
2025-10-11 07:45:00+00:00,3755.92,3763.94,3731.2,3757.27,82536.666
2025-10-11 08:00:00+00:00,3757.27,3770.0,3746.62,3769.36,44082.067
2025-10-11 08:15:00+00:00,3769.37,3814.07,3769.22,3799.13,102750.466
2025-10-11 08:30:00+00:00,3799.12,3816.8,3784.72,3805.71,51861.704
2025-10-11 08:45:00+00:00,3805.72,3819.8,3804.41,3812.89,48724.425
2025-10-11 09:00:00+00:00,3812.89,3845.98,3810.39,3830.64,93201.279
2025-10-11 09:15:00+00:00,3830.64,3836.52,3820.11,3826.0,31794.632
2025-10-11 09:30:00+00:00,3826.0,3840.99,3815.0,3832.87,55160.961
2025-10-11 09:45:00+00:00,3832.86,3834.24,3819.45,3827.52,26775.633
2025-10-11 10:00:00+00:00,3827.53,3833.45,3816.01,3832.45,30090.805
2025-10-11 10:15:00+00:00,3832.46,3854.52,3822.52,3852.5,50845.839
2025-10-11 10:30:00+00:00,3852.5,3856.0,3826.05,3835.42,38981.912
2025-10-11 10:45:00+00:00,3835.42,3836.14,3823.92,3832.36,16510.397
2025-10-11 11:00:00+00:00,3832.35,3832.36,3805.32,3811.44,39647.759
2025-10-11 11:15:00+00:00,3811.43,3827.62,3784.51,3821.67,88685.563
2025-10-11 11:30:00+00:00,3821.67,3834.0,3813.09,3827.77,34200.9
2025-10-11 11:45:00+00:00,3827.78,3841.14,3825.2,3838.68,30811.304
2025-10-11 12:00:00+00:00,3838.67,3838.67,3818.88,3827.89,36465.728
2025-10-11 12:15:00+00:00,3827.89,3844.0,3824.05,3843.77,21791.946
2025-10-11 12:30:00+00:00,3843.78,3843.78,3816.6,3823.02,32927.778
2025-10-11 12:45:00+00:00,3823.02,3824.3,3804.15,3821.5,37170.543
2025-10-11 13:00:00+00:00,3821.51,3828.07,3808.28,3825.84,27569.208
2025-10-11 13:15:00+00:00,3825.84,3827.6,3812.02,3818.79,25869.67
2025-10-11 13:30:00+00:00,3818.8,3819.96,3783.07,3802.9,87284.845
2025-10-11 13:45:00+00:00,3802.9,3836.99,3801.28,3830.21,64128.461
2025-10-11 14:00:00+00:00,3830.21,3836.0,3813.54,3818.99,29404.122
2025-10-11 14:15:00+00:00,3818.99,3821.96,3795.43,3801.87,47197.202
2025-10-11 14:30:00+00:00,3801.86,3811.17,3797.15,3806.4,23201.397
2025-10-11 14:45:00+00:00,3806.41,3814.37,3798.49,3812.39,22926.545
2025-10-11 15:00:00+00:00,3812.4,3853.43,3811.86,3840.73,81557.041
2025-10-11 15:15:00+00:00,3840.72,3850.0,3832.85,3837.38,43386.5
2025-10-11 15:30:00+00:00,3837.39,3837.7,3815.04,3815.97,39820.061
2025-10-11 15:45:00+00:00,3815.99,3831.53,3814.27,3822.58,33093.537
2025-10-11 16:00:00+00:00,3822.58,3843.72,3814.2,3838.9,36479.076
2025-10-11 16:15:00+00:00,3838.91,3845.98,3826.43,3829.37,29927.482
2025-10-11 16:30:00+00:00,3829.37,3830.4,3807.41,3810.37,49256.955
2025-10-11 16:45:00+00:00,3810.37,3824.9,3807.0,3817.34,21784.112
2025-10-11 17:00:00+00:00,3817.34,3832.26,3811.38,3828.47,18026.445
2025-10-11 17:15:00+00:00,3828.46,3839.61,3821.96,3832.97,24190.024
2025-10-11 17:30:00+00:00,3832.96,3834.01,3811.0,3817.93,27014.056
2025-10-11 17:45:00+00:00,3817.93,3824.86,3811.0,3823.19,17304.684
2025-10-11 18:00:00+00:00,3823.19,3823.2,3811.36,3814.49,16168.498
2025-10-11 18:15:00+00:00,3814.5,3821.37,3811.57,3813.59,15507.765
2025-10-11 18:30:00+00:00,3813.59,3823.61,3808.62,3820.46,17900.175
2025-10-11 18:45:00+00:00,3820.46,3821.0,3811.69,3813.16,10322.834
2025-10-11 19:00:00+00:00,3813.17,3814.09,3768.0,3782.54,90161.438
2025-10-11 19:15:00+00:00,3782.54,3783.0,3745.12,3766.22,110528.099
2025-10-11 19:30:00+00:00,3766.23,3767.88,3735.01,3750.84,67107.462
2025-10-11 19:45:00+00:00,3750.84,3761.06,3728.32,3758.0,82621.241
2025-10-11 20:00:00+00:00,3758.0,3764.92,3738.68,3745.12,50295.619
2025-10-11 20:15:00+00:00,3745.12,3751.44,3706.0,3718.22,97438.369
2025-10-11 20:30:00+00:00,3718.22,3718.73,3681.2,3690.68,141138.547
2025-10-11 20:45:00+00:00,3690.67,3721.62,3658.0,3693.73,132268.601
2025-10-11 21:00:00+00:00,3693.73,3694.66,3640.0,3670.0,133865.007
2025-10-11 21:15:00+00:00,3669.99,3742.42,3663.36,3721.97,135352.466
2025-10-11 21:30:00+00:00,3721.97,3738.87,3707.8,3719.62,52564.265
2025-10-11 21:45:00+00:00,3719.62,3736.19,3718.88,3734.34,20027.311
2025-10-11 22:00:00+00:00,3734.34,3746.29,3723.89,3736.58,39739.287
2025-10-11 22:15:00+00:00,3736.57,3744.27,3722.86,3738.95,33093.06
2025-10-11 22:30:00+00:00,3738.96,3762.39,3736.2,3743.0,53356.079
2025-10-11 22:45:00+00:00,3742.99,3753.18,3739.45,3740.81,27304.966
2025-10-11 23:00:00+00:00,3740.8,3747.97,3730.01,3738.38,40135.39
2025-10-11 23:15:00+00:00,3738.38,3747.41,3732.0,3745.54,24901.075
2025-10-11 23:30:00+00:00,3745.54,3749.04,3738.19,3747.54,18867.723
2025-10-11 23:45:00+00:00,3747.54,3750.51,3740.1,3744.99,15619.372
2025-10-12 00:00:00+00:00,3744.99,3746.45,3727.0,3731.81,31137.823
2025-10-12 00:15:00+00:00,3731.8,3741.96,3713.5,3717.78,40446.516
2025-10-12 00:30:00+00:00,3717.78,3762.8,3717.47,3724.55,79011.59
2025-10-12 00:45:00+00:00,3724.56,3729.55,3692.96,3699.77,62394.964
2025-10-12 01:00:00+00:00,3699.79,3728.32,3693.2,3727.66,55106.3
2025-10-12 01:15:00+00:00,3727.65,3738.6,3707.3,3719.33,54494.069
2025-10-12 01:30:00+00:00,3719.32,3733.69,3709.11,3724.57,50235.708
2025-10-12 01:45:00+00:00,3724.57,3736.32,3710.7,3717.46,41505.355
2025-10-12 02:00:00+00:00,3717.45,3721.8,3706.35,3711.57,45792.045
2025-10-12 02:15:00+00:00,3711.58,3739.97,3711.1,3734.68,47899.193
2025-10-12 02:30:00+00:00,3734.69,3748.59,3715.5,3723.5,45858.929
2025-10-12 02:45:00+00:00,3723.5,3734.24,3705.03,3732.36,51770.82
2025-10-12 03:00:00+00:00,3732.37,3772.89,3725.6,3757.98,105539.188
2025-10-12 03:15:00+00:00,3757.97,3789.68,3753.0,3779.9,93284.136
2025-10-12 03:30:00+00:00,3779.9,3819.33,3775.94,3793.04,110757.52
2025-10-12 03:45:00+00:00,3793.04,3794.32,3776.78,3779.99,37730.158
2025-10-12 04:00:00+00:00,3779.99,3811.3,3774.08,3806.44,62509.259
2025-10-12 04:15:00+00:00,3806.44,3821.95,3803.23,3810.58,50759.278
2025-10-12 04:30:00+00:00,3810.58,3818.76,3794.59,3799.09,50662.056
2025-10-12 04:45:00+00:00,3799.09,3811.69,3793.8,3800.36,40644.883
2025-10-12 05:00:00+00:00,3800.35,3807.65,3794.64,3806.09,34466.085
2025-10-12 05:15:00+00:00,3806.08,3811.88,3799.72,3810.15,27945.598
2025-10-12 05:30:00+00:00,3810.15,3815.26,3807.03,3810.63,31860.404
2025-10-12 05:45:00+00:00,3810.63,3815.43,3803.54,3804.25,26718.773
2025-10-12 06:00:00+00:00,3804.24,3824.11,3801.69,3818.23,36320.369
2025-10-12 06:15:00+00:00,3818.23,3837.88,3811.99,3828.93,50241.605
2025-10-12 06:30:00+00:00,3828.93,3832.89,3820.0,3832.67,42587.731
2025-10-12 06:45:00+00:00,3832.67,3835.64,3826.67,3830.55,31698.538
2025-10-12 07:00:00+00:00,3830.54,3842.18,3829.2,3830.24,63615.737
2025-10-12 07:15:00+00:00,3830.25,3837.48,3818.15,3818.32,78913.974
2025-10-12 07:30:00+00:00,3818.32,3824.62,3814.48,3821.82,61140.762
2025-10-12 07:45:00+00:00,3821.83,3831.3,3819.5,3825.25,39768.0
2025-10-12 08:00:00+00:00,3825.26,3836.3,3822.76,3831.52,56289.353
2025-10-12 08:15:00+00:00,3831.51,3844.0,3831.42,3838.61,62442.653
2025-10-12 08:30:00+00:00,3838.61,3838.93,3829.3,3830.35,59153.211
2025-10-12 08:45:00+00:00,3830.34,3830.76,3818.81,3820.53,77150.582
2025-10-12 09:00:00+00:00,3820.53,3821.49,3803.22,3811.06,95802.079
2025-10-12 09:15:00+00:00,3811.06,3827.19,3811.05,3817.78,49199.142
2025-10-12 09:30:00+00:00,3817.78,3829.72,3814.27,3829.36,26369.973
2025-10-12 09:45:00+00:00,3829.36,3847.37,3824.48,3841.39,113665.849
2025-10-12 10:00:00+00:00,3841.39,3866.06,3827.55,3828.49,160287.893
2025-10-12 10:15:00+00:00,3828.48,3830.67,3812.88,3818.8,95088.218
2025-10-12 10:30:00+00:00,3818.79,3826.96,3815.27,3822.03,57347.088
2025-10-12 10:45:00+00:00,3822.02,3825.98,3816.62,3817.59,46423.007
2025-10-12 11:00:00+00:00,3817.59,3831.93,3812.0,3827.17,70096.853
2025-10-12 11:15:00+00:00,3827.16,3828.2,3812.53,3818.96,53147.018
2025-10-12 11:30:00+00:00,3818.96,3827.59,3813.11,3817.45,63227.83
2025-10-12 11:45:00+00:00,3817.44,3820.0,3813.52,3818.14,36987.219
2025-10-12 12:00:00+00:00,3818.13,3837.86,3816.28,3836.36,87782.767
2025-10-12 12:15:00+00:00,3836.36,3847.15,3830.23,3840.61,88861.65
2025-10-12 12:30:00+00:00,3840.6,3844.8,3826.01,3830.65,90807.041
2025-10-12 12:45:00+00:00,3830.65,3835.0,3819.83,3829.98,83091.571
2025-10-12 13:00:00+00:00,3829.97,3831.06,3818.58,3828.97,77881.667
2025-10-12 13:15:00+00:00,3828.96,3832.8,3799.57,3812.8,121546.202
2025-10-12 13:30:00+00:00,3812.79,3826.27,3791.79,3817.62,165095.623
2025-10-12 13:45:00+00:00,3817.62,3820.0,3797.81,3808.15,134481.529
2025-10-12 14:00:00+00:00,3808.15,3825.44,3806.05,3822.18,125641.083
2025-10-12 14:15:00+00:00,3822.18,3832.79,3815.6,3830.03,116383.808
2025-10-12 14:30:00+00:00,3830.02,3842.8,3815.68,3835.44,164177.09
2025-10-12 14:45:00+00:00,3835.43,4027.0,3835.43,3973.44,863936.597
2025-10-12 15:00:00+00:00,3973.35,4039.81,3963.24,4030.0,321013.475
2025-10-12 15:15:00+00:00,4030.0,4077.96,4021.05,4049.71,310356.272
2025-10-12 15:30:00+00:00,4049.7,4049.99,3979.75,4007.19,304761.261
2025-10-12 15:45:00+00:00,4007.19,4042.0,4007.18,4032.38,151101.517
2025-10-12 16:00:00+00:00,4032.37,4106.48,4032.37,4081.0,304240.786
2025-10-12 16:15:00+00:00,4081.0,4083.73,4061.76,4071.4,147270.729
2025-10-12 16:30:00+00:00,4071.4,4128.15,4051.91,4120.05,201504.815
2025-10-12 16:45:00+00:00,4120.06,4175.9,4080.82,4104.17,376201.337
2025-10-12 17:00:00+00:00,4104.17,4148.36,4096.0,4138.55,196053.88
2025-10-12 17:15:00+00:00,4138.54,4156.58,4126.18,4134.79,119638.581
2025-10-12 17:30:00+00:00,4134.8,4142.39,4116.42,4137.68,90698.13
2025-10-12 17:45:00+00:00,4137.67,4149.94,4105.69,4125.21,129231.517
2025-10-12 18:00:00+00:00,4125.22,4144.99,4123.86,4132.38,62904.664
2025-10-12 18:15:00+00:00,4132.38,4142.44,4113.03,4116.88,72856.447
2025-10-12 18:30:00+00:00,4116.88,4126.69,4095.93,4101.33,84188.145
2025-10-12 18:45:00+00:00,4101.34,4111.5,4091.26,4107.07,69123.169
2025-10-12 19:00:00+00:00,4107.07,4129.68,4105.71,4127.55,46538.077
2025-10-12 19:15:00+00:00,4127.55,4137.0,4122.08,4135.31,42437.623
2025-10-12 19:30:00+00:00,4135.32,4137.0,4117.74,4120.38,50596.756
2025-10-12 19:45:00+00:00,4120.39,4137.87,4120.38,4133.11,36422.499
2025-10-12 20:00:00+00:00,4133.12,4143.8,4123.32,4130.5,58445.045
2025-10-12 20:15:00+00:00,4130.5,4147.76,4123.9,4146.68,62766.046
2025-10-12 20:30:00+00:00,4146.69,4158.53,4134.69,4148.89,100476.32
2025-10-12 20:45:00+00:00,4148.87,4200.0,4128.12,4134.72,178824.121
2025-10-12 21:00:00+00:00,4134.71,4164.03,4119.99,4148.76,114836.241
2025-10-12 21:15:00+00:00,4148.77,4151.77,4095.0,4120.03,119421.149
2025-10-12 21:30:00+00:00,4120.03,4120.33,4077.59,4120.0,120403.245
2025-10-12 21:45:00+00:00,4120.0,4134.93,4114.08,4133.94,38297.753
2025-10-12 22:00:00+00:00,4133.94,4153.59,4108.85,4128.28,137438.661
2025-10-12 22:15:00+00:00,4128.27,4143.0,4116.58,4125.65,94711.723
2025-10-12 22:30:00+00:00,4125.65,4139.0,4124.23,4138.4,69649.728
2025-10-12 22:45:00+00:00,4138.4,4149.3,4130.0,4132.99,65280.124
2025-10-12 23:00:00+00:00,4132.99,4134.99,4116.18,4125.16,68153.697
2025-10-12 23:15:00+00:00,4125.16,4142.33,4106.56,4138.92,68685.497
2025-10-12 23:30:00+00:00,4138.92,4151.49,4131.28,4140.93,70892.973
2025-10-12 23:45:00+00:00,4140.94,4159.51,4135.06,4149.99,61663.425
2025-10-13 00:00:00+00:00,4150.0,4153.33,4129.45,4145.79,96437.125
2025-10-13 00:15:00+00:00,4145.79,4184.12,4145.57,4146.47,146401.25
2025-10-13 00:30:00+00:00,4146.47,4147.91,4123.57,4130.03,97762.521
2025-10-13 00:45:00+00:00,4130.03,4151.38,4121.55,4136.94,94729.12
2025-10-13 01:00:00+00:00,4136.95,4147.59,4124.0,4134.19,115093.437
2025-10-13 01:15:00+00:00,4134.19,4160.76,4128.0,4152.61,87746.476
2025-10-13 01:30:00+00:00,4152.62,4173.44,4151.47,4163.24,78093.84
2025-10-13 01:45:00+00:00,4163.25,4198.91,4160.31,4196.93,88384.771
2025-10-13 02:00:00+00:00,4196.92,4219.43,4167.0,4170.34,131623.815
2025-10-13 02:15:00+00:00,4170.34,4181.98,4156.57,4166.11,64402.44
2025-10-13 02:30:00+00:00,4166.1,4174.26,4151.0,4158.24,48448.859
2025-10-13 02:45:00+00:00,4158.24,4166.86,4153.43,4157.0,38909.305
2025-10-13 03:00:00+00:00,4156.99,4168.4,4150.88,4161.36,50932.017
2025-10-13 03:15:00+00:00,4161.35,4165.99,4152.75,4154.08,34952.056
2025-10-13 03:30:00+00:00,4154.08,4156.49,4134.08,4142.67,57811.562
2025-10-13 03:45:00+00:00,4142.67,4147.13,4130.67,4138.63,45309.819
2025-10-13 04:00:00+00:00,4138.63,4145.25,4123.59,4126.55,47258.224
2025-10-13 04:15:00+00:00,4126.55,4130.03,4113.45,4121.69,70243.488
2025-10-13 04:30:00+00:00,4121.69,4136.18,4119.19,4127.28,47965.919
2025-10-13 04:45:00+00:00,4127.28,4144.74,4122.47,4140.24,45950.767
2025-10-13 05:00:00+00:00,4140.23,4142.89,4124.72,4130.95,42942.727
2025-10-13 05:15:00+00:00,4130.95,4135.84,4121.05,4131.92,38822.948
2025-10-13 05:30:00+00:00,4131.92,4137.56,4124.26,4124.36,29306.739
2025-10-13 05:45:00+00:00,4124.36,4131.73,4122.37,4129.99,25222.564
2025-10-13 06:00:00+00:00,4130.0,4144.66,4115.0,4140.23,68593.33
2025-10-13 06:15:00+00:00,4140.23,4158.93,4138.81,4158.09,62577.419
2025-10-13 06:30:00+00:00,4158.09,4181.23,4151.04,4153.0,90516.527
2025-10-13 06:45:00+00:00,4153.0,4172.95,4147.34,4168.56,58748.777
2025-10-13 07:00:00+00:00,4168.56,4187.7,4157.05,4182.31,75935.087
2025-10-13 07:15:00+00:00,4182.3,4192.99,4175.33,4186.71,63061.594
2025-10-13 07:30:00+00:00,4186.7,4196.55,4175.79,4185.96,63464.917
2025-10-13 07:45:00+00:00,4185.96,4185.96,4160.1,4176.29,84073.841
2025-10-13 08:00:00+00:00,4176.28,4190.0,4167.85,4185.12,61088.561
2025-10-13 08:15:00+00:00,4185.11,4193.89,4176.21,4183.59,57348.947
2025-10-13 08:30:00+00:00,4183.59,4190.0,4172.0,4172.66,48480.427
2025-10-13 08:45:00+00:00,4172.66,4182.29,4165.28,4173.51,38021.627
2025-10-13 09:00:00+00:00,4173.52,4175.33,4145.41,4147.36,86309.517
2025-10-13 09:15:00+00:00,4147.37,4156.18,4140.07,4146.94,62756.593
2025-10-13 09:30:00+00:00,4146.94,4161.91,4144.5,4155.49,44070.776
2025-10-13 09:45:00+00:00,4155.49,4163.98,4155.13,4162.29,30911.916
2025-10-13 10:00:00+00:00,4162.3,4165.35,4148.1,4150.8,49433.219
2025-10-13 10:15:00+00:00,4150.79,4158.94,4136.94,4152.04,54824.745
2025-10-13 10:30:00+00:00,4152.03,4154.86,4141.79,4150.27,41047.687
2025-10-13 10:45:00+00:00,4150.28,4159.94,4145.46,4149.7,38723.3
2025-10-13 11:00:00+00:00,4149.7,4152.91,4111.2,4124.49,181855.16
2025-10-13 11:15:00+00:00,4124.49,4129.0,4042.77,4044.02,272214.102
2025-10-13 11:30:00+00:00,4044.02,4089.0,4034.12,4079.55,193677.922
2025-10-13 11:45:00+00:00,4079.56,4095.0,4068.64,4078.36,91819.792
2025-10-13 12:00:00+00:00,4078.35,4113.17,4054.26,4099.71,155103.051
2025-10-13 12:15:00+00:00,4099.7,4109.46,4088.26,4106.6,82835.365
2025-10-13 12:30:00+00:00,4106.6,4132.81,4100.34,4116.14,114227.105
2025-10-13 12:45:00+00:00,4116.15,4123.92,4085.0,4095.9,100547.485
2025-10-13 13:00:00+00:00,4095.9,4111.78,4090.42,4098.33,113151.165
2025-10-13 13:15:00+00:00,4098.33,4116.35,4093.99,4100.63,76766.246
2025-10-13 13:30:00+00:00,4100.62,4179.89,4099.83,4134.44,391951.733
2025-10-13 13:45:00+00:00,4134.44,4170.0,4114.0,4162.68,163053.656
2025-10-13 14:00:00+00:00,4162.68,4174.95,4125.65,4135.11,146198.63
2025-10-13 14:15:00+00:00,4135.12,4144.39,4093.67,4107.4,145329.125
2025-10-13 14:30:00+00:00,4107.39,4132.6,4081.88,4110.63,171467.683
2025-10-13 14:45:00+00:00,4110.62,4115.0,4078.81,4093.8,124526.563
2025-10-13 15:00:00+00:00,4093.79,4126.4,4091.79,4114.09,108077.98
2025-10-13 15:15:00+00:00,4114.08,4140.5,4110.72,4115.33,108287.093
2025-10-13 15:30:00+00:00,4115.33,4139.0,4113.91,4119.43,80508.107
2025-10-13 15:45:00+00:00,4119.43,4147.41,4119.43,4133.44,93321.766
2025-10-13 16:00:00+00:00,4133.45,4163.33,4131.28,4148.1,119603.167
2025-10-13 16:15:00+00:00,4148.11,4166.82,4126.81,4150.24,135091.259
2025-10-13 16:30:00+00:00,4150.24,4153.76,4138.94,4140.81,77617.84
2025-10-13 16:45:00+00:00,4140.8,4173.57,4137.76,4163.52,94335.651
2025-10-13 17:00:00+00:00,4163.52,4190.0,4155.0,4161.81,108913.905
2025-10-13 17:15:00+00:00,4161.82,4172.61,4155.71,4167.69,53301.215
2025-10-13 17:30:00+00:00,4167.7,4186.99,4159.41,4182.06,94134.738
2025-10-13 17:45:00+00:00,4182.06,4239.0,4168.12,4233.6,186057.908
2025-10-13 18:00:00+00:00,4233.6,4235.73,4197.33,4204.87,133123.841
2025-10-13 18:15:00+00:00,4204.87,4229.13,4203.76,4226.74,71720.684
2025-10-13 18:30:00+00:00,4226.75,4234.66,4215.0,4233.6,68690.418
2025-10-13 18:45:00+00:00,4233.6,4238.55,4212.0,4226.31,62767.738
2025-10-13 19:00:00+00:00,4226.31,4251.27,4221.39,4250.41,77345.983
2025-10-13 19:15:00+00:00,4250.41,4264.41,4238.23,4246.08,110697.954
2025-10-13 19:30:00+00:00,4246.07,4264.91,4242.1,4264.32,68338.782
2025-10-13 19:45:00+00:00,4264.32,4269.65,4246.88,4250.0,86923.237
2025-10-13 20:00:00+00:00,4250.0,4266.7,4247.88,4259.37,49964.15
2025-10-13 20:15:00+00:00,4259.37,4260.32,4242.82,4248.4,40891.386
2025-10-13 20:30:00+00:00,4248.4,4261.02,4242.09,4254.42,37523.327
2025-10-13 20:45:00+00:00,4254.41,4291.93,4254.28,4285.03,79878.163
2025-10-13 21:00:00+00:00,4285.03,4293.03,4265.0,4266.14,55798.441
2025-10-13 21:15:00+00:00,4266.14,4280.0,4262.58,4265.44,29311.105
2025-10-13 21:30:00+00:00,4265.44,4268.85,4257.59,4264.38,21732.604
2025-10-13 21:45:00+00:00,4264.39,4265.27,4253.0,4256.82,23638.836
2025-10-13 22:00:00+00:00,4256.82,4271.03,4253.0,4259.43,44532.505
2025-10-13 22:15:00+00:00,4259.44,4266.89,4249.35,4251.32,33484.599
2025-10-13 22:30:00+00:00,4251.32,4264.32,4249.87,4262.63,23151.857
2025-10-13 22:45:00+00:00,4262.64,4274.9,4259.8,4269.45,24764.935
2025-10-13 23:00:00+00:00,4269.45,4269.46,4251.95,4254.25,29718.887
2025-10-13 23:15:00+00:00,4254.25,4258.87,4247.24,4249.91,26674.829
2025-10-13 23:30:00+00:00,4249.9,4253.9,4232.98,4242.2,48637.286
2025-10-13 23:45:00+00:00,4242.19,4243.0,4235.2,4239.7,29388.985
2025-10-14 00:00:00+00:00,4239.7,4245.86,4233.15,4235.39,30773.923
2025-10-14 00:15:00+00:00,4235.4,4256.39,4233.74,4248.95,34129.9
2025-10-14 00:30:00+00:00,4248.96,4262.0,4242.0,4247.0,40798.457
2025-10-14 00:45:00+00:00,4246.99,4246.99,4225.17,4240.28,45651.51
2025-10-14 01:00:00+00:00,4240.27,4242.58,4200.8,4215.59,128359.262
2025-10-14 01:15:00+00:00,4215.6,4230.22,4212.12,4222.64,46140.538
2025-10-14 01:30:00+00:00,4222.64,4226.96,4212.33,4219.31,29060.453
2025-10-14 01:45:00+00:00,4219.32,4219.32,4201.0,4209.89,35338.699
2025-10-14 02:00:00+00:00,4209.89,4210.6,4191.0,4200.56,58406.52
2025-10-14 02:15:00+00:00,4200.57,4206.12,4181.13,4189.58,72634.469
2025-10-14 02:30:00+00:00,4189.58,4197.69,4176.45,4180.55,52726.57
2025-10-14 02:45:00+00:00,4180.56,4184.89,4165.52,4170.41,60352.197
2025-10-14 03:00:00+00:00,4170.41,4172.66,4138.3,4150.73,117475.885
2025-10-14 03:15:00+00:00,4150.73,4162.62,4135.0,4139.3,72600.75
2025-10-14 03:30:00+00:00,4139.29,4154.94,4136.0,4151.54,52011.687
2025-10-14 03:45:00+00:00,4151.53,4163.63,4148.5,4151.29,54090.606
2025-10-14 04:00:00+00:00,4151.29,4158.44,4136.65,4147.96,53240.184
2025-10-14 04:15:00+00:00,4147.96,4157.0,4138.18,4153.34,53951.068
2025-10-14 04:30:00+00:00,4153.34,4153.51,4114.0,4121.85,99242.994
2025-10-14 04:45:00+00:00,4121.86,4121.86,4084.6,4097.95,140591.002
2025-10-14 05:00:00+00:00,4097.95,4124.56,4095.15,4117.67,98166.451
2025-10-14 05:15:00+00:00,4117.66,4117.66,4093.0,4099.14,70060.68
2025-10-14 05:30:00+00:00,4099.14,4102.48,4054.23,4058.62,160432.875
2025-10-14 05:45:00+00:00,4058.63,4073.22,4053.43,4068.54,77754.836
2025-10-14 06:00:00+00:00,4068.55,4090.31,4062.2,4062.61,94782.512
2025-10-14 06:15:00+00:00,4062.61,4071.35,4041.95,4043.41,106041.291
2025-10-14 06:30:00+00:00,4043.42,4058.28,3988.14,3992.8,233773.821
2025-10-14 06:45:00+00:00,3992.79,4015.0,3964.4,4001.62,272819.968
2025-10-14 07:00:00+00:00,4001.62,4017.04,3983.44,4003.0,129771.418
2025-10-14 07:15:00+00:00,4002.99,4025.04,3993.45,4013.99,105301.269
2025-10-14 07:30:00+00:00,4013.94,4015.6,3974.0,3985.4,135762.753
2025-10-14 07:45:00+00:00,3985.39,3986.51,3966.05,3979.28,101266.845
2025-10-14 08:00:00+00:00,3979.29,3989.62,3950.01,3985.63,188708.529
2025-10-14 08:15:00+00:00,3985.63,3991.82,3963.62,3991.28,85045.338
2025-10-14 08:30:00+00:00,3991.28,4009.99,3990.06,4003.25,107691.658
2025-10-14 08:45:00+00:00,4003.24,4005.57,3978.53,3994.68,66355.151
2025-10-14 09:00:00+00:00,3994.67,4003.99,3986.45,3994.09,57314.196
2025-10-14 09:15:00+00:00,3994.1,4008.37,3987.99,3997.9,51239.108
2025-10-14 09:30:00+00:00,3997.9,4013.42,3990.0,3996.3,56553.495
2025-10-14 09:45:00+00:00,3996.29,3997.57,3968.38,3983.8,80195.155
2025-10-14 10:00:00+00:00,3983.81,3984.88,3957.53,3965.41,65511.056
2025-10-14 10:15:00+00:00,3965.41,3965.47,3915.0,3918.32,213789.455
2025-10-14 10:30:00+00:00,3918.32,3940.82,3885.09,3928.35,252976.867
2025-10-14 10:45:00+00:00,3928.35,3945.81,3916.22,3940.78,80681.43
2025-10-14 11:00:00+00:00,3940.78,3981.3,3939.61,3974.5,156740.624
2025-10-14 11:15:00+00:00,3974.51,3981.0,3963.0,3967.83,59979.01
2025-10-14 11:30:00+00:00,3967.83,3984.0,3964.59,3968.41,47119.807
2025-10-14 11:45:00+00:00,3968.41,3982.0,3965.88,3970.13,30770.104
2025-10-14 12:00:00+00:00,3970.13,3972.42,3950.14,3967.01,76224.399
2025-10-14 12:15:00+00:00,3967.0,3967.81,3936.0,3948.6,80438.445
2025-10-14 12:30:00+00:00,3948.59,3951.67,3929.16,3940.97,64472.884
2025-10-14 12:45:00+00:00,3940.96,3962.57,3931.75,3939.41,63195.373
2025-10-14 13:00:00+00:00,3939.41,3947.37,3922.1,3939.55,50199.208
2025-10-14 13:15:00+00:00,3939.54,3953.8,3922.94,3945.77,58588.796
2025-10-14 13:30:00+00:00,3945.77,3967.62,3890.13,3936.67,269191.801
2025-10-14 13:45:00+00:00,3936.68,3974.37,3926.02,3954.0,169463.308
2025-10-14 14:00:00+00:00,3954.0,3983.26,3938.2,3982.48,129764.8
2025-10-14 14:15:00+00:00,3982.48,4016.06,3965.61,3975.23,250369.502
2025-10-14 14:30:00+00:00,3975.23,3998.33,3950.0,3986.45,112256.959
2025-10-14 14:45:00+00:00,3986.46,4009.85,3965.22,3967.68,84566.507
2025-10-14 15:00:00+00:00,3967.68,3993.48,3958.12,3962.09,62038.828
2025-10-14 15:15:00+00:00,3962.1,3987.99,3948.19,3978.69,64865.091
2025-10-14 15:30:00+00:00,3978.69,4029.99,3976.38,4020.54,122044.687
2025-10-14 15:45:00+00:00,4020.55,4087.7,4020.55,4083.25,227574.88
2025-10-14 16:00:00+00:00,4083.25,4100.0,4055.19,4089.3,143789.024
2025-10-14 16:15:00+00:00,4089.3,4163.25,4085.98,4129.9,286672.76
2025-10-14 16:30:00+00:00,4129.9,4142.74,4107.0,4127.86,102638.644
2025-10-14 16:45:00+00:00,4127.86,4147.24,4075.0,4094.23,168741.666
2025-10-14 17:00:00+00:00,4094.22,4135.26,4042.83,4122.17,244478.996
2025-10-14 17:15:00+00:00,4122.18,4138.96,4107.4,4120.86,63641.832
2025-10-14 17:30:00+00:00,4120.86,4131.93,4089.1,4110.21,86968.726
2025-10-14 17:45:00+00:00,4110.2,4121.51,4097.03,4099.36,47534.638
2025-10-14 18:00:00+00:00,4099.36,4132.53,4094.75,4127.08,53633.508
2025-10-14 18:15:00+00:00,4127.08,4136.4,4110.53,4113.55,45175.979
2025-10-14 18:30:00+00:00,4113.54,4126.09,4091.28,4101.86,40978.925
2025-10-14 18:45:00+00:00,4101.84,4128.54,4098.41,4118.84,31969.454
2025-10-14 19:00:00+00:00,4118.85,4129.0,4112.98,4127.34,21289.327
2025-10-14 19:15:00+00:00,4127.34,4146.56,4125.11,4131.86,38564.593
2025-10-14 19:30:00+00:00,4131.87,4133.68,4046.01,4055.24,255150.178
2025-10-14 19:45:00+00:00,4055.24,4120.93,4048.8,4100.67,123332.056
2025-10-14 20:00:00+00:00,4100.68,4113.03,4067.39,4085.11,70677.364
2025-10-14 20:15:00+00:00,4085.11,4114.4,4083.37,4104.99,36587.736
2025-10-14 20:30:00+00:00,4104.99,4124.77,4096.12,4119.44,38014.364
2025-10-14 20:45:00+00:00,4120.0,4123.16,4110.52,4116.03,14260.847
2025-10-14 21:00:00+00:00,4116.03,4120.98,4090.51,4095.44,21127.579
2025-10-14 21:15:00+00:00,4095.44,4113.23,4095.0,4108.21,12699.29
2025-10-14 21:30:00+00:00,4108.21,4117.62,4097.26,4108.42,10256.958
2025-10-14 21:45:00+00:00,4108.42,4121.7,4100.0,4116.11,10656.758
2025-10-14 22:00:00+00:00,4116.11,4140.23,4115.82,4128.65,34663.053
2025-10-14 22:15:00+00:00,4128.66,4129.46,4119.0,4119.83,11576.054
2025-10-14 22:30:00+00:00,4119.83,4121.53,4107.82,4110.84,16035.4
2025-10-14 22:45:00+00:00,4110.84,4118.53,4099.91,4116.62,16199.709
2025-10-14 23:00:00+00:00,4116.63,4142.99,4115.05,4138.55,26104.44
2025-10-14 23:15:00+00:00,4138.56,4141.45,4130.0,4135.58,15725.363
2025-10-14 23:30:00+00:00,4135.57,4141.0,4132.66,4132.67,12271.954
2025-10-14 23:45:00+00:00,4132.67,4137.74,4119.96,4123.05,19158.255
2025-10-15 00:00:00+00:00,4123.06,4130.88,4108.64,4111.92,34579.251
2025-10-15 00:15:00+00:00,4111.91,4116.88,4096.0,4102.3,47721.178
2025-10-15 00:30:00+00:00,4102.29,4113.0,4091.65,4100.7,39446.189
2025-10-15 00:45:00+00:00,4100.71,4121.7,4100.71,4117.73,26577.114
2025-10-15 01:00:00+00:00,4117.74,4119.56,4084.58,4097.48,64906.41
2025-10-15 01:15:00+00:00,4097.48,4101.4,4083.34,4084.62,24491.741
2025-10-15 01:30:00+00:00,4084.62,4096.9,4080.58,4095.33,34992.014
2025-10-15 01:45:00+00:00,4095.34,4117.69,4090.0,4111.8,35591.439
2025-10-15 02:00:00+00:00,4111.8,4123.45,4105.04,4122.76,32433.599
2025-10-15 02:15:00+00:00,4122.76,4142.33,4117.89,4140.03,55886.436
2025-10-15 02:30:00+00:00,4140.03,4144.49,4120.31,4121.01,24897.905
2025-10-15 02:45:00+00:00,4121.0,4128.99,4113.42,4116.55,26910.771
2025-10-15 03:00:00+00:00,4116.54,4121.73,4093.53,4101.65,47017.709
2025-10-15 03:15:00+00:00,4101.64,4104.04,4081.33,4095.53,40117.993
2025-10-15 03:30:00+00:00,4095.52,4095.9,4068.0,4074.78,40491.329
2025-10-15 03:45:00+00:00,4074.77,4083.85,4059.0,4079.71,39961.238
2025-10-15 04:00:00+00:00,4079.7,4088.33,4070.0,4085.18,25536.262
2025-10-15 04:15:00+00:00,4085.18,4108.55,4084.71,4100.33,34774.063
2025-10-15 04:30:00+00:00,4100.32,4103.72,4090.63,4100.66,22646.446
2025-10-15 04:45:00+00:00,4100.67,4122.9,4097.38,4114.6,42468.267
2025-10-15 05:00:00+00:00,4114.59,4121.44,4109.57,4116.65,28783.952
2025-10-15 05:15:00+00:00,4116.64,4123.39,4100.0,4104.2,29089.312
2025-10-15 05:30:00+00:00,4104.21,4114.79,4091.28,4108.97,32898.24
2025-10-15 05:45:00+00:00,4108.96,4111.54,4096.82,4108.34,14609.533
2025-10-15 06:00:00+00:00,4108.35,4117.42,4086.39,4098.69,41721.382
2025-10-15 06:15:00+00:00,4098.7,4101.0,4071.5,4079.72,54429.152
2025-10-15 06:30:00+00:00,4079.73,4122.0,4075.0,4108.13,69530.95
2025-10-15 06:45:00+00:00,4108.13,4118.24,4103.78,4116.64,24739.957
2025-10-15 07:00:00+00:00,4116.64,4122.76,4101.78,4117.01,30957.701
2025-10-15 07:15:00+00:00,4117.0,4128.17,4110.76,4110.77,29447.92
2025-10-15 07:30:00+00:00,4110.76,4116.14,4105.33,4112.62,15208.971
2025-10-15 07:45:00+00:00,4112.61,4123.0,4109.33,4120.0,19577.37
2025-10-15 08:00:00+00:00,4120.0,4136.78,4117.01,4135.77,35874.735
2025-10-15 08:15:00+00:00,4135.78,4178.74,4129.01,4172.37,128466.642
2025-10-15 08:30:00+00:00,4172.37,4216.12,4170.38,4191.8,176563.47
2025-10-15 08:45:00+00:00,4191.81,4193.52,4176.88,4180.13,45467.336
2025-10-15 09:00:00+00:00,4180.13,4183.0,4168.66,4176.09,40556.373
2025-10-15 09:15:00+00:00,4176.1,4179.02,4143.33,4152.01,81713.424
2025-10-15 09:30:00+00:00,4152.0,4164.71,4136.48,4158.63,75183.497
2025-10-15 09:45:00+00:00,4158.62,4167.89,4146.07,4154.61,27714.562
2025-10-15 10:00:00+00:00,4154.61,4156.03,4142.3,4152.81,23814.689
2025-10-15 10:15:00+00:00,4152.8,4153.01,4112.78,4125.66,117553.721
2025-10-15 10:30:00+00:00,4125.66,4129.92,4110.0,4121.62,49737.136
2025-10-15 10:45:00+00:00,4121.63,4125.68,4115.4,4116.65,22158.669
2025-10-15 11:00:00+00:00,4116.66,4128.87,4108.49,4112.37,40825.491
2025-10-15 11:15:00+00:00,4112.36,4114.52,4085.0,4102.36,95664.195
2025-10-15 11:30:00+00:00,4102.37,4113.85,4095.55,4113.53,29841.687
2025-10-15 11:45:00+00:00,4113.53,4113.9,4094.41,4098.55,25188.493
2025-10-15 12:00:00+00:00,4098.55,4106.09,4088.07,4100.0,37511.333
2025-10-15 12:15:00+00:00,4100.01,4105.44,4066.38,4076.43,67295.811
2025-10-15 12:30:00+00:00,4076.43,4087.6,4073.2,4082.24,51060.538
2025-10-15 12:45:00+00:00,4082.24,4093.84,4079.39,4092.93,38735.516
2025-10-15 13:00:00+00:00,4092.93,4092.94,4066.0,4069.74,48290.351
2025-10-15 13:15:00+00:00,4069.73,4084.93,4065.0,4074.82,27917.034
2025-10-15 13:30:00+00:00,4074.81,4102.0,4053.39,4076.51,140331.779
2025-10-15 13:45:00+00:00,4076.51,4084.63,4016.0,4053.11,274506.847
2025-10-15 14:00:00+00:00,4053.12,4103.58,4051.0,4084.77,133685.201
2025-10-15 14:15:00+00:00,4084.77,4097.99,4070.48,4077.77,62899.752
2025-10-15 14:30:00+00:00,4077.77,4078.83,4030.26,4038.47,107779.661
2025-10-15 14:45:00+00:00,4038.47,4038.69,3990.04,4007.86,171107.501
2025-10-15 15:00:00+00:00,4007.87,4020.0,3986.9,4003.93,111225.953
2025-10-15 15:15:00+00:00,4003.92,4034.88,3989.26,4007.72,105077.001
2025-10-15 15:30:00+00:00,4007.71,4017.93,3972.44,3983.7,126093.921
2025-10-15 15:45:00+00:00,3983.69,3983.69,3957.47,3979.23,118348.463
2025-10-15 16:00:00+00:00,3979.23,3991.0,3964.18,3985.09,90506.147
2025-10-15 16:15:00+00:00,3985.08,4001.32,3972.33,3992.39,65406.96
2025-10-15 16:30:00+00:00,3992.39,3996.45,3977.43,3982.86,40357.581
2025-10-15 16:45:00+00:00,3982.85,3992.75,3971.96,3974.61,34241.507
2025-10-15 17:00:00+00:00,3974.61,3975.22,3933.74,3936.1,150923.258
2025-10-15 17:15:00+00:00,3936.13,3955.84,3926.81,3945.63,95788.447
2025-10-15 17:30:00+00:00,3945.62,3969.97,3933.33,3966.58,63444.346
2025-10-15 17:45:00+00:00,3966.59,3992.48,3966.58,3990.96,72344.984
2025-10-15 18:00:00+00:00,3990.96,3993.72,3967.79,3980.07,54708.605
2025-10-15 18:15:00+00:00,3980.07,4004.0,3979.76,3992.75,71997.843
2025-10-15 18:30:00+00:00,3992.76,3997.56,3976.18,3985.09,41208.221
2025-10-15 18:45:00+00:00,3985.09,4011.56,3982.02,4005.43,37616.122
2025-10-15 19:00:00+00:00,4005.42,4006.71,3977.67,3988.67,33534.774
2025-10-15 19:15:00+00:00,3988.67,4008.17,3983.58,3999.99,52502.124
2025-10-15 19:30:00+00:00,3999.99,4004.87,3978.0,3993.29,36134.94
2025-10-15 19:45:00+00:00,3993.28,3993.28,3969.06,3981.28,51800.289
2025-10-15 20:00:00+00:00,3981.27,3994.79,3979.0,3983.37,30986.998
2025-10-15 20:15:00+00:00,3983.37,3993.37,3954.07,3958.42,39799.088
2025-10-15 20:30:00+00:00,3958.42,3983.85,3935.0,3981.36,119200.972
2025-10-15 20:45:00+00:00,3981.37,3983.5,3958.0,3960.0,28460.125
2025-10-15 21:00:00+00:00,3960.0,3973.0,3925.0,3955.0,65621.291
2025-10-15 21:15:00+00:00,3955.0,3976.0,3942.43,3971.48,31650.602
2025-10-15 21:30:00+00:00,3971.49,3980.73,3962.81,3967.75,34122.554
2025-10-15 21:45:00+00:00,3967.76,3970.88,3937.01,3952.05,37798.585
2025-10-15 22:00:00+00:00,3952.06,3969.21,3949.19,3967.81,32689.364
2025-10-15 22:15:00+00:00,3967.8,3979.4,3960.94,3963.58,33146.274
2025-10-15 22:30:00+00:00,3963.58,3977.86,3962.64,3972.3,24340.602
2025-10-15 22:45:00+00:00,3972.29,3973.66,3950.82,3959.68,32198.49
2025-10-15 23:00:00+00:00,3959.68,3984.14,3951.81,3977.63,30350.666
2025-10-15 23:15:00+00:00,3977.62,3983.2,3964.59,3978.43,26740.07
2025-10-15 23:30:00+00:00,3978.42,3992.3,3974.87,3986.3,35296.26
2025-10-15 23:45:00+00:00,3986.24,3987.31,3976.0,3983.81,17693.345
2025-10-16 00:00:00+00:00,3983.8,3992.57,3973.76,3974.14,33103.543
2025-10-16 00:15:00+00:00,3974.15,3996.21,3973.85,3992.84,24755.333
2025-10-16 00:30:00+00:00,3992.85,3992.85,3977.0,3978.64,22977.2
2025-10-16 00:45:00+00:00,3978.64,3988.77,3976.66,3979.96,19146.64
2025-10-16 01:00:00+00:00,3979.96,4008.72,3978.0,3998.58,44203.82
2025-10-16 01:15:00+00:00,3998.58,4000.87,3986.16,3992.24,27390.577
2025-10-16 01:30:00+00:00,3992.24,4003.33,3988.02,3996.0,25375.804
2025-10-16 01:45:00+00:00,3996.01,4010.0,3991.1,4007.8,32394.283
2025-10-16 02:00:00+00:00,4007.79,4035.0,3998.0,4015.92,89448.983
2025-10-16 02:15:00+00:00,4015.92,4026.09,4013.41,4023.85,38629.871
2025-10-16 02:30:00+00:00,4023.86,4024.96,4009.23,4013.98,30300.479
2025-10-16 02:45:00+00:00,4013.97,4032.45,4012.2,4029.43,33513.502
2025-10-16 03:00:00+00:00,4029.43,4034.61,4020.5,4023.08,22811.042
2025-10-16 03:15:00+00:00,4023.08,4034.65,4019.02,4029.01,22131.028
2025-10-16 03:30:00+00:00,4029.01,4029.01,4019.85,4025.7,15336.847
2025-10-16 03:45:00+00:00,4025.69,4026.15,4009.04,4012.92,22051.164
2025-10-16 04:00:00+00:00,4012.93,4026.96,4010.53,4023.64,20614.779
2025-10-16 04:15:00+00:00,4023.64,4029.39,4022.8,4024.0,11815.917
2025-10-16 04:30:00+00:00,4024.0,4026.4,4003.8,4006.52,25122.313
2025-10-16 04:45:00+00:00,4006.51,4008.59,3990.92,3997.15,55831.77
2025-10-16 05:00:00+00:00,3997.15,4005.25,3988.95,4002.99,31293.354
2025-10-16 05:15:00+00:00,4002.99,4005.0,3993.68,3997.09,17598.275
2025-10-16 05:30:00+00:00,3997.08,4018.84,3997.08,4015.15,31960.122
2025-10-16 05:45:00+00:00,4015.15,4018.0,3976.96,3994.73,43157.358
2025-10-16 06:00:00+00:00,3994.72,4012.77,3992.69,4000.0,28333.112
2025-10-16 06:15:00+00:00,4000.0,4017.0,3998.24,4016.27,21352.692
2025-10-16 06:30:00+00:00,4016.26,4030.0,4016.0,4018.61,39689.995
2025-10-16 06:45:00+00:00,4018.62,4050.0,4018.61,4039.98,65626.627
2025-10-16 07:00:00+00:00,4039.99,4044.19,4024.74,4031.83,30715.504
2025-10-16 07:15:00+00:00,4031.83,4032.4,4000.59,4001.19,54671.125
2025-10-16 07:30:00+00:00,4001.2,4009.21,3997.06,4006.74,29308.627
2025-10-16 07:45:00+00:00,4006.73,4009.44,3992.45,4002.48,43966.861
2025-10-16 08:00:00+00:00,4002.51,4005.12,3989.71,4004.05,29584.961
2025-10-16 08:15:00+00:00,4004.05,4005.95,3991.7,3993.94,15346.446
2025-10-16 08:30:00+00:00,3993.94,4000.18,3980.01,3989.99,42227.042
2025-10-16 08:45:00+00:00,3989.99,3996.19,3985.37,3992.62,19510.934
2025-10-16 09:00:00+00:00,3992.63,4005.88,3989.05,3998.79,22701.52
2025-10-16 09:15:00+00:00,3998.79,4002.52,3986.07,3986.28,19927.695
2025-10-16 09:30:00+00:00,3986.27,4027.05,3937.3,4018.19,238960.271
2025-10-16 09:45:00+00:00,4018.19,4047.0,4013.37,4028.26,166062.591
2025-10-16 10:00:00+00:00,4028.26,4067.29,4027.49,4057.0,98743.532
2025-10-16 10:15:00+00:00,4057.01,4077.54,4045.98,4047.77,90491.37
2025-10-16 10:30:00+00:00,4047.76,4058.3,4042.7,4054.24,36248.578
2025-10-16 10:45:00+00:00,4054.24,4059.5,4044.62,4047.21,26811.168
2025-10-16 11:00:00+00:00,4047.2,4054.0,4035.34,4045.98,46965.822
2025-10-16 11:15:00+00:00,4045.98,4051.09,4033.06,4037.22,29436.919
2025-10-16 11:30:00+00:00,4037.23,4055.0,4031.38,4051.69,36666.61
2025-10-16 11:45:00+00:00,4051.69,4062.27,4048.23,4060.5,26471.022
2025-10-16 12:00:00+00:00,4060.51,4089.34,4045.53,4045.81,78325.314
2025-10-16 12:15:00+00:00,4045.82,4055.19,4038.49,4044.99,34221.765
2025-10-16 12:30:00+00:00,4045.0,4057.97,4037.9,4050.95,37261.504
2025-10-16 12:45:00+00:00,4050.95,4059.85,4047.03,4052.53,23973.922
2025-10-16 13:00:00+00:00,4052.52,4055.0,4041.5,4049.03,22265.1
2025-10-16 13:15:00+00:00,4049.04,4053.19,4032.44,4043.8,42999.329
2025-10-16 13:30:00+00:00,4043.8,4067.66,4039.6,4051.76,77441.345
2025-10-16 13:45:00+00:00,4051.77,4059.02,4001.36,4018.88,119256.347
2025-10-16 14:00:00+00:00,4018.87,4024.77,3981.09,3985.53,116095.624
2025-10-16 14:15:00+00:00,3985.53,3998.98,3965.26,3993.91,139340.37
2025-10-16 14:30:00+00:00,3993.92,4058.0,3993.0,4053.3,166351.654
2025-10-16 14:45:00+00:00,4053.31,4055.95,4009.43,4013.83,95842.015
2025-10-16 15:00:00+00:00,4013.83,4018.75,3982.41,4010.84,98476.55
2025-10-16 15:15:00+00:00,4010.84,4012.56,3970.66,3977.13,77872.402
2025-10-16 15:30:00+00:00,3977.14,3984.46,3942.71,3951.36,149005.224
2025-10-16 15:45:00+00:00,3951.36,3952.51,3890.0,3905.04,303449.768
2025-10-16 16:00:00+00:00,3905.03,3912.85,3868.84,3900.07,225717.188
2025-10-16 16:15:00+00:00,3900.07,3908.45,3865.75,3877.2,131505.381
2025-10-16 16:30:00+00:00,3877.21,3907.27,3855.0,3892.53,163551.208
2025-10-16 16:45:00+00:00,3892.53,3966.29,3883.26,3962.79,174491.952
2025-10-16 17:00:00+00:00,3962.8,3963.32,3924.07,3926.76,145957.625
2025-10-16 17:15:00+00:00,3926.75,3960.31,3925.46,3944.0,78905.45
2025-10-16 17:30:00+00:00,3943.99,3952.61,3918.5,3925.38,52953.439
2025-10-16 17:45:00+00:00,3925.39,3933.59,3914.05,3920.15,55912.904
2025-10-16 18:00:00+00:00,3920.14,3920.71,3876.0,3884.56,116643.139
2025-10-16 18:15:00+00:00,3884.56,3907.1,3877.02,3887.38,67231.244
2025-10-16 18:30:00+00:00,3887.38,3914.9,3879.42,3906.12,66701.422
2025-10-16 18:45:00+00:00,3906.13,3917.86,3890.01,3903.53,53664.346
2025-10-16 19:00:00+00:00,3903.54,3911.51,3877.27,3882.29,47245.796
2025-10-16 19:15:00+00:00,3882.29,3888.38,3858.0,3873.5,68255.345
2025-10-16 19:30:00+00:00,3873.5,3876.53,3850.0,3860.73,95195.114
2025-10-16 19:45:00+00:00,3860.74,3889.88,3851.75,3865.97,67950.029
2025-10-16 20:00:00+00:00,3865.97,3879.87,3856.13,3859.7,33899.069
2025-10-16 20:15:00+00:00,3859.69,3870.47,3850.18,3857.05,23356.756
2025-10-16 20:30:00+00:00,3857.05,3860.24,3822.5,3845.1,116103.561
2025-10-16 20:45:00+00:00,3845.1,3863.0,3837.5,3849.67,52594.091
2025-10-16 21:00:00+00:00,3849.67,3863.24,3838.02,3857.33,43539.881
2025-10-16 21:15:00+00:00,3857.32,3872.19,3853.37,3868.55,34570.693
2025-10-16 21:30:00+00:00,3868.54,3878.13,3864.07,3870.24,28199.084
2025-10-16 21:45:00+00:00,3870.23,3884.0,3868.35,3881.61,20536.236
2025-10-16 22:00:00+00:00,3881.61,3887.33,3863.43,3865.0,36079.079
2025-10-16 22:15:00+00:00,3865.0,3876.64,3861.46,3871.98,15692.038
2025-10-16 22:30:00+00:00,3871.99,3878.23,3866.33,3869.86,14258.623
2025-10-16 22:45:00+00:00,3869.86,3876.63,3861.6,3863.25,16892.9
2025-10-16 23:00:00+00:00,3863.25,3883.6,3858.88,3877.84,25597.092
2025-10-16 23:15:00+00:00,3877.83,3896.25,3877.83,3890.71,46179.527
2025-10-16 23:30:00+00:00,3890.7,3894.2,3882.0,3885.09,16886.574
2025-10-16 23:45:00+00:00,3885.08,3893.75,3881.72,3892.02,12470.732
2025-10-17 00:00:00+00:00,3892.02,3903.63,3886.15,3901.02,26848.259
2025-10-17 00:15:00+00:00,3901.01,3913.4,3896.69,3912.13,33200.982
2025-10-17 00:30:00+00:00,3912.15,3924.0,3906.38,3918.01,44511.786
2025-10-17 00:45:00+00:00,3918.01,3925.79,3912.0,3925.79,23327.11
2025-10-17 01:00:00+00:00,3925.8,3948.06,3920.1,3933.02,64621.714
2025-10-17 01:15:00+00:00,3933.02,3940.74,3924.57,3928.91,25803.937
2025-10-17 01:30:00+00:00,3928.92,3932.0,3907.93,3917.78,45447.059
2025-10-17 01:45:00+00:00,3917.79,3921.7,3904.0,3918.53,25252.444
2025-10-17 02:00:00+00:00,3918.53,3923.34,3906.43,3912.77,26222.377
2025-10-17 02:15:00+00:00,3912.78,3913.63,3896.77,3901.02,28514.025
2025-10-17 02:30:00+00:00,3901.02,3923.77,3899.76,3919.38,27908.855
2025-10-17 02:45:00+00:00,3919.39,3929.52,3913.43,3921.0,23899.99
2025-10-17 03:00:00+00:00,3921.0,3931.03,3917.3,3922.96,23446.178
2025-10-17 03:15:00+00:00,3922.96,3932.14,3922.38,3927.02,14248.859
2025-10-17 03:30:00+00:00,3927.01,3931.09,3920.68,3921.99,14491.645
2025-10-17 03:45:00+00:00,3921.99,3934.13,3921.79,3931.44,13393.461
2025-10-17 04:00:00+00:00,3931.45,3934.73,3923.77,3927.87,13186.075
2025-10-17 04:15:00+00:00,3927.87,3929.76,3916.89,3919.65,14420.751
2025-10-17 04:30:00+00:00,3919.66,3928.38,3916.65,3918.26,15963.774
2025-10-17 04:45:00+00:00,3918.26,3920.81,3908.23,3910.97,27580.011
2025-10-17 05:00:00+00:00,3910.97,3915.81,3906.66,3909.32,28207.748
2025-10-17 05:15:00+00:00,3909.32,3921.55,3904.3,3918.6,23846.834
2025-10-17 05:30:00+00:00,3918.6,3921.41,3896.0,3898.45,36662.611
2025-10-17 05:45:00+00:00,3898.45,3903.37,3891.83,3893.91,42622.184
2025-10-17 06:00:00+00:00,3893.91,3905.28,3888.48,3894.13,32345.028
2025-10-17 06:15:00+00:00,3894.14,3898.24,3861.51,3864.68,87540.58
2025-10-17 06:30:00+00:00,3864.68,3869.77,3823.0,3827.08,171613.275
2025-10-17 06:45:00+00:00,3827.08,3836.39,3806.0,3818.75,138343.195
2025-10-17 07:00:00+00:00,3818.74,3823.17,3767.82,3777.81,247675.021
2025-10-17 07:15:00+00:00,3777.8,3801.98,3776.2,3782.98,106183.48
2025-10-17 07:30:00+00:00,3782.99,3794.74,3762.51,3776.02,103664.927
2025-10-17 07:45:00+00:00,3776.01,3788.99,3751.0,3754.79,134945.143
2025-10-17 08:00:00+00:00,3754.78,3768.73,3734.42,3741.12,184515.197
2025-10-17 08:15:00+00:00,3741.13,3743.6,3704.83,3730.33,238805.206
2025-10-17 08:30:00+00:00,3730.33,3757.73,3720.08,3720.12,126858.398
2025-10-17 08:45:00+00:00,3720.16,3727.13,3702.79,3707.37,95591.842
2025-10-17 09:00:00+00:00,3707.37,3737.99,3695.0,3734.17,127237.38
2025-10-17 09:15:00+00:00,3734.17,3742.96,3721.52,3742.25,64730.085
2025-10-17 09:30:00+00:00,3742.25,3766.66,3740.75,3743.1,133149.251
2025-10-17 09:45:00+00:00,3743.1,3749.46,3722.04,3722.3,61520.391
2025-10-17 10:00:00+00:00,3722.31,3737.13,3698.0,3717.16,96326.289
2025-10-17 10:15:00+00:00,3717.16,3718.0,3671.0,3684.89,197840.712
2025-10-17 10:30:00+00:00,3684.88,3710.0,3678.81,3696.28,88724.525
2025-10-17 10:45:00+00:00,3696.27,3731.47,3694.01,3723.9,108490.771
2025-10-17 11:00:00+00:00,3723.88,3782.59,3718.97,3775.87,214638.403
2025-10-17 11:15:00+00:00,3775.87,3817.4,3774.77,3795.71,258728.015
2025-10-17 11:30:00+00:00,3795.72,3802.36,3765.21,3780.73,130053.164
2025-10-17 11:45:00+00:00,3780.73,3794.55,3767.0,3776.3,54001.589
2025-10-17 12:00:00+00:00,3776.29,3792.56,3769.44,3784.15,52346.716
2025-10-17 12:15:00+00:00,3784.15,3809.66,3779.81,3785.53,54781.724
2025-10-17 12:30:00+00:00,3785.53,3798.0,3777.0,3785.73,38485.397
2025-10-17 12:45:00+00:00,3785.73,3788.19,3769.19,3773.7,45299.585
2025-10-17 13:00:00+00:00,3773.69,3785.77,3756.25,3756.26,60105.997
2025-10-17 13:15:00+00:00,3756.26,3788.0,3754.88,3776.85,66310.839
2025-10-17 13:30:00+00:00,3776.85,3805.0,3738.15,3752.76,156167.319
2025-10-17 13:45:00+00:00,3752.76,3808.0,3738.0,3787.34,166398.145
2025-10-17 14:00:00+00:00,3787.34,3796.83,3753.84,3780.4,100557.307
2025-10-17 14:15:00+00:00,3780.41,3789.64,3750.66,3755.15,79238.939
2025-10-17 14:30:00+00:00,3755.15,3764.54,3712.51,3746.4,229301.061
2025-10-17 14:45:00+00:00,3746.39,3781.76,3743.69,3749.1,151172.366
2025-10-17 15:00:00+00:00,3749.09,3772.44,3745.0,3746.0,64031.402
2025-10-17 15:15:00+00:00,3746.01,3780.0,3745.01,3768.94,58496.45
2025-10-17 15:30:00+00:00,3768.94,3785.73,3742.6,3769.26,88552.562
2025-10-17 15:45:00+00:00,3769.25,3799.74,3768.6,3796.02,76772.113
2025-10-17 16:00:00+00:00,3796.03,3844.05,3793.29,3820.01,185916.1
2025-10-17 16:15:00+00:00,3820.0,3839.47,3801.84,3811.73,114899.146
2025-10-17 16:30:00+00:00,3811.73,3818.5,3786.86,3795.79,74833.327
2025-10-17 16:45:00+00:00,3795.8,3811.37,3777.0,3786.64,59159.783
2025-10-17 17:00:00+00:00,3786.65,3805.14,3780.85,3797.47,45638.671
2025-10-17 17:15:00+00:00,3797.47,3801.44,3778.08,3790.76,30330.086
2025-10-17 17:30:00+00:00,3790.76,3813.57,3785.0,3802.28,42130.851
2025-10-17 17:45:00+00:00,3802.29,3825.0,3787.44,3815.65,61767.188
2025-10-17 18:00:00+00:00,3815.66,3828.65,3812.0,3813.53,42896.667
2025-10-17 18:15:00+00:00,3813.53,3838.86,3810.19,3833.5,41858.481
2025-10-17 18:30:00+00:00,3833.51,3848.0,3828.56,3836.2,46847.433
2025-10-17 18:45:00+00:00,3836.21,3841.45,3823.84,3833.82,33017.732
2025-10-17 19:00:00+00:00,3833.83,3846.57,3830.16,3843.17,30452.328
2025-10-17 19:15:00+00:00,3843.16,3849.01,3825.64,3830.71,26807.292
2025-10-17 19:30:00+00:00,3830.71,3830.71,3812.52,3820.48,29585.143
2025-10-17 19:45:00+00:00,3820.48,3831.95,3816.51,3826.16,23253.489
2025-10-17 20:00:00+00:00,3826.15,3841.89,3816.0,3839.54,28019.731
2025-10-17 20:15:00+00:00,3839.55,3862.41,3837.1,3856.27,45666.572
2025-10-17 20:30:00+00:00,3856.27,3858.63,3842.88,3849.59,24760.638
2025-10-17 20:45:00+00:00,3849.59,3862.68,3848.4,3855.57,19037.966
2025-10-17 21:00:00+00:00,3855.95,3881.57,3851.26,3870.2,63749.248
2025-10-17 21:15:00+00:00,3870.19,3882.0,3865.8,3874.57,33765.236
2025-10-17 21:30:00+00:00,3874.58,3877.21,3862.0,3874.01,19270.096
2025-10-17 21:45:00+00:00,3874.01,3879.0,3870.0,3874.53,10315.312
2025-10-17 22:00:00+00:00,3874.53,3880.83,3860.29,3861.89,22717.358
2025-10-17 22:15:00+00:00,3861.89,3868.75,3856.61,3867.17,15545.439
2025-10-17 22:30:00+00:00,3867.17,3868.09,3844.51,3847.54,47434.577
2025-10-17 22:45:00+00:00,3847.55,3853.2,3847.5,3852.37,11135.062
2025-10-17 23:00:00+00:00,3852.37,3853.0,3840.23,3842.17,15646.964
2025-10-17 23:15:00+00:00,3842.17,3846.61,3836.1,3837.43,19961.807
2025-10-17 23:30:00+00:00,3837.44,3843.39,3833.94,3836.79,13010.578
2025-10-17 23:45:00+00:00,3836.78,3839.02,3826.97,3829.99,19117.105
2025-10-18 00:00:00+00:00,3830.0,3834.74,3818.01,3820.45,32822.843
2025-10-18 00:15:00+00:00,3820.45,3842.16,3817.21,3838.33,33849.672
2025-10-18 00:30:00+00:00,3838.32,3842.53,3828.9,3840.65,18202.072
2025-10-18 00:45:00+00:00,3840.66,3841.34,3833.2,3838.5,10112.379
2025-10-18 01:00:00+00:00,3838.49,3850.92,3837.9,3846.32,26226.4
2025-10-18 01:15:00+00:00,3846.31,3873.98,3842.4,3872.69,42167.955
2025-10-18 01:30:00+00:00,3872.68,3876.82,3861.0,3862.57,20976.099
2025-10-18 01:45:00+00:00,3862.57,3869.23,3858.0,3866.31,13670.21
2025-10-18 02:00:00+00:00,3866.32,3880.63,3856.59,3860.22,43170.671
2025-10-18 02:15:00+00:00,3860.22,3866.86,3852.26,3864.72,22317.589
2025-10-18 02:30:00+00:00,3864.73,3867.84,3852.47,3853.73,15240.455
2025-10-18 02:45:00+00:00,3853.72,3855.0,3843.99,3849.51,19184.208
2025-10-18 03:00:00+00:00,3849.5,3860.61,3847.79,3859.39,11507.3
2025-10-18 03:15:00+00:00,3859.4,3869.9,3855.8,3869.9,18031.072
2025-10-18 03:30:00+00:00,3869.9,3877.55,3865.79,3867.56,23754.624
2025-10-18 03:45:00+00:00,3867.56,3873.73,3866.0,3869.0,13983.636
2025-10-18 04:00:00+00:00,3868.99,3869.0,3846.51,3850.55,42594.975
2025-10-18 04:15:00+00:00,3850.55,3856.42,3845.42,3854.65,19047.413
2025-10-18 04:30:00+00:00,3854.65,3855.62,3840.05,3842.34,22590.26
2025-10-18 04:45:00+00:00,3842.34,3845.4,3838.81,3842.14,12129.856
2025-10-18 05:00:00+00:00,3842.15,3853.82,3840.6,3853.35,20470.463
2025-10-18 05:15:00+00:00,3853.35,3858.57,3850.81,3852.68,17870.026
2025-10-18 05:30:00+00:00,3852.69,3862.57,3845.41,3861.31,20282.166
2025-10-18 05:45:00+00:00,3861.31,3867.13,3861.31,3865.08,22732.526
2025-10-18 06:00:00+00:00,3865.09,3874.8,3860.73,3872.96,22851.461
2025-10-18 06:15:00+00:00,3872.95,3874.08,3864.46,3867.29,14382.481
2025-10-18 06:30:00+00:00,3867.3,3871.29,3859.17,3862.99,13103.788
2025-10-18 06:45:00+00:00,3862.99,3872.97,3861.37,3870.69,11920.388
2025-10-18 07:00:00+00:00,3870.68,3926.0,3870.19,3907.79,141530.824
2025-10-18 07:15:00+00:00,3907.79,3908.37,3881.6,3891.72,61115.778
2025-10-18 07:30:00+00:00,3891.72,3903.0,3886.2,3897.73,32281.634
2025-10-18 07:45:00+00:00,3897.72,3906.25,3880.87,3890.47,38225.608
2025-10-18 08:00:00+00:00,3890.46,3903.8,3887.19,3896.14,22969.116
2025-10-18 08:15:00+00:00,3896.14,3896.14,3883.88,3885.58,15107.796
2025-10-18 08:30:00+00:00,3885.58,3890.37,3881.0,3881.7,17614.461
2025-10-18 08:45:00+00:00,3881.69,3886.69,3872.9,3874.55,29151.2
2025-10-18 09:00:00+00:00,3874.54,3881.64,3870.1,3872.3,21821.15
2025-10-18 09:15:00+00:00,3872.31,3885.05,3863.17,3883.43,34028.071
2025-10-18 09:30:00+00:00,3883.44,3885.5,3873.0,3876.96,13985.072
2025-10-18 09:45:00+00:00,3876.95,3878.9,3868.85,3876.39,19778.951
2025-10-18 10:00:00+00:00,3876.38,3877.29,3864.92,3865.92,14763.259
2025-10-18 10:15:00+00:00,3865.92,3876.2,3860.15,3872.29,21966.534
2025-10-18 10:30:00+00:00,3872.29,3892.73,3871.57,3888.1,31132.618
2025-10-18 10:45:00+00:00,3888.1,3888.1,3866.97,3874.76,22192.606
2025-10-18 11:00:00+00:00,3874.75,3875.39,3868.46,3875.13,12272.735
2025-10-18 11:15:00+00:00,3875.13,3882.0,3868.13,3871.23,15030.559
2025-10-18 11:30:00+00:00,3871.24,3877.6,3866.99,3877.59,10866.178
2025-10-18 11:45:00+00:00,3877.6,3881.66,3872.02,3880.78,10052.049
2025-10-18 12:00:00+00:00,3880.78,3887.84,3875.42,3884.49,12326.443
2025-10-18 12:15:00+00:00,3884.48,3892.5,3873.33,3878.31,23730.768
2025-10-18 12:30:00+00:00,3878.3,3879.25,3871.47,3878.77,10858.059
2025-10-18 12:45:00+00:00,3878.76,3883.87,3876.8,3881.44,6209.726
2025-10-18 13:00:00+00:00,3881.44,3881.81,3865.91,3872.4,22018.64
2025-10-18 13:15:00+00:00,3872.41,3874.0,3861.23,3872.16,16833.016
2025-10-18 13:30:00+00:00,3872.16,3872.16,3853.41,3859.76,29938.653
2025-10-18 13:45:00+00:00,3859.76,3869.66,3855.5,3863.99,17403.502
2025-10-18 14:00:00+00:00,3863.99,3873.8,3846.11,3852.92,36988.331
2025-10-18 14:15:00+00:00,3852.91,3867.37,3852.91,3865.08,15076.803
2025-10-18 14:30:00+00:00,3865.09,3880.33,3865.09,3869.39,29086.476
2025-10-18 14:45:00+00:00,3869.4,3879.0,3868.03,3872.34,20072.406
2025-10-18 15:00:00+00:00,3872.33,3878.64,3868.53,3870.4,17404.606
2025-10-18 15:15:00+00:00,3870.4,3878.88,3869.72,3872.29,9560.075
2025-10-18 15:30:00+00:00,3872.29,3872.29,3862.14,3871.79,20235.651
2025-10-18 15:45:00+00:00,3871.79,3878.2,3871.47,3875.99,9739.503
2025-10-18 16:00:00+00:00,3876.0,3881.0,3869.02,3874.02,15936.624
2025-10-18 16:15:00+00:00,3874.03,3875.93,3860.65,3866.39,15792.754
2025-10-18 16:30:00+00:00,3866.38,3866.39,3851.95,3853.1,30795.788
2025-10-18 16:45:00+00:00,3853.11,3867.34,3852.48,3863.99,20803.216
2025-10-18 17:00:00+00:00,3864.0,3869.33,3857.0,3868.9,13962.024
2025-10-18 17:15:00+00:00,3868.9,3890.0,3868.32,3885.01,48509.705
2025-10-18 17:30:00+00:00,3885.0,3886.52,3875.81,3878.29,21872.941
2025-10-18 17:45:00+00:00,3878.29,3898.0,3875.61,3892.1,26530.261
2025-10-18 18:00:00+00:00,3892.1,3897.9,3883.62,3884.95,17475.676
2025-10-18 18:15:00+00:00,3884.95,3888.28,3881.18,3887.48,12361.979
2025-10-18 18:30:00+00:00,3887.49,3892.41,3886.62,3887.85,7458.627
2025-10-18 18:45:00+00:00,3887.85,3888.7,3883.39,3886.82,9066.774
2025-10-18 19:00:00+00:00,3886.81,3890.39,3881.0,3884.39,6968.804
2025-10-18 19:15:00+00:00,3884.39,3892.39,3884.08,3888.54,8845.001
2025-10-18 19:30:00+00:00,3888.54,3889.08,3885.0,3887.48,5477.008
2025-10-18 19:45:00+00:00,3887.48,3893.61,3886.74,3891.6,6145.22
2025-10-18 20:00:00+00:00,3891.61,3897.55,3885.26,3885.35,13689.808
2025-10-18 20:15:00+00:00,3885.35,3899.98,3883.69,3898.01,18319.981
2025-10-18 20:30:00+00:00,3898.01,3907.92,3890.67,3892.79,24046.908
2025-10-18 20:45:00+00:00,3892.79,3897.09,3884.0,3884.01,16022.191
2025-10-18 21:00:00+00:00,3884.0,3886.66,3867.32,3876.99,26482.474
2025-10-18 21:15:00+00:00,3877.0,3886.86,3868.18,3886.86,10849.053
2025-10-18 21:30:00+00:00,3886.86,3894.85,3882.95,3888.56,12779.741
2025-10-18 21:45:00+00:00,3888.56,3895.2,3886.16,3890.15,7785.602
2025-10-18 22:00:00+00:00,3890.16,3892.86,3881.86,3884.32,8776.52
2025-10-18 22:15:00+00:00,3884.32,3892.24,3883.4,3890.02,4962.088
2025-10-18 22:30:00+00:00,3890.03,3893.43,3887.36,3889.06,4777.663
2025-10-18 22:45:00+00:00,3889.07,3889.07,3881.14,3884.01,5358.86
2025-10-18 23:00:00+00:00,3884.0,3887.67,3879.52,3884.38,7520.434
2025-10-18 23:15:00+00:00,3884.38,3886.24,3878.87,3884.62,6625.416
2025-10-18 23:30:00+00:00,3884.62,3888.31,3883.26,3884.3,7643.02
2025-10-18 23:45:00+00:00,3884.3,3887.95,3883.49,3887.01,6581.092
2025-10-19 00:00:00+00:00,3887.01,3890.61,3880.04,3882.69,15018.433
2025-10-19 00:15:00+00:00,3882.68,3887.62,3878.02,3879.51,12099.387
2025-10-19 00:30:00+00:00,3879.51,3880.46,3860.4,3865.62,30047.333
2025-10-19 00:45:00+00:00,3865.62,3869.1,3860.59,3867.08,20184.756
2025-10-19 01:00:00+00:00,3867.09,3867.48,3853.53,3858.0,25051.194
2025-10-19 01:15:00+00:00,3857.99,3871.22,3856.76,3869.97,19039.355
2025-10-19 01:30:00+00:00,3869.97,3871.33,3862.88,3868.16,5290.635
2025-10-19 01:45:00+00:00,3868.17,3875.57,3867.44,3872.67,10505.081
2025-10-19 02:00:00+00:00,3872.68,3874.1,3863.66,3865.56,9909.863
2025-10-19 02:15:00+00:00,3865.55,3872.05,3863.31,3867.0,10189.636
2025-10-19 02:30:00+00:00,3866.99,3871.33,3864.92,3867.26,5986.18
2025-10-19 02:45:00+00:00,3867.25,3872.52,3864.78,3871.49,6589.382
2025-10-19 03:00:00+00:00,3871.5,3873.66,3866.93,3867.37,9168.165
2025-10-19 03:15:00+00:00,3867.37,3886.35,3867.37,3884.36,23105.929
2025-10-19 03:30:00+00:00,3884.35,3902.01,3884.35,3897.65,40813.683
2025-10-19 03:45:00+00:00,3897.64,3905.73,3893.35,3904.7,29162.555
2025-10-19 04:00:00+00:00,3904.7,3907.06,3889.0,3893.48,32618.746
2025-10-19 04:15:00+00:00,3893.48,3899.39,3892.44,3898.69,13541.081
2025-10-19 04:30:00+00:00,3898.7,3901.95,3896.0,3897.52,9986.057
2025-10-19 04:45:00+00:00,3897.52,3901.48,3896.14,3901.48,8911.833
2025-10-19 05:00:00+00:00,3901.48,3903.75,3898.79,3900.45,11902.505
2025-10-19 05:15:00+00:00,3900.46,3919.48,3899.68,3904.28,48115.721
2025-10-19 05:30:00+00:00,3904.28,3910.49,3897.68,3900.8,14944.103
2025-10-19 05:45:00+00:00,3900.79,3900.79,3892.0,3895.0,23900.474
2025-10-19 06:00:00+00:00,3895.0,3899.1,3886.55,3887.96,19117.835
2025-10-19 06:15:00+00:00,3887.96,3890.0,3883.34,3886.45,17468.194
2025-10-19 06:30:00+00:00,3886.45,3886.73,3873.72,3878.38,33829.987
2025-10-19 06:45:00+00:00,3878.38,3880.95,3871.5,3879.36,23050.764
2025-10-19 07:00:00+00:00,3879.36,3885.89,3875.16,3884.72,17109.075
2025-10-19 07:15:00+00:00,3884.73,3888.96,3880.55,3881.96,11402.005
2025-10-19 07:30:00+00:00,3881.96,3892.0,3876.91,3879.94,14088.584
2025-10-19 07:45:00+00:00,3879.93,3886.71,3877.0,3886.7,7500.359
2025-10-19 08:00:00+00:00,3886.7,3895.51,3883.18,3886.32,26323.428
2025-10-19 08:15:00+00:00,3886.31,3960.0,3810.0,3873.57,423490.867
2025-10-19 08:30:00+00:00,3873.58,3873.58,3858.0,3861.28,63638.655
2025-10-19 08:45:00+00:00,3861.29,3872.81,3856.4,3861.22,36831.141
2025-10-19 09:00:00+00:00,3861.23,3864.01,3847.0,3859.62,68982.44
2025-10-19 09:15:00+00:00,3859.62,3867.48,3850.04,3852.68,36574.792
2025-10-19 09:30:00+00:00,3852.69,3905.91,3852.1,3895.14,84528.665
2025-10-19 09:45:00+00:00,3895.14,3929.99,3888.77,3911.26,126562.226
2025-10-19 10:00:00+00:00,3911.26,3925.5,3896.85,3908.41,47837.426
2025-10-19 10:15:00+00:00,3908.41,3948.39,3905.0,3933.16,79620.454
2025-10-19 10:30:00+00:00,3933.17,3934.74,3916.86,3922.94,56910.893
2025-10-19 10:45:00+00:00,3922.93,3929.88,3915.11,3929.58,24388.946
2025-10-19 11:00:00+00:00,3929.57,3950.0,3929.14,3944.3,63227.285
2025-10-19 11:15:00+00:00,3944.3,3950.0,3923.24,3928.98,38918.307
2025-10-19 11:30:00+00:00,3928.98,3932.99,3920.8,3921.36,17774.22
2025-10-19 11:45:00+00:00,3921.36,3925.28,3913.38,3922.2,26546.505
2025-10-19 12:00:00+00:00,3922.21,3928.48,3913.57,3915.92,29263.554
2025-10-19 12:15:00+00:00,3915.92,3920.48,3910.0,3912.85,21820.277
2025-10-19 12:30:00+00:00,3912.85,3921.85,3906.76,3913.86,25273.141
2025-10-19 12:45:00+00:00,3913.86,3922.45,3910.44,3920.86,11122.123
2025-10-19 13:00:00+00:00,3920.86,3924.27,3911.98,3915.92,11665.686
2025-10-19 13:15:00+00:00,3915.92,3925.0,3913.32,3924.1,12862.004
2025-10-19 13:30:00+00:00,3924.09,3948.0,3923.38,3944.39,54228.185
2025-10-19 13:45:00+00:00,3944.4,3988.24,3941.88,3970.25,109978.169
2025-10-19 14:00:00+00:00,3970.24,3971.73,3952.38,3965.99,63652.585
2025-10-19 14:15:00+00:00,3965.99,4001.0,3960.79,3989.87,125350.741
2025-10-19 14:30:00+00:00,3989.87,3995.0,3968.76,3980.12,99234.33
2025-10-19 14:45:00+00:00,3980.08,3990.0,3976.8,3987.29,26005.142
2025-10-19 15:00:00+00:00,3987.3,3991.0,3975.51,3979.8,32397.139
2025-10-19 15:15:00+00:00,3979.8,3988.41,3975.01,3979.99,27755.901
2025-10-19 15:30:00+00:00,3979.99,3981.19,3971.57,3973.53,18800.613
2025-10-19 15:45:00+00:00,3973.53,3980.0,3973.28,3977.55,10513.539
2025-10-19 16:00:00+00:00,3977.54,3978.66,3966.0,3968.39,30173.996
2025-10-19 16:15:00+00:00,3968.38,3971.24,3961.24,3967.22,23480.715
2025-10-19 16:30:00+00:00,3967.22,3986.2,3957.0,3983.33,43026.729
2025-10-19 16:45:00+00:00,3983.32,3986.83,3976.0,3979.19,24973.423
2025-10-19 17:00:00+00:00,3979.2,4026.31,3978.58,4009.82,175225.794
2025-10-19 17:15:00+00:00,4009.83,4015.86,3986.66,3987.61,80133.958
2025-10-19 17:30:00+00:00,3987.61,3994.08,3983.86,3988.93,24147.149
2025-10-19 17:45:00+00:00,3988.93,3994.0,3983.03,3991.44,17104.617
2025-10-19 18:00:00+00:00,3991.44,4005.26,3986.3,3990.47,20607.947
2025-10-19 18:15:00+00:00,3990.48,3996.05,3984.34,3991.8,12534.995
2025-10-19 18:30:00+00:00,3991.8,4002.83,3989.33,3999.56,15588.025
2025-10-19 18:45:00+00:00,3999.56,4003.38,3997.48,3999.6,9576.459
2025-10-19 19:00:00+00:00,3999.6,4003.4,3975.86,3987.76,28723.663
2025-10-19 19:15:00+00:00,3987.76,3990.18,3984.0,3990.17,14334.247
2025-10-19 19:30:00+00:00,3990.17,3990.18,3977.63,3983.34,16343.367
2025-10-19 19:45:00+00:00,3983.34,3988.63,3976.6,3984.63,14552.108
2025-10-19 20:00:00+00:00,3984.63,3986.42,3976.25,3977.3,20108.625
2025-10-19 20:15:00+00:00,3977.3,3982.93,3971.76,3982.93,11537.157
2025-10-19 20:30:00+00:00,3982.93,3984.64,3978.6,3981.91,5931.04
2025-10-19 20:45:00+00:00,3981.91,4002.1,3981.9,3999.16,23311.762
2025-10-19 21:00:00+00:00,3999.16,4002.95,3993.55,4000.87,21501.02
2025-10-19 21:15:00+00:00,4000.87,4001.19,3984.58,3984.61,11571.575
2025-10-19 21:30:00+00:00,3984.61,3993.35,3982.53,3989.39,7248.32
2025-10-19 21:45:00+00:00,3989.39,3996.74,3986.77,3995.65,7102.476
2025-10-19 22:00:00+00:00,3995.65,4008.97,3986.74,4002.64,30682.669
2025-10-19 22:15:00+00:00,4002.63,4018.87,4000.24,4013.47,30613.63
2025-10-19 22:30:00+00:00,4013.47,4021.42,4009.06,4020.89,20775.916
2025-10-19 22:45:00+00:00,4020.89,4030.0,4016.57,4018.54,25892.849
2025-10-19 23:00:00+00:00,4018.55,4018.55,3997.18,4000.83,39048.2
2025-10-19 23:15:00+00:00,4000.83,4000.84,3990.16,3992.25,17139.959
2025-10-19 23:30:00+00:00,3992.24,3995.54,3967.0,3974.66,49800.054
2025-10-19 23:45:00+00:00,3974.66,3985.36,3972.77,3980.59,23647.458
2025-10-20 00:00:00+00:00,3980.6,3980.77,3953.43,3954.85,56227.08
2025-10-20 00:15:00+00:00,3954.85,3959.4,3919.6,3924.32,110350.151
2025-10-20 00:30:00+00:00,3924.32,3941.88,3906.89,3931.58,93960.032
2025-10-20 00:45:00+00:00,3931.59,3944.62,3926.49,3940.25,34221.582
2025-10-20 01:00:00+00:00,3940.24,3951.82,3927.97,3941.45,46337.082
2025-10-20 01:15:00+00:00,3941.45,3952.71,3937.65,3946.01,21583.731
2025-10-20 01:30:00+00:00,3946.0,3950.0,3933.8,3942.23,17339.364
2025-10-20 01:45:00+00:00,3942.23,3948.72,3934.85,3936.14,18414.046
2025-10-20 02:00:00+00:00,3936.14,3936.14,3917.23,3926.59,45012.244
2025-10-20 02:15:00+00:00,3926.59,3949.0,3923.68,3944.88,32194.132
2025-10-20 02:30:00+00:00,3944.88,3962.03,3940.0,3956.46,46583.993
2025-10-20 02:45:00+00:00,3956.46,3965.26,3950.32,3954.82,25908.962
2025-10-20 03:00:00+00:00,3954.84,3955.91,3945.82,3955.06,18268.335
2025-10-20 03:15:00+00:00,3955.05,3967.55,3953.46,3960.41,19754.41
2025-10-20 03:30:00+00:00,3960.42,3985.7,3953.05,3977.72,46055.137
2025-10-20 03:45:00+00:00,3977.72,4040.0,3973.3,4025.88,141489.074
2025-10-20 04:00:00+00:00,4025.87,4047.09,4023.39,4033.36,80530.18
2025-10-20 04:15:00+00:00,4033.35,4037.97,4021.42,4029.31,40932.773
2025-10-20 04:30:00+00:00,4029.32,4044.09,4029.31,4038.88,41886.653
2025-10-20 04:45:00+00:00,4038.88,4054.74,4033.94,4052.88,54522.404
2025-10-20 05:00:00+00:00,4052.87,4054.39,4040.21,4052.18,41348.029
2025-10-20 05:15:00+00:00,4052.19,4054.49,4042.47,4051.88,30092.941
2025-10-20 05:30:00+00:00,4051.88,4063.82,4050.17,4056.99,50090.236
2025-10-20 05:45:00+00:00,4057.0,4073.81,4052.55,4059.26,59843.765
2025-10-20 06:00:00+00:00,4059.26,4078.14,4054.84,4068.56,49612.764
2025-10-20 06:15:00+00:00,4068.56,4085.0,4067.27,4071.93,48442.999
2025-10-20 06:30:00+00:00,4071.94,4082.24,4070.97,4079.48,34500.731
2025-10-20 06:45:00+00:00,4079.49,4081.48,4071.89,4073.06,24248.418
2025-10-20 07:00:00+00:00,4073.05,4074.4,4060.55,4071.37,52543.951
2025-10-20 07:15:00+00:00,4071.38,4075.66,4065.84,4066.99,19349.406
2025-10-20 07:30:00+00:00,4066.99,4068.01,4055.31,4058.79,33400.656
2025-10-20 07:45:00+00:00,4058.79,4060.0,4050.37,4053.36,34013.308
2025-10-20 08:00:00+00:00,4053.35,4055.93,4037.02,4046.57,48121.005
2025-10-20 08:15:00+00:00,4046.58,4047.93,4031.82,4047.35,51731.933
2025-10-20 08:30:00+00:00,4047.35,4069.89,4040.37,4049.4,74881.543
2025-10-20 08:45:00+00:00,4049.41,4058.62,4038.81,4043.81,23330.211
2025-10-20 09:00:00+00:00,4043.81,4050.39,4034.09,4046.14,33225.325
2025-10-20 09:15:00+00:00,4046.15,4047.25,4033.42,4038.17,27694.66
2025-10-20 09:30:00+00:00,4038.17,4042.55,4032.99,4039.5,13996.519
2025-10-20 09:45:00+00:00,4039.5,4045.0,4034.78,4042.94,21744.969
2025-10-20 10:00:00+00:00,4042.94,4049.8,4036.37,4043.54,23628.242
2025-10-20 10:15:00+00:00,4043.54,4049.47,4040.01,4047.09,22116.996
2025-10-20 10:30:00+00:00,4047.08,4051.64,4033.87,4037.11,23624.076
2025-10-20 10:45:00+00:00,4037.1,4037.1,4013.4,4024.31,89743.648
2025-10-20 11:00:00+00:00,4024.31,4025.28,4011.16,4014.38,37077.286
2025-10-20 11:15:00+00:00,4014.38,4031.81,4010.58,4030.01,43267.701
2025-10-20 11:30:00+00:00,4030.01,4032.0,4023.09,4028.56,18450.47
2025-10-20 11:45:00+00:00,4028.56,4039.88,4027.74,4032.83,36226.998
2025-10-20 12:00:00+00:00,4032.83,4033.06,4022.51,4027.35,26676.769
2025-10-20 12:15:00+00:00,4027.35,4037.76,4024.41,4034.33,18334.852
2025-10-20 12:30:00+00:00,4034.34,4037.74,4025.0,4026.53,17481.698
2025-10-20 12:45:00+00:00,4026.53,4036.23,4023.91,4035.89,14545.562
2025-10-20 13:00:00+00:00,4035.89,4039.76,4028.0,4028.0,24406.559
2025-10-20 13:15:00+00:00,4028.0,4033.27,4016.39,4024.51,42418.076
2025-10-20 13:30:00+00:00,4024.51,4042.57,4023.68,4031.82,56781.736
2025-10-20 13:45:00+00:00,4031.81,4043.13,4025.6,4037.42,44270.019
2025-10-20 14:00:00+00:00,4037.42,4041.67,4023.48,4025.35,33015.169
2025-10-20 14:15:00+00:00,4025.35,4047.04,4010.2,4042.37,72281.349
2025-10-20 14:30:00+00:00,4042.36,4044.6,4023.39,4029.23,44806.81
2025-10-20 14:45:00+00:00,4029.23,4042.69,4029.03,4037.55,27864.392
2025-10-20 15:00:00+00:00,4037.57,4048.96,4022.22,4022.22,49002.091
2025-10-20 15:15:00+00:00,4022.36,4027.5,4015.0,4022.24,52853.517
2025-10-20 15:30:00+00:00,4022.23,4029.97,4017.72,4027.92,21395.164
2025-10-20 15:45:00+00:00,4027.91,4041.0,4001.0,4002.73,102895.284
2025-10-20 16:00:00+00:00,4002.73,4002.73,3933.0,3973.73,269082.019
2025-10-20 16:15:00+00:00,3973.73,3978.7,3951.86,3962.79,68042.283
2025-10-20 16:30:00+00:00,3962.79,3962.79,3930.2,3935.85,140393.785
2025-10-20 16:45:00+00:00,3935.85,3953.48,3924.05,3947.76,103096.219
2025-10-20 17:00:00+00:00,3947.76,3963.49,3938.01,3940.44,90430.914
2025-10-20 17:15:00+00:00,3940.44,3950.22,3931.39,3937.06,33701.022
2025-10-20 17:30:00+00:00,3937.06,3939.56,3920.3,3927.39,43410.947
2025-10-20 17:45:00+00:00,3927.4,3954.43,3926.69,3949.56,57358.888
2025-10-20 18:00:00+00:00,3949.56,3959.59,3946.12,3950.89,22238.676
2025-10-20 18:15:00+00:00,3950.89,3959.86,3944.0,3958.43,20060.398
2025-10-20 18:30:00+00:00,3958.43,3964.95,3954.4,3961.61,25104.368
2025-10-20 18:45:00+00:00,3961.61,3974.97,3960.95,3972.28,32017.393
2025-10-20 19:00:00+00:00,3972.28,3976.81,3960.42,3965.65,25780.394
2025-10-20 19:15:00+00:00,3965.65,3974.45,3957.45,3972.6,21292.08
2025-10-20 19:30:00+00:00,3972.61,3988.0,3971.46,3983.0,38543.808
2025-10-20 19:45:00+00:00,3983.0,3990.43,3977.56,3978.78,30094.337
2025-10-20 20:00:00+00:00,3978.76,3988.76,3972.25,3986.96,21395.247
2025-10-20 20:15:00+00:00,3986.96,3995.33,3981.56,3984.75,24400.866
2025-10-20 20:30:00+00:00,3984.74,3991.66,3980.0,3991.65,10219.54
2025-10-20 20:45:00+00:00,3991.65,3996.8,3988.0,3996.77,12490.647
2025-10-20 21:00:00+00:00,3996.77,4001.96,3990.28,3991.02,27882.206
2025-10-20 21:15:00+00:00,3991.02,3991.6,3976.25,3985.39,24094.857
2025-10-20 21:30:00+00:00,3985.39,3986.64,3970.57,3978.24,16879.295
2025-10-20 21:45:00+00:00,3978.25,3978.25,3968.74,3975.28,12922.463
2025-10-20 22:00:00+00:00,3975.28,3983.93,3968.88,3983.3,23000.242
2025-10-20 22:15:00+00:00,3983.3,3986.77,3979.0,3979.56,8988.28
2025-10-20 22:30:00+00:00,3979.56,3989.53,3978.57,3988.82,8184.719
2025-10-20 22:45:00+00:00,3988.81,3989.64,3981.85,3987.0,9199.212
2025-10-20 23:00:00+00:00,3987.01,3992.07,3976.57,3978.71,10076.595
2025-10-20 23:15:00+00:00,3978.71,3986.41,3975.0,3986.41,9195.689
2025-10-20 23:30:00+00:00,3986.41,3987.72,3976.79,3979.6,10473.934
2025-10-20 23:45:00+00:00,3979.61,3983.1,3973.82,3977.54,7193.185
2025-10-21 00:00:00+00:00,3977.54,3977.55,3959.81,3963.03,25123.164
2025-10-21 00:15:00+00:00,3963.03,3977.0,3963.03,3975.9,18004.95
2025-10-21 00:30:00+00:00,3975.89,3984.68,3969.0,3979.72,13519.941
2025-10-21 00:45:00+00:00,3979.72,3980.19,3970.2,3970.51,8333.124
2025-10-21 01:00:00+00:00,3970.5,3972.46,3952.14,3955.2,32073.743
2025-10-21 01:15:00+00:00,3955.21,3964.08,3952.87,3961.73,13015.84
2025-10-21 01:30:00+00:00,3961.73,3963.1,3950.53,3956.5,18374.162
2025-10-21 01:45:00+00:00,3956.5,3959.52,3933.0,3946.56,65300.157
2025-10-21 02:00:00+00:00,3946.56,3949.51,3926.2,3936.4,40455.717
2025-10-21 02:15:00+00:00,3936.4,3938.18,3923.0,3936.33,36721.806
2025-10-21 02:30:00+00:00,3936.32,3946.08,3932.67,3937.34,29407.766
2025-10-21 02:45:00+00:00,3937.34,3940.26,3927.86,3929.71,23420.632
2025-10-21 03:00:00+00:00,3929.71,3936.38,3926.52,3931.84,18185.606
2025-10-21 03:15:00+00:00,3931.83,3941.86,3928.53,3934.15,16426.982
2025-10-21 03:30:00+00:00,3934.16,3939.43,3931.24,3933.78,11884.388
2025-10-21 03:45:00+00:00,3933.79,3933.79,3918.0,3921.41,39035.63
2025-10-21 04:00:00+00:00,3921.42,3921.42,3864.92,3877.09,226800.442
2025-10-21 04:15:00+00:00,3877.09,3878.54,3865.52,3875.34,48024.217
2025-10-21 04:30:00+00:00,3875.33,3875.54,3851.22,3856.16,80145.194
2025-10-21 04:45:00+00:00,3856.16,3859.51,3841.5,3849.22,82407.34
2025-10-21 05:00:00+00:00,3849.22,3856.81,3838.21,3854.36,58226.501
2025-10-21 05:15:00+00:00,3854.36,3864.98,3849.42,3861.76,58762.172
2025-10-21 05:30:00+00:00,3861.77,3868.0,3846.63,3864.07,72112.859
2025-10-21 05:45:00+00:00,3864.07,3872.22,3858.44,3862.04,43397.343
2025-10-21 06:00:00+00:00,3862.04,3863.3,3853.26,3862.19,22202.538
2025-10-21 06:15:00+00:00,3862.18,3884.73,3860.61,3878.96,50122.915
2025-10-21 06:30:00+00:00,3878.96,3888.66,3877.76,3880.38,38691.4
2025-10-21 06:45:00+00:00,3880.37,3890.95,3879.13,3885.01,29454.183
2025-10-21 07:00:00+00:00,3885.0,3887.55,3873.33,3873.34,28464.704
2025-10-21 07:15:00+00:00,3873.34,3891.76,3873.33,3890.46,22597.55
2025-10-21 07:30:00+00:00,3890.45,3895.0,3886.0,3886.89,26495.057
2025-10-21 07:45:00+00:00,3886.9,3894.08,3886.15,3890.52,14357.711
2025-10-21 08:00:00+00:00,3890.53,3891.42,3873.88,3877.0,37256.5
2025-10-21 08:15:00+00:00,3877.0,3884.32,3870.31,3877.82,21928.579
2025-10-21 08:30:00+00:00,3877.82,3878.03,3851.51,3856.56,59064.068
2025-10-21 08:45:00+00:00,3856.56,3873.25,3850.02,3866.39,44984.85
2025-10-21 09:00:00+00:00,3866.4,3866.86,3855.0,3864.4,27215.779
2025-10-21 09:15:00+00:00,3864.4,3873.24,3859.28,3868.48,22252.883
2025-10-21 09:30:00+00:00,3868.49,3871.78,3861.17,3864.26,15922.242
2025-10-21 09:45:00+00:00,3864.26,3868.18,3859.44,3862.76,11944.927
2025-10-21 10:00:00+00:00,3862.75,3872.0,3860.0,3868.25,16802.285
2025-10-21 10:15:00+00:00,3868.26,3872.1,3858.0,3859.95,17660.4
2025-10-21 10:30:00+00:00,3859.95,3880.43,3859.95,3871.18,26163.538
2025-10-21 10:45:00+00:00,3871.18,3896.0,3871.17,3882.28,70006.743
2025-10-21 11:00:00+00:00,3882.27,3883.0,3868.0,3873.57,31002.661
2025-10-21 11:15:00+00:00,3873.57,3885.41,3869.21,3881.63,25245.336
2025-10-21 11:30:00+00:00,3881.63,3893.0,3878.33,3886.24,27638.968
2025-10-21 11:45:00+00:00,3886.24,3892.99,3886.23,3888.33,15238.003
2025-10-21 12:00:00+00:00,3888.34,3891.08,3882.82,3886.14,15995.462
2025-10-21 12:15:00+00:00,3886.15,3917.0,3885.64,3902.83,77545.877
2025-10-21 12:30:00+00:00,3902.83,3914.27,3897.25,3913.61,31026.419
2025-10-21 12:45:00+00:00,3913.61,3914.89,3874.52,3878.89,89251.395
2025-10-21 13:00:00+00:00,3878.89,3891.79,3858.96,3880.0,74698.38
2025-10-21 13:15:00+00:00,3880.0,3885.66,3873.95,3883.43,27872.176
2025-10-21 13:30:00+00:00,3883.43,3897.77,3866.93,3875.61,66046.376
2025-10-21 13:45:00+00:00,3875.61,3875.61,3850.2,3864.78,87148.326
2025-10-21 14:00:00+00:00,3864.77,3925.75,3863.4,3925.48,160657.192
2025-10-21 14:15:00+00:00,3925.48,3956.3,3911.23,3912.56,222351.339
2025-10-21 14:30:00+00:00,3912.56,3938.2,3912.42,3928.92,70266.753
2025-10-21 14:45:00+00:00,3928.91,4023.58,3919.97,4019.95,288676.719
2025-10-21 15:00:00+00:00,4019.95,4045.97,3994.51,4030.99,255974.215
2025-10-21 15:15:00+00:00,4030.99,4068.83,4020.02,4053.0,157155.533
2025-10-21 15:30:00+00:00,4053.0,4074.17,4035.9,4073.19,111039.53
2025-10-21 15:45:00+00:00,4073.19,4083.78,4060.74,4080.41,111029.847
2025-10-21 16:00:00+00:00,4080.41,4095.58,4062.75,4084.39,157148.124
2025-10-21 16:15:00+00:00,4084.39,4108.41,4080.4,4096.64,111092.804
2025-10-21 16:30:00+00:00,4096.65,4108.0,4082.13,4087.59,146508.926
2025-10-21 16:45:00+00:00,4087.59,4101.72,4017.34,4028.02,224682.084
2025-10-21 17:00:00+00:00,4028.04,4039.34,4003.0,4013.24,208081.637
2025-10-21 17:15:00+00:00,4013.23,4016.93,3963.19,4006.39,261730.737
2025-10-21 17:30:00+00:00,4006.39,4032.87,3993.6,4023.91,100662.238
2025-10-21 17:45:00+00:00,4023.91,4028.82,4007.19,4013.0,55422.575
2025-10-21 18:00:00+00:00,4013.01,4021.85,3972.66,3984.28,82033.053
2025-10-21 18:15:00+00:00,3984.24,3998.84,3975.55,3988.43,52336.79
2025-10-21 18:30:00+00:00,3988.42,3994.65,3976.5,3991.32,48508.262
2025-10-21 18:45:00+00:00,3991.32,4014.44,3990.97,4011.85,42206.047
2025-10-21 19:00:00+00:00,4011.85,4020.99,4007.7,4019.58,23921.758
2025-10-21 19:15:00+00:00,4019.58,4020.45,3996.35,3999.5,31307.646
2025-10-21 19:30:00+00:00,3999.49,4006.7,3993.84,4004.09,19143.885
2025-10-21 19:45:00+00:00,4004.09,4012.2,3991.39,3994.04,20198.389
2025-10-21 20:00:00+00:00,3994.03,3999.31,3972.4,3978.34,40900.846
2025-10-21 20:15:00+00:00,3978.34,3979.84,3934.0,3950.55,120333.291
2025-10-21 20:30:00+00:00,3950.55,3958.08,3941.36,3953.29,23007.933
2025-10-21 20:45:00+00:00,3953.29,3957.76,3941.18,3952.27,24070.752
2025-10-21 21:00:00+00:00,3952.26,3964.63,3947.7,3961.38,18803.811
2025-10-21 21:15:00+00:00,3961.39,3962.98,3887.01,3928.19,133434.044
2025-10-21 21:30:00+00:00,3928.19,3947.41,3924.86,3946.71,27810.234
2025-10-21 21:45:00+00:00,3946.71,3953.54,3940.0,3943.69,17513.017
2025-10-21 22:00:00+00:00,3943.7,3947.91,3918.12,3932.92,32023.08
2025-10-21 22:15:00+00:00,3932.91,3943.28,3907.5,3910.38,52786.924
2025-10-21 22:30:00+00:00,3910.39,3922.0,3890.33,3911.07,109742.023
2025-10-21 22:45:00+00:00,3911.08,3924.12,3895.65,3899.4,38475.261
2025-10-21 23:00:00+00:00,3899.4,3905.89,3888.53,3899.29,33794.605
2025-10-21 23:15:00+00:00,3899.28,3909.31,3888.48,3892.59,30092.838
2025-10-21 23:30:00+00:00,3892.58,3892.59,3855.55,3869.08,115643.249
2025-10-21 23:45:00+00:00,3869.07,3879.32,3865.49,3871.11,33432.853
2025-10-22 00:00:00+00:00,3871.11,3887.45,3860.0,3884.11,53590.521
2025-10-22 00:15:00+00:00,3884.11,3884.11,3851.47,3858.39,35690.929
2025-10-22 00:30:00+00:00,3858.39,3869.99,3815.37,3836.64,165307.051
2025-10-22 00:45:00+00:00,3836.65,3847.13,3836.65,3840.39,25989.617
2025-10-22 01:00:00+00:00,3840.39,3864.86,3839.01,3863.58,57758.573
2025-10-22 01:15:00+00:00,3863.57,3863.58,3844.31,3854.53,31086.27
2025-10-22 01:30:00+00:00,3854.54,3861.3,3846.0,3860.5,18301.2
2025-10-22 01:45:00+00:00,3860.5,3873.18,3853.38,3867.95,40679.83
2025-10-22 02:00:00+00:00,3867.95,3874.94,3863.36,3874.83,29090.182
2025-10-22 02:15:00+00:00,3874.48,3874.56,3865.1,3871.82,16153.287
2025-10-22 02:30:00+00:00,3871.81,3871.82,3860.57,3863.7,18569.372
2025-10-22 02:45:00+00:00,3863.7,3865.3,3858.79,3859.39,23345.187
2025-10-22 03:00:00+00:00,3859.38,3859.65,3838.81,3841.68,43775.758
2025-10-22 03:15:00+00:00,3841.68,3862.17,3840.0,3858.11,28934.163
2025-10-22 03:30:00+00:00,3858.1,3860.01,3845.28,3849.77,29037.952
2025-10-22 03:45:00+00:00,3849.77,3858.52,3848.14,3858.14,16024.751
2025-10-22 04:00:00+00:00,3858.13,3871.63,3856.0,3868.62,26082.033
2025-10-22 04:15:00+00:00,3868.62,3872.36,3861.46,3863.25,20301.739
2025-10-22 04:30:00+00:00,3863.25,3882.93,3862.75,3876.71,44777.705
2025-10-22 04:45:00+00:00,3876.71,3878.88,3873.5,3876.92,17586.213
2025-10-22 05:00:00+00:00,3876.93,3880.32,3863.46,3864.99,23456.926
2025-10-22 05:15:00+00:00,3864.99,3866.62,3835.69,3848.13,58895.568
2025-10-22 05:30:00+00:00,3848.12,3853.01,3839.05,3847.3,37844.898
2025-10-22 05:45:00+00:00,3847.29,3863.63,3843.42,3858.85,33945.221
2025-10-22 06:00:00+00:00,3858.86,3860.91,3851.59,3860.13,14330.273
2025-10-22 06:15:00+00:00,3860.14,3866.22,3852.48,3858.5,21160.582
2025-10-22 06:30:00+00:00,3858.49,3869.0,3858.06,3865.12,18180.614
2025-10-22 06:45:00+00:00,3865.12,3865.12,3851.0,3851.54,13026.928
2025-10-22 07:00:00+00:00,3851.54,3853.38,3840.0,3841.04,32809.917
2025-10-22 07:15:00+00:00,3841.04,3860.18,3841.02,3859.26,29745.697
2025-10-22 07:30:00+00:00,3859.26,3866.78,3853.96,3860.19,19919.875
2025-10-22 07:45:00+00:00,3860.19,3875.0,3856.31,3866.87,33062.668
2025-10-22 08:00:00+00:00,3866.88,3867.47,3853.5,3853.93,18048.247
2025-10-22 08:15:00+00:00,3853.93,3862.0,3846.89,3856.76,30967.778
2025-10-22 08:30:00+00:00,3856.76,3860.21,3849.59,3859.59,12035.474
2025-10-22 08:45:00+00:00,3859.6,3862.0,3849.6,3852.4,16681.91
2025-10-22 09:00:00+00:00,3852.4,3856.97,3842.52,3843.88,20836.611
2025-10-22 09:15:00+00:00,3843.87,3850.61,3822.2,3848.65,68614.534
2025-10-22 09:30:00+00:00,3848.66,3856.83,3830.12,3833.79,44220.124
2025-10-22 09:45:00+00:00,3833.8,3842.59,3826.0,3835.63,31635.388
2025-10-22 10:00:00+00:00,3835.64,3848.15,3828.64,3842.75,26628.078
2025-10-22 10:15:00+00:00,3842.75,3847.07,3832.16,3836.19,20710.679
2025-10-22 10:30:00+00:00,3836.19,3840.62,3826.33,3831.98,26812.517
2025-10-22 10:45:00+00:00,3831.97,3836.91,3815.0,3818.83,60918.129
2025-10-22 11:00:00+00:00,3818.83,3828.11,3765.0,3823.63,267266.9
2025-10-22 11:15:00+00:00,3823.63,3837.82,3805.81,3821.71,106881.559
2025-10-22 11:30:00+00:00,3821.7,3837.05,3821.7,3825.36,42452.093
2025-10-22 11:45:00+00:00,3825.35,3829.61,3813.15,3827.02,46574.28
2025-10-22 12:00:00+00:00,3827.03,3833.0,3818.8,3830.96,40422.776
2025-10-22 12:15:00+00:00,3830.97,3853.21,3830.97,3842.71,81886.274
2025-10-22 12:30:00+00:00,3842.72,3855.35,3838.41,3848.42,33515.514
2025-10-22 12:45:00+00:00,3848.41,3849.05,3840.62,3844.79,20008.957
2025-10-22 13:00:00+00:00,3844.78,3864.91,3836.0,3857.13,57470.681
2025-10-22 13:15:00+00:00,3857.12,3857.13,3846.61,3848.86,24931.62
2025-10-22 13:30:00+00:00,3848.85,3858.64,3822.65,3840.0,129383.763
2025-10-22 13:45:00+00:00,3840.0,3875.56,3830.11,3871.31,130896.416
2025-10-22 14:00:00+00:00,3871.3,3873.58,3831.13,3840.12,81721.052
2025-10-22 14:15:00+00:00,3840.12,3848.84,3782.0,3810.5,229745.611
2025-10-22 14:30:00+00:00,3810.5,3818.36,3792.11,3794.24,100164.344
2025-10-22 14:45:00+00:00,3794.26,3852.35,3777.03,3852.35,148413.631
2025-10-22 15:00:00+00:00,3852.35,3863.44,3823.08,3825.99,123567.67
2025-10-22 15:15:00+00:00,3825.99,3826.78,3788.5,3803.22,107248.938
2025-10-22 15:30:00+00:00,3803.22,3844.21,3797.05,3838.88,82698.719
2025-10-22 15:45:00+00:00,3838.88,3846.14,3828.49,3839.73,46860.742
2025-10-22 16:00:00+00:00,3839.72,3851.63,3826.86,3838.1,53636.79
2025-10-22 16:15:00+00:00,3838.09,3845.14,3811.07,3839.15,72712.276
2025-10-22 16:30:00+00:00,3839.15,3859.64,3809.1,3842.56,153865.54
2025-10-22 16:45:00+00:00,3842.57,3854.7,3830.78,3834.23,43163.889
2025-10-22 17:00:00+00:00,3834.24,3841.7,3824.05,3832.48,33680.527
2025-10-22 17:15:00+00:00,3832.49,3834.0,3819.29,3824.67,28846.855
2025-10-22 17:30:00+00:00,3824.67,3838.56,3810.0,3813.3,31408.195
2025-10-22 17:45:00+00:00,3813.3,3822.54,3792.56,3805.88,54683.833
2025-10-22 18:00:00+00:00,3805.88,3820.43,3805.0,3806.16,31142.537
2025-10-22 18:15:00+00:00,3806.13,3820.0,3790.0,3807.83,65222.915
2025-10-22 18:30:00+00:00,3807.83,3811.5,3793.15,3797.59,37602.486
2025-10-22 18:45:00+00:00,3797.58,3802.47,3791.0,3801.13,22485.749
2025-10-22 19:00:00+00:00,3801.14,3826.66,3795.89,3818.17,39786.145
2025-10-22 19:15:00+00:00,3818.18,3825.5,3808.8,3812.36,24271.717
2025-10-22 19:30:00+00:00,3812.37,3822.57,3804.14,3804.59,36957.959
2025-10-22 19:45:00+00:00,3804.6,3809.28,3780.0,3802.52,64794.877
2025-10-22 20:00:00+00:00,3802.53,3809.09,3792.6,3796.4,31677.817
2025-10-22 20:15:00+00:00,3796.41,3796.42,3775.0,3782.43,37167.821
2025-10-22 20:30:00+00:00,3782.42,3800.78,3768.0,3799.14,46553.63
2025-10-22 20:45:00+00:00,3799.15,3799.39,3768.27,3779.44,27406.081
2025-10-22 21:00:00+00:00,3779.44,3780.7,3706.31,3741.14,216077.113
2025-10-22 21:15:00+00:00,3741.14,3751.39,3719.72,3721.74,64689.184
2025-10-22 21:30:00+00:00,3721.73,3747.57,3716.78,3740.39,38110.61
2025-10-22 21:45:00+00:00,3740.39,3755.53,3735.61,3742.54,45235.082
2025-10-22 22:00:00+00:00,3742.53,3760.62,3739.35,3756.35,42344.554
2025-10-22 22:15:00+00:00,3756.35,3757.73,3730.51,3735.77,31423.898
2025-10-22 22:30:00+00:00,3735.77,3753.43,3734.15,3750.52,21847.092
2025-10-22 22:45:00+00:00,3750.52,3754.73,3739.01,3750.13,30712.094
2025-10-22 23:00:00+00:00,3750.13,3773.86,3748.47,3770.73,51387.94
2025-10-22 23:15:00+00:00,3770.74,3809.47,3770.0,3793.92,88690.368
2025-10-22 23:30:00+00:00,3793.92,3816.71,3793.92,3794.49,66237.718
2025-10-22 23:45:00+00:00,3794.49,3810.0,3794.48,3803.93,22417.064
2025-10-23 00:00:00+00:00,3803.94,3810.53,3794.89,3810.0,30991.797
2025-10-23 00:15:00+00:00,3810.0,3818.0,3800.99,3805.82,26383.739
2025-10-23 00:30:00+00:00,3805.81,3815.24,3803.6,3806.26,15225.131
2025-10-23 00:45:00+00:00,3806.27,3820.53,3803.8,3813.92,23209.013
2025-10-23 01:00:00+00:00,3813.93,3835.32,3810.95,3826.11,28030.484
2025-10-23 01:15:00+00:00,3826.11,3832.29,3810.02,3818.36,39454.137
2025-10-23 01:30:00+00:00,3818.35,3825.44,3816.35,3823.11,23064.436
2025-10-23 01:45:00+00:00,3823.11,3826.5,3818.15,3819.47,20902.487
2025-10-23 02:00:00+00:00,3819.46,3820.56,3813.0,3819.12,11924.681
2025-10-23 02:15:00+00:00,3819.12,3827.0,3819.12,3824.35,12758.66
2025-10-23 02:30:00+00:00,3824.36,3833.0,3824.36,3829.17,15862.511
2025-10-23 02:45:00+00:00,3829.17,3829.47,3816.98,3824.0,38505.016
2025-10-23 03:00:00+00:00,3823.99,3828.67,3821.76,3822.59,14303.661
2025-10-23 03:15:00+00:00,3822.59,3832.96,3822.43,3830.81,14565.449
2025-10-23 03:30:00+00:00,3830.81,3833.0,3823.41,3823.89,11514.175
2025-10-23 03:45:00+00:00,3823.88,3828.0,3820.5,3825.18,11569.968
2025-10-23 04:00:00+00:00,3825.19,3832.88,3820.61,3821.22,12346.282
2025-10-23 04:15:00+00:00,3821.22,3832.48,3820.51,3828.6,19016.085
2025-10-23 04:30:00+00:00,3828.61,3846.99,3823.4,3842.69,35644.046
2025-10-23 04:45:00+00:00,3842.68,3844.26,3833.68,3834.01,20636.437
2025-10-23 05:00:00+00:00,3834.01,3841.68,3832.69,3840.47,14629.105
2025-10-23 05:15:00+00:00,3840.47,3841.99,3836.02,3839.2,12848.481
2025-10-23 05:30:00+00:00,3839.2,3840.16,3835.0,3835.0,8589.204
2025-10-23 05:45:00+00:00,3835.0,3848.42,3834.13,3845.97,17995.48
2025-10-23 06:00:00+00:00,3845.97,3853.0,3841.89,3852.25,26389.716
2025-10-23 06:15:00+00:00,3852.26,3888.88,3852.25,3874.55,136581.346
2025-10-23 06:30:00+00:00,3874.55,3881.95,3869.63,3877.87,36292.856
2025-10-23 06:45:00+00:00,3877.88,3896.0,3876.45,3889.78,49914.557
2025-10-23 07:00:00+00:00,3889.78,3890.81,3876.42,3877.78,40355.567
2025-10-23 07:15:00+00:00,3877.78,3879.88,3868.61,3877.03,45787.211
2025-10-23 07:30:00+00:00,3877.03,3888.0,3872.42,3881.5,39457.495
2025-10-23 07:45:00+00:00,3881.49,3886.66,3877.81,3879.76,24280.126
2025-10-23 08:00:00+00:00,3879.76,3897.0,3879.54,3892.77,40623.223
2025-10-23 08:15:00+00:00,3892.76,3905.47,3886.92,3894.73,43213.818
2025-10-23 08:30:00+00:00,3894.74,3903.35,3884.89,3889.7,45144.148
2025-10-23 08:45:00+00:00,3889.7,3897.18,3883.3,3885.72,26542.881
2025-10-23 09:00:00+00:00,3885.71,3887.59,3873.3,3873.99,37287.068
2025-10-23 09:15:00+00:00,3874.0,3886.6,3873.36,3886.23,37030.732
2025-10-23 09:30:00+00:00,3886.22,3888.36,3880.6,3882.61,15109.269
2025-10-23 09:45:00+00:00,3882.6,3889.87,3879.68,3888.88,20171.351
2025-10-23 10:00:00+00:00,3888.88,3900.33,3888.7,3897.59,27251.428
2025-10-23 10:15:00+00:00,3897.59,3903.89,3893.0,3893.29,36066.499
2025-10-23 10:30:00+00:00,3893.29,3894.19,3874.58,3880.38,66054.89
2025-10-23 10:45:00+00:00,3880.37,3883.46,3875.53,3875.66,25926.556
2025-10-23 11:00:00+00:00,3875.66,3879.9,3870.67,3873.96,20864.575
2025-10-23 11:15:00+00:00,3873.96,3886.43,3857.34,3880.49,49086.627
2025-10-23 11:30:00+00:00,3880.48,3881.63,3862.0,3864.44,39805.306
2025-10-23 11:45:00+00:00,3864.45,3867.66,3857.14,3861.86,29740.11
2025-10-23 12:00:00+00:00,3861.86,3861.87,3835.0,3844.09,97776.431
2025-10-23 12:15:00+00:00,3844.08,3857.9,3840.5,3855.22,29872.408
2025-10-23 12:30:00+00:00,3855.23,3855.23,3839.47,3849.91,31806.111
2025-10-23 12:45:00+00:00,3849.91,3855.89,3843.0,3851.59,31620.319
2025-10-23 13:00:00+00:00,3851.59,3852.77,3831.33,3844.86,45488.46
2025-10-23 13:15:00+00:00,3844.87,3849.0,3839.28,3845.09,26686.133
2025-10-23 13:30:00+00:00,3845.1,3866.22,3831.98,3844.52,102478.972
2025-10-23 13:45:00+00:00,3844.52,3856.86,3833.72,3850.4,63349.972
2025-10-23 14:00:00+00:00,3850.41,3853.2,3809.59,3813.72,126989.825
2025-10-23 14:15:00+00:00,3813.73,3834.41,3807.01,3826.58,84036.586
2025-10-23 14:30:00+00:00,3826.59,3851.62,3823.72,3836.84,71364.9
2025-10-23 14:45:00+00:00,3836.85,3847.0,3834.0,3846.12,34868.59
2025-10-23 15:00:00+00:00,3846.11,3875.2,3841.17,3863.62,97578.094
2025-10-23 15:15:00+00:00,3863.62,3868.4,3844.37,3860.71,55912.341
2025-10-23 15:30:00+00:00,3860.71,3881.23,3855.86,3858.64,73353.38
2025-10-23 15:45:00+00:00,3858.64,3885.88,3856.0,3874.87,57785.487
2025-10-23 16:00:00+00:00,3874.87,3882.62,3863.13,3876.29,50960.664
2025-10-23 16:15:00+00:00,3876.3,3880.63,3868.57,3872.52,23994.302
2025-10-23 16:30:00+00:00,3872.52,3880.6,3865.57,3879.02,28407.61
2025-10-23 16:45:00+00:00,3879.03,3933.4,3879.02,3916.36,149914.593
2025-10-23 17:00:00+00:00,3916.36,3918.9,3874.19,3884.99,153602.621
2025-10-23 17:15:00+00:00,3885.0,3891.14,3880.5,3885.52,23923.654
2025-10-23 17:30:00+00:00,3885.52,3922.08,3883.7,3909.56,92009.209
2025-10-23 17:45:00+00:00,3909.56,3926.26,3909.56,3919.39,53709.878
2025-10-23 18:00:00+00:00,3919.38,3920.76,3889.0,3892.65,68119.257
2025-10-23 18:15:00+00:00,3892.64,3899.09,3882.57,3885.79,41261.672
2025-10-23 18:30:00+00:00,3885.79,3886.15,3869.03,3874.18,47329.039
2025-10-23 18:45:00+00:00,3874.17,3875.86,3856.66,3868.64,43492.409
2025-10-23 19:00:00+00:00,3868.64,3869.56,3842.81,3854.01,61507.704
2025-10-23 19:15:00+00:00,3854.0,3866.9,3845.0,3866.24,28628.831
2025-10-23 19:30:00+00:00,3866.24,3866.52,3854.72,3856.43,14460.719
2025-10-23 19:45:00+00:00,3856.42,3868.57,3852.78,3857.69,15907.313
2025-10-23 20:00:00+00:00,3857.69,3858.44,3832.01,3840.29,48637.217
2025-10-23 20:15:00+00:00,3840.29,3851.12,3839.64,3849.66,16044.965
2025-10-23 20:30:00+00:00,3849.65,3852.76,3842.38,3847.55,14207.785
2025-10-23 20:45:00+00:00,3847.55,3849.68,3816.88,3827.57,45197.649
2025-10-23 21:00:00+00:00,3827.57,3834.72,3819.71,3834.46,28037.498
2025-10-23 21:15:00+00:00,3834.46,3835.71,3825.33,3825.75,12440.872
2025-10-23 21:30:00+00:00,3825.74,3832.34,3820.0,3822.01,16661.353
2025-10-23 21:45:00+00:00,3822.0,3830.2,3821.73,3826.71,8355.609
2025-10-23 22:00:00+00:00,3826.7,3848.08,3824.45,3838.77,33206.816
2025-10-23 22:15:00+00:00,3838.77,3844.25,3833.96,3842.75,15131.395
2025-10-23 22:30:00+00:00,3842.75,3855.32,3842.31,3845.51,25083.312
2025-10-23 22:45:00+00:00,3845.5,3851.88,3842.57,3848.79,14034.409
2025-10-23 23:00:00+00:00,3848.8,3853.71,3843.24,3853.46,14905.892
2025-10-23 23:15:00+00:00,3853.45,3859.48,3847.13,3852.55,18968.372
2025-10-23 23:30:00+00:00,3852.54,3855.91,3848.26,3854.15,11412.159
2025-10-23 23:45:00+00:00,3854.16,3858.47,3850.0,3855.21,14466.309
2025-10-24 00:00:00+00:00,3855.22,3858.88,3846.0,3854.11,32948.98
2025-10-24 00:15:00+00:00,3854.1,3862.32,3846.0,3847.28,22293.611
2025-10-24 00:30:00+00:00,3847.27,3865.0,3844.02,3860.43,22384.701
2025-10-24 00:45:00+00:00,3860.43,3875.4,3860.43,3865.6,36832.002
2025-10-24 01:00:00+00:00,3865.61,3873.7,3865.61,3871.47,17331.496
2025-10-24 01:15:00+00:00,3871.47,3871.47,3856.0,3859.73,19683.267
2025-10-24 01:30:00+00:00,3859.74,3875.13,3858.48,3874.74,13033.96
2025-10-24 01:45:00+00:00,3874.74,3881.85,3874.09,3879.59,16834.344
2025-10-24 02:00:00+00:00,3879.6,3881.71,3874.0,3875.38,10761.384
2025-10-24 02:15:00+00:00,3875.38,3881.0,3868.78,3873.92,11897.795
2025-10-24 02:30:00+00:00,3873.92,3886.76,3873.92,3885.72,23826.341
2025-10-24 02:45:00+00:00,3885.72,3895.19,3882.47,3887.39,26611.84
2025-10-24 03:00:00+00:00,3887.39,3890.53,3880.31,3883.69,20968.385
2025-10-24 03:15:00+00:00,3883.68,3889.33,3881.44,3884.3,9505.18
2025-10-24 03:30:00+00:00,3884.29,3884.48,3878.69,3882.26,17307.349
2025-10-24 03:45:00+00:00,3882.25,3890.49,3876.8,3889.43,23732.931
2025-10-24 04:00:00+00:00,3889.44,3898.0,3884.32,3897.58,25922.005
2025-10-24 04:15:00+00:00,3897.58,3919.3,3895.41,3917.12,63242.516
2025-10-24 04:30:00+00:00,3917.13,3966.0,3916.81,3961.76,163203.942
2025-10-24 04:45:00+00:00,3961.76,3978.95,3956.73,3972.85,81340.412
2025-10-24 05:00:00+00:00,3972.84,3975.91,3955.2,3968.56,73391.039
2025-10-24 05:15:00+00:00,3968.56,3970.83,3957.38,3966.99,30864.749
2025-10-24 05:30:00+00:00,3966.99,3977.89,3962.55,3971.96,33616.793
2025-10-24 05:45:00+00:00,3971.95,3988.0,3970.16,3972.71,44595.787
2025-10-24 06:00:00+00:00,3972.72,3974.57,3961.52,3967.14,38258.489
2025-10-24 06:15:00+00:00,3967.14,3983.2,3962.26,3983.18,29152.062
2025-10-24 06:30:00+00:00,3983.19,3984.0,3976.86,3978.25,29543.37
2025-10-24 06:45:00+00:00,3978.25,3986.33,3975.23,3980.86,24580.937
2025-10-24 07:00:00+00:00,3980.87,3982.56,3971.6,3972.06,28532.732
2025-10-24 07:15:00+00:00,3972.06,3974.75,3966.16,3970.7,26405.29
2025-10-24 07:30:00+00:00,3970.7,3972.22,3945.0,3946.89,74685.242
2025-10-24 07:45:00+00:00,3946.89,3949.02,3933.0,3947.64,88552.535
2025-10-24 08:00:00+00:00,3947.65,3949.67,3929.16,3941.39,49848.493
2025-10-24 08:15:00+00:00,3941.39,3941.57,3932.06,3934.33,23224.122
2025-10-24 08:30:00+00:00,3934.33,3953.92,3928.11,3952.77,51125.301
2025-10-24 08:45:00+00:00,3952.78,3964.04,3948.09,3951.0,50262.548
2025-10-24 09:00:00+00:00,3951.0,3964.78,3947.7,3960.99,38854.204
2025-10-24 09:15:00+00:00,3960.99,3967.42,3956.4,3965.58,22281.36
2025-10-24 09:30:00+00:00,3965.59,3966.1,3954.27,3960.63,19025.339
2025-10-24 09:45:00+00:00,3960.63,3963.0,3952.3,3956.87,12295.642
2025-10-24 10:00:00+00:00,3956.87,3963.0,3950.16,3962.6,17830.531
2025-10-24 10:15:00+00:00,3962.6,3963.36,3945.3,3947.46,19403.399
2025-10-24 10:30:00+00:00,3947.46,3955.77,3947.46,3953.7,12236.697
2025-10-24 10:45:00+00:00,3953.7,3957.41,3951.68,3954.94,10730.03
2025-10-24 11:00:00+00:00,3954.95,3962.21,3951.0,3960.28,12789.181
2025-10-24 11:15:00+00:00,3960.27,3962.68,3951.09,3953.7,11850.097
2025-10-24 11:30:00+00:00,3953.69,3953.69,3924.0,3945.22,56224.804
2025-10-24 11:45:00+00:00,3945.23,3949.2,3938.46,3945.0,20337.073
2025-10-24 12:00:00+00:00,3944.99,3956.13,3944.94,3952.38,25540.657
2025-10-24 12:15:00+00:00,3952.38,3959.0,3939.22,3953.53,40251.116
2025-10-24 12:30:00+00:00,3953.53,4026.48,3948.86,3975.62,302933.09
2025-10-24 12:45:00+00:00,3975.61,3976.17,3951.01,3962.3,79289.6
2025-10-24 13:00:00+00:00,3962.3,3969.0,3953.65,3961.69,34157.783
2025-10-24 13:15:00+00:00,3961.69,3977.26,3959.88,3964.66,35231.028
2025-10-24 13:30:00+00:00,3964.66,3969.6,3929.38,3933.98,106579.7
2025-10-24 13:45:00+00:00,3933.98,3946.27,3914.28,3945.01,130301.274
2025-10-24 14:00:00+00:00,3945.0,3945.26,3912.0,3934.84,74603.179
2025-10-24 14:15:00+00:00,3934.84,3936.18,3892.37,3902.95,121498.335
2025-10-24 14:30:00+00:00,3902.95,3914.02,3893.2,3911.8,71269.797
2025-10-24 14:45:00+00:00,3911.8,3912.8,3887.6,3900.49,62287.029
2025-10-24 15:00:00+00:00,3900.5,3923.0,3897.58,3914.2,54890.15
2025-10-24 15:15:00+00:00,3914.2,3929.49,3907.72,3915.8,59345.349
2025-10-24 15:30:00+00:00,3915.81,3917.71,3900.11,3902.22,28566.18
2025-10-24 15:45:00+00:00,3902.23,3902.23,3870.0,3887.09,127691.119
2025-10-24 16:00:00+00:00,3887.09,3888.39,3866.07,3881.22,71169.635
2025-10-24 16:15:00+00:00,3881.21,3890.9,3876.0,3883.54,38783.127
2025-10-24 16:30:00+00:00,3883.54,3884.68,3864.28,3871.65,38722.695
2025-10-24 16:45:00+00:00,3871.65,3888.62,3866.36,3887.91,26164.008
2025-10-24 17:00:00+00:00,3887.92,3903.0,3873.44,3880.78,67330.791
2025-10-24 17:15:00+00:00,3880.77,3902.68,3880.0,3899.88,37936.04
2025-10-24 17:30:00+00:00,3899.87,3900.0,3891.19,3894.44,23207.464
2025-10-24 17:45:00+00:00,3894.44,3900.58,3882.63,3886.76,25483.937
2025-10-24 18:00:00+00:00,3886.76,3903.2,3882.07,3903.04,20827.02
2025-10-24 18:15:00+00:00,3903.05,3911.82,3901.82,3906.02,21967.211
2025-10-24 18:30:00+00:00,3906.03,3912.19,3901.99,3908.38,13530.926
2025-10-24 18:45:00+00:00,3908.38,3913.63,3905.0,3909.88,10206.612
2025-10-24 19:00:00+00:00,3909.88,3933.2,3909.87,3922.1,51551.904
2025-10-24 19:15:00+00:00,3922.1,3936.89,3922.1,3932.69,25699.073
2025-10-24 19:30:00+00:00,3932.68,3933.62,3920.24,3924.01,20874.383
2025-10-24 19:45:00+00:00,3924.01,3933.04,3921.96,3924.66,20637.778
2025-10-24 20:00:00+00:00,3924.66,3935.07,3922.19,3929.76,19753.539
2025-10-24 20:15:00+00:00,3929.76,3940.12,3929.19,3937.61,14561.216
2025-10-24 20:30:00+00:00,3937.61,3938.72,3931.46,3936.81,7929.366
2025-10-24 20:45:00+00:00,3936.8,3941.0,3933.18,3936.81,13263.692
2025-10-24 21:00:00+00:00,3936.82,3940.81,3923.53,3924.09,19158.832
2025-10-24 21:15:00+00:00,3924.09,3941.46,3924.09,3933.96,16383.225
2025-10-24 21:30:00+00:00,3933.97,3937.78,3931.58,3936.22,4316.987
2025-10-24 21:45:00+00:00,3936.22,3943.81,3934.23,3941.8,10005.746
2025-10-24 22:00:00+00:00,3941.8,3943.59,3933.35,3935.1,10546.142
2025-10-24 22:15:00+00:00,3935.09,3940.86,3933.3,3939.38,7012.533
2025-10-24 22:30:00+00:00,3939.38,3940.0,3934.29,3934.51,9231.442
2025-10-24 22:45:00+00:00,3934.52,3935.64,3928.3,3934.27,12136.863
2025-10-24 23:00:00+00:00,3934.27,3934.28,3923.83,3924.65,12922.687
2025-10-24 23:15:00+00:00,3924.66,3931.3,3924.57,3931.0,6970.826
2025-10-24 23:30:00+00:00,3931.0,3935.41,3927.5,3927.77,7078.445
2025-10-24 23:45:00+00:00,3927.77,3933.2,3925.75,3933.19,5471.637
2025-10-25 00:00:00+00:00,3933.2,3933.99,3921.92,3923.26,14844.546
2025-10-25 00:15:00+00:00,3923.25,3923.29,3917.92,3918.23,15113.22
2025-10-25 00:30:00+00:00,3918.22,3923.5,3913.11,3921.75,19624.411
2025-10-25 00:45:00+00:00,3921.76,3927.37,3910.0,3917.28,23038.874
2025-10-25 01:00:00+00:00,3917.28,3921.36,3913.77,3921.25,12093.66
2025-10-25 01:15:00+00:00,3921.25,3932.96,3917.12,3930.68,18671.021
2025-10-25 01:30:00+00:00,3930.68,3938.03,3922.18,3923.77,17546.85
2025-10-25 01:45:00+00:00,3923.78,3932.0,3923.78,3931.63,7516.467
2025-10-25 02:00:00+00:00,3931.63,3935.73,3924.0,3927.2,14660.722
2025-10-25 02:15:00+00:00,3927.2,3931.44,3926.25,3930.88,5717.628
2025-10-25 02:30:00+00:00,3930.89,3930.89,3924.55,3927.91,5974.012
2025-10-25 02:45:00+00:00,3927.92,3936.26,3927.91,3932.44,11387.193
2025-10-25 03:00:00+00:00,3932.44,3934.03,3926.14,3927.87,9335.924
2025-10-25 03:15:00+00:00,3927.87,3933.0,3927.87,3929.51,5960.845
2025-10-25 03:30:00+00:00,3929.51,3932.23,3923.58,3926.84,8160.602
2025-10-25 03:45:00+00:00,3926.83,3926.83,3917.22,3919.43,12742.267
2025-10-25 04:00:00+00:00,3919.42,3925.86,3918.46,3924.35,12824.603
2025-10-25 04:15:00+00:00,3924.35,3934.98,3923.36,3927.1,15696.79
2025-10-25 04:30:00+00:00,3927.11,3927.72,3919.0,3922.93,13568.812
2025-10-25 04:45:00+00:00,3922.94,3925.03,3920.84,3921.09,5496.559
2025-10-25 05:00:00+00:00,3921.09,3926.2,3918.69,3920.44,9096.66
2025-10-25 05:15:00+00:00,3920.44,3924.34,3918.37,3920.32,7488.79
2025-10-25 05:30:00+00:00,3920.32,3926.01,3918.37,3925.62,7116.839
2025-10-25 05:45:00+00:00,3925.62,3931.7,3924.19,3929.86,10795.202
2025-10-25 06:00:00+00:00,3929.85,3934.29,3926.36,3932.01,15564.934
2025-10-25 06:15:00+00:00,3932.02,3932.21,3927.5,3929.44,5866.488
2025-10-25 06:30:00+00:00,3929.45,3930.12,3924.66,3930.06,7740.015
2025-10-25 06:45:00+00:00,3930.07,3933.0,3925.6,3926.79,7636.465
2025-10-25 07:00:00+00:00,3926.79,3931.42,3926.5,3931.42,5448.338
2025-10-25 07:15:00+00:00,3931.42,3941.41,3931.02,3939.66,26908.06
2025-10-25 07:30:00+00:00,3939.66,3963.26,3925.25,3928.41,80699.613
2025-10-25 07:45:00+00:00,3928.4,3929.56,3922.75,3927.29,14415.745
2025-10-25 08:00:00+00:00,3927.3,3933.04,3926.0,3932.69,11068.416
2025-10-25 08:15:00+00:00,3932.69,3941.0,3932.19,3937.76,17498.41
2025-10-25 08:30:00+00:00,3937.75,3941.89,3934.54,3936.89,8667.572
2025-10-25 08:45:00+00:00,3936.9,3954.75,3936.47,3952.19,33641.651
2025-10-25 09:00:00+00:00,3952.19,3955.0,3945.0,3952.56,36915.131
2025-10-25 09:15:00+00:00,3952.56,3953.05,3943.75,3948.26,18525.661
2025-10-25 09:30:00+00:00,3948.27,3951.3,3942.53,3949.6,10768.557
2025-10-25 09:45:00+00:00,3949.61,3950.06,3938.17,3940.95,26217.543
2025-10-25 10:00:00+00:00,3940.96,3944.4,3930.0,3932.6,24681.466
2025-10-25 10:15:00+00:00,3932.6,3940.62,3932.53,3935.7,13811.744
2025-10-25 10:30:00+00:00,3935.7,3946.51,3933.01,3942.33,11125.218
2025-10-25 10:45:00+00:00,3942.32,3944.85,3938.8,3940.64,7784.429
2025-10-25 11:00:00+00:00,3940.64,3944.01,3936.6,3938.6,8951.807
2025-10-25 11:15:00+00:00,3938.6,3942.31,3937.77,3942.31,4245.547
2025-10-25 11:30:00+00:00,3942.3,3943.5,3937.4,3939.73,5293.618
2025-10-25 11:45:00+00:00,3939.74,3942.56,3938.27,3938.66,4674.835
2025-10-25 12:00:00+00:00,3938.66,3952.88,3937.89,3949.5,15273.803
2025-10-25 12:15:00+00:00,3949.5,3952.4,3945.68,3951.42,11662.46
2025-10-25 12:30:00+00:00,3951.41,3952.08,3945.96,3948.88,8320.763
2025-10-25 12:45:00+00:00,3948.88,3955.0,3943.94,3951.57,16426.225
2025-10-25 13:00:00+00:00,3951.57,3954.82,3935.9,3941.03,30306.867
2025-10-25 13:15:00+00:00,3941.04,3943.49,3935.0,3937.01,16916.525
2025-10-25 13:30:00+00:00,3937.02,3943.78,3933.4,3939.3,21621.698
2025-10-25 13:45:00+00:00,3939.3,3941.86,3934.85,3941.02,9667.864
2025-10-25 14:00:00+00:00,3941.02,3944.0,3939.24,3943.66,7130.069
2025-10-25 14:15:00+00:00,3943.66,3946.35,3937.39,3938.9,17826.62
2025-10-25 14:30:00+00:00,3938.89,3939.99,3935.04,3935.57,11534.471
2025-10-25 14:45:00+00:00,3935.57,3938.11,3932.0,3936.83,12464.366
2025-10-25 15:00:00+00:00,3936.83,3936.97,3926.73,3928.38,20740.702
2025-10-25 15:15:00+00:00,3928.38,3932.88,3928.28,3931.35,9140.964
2025-10-25 15:30:00+00:00,3931.36,3933.13,3926.52,3930.18,12762.499
2025-10-25 15:45:00+00:00,3930.17,3932.52,3922.83,3931.48,17639.949
2025-10-25 16:00:00+00:00,3931.47,3933.26,3926.6,3930.59,11963.856
2025-10-25 16:15:00+00:00,3930.6,3932.63,3926.94,3928.13,6139.105
2025-10-25 16:30:00+00:00,3928.13,3929.79,3927.71,3928.28,4624.417
2025-10-25 16:45:00+00:00,3928.29,3936.79,3926.9,3931.41,13441.696
2025-10-25 17:00:00+00:00,3931.42,3938.16,3930.96,3937.56,9592.768
2025-10-25 17:15:00+00:00,3937.57,3937.57,3932.27,3932.27,4453.471
2025-10-25 17:30:00+00:00,3932.27,3934.21,3929.15,3931.55,5639.336
2025-10-25 17:45:00+00:00,3931.55,3933.81,3929.74,3933.27,6363.078
2025-10-25 18:00:00+00:00,3933.28,3936.95,3927.65,3936.8,10408.775
2025-10-25 18:15:00+00:00,3936.81,3945.2,3934.67,3944.1,12717.588
2025-10-25 18:30:00+00:00,3944.11,3968.93,3943.99,3960.37,84491.026
2025-10-25 18:45:00+00:00,3960.36,3962.9,3953.42,3958.21,18477.502
2025-10-25 19:00:00+00:00,3958.21,3959.0,3950.13,3951.62,11942.947
2025-10-25 19:15:00+00:00,3951.62,3960.43,3951.62,3956.54,13513.235
2025-10-25 19:30:00+00:00,3956.54,3962.44,3956.36,3960.12,7410.032
2025-10-25 19:45:00+00:00,3960.12,3960.65,3954.2,3956.05,5870.615
2025-10-25 20:00:00+00:00,3956.06,3957.78,3954.73,3955.54,5168.224
2025-10-25 20:15:00+00:00,3955.53,3956.78,3948.8,3951.62,9117.361
2025-10-25 20:30:00+00:00,3951.62,3956.38,3942.0,3951.4,19093.63
2025-10-25 20:45:00+00:00,3951.4,3954.84,3943.68,3943.7,10860.167
2025-10-25 21:00:00+00:00,3943.7,3948.14,3943.17,3943.44,9167.443
2025-10-25 21:15:00+00:00,3943.45,3946.25,3932.5,3945.36,14739.7
2025-10-25 21:30:00+00:00,3945.37,3950.0,3944.73,3946.8,6906.747
2025-10-25 21:45:00+00:00,3946.8,3951.47,3940.97,3951.47,5572.687
2025-10-25 22:00:00+00:00,3951.46,3951.6,3944.95,3947.2,7023.4
2025-10-25 22:15:00+00:00,3947.2,3953.63,3946.99,3953.0,5422.505
2025-10-25 22:30:00+00:00,3953.01,3956.44,3950.99,3955.79,5526.815
2025-10-25 22:45:00+00:00,3955.79,3963.47,3954.48,3959.7,13405.909
2025-10-25 23:00:00+00:00,3959.7,3962.22,3956.12,3958.79,5578.217
2025-10-25 23:15:00+00:00,3958.78,3959.21,3952.21,3955.84,5537.248
2025-10-25 23:30:00+00:00,3955.83,3955.83,3951.11,3951.11,5309.892
2025-10-25 23:45:00+00:00,3951.11,3953.42,3948.38,3952.25,7372.082
2025-10-26 00:00:00+00:00,3952.24,3952.24,3944.17,3948.14,9022.982
2025-10-26 00:15:00+00:00,3948.15,3955.82,3946.14,3953.42,10596.76
2025-10-26 00:30:00+00:00,3953.41,3960.0,3953.41,3955.47,12538.042
2025-10-26 00:45:00+00:00,3955.48,3958.22,3947.28,3948.2,11898.341
2025-10-26 01:00:00+00:00,3948.2,3953.83,3946.02,3951.84,7985.337
2025-10-26 01:15:00+00:00,3951.83,3952.91,3946.79,3948.99,7104.396
2025-10-26 01:30:00+00:00,3949.0,3952.34,3946.79,3948.15,3810.188
2025-10-26 01:45:00+00:00,3948.16,3949.15,3914.3,3931.4,83542.52
2025-10-26 02:00:00+00:00,3931.41,3931.94,3920.86,3927.2,25057.101
2025-10-26 02:15:00+00:00,3927.19,3935.1,3925.84,3934.87,12698.996
2025-10-26 02:30:00+00:00,3934.86,3937.43,3927.71,3929.79,11340.364
2025-10-26 02:45:00+00:00,3929.79,3930.96,3923.79,3928.65,6724.604
2025-10-26 03:00:00+00:00,3928.65,3928.65,3921.68,3924.29,14899.212
2025-10-26 03:15:00+00:00,3924.3,3934.99,3923.2,3931.79,12937.057
2025-10-26 03:30:00+00:00,3931.8,3931.8,3924.53,3925.74,7237.556
2025-10-26 03:45:00+00:00,3925.74,3930.76,3924.0,3929.95,8202.89
2025-10-26 04:00:00+00:00,3929.95,3930.41,3927.75,3929.42,6426.278
2025-10-26 04:15:00+00:00,3929.42,3936.09,3927.01,3933.38,8128.253
2025-10-26 04:30:00+00:00,3933.39,3938.0,3931.34,3933.79,7351.385
2025-10-26 04:45:00+00:00,3933.78,3940.97,3933.15,3937.89,7962.319
2025-10-26 05:00:00+00:00,3937.89,3940.82,3935.42,3938.57,7885.084
2025-10-26 05:15:00+00:00,3938.57,3941.93,3938.0,3940.85,4326.933
2025-10-26 05:30:00+00:00,3940.86,3945.22,3939.3,3943.49,10267.436
2025-10-26 05:45:00+00:00,3943.5,3944.97,3940.64,3940.98,6321.931
2025-10-26 06:00:00+00:00,3940.99,3941.86,3936.76,3939.3,7357.319
2025-10-26 06:15:00+00:00,3939.3,3944.01,3937.92,3944.0,6518.186
2025-10-26 06:30:00+00:00,3944.01,3944.71,3940.63,3942.68,4440.218
2025-10-26 06:45:00+00:00,3942.68,3944.0,3941.25,3943.0,3361.314
2025-10-26 07:00:00+00:00,3943.0,3943.97,3940.54,3943.52,4646.858
2025-10-26 07:15:00+00:00,3943.51,3944.83,3938.99,3940.18,6704.3
2025-10-26 07:30:00+00:00,3940.18,3949.55,3939.92,3948.81,15819.497
2025-10-26 07:45:00+00:00,3948.81,3955.0,3948.81,3949.72,16816.781
2025-10-26 08:00:00+00:00,3949.72,3954.87,3949.72,3954.0,8835.509
2025-10-26 08:15:00+00:00,3954.0,3954.97,3949.12,3952.99,9784.233
2025-10-26 08:30:00+00:00,3953.0,3956.0,3948.84,3956.0,9549.998
2025-10-26 08:45:00+00:00,3955.99,3966.33,3954.59,3958.31,24555.322
2025-10-26 09:00:00+00:00,3958.31,3959.54,3954.47,3956.92,12682.212
2025-10-26 09:15:00+00:00,3956.93,4004.35,3956.92,4002.21,136412.636
2025-10-26 09:30:00+00:00,4002.21,4011.0,3981.67,3987.36,121642.393
2025-10-26 09:45:00+00:00,3987.36,3990.83,3976.01,3986.09,44854.879
2025-10-26 10:00:00+00:00,3986.09,3988.56,3975.0,3983.1,38647.394
2025-10-26 10:15:00+00:00,3983.1,3984.44,3975.5,3979.19,19293.443
2025-10-26 10:30:00+00:00,3979.18,3982.0,3972.58,3981.36,18297.821
2025-10-26 10:45:00+00:00,3981.35,3986.18,3976.71,3981.18,26478.353
2025-10-26 11:00:00+00:00,3981.18,3983.62,3974.24,3978.97,17203.968
2025-10-26 11:15:00+00:00,3978.97,4005.0,3978.97,3999.28,67301.635
2025-10-26 11:30:00+00:00,3999.28,4046.41,3999.28,4040.76,155599.171
2025-10-26 11:45:00+00:00,4040.76,4054.0,4023.66,4043.08,121322.328
2025-10-26 12:00:00+00:00,4043.08,4056.53,4039.0,4046.34,71847.91
2025-10-26 12:15:00+00:00,4046.34,4059.0,4042.92,4052.14,46924.766
2025-10-26 12:30:00+00:00,4052.14,4066.66,4046.54,4047.68,49675.252
2025-10-26 12:45:00+00:00,4047.68,4077.08,4047.68,4070.99,116508.623
2025-10-26 13:00:00+00:00,4071.0,4078.22,4063.64,4069.22,53512.053
2025-10-26 13:15:00+00:00,4069.22,4081.82,4061.0,4078.82,47432.543
2025-10-26 13:30:00+00:00,4078.81,4098.0,4073.62,4089.1,84885.408
2025-10-26 13:45:00+00:00,4089.11,4096.63,4078.13,4082.39,54196.544
2025-10-26 14:00:00+00:00,4082.38,4089.99,4077.1,4085.36,31453.279
2025-10-26 14:15:00+00:00,4085.35,4088.19,4072.35,4076.19,42921.664
2025-10-26 14:30:00+00:00,4076.19,4082.0,4072.26,4075.73,26623.224
2025-10-26 14:45:00+00:00,4075.72,4075.86,4061.17,4065.59,47757.269
2025-10-26 15:00:00+00:00,4065.58,4069.27,4058.0,4069.13,44796.668
2025-10-26 15:15:00+00:00,4069.13,4075.74,4061.84,4073.0,25002.297
2025-10-26 15:30:00+00:00,4073.0,4076.43,4061.9,4067.43,20640.391
2025-10-26 15:45:00+00:00,4067.43,4075.0,4066.66,4073.45,16108.124
2025-10-26 16:00:00+00:00,4073.45,4074.2,4057.46,4058.6,34858.92
2025-10-26 16:15:00+00:00,4058.61,4058.87,4043.43,4053.28,57049.972
2025-10-26 16:30:00+00:00,4053.28,4062.2,4048.27,4060.69,20323.308
2025-10-26 16:45:00+00:00,4060.69,4063.32,4050.31,4054.26,16610.038
2025-10-26 17:00:00+00:00,4054.26,4064.28,4051.74,4060.28,26658.278
2025-10-26 17:15:00+00:00,4060.27,4068.47,4058.21,4062.67,19398.173
2025-10-26 17:30:00+00:00,4062.67,4065.79,4060.19,4063.54,7897.679
2025-10-26 17:45:00+00:00,4063.54,4067.0,4057.35,4058.39,9281.386
2025-10-26 18:00:00+00:00,4058.39,4074.6,4056.75,4070.04,21072.103
2025-10-26 18:15:00+00:00,4070.05,4079.86,4063.99,4065.49,19986.927
2025-10-26 18:30:00+00:00,4065.48,4074.85,4065.1,4072.59,8196.333
2025-10-26 18:45:00+00:00,4072.59,4077.8,4069.5,4070.81,7752.825
2025-10-26 19:00:00+00:00,4070.81,4071.0,4063.89,4067.39,7427.331
2025-10-26 19:15:00+00:00,4067.4,4071.24,4063.66,4069.32,7628.748
2025-10-26 19:30:00+00:00,4069.32,4070.66,4065.07,4066.49,8142.625
2025-10-26 19:45:00+00:00,4066.49,4067.43,4063.56,4066.58,4714.843
2025-10-26 20:00:00+00:00,4066.58,4066.58,4057.36,4062.07,9397.299
2025-10-26 20:15:00+00:00,4062.08,4065.35,4053.07,4060.11,15901.111
2025-10-26 20:30:00+00:00,4060.12,4071.86,4060.11,4069.9,11642.022
2025-10-26 20:45:00+00:00,4069.9,4070.16,4060.13,4060.16,7071.931
2025-10-26 21:00:00+00:00,4060.17,4070.49,4060.17,4069.28,9066.189
2025-10-26 21:15:00+00:00,4069.29,4070.77,4057.05,4060.2,8764.292
2025-10-26 21:30:00+00:00,4060.2,4095.69,4053.67,4078.77,35319.154
2025-10-26 21:45:00+00:00,4078.77,4088.41,4075.0,4079.08,19479.252
2025-10-26 22:00:00+00:00,4079.08,4179.27,4078.8,4131.55,259027.146
2025-10-26 22:15:00+00:00,4131.55,4141.14,4124.67,4135.0,37671.103
2025-10-26 22:30:00+00:00,4135.0,4157.31,4134.99,4152.22,57134.654
2025-10-26 22:45:00+00:00,4152.22,4168.72,4151.71,4158.55,41346.074
2025-10-26 23:00:00+00:00,4158.55,4172.63,4146.0,4159.74,55958.171
2025-10-26 23:15:00+00:00,4159.74,4172.0,4157.46,4160.69,31314.767
2025-10-26 23:30:00+00:00,4160.68,4177.71,4159.56,4169.43,28903.295
2025-10-26 23:45:00+00:00,4169.43,4173.74,4151.45,4156.37,41713.167
2025-10-27 00:00:00+00:00,4156.36,4166.95,4145.27,4164.83,47849.408
2025-10-27 00:15:00+00:00,4164.84,4173.33,4161.22,4170.45,32820.382
2025-10-27 00:30:00+00:00,4170.46,4188.0,4167.03,4179.58,74244.962
2025-10-27 00:45:00+00:00,4179.58,4181.35,4160.0,4168.64,40922.633
2025-10-27 01:00:00+00:00,4168.64,4177.91,4165.22,4171.1,22596.49
2025-10-27 01:15:00+00:00,4171.09,4192.3,4166.22,4182.85,41647.31
2025-10-27 01:30:00+00:00,4182.85,4207.95,4179.21,4183.84,117997.448
2025-10-27 01:45:00+00:00,4183.84,4194.59,4182.02,4190.34,27050.107
2025-10-27 02:00:00+00:00,4190.34,4205.0,4189.28,4199.38,36755.819
2025-10-27 02:15:00+00:00,4199.37,4217.6,4192.44,4195.0,68980.713
2025-10-27 02:30:00+00:00,4194.99,4210.93,4181.83,4210.02,46908.564
2025-10-27 02:45:00+00:00,4210.01,4210.35,4198.01,4203.6,27063.166
2025-10-27 03:00:00+00:00,4203.6,4216.72,4198.8,4209.0,29310.705
2025-10-27 03:15:00+00:00,4209.0,4225.14,4205.49,4207.18,45703.115
2025-10-27 03:30:00+00:00,4207.17,4213.15,4198.5,4200.68,21587.969
2025-10-27 03:45:00+00:00,4200.68,4206.65,4199.03,4203.21,16103.761
2025-10-27 04:00:00+00:00,4203.22,4205.46,4193.06,4198.67,26538.396
2025-10-27 04:15:00+00:00,4198.67,4205.0,4193.47,4200.21,19566.553
2025-10-27 04:30:00+00:00,4200.2,4211.85,4195.0,4209.99,17374.562
2025-10-27 04:45:00+00:00,4209.99,4216.84,4209.4,4211.25,20198.038
2025-10-27 05:00:00+00:00,4211.25,4238.89,4208.51,4228.37,50915.213
2025-10-27 05:15:00+00:00,4228.37,4253.0,4227.0,4245.87,89739.78
2025-10-27 05:30:00+00:00,4245.87,4246.89,4224.68,4230.01,46533.754
2025-10-27 05:45:00+00:00,4230.02,4236.0,4223.01,4231.4,34734.489
2025-10-27 06:00:00+00:00,4231.4,4233.85,4221.0,4229.64,22649.373
2025-10-27 06:15:00+00:00,4229.64,4243.51,4225.81,4242.21,25440.418
2025-10-27 06:30:00+00:00,4242.21,4243.1,4221.3,4224.41,31664.94
2025-10-27 06:45:00+00:00,4224.41,4238.39,4222.88,4233.32,24758.134
2025-10-27 07:00:00+00:00,4233.32,4246.8,4223.0,4224.35,33781.609
2025-10-27 07:15:00+00:00,4224.34,4228.31,4218.55,4220.0,32930.248
2025-10-27 07:30:00+00:00,4220.01,4220.01,4193.52,4205.0,99404.167
2025-10-27 07:45:00+00:00,4205.0,4213.72,4196.59,4200.0,46292.749
2025-10-27 08:00:00+00:00,4199.99,4200.42,4184.75,4187.2,52971.925
2025-10-27 08:15:00+00:00,4187.21,4196.68,4154.65,4159.61,117270.447
2025-10-27 08:30:00+00:00,4159.62,4181.95,4159.61,4178.8,61453.374
2025-10-27 08:45:00+00:00,4178.8,4178.81,4157.55,4165.6,54524.91
2025-10-27 09:00:00+00:00,4165.59,4168.93,4153.0,4165.12,57182.44
2025-10-27 09:15:00+00:00,4165.11,4170.0,4153.11,4159.16,42917.299
2025-10-27 09:30:00+00:00,4159.16,4172.0,4156.8,4168.81,42498.775
2025-10-27 09:45:00+00:00,4168.8,4168.8,4156.14,4158.96,29457.662
2025-10-27 10:00:00+00:00,4158.95,4166.49,4152.81,4163.69,30026.816
2025-10-27 10:15:00+00:00,4163.7,4172.72,4163.0,4169.9,27344.718
2025-10-27 10:30:00+00:00,4169.89,4173.29,4165.97,4166.79,20721.699
2025-10-27 10:45:00+00:00,4166.78,4170.67,4161.16,4165.5,19439.155
2025-10-27 11:00:00+00:00,4165.5,4174.33,4164.63,4167.84,25929.739
2025-10-27 11:15:00+00:00,4167.84,4171.84,4130.0,4147.44,104565.122
2025-10-27 11:30:00+00:00,4147.44,4163.68,4140.57,4159.75,44154.498
2025-10-27 11:45:00+00:00,4159.75,4161.8,4152.33,4160.51,19967.935
2025-10-27 12:00:00+00:00,4160.5,4165.55,4154.15,4157.32,20549.957
2025-10-27 12:15:00+00:00,4157.33,4157.68,4148.6,4151.95,16962.908
2025-10-27 12:30:00+00:00,4151.94,4153.4,4136.0,4147.63,42542.328
2025-10-27 12:45:00+00:00,4147.64,4150.25,4140.83,4143.54,20627.832
2025-10-27 13:00:00+00:00,4143.54,4166.75,4141.18,4159.27,46048.35
2025-10-27 13:15:00+00:00,4159.27,4168.38,4157.58,4161.56,24270.126
2025-10-27 13:30:00+00:00,4161.57,4167.36,4125.01,4145.59,98732.479
2025-10-27 13:45:00+00:00,4145.58,4186.77,4140.41,4175.65,119277.069
2025-10-27 14:00:00+00:00,4175.65,4181.2,4136.81,4147.38,93514.115
2025-10-27 14:15:00+00:00,4147.38,4151.09,4122.02,4146.28,87630.643
2025-10-27 14:30:00+00:00,4146.29,4159.99,4133.48,4146.55,67191.28
2025-10-27 14:45:00+00:00,4146.55,4151.87,4137.46,4147.75,30918.142
2025-10-27 15:00:00+00:00,4147.75,4168.5,4146.14,4168.49,46039.19
2025-10-27 15:15:00+00:00,4168.5,4169.6,4153.5,4164.24,43298.471
2025-10-27 15:30:00+00:00,4164.24,4172.32,4159.27,4160.78,25099.058
2025-10-27 15:45:00+00:00,4160.78,4174.55,4160.76,4171.25,22641.223
2025-10-27 16:00:00+00:00,4171.25,4193.0,4171.24,4184.97,76720.696
2025-10-27 16:15:00+00:00,4184.96,4195.92,4181.05,4190.15,32217.217
2025-10-27 16:30:00+00:00,4190.16,4215.81,4187.15,4203.22,81393.692
2025-10-27 16:45:00+00:00,4203.2,4216.84,4202.04,4212.0,38962.722
2025-10-27 17:00:00+00:00,4212.0,4217.76,4206.93,4216.27,24664.126
2025-10-27 17:15:00+00:00,4216.27,4219.99,4200.75,4201.9,39264.297
2025-10-27 17:30:00+00:00,4201.9,4219.0,4195.96,4215.12,34993.347
2025-10-27 17:45:00+00:00,4215.12,4224.0,4208.98,4219.1,25175.407
2025-10-27 18:00:00+00:00,4219.1,4231.51,4211.19,4228.35,32521.48
2025-10-27 18:15:00+00:00,4228.35,4231.64,4204.84,4208.27,28764.465
2025-10-27 18:30:00+00:00,4208.27,4219.5,4206.66,4216.75,25644.536
2025-10-27 18:45:00+00:00,4216.75,4223.34,4212.95,4213.03,16410.1
2025-10-27 19:00:00+00:00,4213.04,4216.24,4182.57,4214.99,64761.755
2025-10-27 19:15:00+00:00,4214.99,4219.0,4205.44,4211.31,24689.888
2025-10-27 19:30:00+00:00,4211.31,4211.79,4190.7,4197.86,44028.901
2025-10-27 19:45:00+00:00,4197.86,4203.98,4185.27,4192.42,28011.905
2025-10-27 20:00:00+00:00,4192.41,4194.07,4140.84,4148.53,145563.045
2025-10-27 20:15:00+00:00,4148.53,4163.79,4143.33,4149.77,44195.435
2025-10-27 20:30:00+00:00,4149.77,4152.58,4136.32,4138.78,36520.69
2025-10-27 20:45:00+00:00,4138.77,4140.56,4127.0,4127.0,39871.792
2025-10-27 21:00:00+00:00,4127.0,4137.75,4124.0,4125.76,30086.292
2025-10-27 21:15:00+00:00,4125.76,4131.25,4090.61,4106.99,97239.499
2025-10-27 21:30:00+00:00,4106.99,4131.0,4106.0,4121.0,37150.047
2025-10-27 21:45:00+00:00,4121.0,4137.93,4112.67,4114.56,30200.314
2025-10-27 22:00:00+00:00,4114.55,4130.14,4107.56,4128.33,37560.113
2025-10-27 22:15:00+00:00,4128.34,4142.6,4125.68,4133.72,36974.595
2025-10-27 22:30:00+00:00,4133.72,4135.16,4116.84,4119.0,23694.052
2025-10-27 22:45:00+00:00,4118.99,4130.57,4115.92,4121.0,25384.893
2025-10-27 23:00:00+00:00,4121.0,4121.65,4107.23,4113.41,30875.11
2025-10-27 23:15:00+00:00,4113.41,4115.0,4101.0,4111.01,29603.101
2025-10-27 23:30:00+00:00,4111.02,4126.22,4110.11,4123.9,25057.497
2025-10-27 23:45:00+00:00,4123.9,4126.25,4115.78,4118.47,13926.133
2025-10-28 00:00:00+00:00,4118.46,4123.52,4105.5,4118.22,30231.752
2025-10-28 00:15:00+00:00,4118.23,4132.45,4115.76,4125.01,22685.249
2025-10-28 00:30:00+00:00,4125.02,4125.02,4110.0,4118.24,24760.391
2025-10-28 00:45:00+00:00,4118.24,4121.3,4105.62,4113.75,29511.172
2025-10-28 01:00:00+00:00,4113.76,4127.64,4113.76,4125.53,21415.515
2025-10-28 01:15:00+00:00,4125.54,4132.04,4120.95,4128.36,21950.126
2025-10-28 01:30:00+00:00,4128.37,4138.74,4119.54,4135.98,28918.771
2025-10-28 01:45:00+00:00,4135.97,4140.26,4133.0,4134.83,20533.819
2025-10-28 02:00:00+00:00,4134.83,4139.69,4122.53,4123.93,21471.436
2025-10-28 02:15:00+00:00,4123.92,4127.56,4108.5,4117.03,33717.386
2025-10-28 02:30:00+00:00,4117.03,4119.99,4110.99,4111.24,13062.059
2025-10-28 02:45:00+00:00,4111.23,4113.4,4072.68,4094.02,130855.377
2025-10-28 03:00:00+00:00,4094.02,4099.0,4066.88,4069.17,64697.71
2025-10-28 03:15:00+00:00,4069.17,4095.0,4069.17,4094.38,59943.477
2025-10-28 03:30:00+00:00,4094.37,4094.46,4079.05,4087.53,22811.972
2025-10-28 03:45:00+00:00,4087.54,4094.26,4082.42,4092.48,16873.357
2025-10-28 04:00:00+00:00,4092.47,4099.95,4086.0,4098.9,20835.11
2025-10-28 04:15:00+00:00,4098.9,4103.12,4094.7,4095.88,23817.632
2025-10-28 04:30:00+00:00,4095.87,4103.12,4091.59,4095.6,14992.114
2025-10-28 04:45:00+00:00,4095.59,4104.76,4095.04,4097.85,13237.167
2025-10-28 05:00:00+00:00,4097.85,4102.23,4090.27,4090.99,17706.676
2025-10-28 05:15:00+00:00,4090.99,4098.85,4087.44,4096.64,16903.027
2025-10-28 05:30:00+00:00,4096.63,4096.63,4080.35,4080.56,17701.199
2025-10-28 05:45:00+00:00,4080.55,4080.56,4064.29,4067.0,77971.829
2025-10-28 06:00:00+00:00,4067.01,4079.95,4066.0,4076.99,27466.057
2025-10-28 06:15:00+00:00,4076.99,4084.8,4075.0,4083.39,21713.033
2025-10-28 06:30:00+00:00,4083.39,4097.38,4079.95,4097.14,26466.041
2025-10-28 06:45:00+00:00,4097.15,4113.46,4096.88,4111.36,57431.148
2025-10-28 07:00:00+00:00,4111.37,4125.95,4110.0,4114.83,48237.846
2025-10-28 07:15:00+00:00,4114.84,4122.41,4108.57,4119.11,26861.098
2025-10-28 07:30:00+00:00,4119.11,4123.31,4114.48,4121.59,15484.465
2025-10-28 07:45:00+00:00,4121.59,4123.55,4111.76,4115.36,19777.671
2025-10-28 08:00:00+00:00,4115.36,4119.08,4108.6,4109.5,20706.441
2025-10-28 08:15:00+00:00,4109.49,4132.0,4109.49,4125.48,31834.794
2025-10-28 08:30:00+00:00,4125.48,4133.0,4124.0,4131.99,26016.294
2025-10-28 08:45:00+00:00,4132.0,4134.46,4120.48,4121.69,22630.166
2025-10-28 09:00:00+00:00,4121.69,4127.62,4110.78,4115.97,29568.321
2025-10-28 09:15:00+00:00,4115.98,4118.46,4102.35,4103.46,29520.004
2025-10-28 09:30:00+00:00,4103.46,4124.0,4103.06,4118.86,27923.231
2025-10-28 09:45:00+00:00,4118.87,4123.81,4113.33,4120.8,15565.582
2025-10-28 10:00:00+00:00,4120.81,4123.0,4108.56,4113.98,15588.539
2025-10-28 10:15:00+00:00,4113.97,4120.64,4109.12,4117.9,15484.537
2025-10-28 10:30:00+00:00,4117.9,4117.91,4106.57,4111.29,15461.419
2025-10-28 10:45:00+00:00,4111.29,4117.05,4111.12,4116.27,11594.671
2025-10-28 11:00:00+00:00,4116.27,4116.76,4108.3,4113.87,11003.903
2025-10-28 11:15:00+00:00,4113.87,4123.68,4113.73,4118.77,14585.635
2025-10-28 11:30:00+00:00,4118.76,4125.64,4116.0,4118.47,14581.91
2025-10-28 11:45:00+00:00,4118.47,4118.47,4107.7,4110.11,14331.236
2025-10-28 12:00:00+00:00,4110.11,4113.15,4105.01,4111.64,18900.711
2025-10-28 12:15:00+00:00,4111.63,4112.01,4095.0,4102.3,39404.311
2025-10-28 12:30:00+00:00,4102.3,4114.04,4098.72,4113.01,27526.658
2025-10-28 12:45:00+00:00,4113.0,4124.58,4111.4,4120.0,33595.463
2025-10-28 13:00:00+00:00,4120.0,4137.89,4119.78,4128.75,48151.581
2025-10-28 13:15:00+00:00,4128.76,4154.53,4128.75,4139.56,79768.385
2025-10-28 13:30:00+00:00,4139.56,4151.99,4130.03,4151.98,64760.263
2025-10-28 13:45:00+00:00,4151.99,4166.0,4146.82,4157.08,88620.886
2025-10-28 14:00:00+00:00,4157.08,4164.11,4141.2,4163.4,48601.722
2025-10-28 14:15:00+00:00,4163.4,4174.08,4146.12,4157.59,80459.897
2025-10-28 14:30:00+00:00,4157.58,4163.57,4100.03,4105.77,145005.765
2025-10-28 14:45:00+00:00,4105.77,4125.32,4066.0,4117.29,184826.511
2025-10-28 15:00:00+00:00,4117.29,4139.48,4114.68,4135.51,57108.961
2025-10-28 15:15:00+00:00,4135.5,4135.5,4110.0,4111.14,53538.587
2025-10-28 15:30:00+00:00,4111.14,4113.56,4085.01,4087.52,74975.715
2025-10-28 15:45:00+00:00,4087.51,4105.96,4087.51,4095.35,35265.207
2025-10-28 16:00:00+00:00,4095.36,4108.63,4093.08,4104.02,35057.72
2025-10-28 16:15:00+00:00,4104.02,4119.5,4091.13,4113.01,38510.929
2025-10-28 16:30:00+00:00,4113.0,4132.0,4110.51,4118.89,55739.258
2025-10-28 16:45:00+00:00,4118.89,4139.1,4118.89,4132.92,49603.209
2025-10-28 17:00:00+00:00,4132.93,4143.58,4128.51,4138.19,32248.24
2025-10-28 17:15:00+00:00,4138.2,4145.48,4131.42,4134.29,22703.967
2025-10-28 17:30:00+00:00,4134.28,4145.89,4120.0,4138.9,36439.965
2025-10-28 17:45:00+00:00,4138.89,4143.31,4132.04,4138.29,13807.502
2025-10-28 18:00:00+00:00,4138.3,4146.09,4126.07,4145.01,28143.43
2025-10-28 18:15:00+00:00,4145.01,4149.87,4118.0,4125.6,34607.751
2025-10-28 18:30:00+00:00,4125.59,4134.81,4103.81,4107.33,49856.939
2025-10-28 18:45:00+00:00,4107.33,4116.94,4102.14,4113.19,31542.424
2025-10-28 19:00:00+00:00,4113.2,4117.28,4101.26,4102.07,19407.433
2025-10-28 19:15:00+00:00,4102.07,4102.08,4050.0,4053.16,179388.535
2025-10-28 19:30:00+00:00,4053.17,4074.0,4046.0,4060.53,82891.419
2025-10-28 19:45:00+00:00,4060.52,4061.87,4024.49,4037.26,119066.847
2025-10-28 20:00:00+00:00,4037.22,4040.0,3988.96,3999.17,160639.917
2025-10-28 20:15:00+00:00,3999.17,4008.18,3964.71,3966.13,215222.606
2025-10-28 20:30:00+00:00,3966.13,3997.04,3957.01,3977.02,147010.612
2025-10-28 20:45:00+00:00,3977.02,3986.53,3965.39,3977.01,58441.582
2025-10-28 21:00:00+00:00,3977.0,3977.52,3925.01,3959.81,153591.787
2025-10-28 21:15:00+00:00,3959.81,3966.76,3950.21,3957.72,45290.306
2025-10-28 21:30:00+00:00,3957.72,3986.01,3953.82,3981.85,46418.022
2025-10-28 21:45:00+00:00,3981.85,3989.8,3975.78,3980.3,30234.951
2025-10-28 22:00:00+00:00,3980.3,3988.39,3970.22,3975.92,41583.802
2025-10-28 22:15:00+00:00,3975.91,3991.97,3973.27,3991.9,23856.551
2025-10-28 22:30:00+00:00,3991.89,3996.29,3982.36,3992.11,32722.477
2025-10-28 22:45:00+00:00,3992.1,3997.99,3989.11,3992.96,21858.408
2025-10-28 23:00:00+00:00,3992.96,3994.2,3979.61,3982.48,26848.131
2025-10-28 23:15:00+00:00,3982.47,3988.12,3974.62,3978.14,20087.133
2025-10-28 23:30:00+00:00,3978.15,3990.21,3976.0,3980.5,19942.169
2025-10-28 23:45:00+00:00,3980.5,3985.33,3977.0,3977.56,12263.208
2025-10-29 00:00:00+00:00,3977.56,3983.62,3971.0,3983.12,36732.129
2025-10-29 00:15:00+00:00,3983.12,3987.27,3977.0,3985.98,16843.076
2025-10-29 00:30:00+00:00,3985.99,3991.46,3979.47,3980.57,14606.985
2025-10-29 00:45:00+00:00,3980.58,3980.58,3967.25,3970.65,28595.41
2025-10-29 01:00:00+00:00,3970.64,3978.0,3962.28,3972.81,29897.358
2025-10-29 01:15:00+00:00,3972.82,3980.75,3965.0,3969.03,17231.397
2025-10-29 01:30:00+00:00,3969.02,4006.0,3969.02,3992.45,62873.998
2025-10-29 01:45:00+00:00,3992.46,3992.46,3972.5,3980.34,40731.966
2025-10-29 02:00:00+00:00,3980.34,3985.8,3978.56,3982.87,13645.091
2025-10-29 02:15:00+00:00,3982.86,3994.69,3978.88,3992.66,21306.219
2025-10-29 02:30:00+00:00,3992.66,3997.52,3988.82,3994.95,16350.006
2025-10-29 02:45:00+00:00,3994.94,4003.0,3992.85,4001.06,22891.372
2025-10-29 03:00:00+00:00,4001.06,4001.17,3984.06,3993.61,30112.778
2025-10-29 03:15:00+00:00,3993.6,3998.62,3986.02,3990.2,15784.54
2025-10-29 03:30:00+00:00,3990.2,3999.0,3990.05,3997.08,11631.617
2025-10-29 03:45:00+00:00,3997.09,4000.88,3995.0,3996.0,10831.083
2025-10-29 04:00:00+00:00,3996.01,4005.0,3994.35,4004.97,15586.396
2025-10-29 04:15:00+00:00,4004.98,4009.86,4003.78,4008.53,20536.889
2025-10-29 04:30:00+00:00,4008.53,4018.75,4008.0,4010.97,29573.497
2025-10-29 04:45:00+00:00,4010.97,4015.88,4010.96,4011.47,10346.246
2025-10-29 05:00:00+00:00,4011.47,4017.36,4010.52,4013.54,10803.022
2025-10-29 05:15:00+00:00,4013.54,4023.96,4013.54,4020.25,28288.522
2025-10-29 05:30:00+00:00,4020.25,4034.28,4017.03,4029.39,39357.966
2025-10-29 05:45:00+00:00,4029.39,4033.46,4023.78,4025.01,31043.395
2025-10-29 06:00:00+00:00,4025.0,4034.99,4022.35,4027.74,19398.084
2025-10-29 06:15:00+00:00,4027.73,4029.54,4023.15,4025.31,13953.343
2025-10-29 06:30:00+00:00,4025.3,4029.67,4014.42,4017.39,28902.319
2025-10-29 06:45:00+00:00,4017.39,4028.0,4017.38,4022.84,19097.807
2025-10-29 07:00:00+00:00,4022.84,4023.68,4017.5,4018.92,10857.971
2025-10-29 07:15:00+00:00,4018.93,4029.65,4017.51,4027.38,13005.619
2025-10-29 07:30:00+00:00,4027.38,4028.0,4010.06,4013.51,27216.374
2025-10-29 07:45:00+00:00,4013.52,4025.54,4010.1,4022.83,20855.858
2025-10-29 08:00:00+00:00,4022.83,4024.83,4010.15,4010.15,30784.532
2025-10-29 08:15:00+00:00,4010.16,4017.86,4010.15,4016.28,19856.035
2025-10-29 08:30:00+00:00,4016.28,4018.42,4001.69,4005.34,39270.125
2025-10-29 08:45:00+00:00,4005.34,4010.94,4002.37,4005.56,17992.75
2025-10-29 09:00:00+00:00,4005.57,4008.18,3990.01,3992.48,69596.199
2025-10-29 09:15:00+00:00,3992.49,4004.52,3991.0,3994.67,38131.125
2025-10-29 09:30:00+00:00,3994.67,4000.7,3985.0,3999.13,40390.211
2025-10-29 09:45:00+00:00,3999.13,4003.89,3995.34,3995.67,15872.837
2025-10-29 10:00:00+00:00,3995.67,4000.71,3990.38,3992.63,19967.533
2025-10-29 10:15:00+00:00,3992.64,3999.61,3990.9,3995.93,20576.508
2025-10-29 10:30:00+00:00,3995.92,4003.0,3991.53,3997.35,22517.558
2025-10-29 10:45:00+00:00,3997.36,4001.56,3986.0,3987.11,23428.391
2025-10-29 11:00:00+00:00,3987.12,4001.62,3982.0,4000.62,35435.705
2025-10-29 11:15:00+00:00,4000.62,4009.56,3998.54,4007.07,27846.368
2025-10-29 11:30:00+00:00,4007.07,4014.32,4003.54,4003.54,21231.88
2025-10-29 11:45:00+00:00,4003.54,4013.39,4003.54,4009.14,14139.711
2025-10-29 12:00:00+00:00,4009.13,4015.31,4007.35,4009.93,16029.785
2025-10-29 12:15:00+00:00,4009.94,4012.72,4002.1,4002.69,14474.168
2025-10-29 12:30:00+00:00,4002.69,4010.6,4002.07,4008.96,12071.597
2025-10-29 12:45:00+00:00,4008.95,4018.56,4006.0,4014.0,15522.635
2025-10-29 13:00:00+00:00,4014.0,4026.09,4010.72,4024.81,33657.354
2025-10-29 13:15:00+00:00,4024.83,4028.01,4019.43,4021.39,30939.741
2025-10-29 13:30:00+00:00,4021.38,4027.45,3989.15,4000.93,94672.864
2025-10-29 13:45:00+00:00,4000.93,4002.2,3981.81,3993.19,63557.798
2025-10-29 14:00:00+00:00,3993.19,3996.22,3970.39,3989.69,82663.304
2025-10-29 14:15:00+00:00,3989.7,3990.18,3971.82,3975.15,40156.89
2025-10-29 14:30:00+00:00,3975.15,3995.95,3971.0,3989.99,47405.074
2025-10-29 14:45:00+00:00,3989.98,3998.99,3977.1,3986.94,32164.637
2025-10-29 15:00:00+00:00,3986.94,3993.18,3975.0,3975.01,36460.168
2025-10-29 15:15:00+00:00,3975.01,3983.19,3963.79,3971.16,54251.916
2025-10-29 15:30:00+00:00,3971.17,3980.0,3951.21,3956.96,91580.526
2025-10-29 15:45:00+00:00,3956.97,3963.28,3939.14,3950.23,90850.871
2025-10-29 16:00:00+00:00,3950.23,3950.99,3923.56,3938.13,108739.059
2025-10-29 16:15:00+00:00,3938.14,3967.8,3935.0,3961.3,88431.918
2025-10-29 16:30:00+00:00,3961.31,3976.0,3959.28,3969.26,51633.355
2025-10-29 16:45:00+00:00,3969.26,3972.5,3957.78,3961.0,24727.5
2025-10-29 17:00:00+00:00,3961.0,3974.24,3960.48,3969.95,24906.599
2025-10-29 17:15:00+00:00,3969.95,3970.0,3957.77,3965.35,19142.994
2025-10-29 17:30:00+00:00,3965.35,4009.9,3962.68,4002.54,102365.139
2025-10-29 17:45:00+00:00,4002.55,4014.77,3994.68,4012.63,48989.526
2025-10-29 18:00:00+00:00,4012.63,4017.11,3968.87,3981.01,169098.901
2025-10-29 18:15:00+00:00,3981.0,3998.88,3980.43,3990.55,36774.397
2025-10-29 18:30:00+00:00,3990.55,4004.78,3836.0,3861.09,655106.103
2025-10-29 18:45:00+00:00,3861.09,3944.72,3855.99,3915.29,270885.1
2025-10-29 19:00:00+00:00,3915.29,3956.0,3914.46,3946.46,126318.82
2025-10-29 19:15:00+00:00,3946.47,3951.3,3920.0,3927.02,83804.168
2025-10-29 19:30:00+00:00,3927.01,3927.02,3885.67,3898.85,110819.367
2025-10-29 19:45:00+00:00,3898.84,3923.88,3897.96,3903.54,58377.563
2025-10-29 20:00:00+00:00,3903.54,3919.93,3886.04,3899.99,75091.028
2025-10-29 20:15:00+00:00,3899.99,3939.25,3894.67,3933.92,53314.945
2025-10-29 20:30:00+00:00,3933.92,3942.98,3924.04,3935.64,29338.791
2025-10-29 20:45:00+00:00,3935.63,3951.3,3930.69,3949.32,28402.847
2025-10-29 21:00:00+00:00,3949.32,3949.93,3928.4,3929.7,23870.413
2025-10-29 21:15:00+00:00,3929.7,3945.1,3929.7,3941.47,13211.573
2025-10-29 21:30:00+00:00,3941.47,3962.55,3941.47,3950.76,26400.119
2025-10-29 21:45:00+00:00,3950.76,3960.0,3946.25,3954.41,14706.965
2025-10-29 22:00:00+00:00,3954.4,3958.36,3938.28,3943.84,19906.498
2025-10-29 22:15:00+00:00,3943.85,3948.5,3937.38,3938.2,13094.984
2025-10-29 22:30:00+00:00,3938.19,3943.4,3932.16,3937.51,13782.209
2025-10-29 22:45:00+00:00,3937.5,3947.31,3936.59,3938.96,8654.031
2025-10-29 23:00:00+00:00,3938.95,3939.4,3911.0,3911.01,34182.942
2025-10-29 23:15:00+00:00,3911.01,3922.0,3908.0,3910.0,21724.389
2025-10-29 23:30:00+00:00,3910.01,3913.02,3871.17,3890.01,126655.456
2025-10-29 23:45:00+00:00,3890.0,3902.99,3888.05,3900.38,33367.506
2025-10-30 00:00:00+00:00,3900.38,3907.0,3882.36,3903.19,50136.662
2025-10-30 00:15:00+00:00,3903.18,3915.42,3902.76,3911.66,40833.122
2025-10-30 00:30:00+00:00,3911.65,3915.99,3900.25,3909.3,19879.874
2025-10-30 00:45:00+00:00,3909.31,3921.0,3904.51,3920.31,22618.243
2025-10-30 01:00:00+00:00,3920.31,3923.47,3903.35,3914.89,30929.327
2025-10-30 01:15:00+00:00,3914.9,3920.83,3907.63,3911.03,19401.958
2025-10-30 01:30:00+00:00,3911.03,3926.0,3909.56,3923.89,20884.479
2025-10-30 01:45:00+00:00,3923.89,3933.8,3922.9,3925.61,26762.421
2025-10-30 02:00:00+00:00,3925.61,3931.6,3921.32,3931.35,17138.056
2025-10-30 02:15:00+00:00,3931.35,3945.65,3931.35,3941.96,37199.852
2025-10-30 02:30:00+00:00,3941.97,3945.35,3938.67,3943.8,19610.979
2025-10-30 02:45:00+00:00,3943.8,3945.0,3936.43,3943.95,15955.199
2025-10-30 03:00:00+00:00,3943.95,3944.7,3933.63,3942.52,24805.649
2025-10-30 03:15:00+00:00,3942.53,3947.0,3936.0,3936.8,17888.779
2025-10-30 03:30:00+00:00,3936.81,3941.0,3931.3,3933.99,16937.16
2025-10-30 03:45:00+00:00,3933.99,3934.1,3926.03,3932.54,20055.26
2025-10-30 04:00:00+00:00,3932.53,3933.12,3880.39,3885.68,86157.867
2025-10-30 04:15:00+00:00,3885.68,3897.4,3836.82,3854.77,195744.756
2025-10-30 04:30:00+00:00,3854.77,3916.41,3841.31,3890.08,255753.016
2025-10-30 04:45:00+00:00,3890.07,3900.48,3867.34,3869.56,79609.572
2025-10-30 05:00:00+00:00,3869.55,3876.52,3854.01,3870.66,88156.046
2025-10-30 05:15:00+00:00,3870.67,3877.82,3858.0,3872.78,39950.499
2025-10-30 05:30:00+00:00,3872.79,3915.0,3868.15,3912.9,94843.15
2025-10-30 05:45:00+00:00,3912.9,3921.87,3908.0,3914.85,66194.756
2025-10-30 06:00:00+00:00,3914.86,3918.0,3901.03,3904.83,36981.087
2025-10-30 06:15:00+00:00,3904.84,3908.73,3895.17,3905.33,37840.206
2025-10-30 06:30:00+00:00,3905.32,3925.0,3902.45,3919.43,34240.245
2025-10-30 06:45:00+00:00,3919.44,3923.0,3910.6,3911.39,25783.254
2025-10-30 07:00:00+00:00,3911.39,3930.0,3905.88,3924.55,38074.907
2025-10-30 07:15:00+00:00,3924.54,3943.0,3923.86,3932.4,68033.625
2025-10-30 07:30:00+00:00,3932.4,3938.2,3930.52,3938.19,19561.585
2025-10-30 07:45:00+00:00,3938.19,3939.85,3930.12,3938.18,27395.79
2025-10-30 08:00:00+00:00,3938.19,3938.41,3922.99,3926.4,38133.63
2025-10-30 08:15:00+00:00,3926.4,3931.9,3922.83,3923.78,25830.026
2025-10-30 08:30:00+00:00,3923.78,3933.93,3921.65,3931.75,19737.238
2025-10-30 08:45:00+00:00,3931.75,3933.29,3914.14,3919.64,23072.663
2025-10-30 09:00:00+00:00,3919.65,3922.93,3907.02,3909.05,36259.2
2025-10-30 09:15:00+00:00,3909.05,3912.65,3891.04,3903.56,62392.641
2025-10-30 09:30:00+00:00,3903.57,3912.48,3890.14,3895.0,35774.038
2025-10-30 09:45:00+00:00,3895.0,3906.88,3894.45,3898.57,19110.846
2025-10-30 10:00:00+00:00,3898.58,3906.41,3884.47,3888.37,37133.011
2025-10-30 10:15:00+00:00,3888.37,3906.1,3886.19,3898.09,37282.715
2025-10-30 10:30:00+00:00,3898.09,3904.92,3887.56,3888.0,17878.173
2025-10-30 10:45:00+00:00,3888.0,3897.95,3880.77,3891.31,25919.125
2025-10-30 11:00:00+00:00,3891.31,3893.55,3876.02,3884.49,37000.896
2025-10-30 11:15:00+00:00,3884.49,3893.0,3875.11,3889.3,25191.098
2025-10-30 11:30:00+00:00,3889.29,3896.21,3886.0,3890.75,16752.955
2025-10-30 11:45:00+00:00,3890.74,3895.8,3879.01,3879.52,21566.242
2025-10-30 12:00:00+00:00,3879.52,3883.19,3870.51,3872.3,38927.119
2025-10-30 12:15:00+00:00,3872.29,3872.78,3840.0,3852.66,127668.488
2025-10-30 12:30:00+00:00,3852.66,3857.58,3809.29,3809.29,159161.947
2025-10-30 12:45:00+00:00,3809.5,3820.55,3792.93,3815.66,190851.956
2025-10-30 13:00:00+00:00,3815.66,3835.0,3807.33,3826.97,100591.37
2025-10-30 13:15:00+00:00,3826.98,3827.99,3804.08,3818.23,85394.22
2025-10-30 13:30:00+00:00,3818.23,3818.25,3767.0,3780.54,235215.406
2025-10-30 13:45:00+00:00,3780.54,3803.27,3756.03,3764.66,192845.279
2025-10-30 14:00:00+00:00,3764.65,3793.7,3762.5,3792.37,116932.508
2025-10-30 14:15:00+00:00,3792.36,3792.54,3772.2,3777.58,64511.259
2025-10-30 14:30:00+00:00,3777.57,3798.81,3766.77,3794.62,67482.506
2025-10-30 14:45:00+00:00,3794.63,3805.0,3780.23,3798.71,79773.689
2025-10-30 15:00:00+00:00,3798.72,3805.4,3776.67,3786.49,60803.895
2025-10-30 15:15:00+00:00,3786.49,3790.74,3773.0,3781.57,43666.136
2025-10-30 15:30:00+00:00,3781.57,3782.36,3758.52,3769.65,75976.455
2025-10-30 15:45:00+00:00,3769.65,3774.44,3755.81,3771.61,51631.469
2025-10-30 16:00:00+00:00,3771.61,3790.56,3761.0,3787.87,73785.168
2025-10-30 16:15:00+00:00,3787.87,3800.45,3776.12,3796.7,44288.622
2025-10-30 16:30:00+00:00,3796.71,3797.09,3774.47,3778.04,42025.346
2025-10-30 16:45:00+00:00,3778.05,3788.0,3772.0,3779.37,25163.033
2025-10-30 17:00:00+00:00,3779.38,3779.38,3750.0,3757.13,87470.842
2025-10-30 17:15:00+00:00,3757.13,3758.28,3731.59,3739.89,166876.706
2025-10-30 17:30:00+00:00,3739.89,3743.27,3726.0,3742.81,118440.42
2025-10-30 17:45:00+00:00,3742.81,3772.21,3742.59,3769.66,101624.682
2025-10-30 18:00:00+00:00,3769.66,3771.0,3750.3,3751.53,54195.735
2025-10-30 18:15:00+00:00,3751.53,3757.44,3734.0,3738.99,53499.935
2025-10-30 18:30:00+00:00,3739.0,3751.03,3722.65,3724.52,81314.409
2025-10-30 18:45:00+00:00,3724.52,3733.13,3719.12,3720.0,47236.317
2025-10-30 19:00:00+00:00,3720.0,3736.36,3711.32,3727.32,94963.208
2025-10-30 19:15:00+00:00,3727.31,3731.16,3711.03,3727.39,52178.604
2025-10-30 19:30:00+00:00,3727.39,3732.85,3686.0,3700.51,168519.231
2025-10-30 19:45:00+00:00,3700.51,3720.18,3677.7,3685.25,125947.581
2025-10-30 20:00:00+00:00,3685.25,3711.59,3678.33,3707.27,100856.137
2025-10-30 20:15:00+00:00,3707.27,3720.4,3706.5,3714.66,35603.489
2025-10-30 20:30:00+00:00,3714.66,3743.14,3698.53,3734.44,78946.056
2025-10-30 20:45:00+00:00,3734.43,3756.38,3730.8,3755.0,61581.368
2025-10-30 21:00:00+00:00,3755.01,3761.98,3745.59,3754.53,33470.146
2025-10-30 21:15:00+00:00,3754.53,3763.48,3751.34,3753.35,26302.852
2025-10-30 21:30:00+00:00,3753.35,3762.96,3745.75,3759.0,34412.822
2025-10-30 21:45:00+00:00,3759.01,3780.0,3758.0,3771.56,89717.998
2025-10-30 22:00:00+00:00,3771.56,3776.76,3767.0,3770.15,37236.346
2025-10-30 22:15:00+00:00,3770.16,3776.76,3768.0,3770.65,14462.567
2025-10-30 22:30:00+00:00,3770.65,3773.35,3762.19,3767.52,22171.926
2025-10-30 22:45:00+00:00,3767.52,3782.0,3766.14,3781.93,20280.562
2025-10-30 23:00:00+00:00,3781.93,3786.19,3771.46,3773.52,23497.545
2025-10-30 23:15:00+00:00,3773.52,3783.0,3772.01,3782.32,14766.226
2025-10-30 23:30:00+00:00,3782.32,3798.46,3781.75,3783.28,37047.62
2025-10-30 23:45:00+00:00,3783.29,3805.0,3782.16,3802.8,35464.862
2025-10-31 00:00:00+00:00,3802.8,3812.6,3794.13,3810.49,39977.585
2025-10-31 00:15:00+00:00,3810.49,3812.59,3800.5,3807.15,27286.86
2025-10-31 00:30:00+00:00,3807.15,3822.44,3806.16,3822.01,29179.301
2025-10-31 00:45:00+00:00,3822.01,3838.28,3817.54,3829.9,61789.186
2025-10-31 01:00:00+00:00,3829.9,3852.96,3824.0,3850.83,78419.852
2025-10-31 01:15:00+00:00,3850.84,3860.0,3844.27,3847.21,61007.426
2025-10-31 01:30:00+00:00,3847.22,3847.51,3835.01,3836.5,45660.35
2025-10-31 01:45:00+00:00,3836.5,3850.0,3836.49,3845.49,28007.921
2025-10-31 02:00:00+00:00,3845.48,3850.0,3817.02,3822.71,65232.796
2025-10-31 02:15:00+00:00,3822.71,3844.08,3822.57,3835.13,46386.778
2025-10-31 02:30:00+00:00,3835.13,3837.79,3813.69,3816.77,35954.622
2025-10-31 02:45:00+00:00,3816.78,3827.5,3805.49,3820.05,55433.083
2025-10-31 03:00:00+00:00,3820.06,3835.06,3810.0,3829.69,40137.849
2025-10-31 03:15:00+00:00,3829.69,3834.0,3823.82,3825.91,25288.762
2025-10-31 03:30:00+00:00,3825.91,3833.52,3815.53,3817.82,23123.724
2025-10-31 03:45:00+00:00,3817.83,3828.75,3816.37,3827.6,19339.627
2025-10-31 04:00:00+00:00,3827.6,3864.48,3824.7,3862.59,111770.663
2025-10-31 04:15:00+00:00,3862.59,3872.0,3848.13,3861.26,96633.995
2025-10-31 04:30:00+00:00,3861.25,3871.27,3857.1,3864.48,35170.845
2025-10-31 04:45:00+00:00,3864.48,3866.38,3859.0,3861.13,27994.373
2025-10-31 05:00:00+00:00,3861.12,3862.0,3850.66,3855.48,35465.052
2025-10-31 05:15:00+00:00,3855.48,3857.01,3850.0,3855.0,17625.647
2025-10-31 05:30:00+00:00,3855.0,3858.95,3845.4,3849.12,24857.329
2025-10-31 05:45:00+00:00,3849.13,3853.98,3844.18,3849.06,14193.488
2025-10-31 06:00:00+00:00,3849.06,3851.6,3830.0,3833.7,47127.033
2025-10-31 06:15:00+00:00,3833.71,3837.4,3825.14,3832.3,38633.175
2025-10-31 06:30:00+00:00,3832.3,3834.0,3821.47,3823.01,21792.543
2025-10-31 06:45:00+00:00,3823.01,3829.68,3822.18,3829.62,13053.054
2025-10-31 07:00:00+00:00,3829.62,3838.0,3823.12,3837.36,24520.813
2025-10-31 07:15:00+00:00,3837.35,3837.35,3830.0,3834.28,13921.606
2025-10-31 07:30:00+00:00,3834.27,3840.0,3824.0,3824.33,33145.67
2025-10-31 07:45:00+00:00,3824.34,3831.06,3818.78,3829.43,40361.755
2025-10-31 08:00:00+00:00,3829.43,3836.58,3816.29,3817.99,28395.433
2025-10-31 08:15:00+00:00,3817.99,3839.89,3817.58,3837.12,25255.324
2025-10-31 08:30:00+00:00,3837.13,3842.0,3831.83,3837.59,16319.791
2025-10-31 08:45:00+00:00,3837.6,3852.89,3835.54,3850.26,46168.25
2025-10-31 09:00:00+00:00,3850.26,3863.39,3845.0,3847.95,36651.053
2025-10-31 09:15:00+00:00,3847.96,3853.68,3838.0,3840.45,24553.003
2025-10-31 09:30:00+00:00,3840.45,3847.67,3840.08,3845.67,19033.645
2025-10-31 09:45:00+00:00,3845.67,3847.0,3838.46,3843.78,14633.451
2025-10-31 10:00:00+00:00,3843.77,3847.75,3840.45,3841.1,11396.05
2025-10-31 10:15:00+00:00,3841.11,3847.1,3839.34,3842.62,10580.205
2025-10-31 10:30:00+00:00,3842.62,3852.9,3837.57,3850.69,17393.615
2025-10-31 10:45:00+00:00,3850.68,3851.05,3831.0,3834.0,26066.451
2025-10-31 11:00:00+00:00,3834.0,3835.26,3828.73,3829.38,28397.124
2025-10-31 11:15:00+00:00,3829.38,3836.4,3826.11,3833.61,20555.566
2025-10-31 11:30:00+00:00,3833.61,3842.17,3832.46,3841.32,12589.698
2025-10-31 11:45:00+00:00,3841.33,3882.0,3841.32,3872.15,113695.574
2025-10-31 12:00:00+00:00,3872.16,3887.02,3864.0,3866.51,73837.767
2025-10-31 12:15:00+00:00,3866.51,3880.45,3865.99,3869.38,37880.986
2025-10-31 12:30:00+00:00,3869.39,3877.5,3835.4,3844.4,96307.298
2025-10-31 12:45:00+00:00,3844.4,3846.64,3832.74,3834.79,42863.831
2025-10-31 13:00:00+00:00,3834.8,3853.62,3834.55,3850.11,34422.579
2025-10-31 13:15:00+00:00,3850.11,3872.04,3845.53,3855.59,55780.481
2025-10-31 13:30:00+00:00,3855.59,3855.6,3830.0,3834.19,72325.356
2025-10-31 13:45:00+00:00,3834.2,3859.25,3831.13,3857.75,42739.228
2025-10-31 14:00:00+00:00,3857.71,3871.84,3844.24,3846.36,78692.417
2025-10-31 14:15:00+00:00,3846.35,3855.76,3835.9,3850.13,51478.26
2025-10-31 14:30:00+00:00,3850.13,3860.28,3843.63,3849.09,46689.117
2025-10-31 14:45:00+00:00,3849.09,3869.71,3843.0,3865.97,71251.805
2025-10-31 15:00:00+00:00,3865.97,3880.0,3853.35,3871.98,89410.747
2025-10-31 15:15:00+00:00,3871.99,3880.94,3857.37,3859.61,59553.292
2025-10-31 15:30:00+00:00,3859.61,3866.98,3851.22,3866.42,39653.88
2025-10-31 15:45:00+00:00,3866.43,3874.44,3855.03,3858.58,32751.311
2025-10-31 16:00:00+00:00,3858.58,3866.56,3845.72,3850.4,36031.804
2025-10-31 16:15:00+00:00,3850.4,3862.99,3841.01,3859.28,39947.087
2025-10-31 16:30:00+00:00,3859.27,3863.37,3846.01,3847.59,25806.283
2025-10-31 16:45:00+00:00,3847.59,3850.95,3812.43,3820.87,143122.161
2025-10-31 17:00:00+00:00,3820.87,3827.63,3810.54,3816.95,61710.723
2025-10-31 17:15:00+00:00,3816.96,3828.8,3802.64,3820.74,64484.687
2025-10-31 17:30:00+00:00,3820.74,3828.5,3811.15,3822.3,33064.308
2025-10-31 17:45:00+00:00,3822.31,3833.34,3818.56,3826.68,25781.857
2025-10-31 18:00:00+00:00,3826.68,3836.3,3822.48,3827.08,23924.889
2025-10-31 18:15:00+00:00,3827.08,3828.75,3813.67,3822.08,23758.09
2025-10-31 18:30:00+00:00,3822.09,3867.27,3807.22,3859.76,164770.115
2025-10-31 18:45:00+00:00,3859.78,3859.78,3843.0,3851.42,35859.149
2025-10-31 19:00:00+00:00,3851.4,3853.2,3835.02,3847.56,33644.231
2025-10-31 19:15:00+00:00,3847.55,3879.88,3844.14,3872.84,61088.867
2025-10-31 19:30:00+00:00,3872.83,3904.9,3871.67,3891.6,98889.25
2025-10-31 19:45:00+00:00,3891.61,3901.12,3883.14,3884.91,51054.643
2025-10-31 20:00:00+00:00,3884.91,3892.13,3875.33,3886.86,35791.004
2025-10-31 20:15:00+00:00,3886.86,3889.0,3880.69,3885.5,11406.566
2025-10-31 20:30:00+00:00,3885.5,3887.7,3872.22,3873.0,15119.958
2025-10-31 20:45:00+00:00,3873.01,3880.6,3854.29,3858.96,39033.774
2025-10-31 21:00:00+00:00,3858.96,3863.98,3838.68,3841.12,30968.898
2025-10-31 21:15:00+00:00,3841.11,3853.11,3840.56,3850.1,17231.112
2025-10-31 21:30:00+00:00,3850.11,3861.29,3842.4,3856.01,18202.282
2025-10-31 21:45:00+00:00,3856.01,3862.52,3853.08,3860.14,9209.306
2025-10-31 22:00:00+00:00,3860.14,3865.39,3854.62,3858.5,14208.854
2025-10-31 22:15:00+00:00,3858.5,3861.34,3849.0,3855.07,8022.992
2025-10-31 22:30:00+00:00,3855.06,3861.47,3853.59,3854.17,5149.957
2025-10-31 22:45:00+00:00,3854.16,3857.53,3852.46,3853.64,5115.15
2025-10-31 23:00:00+00:00,3853.63,3856.91,3850.77,3850.78,7878.16
2025-10-31 23:15:00+00:00,3850.78,3855.73,3850.0,3853.88,4144.273
2025-10-31 23:30:00+00:00,3853.87,3856.29,3848.15,3856.28,7310.055
2025-10-31 23:45:00+00:00,3856.29,3857.26,3845.63,3846.42,8421.686
2025-11-01 00:00:00+00:00,3846.42,3848.41,3840.28,3841.75,13393.562
2025-11-01 00:15:00+00:00,3841.75,3843.08,3828.8,3840.26,24162.627
2025-11-01 00:30:00+00:00,3840.26,3841.31,3832.11,3840.75,12553.729
2025-11-01 00:45:00+00:00,3840.75,3847.25,3840.12,3845.57,13640.9
2025-11-01 01:00:00+00:00,3845.57,3850.92,3844.08,3846.01,11833.576
2025-11-01 01:15:00+00:00,3846.0,3854.91,3842.97,3853.91,11866.748
2025-11-01 01:30:00+00:00,3853.92,3858.99,3842.41,3846.0,15741.635
2025-11-01 01:45:00+00:00,3845.99,3846.04,3841.03,3842.41,6804.397
2025-11-01 02:00:00+00:00,3842.41,3844.16,3834.47,3837.28,13847.367
2025-11-01 02:15:00+00:00,3837.27,3846.74,3837.27,3845.4,9629.705
2025-11-01 02:30:00+00:00,3845.4,3846.28,3837.0,3844.83,6378.64
2025-11-01 02:45:00+00:00,3844.82,3853.79,3844.82,3850.59,9342.747
2025-11-01 03:00:00+00:00,3850.58,3856.0,3849.52,3850.72,11673.928
2025-11-01 03:15:00+00:00,3850.72,3857.45,3849.52,3854.81,13448.637
2025-11-01 03:30:00+00:00,3854.81,3863.27,3853.2,3857.81,14487.338
2025-11-01 03:45:00+00:00,3857.82,3862.67,3856.0,3860.0,8253.356
2025-11-01 04:00:00+00:00,3860.0,3867.66,3857.75,3859.67,15748.257
2025-11-01 04:15:00+00:00,3859.67,3864.43,3853.41,3861.0,13701.44
2025-11-01 04:30:00+00:00,3861.01,3866.12,3855.88,3862.47,15945.986
2025-11-01 04:45:00+00:00,3862.46,3867.65,3862.11,3864.74,13101.157
2025-11-01 05:00:00+00:00,3864.75,3865.85,3856.38,3859.62,10765.337
2025-11-01 05:15:00+00:00,3859.61,3864.99,3858.0,3862.29,6620.804
2025-11-01 05:30:00+00:00,3862.3,3865.0,3859.27,3861.85,4967.167
2025-11-01 05:45:00+00:00,3861.84,3862.74,3851.3,3853.96,14360.604
2025-11-01 06:00:00+00:00,3853.97,3857.92,3852.39,3855.0,11977.031
2025-11-01 06:15:00+00:00,3855.01,3855.36,3851.52,3854.11,10323.041
2025-11-01 06:30:00+00:00,3854.12,3859.63,3851.51,3853.01,11789.199
2025-11-01 06:45:00+00:00,3853.01,3857.68,3851.33,3857.04,9888.709
2025-11-01 07:00:00+00:00,3857.04,3862.59,3855.0,3860.0,7995.5
2025-11-01 07:15:00+00:00,3860.01,3866.02,3858.12,3863.62,7897.228
2025-11-01 07:30:00+00:00,3863.63,3865.59,3857.19,3859.88,9862.445
2025-11-01 07:45:00+00:00,3859.87,3861.55,3857.36,3859.28,6230.38
2025-11-01 08:00:00+00:00,3859.29,3864.99,3859.0,3863.18,16990.776
2025-11-01 08:15:00+00:00,3863.19,3869.92,3859.43,3865.99,20919.815
2025-11-01 08:30:00+00:00,3865.99,3873.88,3865.48,3867.74,18021.494
2025-11-01 08:45:00+00:00,3867.73,3882.0,3867.73,3880.3,26437.879
2025-11-01 09:00:00+00:00,3880.31,3881.16,3873.95,3879.98,18938.104
2025-11-01 09:15:00+00:00,3879.99,3879.99,3872.42,3875.47,12357.171
2025-11-01 09:30:00+00:00,3875.48,3876.59,3870.01,3870.2,12571.72
2025-11-01 09:45:00+00:00,3870.2,3876.79,3870.2,3873.89,12302.171
2025-11-01 10:00:00+00:00,3873.89,3878.75,3870.43,3871.68,11046.224
2025-11-01 10:15:00+00:00,3871.69,3875.15,3871.2,3872.47,10310.435
2025-11-01 10:30:00+00:00,3872.47,3878.3,3871.7,3877.69,6594.673
2025-11-01 10:45:00+00:00,3877.69,3880.44,3873.86,3874.99,7935.536
2025-11-01 11:00:00+00:00,3874.99,3879.49,3874.99,3876.77,7154.091
2025-11-01 11:15:00+00:00,3876.78,3879.25,3871.0,3871.0,7649.564
2025-11-01 11:30:00+00:00,3871.0,3876.21,3866.93,3874.68,14382.246
2025-11-01 11:45:00+00:00,3874.68,3876.52,3872.76,3876.08,6049.013
2025-11-01 12:00:00+00:00,3876.08,3879.69,3874.99,3875.51,7921.569
2025-11-01 12:15:00+00:00,3875.51,3878.23,3874.06,3876.42,6657.106
2025-11-01 12:30:00+00:00,3876.42,3879.37,3876.42,3877.75,6531.189
2025-11-01 12:45:00+00:00,3877.75,3877.76,3873.62,3874.62,6543.043
2025-11-01 13:00:00+00:00,3874.63,3877.52,3872.46,3875.46,8982.627
2025-11-01 13:15:00+00:00,3875.46,3877.55,3871.49,3873.01,8073.04
2025-11-01 13:30:00+00:00,3873.01,3875.33,3855.66,3861.2,28283.377
2025-11-01 13:45:00+00:00,3861.21,3869.0,3859.35,3868.61,16899.776
2025-11-01 14:00:00+00:00,3868.62,3872.2,3857.43,3858.17,22221.01
2025-11-01 14:15:00+00:00,3858.18,3866.19,3856.53,3864.02,20918.364
2025-11-01 14:30:00+00:00,3864.02,3873.98,3860.1,3871.34,15822.793
2025-11-01 14:45:00+00:00,3871.35,3874.0,3866.8,3871.43,9522.448
2025-11-01 15:00:00+00:00,3871.43,3901.36,3869.95,3891.72,79310.433
2025-11-01 15:15:00+00:00,3891.73,3894.0,3878.6,3885.71,31135.989
2025-11-01 15:30:00+00:00,3885.71,3893.3,3880.51,3882.79,20577.153
2025-11-01 15:45:00+00:00,3882.8,3893.58,3881.3,3893.01,13048.834
2025-11-01 16:00:00+00:00,3893.02,3907.61,3888.5,3889.96,48217.216
2025-11-01 16:15:00+00:00,3889.97,3893.63,3883.79,3884.1,21519.393
2025-11-01 16:30:00+00:00,3884.09,3897.28,3884.09,3896.52,12558.576
2025-11-01 16:45:00+00:00,3896.52,3901.42,3890.23,3890.24,14923.528
2025-11-01 17:00:00+00:00,3890.24,3892.56,3875.0,3879.56,48021.391
2025-11-01 17:15:00+00:00,3879.55,3880.0,3866.47,3867.75,24061.835
2025-11-01 17:30:00+00:00,3867.75,3873.99,3866.76,3866.77,22980.056
2025-11-01 17:45:00+00:00,3866.77,3869.92,3860.44,3864.19,27050.412
2025-11-01 18:00:00+00:00,3864.2,3870.9,3862.24,3867.64,15440.422
2025-11-01 18:15:00+00:00,3867.63,3876.2,3866.09,3868.46,10949.629
2025-11-01 18:30:00+00:00,3868.46,3878.0,3867.73,3876.99,8790.48
2025-11-01 18:45:00+00:00,3876.98,3879.2,3873.37,3878.38,7755.382
2025-11-01 19:00:00+00:00,3878.37,3878.38,3874.0,3876.8,5252.416
2025-11-01 19:15:00+00:00,3876.79,3877.76,3872.29,3872.49,5946.666
2025-11-01 19:30:00+00:00,3872.49,3875.34,3869.23,3875.33,4179.523
2025-11-01 19:45:00+00:00,3875.34,3879.39,3874.4,3878.34,4248.091
2025-11-01 20:00:00+00:00,3878.33,3884.72,3877.05,3880.14,9018.685
2025-11-01 20:15:00+00:00,3880.13,3887.63,3879.03,3887.62,7519.095
2025-11-01 20:30:00+00:00,3887.63,3890.0,3884.38,3885.66,7031.981
2025-11-01 20:45:00+00:00,3885.66,3886.22,3878.0,3879.93,8763.957
2025-11-01 21:00:00+00:00,3879.92,3881.29,3874.26,3874.68,6671.383
2025-11-01 21:15:00+00:00,3874.68,3882.17,3874.68,3881.06,4123.271
2025-11-01 21:30:00+00:00,3881.07,3883.0,3875.0,3875.01,4748.093
2025-11-01 21:45:00+00:00,3875.01,3875.01,3865.81,3865.82,11218.747
2025-11-01 22:00:00+00:00,3865.81,3872.96,3864.68,3865.49,12666.794
2025-11-01 22:15:00+00:00,3865.5,3869.94,3862.44,3868.96,10313.535
2025-11-01 22:30:00+00:00,3868.97,3872.31,3867.35,3872.31,5129.857
2025-11-01 22:45:00+00:00,3872.3,3874.46,3868.35,3873.24,4721.453
2025-11-01 23:00:00+00:00,3873.23,3874.26,3867.25,3869.04,5046.473
2025-11-01 23:15:00+00:00,3869.05,3873.19,3867.11,3872.2,4010.587
2025-11-01 23:30:00+00:00,3872.2,3874.04,3869.29,3873.2,3426.488
2025-11-01 23:45:00+00:00,3873.2,3875.9,3871.66,3872.14,3836.751
2025-11-02 00:00:00+00:00,3872.14,3872.57,3866.25,3869.06,8686.49
2025-11-02 00:15:00+00:00,3869.07,3869.07,3863.68,3864.53,11745.147
2025-11-02 00:30:00+00:00,3864.53,3869.0,3860.21,3868.43,11713.3
2025-11-02 00:45:00+00:00,3868.43,3869.0,3863.57,3864.73,3589.579
2025-11-02 01:00:00+00:00,3864.73,3866.37,3860.01,3864.04,8430.727
2025-11-02 01:15:00+00:00,3864.04,3873.17,3863.32,3873.0,8438.205
2025-11-02 01:30:00+00:00,3873.0,3875.69,3870.26,3871.74,8265.26
2025-11-02 01:45:00+00:00,3871.74,3871.99,3865.86,3870.47,8711.656
2025-11-02 02:00:00+00:00,3870.47,3875.47,3867.0,3874.48,8496.604
2025-11-02 02:15:00+00:00,3874.47,3876.78,3870.0,3874.07,6015.854
2025-11-02 02:30:00+00:00,3874.06,3885.83,3873.74,3877.24,17024.058
2025-11-02 02:45:00+00:00,3877.23,3881.33,3877.0,3878.47,9037.765
2025-11-02 03:00:00+00:00,3878.47,3882.89,3876.22,3880.29,8000.947
2025-11-02 03:15:00+00:00,3880.29,3880.59,3876.2,3877.52,3958.417
2025-11-02 03:30:00+00:00,3877.53,3883.55,3877.0,3880.72,5548.61
2025-11-02 03:45:00+00:00,3880.73,3881.59,3876.38,3879.25,4980.435
2025-11-02 04:00:00+00:00,3879.25,3885.49,3874.08,3881.0,13208.025
2025-11-02 04:15:00+00:00,3881.01,3886.49,3879.58,3884.08,9604.681
2025-11-02 04:30:00+00:00,3884.08,3894.0,3881.57,3891.58,18303.436
2025-11-02 04:45:00+00:00,3891.58,3915.98,3889.66,3907.21,75303.99
2025-11-02 05:00:00+00:00,3907.22,3908.0,3896.64,3900.14,22549.15
2025-11-02 05:15:00+00:00,3900.13,3904.67,3893.0,3898.21,16645.99
2025-11-02 05:30:00+00:00,3898.2,3901.44,3893.41,3900.59,9764.008
2025-11-02 05:45:00+00:00,3900.59,3904.68,3896.01,3901.05,10986.272
2025-11-02 06:00:00+00:00,3901.05,3902.32,3894.48,3895.27,8567.254
2025-11-02 06:15:00+00:00,3895.27,3896.69,3890.1,3895.33,8997.511
2025-11-02 06:30:00+00:00,3895.34,3899.6,3890.36,3899.6,9393.875
2025-11-02 06:45:00+00:00,3899.6,3906.74,3899.28,3900.28,13980.927
2025-11-02 07:00:00+00:00,3900.28,3901.5,3890.38,3893.99,22672.516
2025-11-02 07:15:00+00:00,3894.0,3895.89,3890.8,3892.99,7461.918
2025-11-02 07:30:00+00:00,3892.99,3897.76,3890.34,3896.69,7682.481
2025-11-02 07:45:00+00:00,3896.69,3917.0,3896.56,3904.57,38904.018
2025-11-02 08:00:00+00:00,3904.58,3909.34,3898.52,3902.39,21201.055
2025-11-02 08:15:00+00:00,3902.38,3905.68,3895.0,3896.88,14528.801
2025-11-02 08:30:00+00:00,3896.88,3898.49,3895.0,3896.36,9323.417
2025-11-02 08:45:00+00:00,3896.36,3896.36,3890.02,3893.22,13791.281
2025-11-02 09:00:00+00:00,3893.22,3900.35,3892.91,3897.79,15835.676
2025-11-02 09:15:00+00:00,3897.78,3901.86,3894.0,3898.0,9559.671
2025-11-02 09:30:00+00:00,3898.01,3898.01,3864.45,3875.34,80858.344
2025-11-02 09:45:00+00:00,3875.34,3875.35,3867.25,3870.77,36816.773
2025-11-02 10:00:00+00:00,3870.76,3874.69,3853.0,3866.0,67203.542
2025-11-02 10:15:00+00:00,3866.0,3866.0,3855.44,3856.71,29081.052
2025-11-02 10:30:00+00:00,3856.71,3860.27,3851.24,3857.7,32591.524
2025-11-02 10:45:00+00:00,3857.69,3862.84,3857.5,3861.64,16013.966
2025-11-02 11:00:00+00:00,3861.64,3869.99,3860.43,3866.05,28396.192
2025-11-02 11:15:00+00:00,3866.05,3880.98,3864.83,3878.66,32286.483
2025-11-02 11:30:00+00:00,3878.65,3893.27,3878.16,3888.24,46157.84
2025-11-02 11:45:00+00:00,3888.23,3895.8,3888.23,3888.92,29282.933
2025-11-02 12:00:00+00:00,3888.93,3892.98,3883.25,3886.9,30198.39
2025-11-02 12:15:00+00:00,3886.9,3890.0,3877.31,3881.32,20564.16
2025-11-02 12:30:00+00:00,3881.32,3885.25,3869.7,3875.15,27312.914
2025-11-02 12:45:00+00:00,3875.16,3877.7,3870.27,3875.91,13869.376
2025-11-02 13:00:00+00:00,3875.9,3875.92,3868.0,3869.29,18040.751
2025-11-02 13:15:00+00:00,3869.3,3869.3,3852.3,3861.17,51580.954
2025-11-02 13:30:00+00:00,3861.18,3864.85,3856.01,3864.22,21299.294
2025-11-02 13:45:00+00:00,3864.21,3868.11,3859.05,3866.46,14552.33
2025-11-02 14:00:00+00:00,3866.46,3871.5,3856.25,3858.24,18927.408
2025-11-02 14:15:00+00:00,3858.24,3859.44,3837.04,3841.37,71170.207
2025-11-02 14:30:00+00:00,3841.36,3857.78,3840.04,3847.51,28245.237
2025-11-02 14:45:00+00:00,3847.51,3857.96,3841.0,3851.4,21745.575
2025-11-02 15:00:00+00:00,3851.4,3859.35,3844.01,3855.43,16966.014
2025-11-02 15:15:00+00:00,3855.43,3869.0,3852.8,3865.98,22120.522
2025-11-02 15:30:00+00:00,3865.98,3869.91,3853.0,3856.97,23212.815
2025-11-02 15:45:00+00:00,3856.98,3861.31,3850.8,3851.63,12085.292
2025-11-02 16:00:00+00:00,3851.63,3856.99,3843.0,3845.12,33264.794
2025-11-02 16:15:00+00:00,3845.13,3861.0,3838.23,3858.0,31746.439
2025-11-02 16:30:00+00:00,3858.01,3860.0,3849.28,3859.64,13363.886
2025-11-02 16:45:00+00:00,3859.65,3863.58,3854.83,3862.75,11952.511
2025-11-02 17:00:00+00:00,3862.75,3862.76,3856.98,3857.91,8836.604
2025-11-02 17:15:00+00:00,3857.92,3860.38,3852.12,3857.68,7911.993
2025-11-02 17:30:00+00:00,3857.68,3857.88,3850.52,3854.5,5857.986
2025-11-02 17:45:00+00:00,3854.5,3858.04,3847.85,3857.7,8632.771
2025-11-02 18:00:00+00:00,3857.7,3862.76,3855.0,3855.0,7628.283
2025-11-02 18:15:00+00:00,3855.0,3860.23,3853.52,3858.91,4693.794
2025-11-02 18:30:00+00:00,3858.92,3865.89,3857.49,3863.27,9127.618
2025-11-02 18:45:00+00:00,3863.28,3865.43,3860.12,3862.44,5744.061
2025-11-02 19:00:00+00:00,3862.44,3862.99,3854.38,3860.22,10100.795
2025-11-02 19:15:00+00:00,3860.22,3860.22,3848.34,3848.65,7550.94
2025-11-02 19:30:00+00:00,3848.64,3855.59,3840.93,3842.89,21818.729
2025-11-02 19:45:00+00:00,3842.89,3855.03,3842.88,3854.38,8593.072
2025-11-02 20:00:00+00:00,3854.38,3857.0,3846.0,3846.39,6202.488
2025-11-02 20:15:00+00:00,3846.39,3852.9,3846.38,3851.2,3469.768
2025-11-02 20:30:00+00:00,3851.2,3855.71,3850.7,3852.71,4822.684
2025-11-02 20:45:00+00:00,3852.71,3858.19,3852.0,3857.19,4708.397
2025-11-02 21:00:00+00:00,3857.19,3861.74,3848.97,3849.83,10593.296
2025-11-02 21:15:00+00:00,3849.83,3853.34,3848.39,3851.9,6077.03
2025-11-02 21:30:00+00:00,3851.89,3859.67,3851.89,3859.67,6630.898
2025-11-02 21:45:00+00:00,3859.66,3867.45,3859.2,3859.54,10773.602
2025-11-02 22:00:00+00:00,3859.54,3861.59,3854.3,3855.23,7881.772
2025-11-02 22:15:00+00:00,3855.23,3862.08,3854.78,3858.53,5122.763
2025-11-02 22:30:00+00:00,3858.53,3858.85,3842.41,3848.43,16658.105
2025-11-02 22:45:00+00:00,3848.43,3853.39,3845.45,3853.39,6419.508
2025-11-02 23:00:00+00:00,3853.39,3881.86,3853.39,3879.62,43869.898
2025-11-02 23:15:00+00:00,3879.62,3880.58,3869.13,3872.13,19310.255
2025-11-02 23:30:00+00:00,3872.13,3906.98,3870.48,3899.5,97786.159
2025-11-02 23:45:00+00:00,3899.51,3915.0,3899.09,3904.8,48213.995
2025-11-03 00:00:00+00:00,3904.79,3912.68,3898.38,3907.14,38841.913
2025-11-03 00:15:00+00:00,3907.14,3913.34,3891.78,3892.48,39832.755
2025-11-03 00:30:00+00:00,3892.47,3896.47,3883.38,3886.5,30943.656
2025-11-03 00:45:00+00:00,3886.49,3890.96,3861.15,3863.3,56504.931
2025-11-03 01:00:00+00:00,3863.31,3863.41,3848.0,3857.22,72926.476
2025-11-03 01:15:00+00:00,3857.23,3860.0,3838.41,3846.35,61515.812
2025-11-03 01:30:00+00:00,3846.36,3850.73,3826.51,3840.6,72194.228
2025-11-03 01:45:00+00:00,3840.6,3844.06,3833.4,3835.16,26009.891
2025-11-03 02:00:00+00:00,3835.17,3840.08,3821.51,3832.38,54039.412
2025-11-03 02:15:00+00:00,3832.37,3832.86,3810.0,3811.92,75199.593
2025-11-03 02:30:00+00:00,3811.91,3811.91,3780.0,3793.12,141502.167
2025-11-03 02:45:00+00:00,3793.14,3810.84,3786.0,3797.39,87229.11
2025-11-03 03:00:00+00:00,3797.4,3805.0,3740.9,3753.57,185965.63
2025-11-03 03:15:00+00:00,3753.57,3769.77,3737.55,3750.42,119259.046
2025-11-03 03:30:00+00:00,3750.42,3759.27,3730.2,3751.05,91022.108
2025-11-03 03:45:00+00:00,3751.04,3751.05,3726.0,3734.73,87416.32
2025-11-03 04:00:00+00:00,3734.74,3734.79,3713.22,3727.19,104670.622
2025-11-03 04:15:00+00:00,3727.19,3743.0,3722.26,3736.23,64474.559
2025-11-03 04:30:00+00:00,3736.24,3740.86,3727.29,3727.3,41547.809
2025-11-03 04:45:00+00:00,3727.3,3746.7,3727.29,3744.76,38923.783
2025-11-03 05:00:00+00:00,3744.77,3764.07,3743.0,3759.72,68666.459
2025-11-03 05:15:00+00:00,3759.7,3762.0,3748.86,3755.42,27168.34
2025-11-03 05:30:00+00:00,3755.42,3757.41,3732.67,3734.88,36401.478
2025-11-03 05:45:00+00:00,3734.88,3735.52,3726.0,3730.25,38426.994
2025-11-03 06:00:00+00:00,3730.26,3739.67,3714.4,3717.95,52290.006
2025-11-03 06:15:00+00:00,3717.96,3730.12,3715.5,3722.14,29703.97
2025-11-03 06:30:00+00:00,3722.14,3730.08,3701.03,3708.24,78041.343
2025-11-03 06:45:00+00:00,3708.23,3718.63,3682.0,3717.01,183830.447
2025-11-03 07:00:00+00:00,3717.01,3718.0,3697.0,3715.01,63263.378
2025-11-03 07:15:00+00:00,3715.0,3732.49,3710.0,3725.51,72028.451
2025-11-03 07:30:00+00:00,3725.51,3735.83,3710.58,3710.59,40982.557
2025-11-03 07:45:00+00:00,3710.59,3720.0,3707.51,3713.1,40762.424
2025-11-03 08:00:00+00:00,3713.09,3717.07,3709.11,3712.72,23907.23
2025-11-03 08:15:00+00:00,3712.72,3714.62,3693.5,3700.29,49156.892
2025-11-03 08:30:00+00:00,3700.29,3704.43,3687.19,3697.48,46265.242
2025-11-03 08:45:00+00:00,3697.49,3719.75,3686.02,3714.91,83217.286
2025-11-03 09:00:00+00:00,3714.92,3739.98,3711.77,3733.64,95555.062
2025-11-03 09:15:00+00:00,3733.65,3733.65,3704.87,3712.2,55584.074
2025-11-03 09:30:00+00:00,3712.21,3718.93,3702.2,3707.23,29787.081
2025-11-03 09:45:00+00:00,3707.23,3709.2,3694.39,3701.71,42135.831
2025-11-03 10:00:00+00:00,3701.71,3712.92,3701.52,3710.63,28271.571
2025-11-03 10:15:00+00:00,3710.62,3718.14,3709.4,3715.91,19946.58
2025-11-03 10:30:00+00:00,3715.91,3715.91,3701.0,3702.31,23537.287
2025-11-03 10:45:00+00:00,3702.31,3704.87,3650.13,3674.56,167842.86
2025-11-03 11:00:00+00:00,3674.55,3704.86,3671.2,3694.35,112778.083
2025-11-03 11:15:00+00:00,3694.36,3722.65,3694.35,3704.99,80526.453
2025-11-03 11:30:00+00:00,3704.99,3710.0,3694.9,3709.0,27997.279
2025-11-03 11:45:00+00:00,3709.0,3717.66,3706.89,3710.0,36345.153
2025-11-03 12:00:00+00:00,3710.01,3726.38,3702.9,3720.95,41053.688
2025-11-03 12:15:00+00:00,3720.95,3726.9,3717.2,3724.0,38413.35
2025-11-03 12:30:00+00:00,3724.0,3724.7,3710.2,3711.58,26945.659
2025-11-03 12:45:00+00:00,3711.57,3717.33,3706.0,3707.58,15690.135
2025-11-03 13:00:00+00:00,3707.58,3708.98,3691.48,3699.97,45931.956
2025-11-03 13:15:00+00:00,3699.97,3717.0,3694.0,3703.75,58700.817
2025-11-03 13:30:00+00:00,3703.75,3723.0,3703.75,3714.26,37122.546
2025-11-03 13:45:00+00:00,3714.25,3727.06,3711.29,3718.47,30846.552
2025-11-03 14:00:00+00:00,3718.47,3747.36,3718.47,3723.75,97002.501
2025-11-03 14:15:00+00:00,3723.75,3727.09,3716.04,3720.48,38887.461
2025-11-03 14:30:00+00:00,3720.48,3726.0,3703.0,3713.68,61016.99
2025-11-03 14:45:00+00:00,3713.67,3733.99,3709.34,3732.82,46011.558
2025-11-03 15:00:00+00:00,3732.83,3737.86,3705.0,3708.58,60500.466
2025-11-03 15:15:00+00:00,3708.58,3708.59,3622.64,3634.6,320352.106
2025-11-03 15:30:00+00:00,3634.59,3639.0,3578.4,3601.22,497227.15
2025-11-03 15:45:00+00:00,3601.23,3614.55,3580.0,3587.38,149242.102
2025-11-03 16:00:00+00:00,3587.38,3610.99,3562.27,3605.9,228130.015
2025-11-03 16:15:00+00:00,3605.89,3626.0,3594.35,3612.09,148043.741
2025-11-03 16:30:00+00:00,3612.08,3617.39,3596.7,3606.35,67634.462
2025-11-03 16:45:00+00:00,3606.34,3625.53,3604.59,3617.56,61486.713
2025-11-03 17:00:00+00:00,3617.56,3634.55,3608.96,3630.48,71809.897
2025-11-03 17:15:00+00:00,3630.47,3668.0,3625.81,3637.85,114849.764
2025-11-03 17:30:00+00:00,3637.86,3665.0,3636.36,3660.68,65457.927
2025-11-03 17:45:00+00:00,3660.67,3681.23,3655.64,3664.65,75747.037
2025-11-03 18:00:00+00:00,3664.65,3671.96,3652.14,3657.51,44512.46
2025-11-03 18:15:00+00:00,3657.51,3665.53,3648.0,3650.19,25381.07
2025-11-03 18:30:00+00:00,3650.19,3656.09,3636.36,3639.73,38078.542
2025-11-03 18:45:00+00:00,3639.72,3646.75,3629.0,3630.75,39958.236
2025-11-03 19:00:00+00:00,3630.75,3634.92,3618.77,3631.29,67477.556
2025-11-03 19:15:00+00:00,3631.28,3646.64,3621.66,3622.56,41318.128
2025-11-03 19:30:00+00:00,3622.56,3638.04,3622.27,3637.08,23502.055
2025-11-03 19:45:00+00:00,3637.08,3647.65,3627.28,3629.6,23428.869
2025-11-03 20:00:00+00:00,3629.61,3635.0,3606.08,3607.58,42853.97
2025-11-03 20:15:00+00:00,3607.58,3613.66,3593.6,3601.13,65180.645
2025-11-03 20:30:00+00:00,3601.12,3615.92,3588.12,3592.07,45458.658
2025-11-03 20:45:00+00:00,3592.08,3595.71,3560.51,3586.82,102755.538
2025-11-03 21:00:00+00:00,3586.83,3613.61,3582.51,3592.2,60173.87
2025-11-03 21:15:00+00:00,3592.19,3604.08,3556.0,3586.3,102399.557
2025-11-03 21:30:00+00:00,3586.29,3604.85,3576.0,3598.77,39253.764
2025-11-03 21:45:00+00:00,3598.77,3602.09,3589.17,3600.54,28452.296
2025-11-03 22:00:00+00:00,3600.55,3602.33,3580.4,3589.99,35118.489
2025-11-03 22:15:00+00:00,3589.99,3599.7,3577.7,3577.7,22854.045
2025-11-03 22:30:00+00:00,3577.7,3593.76,3558.02,3584.86,55867.738
2025-11-03 22:45:00+00:00,3584.87,3600.94,3583.65,3588.26,27572.455
2025-11-03 23:00:00+00:00,3588.26,3588.27,3563.78,3576.01,40455.219
2025-11-03 23:15:00+00:00,3576.0,3591.76,3575.0,3590.42,21374.258
2025-11-03 23:30:00+00:00,3590.4,3604.44,3589.28,3599.45,44227.757
2025-11-03 23:45:00+00:00,3599.46,3605.83,3593.67,3602.15,19275.097
2025-11-04 00:00:00+00:00,3602.15,3603.62,3592.0,3595.67,30209.09
2025-11-04 00:15:00+00:00,3595.66,3602.14,3565.95,3566.55,60455.788
2025-11-04 00:30:00+00:00,3566.54,3635.0,3566.54,3627.28,132938.933
2025-11-04 00:45:00+00:00,3627.28,3629.9,3608.1,3616.49,33604.84
2025-11-04 01:00:00+00:00,3616.5,3623.87,3605.71,3620.35,27427.634
2025-11-04 01:15:00+00:00,3620.34,3642.91,3617.54,3627.77,48430.312
2025-11-04 01:30:00+00:00,3627.77,3653.65,3625.25,3641.79,63876.306
2025-11-04 01:45:00+00:00,3641.8,3647.58,3628.61,3642.85,28931.011
2025-11-04 02:00:00+00:00,3642.85,3646.2,3630.59,3642.75,22259.565
2025-11-04 02:15:00+00:00,3642.76,3647.35,3632.25,3633.43,24129.545
2025-11-04 02:30:00+00:00,3633.43,3638.95,3623.55,3628.05,31758.563
2025-11-04 02:45:00+00:00,3628.05,3631.13,3616.56,3624.51,28811.082
2025-11-04 03:00:00+00:00,3624.5,3646.46,3618.8,3645.29,39038.048
2025-11-04 03:15:00+00:00,3645.29,3649.13,3635.54,3644.68,27089.708
2025-11-04 03:30:00+00:00,3644.68,3650.0,3636.42,3647.77,22699.993
2025-11-04 03:45:00+00:00,3647.77,3648.68,3638.0,3640.9,17070.63
2025-11-04 04:00:00+00:00,3640.91,3646.8,3638.09,3645.0,17613.125
2025-11-04 04:15:00+00:00,3645.0,3645.0,3633.0,3636.16,24657.474
2025-11-04 04:30:00+00:00,3636.17,3642.85,3625.11,3626.83,27256.993
2025-11-04 04:45:00+00:00,3626.83,3630.0,3620.0,3623.85,24467.779
2025-11-04 05:00:00+00:00,3623.86,3630.62,3618.05,3625.5,22288.167
2025-11-04 05:15:00+00:00,3625.51,3626.45,3555.55,3560.81,221856.498
2025-11-04 05:30:00+00:00,3560.8,3560.8,3512.24,3518.85,263918.77
2025-11-04 05:45:00+00:00,3518.85,3525.89,3482.2,3490.3,249174.076
2025-11-04 06:00:00+00:00,3490.31,3520.86,3476.0,3520.0,181801.419
2025-11-04 06:15:00+00:00,3520.0,3560.98,3516.28,3532.64,231219.236
2025-11-04 06:30:00+00:00,3532.63,3532.64,3501.45,3501.8,76698.837
2025-11-04 06:45:00+00:00,3501.81,3514.4,3499.3,3510.89,58999.648
2025-11-04 07:00:00+00:00,3510.88,3512.57,3479.05,3492.0,113372.139
2025-11-04 07:15:00+00:00,3492.0,3530.69,3481.01,3482.48,103851.035
2025-11-04 07:30:00+00:00,3482.49,3505.08,3470.58,3479.28,83893.029
2025-11-04 07:45:00+00:00,3479.28,3493.4,3473.37,3492.79,48210.616
2025-11-04 08:00:00+00:00,3492.78,3494.74,3465.0,3468.99,83690.664
2025-11-04 08:15:00+00:00,3468.99,3497.04,3460.0,3489.36,113669.799
2025-11-04 08:30:00+00:00,3489.35,3512.0,3487.66,3505.27,80285.103
2025-11-04 08:45:00+00:00,3505.28,3507.71,3485.37,3494.72,50072.803
2025-11-04 09:00:00+00:00,3494.72,3502.04,3476.16,3484.94,54671.915
2025-11-04 09:15:00+00:00,3484.94,3493.68,3474.49,3489.23,56102.632
2025-11-04 09:30:00+00:00,3489.24,3499.93,3482.04,3492.4,32005.414
2025-11-04 09:45:00+00:00,3492.39,3500.0,3481.41,3490.83,26485.089
2025-11-04 10:00:00+00:00,3490.82,3497.91,3485.04,3490.6,21581.193
2025-11-04 10:15:00+00:00,3490.61,3501.42,3479.16,3484.01,43445.523
2025-11-04 10:30:00+00:00,3484.02,3491.98,3471.84,3480.93,50879.658
2025-11-04 10:45:00+00:00,3480.92,3484.41,3471.52,3484.24,42803.741
2025-11-04 11:00:00+00:00,3484.23,3512.99,3481.77,3510.54,107759.346
2025-11-04 11:15:00+00:00,3510.55,3524.48,3506.02,3508.14,60065.537
2025-11-04 11:30:00+00:00,3508.13,3522.0,3505.47,3520.47,30949.108
2025-11-04 11:45:00+00:00,3520.46,3534.14,3515.59,3527.78,28220.433
2025-11-04 12:00:00+00:00,3527.78,3531.25,3512.17,3515.84,42081.987
2025-11-04 12:15:00+00:00,3515.84,3516.32,3501.73,3507.73,62852.027
2025-11-04 12:30:00+00:00,3507.73,3509.55,3493.6,3502.78,45981.307
2025-11-04 12:45:00+00:00,3502.79,3512.91,3499.46,3509.56,28520.744
2025-11-04 13:00:00+00:00,3509.55,3518.0,3503.59,3513.47,43598.528
2025-11-04 13:15:00+00:00,3513.47,3518.61,3490.92,3497.67,48590.492
2025-11-04 13:30:00+00:00,3497.67,3522.0,3496.1,3512.97,55240.058
2025-11-04 13:45:00+00:00,3512.97,3517.37,3503.89,3505.4,30654.638
2025-11-04 14:00:00+00:00,3505.4,3510.82,3493.09,3500.57,54141.975
2025-11-04 14:15:00+00:00,3500.58,3508.66,3491.1,3497.32,41675.342
2025-11-04 14:30:00+00:00,3497.31,3526.28,3471.38,3524.75,211704.717
2025-11-04 14:45:00+00:00,3524.75,3561.99,3520.46,3554.33,213274.118
2025-11-04 15:00:00+00:00,3554.34,3579.32,3541.1,3541.71,178098.806
2025-11-04 15:15:00+00:00,3541.71,3586.12,3541.68,3561.94,121375.278
2025-11-04 15:30:00+00:00,3561.94,3561.99,3541.56,3548.76,67206.735
2025-11-04 15:45:00+00:00,3548.75,3548.76,3492.72,3506.0,167398.479
2025-11-04 16:00:00+00:00,3505.99,3518.95,3479.63,3493.79,94105.21
2025-11-04 16:15:00+00:00,3493.78,3500.0,3454.92,3475.56,145919.058
2025-11-04 16:30:00+00:00,3475.55,3488.23,3454.57,3457.46,87307.233
2025-11-04 16:45:00+00:00,3457.45,3464.99,3423.0,3428.29,199482.426
2025-11-04 17:00:00+00:00,3428.3,3428.69,3382.0,3383.97,322066.578
2025-11-04 17:15:00+00:00,3383.98,3408.99,3361.45,3383.98,298896.749
2025-11-04 17:30:00+00:00,3383.99,3419.25,3383.2,3388.52,131038.553
2025-11-04 17:45:00+00:00,3388.53,3393.05,3363.17,3371.57,114144.976
2025-11-04 18:00:00+00:00,3371.58,3372.63,3333.39,3350.99,197397.756
2025-11-04 18:15:00+00:00,3350.99,3352.62,3310.54,3319.04,193083.649
2025-11-04 18:30:00+00:00,3319.05,3324.99,3255.0,3315.42,511893.87
2025-11-04 18:45:00+00:00,3315.42,3315.42,3268.95,3301.38,211200.472
2025-11-04 19:00:00+00:00,3301.37,3315.49,3283.92,3303.53,111875.732
2025-11-04 19:15:00+00:00,3303.52,3313.75,3287.59,3291.06,81554.916
2025-11-04 19:30:00+00:00,3291.05,3297.2,3262.0,3271.18,98477.697
2025-11-04 19:45:00+00:00,3271.19,3273.77,3225.0,3229.84,179332.6
2025-11-04 20:00:00+00:00,3229.83,3252.63,3215.88,3227.95,151809.962
2025-11-04 20:15:00+00:00,3227.95,3227.97,3122.67,3183.06,620210.956
2025-11-04 20:30:00+00:00,3183.06,3224.52,3147.11,3214.97,219090.467
2025-11-04 20:45:00+00:00,3214.83,3219.26,3176.38,3211.5,181526.633
2025-11-04 21:00:00+00:00,3211.5,3217.56,3180.76,3183.8,138154.305
2025-11-04 21:15:00+00:00,3183.81,3192.98,3157.25,3162.91,115365.597
2025-11-04 21:30:00+00:00,3162.91,3164.56,3055.0,3106.06,406334.985
2025-11-04 21:45:00+00:00,3106.07,3215.34,3104.57,3213.77,315757.072
2025-11-04 22:00:00+00:00,3213.78,3271.1,3197.0,3266.29,238332.045
2025-11-04 22:15:00+00:00,3266.29,3268.26,3238.54,3258.49,73567.706
2025-11-04 22:30:00+00:00,3258.48,3289.66,3243.53,3250.91,94024.456
2025-11-04 22:45:00+00:00,3250.87,3259.25,3226.11,3246.44,74230.233
2025-11-04 23:00:00+00:00,3246.43,3305.75,3241.06,3272.04,235369.963
2025-11-04 23:15:00+00:00,3272.04,3277.27,3258.1,3270.51,45229.203
2025-11-04 23:30:00+00:00,3270.51,3289.76,3266.89,3289.19,45566.835
2025-11-04 23:45:00+00:00,3289.19,3299.99,3282.91,3285.28,62830.025
2025-11-05 00:00:00+00:00,3285.28,3300.0,3269.19,3270.72,54574.784
2025-11-05 00:15:00+00:00,3270.73,3287.5,3249.58,3252.95,80942.854
2025-11-05 00:30:00+00:00,3252.96,3257.34,3227.66,3227.72,88099.504
2025-11-05 00:45:00+00:00,3227.73,3248.27,3227.21,3239.03,61391.359
2025-11-05 01:00:00+00:00,3239.04,3241.0,3199.03,3223.14,97653.777
2025-11-05 01:15:00+00:00,3223.15,3224.14,3165.41,3179.13,132307.531
2025-11-05 01:30:00+00:00,3179.12,3204.59,3167.01,3179.68,125273.566
2025-11-05 01:45:00+00:00,3179.67,3253.61,3176.16,3241.91,155159.882
2025-11-05 02:00:00+00:00,3241.9,3284.8,3241.59,3264.27,136122.171
2025-11-05 02:15:00+00:00,3264.26,3280.89,3250.0,3265.0,64507.183
2025-11-05 02:30:00+00:00,3265.0,3291.87,3258.01,3291.26,65486.282
2025-11-05 02:45:00+00:00,3291.26,3325.74,3286.2,3323.88,170363.71
2025-11-05 03:00:00+00:00,3323.85,3333.23,3308.0,3315.63,70695.866
2025-11-05 03:15:00+00:00,3315.63,3332.94,3303.8,3327.49,68495.971
2025-11-05 03:30:00+00:00,3327.49,3346.34,3322.56,3343.11,66943.915
2025-11-05 03:45:00+00:00,3343.11,3347.75,3329.79,3333.44,63603.265
2025-11-05 04:00:00+00:00,3333.45,3343.27,3326.15,3326.3,46038.457
2025-11-05 04:15:00+00:00,3326.3,3331.0,3312.44,3313.86,53238.156
2025-11-05 04:30:00+00:00,3313.87,3341.82,3313.19,3337.49,44198.92
2025-11-05 04:45:00+00:00,3337.49,3344.76,3320.68,3328.04,31133.164
2025-11-05 05:00:00+00:00,3328.04,3353.8,3325.26,3345.92,47201.836
2025-11-05 05:15:00+00:00,3345.92,3349.79,3328.0,3332.33,26688.259
2025-11-05 05:30:00+00:00,3332.33,3343.5,3327.2,3332.69,23547.957
2025-11-05 05:45:00+00:00,3332.69,3332.69,3322.65,3324.07,28142.608
2025-11-05 06:00:00+00:00,3324.07,3324.59,3309.09,3315.1,54564.82
2025-11-05 06:15:00+00:00,3315.1,3340.0,3310.12,3323.67,60814.485
2025-11-05 06:30:00+00:00,3323.67,3330.92,3318.85,3324.88,26712.749
2025-11-05 06:45:00+00:00,3324.89,3336.45,3320.66,3335.55,14573.33
2025-11-05 07:00:00+00:00,3335.55,3336.68,3317.0,3323.31,38820.203
2025-11-05 07:15:00+00:00,3323.3,3324.07,3301.51,3318.61,36672.503
2025-11-05 07:30:00+00:00,3318.62,3333.0,3315.69,3333.0,20093.005
2025-11-05 07:45:00+00:00,3332.99,3340.0,3328.26,3329.1,37339.914
2025-11-05 08:00:00+00:00,3329.09,3329.19,3310.0,3314.43,40943.647
2025-11-05 08:15:00+00:00,3314.43,3315.68,3283.47,3291.25,88628.591
2025-11-05 08:30:00+00:00,3291.25,3310.28,3285.3,3294.54,55128.632
2025-11-05 08:45:00+00:00,3294.55,3307.06,3281.0,3299.48,59838.873
2025-11-05 09:00:00+00:00,3299.48,3321.17,3294.3,3303.94,53298.333
2025-11-05 09:15:00+00:00,3303.93,3310.58,3292.0,3308.07,32709.434
2025-11-05 09:30:00+00:00,3308.07,3310.94,3293.11,3305.1,28876.193
2025-11-05 09:45:00+00:00,3305.09,3312.02,3300.28,3306.15,16045.883
2025-11-05 10:00:00+00:00,3306.15,3306.87,3286.76,3291.2,38756.473
2025-11-05 10:15:00+00:00,3291.2,3296.96,3282.76,3294.45,25492.821
2025-11-05 10:30:00+00:00,3294.45,3300.72,3286.0,3292.88,21488.742
2025-11-05 10:45:00+00:00,3292.89,3293.97,3272.24,3274.86,47969.948
2025-11-05 11:00:00+00:00,3274.86,3302.56,3274.06,3292.81,46881.459
2025-11-05 11:15:00+00:00,3292.8,3307.9,3292.73,3298.17,65317.917
2025-11-05 11:30:00+00:00,3298.17,3309.99,3295.68,3305.52,34775.674
2025-11-05 11:45:00+00:00,3305.51,3323.98,3302.8,3320.97,67588.166
2025-11-05 12:00:00+00:00,3320.98,3328.93,3311.26,3316.24,43182.346
2025-11-05 12:15:00+00:00,3316.24,3359.02,3314.11,3352.91,125017.808
2025-11-05 12:30:00+00:00,3352.92,3352.92,3335.15,3349.37,64122.046
2025-11-05 12:45:00+00:00,3349.38,3349.38,3331.35,3343.55,44722.545
2025-11-05 13:00:00+00:00,3343.55,3348.0,3332.08,3333.76,34400.693
2025-11-05 13:15:00+00:00,3333.76,3337.99,3323.25,3330.33,56314.305
2025-11-05 13:30:00+00:00,3330.33,3366.53,3326.74,3349.93,71689.316
2025-11-05 13:45:00+00:00,3349.93,3375.0,3344.79,3358.72,116462.39
2025-11-05 14:00:00+00:00,3358.71,3371.16,3345.78,3347.94,57661.589
2025-11-05 14:15:00+00:00,3347.93,3350.0,3330.0,3339.0,66312.232
2025-11-05 14:30:00+00:00,3338.99,3351.53,3317.48,3331.25,136464.909
2025-11-05 14:45:00+00:00,3331.31,3361.49,3328.1,3347.19,75107.131
2025-11-05 15:00:00+00:00,3347.2,3368.76,3331.69,3351.02,78122.817
2025-11-05 15:15:00+00:00,3351.01,3365.34,3344.32,3356.87,52671.654
2025-11-05 15:30:00+00:00,3356.86,3395.0,3355.24,3380.44,124930.058
2025-11-05 15:45:00+00:00,3380.45,3397.67,3380.0,3396.31,63328.968
2025-11-05 16:00:00+00:00,3396.32,3405.0,3377.47,3379.92,136889.462
2025-11-05 16:15:00+00:00,3379.91,3389.44,3368.05,3388.28,66773.165
2025-11-05 16:30:00+00:00,3388.28,3410.0,3385.55,3402.8,123869.696
2025-11-05 16:45:00+00:00,3402.8,3438.0,3401.55,3435.42,119428.685
2025-11-05 17:00:00+00:00,3435.43,3435.43,3415.9,3417.54,68358.532
2025-11-05 17:15:00+00:00,3417.54,3444.96,3415.93,3435.01,62475.686
2025-11-05 17:30:00+00:00,3435.0,3446.82,3425.8,3431.72,54341.327
2025-11-05 17:45:00+00:00,3431.73,3436.42,3419.55,3433.79,37212.7
2025-11-05 18:00:00+00:00,3433.78,3439.04,3427.81,3430.47,23053.657
2025-11-05 18:15:00+00:00,3430.48,3439.98,3429.62,3439.98,23706.087
2025-11-05 18:30:00+00:00,3439.98,3462.36,3436.63,3458.02,73830.5
2025-11-05 18:45:00+00:00,3458.01,3478.5,3454.48,3460.24,77029.176
2025-11-05 19:00:00+00:00,3460.24,3460.24,3442.91,3447.18,40285.899
2025-11-05 19:15:00+00:00,3447.17,3464.89,3446.87,3453.89,36902.488
2025-11-05 19:30:00+00:00,3453.89,3471.07,3452.56,3465.9,27093.154
2025-11-05 19:45:00+00:00,3465.89,3466.5,3447.01,3453.32,35446.33
2025-11-05 20:00:00+00:00,3453.31,3479.0,3451.22,3477.6,41736.271
2025-11-05 20:15:00+00:00,3477.59,3478.99,3455.95,3456.06,32040.356
2025-11-05 20:30:00+00:00,3456.05,3466.64,3450.34,3461.99,35042.578
2025-11-05 20:45:00+00:00,3461.99,3463.1,3439.14,3449.52,56175.854
2025-11-05 21:00:00+00:00,3449.51,3449.52,3427.44,3433.44,65803.265
2025-11-05 21:15:00+00:00,3433.44,3443.76,3430.28,3435.33,31620.039
2025-11-05 21:30:00+00:00,3435.32,3441.9,3430.55,3436.87,22424.265
2025-11-05 21:45:00+00:00,3436.88,3449.98,3435.27,3440.57,30444.944
2025-11-05 22:00:00+00:00,3440.56,3444.0,3413.62,3414.18,52877.211
2025-11-05 22:15:00+00:00,3414.18,3424.55,3413.88,3419.57,25203.438
2025-11-05 22:30:00+00:00,3419.57,3432.52,3419.37,3428.18,14277.585
2025-11-05 22:45:00+00:00,3428.18,3432.54,3422.44,3422.96,13843.369
2025-11-05 23:00:00+00:00,3422.95,3427.68,3413.89,3424.97,27442.165
2025-11-05 23:15:00+00:00,3424.97,3433.8,3423.6,3430.37,17318.694
2025-11-05 23:30:00+00:00,3430.37,3434.54,3423.73,3433.22,16888.509
2025-11-05 23:45:00+00:00,3433.23,3433.23,3421.68,3423.06,14420.312
2025-11-06 00:00:00+00:00,3423.06,3423.06,3401.88,3410.68,57342.465
2025-11-06 00:15:00+00:00,3410.68,3415.02,3394.01,3402.45,44512.257
2025-11-06 00:30:00+00:00,3402.44,3404.17,3391.08,3396.78,28015.046
2025-11-06 00:45:00+00:00,3396.78,3408.65,3391.88,3405.9,23788.768
2025-11-06 01:00:00+00:00,3405.89,3405.89,3382.01,3389.59,46006.916
2025-11-06 01:15:00+00:00,3389.59,3393.8,3373.7,3380.09,46715.461
2025-11-06 01:30:00+00:00,3380.1,3401.36,3380.1,3397.42,36487.522
2025-11-06 01:45:00+00:00,3397.41,3409.71,3394.52,3404.26,36471.612
2025-11-06 02:00:00+00:00,3404.26,3415.0,3393.99,3395.85,44061.304
2025-11-06 02:15:00+00:00,3395.85,3405.29,3390.65,3396.28,21249.477
2025-11-06 02:30:00+00:00,3396.29,3418.6,3395.0,3413.18,30384.988
2025-11-06 02:45:00+00:00,3413.19,3428.95,3413.18,3420.5,49571.302
2025-11-06 03:00:00+00:00,3420.51,3437.0,3419.67,3432.8,35975.974
2025-11-06 03:15:00+00:00,3432.79,3449.37,3429.46,3430.79,52564.818
2025-11-06 03:30:00+00:00,3430.8,3439.64,3429.2,3435.93,19052.833
2025-11-06 03:45:00+00:00,3435.94,3438.69,3427.28,3431.33,18243.008
2025-11-06 04:00:00+00:00,3431.34,3441.87,3427.19,3439.77,23252.277
2025-11-06 04:15:00+00:00,3439.78,3444.18,3435.9,3437.3,14225.26
2025-11-06 04:30:00+00:00,3437.3,3445.35,3432.19,3445.0,12694.849
2025-11-06 04:45:00+00:00,3445.0,3455.0,3444.31,3450.87,32125.317
2025-11-06 05:00:00+00:00,3450.88,3450.88,3418.04,3421.9,52596.657
2025-11-06 05:15:00+00:00,3421.87,3423.73,3407.7,3411.28,52191.628
2025-11-06 05:30:00+00:00,3411.29,3413.39,3391.32,3396.1,55342.499
2025-11-06 05:45:00+00:00,3396.09,3398.98,3378.51,3387.0,63679.007
2025-11-06 06:00:00+00:00,3387.0,3391.8,3377.01,3389.96,44318.117
2025-11-06 06:15:00+00:00,3389.95,3401.84,3386.76,3396.08,43923.131
2025-11-06 06:30:00+00:00,3396.07,3401.38,3380.62,3391.79,31882.783
2025-11-06 06:45:00+00:00,3391.79,3393.49,3383.14,3383.54,16076.348
2025-11-06 07:00:00+00:00,3383.53,3393.86,3377.87,3386.13,25457.152
2025-11-06 07:15:00+00:00,3386.14,3391.24,3357.94,3385.04,99897.365
2025-11-06 07:30:00+00:00,3385.03,3385.04,3364.66,3370.6,42744.965
2025-11-06 07:45:00+00:00,3370.6,3383.22,3366.56,3378.9,25418.525
2025-11-06 08:00:00+00:00,3378.89,3382.85,3370.89,3381.42,22984.866
2025-11-06 08:15:00+00:00,3381.43,3393.47,3381.42,3388.67,43768.068
2025-11-06 08:30:00+00:00,3388.68,3390.3,3378.83,3379.4,16907.357
2025-11-06 08:45:00+00:00,3379.4,3385.68,3371.89,3383.61,35583.985
2025-11-06 09:00:00+00:00,3383.6,3392.55,3373.42,3392.03,31129.505
2025-11-06 09:15:00+00:00,3392.02,3393.05,3383.76,3384.86,19672.396
2025-11-06 09:30:00+00:00,3384.86,3392.0,3384.08,3386.67,14449.401
2025-11-06 09:45:00+00:00,3386.68,3389.89,3377.0,3381.5,23526.571
2025-11-06 10:00:00+00:00,3381.51,3383.37,3365.0,3375.52,49553.904
2025-11-06 10:15:00+00:00,3375.51,3389.99,3372.57,3386.19,31732.346
2025-11-06 10:30:00+00:00,3386.18,3414.3,3385.26,3397.39,79638.827
2025-11-06 10:45:00+00:00,3397.4,3403.99,3390.06,3392.32,34345.152
2025-11-06 11:00:00+00:00,3392.32,3392.48,3378.7,3385.5,30893.609
2025-11-06 11:15:00+00:00,3385.5,3404.98,3382.44,3402.84,31944.102
2025-11-06 11:30:00+00:00,3402.84,3406.81,3393.4,3398.89,29482.01
2025-11-06 11:45:00+00:00,3398.9,3404.46,3395.88,3397.85,18204.931
2025-11-06 12:00:00+00:00,3397.84,3403.94,3386.64,3387.41,35664.418
2025-11-06 12:15:00+00:00,3387.41,3388.29,3370.75,3372.64,42244.104
2025-11-06 12:30:00+00:00,3372.63,3380.99,3343.58,3347.8,95957.361
2025-11-06 12:45:00+00:00,3347.81,3357.59,3340.53,3347.88,73304.052
2025-11-06 13:00:00+00:00,3347.88,3366.36,3347.88,3365.59,35382.207
2025-11-06 13:15:00+00:00,3365.58,3396.76,3360.37,3390.99,82241.924
2025-11-06 13:30:00+00:00,3391.0,3395.48,3381.32,3391.69,30626.267
2025-11-06 13:45:00+00:00,3391.7,3402.03,3388.0,3389.65,35619.199
2025-11-06 14:00:00+00:00,3389.66,3399.02,3354.7,3365.03,95745.526
2025-11-06 14:15:00+00:00,3365.04,3372.0,3352.52,3360.55,36871.526
2025-11-06 14:30:00+00:00,3360.54,3361.3,3322.2,3335.82,174879.435
2025-11-06 14:45:00+00:00,3335.83,3354.91,3317.18,3327.99,103891.963
2025-11-06 15:00:00+00:00,3327.99,3347.89,3320.08,3335.51,131709.035
2025-11-06 15:15:00+00:00,3335.51,3365.0,3334.0,3342.03,98505.516
2025-11-06 15:30:00+00:00,3342.04,3343.42,3296.91,3298.77,171465.878
2025-11-06 15:45:00+00:00,3298.78,3308.92,3275.19,3300.01,227011.911
2025-11-06 16:00:00+00:00,3300.01,3321.97,3291.93,3292.56,114162.948
2025-11-06 16:15:00+00:00,3292.55,3303.74,3283.02,3302.17,67544.832
2025-11-06 16:30:00+00:00,3302.16,3302.16,3248.3,3259.71,165947.696
2025-11-06 16:45:00+00:00,3259.71,3286.71,3245.0,3275.64,143378.568
2025-11-06 17:00:00+00:00,3275.64,3305.0,3274.05,3280.4,96983.423
2025-11-06 17:15:00+00:00,3280.4,3312.34,3269.34,3306.91,96991.498
2025-11-06 17:30:00+00:00,3306.91,3319.0,3297.83,3308.96,71244.902
2025-11-06 17:45:00+00:00,3308.95,3340.0,3308.54,3328.32,88243.446
2025-11-06 18:00:00+00:00,3328.32,3333.83,3306.68,3313.41,66914.445
2025-11-06 18:15:00+00:00,3313.42,3316.2,3293.39,3309.33,74096.404
2025-11-06 18:30:00+00:00,3309.32,3339.57,3308.0,3334.66,51989.094
2025-11-06 18:45:00+00:00,3334.66,3351.81,3323.75,3327.31,87162.69
2025-11-06 19:00:00+00:00,3327.31,3340.0,3322.22,3338.98,42419.144
2025-11-06 19:15:00+00:00,3338.98,3342.0,3329.19,3336.3,25098.713
2025-11-06 19:30:00+00:00,3336.31,3341.19,3314.83,3321.19,47938.566
2025-11-06 19:45:00+00:00,3321.19,3330.98,3308.21,3324.54,40853.909
2025-11-06 20:00:00+00:00,3324.56,3335.43,3315.3,3316.31,28527.62
2025-11-06 20:15:00+00:00,3316.31,3324.4,3303.42,3306.52,32785.347
2025-11-06 20:30:00+00:00,3306.53,3311.34,3288.2,3291.3,44310.221
2025-11-06 20:45:00+00:00,3291.32,3305.64,3285.97,3305.6,39214.901
2025-11-06 21:00:00+00:00,3305.57,3308.0,3290.95,3299.45,28872.316
2025-11-06 21:15:00+00:00,3299.45,3315.86,3292.56,3314.4,28598.382
2025-11-06 21:30:00+00:00,3314.41,3330.32,3311.77,3322.4,23684.289
2025-11-06 21:45:00+00:00,3322.4,3335.0,3312.3,3324.6,27813.937
2025-11-06 22:00:00+00:00,3324.61,3328.83,3310.71,3311.12,19586.661
2025-11-06 22:15:00+00:00,3311.12,3320.92,3306.12,3311.37,15271.514
2025-11-06 22:30:00+00:00,3311.36,3317.56,3297.63,3302.79,20307.377
2025-11-06 22:45:00+00:00,3302.79,3322.0,3294.0,3317.77,20000.735
2025-11-06 23:00:00+00:00,3317.77,3318.0,3299.45,3311.26,23055.319
2025-11-06 23:15:00+00:00,3311.26,3315.23,3288.61,3303.0,43625.906
2025-11-06 23:30:00+00:00,3303.0,3305.86,3289.43,3302.4,18862.038
2025-11-06 23:45:00+00:00,3302.41,3313.84,3302.41,3313.7,16725.572
2025-11-07 00:00:00+00:00,3313.7,3328.19,3307.73,3316.0,39829.798
2025-11-07 00:15:00+00:00,3316.01,3326.57,3292.0,3299.9,37729.642
2025-11-07 00:30:00+00:00,3299.89,3331.25,3292.25,3323.75,42705.402
2025-11-07 00:45:00+00:00,3323.75,3331.23,3314.29,3323.84,29951.143
2025-11-07 01:00:00+00:00,3323.85,3329.41,3293.61,3308.52,48581.88
2025-11-07 01:15:00+00:00,3308.52,3327.0,3303.55,3320.62,40841.578
2025-11-07 01:30:00+00:00,3320.63,3320.67,3273.04,3290.66,86056.134
2025-11-07 01:45:00+00:00,3290.64,3324.2,3285.01,3323.55,45952.912
2025-11-07 02:00:00+00:00,3323.55,3325.99,3313.07,3315.77,31724.742
2025-11-07 02:15:00+00:00,3315.77,3323.87,3302.6,3303.92,23317.858
2025-11-07 02:30:00+00:00,3303.91,3330.33,3303.8,3326.93,29164.427
2025-11-07 02:45:00+00:00,3326.93,3351.55,3321.81,3345.68,53169.466
2025-11-07 03:00:00+00:00,3345.69,3359.0,3342.0,3356.8,52470.701
2025-11-07 03:15:00+00:00,3356.81,3364.0,3352.39,3360.38,35863.409
2025-11-07 03:30:00+00:00,3360.38,3361.14,3349.02,3351.17,20822.12
2025-11-07 03:45:00+00:00,3351.16,3351.16,3341.5,3343.67,20734.583
2025-11-07 04:00:00+00:00,3343.68,3347.21,3328.0,3328.39,38116.633
2025-11-07 04:15:00+00:00,3328.4,3342.0,3328.17,3339.62,23991.295
2025-11-07 04:30:00+00:00,3339.62,3339.62,3318.15,3329.39,35053.627
2025-11-07 04:45:00+00:00,3329.4,3338.71,3327.19,3336.82,23428.821
2025-11-07 05:00:00+00:00,3336.82,3362.76,3336.13,3359.24,38778.577
2025-11-07 05:15:00+00:00,3359.23,3360.61,3350.21,3358.04,25979.77
2025-11-07 05:30:00+00:00,3358.05,3363.86,3354.38,3357.39,41923.669
2025-11-07 05:45:00+00:00,3357.4,3370.0,3354.3,3365.4,30274.112
2025-11-07 06:00:00+00:00,3365.41,3366.0,3357.44,3362.8,16912.021
2025-11-07 06:15:00+00:00,3362.8,3368.66,3358.38,3359.33,12842.47
2025-11-07 06:30:00+00:00,3359.34,3359.34,3350.52,3354.2,22601.965
2025-11-07 06:45:00+00:00,3354.21,3354.66,3345.91,3346.31,14850.29
2025-11-07 07:00:00+00:00,3346.3,3359.36,3346.3,3352.92,18419.555
2025-11-07 07:15:00+00:00,3352.93,3363.0,3338.08,3343.92,33211.076
2025-11-07 07:30:00+00:00,3343.91,3346.48,3333.95,3345.41,26928.433
2025-11-07 07:45:00+00:00,3345.41,3357.49,3345.41,3356.32,24553.87
2025-11-07 08:00:00+00:00,3356.31,3359.29,3351.14,3356.97,17807.562
2025-11-07 08:15:00+00:00,3356.97,3358.34,3341.33,3348.25,17871.227
2025-11-07 08:30:00+00:00,3348.26,3349.32,3332.02,3335.75,24888.512
2025-11-07 08:45:00+00:00,3335.75,3341.6,3333.25,3340.31,16277.826
2025-11-07 09:00:00+00:00,3340.3,3340.72,3320.0,3324.95,37494.819
2025-11-07 09:15:00+00:00,3324.95,3332.6,3303.85,3305.42,50591.074
2025-11-07 09:30:00+00:00,3305.42,3311.42,3288.11,3293.32,76323.605
2025-11-07 09:45:00+00:00,3293.33,3300.9,3289.21,3299.84,40600.406
2025-11-07 10:00:00+00:00,3299.84,3309.0,3292.0,3292.72,43598.93
2025-11-07 10:15:00+00:00,3292.71,3293.12,3270.04,3277.81,85078.162
2025-11-07 10:30:00+00:00,3277.8,3288.0,3277.29,3287.6,23114.365
2025-11-07 10:45:00+00:00,3287.61,3288.0,3270.03,3279.0,29488.419
2025-11-07 11:00:00+00:00,3279.0,3279.0,3252.01,3252.91,74262.701
2025-11-07 11:15:00+00:00,3252.91,3258.93,3224.05,3230.79,158975.933
2025-11-07 11:30:00+00:00,3230.8,3243.46,3224.54,3237.78,72911.273
2025-11-07 11:45:00+00:00,3237.79,3265.0,3236.2,3258.62,94220.492
2025-11-07 12:00:00+00:00,3258.61,3275.0,3245.3,3247.35,81067.858
2025-11-07 12:15:00+00:00,3247.35,3249.48,3208.37,3214.21,109121.761
2025-11-07 12:30:00+00:00,3214.21,3217.53,3199.04,3213.8,113180.314
2025-11-07 12:45:00+00:00,3213.8,3224.1,3195.58,3221.66,90036.082
2025-11-07 13:00:00+00:00,3221.67,3242.6,3213.01,3228.81,85113.75
2025-11-07 13:15:00+00:00,3228.81,3247.83,3222.01,3237.68,70790.9
2025-11-07 13:30:00+00:00,3237.55,3243.68,3225.44,3232.45,39656.745
2025-11-07 13:45:00+00:00,3232.45,3248.72,3230.34,3239.53,35906.297
2025-11-07 14:00:00+00:00,3239.52,3247.35,3225.51,3238.4,47623.383
2025-11-07 14:15:00+00:00,3238.39,3238.67,3223.5,3229.44,35645.236
2025-11-07 14:30:00+00:00,3229.47,3276.25,3192.92,3276.0,201342.242
2025-11-07 14:45:00+00:00,3276.0,3298.28,3254.24,3286.69,184671.304
2025-11-07 15:00:00+00:00,3286.65,3314.28,3260.7,3312.82,165231.315
2025-11-07 15:15:00+00:00,3312.78,3317.1,3290.97,3308.33,108466.32
2025-11-07 15:30:00+00:00,3308.34,3314.0,3280.01,3284.26,73933.733
2025-11-07 15:45:00+00:00,3284.25,3315.0,3280.0,3295.99,68872.675
2025-11-07 16:00:00+00:00,3296.0,3303.09,3271.76,3275.56,60088.515
2025-11-07 16:15:00+00:00,3275.56,3332.0,3273.52,3323.89,109108.431
2025-11-07 16:30:00+00:00,3323.88,3327.1,3302.55,3316.95,65103.541
2025-11-07 16:45:00+00:00,3316.95,3322.74,3293.52,3307.46,54800.753
2025-11-07 17:00:00+00:00,3307.47,3332.96,3295.0,3330.33,46422.021
2025-11-07 17:15:00+00:00,3330.32,3386.0,3328.31,3376.92,180208.276
2025-11-07 17:30:00+00:00,3376.91,3394.89,3375.0,3384.96,81916.943
2025-11-07 17:45:00+00:00,3384.92,3388.89,3363.82,3384.36,64229.431
2025-11-07 18:00:00+00:00,3384.37,3399.0,3376.64,3395.18,61591.795
2025-11-07 18:15:00+00:00,3395.19,3422.0,3386.38,3419.41,104245.086
2025-11-07 18:30:00+00:00,3419.41,3434.13,3415.0,3427.56,64316.939
2025-11-07 18:45:00+00:00,3427.57,3430.53,3409.84,3424.85,52372.997
2025-11-07 19:00:00+00:00,3424.84,3437.0,3415.41,3434.55,41028.938
2025-11-07 19:15:00+00:00,3434.55,3438.5,3423.41,3426.64,38064.973
2025-11-07 19:30:00+00:00,3426.63,3449.0,3425.97,3445.2,48453.091
2025-11-07 19:45:00+00:00,3445.21,3446.57,3431.84,3441.94,35520.489
2025-11-07 20:00:00+00:00,3441.93,3450.0,3428.83,3442.21,54277.744
2025-11-07 20:15:00+00:00,3442.21,3446.88,3428.35,3443.08,36118.325
2025-11-07 20:30:00+00:00,3443.08,3464.44,3442.94,3460.92,54859.596
2025-11-07 20:45:00+00:00,3460.93,3470.0,3453.99,3463.14,45967.661
2025-11-07 21:00:00+00:00,3463.14,3464.56,3447.43,3458.92,34001.868
2025-11-07 21:15:00+00:00,3458.92,3468.02,3457.62,3462.85,15463.679
2025-11-07 21:30:00+00:00,3462.85,3467.0,3460.0,3464.02,13872.635
2025-11-07 21:45:00+00:00,3464.03,3469.58,3460.01,3467.01,16903.283
2025-11-07 22:00:00+00:00,3467.02,3472.23,3445.54,3447.92,29662.374
2025-11-07 22:15:00+00:00,3447.93,3459.6,3447.92,3457.64,14846.292
2025-11-07 22:30:00+00:00,3457.64,3457.87,3444.95,3447.64,22641.518
2025-11-07 22:45:00+00:00,3447.65,3455.0,3441.99,3444.52,20859.273
2025-11-07 23:00:00+00:00,3444.52,3449.0,3439.57,3442.45,26569.543
2025-11-07 23:15:00+00:00,3442.45,3445.34,3433.53,3436.26,23467.095
2025-11-07 23:30:00+00:00,3436.25,3445.77,3433.17,3436.25,19400.611
2025-11-07 23:45:00+00:00,3436.24,3440.7,3431.11,3434.36,26612.512
2025-11-08 00:00:00+00:00,3434.37,3437.42,3421.26,3431.51,43604.047
2025-11-08 00:15:00+00:00,3431.51,3438.76,3422.78,3424.86,26178.66
2025-11-08 00:30:00+00:00,3424.87,3433.0,3404.93,3431.36,54863.932
2025-11-08 00:45:00+00:00,3431.35,3447.61,3422.07,3423.36,39235.766
2025-11-08 01:00:00+00:00,3423.36,3444.41,3420.42,3434.87,27473.393
2025-11-08 01:15:00+00:00,3434.87,3446.18,3433.02,3436.0,16449.586
2025-11-08 01:30:00+00:00,3436.0,3444.99,3427.62,3436.82,18369.226
2025-11-08 01:45:00+00:00,3436.81,3441.74,3430.27,3436.22,12230.298
2025-11-08 02:00:00+00:00,3436.23,3457.0,3431.02,3447.45,28067.659
2025-11-08 02:15:00+00:00,3447.46,3457.99,3444.54,3450.85,25802.444
2025-11-08 02:30:00+00:00,3450.84,3458.89,3448.46,3453.55,19662.489
2025-11-08 02:45:00+00:00,3453.56,3456.9,3438.11,3439.6,21998.196
2025-11-08 03:00:00+00:00,3439.6,3456.5,3438.28,3446.16,19472.541
2025-11-08 03:15:00+00:00,3446.16,3456.15,3443.18,3453.91,12940.074
2025-11-08 03:30:00+00:00,3453.91,3460.91,3444.57,3454.41,36663.068
2025-11-08 03:45:00+00:00,3454.41,3465.77,3452.19,3452.5,36343.681
2025-11-08 04:00:00+00:00,3452.51,3464.63,3452.51,3458.9,17571.38
2025-11-08 04:15:00+00:00,3458.89,3470.96,3448.39,3449.98,37066.68
2025-11-08 04:30:00+00:00,3449.98,3490.0,3447.53,3471.93,62173.623
2025-11-08 04:45:00+00:00,3471.92,3477.82,3455.6,3457.13,29008.858
2025-11-08 05:00:00+00:00,3457.12,3465.49,3439.32,3445.32,38721.934
2025-11-08 05:15:00+00:00,3445.31,3450.64,3435.19,3444.06,36101.481
2025-11-08 05:30:00+00:00,3444.06,3447.38,3431.88,3438.25,24201.267
2025-11-08 05:45:00+00:00,3438.25,3442.89,3422.84,3429.86,35263.159
2025-11-08 06:00:00+00:00,3429.86,3434.52,3414.49,3419.63,55989.384
2025-11-08 06:15:00+00:00,3419.64,3448.36,3419.14,3443.42,59561.999
2025-11-08 06:30:00+00:00,3443.42,3454.43,3442.5,3448.7,26623.055
2025-11-08 06:45:00+00:00,3448.7,3454.07,3440.87,3443.75,18108.924
2025-11-08 07:00:00+00:00,3443.75,3444.94,3435.16,3439.34,20466.915
2025-11-08 07:15:00+00:00,3439.33,3444.36,3423.09,3432.58,34827.922
2025-11-08 07:30:00+00:00,3432.58,3444.98,3428.06,3443.6,18951.816
2025-11-08 07:45:00+00:00,3443.61,3449.99,3443.33,3446.41,18551.553
2025-11-08 08:00:00+00:00,3446.41,3453.45,3441.58,3448.09,17293.914
2025-11-08 08:15:00+00:00,3448.1,3456.68,3434.04,3450.91,25607.958
2025-11-08 08:30:00+00:00,3450.9,3465.99,3450.16,3462.91,27009.238
2025-11-08 08:45:00+00:00,3462.9,3468.43,3453.0,3453.28,20313.359
2025-11-08 09:00:00+00:00,3453.28,3453.78,3447.39,3449.24,16180.239
2025-11-08 09:15:00+00:00,3449.23,3462.84,3447.73,3458.83,12528.47
2025-11-08 09:30:00+00:00,3458.82,3463.59,3455.27,3457.06,13804.717
2025-11-08 09:45:00+00:00,3457.05,3458.88,3437.05,3438.32,37562.26
2025-11-08 10:00:00+00:00,3438.32,3441.06,3434.38,3435.31,16126.909
2025-11-08 10:15:00+00:00,3435.31,3447.7,3431.74,3447.0,34764.279
2025-11-08 10:30:00+00:00,3447.0,3449.0,3442.15,3444.74,10378.428
2025-11-08 10:45:00+00:00,3444.75,3448.53,3442.33,3444.45,8662.596
2025-11-08 11:00:00+00:00,3444.45,3452.99,3441.79,3452.4,14037.07
2025-11-08 11:15:00+00:00,3452.39,3454.9,3447.69,3449.55,9099.592
2025-11-08 11:30:00+00:00,3449.54,3450.0,3417.52,3418.32,60257.136
2025-11-08 11:45:00+00:00,3418.32,3424.65,3405.03,3411.53,75340.229
2025-11-08 12:00:00+00:00,3411.54,3416.74,3396.0,3398.99,60319.138
2025-11-08 12:15:00+00:00,3399.0,3413.52,3398.72,3407.44,47347.131
2025-11-08 12:30:00+00:00,3407.44,3411.4,3403.06,3403.13,20420.543
2025-11-08 12:45:00+00:00,3403.13,3409.33,3402.0,3407.78,13702.57
2025-11-08 13:00:00+00:00,3407.78,3409.57,3388.09,3404.58,47938.78
2025-11-08 13:15:00+00:00,3404.58,3405.88,3389.48,3399.85,35234.594
2025-11-08 13:30:00+00:00,3399.85,3411.6,3388.77,3406.67,42742.385
2025-11-08 13:45:00+00:00,3406.67,3407.64,3395.03,3395.2,22692.062
2025-11-08 14:00:00+00:00,3395.21,3400.0,3376.09,3379.39,77361.89
2025-11-08 14:15:00+00:00,3379.39,3386.42,3371.61,3384.37,51610.927
2025-11-08 14:30:00+00:00,3384.38,3411.46,3383.46,3402.44,65913.845
2025-11-08 14:45:00+00:00,3402.43,3406.5,3397.28,3398.56,21678.612
2025-11-08 15:00:00+00:00,3398.57,3402.8,3391.83,3395.82,18434.743
2025-11-08 15:15:00+00:00,3395.82,3402.8,3376.5,3381.52,42984.728
2025-11-08 15:30:00+00:00,3381.52,3387.53,3367.81,3376.46,40377.443
2025-11-08 15:45:00+00:00,3376.46,3385.35,3370.82,3375.68,27021.661
2025-11-08 16:00:00+00:00,3375.69,3382.36,3360.5,3380.27,63801.968
2025-11-08 16:15:00+00:00,3380.26,3382.94,3363.49,3374.69,34424.454
2025-11-08 16:30:00+00:00,3374.7,3380.44,3368.94,3369.48,31599.296
2025-11-08 16:45:00+00:00,3369.47,3370.95,3353.31,3366.84,56043.564
2025-11-08 17:00:00+00:00,3366.85,3369.96,3361.65,3366.95,22441.808
2025-11-08 17:15:00+00:00,3366.95,3392.17,3366.95,3388.76,56980.656
2025-11-08 17:30:00+00:00,3388.77,3395.0,3385.28,3391.27,25190.024
2025-11-08 17:45:00+00:00,3391.27,3399.0,3389.76,3397.69,24552.218
2025-11-08 18:00:00+00:00,3397.69,3398.23,3390.1,3396.23,16565.112
2025-11-08 18:15:00+00:00,3396.24,3396.44,3384.56,3388.29,18918.801
2025-11-08 18:30:00+00:00,3388.3,3395.91,3387.6,3394.63,11067.683
2025-11-08 18:45:00+00:00,3394.64,3406.46,3394.47,3401.35,27954.938
2025-11-08 19:00:00+00:00,3401.34,3405.03,3398.31,3398.59,14323.56
2025-11-08 19:15:00+00:00,3398.6,3399.57,3361.49,3371.75,58537.664
2025-11-08 19:30:00+00:00,3371.76,3384.8,3369.42,3382.3,21273.804
2025-11-08 19:45:00+00:00,3382.31,3389.29,3380.27,3387.61,10680.836
2025-11-08 20:00:00+00:00,3387.62,3394.64,3378.4,3380.83,19102.242
2025-11-08 20:15:00+00:00,3380.83,3391.36,3380.24,3391.36,9179.847
2025-11-08 20:30:00+00:00,3391.36,3400.39,3389.54,3398.02,12006.411
2025-11-08 20:45:00+00:00,3398.01,3402.49,3395.01,3396.1,13542.677
2025-11-08 21:00:00+00:00,3396.1,3398.61,3393.0,3394.19,7700.517
2025-11-08 21:15:00+00:00,3394.2,3402.0,3393.42,3400.97,8015.942
2025-11-08 21:30:00+00:00,3400.97,3408.21,3399.37,3407.25,15636.474
2025-11-08 21:45:00+00:00,3407.26,3408.75,3401.45,3404.18,8627.885
2025-11-08 22:00:00+00:00,3404.19,3404.19,3396.35,3397.5,7248.833
2025-11-08 22:15:00+00:00,3397.5,3404.1,3392.66,3402.07,7704.665
2025-11-08 22:30:00+00:00,3402.08,3403.52,3397.19,3397.71,6318.453
2025-11-08 22:45:00+00:00,3397.71,3409.89,3397.25,3407.46,11040.49
2025-11-08 23:00:00+00:00,3407.45,3409.4,3402.87,3408.62,10424.59
2025-11-08 23:15:00+00:00,3408.62,3410.79,3405.62,3406.8,7245.211
2025-11-08 23:30:00+00:00,3406.8,3414.33,3404.41,3405.01,10405.023
2025-11-08 23:45:00+00:00,3405.0,3406.08,3398.26,3400.07,7538.117
2025-11-09 00:00:00+00:00,3400.08,3401.0,3385.25,3386.18,25297.678
2025-11-09 00:15:00+00:00,3386.18,3386.18,3371.35,3375.01,31739.76
2025-11-09 00:30:00+00:00,3375.0,3392.38,3375.0,3390.64,18271.483
2025-11-09 00:45:00+00:00,3390.65,3391.26,3379.5,3383.34,13464.461
2025-11-09 01:00:00+00:00,3383.34,3397.66,3380.89,3391.57,14990.202
2025-11-09 01:15:00+00:00,3391.57,3394.2,3384.91,3387.94,7330.606
2025-11-09 01:30:00+00:00,3387.94,3396.1,3377.74,3395.42,12332.649
2025-11-09 01:45:00+00:00,3395.42,3403.0,3395.42,3399.21,13849.923
2025-11-09 02:00:00+00:00,3399.21,3399.21,3388.44,3392.08,11898.95
2025-11-09 02:15:00+00:00,3392.07,3398.32,3390.0,3391.68,6545.974
2025-11-09 02:30:00+00:00,3391.69,3391.69,3374.02,3377.41,30707.626
2025-11-09 02:45:00+00:00,3377.41,3385.78,3362.41,3366.56,40081.705
2025-11-09 03:00:00+00:00,3366.56,3374.16,3365.42,3370.01,17259.135
2025-11-09 03:15:00+00:00,3370.0,3375.55,3357.21,3362.39,26055.383
2025-11-09 03:30:00+00:00,3362.4,3373.39,3356.74,3368.43,21199.39
2025-11-09 03:45:00+00:00,3368.44,3376.9,3363.22,3374.82,16198.929
2025-11-09 04:00:00+00:00,3374.82,3378.84,3370.6,3378.42,16003.06
2025-11-09 04:15:00+00:00,3378.43,3389.0,3377.59,3384.41,23364.143
2025-11-09 04:30:00+00:00,3384.4,3385.69,3372.81,3374.13,18920.034
2025-11-09 04:45:00+00:00,3374.13,3376.26,3368.62,3373.08,12079.768
2025-11-09 05:00:00+00:00,3373.08,3390.44,3371.0,3388.68,22907.966
2025-11-09 05:15:00+00:00,3388.68,3406.93,3388.67,3405.24,44680.865
2025-11-09 05:30:00+00:00,3405.23,3407.2,3390.58,3397.0,22546.974
2025-11-09 05:45:00+00:00,3397.0,3404.02,3397.0,3403.9,10650.692
2025-11-09 06:00:00+00:00,3403.9,3407.0,3398.12,3405.97,15725.009
2025-11-09 06:15:00+00:00,3405.96,3409.69,3404.79,3406.84,17175.8
2025-11-09 06:30:00+00:00,3406.83,3418.72,3401.21,3413.26,23697.381
2025-11-09 06:45:00+00:00,3413.26,3414.76,3400.54,3403.49,17644.332
2025-11-09 07:00:00+00:00,3403.5,3413.98,3401.52,3411.92,18766.658
2025-11-09 07:15:00+00:00,3411.92,3415.2,3406.92,3408.95,11250.74
2025-11-09 07:30:00+00:00,3408.94,3418.95,3408.94,3415.27,16067.151
2025-11-09 07:45:00+00:00,3415.27,3425.68,3413.44,3421.05,26064.634
2025-11-09 08:00:00+00:00,3421.06,3421.51,3415.23,3420.1,15925.807
2025-11-09 08:15:00+00:00,3420.11,3422.94,3408.0,3411.79,20940.991
2025-11-09 08:30:00+00:00,3411.79,3418.19,3410.0,3415.68,9557.01
2025-11-09 08:45:00+00:00,3415.68,3420.19,3411.11,3420.19,7213.094
2025-11-09 09:00:00+00:00,3420.19,3432.69,3418.46,3426.53,37584.231
2025-11-09 09:15:00+00:00,3426.53,3434.0,3421.3,3422.92,31137.284
2025-11-09 09:30:00+00:00,3422.92,3423.82,3412.47,3413.1,20340.425
2025-11-09 09:45:00+00:00,3413.09,3414.62,3397.56,3399.64,47359.091
2025-11-09 10:00:00+00:00,3399.65,3399.65,3386.71,3389.47,42483.857
2025-11-09 10:15:00+00:00,3389.48,3396.72,3380.71,3394.21,42272.534
2025-11-09 10:30:00+00:00,3394.2,3394.64,3383.51,3393.84,16585.436
2025-11-09 10:45:00+00:00,3393.83,3400.85,3393.18,3400.33,19611.926
2025-11-09 11:00:00+00:00,3400.34,3423.0,3400.34,3423.0,51654.569
2025-11-09 11:15:00+00:00,3423.0,3424.16,3417.13,3419.11,19943.529
2025-11-09 11:30:00+00:00,3419.1,3421.38,3413.75,3419.86,14578.444
2025-11-09 11:45:00+00:00,3419.86,3432.15,3418.42,3426.99,25813.356
2025-11-09 12:00:00+00:00,3427.0,3429.65,3423.22,3427.24,16138.119
2025-11-09 12:15:00+00:00,3427.25,3464.54,3427.25,3445.94,125017.198
2025-11-09 12:30:00+00:00,3445.94,3453.42,3441.28,3444.23,24198.794
2025-11-09 12:45:00+00:00,3444.24,3448.28,3438.6,3440.64,25477.322
2025-11-09 13:00:00+00:00,3440.64,3461.9,3440.5,3457.06,37341.896
2025-11-09 13:15:00+00:00,3457.06,3459.71,3446.84,3449.97,20969.285
2025-11-09 13:30:00+00:00,3449.98,3457.17,3445.62,3453.0,21897.934
2025-11-09 13:45:00+00:00,3452.99,3463.0,3450.3,3456.72,32549.006
2025-11-09 14:00:00+00:00,3456.71,3475.35,3451.77,3467.66,63311.312
2025-11-09 14:15:00+00:00,3467.66,3553.75,3465.78,3553.75,257800.67
2025-11-09 14:30:00+00:00,3553.74,3563.19,3516.11,3521.44,214483.816
2025-11-09 14:45:00+00:00,3521.45,3529.94,3498.1,3505.01,92246.56
2025-11-09 15:00:00+00:00,3505.01,3530.6,3501.93,3522.82,81741.194
2025-11-09 15:15:00+00:00,3522.82,3530.6,3519.1,3525.84,31826.535
2025-11-09 15:30:00+00:00,3525.84,3535.51,3522.0,3530.29,32087.38
2025-11-09 15:45:00+00:00,3530.28,3531.48,3510.44,3513.58,44672.861
2025-11-09 16:00:00+00:00,3513.58,3519.89,3502.0,3503.55,53922.367
2025-11-09 16:15:00+00:00,3503.55,3522.0,3500.0,3518.88,54104.065
2025-11-09 16:30:00+00:00,3518.88,3519.15,3509.16,3517.98,31986.462
2025-11-09 16:45:00+00:00,3517.97,3535.96,3517.97,3526.22,32284.085
2025-11-09 17:00:00+00:00,3526.22,3530.0,3520.0,3523.55,15310.575
2025-11-09 17:15:00+00:00,3523.54,3524.0,3505.0,3513.94,31726.581
2025-11-09 17:30:00+00:00,3513.93,3519.0,3501.0,3507.0,25148.438
2025-11-09 17:45:00+00:00,3507.0,3516.86,3506.77,3514.0,12262.949
2025-11-09 18:00:00+00:00,3514.0,3521.22,3510.96,3513.8,11950.961
2025-11-09 18:15:00+00:00,3513.8,3516.95,3508.78,3513.24,10688.68
2025-11-09 18:30:00+00:00,3513.24,3523.76,3510.75,3523.52,15975.31
2025-11-09 18:45:00+00:00,3523.51,3542.85,3522.69,3539.67,47332.551
2025-11-09 19:00:00+00:00,3539.66,3543.41,3532.84,3537.64,28854.404
2025-11-09 19:15:00+00:00,3537.63,3556.92,3534.31,3556.06,51232.404
2025-11-09 19:30:00+00:00,3556.07,3564.73,3552.26,3558.1,45442.848
2025-11-09 19:45:00+00:00,3558.1,3578.7,3558.1,3578.04,47901.241
2025-11-09 20:00:00+00:00,3578.03,3597.43,3561.47,3564.06,98063.031
2025-11-09 20:15:00+00:00,3564.06,3578.9,3560.07,3574.27,23442.937
2025-11-09 20:30:00+00:00,3574.26,3584.9,3573.21,3575.8,16292.962
2025-11-09 20:45:00+00:00,3575.8,3578.91,3571.88,3577.43,10411.064
2025-11-09 21:00:00+00:00,3577.43,3587.36,3572.06,3573.57,22785.583
2025-11-09 21:15:00+00:00,3573.57,3589.89,3572.98,3588.4,15586.048
2025-11-09 21:30:00+00:00,3588.41,3588.41,3577.43,3585.45,16213.961
2025-11-09 21:45:00+00:00,3585.44,3595.38,3571.38,3579.46,40535.958
2025-11-09 22:00:00+00:00,3579.47,3583.02,3566.37,3573.6,28886.2
2025-11-09 22:15:00+00:00,3573.6,3580.1,3566.69,3567.99,12214.423
2025-11-09 22:30:00+00:00,3567.99,3573.63,3563.07,3571.82,17774.106
2025-11-09 22:45:00+00:00,3571.82,3594.0,3571.81,3586.1,21977.159
2025-11-09 23:00:00+00:00,3586.1,3624.4,3578.0,3587.09,122567.236
2025-11-09 23:15:00+00:00,3587.1,3594.0,3573.24,3576.74,42244.702
2025-11-09 23:30:00+00:00,3576.73,3577.94,3563.45,3568.54,39312.412
2025-11-09 23:45:00+00:00,3568.54,3583.83,3565.8,3581.31,28142.619
2025-11-10 00:00:00+00:00,3581.31,3581.31,3548.88,3578.34,85884.885
2025-11-10 00:15:00+00:00,3578.35,3605.02,3575.52,3594.84,55394.102
2025-11-10 00:30:00+00:00,3594.84,3629.99,3589.92,3629.0,80245.459
2025-11-10 00:45:00+00:00,3628.99,3651.92,3621.62,3634.14,120569.994
2025-11-10 01:00:00+00:00,3634.13,3653.66,3615.21,3637.48,98752.113
2025-11-10 01:15:00+00:00,3637.47,3658.0,3628.75,3641.79,63053.393
2025-11-10 01:30:00+00:00,3641.78,3646.0,3626.94,3628.81,35593.589
2025-11-10 01:45:00+00:00,3628.81,3643.56,3627.15,3628.26,29760.589
2025-11-10 02:00:00+00:00,3628.26,3638.17,3622.07,3629.99,37481.422
2025-11-10 02:15:00+00:00,3630.0,3632.98,3623.43,3624.3,22205.372
2025-11-10 02:30:00+00:00,3624.3,3632.32,3611.0,3618.39,30892.385
2025-11-10 02:45:00+00:00,3618.38,3629.56,3615.62,3627.32,24232.08
2025-11-10 03:00:00+00:00,3627.33,3647.0,3622.0,3623.4,41259.033
2025-11-10 03:15:00+00:00,3623.4,3631.41,3621.89,3628.57,16882.494
2025-11-10 03:30:00+00:00,3628.56,3635.86,3624.22,3633.12,21125.958
2025-11-10 03:45:00+00:00,3633.12,3637.65,3622.03,3626.45,20094.667
2025-11-10 04:00:00+00:00,3626.44,3630.71,3622.0,3624.66,13915.636
2025-11-10 04:15:00+00:00,3624.65,3624.66,3602.0,3608.27,49796.048
2025-11-10 04:30:00+00:00,3608.28,3612.79,3604.13,3609.98,24722.734
2025-11-10 04:45:00+00:00,3609.99,3619.62,3605.23,3615.98,21016.753
2025-11-10 05:00:00+00:00,3615.98,3625.0,3615.11,3618.58,19621.935
2025-11-10 05:15:00+00:00,3618.58,3619.24,3604.15,3609.2,24639.185
2025-11-10 05:30:00+00:00,3609.19,3611.88,3587.56,3599.7,53274.849
2025-11-10 05:45:00+00:00,3599.71,3607.56,3594.99,3606.81,20152.306
2025-11-10 06:00:00+00:00,3606.81,3611.23,3600.19,3605.56,19778.866
2025-11-10 06:15:00+00:00,3605.57,3609.58,3593.01,3599.54,20891.943
2025-11-10 06:30:00+00:00,3599.55,3607.56,3597.49,3605.28,13750.964
2025-11-10 06:45:00+00:00,3605.28,3611.62,3601.54,3603.91,11753.57
2025-11-10 07:00:00+00:00,3603.91,3621.66,3602.0,3617.09,39826.721
2025-11-10 07:15:00+00:00,3617.1,3619.69,3610.29,3611.11,16406.593
2025-11-10 07:30:00+00:00,3611.11,3617.84,3605.76,3610.04,17327.229
2025-11-10 07:45:00+00:00,3610.05,3612.93,3605.0,3607.5,12843.312
2025-11-10 08:00:00+00:00,3607.51,3614.53,3593.38,3598.57,33984.762
2025-11-10 08:15:00+00:00,3598.57,3609.86,3596.8,3604.46,49630.041
2025-11-10 08:30:00+00:00,3604.45,3604.45,3585.59,3595.0,44253.55
2025-11-10 08:45:00+00:00,3595.0,3596.19,3590.0,3593.29,21786.157
2025-11-10 09:00:00+00:00,3593.28,3595.73,3585.42,3590.54,28873.313
2025-11-10 09:15:00+00:00,3590.55,3605.95,3586.23,3605.1,33482.965
2025-11-10 09:30:00+00:00,3605.1,3618.8,3605.0,3616.58,34079.492
2025-11-10 09:45:00+00:00,3616.57,3630.3,3616.49,3623.32,41696.679
2025-11-10 10:00:00+00:00,3623.32,3626.81,3616.07,3616.69,22720.418
2025-11-10 10:15:00+00:00,3616.69,3622.0,3610.57,3612.3,14482.262
2025-11-10 10:30:00+00:00,3612.3,3613.92,3602.3,3609.5,22752.917
2025-11-10 10:45:00+00:00,3609.49,3615.2,3602.3,3605.07,14744.346
2025-11-10 11:00:00+00:00,3605.08,3614.08,3602.33,3610.01,18332.064
2025-11-10 11:15:00+00:00,3610.0,3612.61,3604.44,3609.88,15974.612
2025-11-10 11:30:00+00:00,3609.88,3619.95,3607.78,3618.2,16178.001
2025-11-10 11:45:00+00:00,3618.2,3619.99,3607.4,3608.9,18516.589
2025-11-10 12:00:00+00:00,3608.89,3609.4,3581.68,3592.17,64558.072
2025-11-10 12:15:00+00:00,3592.17,3592.8,3586.88,3591.25,16317.088
2025-11-10 12:30:00+00:00,3591.26,3597.7,3587.0,3594.25,16587.025
2025-11-10 12:45:00+00:00,3594.24,3594.59,3586.71,3590.46,13639.293
2025-11-10 13:00:00+00:00,3590.46,3617.0,3588.45,3602.65,57704.642
2025-11-10 13:15:00+00:00,3602.65,3607.32,3591.71,3605.37,29453.381
2025-11-10 13:30:00+00:00,3605.36,3620.71,3605.32,3613.49,42710.347
2025-11-10 13:45:00+00:00,3613.48,3618.0,3610.05,3613.91,20260.062
2025-11-10 14:00:00+00:00,3613.91,3614.23,3595.27,3598.23,29536.98
2025-11-10 14:15:00+00:00,3598.23,3610.67,3593.0,3602.89,22426.02
2025-11-10 14:30:00+00:00,3602.89,3605.84,3574.49,3580.37,110726.05
2025-11-10 14:45:00+00:00,3580.37,3581.76,3528.05,3540.0,266063.926
2025-11-10 15:00:00+00:00,3540.0,3551.12,3527.28,3529.83,93677.725
2025-11-10 15:15:00+00:00,3529.84,3545.99,3517.02,3545.1,92557.548
2025-11-10 15:30:00+00:00,3545.09,3559.3,3528.0,3551.95,108666.669
2025-11-10 15:45:00+00:00,3551.96,3553.23,3506.66,3518.1,102112.747
2025-11-10 16:00:00+00:00,3518.1,3531.96,3506.71,3528.26,78168.888
2025-11-10 16:15:00+00:00,3528.26,3533.0,3513.78,3526.4,48776.184
2025-11-10 16:30:00+00:00,3526.41,3536.84,3511.66,3515.32,41615.294
2025-11-10 16:45:00+00:00,3515.32,3531.98,3505.55,3528.04,56621.162
2025-11-10 17:00:00+00:00,3528.04,3542.73,3523.64,3524.79,54295.548
2025-11-10 17:15:00+00:00,3524.8,3535.22,3520.79,3527.66,43203.24
2025-11-10 17:30:00+00:00,3527.65,3547.0,3525.15,3546.42,56597.692
2025-11-10 17:45:00+00:00,3546.42,3559.0,3541.96,3553.38,53861.019
2025-11-10 18:00:00+00:00,3553.38,3556.0,3534.7,3534.92,37618.1
2025-11-10 18:15:00+00:00,3534.93,3551.24,3534.6,3544.1,17661.327
2025-11-10 18:30:00+00:00,3544.11,3550.33,3541.46,3548.6,13498.68
2025-11-10 18:45:00+00:00,3548.59,3555.0,3530.51,3530.75,24103.873
2025-11-10 19:00:00+00:00,3530.75,3549.23,3527.04,3546.31,28801.537
2025-11-10 19:15:00+00:00,3546.3,3549.89,3538.87,3540.85,9329.186
2025-11-10 19:30:00+00:00,3540.84,3572.64,3534.46,3562.35,49040.448
2025-11-10 19:45:00+00:00,3562.35,3574.73,3554.53,3556.83,46286.138
2025-11-10 20:00:00+00:00,3556.83,3577.49,3553.32,3575.15,35554.417
2025-11-10 20:15:00+00:00,3575.15,3575.48,3562.31,3564.65,20922.544
2025-11-10 20:30:00+00:00,3564.65,3579.99,3556.65,3578.52,26087.84
2025-11-10 20:45:00+00:00,3578.52,3582.69,3562.98,3570.22,33248.207
2025-11-10 21:00:00+00:00,3570.22,3571.04,3540.42,3545.88,48717.991
2025-11-10 21:15:00+00:00,3545.89,3546.47,3535.26,3538.32,25565.704
2025-11-10 21:30:00+00:00,3538.32,3541.61,3529.07,3539.0,22469.984
2025-11-10 21:45:00+00:00,3538.99,3541.7,3528.48,3540.12,26695.377
2025-11-10 22:00:00+00:00,3540.11,3553.87,3527.06,3529.96,25226.307
2025-11-10 22:15:00+00:00,3529.95,3547.81,3529.07,3546.26,15279.239
2025-11-10 22:30:00+00:00,3546.25,3557.47,3543.69,3551.9,13574.034
2025-11-10 22:45:00+00:00,3551.9,3578.8,3551.45,3574.59,33019.6
2025-11-10 23:00:00+00:00,3574.6,3580.0,3565.98,3574.9,21694.931
2025-11-10 23:15:00+00:00,3574.91,3580.0,3570.21,3576.03,13114.06
2025-11-10 23:30:00+00:00,3576.04,3578.92,3563.5,3570.32,15437.849
2025-11-10 23:45:00+00:00,3570.31,3576.51,3561.0,3566.38,14374.387
2025-11-11 00:00:00+00:00,3566.38,3577.24,3557.19,3567.49,28131.846
2025-11-11 00:15:00+00:00,3567.5,3578.5,3557.5,3562.34,20971.988
2025-11-11 00:30:00+00:00,3562.34,3571.07,3551.11,3556.43,28163.47
2025-11-11 00:45:00+00:00,3556.44,3591.47,3552.91,3584.0,40367.452
2025-11-11 01:00:00+00:00,3584.01,3591.31,3576.22,3590.78,26839.358
2025-11-11 01:15:00+00:00,3590.78,3647.54,3590.0,3618.38,164598.469
2025-11-11 01:30:00+00:00,3618.37,3618.64,3588.62,3595.25,69731.416
2025-11-11 01:45:00+00:00,3595.25,3610.82,3573.09,3579.96,64510.01
2025-11-11 02:00:00+00:00,3579.97,3590.29,3557.15,3586.99,72283.638
2025-11-11 02:15:00+00:00,3587.0,3592.78,3573.0,3592.78,30006.127
2025-11-11 02:30:00+00:00,3592.78,3635.41,3590.38,3628.91,121998.002
2025-11-11 02:45:00+00:00,3628.9,3633.0,3605.19,3613.77,48921.807
2025-11-11 03:00:00+00:00,3613.76,3628.52,3611.25,3624.35,44664.259
2025-11-11 03:15:00+00:00,3624.36,3632.0,3616.01,3616.02,34856.505
2025-11-11 03:30:00+00:00,3616.01,3622.89,3600.46,3601.23,40008.36
2025-11-11 03:45:00+00:00,3601.22,3609.58,3596.65,3604.2,23990.513
2025-11-11 04:00:00+00:00,3604.21,3608.44,3585.01,3588.79,42060.472
2025-11-11 04:15:00+00:00,3588.8,3596.56,3582.32,3582.4,28668.246
2025-11-11 04:30:00+00:00,3582.41,3588.23,3571.84,3580.07,33578.23
2025-11-11 04:45:00+00:00,3580.07,3581.84,3570.72,3573.35,21368.949
2025-11-11 05:00:00+00:00,3573.36,3574.2,3556.0,3556.01,46553.346
2025-11-11 05:15:00+00:00,3556.0,3568.16,3552.7,3562.72,39082.035
2025-11-11 05:30:00+00:00,3562.72,3563.22,3545.01,3546.28,37328.556
2025-11-11 05:45:00+00:00,3546.29,3556.21,3541.48,3546.92,33451.188
2025-11-11 06:00:00+00:00,3546.92,3550.0,3528.8,3541.0,95944.776
2025-11-11 06:15:00+00:00,3541.0,3555.62,3540.2,3547.89,64490.196
2025-11-11 06:30:00+00:00,3547.89,3557.66,3547.0,3551.09,28889.535
2025-11-11 06:45:00+00:00,3551.09,3556.0,3537.36,3555.67,38771.589
2025-11-11 07:00:00+00:00,3555.67,3565.0,3552.03,3562.59,37027.292
2025-11-11 07:15:00+00:00,3562.59,3564.99,3546.89,3557.51,29431.84
2025-11-11 07:30:00+00:00,3557.51,3562.84,3540.44,3549.28,24867.364
2025-11-11 07:45:00+00:00,3549.28,3553.0,3540.24,3542.88,24590.003
2025-11-11 08:00:00+00:00,3542.88,3561.02,3541.22,3553.76,21611.1
2025-11-11 08:15:00+00:00,3553.77,3561.0,3550.01,3550.97,15569.753
2025-11-11 08:30:00+00:00,3550.97,3557.9,3543.0,3556.51,23413.972
2025-11-11 08:45:00+00:00,3556.51,3562.0,3555.69,3561.19,18890.612
2025-11-11 09:00:00+00:00,3561.2,3581.46,3559.07,3571.61,49045.948
2025-11-11 09:15:00+00:00,3571.62,3577.81,3564.7,3575.81,28164.621
2025-11-11 09:30:00+00:00,3575.81,3585.29,3562.79,3564.43,36872.712
2025-11-11 09:45:00+00:00,3564.44,3566.09,3549.53,3553.96,44141.732
2025-11-11 10:00:00+00:00,3553.96,3563.74,3549.94,3555.51,26843.417
2025-11-11 10:15:00+00:00,3555.51,3564.82,3553.0,3559.77,15237.811
2025-11-11 10:30:00+00:00,3559.77,3560.79,3546.5,3556.62,19994.421
2025-11-11 10:45:00+00:00,3556.62,3558.9,3550.0,3558.78,12398.088
2025-11-11 11:00:00+00:00,3558.78,3573.88,3558.43,3572.85,23617.957
2025-11-11 11:15:00+00:00,3572.86,3580.0,3567.13,3575.17,36230.778
2025-11-11 11:30:00+00:00,3575.18,3580.23,3574.6,3578.97,20010.876
2025-11-11 11:45:00+00:00,3578.97,3579.78,3564.94,3572.4,30801.254
2025-11-11 12:00:00+00:00,3572.4,3593.0,3569.81,3578.42,46074.119
2025-11-11 12:15:00+00:00,3578.42,3582.45,3563.84,3564.44,27987.002
2025-11-11 12:30:00+00:00,3564.44,3568.56,3548.0,3550.48,47327.74
2025-11-11 12:45:00+00:00,3550.47,3559.15,3538.05,3539.7,71593.515
2025-11-11 13:00:00+00:00,3539.68,3552.56,3539.38,3552.27,33544.768
2025-11-11 13:15:00+00:00,3552.27,3558.0,3543.0,3550.0,41885.825
2025-11-11 13:30:00+00:00,3549.99,3563.42,3549.7,3561.31,32194.614
2025-11-11 13:45:00+00:00,3561.31,3572.94,3524.0,3530.99,131518.143
2025-11-11 14:00:00+00:00,3530.99,3538.53,3520.17,3530.17,82021.284
2025-11-11 14:15:00+00:00,3530.18,3546.26,3526.25,3530.82,45521.809
2025-11-11 14:30:00+00:00,3530.82,3531.5,3506.07,3508.68,133206.557
2025-11-11 14:45:00+00:00,3508.68,3532.24,3483.71,3528.26,222097.178
2025-11-11 15:00:00+00:00,3528.26,3528.26,3490.12,3496.09,97019.509
2025-11-11 15:15:00+00:00,3496.09,3515.83,3484.55,3485.47,78921.709
2025-11-11 15:30:00+00:00,3485.46,3488.59,3466.0,3477.71,137719.122
2025-11-11 15:45:00+00:00,3477.7,3485.01,3466.75,3479.62,52840.077
2025-11-11 16:00:00+00:00,3479.62,3486.8,3463.42,3479.81,67966.579
2025-11-11 16:15:00+00:00,3479.8,3494.0,3469.65,3473.62,62753.953
2025-11-11 16:30:00+00:00,3473.62,3492.0,3466.87,3486.87,34434.775
2025-11-11 16:45:00+00:00,3486.87,3499.1,3480.05,3483.45,41184.104
2025-11-11 17:00:00+00:00,3483.45,3497.18,3476.82,3488.91,36627.533
2025-11-11 17:15:00+00:00,3488.91,3493.63,3470.28,3474.79,29147.685
2025-11-11 17:30:00+00:00,3474.79,3476.88,3443.04,3458.1,124602.903
2025-11-11 17:45:00+00:00,3458.09,3475.0,3451.61,3471.5,45847.949
2025-11-11 18:00:00+00:00,3471.49,3485.3,3458.33,3476.51,72998.311
2025-11-11 18:15:00+00:00,3476.51,3481.14,3465.28,3474.18,26030.939
2025-11-11 18:30:00+00:00,3474.18,3480.75,3462.09,3464.79,22157.724
2025-11-11 18:45:00+00:00,3464.8,3476.0,3463.78,3467.29,19048.078
2025-11-11 19:00:00+00:00,3467.31,3467.31,3449.72,3458.33,37209.071
2025-11-11 19:15:00+00:00,3458.34,3468.72,3458.33,3462.91,20305.79
2025-11-11 19:30:00+00:00,3462.92,3468.0,3447.8,3452.71,24634.314
2025-11-11 19:45:00+00:00,3452.71,3467.68,3450.0,3455.65,24245.044
2025-11-11 20:00:00+00:00,3455.66,3457.28,3434.67,3447.48,58470.427
2025-11-11 20:15:00+00:00,3447.48,3460.66,3442.98,3446.34,25668.791
2025-11-11 20:30:00+00:00,3446.34,3446.34,3431.12,3432.24,50774.986
2025-11-11 20:45:00+00:00,3432.24,3446.76,3427.04,3437.4,59281.253
2025-11-11 21:00:00+00:00,3437.4,3448.67,3428.0,3441.46,51165.072
2025-11-11 21:15:00+00:00,3441.46,3445.39,3436.16,3437.22,14104.431
2025-11-11 21:30:00+00:00,3437.21,3438.23,3411.0,3415.59,82002.892
2025-11-11 21:45:00+00:00,3415.58,3426.15,3406.6,3416.19,47108.718
2025-11-11 22:00:00+00:00,3416.19,3423.86,3403.02,3422.85,37524.385
2025-11-11 22:15:00+00:00,3422.84,3434.8,3411.0,3430.87,53937.047
2025-11-11 22:30:00+00:00,3430.87,3435.33,3424.12,3428.88,21731.192
2025-11-11 22:45:00+00:00,3428.88,3434.55,3422.01,3428.46,16462.832
2025-11-11 23:00:00+00:00,3428.47,3429.76,3415.1,3422.92,24308.099
2025-11-11 23:15:00+00:00,3422.92,3437.05,3422.91,3428.39,28440.751
2025-11-11 23:30:00+00:00,3428.4,3428.4,3411.72,3417.54,22657.353
2025-11-11 23:45:00+00:00,3417.55,3422.67,3407.45,3416.32,37146.103
2025-11-12 00:00:00+00:00,3416.33,3433.64,3408.14,3416.12,52772.446
2025-11-12 00:15:00+00:00,3416.12,3430.0,3413.48,3427.02,20370.01
2025-11-12 00:30:00+00:00,3427.02,3429.26,3416.3,3424.27,17891.608
2025-11-12 00:45:00+00:00,3424.27,3427.96,3415.0,3416.64,16873.169
2025-11-12 01:00:00+00:00,3416.65,3438.34,3410.69,3436.48,45088.88
2025-11-12 01:15:00+00:00,3436.49,3450.0,3427.48,3434.68,69807.246
2025-11-12 01:30:00+00:00,3434.68,3447.44,3431.17,3442.98,27272.64
2025-11-12 01:45:00+00:00,3443.0,3448.91,3440.71,3445.82,15377.872
2025-11-12 02:00:00+00:00,3445.82,3454.49,3443.22,3450.05,29971.513
2025-11-12 02:15:00+00:00,3450.04,3454.68,3433.48,3437.23,40800.797
2025-11-12 02:30:00+00:00,3437.23,3437.24,3416.77,3423.07,43333.778
2025-11-12 02:45:00+00:00,3423.07,3429.44,3415.58,3425.94,22444.578
2025-11-12 03:00:00+00:00,3425.95,3436.8,3419.85,3435.99,27286.487
2025-11-12 03:15:00+00:00,3436.0,3440.97,3431.79,3439.74,16325.527
2025-11-12 03:30:00+00:00,3439.74,3442.0,3436.06,3441.01,11323.759
2025-11-12 03:45:00+00:00,3441.01,3444.63,3436.48,3437.52,13563.35
2025-11-12 04:00:00+00:00,3437.52,3444.0,3432.0,3441.16,14415.308
2025-11-12 04:15:00+00:00,3441.16,3442.4,3430.55,3432.35,8319.436
2025-11-12 04:30:00+00:00,3432.35,3439.8,3430.6,3432.98,11749.139
2025-11-12 04:45:00+00:00,3432.99,3443.8,3430.3,3442.65,20685.488
2025-11-12 05:00:00+00:00,3442.65,3450.0,3442.65,3444.97,33127.515
2025-11-12 05:15:00+00:00,3444.97,3455.0,3442.57,3446.81,47671.217
2025-11-12 05:30:00+00:00,3446.8,3449.73,3441.48,3448.55,11375.905
2025-11-12 05:45:00+00:00,3448.55,3449.63,3444.6,3447.46,12188.238
2025-11-12 06:00:00+00:00,3447.45,3452.76,3444.53,3448.94,12576.294
2025-11-12 06:15:00+00:00,3448.94,3455.79,3448.0,3450.91,16465.406
2025-11-12 06:30:00+00:00,3450.9,3452.05,3443.01,3443.33,12504.426
2025-11-12 06:45:00+00:00,3443.34,3446.4,3436.66,3436.66,13437.943
2025-11-12 07:00:00+00:00,3436.67,3447.82,3436.21,3446.17,15576.308
2025-11-12 07:15:00+00:00,3446.17,3449.13,3439.32,3443.05,9516.969
2025-11-12 07:30:00+00:00,3443.05,3450.99,3440.09,3446.01,11565.147
2025-11-12 07:45:00+00:00,3446.0,3446.78,3422.17,3426.52,47155.591
2025-11-12 08:00:00+00:00,3426.51,3437.26,3426.33,3435.89,24416.197
2025-11-12 08:15:00+00:00,3435.9,3458.0,3435.89,3457.99,48053.106
2025-11-12 08:30:00+00:00,3458.0,3479.0,3453.55,3470.55,90257.335
2025-11-12 08:45:00+00:00,3470.54,3475.54,3464.41,3466.95,30837.594
2025-11-12 09:00:00+00:00,3466.94,3491.13,3464.06,3485.57,67950.594
2025-11-12 09:15:00+00:00,3485.55,3492.97,3479.32,3480.48,47199.956
2025-11-12 09:30:00+00:00,3480.49,3487.4,3470.02,3485.24,47690.385
2025-11-12 09:45:00+00:00,3485.24,3485.24,3477.22,3482.07,18825.569
2025-11-12 10:00:00+00:00,3482.07,3498.86,3481.31,3498.73,39212.379
2025-11-12 10:15:00+00:00,3498.73,3513.91,3493.04,3508.18,53474.135
2025-11-12 10:30:00+00:00,3508.18,3547.95,3508.03,3528.75,130102.608
2025-11-12 10:45:00+00:00,3528.75,3535.81,3525.48,3532.5,41970.054
2025-11-12 11:00:00+00:00,3532.49,3569.0,3532.19,3557.71,123333.007
2025-11-12 11:15:00+00:00,3557.72,3567.12,3541.65,3541.9,58095.806
2025-11-12 11:30:00+00:00,3541.9,3548.0,3538.0,3543.62,38924.878
2025-11-12 11:45:00+00:00,3543.62,3548.35,3541.2,3548.25,19861.313
2025-11-12 12:00:00+00:00,3548.24,3550.53,3538.07,3545.44,35409.665
2025-11-12 12:15:00+00:00,3545.43,3564.97,3541.2,3547.38,54673.476
2025-11-12 12:30:00+00:00,3547.38,3552.8,3538.04,3540.52,34481.609
2025-11-12 12:45:00+00:00,3540.53,3553.26,3539.77,3550.74,16612.867
2025-11-12 13:00:00+00:00,3550.73,3555.0,3543.64,3553.92,32558.076
2025-11-12 13:15:00+00:00,3553.92,3562.98,3546.82,3561.46,37127.152
2025-11-12 13:30:00+00:00,3561.46,3586.0,3557.01,3582.25,77914.401
2025-11-12 13:45:00+00:00,3582.25,3587.24,3574.0,3575.41,43133.458
2025-11-12 14:00:00+00:00,3575.42,3580.18,3563.16,3577.12,44972.694
2025-11-12 14:15:00+00:00,3577.11,3578.63,3564.0,3566.76,28139.477
2025-11-12 14:30:00+00:00,3566.77,3570.34,3539.97,3546.38,140135.4
2025-11-12 14:45:00+00:00,3546.38,3550.0,3478.07,3500.94,293275.197
2025-11-12 15:00:00+00:00,3500.94,3519.96,3485.19,3486.11,116494.619
2025-11-12 15:15:00+00:00,3486.11,3496.44,3461.27,3480.0,151899.18
2025-11-12 15:30:00+00:00,3480.01,3496.56,3444.53,3456.96,168053.116
2025-11-12 15:45:00+00:00,3456.95,3463.53,3416.27,3426.34,176606.802
2025-11-12 16:00:00+00:00,3426.33,3431.81,3370.0,3386.47,253536.137
2025-11-12 16:15:00+00:00,3386.47,3404.89,3382.71,3394.38,125153.617
2025-11-12 16:30:00+00:00,3394.38,3419.85,3380.09,3407.67,167849.504
2025-11-12 16:45:00+00:00,3407.66,3416.9,3390.41,3398.09,111527.997
2025-11-12 17:00:00+00:00,3398.1,3412.3,3392.61,3400.98,77357.365
2025-11-12 17:15:00+00:00,3400.98,3404.58,3390.12,3400.16,72132.912
2025-11-12 17:30:00+00:00,3400.16,3454.22,3396.33,3430.69,132560.525
2025-11-12 17:45:00+00:00,3430.69,3438.86,3421.82,3428.01,51931.228
2025-11-12 18:00:00+00:00,3428.0,3455.0,3428.0,3435.02,85987.97
2025-11-12 18:15:00+00:00,3435.01,3448.52,3430.33,3431.79,38264.934
2025-11-12 18:30:00+00:00,3431.78,3444.39,3428.48,3431.03,26618.008
2025-11-12 18:45:00+00:00,3431.03,3431.94,3416.04,3422.85,51485.953
2025-11-12 19:00:00+00:00,3422.85,3423.84,3390.0,3392.25,74250.672
2025-11-12 19:15:00+00:00,3392.25,3402.72,3373.76,3384.84,63402.383
2025-11-12 19:30:00+00:00,3384.83,3425.25,3370.8,3408.23,102900.282
2025-11-12 19:45:00+00:00,3408.22,3412.23,3400.8,3406.58,28536.459
2025-11-12 20:00:00+00:00,3406.58,3423.34,3398.78,3411.19,33801.004
2025-11-12 20:15:00+00:00,3411.19,3429.99,3410.0,3424.36,24721.675
2025-11-12 20:30:00+00:00,3424.35,3438.82,3422.01,3424.31,27590.513
2025-11-12 20:45:00+00:00,3424.3,3425.08,3408.69,3415.23,24829.685
2025-11-12 21:00:00+00:00,3415.24,3428.43,3410.0,3427.71,24381.688
2025-11-12 21:15:00+00:00,3427.7,3428.18,3415.01,3415.46,14015.948
2025-11-12 21:30:00+00:00,3415.46,3423.0,3413.81,3415.1,10101.36
2025-11-12 21:45:00+00:00,3415.09,3422.71,3406.66,3421.84,17759.264
2025-11-12 22:00:00+00:00,3421.84,3421.85,3390.01,3394.99,22790.698
2025-11-12 22:15:00+00:00,3394.99,3409.14,3392.0,3403.41,20199.173
2025-11-12 22:30:00+00:00,3403.4,3416.25,3400.5,3413.0,10993.34
2025-11-12 22:45:00+00:00,3413.01,3421.33,3412.94,3420.44,13546.974
2025-11-12 23:00:00+00:00,3420.45,3422.06,3405.0,3409.36,18712.196
2025-11-12 23:15:00+00:00,3409.35,3421.49,3407.43,3408.86,19842.135
2025-11-12 23:30:00+00:00,3408.87,3413.82,3402.01,3403.38,16029.715
2025-11-12 23:45:00+00:00,3403.38,3413.98,3402.0,3413.46,21716.03
2025-11-13 00:00:00+00:00,3413.45,3420.76,3409.08,3414.57,24582.102
2025-11-13 00:15:00+00:00,3414.56,3422.7,3403.0,3403.13,25301.541
2025-11-13 00:30:00+00:00,3403.13,3432.38,3403.12,3414.12,39094.628
2025-11-13 00:45:00+00:00,3414.12,3419.29,3408.47,3410.9,17928.619
2025-11-13 01:00:00+00:00,3410.9,3454.0,3409.03,3443.29,60412.79
2025-11-13 01:15:00+00:00,3443.28,3449.34,3421.0,3432.23,63398.984
2025-11-13 01:30:00+00:00,3432.22,3456.5,3428.79,3453.61,46189.042
2025-11-13 01:45:00+00:00,3453.62,3454.35,3421.0,3422.76,38057.625
2025-11-13 02:00:00+00:00,3422.77,3434.75,3421.29,3432.13,19889.285
2025-11-13 02:15:00+00:00,3432.12,3439.05,3425.0,3426.25,17813.517
2025-11-13 02:30:00+00:00,3426.24,3445.75,3425.31,3438.01,18983.105
2025-11-13 02:45:00+00:00,3438.02,3440.0,3430.01,3432.89,15961.452
2025-11-13 03:00:00+00:00,3432.89,3434.76,3393.03,3400.34,55685.415
2025-11-13 03:15:00+00:00,3400.33,3450.0,3375.09,3449.23,142013.405
2025-11-13 03:30:00+00:00,3449.23,3470.0,3445.4,3453.54,88777.37
2025-11-13 03:45:00+00:00,3453.54,3473.0,3450.0,3451.33,49340.106
2025-11-13 04:00:00+00:00,3451.32,3468.43,3432.02,3465.8,98264.757
2025-11-13 04:15:00+00:00,3465.8,3489.0,3449.61,3468.0,109327.625
2025-11-13 04:30:00+00:00,3468.0,3474.72,3460.2,3468.06,26050.58
2025-11-13 04:45:00+00:00,3468.05,3491.79,3458.42,3481.09,68423.412
2025-11-13 05:00:00+00:00,3481.09,3482.54,3464.73,3464.85,23698.264
2025-11-13 05:15:00+00:00,3464.85,3484.44,3464.84,3484.0,28122.704
2025-11-13 05:30:00+00:00,3484.01,3509.91,3481.72,3509.67,67257.497
2025-11-13 05:45:00+00:00,3509.66,3539.79,3507.0,3527.67,105296.242
2025-11-13 06:00:00+00:00,3527.67,3537.44,3519.27,3530.71,62024.243
2025-11-13 06:15:00+00:00,3530.71,3547.75,3526.56,3536.32,77742.662
2025-11-13 06:30:00+00:00,3536.32,3547.17,3534.85,3539.88,51043.348
2025-11-13 06:45:00+00:00,3539.89,3552.88,3538.8,3539.68,47652.388
2025-11-13 07:00:00+00:00,3539.68,3548.24,3531.83,3545.85,57757.461
2025-11-13 07:15:00+00:00,3545.85,3555.27,3540.13,3548.82,36675.077
2025-11-13 07:30:00+00:00,3548.82,3565.0,3533.79,3541.47,79739.139
2025-11-13 07:45:00+00:00,3541.46,3541.72,3530.38,3537.15,63261.76
2025-11-13 08:00:00+00:00,3537.16,3549.0,3531.53,3536.59,40446.172
2025-11-13 08:15:00+00:00,3536.59,3547.83,3536.36,3541.53,30852.689
2025-11-13 08:30:00+00:00,3541.52,3545.09,3539.11,3544.99,15534.097
2025-11-13 08:45:00+00:00,3545.0,3545.3,3518.5,3522.85,73182.008
2025-11-13 09:00:00+00:00,3522.85,3528.16,3488.82,3502.31,130367.097
2025-11-13 09:15:00+00:00,3502.31,3516.64,3494.79,3502.91,56555.401
2025-11-13 09:30:00+00:00,3502.91,3514.01,3491.4,3496.56,51659.658
2025-11-13 09:45:00+00:00,3496.56,3497.8,3475.0,3485.2,74320.777
2025-11-13 10:00:00+00:00,3485.21,3502.55,3485.21,3494.91,35838.755
2025-11-13 10:15:00+00:00,3494.91,3516.0,3492.37,3506.28,59444.25
2025-11-13 10:30:00+00:00,3506.29,3508.77,3493.31,3503.83,35102.63
2025-11-13 10:45:00+00:00,3503.84,3505.2,3497.87,3504.13,15803.734
2025-11-13 11:00:00+00:00,3504.12,3517.03,3502.98,3509.4,33207.303
2025-11-13 11:15:00+00:00,3509.4,3512.84,3497.28,3501.13,24838.096
2025-11-13 11:30:00+00:00,3501.12,3508.33,3492.86,3506.69,26033.199
2025-11-13 11:45:00+00:00,3506.69,3509.6,3499.48,3499.98,17199.313
2025-11-13 12:00:00+00:00,3499.97,3504.91,3479.99,3482.7,62284.921
2025-11-13 12:15:00+00:00,3482.71,3492.58,3482.07,3486.07,22472.609
2025-11-13 12:30:00+00:00,3486.08,3505.29,3486.07,3501.79,45838.138
2025-11-13 12:45:00+00:00,3501.8,3509.83,3497.55,3499.65,24523.785
2025-11-13 13:00:00+00:00,3499.66,3500.36,3489.33,3489.53,41304.157
2025-11-13 13:15:00+00:00,3489.53,3492.55,3455.41,3466.79,144684.899
2025-11-13 13:30:00+00:00,3466.78,3471.15,3425.75,3437.38,166446.904
2025-11-13 13:45:00+00:00,3437.38,3447.77,3425.0,3436.47,89665.027
2025-11-13 14:00:00+00:00,3436.48,3442.63,3419.37,3424.58,78378.704
2025-11-13 14:15:00+00:00,3424.57,3435.74,3415.51,3428.83,70133.357
2025-11-13 14:30:00+00:00,3428.83,3434.08,3391.26,3406.01,203215.009
2025-11-13 14:45:00+00:00,3406.0,3481.26,3401.19,3441.72,230617.9
2025-11-13 15:00:00+00:00,3441.72,3442.11,3403.36,3441.24,163940.862
2025-11-13 15:15:00+00:00,3441.24,3446.5,3397.59,3408.67,112985.857
2025-11-13 15:30:00+00:00,3408.67,3410.33,3382.35,3390.24,120564.154
2025-11-13 15:45:00+00:00,3390.24,3391.9,3365.0,3385.52,170127.658
2025-11-13 16:00:00+00:00,3385.52,3397.96,3372.87,3388.73,81051.66
2025-11-13 16:15:00+00:00,3388.72,3392.42,3353.08,3366.67,140557.595
2025-11-13 16:30:00+00:00,3366.66,3388.19,3336.66,3351.54,191459.332
2025-11-13 16:45:00+00:00,3351.54,3355.39,3322.0,3326.74,141987.033
2025-11-13 17:00:00+00:00,3326.74,3328.0,3292.16,3293.9,208804.779
2025-11-13 17:15:00+00:00,3293.88,3313.79,3286.0,3307.54,146631.503
2025-11-13 17:30:00+00:00,3307.53,3319.95,3266.56,3277.27,171497.922
2025-11-13 17:45:00+00:00,3277.27,3287.27,3252.0,3254.4,111999.579
2025-11-13 18:00:00+00:00,3254.4,3264.15,3228.31,3234.59,153814.681
2025-11-13 18:15:00+00:00,3234.59,3251.77,3222.71,3238.55,136989.001
2025-11-13 18:30:00+00:00,3238.55,3240.56,3200.26,3224.26,173969.485
2025-11-13 18:45:00+00:00,3224.28,3226.99,3182.22,3212.47,186797.182
2025-11-13 19:00:00+00:00,3212.46,3225.91,3197.52,3208.65,115706.125
2025-11-13 19:15:00+00:00,3208.66,3237.95,3189.68,3230.49,140101.98
2025-11-13 19:30:00+00:00,3230.48,3232.87,3191.32,3210.75,101928.028
2025-11-13 19:45:00+00:00,3210.75,3212.66,3173.38,3196.23,121655.906
2025-11-13 20:00:00+00:00,3196.22,3196.32,3160.01,3177.11,137460.873
2025-11-13 20:15:00+00:00,3177.1,3182.51,3152.49,3174.07,140726.978
2025-11-13 20:30:00+00:00,3174.07,3204.98,3167.53,3181.96,139922.338
2025-11-13 20:45:00+00:00,3181.96,3184.72,3160.75,3170.38,102885.911
2025-11-13 21:00:00+00:00,3170.38,3192.27,3167.51,3189.63,57492.159
2025-11-13 21:15:00+00:00,3189.63,3189.63,3159.0,3167.07,73029.549
2025-11-13 21:30:00+00:00,3167.07,3184.35,3164.46,3183.92,40785.419
2025-11-13 21:45:00+00:00,3183.93,3184.22,3171.0,3177.87,34228.415
2025-11-13 22:00:00+00:00,3177.87,3211.26,3172.91,3204.43,78852.433
2025-11-13 22:15:00+00:00,3204.42,3218.02,3192.32,3214.77,61096.384
2025-11-13 22:30:00+00:00,3214.77,3233.32,3202.79,3225.0,56860.655
2025-11-13 22:45:00+00:00,3224.99,3235.0,3217.82,3227.74,37416.248
2025-11-13 23:00:00+00:00,3227.75,3239.46,3214.7,3237.26,53182.415
2025-11-13 23:15:00+00:00,3237.25,3256.18,3236.32,3252.36,71037.723
2025-11-13 23:30:00+00:00,3252.37,3270.58,3249.24,3265.01,69035.285
2025-11-13 23:45:00+00:00,3265.0,3265.01,3226.0,3230.12,80951.949
2025-11-14 00:00:00+00:00,3230.13,3232.45,3210.6,3221.24,92211.794
2025-11-14 00:15:00+00:00,3221.24,3227.69,3192.0,3221.01,99975.487
2025-11-14 00:30:00+00:00,3221.01,3239.67,3201.1,3219.25,88917.939
2025-11-14 00:45:00+00:00,3219.25,3224.04,3185.81,3199.2,84894.618
2025-11-14 01:00:00+00:00,3199.22,3207.41,3183.17,3198.96,84397.615
2025-11-14 01:15:00+00:00,3198.95,3220.0,3186.5,3197.52,88968.373
2025-11-14 01:30:00+00:00,3197.53,3212.69,3187.0,3197.25,48482.089
2025-11-14 01:45:00+00:00,3197.26,3212.77,3189.34,3205.39,37689.232
2025-11-14 02:00:00+00:00,3205.39,3238.58,3203.05,3230.3,88924.824
2025-11-14 02:15:00+00:00,3230.29,3245.58,3230.07,3235.28,34681.874
2025-11-14 02:30:00+00:00,3235.29,3250.0,3233.8,3244.48,31811.683
2025-11-14 02:45:00+00:00,3244.47,3247.0,3228.0,3236.25,34020.778
2025-11-14 03:00:00+00:00,3236.25,3238.1,3219.2,3231.34,30991.342
2025-11-14 03:15:00+00:00,3231.35,3232.97,3217.61,3232.04,27486.007
2025-11-14 03:30:00+00:00,3232.04,3232.16,3210.23,3212.41,37744.026
2025-11-14 03:45:00+00:00,3212.41,3226.95,3206.07,3226.5,43027.985
2025-11-14 04:00:00+00:00,3226.49,3227.0,3208.02,3211.99,22880.893
2025-11-14 04:15:00+00:00,3212.0,3221.13,3206.35,3213.76,25096.439
2025-11-14 04:30:00+00:00,3213.75,3213.75,3104.0,3150.53,360266.929
2025-11-14 04:45:00+00:00,3150.53,3171.37,3139.3,3161.51,138693.065
2025-11-14 05:00:00+00:00,3161.5,3189.83,3155.72,3159.63,112806.538
2025-11-14 05:15:00+00:00,3159.64,3183.87,3158.62,3170.19,54118.902
2025-11-14 05:30:00+00:00,3170.18,3187.77,3155.01,3180.86,90436.074
2025-11-14 05:45:00+00:00,3180.86,3205.66,3173.91,3191.01,93055.119
2025-11-14 06:00:00+00:00,3191.01,3193.0,3164.57,3173.23,60700.896
2025-11-14 06:15:00+00:00,3173.23,3175.31,3156.0,3166.99,64005.609
2025-11-14 06:30:00+00:00,3166.99,3174.2,3145.59,3153.64,66016.336
2025-11-14 06:45:00+00:00,3153.64,3225.0,3133.0,3221.05,229510.628
2025-11-14 07:00:00+00:00,3221.05,3230.0,3191.93,3212.78,153113.854
2025-11-14 07:15:00+00:00,3212.77,3220.7,3200.01,3219.04,63109.182
2025-11-14 07:30:00+00:00,3219.04,3219.8,3195.5,3211.51,74214.118
2025-11-14 07:45:00+00:00,3211.52,3239.67,3207.78,3213.82,108216.43
2025-11-14 08:00:00+00:00,3213.82,3215.0,3196.44,3197.86,55965.818
2025-11-14 08:15:00+00:00,3197.85,3217.8,3185.65,3192.11,76111.113
2025-11-14 08:30:00+00:00,3192.12,3208.94,3181.1,3203.5,65096.54
2025-11-14 08:45:00+00:00,3203.5,3209.3,3190.51,3203.72,31332.009
2025-11-14 09:00:00+00:00,3203.72,3214.6,3194.9,3198.61,31573.671
2025-11-14 09:15:00+00:00,3198.61,3201.72,3175.79,3186.65,56680.891
2025-11-14 09:30:00+00:00,3186.65,3189.02,3147.68,3171.92,165898.688
2025-11-14 09:45:00+00:00,3171.91,3172.14,3148.43,3154.7,58791.299
2025-11-14 10:00:00+00:00,3154.7,3172.35,3153.0,3168.16,35443.147
2025-11-14 10:15:00+00:00,3168.16,3187.17,3164.44,3183.01,50139.723
2025-11-14 10:30:00+00:00,3183.02,3194.7,3177.89,3187.57,35476.14
2025-11-14 10:45:00+00:00,3187.57,3191.52,3171.17,3174.71,38937.007
2025-11-14 11:00:00+00:00,3174.71,3181.69,3156.95,3163.48,49835.707
2025-11-14 11:15:00+00:00,3163.47,3175.75,3145.54,3154.48,82230.793
2025-11-14 11:30:00+00:00,3154.49,3156.25,3115.0,3136.3,148616.847
2025-11-14 11:45:00+00:00,3136.31,3145.12,3118.8,3142.93,113444.063
2025-11-14 12:00:00+00:00,3142.93,3142.93,3111.58,3120.21,93893.056
2025-11-14 12:15:00+00:00,3120.22,3130.0,3110.45,3120.01,83514.222
2025-11-14 12:30:00+00:00,3120.0,3127.78,3068.0,3081.78,310986.048
2025-11-14 12:45:00+00:00,3081.77,3133.0,3076.73,3125.71,216603.18
2025-11-14 13:00:00+00:00,3125.71,3149.99,3115.09,3118.75,118395.703
2025-11-14 13:15:00+00:00,3118.75,3125.6,3086.58,3103.09,116172.52
2025-11-14 13:30:00+00:00,3103.1,3107.93,3071.41,3087.0,120317.642
2025-11-14 13:45:00+00:00,3087.0,3133.43,3082.11,3120.64,147058.564
2025-11-14 14:00:00+00:00,3120.64,3146.33,3115.0,3134.07,114205.99
2025-11-14 14:15:00+00:00,3134.08,3163.7,3132.05,3133.01,123924.78
2025-11-14 14:30:00+00:00,3133.01,3209.0,3105.67,3199.88,367361.778
2025-11-14 14:45:00+00:00,3199.87,3219.77,3187.15,3197.85,219300.098
2025-11-14 15:00:00+00:00,3197.85,3197.89,3158.56,3168.42,143893.839
2025-11-14 15:15:00+00:00,3168.42,3214.65,3163.65,3199.97,131785.852
2025-11-14 15:30:00+00:00,3200.0,3213.28,3189.0,3204.94,72039.576
2025-11-14 15:45:00+00:00,3204.93,3233.66,3186.0,3195.73,137016.518
2025-11-14 16:00:00+00:00,3195.73,3204.4,3181.37,3199.24,67960.127
2025-11-14 16:15:00+00:00,3199.24,3250.0,3191.11,3236.01,114989.254
2025-11-14 16:30:00+00:00,3236.01,3255.95,3228.64,3235.47,92779.362
2025-11-14 16:45:00+00:00,3235.47,3242.82,3226.11,3229.92,46555.872
2025-11-14 17:00:00+00:00,3229.92,3244.48,3225.13,3236.16,31781.012
2025-11-14 17:15:00+00:00,3236.16,3236.76,3207.14,3215.25,56797.896
2025-11-14 17:30:00+00:00,3215.25,3215.78,3202.64,3207.09,44435.899
2025-11-14 17:45:00+00:00,3207.09,3209.57,3158.0,3178.55,144750.498
2025-11-14 18:00:00+00:00,3178.55,3207.85,3166.64,3202.13,74066.126
2025-11-14 18:15:00+00:00,3202.14,3203.3,3177.63,3194.0,42981.53
2025-11-14 18:30:00+00:00,3193.99,3200.93,3157.53,3163.68,65281.426
2025-11-14 18:45:00+00:00,3163.69,3176.35,3153.17,3167.74,72456.298
2025-11-14 19:00:00+00:00,3167.74,3191.65,3158.52,3191.01,67710.017
2025-11-14 19:15:00+00:00,3191.0,3219.6,3189.56,3208.89,69920.818
2025-11-14 19:30:00+00:00,3208.89,3209.53,3187.77,3188.63,41802.227
2025-11-14 19:45:00+00:00,3188.64,3215.0,3184.37,3206.37,33528.965
2025-11-14 20:00:00+00:00,3206.37,3212.04,3184.81,3188.4,28108.767
2025-11-14 20:15:00+00:00,3188.39,3195.0,3167.38,3169.06,36600.071
2025-11-14 20:30:00+00:00,3169.06,3182.25,3120.22,3128.95,102866.456
2025-11-14 20:45:00+00:00,3128.95,3138.8,3121.37,3136.22,78462.23
2025-11-14 21:00:00+00:00,3136.22,3167.16,3123.0,3158.27,65410.4
2025-11-14 21:15:00+00:00,3158.26,3174.12,3148.83,3158.4,43770.764
2025-11-14 21:30:00+00:00,3158.4,3171.2,3153.43,3167.78,23398.225
2025-11-14 21:45:00+00:00,3167.79,3174.39,3162.98,3165.97,20491.612
2025-11-14 22:00:00+00:00,3165.97,3180.73,3142.01,3144.72,40504.682
2025-11-14 22:15:00+00:00,3144.72,3169.58,3140.61,3167.28,38866.589
2025-11-14 22:30:00+00:00,3167.28,3186.0,3163.8,3172.75,28892.721
2025-11-14 22:45:00+00:00,3172.75,3179.52,3146.45,3157.71,22337.946
2025-11-14 23:00:00+00:00,3157.72,3157.72,3088.0,3119.83,103754.016
2025-11-14 23:15:00+00:00,3119.83,3126.26,3095.0,3105.13,36001.33
2025-11-14 23:30:00+00:00,3105.13,3121.76,3096.71,3119.09,33268.925
2025-11-14 23:45:00+00:00,3119.09,3131.85,3100.12,3111.2,54613.922
2025-11-15 00:00:00+00:00,3111.2,3145.8,3109.16,3142.18,61852.051
2025-11-15 00:15:00+00:00,3142.18,3149.8,3132.75,3143.48,27707.611
2025-11-15 00:30:00+00:00,3143.48,3144.31,3116.98,3133.43,33856.737
2025-11-15 00:45:00+00:00,3133.41,3141.6,3116.37,3139.8,35516.588
2025-11-15 01:00:00+00:00,3139.8,3148.65,3123.02,3145.15,25602.958
2025-11-15 01:15:00+00:00,3145.15,3153.78,3141.05,3146.28,23733.594
2025-11-15 01:30:00+00:00,3146.27,3161.69,3145.9,3159.72,23797.818
2025-11-15 01:45:00+00:00,3159.72,3177.95,3157.11,3172.11,41619.773
2025-11-15 02:00:00+00:00,3172.12,3172.45,3163.68,3165.41,15863.543
2025-11-15 02:15:00+00:00,3165.4,3176.1,3161.4,3174.98,20708.959
2025-11-15 02:30:00+00:00,3174.99,3189.36,3167.91,3187.05,43357.25
2025-11-15 02:45:00+00:00,3187.05,3192.56,3180.2,3192.24,42689.501
2025-11-15 03:00:00+00:00,3192.22,3192.8,3182.21,3186.62,21884.889
2025-11-15 03:15:00+00:00,3186.62,3191.91,3182.38,3183.04,35339.167
2025-11-15 03:30:00+00:00,3183.04,3184.02,3166.01,3175.56,47096.223
2025-11-15 03:45:00+00:00,3175.56,3178.59,3172.75,3177.88,13045.003
2025-11-15 04:00:00+00:00,3177.88,3182.95,3172.65,3180.49,15200.889
2025-11-15 04:15:00+00:00,3180.49,3190.88,3170.86,3171.69,29721.245
2025-11-15 04:30:00+00:00,3171.69,3172.54,3161.29,3161.56,25593.214
2025-11-15 04:45:00+00:00,3161.56,3174.18,3157.12,3170.7,24069.581
2025-11-15 05:00:00+00:00,3170.71,3175.36,3160.08,3161.97,14923.272
2025-11-15 05:15:00+00:00,3161.97,3176.06,3161.49,3169.19,15619.388
2025-11-15 05:30:00+00:00,3169.2,3174.92,3166.91,3173.75,12164.14
2025-11-15 05:45:00+00:00,3173.74,3182.0,3171.99,3177.49,15823.46
2025-11-15 06:00:00+00:00,3177.5,3181.47,3174.59,3179.27,8735.47
2025-11-15 06:15:00+00:00,3179.26,3183.28,3176.24,3177.16,12506.689
2025-11-15 06:30:00+00:00,3177.17,3186.62,3165.77,3168.69,18473.527
2025-11-15 06:45:00+00:00,3168.68,3180.0,3165.07,3173.98,19449.607
2025-11-15 07:00:00+00:00,3173.99,3181.91,3168.46,3180.93,13329.98
2025-11-15 07:15:00+00:00,3180.93,3184.05,3174.03,3180.71,11109.011
2025-11-15 07:30:00+00:00,3180.71,3181.19,3170.68,3171.84,11677.672
2025-11-15 07:45:00+00:00,3171.83,3175.96,3166.82,3174.98,13407.178
2025-11-15 08:00:00+00:00,3174.99,3176.6,3161.79,3164.98,22398.779
2025-11-15 08:15:00+00:00,3164.98,3165.87,3149.82,3156.78,50883.604
2025-11-15 08:30:00+00:00,3156.78,3166.79,3145.91,3147.54,36627.789
2025-11-15 08:45:00+00:00,3147.54,3150.31,3132.66,3141.51,55040.881
2025-11-15 09:00:00+00:00,3141.52,3158.75,3137.2,3158.51,35548.02
2025-11-15 09:15:00+00:00,3158.52,3164.0,3152.12,3157.96,18646.456
2025-11-15 09:30:00+00:00,3157.97,3163.23,3151.48,3160.52,15478.34
2025-11-15 09:45:00+00:00,3160.51,3160.51,3142.16,3151.68,25206.142
2025-11-15 10:00:00+00:00,3151.68,3152.56,3144.23,3150.24,19547.926
2025-11-15 10:15:00+00:00,3150.25,3159.85,3145.01,3157.67,20507.01
2025-11-15 10:30:00+00:00,3157.67,3168.0,3153.3,3166.79,17970.166
2025-11-15 10:45:00+00:00,3166.79,3170.95,3164.15,3167.41,15934.297
2025-11-15 11:00:00+00:00,3167.42,3171.19,3159.34,3164.2,17176.735
2025-11-15 11:15:00+00:00,3164.21,3165.52,3157.0,3164.49,10451.92
2025-11-15 11:30:00+00:00,3164.49,3165.48,3156.06,3157.81,16438.827
2025-11-15 11:45:00+00:00,3157.8,3157.8,3145.36,3151.22,25719.579
2025-11-15 12:00:00+00:00,3151.21,3158.25,3146.0,3157.7,15475.918
2025-11-15 12:15:00+00:00,3157.7,3166.84,3153.39,3163.76,20461.567
2025-11-15 12:30:00+00:00,3163.76,3166.44,3154.0,3155.85,11753.736
2025-11-15 12:45:00+00:00,3155.85,3163.0,3153.0,3160.9,12122.511
2025-11-15 13:00:00+00:00,3160.89,3170.88,3157.67,3166.13,16444.868
2025-11-15 13:15:00+00:00,3166.13,3181.29,3165.0,3176.91,39702.195
2025-11-15 13:30:00+00:00,3176.91,3183.0,3172.49,3175.89,23850.142
2025-11-15 13:45:00+00:00,3175.89,3197.5,3170.66,3191.29,75659.783
2025-11-15 14:00:00+00:00,3191.28,3191.54,3183.94,3189.46,23543.855
2025-11-15 14:15:00+00:00,3189.48,3191.81,3175.2,3179.27,26839.746
2025-11-15 14:30:00+00:00,3179.26,3184.43,3173.28,3179.21,17936.033
2025-11-15 14:45:00+00:00,3179.21,3180.0,3173.1,3176.34,13982.653
2025-11-15 15:00:00+00:00,3176.34,3184.39,3171.64,3182.56,15403.681
2025-11-15 15:15:00+00:00,3182.55,3187.0,3173.83,3183.78,13789.323
2025-11-15 15:30:00+00:00,3183.78,3184.44,3174.3,3179.52,10102.424
2025-11-15 15:45:00+00:00,3179.52,3189.33,3178.87,3184.5,14546.758
2025-11-15 16:00:00+00:00,3184.5,3186.39,3160.71,3172.7,40391.017
2025-11-15 16:15:00+00:00,3172.7,3178.0,3164.43,3168.74,29267.825
2025-11-15 16:30:00+00:00,3168.73,3181.25,3165.68,3178.49,14897.293
2025-11-15 16:45:00+00:00,3178.5,3186.53,3175.47,3184.78,18984.981
2025-11-15 17:00:00+00:00,3184.77,3192.0,3180.7,3189.13,29349.583
2025-11-15 17:15:00+00:00,3189.13,3218.73,3187.21,3199.01,84887.153
2025-11-15 17:30:00+00:00,3199.02,3201.34,3191.33,3199.57,45249.056
2025-11-15 17:45:00+00:00,3199.56,3215.22,3197.94,3214.12,71375.984
2025-11-15 18:00:00+00:00,3214.12,3230.56,3207.64,3230.0,102032.775
2025-11-15 18:15:00+00:00,3230.01,3230.01,3210.79,3212.14,41914.933
2025-11-15 18:30:00+00:00,3212.14,3217.26,3206.87,3212.14,18694.747
2025-11-15 18:45:00+00:00,3212.13,3212.47,3202.89,3207.14,16807.749
2025-11-15 19:00:00+00:00,3207.15,3213.34,3204.14,3210.44,11961.343
2025-11-15 19:15:00+00:00,3210.44,3210.44,3197.0,3200.99,17494.719
2025-11-15 19:30:00+00:00,3200.99,3201.0,3192.36,3196.3,15473.436
2025-11-15 19:45:00+00:00,3196.31,3199.0,3191.15,3196.7,10879.024
2025-11-15 20:00:00+00:00,3196.69,3199.4,3192.55,3198.07,8386.776
2025-11-15 20:15:00+00:00,3198.06,3198.06,3185.0,3187.25,19653.543
2025-11-15 20:30:00+00:00,3187.24,3187.59,3174.0,3176.98,24303.88
2025-11-15 20:45:00+00:00,3176.98,3181.68,3165.56,3173.87,35711.897
2025-11-15 21:00:00+00:00,3173.86,3184.96,3171.77,3181.25,24528.183
2025-11-15 21:15:00+00:00,3181.25,3188.0,3176.68,3176.68,16054.22
2025-11-15 21:30:00+00:00,3176.68,3179.92,3155.05,3156.39,35010.647
2025-11-15 21:45:00+00:00,3156.38,3161.02,3151.33,3156.59,24530.247
2025-11-15 22:00:00+00:00,3156.59,3168.0,3153.34,3168.0,17507.33
2025-11-15 22:15:00+00:00,3167.99,3169.9,3156.55,3165.68,16436.082
2025-11-15 22:30:00+00:00,3165.69,3169.05,3156.61,3163.72,9006.135
2025-11-15 22:45:00+00:00,3163.71,3171.38,3161.04,3170.0,9834.802
2025-11-15 23:00:00+00:00,3170.0,3172.78,3166.64,3169.69,11342.103
2025-11-15 23:15:00+00:00,3169.7,3175.91,3168.37,3171.81,10907.156
2025-11-15 23:30:00+00:00,3171.81,3176.58,3168.32,3169.91,9427.163
2025-11-15 23:45:00+00:00,3169.9,3173.49,3165.53,3166.55,9578.181
2025-11-16 00:00:00+00:00,3166.56,3173.57,3155.08,3158.83,26313.971
2025-11-16 00:15:00+00:00,3158.82,3158.82,3145.92,3148.69,32749.6
2025-11-16 00:30:00+00:00,3148.69,3159.47,3144.03,3159.47,21880.779
2025-11-16 00:45:00+00:00,3159.46,3163.0,3150.91,3151.53,16654.171
2025-11-16 01:00:00+00:00,3151.53,3156.46,3134.08,3156.26,55222.88
2025-11-16 01:15:00+00:00,3156.26,3156.61,3144.7,3153.48,14484.303
2025-11-16 01:30:00+00:00,3153.48,3156.82,3130.54,3142.38,48334.794
2025-11-16 01:45:00+00:00,3142.37,3152.14,3130.01,3149.44,34015.919
2025-11-16 02:00:00+00:00,3149.45,3165.38,3141.0,3155.53,33849.876
2025-11-16 02:15:00+00:00,3155.53,3186.0,3155.53,3176.68,56580.178
2025-11-16 02:30:00+00:00,3176.69,3190.57,3173.78,3189.46,43170.044
2025-11-16 02:45:00+00:00,3189.46,3204.47,3184.29,3202.04,66297.277
2025-11-16 03:00:00+00:00,3202.04,3203.75,3191.92,3193.85,37405.57
2025-11-16 03:15:00+00:00,3193.85,3209.51,3193.85,3197.44,30501.981
2025-11-16 03:30:00+00:00,3197.45,3201.08,3192.98,3199.29,12883.457
2025-11-16 03:45:00+00:00,3199.29,3203.29,3194.0,3201.56,15469.03
2025-11-16 04:00:00+00:00,3201.56,3206.0,3195.7,3200.08,19670.171
2025-11-16 04:15:00+00:00,3200.07,3203.33,3192.48,3196.67,18512.428
2025-11-16 04:30:00+00:00,3196.68,3197.0,3185.76,3189.64,27088.8
2025-11-16 04:45:00+00:00,3189.61,3194.06,3187.6,3193.38,9828.036
2025-11-16 05:00:00+00:00,3193.38,3208.86,3192.4,3207.16,22832.89
2025-11-16 05:15:00+00:00,3207.15,3214.99,3203.33,3206.91,43979.547
2025-11-16 05:30:00+00:00,3206.91,3212.36,3203.95,3206.48,14193.281
2025-11-16 05:45:00+00:00,3206.47,3209.32,3201.18,3203.74,15033.348
2025-11-16 06:00:00+00:00,3203.73,3215.4,3200.0,3210.73,21807.858
2025-11-16 06:15:00+00:00,3210.74,3212.81,3205.29,3208.3,13119.675
2025-11-16 06:30:00+00:00,3208.3,3211.44,3206.0,3208.8,8176.924
2025-11-16 06:45:00+00:00,3208.79,3211.2,3196.98,3199.89,20088.274
2025-11-16 07:00:00+00:00,3199.9,3209.33,3197.65,3205.2,19758.245
2025-11-16 07:15:00+00:00,3205.2,3207.91,3199.5,3204.52,9838.434
2025-11-16 07:30:00+00:00,3204.52,3212.65,3204.51,3209.97,16071.202
2025-11-16 07:45:00+00:00,3209.97,3219.75,3209.97,3218.21,21535.323
2025-11-16 08:00:00+00:00,3218.22,3227.58,3208.2,3209.65,38552.018
2025-11-16 08:15:00+00:00,3209.66,3214.25,3205.0,3209.53,20304.689
2025-11-16 08:30:00+00:00,3209.54,3216.17,3208.39,3216.04,10304.57
2025-11-16 08:45:00+00:00,3216.05,3220.65,3206.47,3218.4,19887.44
2025-11-16 09:00:00+00:00,3218.41,3218.41,3208.0,3213.29,11786.293
2025-11-16 09:15:00+00:00,3213.3,3215.72,3207.5,3214.5,10392.0
2025-11-16 09:30:00+00:00,3214.5,3221.54,3213.28,3219.98,14565.95
2025-11-16 09:45:00+00:00,3219.97,3248.5,3219.03,3247.13,113258.682
2025-11-16 10:00:00+00:00,3247.12,3247.39,3231.6,3237.81,36170.381
2025-11-16 10:15:00+00:00,3237.8,3240.09,3227.52,3233.6,27256.81
2025-11-16 10:30:00+00:00,3233.61,3236.61,3231.32,3234.2,15109.079
2025-11-16 10:45:00+00:00,3234.21,3238.43,3231.54,3234.96,15256.258
2025-11-16 11:00:00+00:00,3234.95,3236.5,3190.0,3198.56,112290.663
2025-11-16 11:15:00+00:00,3198.55,3206.55,3165.13,3171.54,160554.182
2025-11-16 11:30:00+00:00,3171.53,3179.68,3158.35,3163.17,83720.012
2025-11-16 11:45:00+00:00,3163.17,3172.47,3159.45,3167.18,43258.534
2025-11-16 12:00:00+00:00,3167.17,3175.99,3163.34,3168.43,42796.812
2025-11-16 12:15:00+00:00,3168.43,3181.32,3163.88,3170.57,40680.652
2025-11-16 12:30:00+00:00,3170.57,3176.48,3152.49,3174.73,79972.363
2025-11-16 12:45:00+00:00,3174.72,3176.79,3163.62,3168.55,69242.934
2025-11-16 13:00:00+00:00,3168.55,3172.48,3155.32,3168.52,59183.556
2025-11-16 13:15:00+00:00,3168.53,3171.37,3157.0,3158.01,18981.791
2025-11-16 13:30:00+00:00,3158.02,3166.26,3145.01,3145.23,52315.113
2025-11-16 13:45:00+00:00,3145.23,3156.08,3137.01,3152.6,64075.027
2025-11-16 14:00:00+00:00,3152.59,3160.0,3146.01,3153.91,65496.815
2025-11-16 14:15:00+00:00,3153.9,3156.99,3149.12,3154.99,21846.256
2025-11-16 14:30:00+00:00,3154.99,3177.96,3153.0,3171.21,66883.235
2025-11-16 14:45:00+00:00,3171.2,3174.88,3165.57,3170.48,32821.76
2025-11-16 15:00:00+00:00,3170.47,3177.59,3164.5,3171.04,37329.517
2025-11-16 15:15:00+00:00,3171.03,3180.0,3166.34,3168.95,25461.115
2025-11-16 15:30:00+00:00,3168.94,3174.02,3165.0,3169.92,19074.574
2025-11-16 15:45:00+00:00,3169.91,3171.98,3095.84,3103.52,289785.622
2025-11-16 16:00:00+00:00,3103.52,3124.69,3086.0,3093.89,216534.112
2025-11-16 16:15:00+00:00,3093.89,3099.61,3070.0,3076.99,141422.068
2025-11-16 16:30:00+00:00,3077.0,3085.0,3061.51,3069.03,149880.047
2025-11-16 16:45:00+00:00,3069.04,3075.34,3056.02,3059.6,116219.184
2025-11-16 17:00:00+00:00,3059.6,3065.95,3055.0,3059.61,90505.073
2025-11-16 17:15:00+00:00,3059.62,3080.77,3043.0,3066.19,238169.122
2025-11-16 17:30:00+00:00,3066.18,3079.36,3046.33,3050.63,75029.371
2025-11-16 17:45:00+00:00,3050.64,3089.95,3025.0,3078.2,271990.538
2025-11-16 18:00:00+00:00,3078.19,3127.21,3071.55,3116.17,242890.915
2025-11-16 18:15:00+00:00,3116.17,3122.99,3088.05,3093.71,87658.775
2025-11-16 18:30:00+00:00,3093.72,3093.72,3054.11,3059.86,88901.448
2025-11-16 18:45:00+00:00,3059.85,3068.69,3041.43,3059.34,87402.068
2025-11-16 19:00:00+00:00,3059.33,3111.8,3056.11,3106.38,88965.7
2025-11-16 19:15:00+00:00,3106.38,3115.85,3089.71,3104.35,57633.496
2025-11-16 19:30:00+00:00,3104.35,3110.62,3091.73,3098.31,22984.591
2025-11-16 19:45:00+00:00,3098.31,3103.1,3086.4,3090.13,23202.384
2025-11-16 20:00:00+00:00,3090.13,3111.35,3084.11,3105.18,27031.99
2025-11-16 20:15:00+00:00,3105.17,3116.8,3090.94,3110.42,29464.547
2025-11-16 20:30:00+00:00,3110.42,3113.12,3096.0,3097.57,16549.978
2025-11-16 20:45:00+00:00,3097.58,3100.59,3087.73,3088.13,16664.194
2025-11-16 21:00:00+00:00,3088.14,3095.93,3063.13,3071.0,71834.231
2025-11-16 21:15:00+00:00,3071.0,3076.9,3056.56,3066.05,41144.036
2025-11-16 21:30:00+00:00,3066.05,3075.48,3059.41,3063.75,29905.096
2025-11-16 21:45:00+00:00,3063.75,3077.17,3063.34,3072.52,24315.388
2025-11-16 22:00:00+00:00,3072.51,3081.16,3042.17,3070.39,93267.539
2025-11-16 22:15:00+00:00,3070.39,3083.49,3056.68,3076.73,49561.175
2025-11-16 22:30:00+00:00,3076.73,3084.76,3062.16,3065.0,23593.473
2025-11-16 22:45:00+00:00,3065.0,3101.82,3063.13,3090.89,47883.402
2025-11-16 23:00:00+00:00,3090.89,3091.72,3001.01,3063.87,273240.946
2025-11-16 23:15:00+00:00,3063.88,3102.92,3061.19,3090.09,104233.665
2025-11-16 23:30:00+00:00,3090.09,3105.88,3084.75,3098.61,61732.741
2025-11-16 23:45:00+00:00,3098.58,3106.45,3090.78,3094.05,38277.53
2025-11-17 00:00:00+00:00,3094.04,3103.26,3086.22,3093.61,44180.278
2025-11-17 00:15:00+00:00,3093.61,3122.0,3067.77,3120.45,108512.118
2025-11-17 00:30:00+00:00,3120.45,3140.0,3107.2,3124.3,129326.377
2025-11-17 00:45:00+00:00,3124.3,3139.52,3115.0,3134.86,66986.338
2025-11-17 01:00:00+00:00,3134.86,3140.96,3121.26,3126.48,42206.355
2025-11-17 01:15:00+00:00,3126.47,3145.64,3118.2,3139.58,52534.208
2025-11-17 01:30:00+00:00,3139.59,3141.77,3127.27,3128.92,24908.85
2025-11-17 01:45:00+00:00,3128.91,3133.93,3117.36,3118.61,15737.111
