timestamp,open,high,low,close,volume
2025-07-10 02:00:00+00:00,2773.4,2798.0,2772.52,2782.19,267002.97
2025-07-10 03:00:00+00:00,2782.19,2789.45,2769.0,2774.51,138527.907
2025-07-10 04:00:00+00:00,2774.51,2778.87,2764.43,2777.3,119515.363
2025-07-10 05:00:00+00:00,2777.29,2784.05,2771.28,2780.22,100140.988
2025-07-10 06:00:00+00:00,2780.22,2799.41,2778.36,2793.9,229310.621
2025-07-10 07:00:00+00:00,2793.89,2822.23,2785.57,2789.54,648356.704
2025-07-10 08:00:00+00:00,2789.54,2795.87,2782.07,2787.33,188765.581
2025-07-10 09:00:00+00:00,2787.32,2788.99,2773.61,2777.47,152654.107
2025-07-10 10:00:00+00:00,2777.47,2785.65,2771.08,2783.52,152807.461
2025-07-10 11:00:00+00:00,2783.52,2783.79,2771.74,2777.38,113653.329
2025-07-10 12:00:00+00:00,2777.38,2778.75,2766.34,2777.25,217193.773
2025-07-10 13:00:00+00:00,2777.24,2794.0,2771.01,2783.22,334048.914
2025-07-10 14:00:00+00:00,2783.23,2791.18,2756.72,2775.2,469381.539
2025-07-10 15:00:00+00:00,2775.2,2775.79,2757.52,2768.49,200758.158
2025-07-10 16:00:00+00:00,2768.5,2811.55,2767.49,2806.98,748125.651
2025-07-10 17:00:00+00:00,2806.98,2834.48,2800.21,2828.71,574738.503
2025-07-10 18:00:00+00:00,2828.72,2839.29,2793.16,2809.83,488751.857
2025-07-10 19:00:00+00:00,2809.82,2820.5,2805.0,2814.61,192347.734
2025-07-10 20:00:00+00:00,2814.61,2825.0,2811.2,2817.02,130271.953
2025-07-10 21:00:00+00:00,2817.02,3010.44,2815.7,2971.7,1955104.469
2025-07-10 22:00:00+00:00,2971.7,2978.17,2951.96,2973.18,518539.283
2025-07-10 23:00:00+00:00,2973.19,2974.12,2934.85,2950.62,329265.882
2025-07-11 00:00:00+00:00,2950.61,2957.64,2913.72,2936.72,378648.266
2025-07-11 01:00:00+00:00,2936.71,2956.7,2932.8,2953.77,176472.184
2025-07-11 02:00:00+00:00,2953.76,2967.55,2950.9,2964.08,232758.483
2025-07-11 03:00:00+00:00,2964.08,2974.06,2956.0,2968.51,183332.445
2025-07-11 04:00:00+00:00,2968.5,2970.43,2945.32,2969.29,181982.897
2025-07-11 05:00:00+00:00,2969.29,3028.48,2966.28,3003.9,874199.877
2025-07-11 06:00:00+00:00,3003.89,3025.87,2984.86,2988.43,462985.189
2025-07-11 07:00:00+00:00,2988.43,3002.3,2964.2,2967.8,422481.49
2025-07-11 08:00:00+00:00,2967.79,3009.39,2960.51,3002.98,393134.291
2025-07-11 09:00:00+00:00,3002.99,3040.95,2995.18,3014.86,488800.11
2025-07-11 10:00:00+00:00,3014.87,3014.95,2992.0,3003.23,316797.942
2025-07-11 11:00:00+00:00,3003.22,3005.87,2967.55,2983.22,399904.645
2025-07-11 12:00:00+00:00,2983.22,2992.51,2969.04,2985.39,250829.971
2025-07-11 13:00:00+00:00,2985.39,3008.9,2973.99,3001.81,471171.885
2025-07-11 14:00:00+00:00,3001.8,3005.78,2979.27,2988.0,335874.7
2025-07-11 15:00:00+00:00,2987.98,2995.97,2935.05,2950.45,616561.902
2025-07-11 16:00:00+00:00,2950.46,2971.77,2936.0,2967.2,399735.711
2025-07-11 17:00:00+00:00,2967.2,3000.0,2963.34,2992.5,301516.228
2025-07-11 18:00:00+00:00,2992.5,2998.78,2982.34,2994.91,144417.558
2025-07-11 19:00:00+00:00,2994.91,3009.55,2977.0,3006.64,243656.79
2025-07-11 20:00:00+00:00,3006.64,3008.76,2971.84,2973.75,177703.269
2025-07-11 21:00:00+00:00,2973.75,2995.8,2955.73,2964.77,256458.654
2025-07-11 22:00:00+00:00,2964.77,2970.0,2921.98,2949.22,351670.141
2025-07-11 23:00:00+00:00,2949.22,2959.72,2947.25,2956.93,95224.053
2025-07-12 00:00:00+00:00,2956.94,2966.23,2929.13,2951.82,155771.589
2025-07-12 01:00:00+00:00,2951.82,2965.71,2951.54,2957.59,94502.754
2025-07-12 02:00:00+00:00,2957.59,2969.96,2953.2,2955.66,83099.34
2025-07-12 03:00:00+00:00,2955.63,2967.88,2954.08,2964.89,53131.631
2025-07-12 04:00:00+00:00,2964.89,2967.77,2940.0,2949.98,150367.723
2025-07-12 05:00:00+00:00,2949.99,2956.3,2942.0,2951.58,79512.188
2025-07-12 06:00:00+00:00,2951.58,2961.82,2943.72,2958.01,88716.023
2025-07-12 07:00:00+00:00,2958.0,2978.0,2957.75,2961.7,181833.933
2025-07-12 08:00:00+00:00,2961.69,2969.0,2956.09,2965.67,67658.463
2025-07-12 09:00:00+00:00,2965.67,2975.81,2960.67,2972.56,79866.544
2025-07-12 10:00:00+00:00,2972.55,2978.68,2966.1,2974.67,77084.256
2025-07-12 11:00:00+00:00,2974.67,2979.0,2960.12,2962.54,115144.626
2025-07-12 12:00:00+00:00,2962.55,2967.08,2913.0,2942.02,495098.225
2025-07-12 13:00:00+00:00,2942.03,2942.03,2913.19,2938.69,278350.479
2025-07-12 14:00:00+00:00,2938.7,2948.88,2922.18,2926.98,179573.863
2025-07-12 15:00:00+00:00,2926.99,2929.96,2902.8,2914.83,369552.347
2025-07-12 16:00:00+00:00,2914.83,2934.86,2909.38,2923.5,172283.586
2025-07-12 17:00:00+00:00,2923.51,2942.4,2920.0,2939.92,123900.198
2025-07-12 18:00:00+00:00,2939.92,2943.98,2934.26,2941.22,69366.532
2025-07-12 19:00:00+00:00,2941.22,2944.86,2933.26,2939.72,61882.269
2025-07-12 20:00:00+00:00,2939.71,2941.68,2915.4,2915.58,96930.316
2025-07-12 21:00:00+00:00,2915.58,2938.73,2913.54,2937.96,80732.907
2025-07-12 22:00:00+00:00,2937.97,2940.0,2923.99,2936.45,55807.784
2025-07-12 23:00:00+00:00,2936.46,2947.0,2928.92,2941.87,68855.074
2025-07-13 00:00:00+00:00,2941.88,2949.0,2934.88,2943.42,81887.932
2025-07-13 01:00:00+00:00,2943.43,2952.0,2937.38,2948.01,101156.649
2025-07-13 02:00:00+00:00,2948.02,2960.0,2937.03,2952.7,110359.687
2025-07-13 03:00:00+00:00,2952.69,2957.56,2946.99,2953.77,70446.59
2025-07-13 04:00:00+00:00,2953.77,2957.98,2950.0,2957.31,59254.317
2025-07-13 05:00:00+00:00,2957.3,2963.0,2948.11,2949.26,100383.826
2025-07-13 06:00:00+00:00,2949.26,2967.89,2948.2,2958.38,113301.138
2025-07-13 07:00:00+00:00,2958.37,2964.64,2955.0,2961.46,72401.944
2025-07-13 08:00:00+00:00,2961.47,2963.24,2950.25,2954.71,64102.919
2025-07-13 09:00:00+00:00,2954.71,2956.52,2943.05,2948.48,84627.376
2025-07-13 10:00:00+00:00,2948.48,2956.16,2944.12,2947.58,66857.546
2025-07-13 11:00:00+00:00,2947.58,2965.0,2947.58,2963.32,121021.262
2025-07-13 12:00:00+00:00,2963.32,2992.88,2957.87,2985.01,269388.418
2025-07-13 13:00:00+00:00,2985.01,2994.4,2972.18,2988.21,211870.433
2025-07-13 14:00:00+00:00,2988.21,3019.52,2975.56,2986.21,489413.823
2025-07-13 15:00:00+00:00,2986.21,3004.0,2982.5,2990.98,210065.542
2025-07-13 16:00:00+00:00,2990.98,2999.0,2970.76,2973.16,181466.004
2025-07-13 17:00:00+00:00,2973.16,2995.95,2960.58,2990.66,187180.159
2025-07-13 18:00:00+00:00,2990.65,3000.6,2985.74,2992.76,91328.439
2025-07-13 19:00:00+00:00,2992.77,3009.78,2986.07,2987.92,118082.7
2025-07-13 20:00:00+00:00,2987.93,2997.48,2978.69,2990.57,109974.993
2025-07-13 21:00:00+00:00,2990.57,2990.57,2930.0,2963.66,293525.129
2025-07-13 22:00:00+00:00,2963.66,2968.41,2944.37,2957.3,177140.538
2025-07-13 23:00:00+00:00,2957.29,2978.0,2952.06,2970.37,117878.562
2025-07-14 00:00:00+00:00,2970.37,2987.11,2966.0,2973.95,112452.597
2025-07-14 01:00:00+00:00,2973.94,2977.44,2961.44,2972.89,110659.491
2025-07-14 02:00:00+00:00,2972.88,3015.75,2970.73,2999.55,331432.715
2025-07-14 03:00:00+00:00,2999.55,3051.91,2995.5,3036.37,549286.304
2025-07-14 04:00:00+00:00,3036.37,3057.95,3028.35,3052.03,321668.067
2025-07-14 05:00:00+00:00,3052.04,3066.0,3015.88,3039.0,556445.12
2025-07-14 06:00:00+00:00,3038.99,3041.91,3018.64,3022.65,192901.012
2025-07-14 07:00:00+00:00,3022.65,3050.41,3021.0,3043.65,249095.086
2025-07-14 08:00:00+00:00,3043.65,3044.36,3022.22,3038.64,218426.294
2025-07-14 09:00:00+00:00,3038.65,3075.75,3034.34,3043.68,437083.089
2025-07-14 10:00:00+00:00,3043.69,3079.72,3028.45,3066.03,454311.475
2025-07-14 11:00:00+00:00,3066.03,3083.0,3049.95,3051.1,371317.21
2025-07-14 12:00:00+00:00,3051.1,3057.23,3033.6,3050.58,274728.325
2025-07-14 13:00:00+00:00,3050.58,3064.74,3030.15,3055.19,301547.922
2025-07-14 14:00:00+00:00,3055.24,3067.61,3017.74,3028.24,474720.307
2025-07-14 15:00:00+00:00,3028.23,3031.75,2990.69,3011.0,501530.271
2025-07-14 16:00:00+00:00,3011.0,3029.0,2998.3,3024.37,325401.629
2025-07-14 17:00:00+00:00,3024.36,3024.44,3002.02,3007.69,161314.216
2025-07-14 18:00:00+00:00,3007.69,3012.0,2981.0,2988.48,223502.215
2025-07-14 19:00:00+00:00,2988.48,3002.0,2984.52,2999.12,122993.817
2025-07-14 20:00:00+00:00,2999.11,3010.53,2980.0,3002.66,144569.278
2025-07-14 21:00:00+00:00,3002.66,3016.35,2998.47,3009.53,73189.849
2025-07-14 22:00:00+00:00,3009.53,3017.75,3001.9,3012.35,81889.439
2025-07-14 23:00:00+00:00,3012.34,3013.92,3003.15,3012.26,66302.911
2025-07-15 00:00:00+00:00,3012.26,3022.5,2987.17,2991.78,167156.073
2025-07-15 01:00:00+00:00,2991.78,2999.53,2961.64,2975.63,365420.656
2025-07-15 02:00:00+00:00,2975.63,2985.82,2951.01,2973.32,341771.006
2025-07-15 03:00:00+00:00,2973.31,2973.31,2930.99,2950.9,566079.931
2025-07-15 04:00:00+00:00,2950.9,2971.85,2933.22,2967.25,314434.735
2025-07-15 05:00:00+00:00,2967.25,2973.69,2961.54,2973.45,148600.434
2025-07-15 06:00:00+00:00,2973.44,2992.09,2969.02,2984.68,231669.562
2025-07-15 07:00:00+00:00,2984.68,2994.34,2971.81,2976.35,218180.523
2025-07-15 08:00:00+00:00,2976.36,2983.0,2958.0,2973.33,190087.231
2025-07-15 09:00:00+00:00,2973.32,2988.4,2968.72,2971.65,103550.912
2025-07-15 10:00:00+00:00,2971.66,2979.36,2966.03,2973.1,87647.791
2025-07-15 11:00:00+00:00,2973.1,2982.0,2960.51,2980.17,147876.913
2025-07-15 12:00:00+00:00,2980.16,3014.16,2966.41,2999.39,573587.366
2025-07-15 13:00:00+00:00,2999.4,3066.6,2998.8,3050.52,784779.179
2025-07-15 14:00:00+00:00,3050.53,3063.17,2965.78,2976.9,836374.252
2025-07-15 15:00:00+00:00,2976.91,3046.73,2966.27,3039.0,667012.395
2025-07-15 16:00:00+00:00,3038.99,3066.58,3033.03,3047.86,486380.524
2025-07-15 17:00:00+00:00,3047.85,3098.0,3035.67,3096.41,489105.046
2025-07-15 18:00:00+00:00,3096.4,3097.2,3041.01,3065.53,570148.627
2025-07-15 19:00:00+00:00,3065.53,3086.24,3033.33,3040.87,398759.276
2025-07-15 20:00:00+00:00,3040.86,3052.0,3029.37,3041.06,185496.182
2025-07-15 21:00:00+00:00,3041.05,3085.0,3040.24,3080.5,182757.234
2025-07-15 22:00:00+00:00,3080.5,3094.5,3067.33,3093.34,143580.972
2025-07-15 23:00:00+00:00,3093.35,3144.48,3093.34,3137.62,495205.717
2025-07-16 00:00:00+00:00,3137.62,3153.84,3117.2,3142.24,346964.018
2025-07-16 01:00:00+00:00,3142.24,3149.0,3130.33,3139.5,164403.251
2025-07-16 02:00:00+00:00,3139.5,3142.09,3106.54,3115.3,245118.625
2025-07-16 03:00:00+00:00,3115.29,3120.66,3102.58,3115.08,151542.749
2025-07-16 04:00:00+00:00,3115.07,3130.9,3099.6,3127.82,195247.326
2025-07-16 05:00:00+00:00,3127.82,3151.92,3127.44,3141.89,279161.693
2025-07-16 06:00:00+00:00,3141.88,3166.5,3131.26,3164.0,298180.634
2025-07-16 07:00:00+00:00,3163.99,3174.0,3153.41,3160.55,257602.74
2025-07-16 08:00:00+00:00,3160.55,3172.96,3157.05,3163.61,162086.806
2025-07-16 09:00:00+00:00,3163.62,3171.18,3147.0,3161.52,220666.081
2025-07-16 10:00:00+00:00,3161.52,3162.0,3143.15,3143.49,136314.139
2025-07-16 11:00:00+00:00,3143.5,3157.86,3143.0,3149.9,119133.373
2025-07-16 12:00:00+00:00,3149.9,3180.0,3146.26,3163.82,238858.576
2025-07-16 13:00:00+00:00,3163.82,3197.55,3157.83,3194.39,511846.353
2025-07-16 14:00:00+00:00,3194.37,3265.88,3177.88,3250.7,1120914.378
2025-07-16 15:00:00+00:00,3250.71,3261.59,3205.95,3243.4,795492.508
2025-07-16 16:00:00+00:00,3243.41,3293.95,3233.58,3284.43,589144.549
2025-07-16 17:00:00+00:00,3284.43,3324.05,3272.3,3316.14,660714.582
2025-07-16 18:00:00+00:00,3316.13,3374.75,3313.0,3335.21,801119.87
2025-07-16 19:00:00+00:00,3335.21,3384.9,3334.17,3382.52,462118.063
2025-07-16 20:00:00+00:00,3382.5,3423.47,3364.25,3379.32,874656.189
2025-07-16 21:00:00+00:00,3379.33,3399.0,3342.24,3373.32,341744.584
2025-07-16 22:00:00+00:00,3373.31,3389.35,3348.8,3362.32,241384.481
2025-07-16 23:00:00+00:00,3362.32,3374.64,3345.07,3370.55,189870.099
2025-07-17 00:00:00+00:00,3370.54,3398.56,3366.35,3375.5,249690.735
2025-07-17 01:00:00+00:00,3375.5,3395.28,3311.0,3337.84,453307.457
2025-07-17 02:00:00+00:00,3337.84,3362.1,3332.3,3348.59,209915.799
2025-07-17 03:00:00+00:00,3348.59,3349.74,3313.01,3330.04,217572.082
2025-07-17 04:00:00+00:00,3330.03,3351.43,3320.03,3350.07,154022.978
2025-07-17 05:00:00+00:00,3350.07,3378.02,3337.09,3373.24,216410.939
2025-07-17 06:00:00+00:00,3373.25,3446.5,3362.65,3441.11,694545.768
2025-07-17 07:00:00+00:00,3441.12,3472.2,3408.0,3448.37,543623.092
2025-07-17 08:00:00+00:00,3448.37,3450.92,3425.57,3448.5,295363.161
2025-07-17 09:00:00+00:00,3448.51,3479.97,3439.66,3465.65,398618.209
2025-07-17 10:00:00+00:00,3465.65,3482.62,3448.73,3458.71,355924.702
2025-07-17 11:00:00+00:00,3458.72,3461.52,3431.0,3434.69,284046.389
2025-07-17 12:00:00+00:00,3434.68,3441.21,3413.33,3426.58,358544.48
2025-07-17 13:00:00+00:00,3426.58,3433.09,3362.0,3401.16,656687.171
2025-07-17 14:00:00+00:00,3401.17,3435.24,3401.08,3426.72,340978.174
2025-07-17 15:00:00+00:00,3426.72,3433.4,3387.12,3420.07,351955.555
2025-07-17 16:00:00+00:00,3420.06,3427.73,3365.01,3394.59,547941.435
2025-07-17 17:00:00+00:00,3394.59,3429.0,3388.49,3423.8,236852.781
2025-07-17 18:00:00+00:00,3423.8,3442.6,3417.36,3426.41,213670.658
2025-07-17 19:00:00+00:00,3426.4,3454.0,3402.2,3410.77,315992.982
2025-07-17 20:00:00+00:00,3410.77,3419.72,3370.66,3419.52,401442.567
2025-07-17 21:00:00+00:00,3419.52,3501.87,3415.81,3467.44,659445.556
2025-07-17 22:00:00+00:00,3467.44,3494.0,3450.72,3465.75,248305.461
2025-07-17 23:00:00+00:00,3465.75,3524.0,3460.53,3476.65,426658.168
2025-07-18 00:00:00+00:00,3476.66,3540.0,3458.0,3537.37,380069.288
2025-07-18 01:00:00+00:00,3537.37,3628.66,3524.49,3615.56,901165.2
2025-07-18 02:00:00+00:00,3615.56,3628.99,3588.99,3602.4,463463.461
2025-07-18 03:00:00+00:00,3602.4,3607.75,3584.45,3596.83,211915.74
2025-07-18 04:00:00+00:00,3596.82,3621.33,3576.0,3619.27,320750.242
2025-07-18 05:00:00+00:00,3619.27,3674.43,3615.32,3670.04,632670.772
2025-07-18 06:00:00+00:00,3670.04,3670.31,3640.0,3650.2,309116.311
2025-07-18 07:00:00+00:00,3650.21,3669.86,3605.15,3607.1,502703.128
2025-07-18 08:00:00+00:00,3607.11,3631.0,3584.0,3606.35,375340.155
2025-07-18 09:00:00+00:00,3606.35,3626.37,3594.03,3622.75,249225.094
2025-07-18 10:00:00+00:00,3622.75,3625.35,3602.43,3619.5,151039.042
2025-07-18 11:00:00+00:00,3619.5,3626.73,3590.0,3612.0,224049.274
2025-07-18 12:00:00+00:00,3612.01,3640.93,3592.07,3639.21,247093.321
2025-07-18 13:00:00+00:00,3639.2,3659.99,3610.5,3640.34,505247.269
2025-07-18 14:00:00+00:00,3640.35,3673.72,3555.47,3586.0,1152829.908
2025-07-18 15:00:00+00:00,3586.0,3589.88,3530.55,3564.7,653389.206
2025-07-18 16:00:00+00:00,3564.7,3589.71,3548.79,3573.49,330047.602
2025-07-18 17:00:00+00:00,3573.5,3624.71,3566.72,3599.91,321354.593
2025-07-18 18:00:00+00:00,3599.92,3607.05,3564.49,3572.0,222438.184
2025-07-18 19:00:00+00:00,3572.0,3582.66,3536.23,3551.21,364740.996
2025-07-18 20:00:00+00:00,3551.21,3555.0,3476.1,3516.36,710662.05
2025-07-18 21:00:00+00:00,3516.35,3572.0,3514.08,3553.73,260506.718
2025-07-18 22:00:00+00:00,3553.73,3578.0,3531.1,3538.18,252200.855
2025-07-18 23:00:00+00:00,3538.18,3550.87,3504.9,3546.36,198191.452
2025-07-19 00:00:00+00:00,3546.36,3564.84,3521.03,3521.63,163873.854
2025-07-19 01:00:00+00:00,3521.63,3551.84,3505.0,3544.88,159062.815
2025-07-19 02:00:00+00:00,3544.88,3576.3,3533.42,3568.92,156871.088
2025-07-19 03:00:00+00:00,3568.91,3598.0,3565.66,3591.74,228951.068
2025-07-19 04:00:00+00:00,3591.74,3608.0,3579.0,3589.22,178632.543
2025-07-19 05:00:00+00:00,3589.21,3594.96,3573.9,3584.82,110895.94
2025-07-19 06:00:00+00:00,3584.81,3586.0,3566.0,3570.2,102375.64
2025-07-19 07:00:00+00:00,3570.2,3586.22,3566.35,3570.54,93974.802
2025-07-19 08:00:00+00:00,3570.54,3577.77,3545.78,3553.51,189920.549
2025-07-19 09:00:00+00:00,3553.5,3568.76,3547.98,3557.36,82988.05
2025-07-19 10:00:00+00:00,3557.36,3568.0,3550.0,3556.75,79113.962
2025-07-19 11:00:00+00:00,3556.76,3577.16,3536.78,3551.9,223858.614
2025-07-19 12:00:00+00:00,3551.89,3564.5,3538.17,3561.13,140717.576
2025-07-19 13:00:00+00:00,3561.12,3572.0,3548.55,3557.82,120429.318
2025-07-19 14:00:00+00:00,3557.83,3560.59,3525.72,3531.0,211736.029
2025-07-19 15:00:00+00:00,3530.99,3562.93,3529.43,3551.36,160634.088
2025-07-19 16:00:00+00:00,3551.36,3569.9,3535.0,3559.49,173869.619
2025-07-19 17:00:00+00:00,3559.5,3561.14,3531.53,3542.12,122154.489
2025-07-19 18:00:00+00:00,3542.12,3561.63,3539.12,3552.37,90513.62
2025-07-19 19:00:00+00:00,3552.37,3582.6,3541.02,3577.13,163049.137
2025-07-19 20:00:00+00:00,3577.13,3593.45,3563.0,3563.27,132045.529
2025-07-19 21:00:00+00:00,3563.27,3573.33,3536.08,3570.53,164200.198
2025-07-19 22:00:00+00:00,3570.53,3590.0,3561.13,3575.83,106910.996
2025-07-19 23:00:00+00:00,3575.84,3598.0,3573.37,3591.31,94764.893
2025-07-20 00:00:00+00:00,3591.32,3597.28,3578.05,3590.28,117860.859
2025-07-20 01:00:00+00:00,3590.28,3626.0,3588.3,3604.12,238788.018
2025-07-20 02:00:00+00:00,3604.13,3623.43,3595.19,3615.21,115784.099
2025-07-20 03:00:00+00:00,3615.21,3695.0,3606.64,3657.11,552657.489
2025-07-20 04:00:00+00:00,3657.12,3665.96,3632.05,3653.53,284008.15
2025-07-20 05:00:00+00:00,3653.53,3662.44,3635.0,3646.47,144618.121
2025-07-20 06:00:00+00:00,3646.46,3659.58,3638.0,3651.8,123892.795
2025-07-20 07:00:00+00:00,3651.83,3689.0,3651.83,3667.38,273990.907
2025-07-20 08:00:00+00:00,3667.37,3716.4,3667.37,3710.15,352634.787
2025-07-20 09:00:00+00:00,3710.15,3727.17,3693.01,3705.52,322890.199
2025-07-20 10:00:00+00:00,3705.51,3711.94,3695.72,3698.37,149909.814
2025-07-20 11:00:00+00:00,3698.38,3770.0,3695.0,3755.7,575569.339
2025-07-20 12:00:00+00:00,3755.7,3756.21,3724.0,3746.34,331012.803
2025-07-20 13:00:00+00:00,3746.34,3757.0,3735.0,3747.5,176815.152
2025-07-20 14:00:00+00:00,3747.5,3768.0,3727.39,3766.73,222895.154
2025-07-20 15:00:00+00:00,3766.73,3790.0,3747.17,3785.39,391745.025
2025-07-20 16:00:00+00:00,3785.39,3826.0,3762.45,3808.95,605970.874
2025-07-20 17:00:00+00:00,3808.96,3808.96,3730.01,3738.22,656110.107
2025-07-20 18:00:00+00:00,3738.23,3756.68,3729.57,3749.0,245614.781
2025-07-20 19:00:00+00:00,3749.01,3771.88,3742.95,3748.85,172099.807
2025-07-20 20:00:00+00:00,3748.85,3753.59,3715.0,3738.9,237537.762
2025-07-20 21:00:00+00:00,3738.9,3771.75,3725.0,3768.91,178156.756
2025-07-20 22:00:00+00:00,3768.9,3770.48,3680.0,3746.15,568689.536
2025-07-20 23:00:00+00:00,3746.16,3768.45,3732.06,3755.67,196090.018
2025-07-21 00:00:00+00:00,3755.68,3756.49,3709.27,3746.13,273361.784
2025-07-21 01:00:00+00:00,3746.13,3753.24,3700.19,3723.3,208365.047
2025-07-21 02:00:00+00:00,3723.3,3749.32,3721.43,3742.8,174878.912
2025-07-21 03:00:00+00:00,3742.79,3765.86,3742.53,3756.86,157402.218
2025-07-21 04:00:00+00:00,3756.86,3781.01,3752.49,3761.34,175076.217
2025-07-21 05:00:00+00:00,3761.34,3783.92,3745.96,3782.0,166823.576
2025-07-21 06:00:00+00:00,3782.0,3812.0,3775.59,3786.36,364118.561
2025-07-21 07:00:00+00:00,3786.36,3804.79,3778.0,3786.97,150048.551
2025-07-21 08:00:00+00:00,3786.96,3811.21,3761.79,3776.93,278546.852
2025-07-21 09:00:00+00:00,3776.93,3785.25,3755.06,3771.76,210519.955
2025-07-21 10:00:00+00:00,3771.76,3824.0,3767.76,3811.02,289677.716
2025-07-21 11:00:00+00:00,3811.02,3838.0,3791.07,3808.8,371238.021
2025-07-21 12:00:00+00:00,3808.88,3824.75,3791.36,3809.68,261540.671
2025-07-21 13:00:00+00:00,3809.68,3823.31,3773.63,3818.99,438318.508
2025-07-21 14:00:00+00:00,3819.0,3857.82,3793.11,3840.52,571051.928
2025-07-21 15:00:00+00:00,3840.52,3851.0,3806.09,3808.9,307470.035
2025-07-21 16:00:00+00:00,3808.89,3815.86,3747.0,3766.53,726649.544
2025-07-21 17:00:00+00:00,3766.53,3788.98,3735.3,3768.62,340296.947
2025-07-21 18:00:00+00:00,3768.62,3798.98,3729.68,3735.92,347966.2
2025-07-21 19:00:00+00:00,3735.91,3768.8,3718.0,3734.9,358195.252
2025-07-21 20:00:00+00:00,3734.9,3764.73,3716.35,3755.05,223821.024
2025-07-21 21:00:00+00:00,3755.05,3764.0,3743.49,3750.13,74242.184
2025-07-21 22:00:00+00:00,3750.13,3778.81,3745.6,3760.44,108684.262
2025-07-21 23:00:00+00:00,3760.44,3774.44,3746.96,3760.96,94285.346
2025-07-22 00:00:00+00:00,3760.95,3774.81,3740.0,3741.44,169584.71
2025-07-22 01:00:00+00:00,3741.44,3798.58,3693.22,3793.76,574537.297
2025-07-22 02:00:00+00:00,3793.75,3794.63,3728.98,3736.01,274441.519
2025-07-22 03:00:00+00:00,3736.0,3743.51,3707.55,3730.38,327753.204
2025-07-22 04:00:00+00:00,3730.38,3733.28,3651.0,3654.73,526640.985
2025-07-22 05:00:00+00:00,3654.74,3696.6,3653.25,3689.61,369111.229
2025-07-22 06:00:00+00:00,3689.62,3718.68,3675.73,3691.15,264339.173
2025-07-22 07:00:00+00:00,3691.15,3713.9,3665.05,3676.44,268272.211
2025-07-22 08:00:00+00:00,3676.44,3676.44,3620.33,3649.39,603268.282
2025-07-22 09:00:00+00:00,3649.39,3667.85,3616.53,3660.12,376320.829
2025-07-22 10:00:00+00:00,3660.11,3697.62,3659.01,3697.62,250152.008
2025-07-22 11:00:00+00:00,3697.61,3719.38,3680.97,3704.39,354084.68
2025-07-22 12:00:00+00:00,3704.4,3711.0,3690.11,3701.08,156827.243
2025-07-22 13:00:00+00:00,3701.08,3706.0,3633.0,3648.44,679702.824
2025-07-22 14:00:00+00:00,3648.43,3708.42,3626.0,3706.7,497155.27
2025-07-22 15:00:00+00:00,3706.71,3728.97,3691.9,3717.74,410085.215
2025-07-22 16:00:00+00:00,3717.74,3750.0,3709.56,3717.27,334720.554
2025-07-22 17:00:00+00:00,3717.27,3721.8,3676.04,3699.11,366531.644
2025-07-22 18:00:00+00:00,3699.12,3724.8,3680.45,3710.48,245729.866
2025-07-22 19:00:00+00:00,3710.47,3719.74,3654.54,3668.91,259336.46
2025-07-22 20:00:00+00:00,3668.9,3711.45,3660.84,3706.98,257280.193
2025-07-22 21:00:00+00:00,3707.0,3711.22,3693.8,3705.11,75500.538
2025-07-22 22:00:00+00:00,3705.12,3730.53,3705.12,3719.47,133004.268
2025-07-22 23:00:00+00:00,3719.48,3751.61,3716.86,3746.01,157406.004
2025-07-23 00:00:00+00:00,3746.02,3763.55,3723.8,3724.98,257130.069
2025-07-23 01:00:00+00:00,3724.98,3741.93,3712.0,3738.01,146806.037
2025-07-23 02:00:00+00:00,3738.01,3764.08,3721.65,3744.81,305540.683
2025-07-23 03:00:00+00:00,3744.82,3758.85,3724.13,3728.0,186675.704
2025-07-23 04:00:00+00:00,3728.0,3735.5,3717.96,3734.29,108095.98
2025-07-23 05:00:00+00:00,3734.3,3737.2,3700.02,3713.02,156248.207
2025-07-23 06:00:00+00:00,3713.02,3715.0,3684.63,3693.72,213752.843
2025-07-23 07:00:00+00:00,3693.71,3698.86,3663.0,3672.27,252683.734
2025-07-23 08:00:00+00:00,3672.27,3691.63,3666.1,3691.07,205942.445
2025-07-23 09:00:00+00:00,3691.06,3698.49,3647.6,3657.54,261504.433
2025-07-23 10:00:00+00:00,3657.53,3669.0,3638.77,3665.12,235633.236
2025-07-23 11:00:00+00:00,3665.13,3675.53,3647.39,3670.91,167452.243
2025-07-23 12:00:00+00:00,3670.9,3680.03,3632.84,3639.36,241586.405
2025-07-23 13:00:00+00:00,3639.36,3664.43,3580.0,3586.65,984230.641
2025-07-23 14:00:00+00:00,3586.66,3623.78,3580.0,3616.34,492414.066
2025-07-23 15:00:00+00:00,3616.34,3645.98,3596.68,3643.55,316498.592
2025-07-23 16:00:00+00:00,3643.55,3643.55,3566.0,3570.6,431120.301
2025-07-23 17:00:00+00:00,3570.59,3594.43,3553.0,3586.93,497965.211
2025-07-23 18:00:00+00:00,3586.93,3606.66,3585.25,3603.82,164111.021
2025-07-23 19:00:00+00:00,3603.82,3612.88,3581.78,3587.06,182977.714
2025-07-23 20:00:00+00:00,3587.06,3604.99,3542.0,3567.05,451603.205
2025-07-23 21:00:00+00:00,3567.05,3593.14,3526.5,3590.99,417229.58
2025-07-23 22:00:00+00:00,3591.0,3619.42,3577.16,3609.77,162372.017
2025-07-23 23:00:00+00:00,3609.78,3634.98,3608.06,3627.49,122610.01
2025-07-24 00:00:00+00:00,3627.5,3645.64,3610.78,3644.9,204567.137
2025-07-24 01:00:00+00:00,3644.91,3647.75,3624.75,3646.9,129762.889
2025-07-24 02:00:00+00:00,3646.89,3652.0,3636.22,3649.02,110910.43
2025-07-24 03:00:00+00:00,3649.02,3664.87,3638.38,3640.31,182137.609
2025-07-24 04:00:00+00:00,3640.31,3657.25,3600.12,3608.81,336674.671
2025-07-24 05:00:00+00:00,3608.82,3609.87,3555.0,3555.02,449595.542
2025-07-24 06:00:00+00:00,3555.02,3578.44,3525.0,3543.32,447154.171
2025-07-24 07:00:00+00:00,3543.32,3594.75,3505.0,3589.94,564510.894
2025-07-24 08:00:00+00:00,3589.94,3643.78,3579.12,3632.84,414895.39
2025-07-24 09:00:00+00:00,3632.87,3643.67,3614.62,3635.17,248842.436
2025-07-24 10:00:00+00:00,3635.18,3660.0,3590.15,3620.32,416901.87
2025-07-24 11:00:00+00:00,3620.33,3660.0,3618.61,3654.32,300183.896
2025-07-24 12:00:00+00:00,3654.33,3659.33,3618.47,3641.69,244943.997
2025-07-24 13:00:00+00:00,3641.69,3655.0,3626.0,3629.25,231503.5
2025-07-24 14:00:00+00:00,3629.26,3737.22,3611.11,3733.88,798519.831
2025-07-24 15:00:00+00:00,3733.88,3772.63,3708.94,3730.46,783291.121
2025-07-24 16:00:00+00:00,3730.47,3731.74,3665.8,3686.22,488007.491
2025-07-24 17:00:00+00:00,3686.23,3733.34,3681.77,3723.81,301628.799
2025-07-24 18:00:00+00:00,3723.82,3749.75,3710.64,3739.91,214375.033
2025-07-24 19:00:00+00:00,3739.91,3753.65,3718.13,3730.81,281691.14
2025-07-24 20:00:00+00:00,3730.8,3741.95,3720.89,3733.78,103421.997
2025-07-24 21:00:00+00:00,3733.79,3741.47,3708.01,3724.7,149612.189
2025-07-24 22:00:00+00:00,3724.7,3735.01,3699.49,3723.2,199772.49
2025-07-24 23:00:00+00:00,3723.2,3723.2,3693.71,3706.2,182965.092
2025-07-25 00:00:00+00:00,3706.22,3707.46,3645.43,3658.52,348866.762
2025-07-25 01:00:00+00:00,3658.52,3690.24,3640.32,3681.65,290612.053
2025-07-25 02:00:00+00:00,3681.65,3690.0,3613.62,3614.12,426025.407
2025-07-25 03:00:00+00:00,3614.11,3632.63,3570.13,3594.25,567149.498
2025-07-25 04:00:00+00:00,3594.25,3649.99,3576.84,3647.05,402991.542
2025-07-25 05:00:00+00:00,3647.06,3648.0,3608.6,3632.15,354309.335
2025-07-25 06:00:00+00:00,3632.16,3643.25,3610.01,3629.93,241826.795
2025-07-25 07:00:00+00:00,3629.92,3666.81,3597.6,3630.68,487305.082
2025-07-25 08:00:00+00:00,3630.68,3678.53,3627.41,3664.1,440710.646
2025-07-25 09:00:00+00:00,3664.11,3733.38,3648.44,3725.94,503839.91
2025-07-25 10:00:00+00:00,3725.93,3746.42,3704.37,3718.2,318935.608
2025-07-25 11:00:00+00:00,3718.2,3742.74,3714.76,3720.0,197565.793
2025-07-25 12:00:00+00:00,3720.01,3734.43,3691.41,3703.53,341618.258
2025-07-25 13:00:00+00:00,3703.53,3718.88,3675.0,3705.12,359971.749
2025-07-25 14:00:00+00:00,3705.13,3707.6,3619.74,3627.46,491085.51
2025-07-25 15:00:00+00:00,3627.46,3645.51,3600.0,3631.91,400432.052
2025-07-25 16:00:00+00:00,3631.91,3644.04,3615.11,3638.62,208041.525
2025-07-25 17:00:00+00:00,3638.62,3651.09,3619.38,3634.64,157805.317
2025-07-25 18:00:00+00:00,3634.64,3656.21,3633.72,3648.26,113807.291
2025-07-25 19:00:00+00:00,3648.26,3658.5,3638.75,3639.56,98349.658
2025-07-25 20:00:00+00:00,3639.55,3696.66,3637.42,3683.58,204365.552
2025-07-25 21:00:00+00:00,3683.58,3726.08,3683.58,3718.85,237456.586
2025-07-25 22:00:00+00:00,3718.85,3729.53,3714.0,3719.65,114195.284
2025-07-25 23:00:00+00:00,3719.65,3729.0,3708.24,3724.17,106089.992
2025-07-26 00:00:00+00:00,3724.18,3727.64,3710.21,3724.75,82137.09
2025-07-26 01:00:00+00:00,3724.76,3725.28,3694.56,3701.34,104188.485
2025-07-26 02:00:00+00:00,3701.34,3766.83,3701.33,3741.28,412535.483
2025-07-26 03:00:00+00:00,3741.28,3746.06,3727.1,3738.01,91288.878
2025-07-26 04:00:00+00:00,3738.0,3752.84,3735.82,3747.0,79222.715
2025-07-26 05:00:00+00:00,3747.01,3756.4,3732.46,3746.69,78930.233
2025-07-26 06:00:00+00:00,3746.69,3749.28,3729.32,3738.36,76455.781
2025-07-26 07:00:00+00:00,3738.36,3747.37,3736.43,3741.03,45859.443
2025-07-26 08:00:00+00:00,3741.04,3781.26,3741.03,3761.19,258083.22
2025-07-26 09:00:00+00:00,3761.19,3764.76,3747.46,3757.4,121729.243
2025-07-26 10:00:00+00:00,3757.4,3783.62,3750.77,3758.39,181521.508
2025-07-26 11:00:00+00:00,3758.4,3768.86,3725.0,3738.44,274433.696
2025-07-26 12:00:00+00:00,3738.43,3751.41,3725.9,3740.89,178327.479
2025-07-26 13:00:00+00:00,3740.89,3753.0,3735.0,3742.66,86623.428
2025-07-26 14:00:00+00:00,3742.66,3747.81,3722.0,3726.62,156357.079
2025-07-26 15:00:00+00:00,3726.63,3739.01,3714.14,3734.51,131695.551
2025-07-26 16:00:00+00:00,3734.52,3741.22,3718.0,3726.74,110955.214
2025-07-26 17:00:00+00:00,3726.74,3733.65,3720.0,3722.35,48261.863
2025-07-26 18:00:00+00:00,3722.35,3755.0,3705.92,3738.67,219138.724
2025-07-26 19:00:00+00:00,3738.67,3756.38,3738.22,3749.33,71481.758
2025-07-26 20:00:00+00:00,3749.32,3750.65,3731.11,3743.66,60895.934
2025-07-26 21:00:00+00:00,3743.65,3764.0,3735.74,3757.27,68856.858
2025-07-26 22:00:00+00:00,3757.27,3795.2,3740.42,3748.4,323434.636
2025-07-26 23:00:00+00:00,3748.41,3754.0,3734.8,3740.0,65415.769
2025-07-27 00:00:00+00:00,3740.0,3754.81,3728.36,3754.81,94939.434
2025-07-27 01:00:00+00:00,3754.8,3771.68,3748.64,3754.87,99870.141
2025-07-27 02:00:00+00:00,3754.87,3787.22,3750.05,3783.7,111250.799
2025-07-27 03:00:00+00:00,3783.7,3785.53,3768.97,3772.92,72973.249
2025-07-27 04:00:00+00:00,3772.91,3790.8,3767.0,3789.36,84966.063
2025-07-27 05:00:00+00:00,3789.37,3810.28,3782.0,3789.84,278845.605
2025-07-27 06:00:00+00:00,3789.83,3789.84,3762.26,3771.01,136009.003
2025-07-27 07:00:00+00:00,3771.01,3781.59,3761.01,3766.5,96022.149
2025-07-27 08:00:00+00:00,3766.5,3775.42,3763.09,3769.5,78423.854
2025-07-27 09:00:00+00:00,3769.51,3772.59,3747.32,3762.31,122589.489
2025-07-27 10:00:00+00:00,3762.31,3840.0,3762.0,3815.72,506175.791
2025-07-27 11:00:00+00:00,3815.71,3835.0,3803.6,3814.16,262436.491
2025-07-27 12:00:00+00:00,3814.17,3836.0,3804.12,3825.09,274361.983
2025-07-27 13:00:00+00:00,3825.08,3829.98,3805.23,3809.23,106623.825
2025-07-27 14:00:00+00:00,3809.23,3822.24,3790.61,3808.31,164228.261
2025-07-27 15:00:00+00:00,3808.31,3821.16,3792.33,3817.66,118107.295
2025-07-27 16:00:00+00:00,3817.67,3850.0,3810.0,3814.8,322415.488
2025-07-27 17:00:00+00:00,3814.8,3841.29,3807.83,3837.43,171822.182
2025-07-27 18:00:00+00:00,3837.43,3868.97,3830.78,3845.43,287175.293
2025-07-27 19:00:00+00:00,3845.43,3851.54,3825.01,3827.35,93664.862
2025-07-27 20:00:00+00:00,3827.35,3842.52,3818.0,3821.33,91245.889
2025-07-27 21:00:00+00:00,3821.34,3839.46,3814.49,3835.37,80468.759
2025-07-27 22:00:00+00:00,3835.37,3878.53,3834.0,3863.1,234358.509
2025-07-27 23:00:00+00:00,3863.11,3875.0,3837.66,3871.47,172361.344
2025-07-28 00:00:00+00:00,3871.48,3886.6,3853.84,3860.25,256890.921
2025-07-28 01:00:00+00:00,3860.24,3863.92,3843.12,3848.65,157655.41
2025-07-28 02:00:00+00:00,3848.65,3907.88,3841.69,3884.94,409201.217
2025-07-28 03:00:00+00:00,3884.94,3892.89,3866.86,3878.47,145573.028
2025-07-28 04:00:00+00:00,3878.46,3905.0,3867.0,3901.21,200974.213
2025-07-28 05:00:00+00:00,3901.22,3940.81,3899.27,3929.11,457119.21
2025-07-28 06:00:00+00:00,3929.1,3933.63,3908.3,3911.81,213552.341
2025-07-28 07:00:00+00:00,3911.8,3913.45,3874.95,3892.01,381045.993
2025-07-28 08:00:00+00:00,3892.0,3903.2,3881.34,3890.56,130711.311
2025-07-28 09:00:00+00:00,3890.56,3895.0,3870.92,3893.33,143412.167
2025-07-28 10:00:00+00:00,3893.32,3896.77,3874.73,3887.06,125060.262
2025-07-28 11:00:00+00:00,3887.05,3893.06,3856.61,3878.59,190356.384
2025-07-28 12:00:00+00:00,3878.59,3888.8,3867.0,3869.82,129631.531
2025-07-28 13:00:00+00:00,3869.82,3874.0,3825.01,3842.8,586805.872
2025-07-28 14:00:00+00:00,3842.8,3851.67,3770.01,3783.47,816349.276
2025-07-28 15:00:00+00:00,3783.48,3821.96,3779.52,3806.09,401601.582
2025-07-28 16:00:00+00:00,3806.09,3821.0,3791.39,3804.54,192180.153
2025-07-28 17:00:00+00:00,3804.51,3808.21,3776.31,3783.22,202372.678
2025-07-28 18:00:00+00:00,3783.23,3787.12,3751.03,3781.04,342703.494
2025-07-28 19:00:00+00:00,3781.05,3805.0,3762.21,3796.02,249019.354
2025-07-28 20:00:00+00:00,3796.01,3802.92,3763.92,3786.2,175095.676
2025-07-28 21:00:00+00:00,3786.19,3801.99,3772.91,3787.24,115539.81
2025-07-28 22:00:00+00:00,3787.23,3801.69,3763.47,3785.09,142108.516
2025-07-28 23:00:00+00:00,3785.1,3798.63,3772.94,3796.0,125830.527
2025-07-29 00:00:00+00:00,3795.99,3819.99,3734.0,3778.87,456932.869
2025-07-29 01:00:00+00:00,3778.87,3797.17,3756.0,3756.76,156256.77
2025-07-29 02:00:00+00:00,3756.76,3771.86,3727.21,3757.54,279016.586
2025-07-29 03:00:00+00:00,3757.54,3797.0,3757.45,3790.46,190103.039
2025-07-29 04:00:00+00:00,3790.46,3801.01,3773.86,3776.66,112291.858
2025-07-29 05:00:00+00:00,3776.65,3806.81,3776.65,3805.86,94162.697
2025-07-29 06:00:00+00:00,3805.87,3835.0,3800.0,3827.73,283380.151
2025-07-29 07:00:00+00:00,3827.74,3879.57,3827.47,3876.56,458789.207
2025-07-29 08:00:00+00:00,3876.56,3885.43,3858.76,3871.55,247932.386
2025-07-29 09:00:00+00:00,3871.55,3879.1,3862.96,3871.93,126506.162
2025-07-29 10:00:00+00:00,3871.92,3873.91,3823.0,3828.72,319813.787
2025-07-29 11:00:00+00:00,3828.72,3839.0,3810.15,3824.65,257869.053
2025-07-29 12:00:00+00:00,3824.64,3860.0,3821.46,3851.49,293262.115
2025-07-29 13:00:00+00:00,3851.49,3874.97,3826.76,3837.88,312439.219
2025-07-29 14:00:00+00:00,3837.88,3839.5,3766.55,3780.61,602566.628
2025-07-29 15:00:00+00:00,3780.61,3782.51,3745.01,3759.52,476840.311
2025-07-29 16:00:00+00:00,3759.52,3767.5,3712.24,3749.49,552152.379
2025-07-29 17:00:00+00:00,3749.49,3792.94,3742.59,3768.06,425914.082
2025-07-29 18:00:00+00:00,3768.05,3775.0,3750.22,3769.36,112156.174
2025-07-29 19:00:00+00:00,3769.36,3795.0,3756.66,3763.78,188766.361
2025-07-29 20:00:00+00:00,3763.78,3783.89,3740.0,3763.8,260655.288
2025-07-29 21:00:00+00:00,3763.81,3784.12,3751.7,3779.41,98971.212
2025-07-29 22:00:00+00:00,3779.41,3793.61,3756.55,3790.54,135117.312
2025-07-29 23:00:00+00:00,3790.54,3799.78,3781.61,3791.55,104348.513
2025-07-30 00:00:00+00:00,3791.55,3792.83,3753.69,3773.34,175931.408
2025-07-30 01:00:00+00:00,3773.33,3810.94,3760.16,3790.38,188639.483
2025-07-30 02:00:00+00:00,3790.38,3821.58,3783.01,3811.08,163694.716
2025-07-30 03:00:00+00:00,3811.08,3827.99,3803.3,3815.62,102192.054
2025-07-30 04:00:00+00:00,3815.62,3823.65,3797.24,3807.14,108595.646
2025-07-30 05:00:00+00:00,3807.14,3814.53,3785.1,3808.47,159428.287
2025-07-30 06:00:00+00:00,3808.47,3828.68,3807.68,3822.54,118393.924
2025-07-30 07:00:00+00:00,3822.54,3832.61,3801.01,3809.13,176979.896
2025-07-30 08:00:00+00:00,3809.12,3824.26,3795.09,3813.0,164973.939
2025-07-30 09:00:00+00:00,3813.01,3818.49,3773.17,3784.69,221627.264
2025-07-30 10:00:00+00:00,3784.69,3806.08,3766.0,3771.82,158280.402
2025-07-30 11:00:00+00:00,3771.82,3784.45,3742.0,3756.61,321523.569
2025-07-30 12:00:00+00:00,3756.61,3784.39,3747.47,3772.3,259669.82
2025-07-30 13:00:00+00:00,3772.29,3784.61,3748.05,3764.71,294887.131
2025-07-30 14:00:00+00:00,3764.71,3830.94,3762.12,3817.75,342806.281
2025-07-30 15:00:00+00:00,3817.75,3820.35,3775.24,3795.76,273841.811
2025-07-30 16:00:00+00:00,3795.77,3816.38,3779.07,3794.79,166178.485
2025-07-30 17:00:00+00:00,3794.79,3814.0,3790.08,3803.63,126164.219
2025-07-30 18:00:00+00:00,3803.62,3821.36,3734.45,3736.4,542609.594
2025-07-30 19:00:00+00:00,3736.39,3772.22,3670.0,3758.7,1014550.085
2025-07-30 20:00:00+00:00,3758.69,3786.44,3755.12,3768.65,251561.024
2025-07-30 21:00:00+00:00,3768.65,3773.94,3739.62,3761.31,142373.297
2025-07-30 22:00:00+00:00,3761.32,3770.0,3754.0,3761.97,78685.624
2025-07-30 23:00:00+00:00,3761.95,3811.13,3761.15,3808.67,205200.779
2025-07-31 00:00:00+00:00,3808.67,3849.0,3799.78,3842.61,312249.972
2025-07-31 01:00:00+00:00,3842.61,3849.84,3827.45,3836.29,170313.32
2025-07-31 02:00:00+00:00,3836.28,3863.0,3829.18,3860.99,173274.614
2025-07-31 03:00:00+00:00,3860.99,3867.0,3854.13,3861.97,106375.141
2025-07-31 04:00:00+00:00,3861.97,3870.0,3853.31,3869.86,115141.682
2025-07-31 05:00:00+00:00,3869.86,3869.86,3854.72,3857.94,94974.536
2025-07-31 06:00:00+00:00,3857.94,3878.0,3853.18,3872.89,123885.124
2025-07-31 07:00:00+00:00,3872.89,3876.28,3859.7,3862.16,100580.313
2025-07-31 08:00:00+00:00,3862.15,3872.98,3855.87,3862.08,86451.302
2025-07-31 09:00:00+00:00,3862.08,3865.67,3853.0,3861.55,87103.92
2025-07-31 10:00:00+00:00,3861.54,3865.47,3851.2,3853.74,81455.431
2025-07-31 11:00:00+00:00,3853.73,3856.62,3824.05,3836.87,220793.579
2025-07-31 12:00:00+00:00,3836.87,3844.01,3821.0,3833.0,221907.188
2025-07-31 13:00:00+00:00,3833.01,3833.55,3784.1,3805.32,548649.827
2025-07-31 14:00:00+00:00,3805.33,3813.82,3763.35,3766.59,448005.465
2025-07-31 15:00:00+00:00,3766.6,3795.83,3760.16,3786.01,273683.261
2025-07-31 16:00:00+00:00,3786.01,3816.99,3778.81,3801.93,263625.262
2025-07-31 17:00:00+00:00,3801.93,3802.9,3765.6,3774.17,249830.153
2025-07-31 18:00:00+00:00,3774.17,3787.12,3746.0,3773.67,346876.002
2025-07-31 19:00:00+00:00,3773.67,3779.8,3733.0,3736.19,281463.464
2025-07-31 20:00:00+00:00,3736.2,3747.3,3715.0,3732.94,328980.542
2025-07-31 21:00:00+00:00,3732.93,3757.15,3707.24,3729.31,260328.767
2025-07-31 22:00:00+00:00,3729.3,3729.35,3700.0,3707.49,212327.551
2025-07-31 23:00:00+00:00,3707.5,3727.51,3682.23,3696.58,289058.34
2025-08-01 00:00:00+00:00,3696.57,3698.08,3613.67,3680.01,804497.698
2025-08-01 01:00:00+00:00,3680.01,3695.0,3650.04,3687.1,434851.064
2025-08-01 02:00:00+00:00,3687.11,3722.0,3678.29,3714.71,272596.571
2025-08-01 03:00:00+00:00,3714.7,3722.9,3700.0,3703.49,137091.97
2025-08-01 04:00:00+00:00,3703.49,3703.49,3675.02,3680.4,245165.741
2025-08-01 05:00:00+00:00,3680.4,3691.6,3662.85,3673.28,170844.309
2025-08-01 06:00:00+00:00,3673.28,3681.11,3638.84,3660.9,302795.626
2025-08-01 07:00:00+00:00,3660.9,3667.66,3622.22,3648.67,341872.97
2025-08-01 08:00:00+00:00,3648.66,3648.66,3583.44,3607.81,569814.464
2025-08-01 09:00:00+00:00,3607.81,3638.85,3603.92,3616.9,218038.084
2025-08-01 10:00:00+00:00,3616.89,3632.41,3608.0,3614.15,144123.9
2025-08-01 11:00:00+00:00,3614.17,3642.16,3604.81,3641.04,169765.571
2025-08-01 12:00:00+00:00,3641.04,3673.16,3628.47,3661.55,427660.038
2025-08-01 13:00:00+00:00,3661.55,3674.84,3575.0,3598.23,596329.632
2025-08-01 14:00:00+00:00,3598.23,3654.97,3562.05,3631.57,638312.98
2025-08-01 15:00:00+00:00,3631.58,3634.96,3580.66,3614.49,410243.5
2025-08-01 16:00:00+00:00,3614.5,3632.74,3572.9,3586.04,335408.015
2025-08-01 17:00:00+00:00,3586.01,3600.71,3561.0,3570.28,390627.854
2025-08-01 18:00:00+00:00,3570.27,3584.54,3535.0,3548.48,572353.729
2025-08-01 19:00:00+00:00,3548.47,3560.0,3514.0,3517.57,429918.416
2025-08-01 20:00:00+00:00,3517.57,3541.34,3490.0,3539.9,461493.215
2025-08-01 21:00:00+00:00,3539.9,3551.89,3530.79,3535.17,158099.541
2025-08-01 22:00:00+00:00,3535.18,3543.12,3428.86,3461.64,712416.075
2025-08-01 23:00:00+00:00,3461.64,3492.0,3447.26,3486.42,249251.304
2025-08-02 00:00:00+00:00,3486.41,3514.0,3476.57,3513.88,260465.898
2025-08-02 01:00:00+00:00,3513.88,3521.32,3495.23,3515.3,141122.454
2025-08-02 02:00:00+00:00,3515.3,3526.4,3512.7,3522.03,87754.404
2025-08-02 03:00:00+00:00,3522.04,3531.27,3517.59,3527.15,87665.947
2025-08-02 04:00:00+00:00,3527.15,3533.0,3512.17,3531.97,97007.263
2025-08-02 05:00:00+00:00,3531.98,3536.48,3514.14,3517.92,98873.215
2025-08-02 06:00:00+00:00,3517.91,3518.69,3453.14,3477.93,428329.557
2025-08-02 07:00:00+00:00,3477.93,3519.95,3467.0,3517.68,250559.221
2025-08-02 08:00:00+00:00,3517.67,3523.0,3483.99,3489.81,241987.39
2025-08-02 09:00:00+00:00,3489.81,3502.4,3480.3,3490.72,125592.851
2025-08-02 10:00:00+00:00,3490.73,3494.31,3472.01,3489.59,128700.425
2025-08-02 11:00:00+00:00,3489.59,3516.8,3480.55,3506.93,172758.135
2025-08-02 12:00:00+00:00,3506.93,3513.99,3495.0,3507.22,99477.553
2025-08-02 13:00:00+00:00,3507.22,3515.74,3490.75,3508.16,130795.678
2025-08-02 14:00:00+00:00,3508.17,3516.48,3464.46,3478.0,325277.971
2025-08-02 15:00:00+00:00,3478.01,3490.5,3449.42,3457.5,262867.854
2025-08-02 16:00:00+00:00,3457.5,3476.11,3431.51,3470.59,376464.132
2025-08-02 17:00:00+00:00,3470.59,3479.6,3412.77,3422.85,336588.554
2025-08-02 18:00:00+00:00,3422.85,3432.51,3371.13,3382.05,628621.193
2025-08-02 19:00:00+00:00,3382.04,3423.78,3374.1,3381.35,343058.943
2025-08-02 20:00:00+00:00,3381.34,3422.84,3379.76,3422.5,170835.877
2025-08-02 21:00:00+00:00,3422.51,3442.49,3404.35,3410.92,189782.031
2025-08-02 22:00:00+00:00,3410.92,3427.0,3386.82,3409.17,142360.5
2025-08-02 23:00:00+00:00,3409.18,3417.68,3366.5,3392.42,297119.444
2025-08-03 00:00:00+00:00,3392.42,3411.84,3353.51,3408.28,408554.515
2025-08-03 01:00:00+00:00,3408.25,3421.92,3400.02,3412.3,159510.549
2025-08-03 02:00:00+00:00,3412.3,3443.88,3411.79,3441.91,164164.782
2025-08-03 03:00:00+00:00,3441.9,3450.84,3437.45,3441.97,101049.305
2025-08-03 04:00:00+00:00,3441.98,3446.65,3432.1,3443.12,98504.333
2025-08-03 05:00:00+00:00,3443.12,3454.61,3439.48,3443.57,120475.233
2025-08-03 06:00:00+00:00,3443.56,3447.06,3435.31,3439.01,60306.559
2025-08-03 07:00:00+00:00,3439.0,3458.67,3439.0,3454.23,101156.658
2025-08-03 08:00:00+00:00,3454.23,3467.0,3451.82,3460.84,121895.939
2025-08-03 09:00:00+00:00,3460.85,3465.86,3453.0,3464.2,58063.063
2025-08-03 10:00:00+00:00,3464.21,3485.95,3463.28,3482.81,188349.204
2025-08-03 11:00:00+00:00,3482.81,3514.0,3482.2,3483.4,324936.305
2025-08-03 12:00:00+00:00,3483.41,3502.68,3473.6,3488.0,181933.606
2025-08-03 13:00:00+00:00,3487.99,3497.99,3482.29,3490.58,110540.011
2025-08-03 14:00:00+00:00,3490.59,3492.97,3461.87,3470.54,212069.472
2025-08-03 15:00:00+00:00,3470.53,3476.97,3452.79,3474.65,184593.271
2025-08-03 16:00:00+00:00,3474.66,3495.0,3465.97,3493.29,135567.805
2025-08-03 17:00:00+00:00,3493.29,3497.97,3478.15,3488.41,82760.094
2025-08-03 18:00:00+00:00,3488.41,3496.69,3479.61,3494.98,68445.295
2025-08-03 19:00:00+00:00,3494.97,3513.64,3486.73,3495.32,138604.177
2025-08-03 20:00:00+00:00,3495.33,3496.7,3481.85,3490.76,81044.119
2025-08-03 21:00:00+00:00,3490.77,3507.34,3487.22,3500.68,63405.013
2025-08-03 22:00:00+00:00,3500.67,3515.09,3481.58,3501.42,114298.57
2025-08-03 23:00:00+00:00,3501.43,3520.97,3494.28,3495.0,147303.349
2025-08-04 00:00:00+00:00,3495.01,3550.0,3489.28,3543.9,269934.809
2025-08-04 01:00:00+00:00,3543.91,3558.0,3532.0,3535.8,200091.54
2025-08-04 02:00:00+00:00,3535.81,3570.63,3522.21,3570.01,224477.266
2025-08-04 03:00:00+00:00,3570.01,3575.0,3553.16,3555.0,126766.549
2025-08-04 04:00:00+00:00,3555.0,3564.43,3533.95,3538.21,178676.625
2025-08-04 05:00:00+00:00,3538.2,3539.78,3522.01,3531.8,121742.993
2025-08-04 06:00:00+00:00,3531.8,3540.3,3518.36,3537.26,148678.482
2025-08-04 07:00:00+00:00,3537.27,3552.73,3534.63,3550.66,120573.466
2025-08-04 08:00:00+00:00,3550.67,3562.99,3539.79,3549.15,179195.768
2025-08-04 09:00:00+00:00,3549.16,3562.49,3543.45,3545.61,104200.778
2025-08-04 10:00:00+00:00,3545.62,3573.63,3543.45,3553.42,131360.257
2025-08-04 11:00:00+00:00,3553.41,3565.01,3548.49,3554.0,83628.483
2025-08-04 12:00:00+00:00,3554.01,3572.0,3549.16,3568.69,105773.504
2025-08-04 13:00:00+00:00,3568.69,3619.89,3558.62,3619.62,544422.106
2025-08-04 14:00:00+00:00,3619.62,3663.88,3616.22,3637.98,744266.933
2025-08-04 15:00:00+00:00,3637.99,3656.01,3633.0,3646.59,184666.339
2025-08-04 16:00:00+00:00,3646.6,3697.55,3646.41,3683.05,411515.481
2025-08-04 17:00:00+00:00,3683.06,3716.93,3676.0,3679.58,426545.391
2025-08-04 18:00:00+00:00,3679.58,3692.5,3669.03,3674.89,175088.952
2025-08-04 19:00:00+00:00,3674.88,3687.0,3664.58,3668.14,125375.332
2025-08-04 20:00:00+00:00,3668.14,3711.0,3658.9,3698.28,228634.597
2025-08-04 21:00:00+00:00,3698.28,3730.0,3697.04,3708.56,202926.029
2025-08-04 22:00:00+00:00,3708.57,3735.0,3708.57,3730.77,154122.312
2025-08-04 23:00:00+00:00,3730.76,3732.0,3707.0,3719.42,123848.401
2025-08-05 00:00:00+00:00,3719.41,3720.1,3691.18,3695.42,170328.721
2025-08-05 01:00:00+00:00,3695.42,3705.49,3677.0,3678.81,152454.144
2025-08-05 02:00:00+00:00,3678.81,3686.59,3671.0,3678.88,102119.829
2025-08-05 03:00:00+00:00,3678.87,3679.93,3646.72,3650.4,220181.068
2025-08-05 04:00:00+00:00,3650.4,3666.87,3642.32,3647.62,156998.065
2025-08-05 05:00:00+00:00,3647.62,3666.89,3645.51,3662.77,128206.888
2025-08-05 06:00:00+00:00,3662.76,3678.35,3633.0,3649.16,273896.997
2025-08-05 07:00:00+00:00,3649.15,3655.63,3598.74,3611.76,419460.715
2025-08-05 08:00:00+00:00,3611.76,3637.03,3606.65,3633.0,211651.128
2025-08-05 09:00:00+00:00,3633.0,3664.9,3631.65,3658.81,224627.334
2025-08-05 10:00:00+00:00,3658.82,3692.3,3651.67,3680.92,243405.845
2025-08-05 11:00:00+00:00,3680.93,3684.35,3660.02,3672.58,162575.912
2025-08-05 12:00:00+00:00,3672.58,3678.89,3608.0,3626.88,424629.378
2025-08-05 13:00:00+00:00,3626.89,3658.65,3617.0,3645.29,322772.502
2025-08-05 14:00:00+00:00,3645.28,3646.22,3557.58,3576.34,850875.291
2025-08-05 15:00:00+00:00,3576.33,3596.71,3555.0,3568.46,421872.137
2025-08-05 16:00:00+00:00,3568.46,3593.24,3561.71,3576.16,253529.85
2025-08-05 17:00:00+00:00,3576.16,3607.84,3575.0,3603.83,189285.94
2025-08-05 18:00:00+00:00,3603.82,3611.0,3565.87,3585.9,174058.716
2025-08-05 19:00:00+00:00,3585.91,3593.17,3558.0,3570.18,136912.142
2025-08-05 20:00:00+00:00,3570.18,3596.47,3570.18,3575.19,128553.056
2025-08-05 21:00:00+00:00,3575.2,3589.46,3568.03,3573.8,57887.387
2025-08-05 22:00:00+00:00,3573.79,3597.2,3542.58,3595.3,219464.174
2025-08-05 23:00:00+00:00,3595.29,3623.98,3591.86,3610.19,169420.927
2025-08-06 00:00:00+00:00,3610.19,3612.48,3569.3,3575.27,199931.775
2025-08-06 01:00:00+00:00,3575.26,3593.12,3562.34,3591.01,190928.433
2025-08-06 02:00:00+00:00,3591.0,3595.37,3572.27,3590.85,87581.388
2025-08-06 03:00:00+00:00,3590.85,3593.51,3570.1,3582.02,72500.012
2025-08-06 04:00:00+00:00,3582.03,3583.5,3568.59,3572.41,65829.488
2025-08-06 05:00:00+00:00,3572.4,3661.4,3568.0,3637.19,443157.641
2025-08-06 06:00:00+00:00,3637.2,3642.97,3615.36,3630.95,176088.882
2025-08-06 07:00:00+00:00,3630.95,3648.0,3623.1,3638.4,110007.227
2025-08-06 08:00:00+00:00,3638.39,3641.8,3608.0,3620.79,163580.125
2025-08-06 09:00:00+00:00,3620.79,3644.0,3615.25,3625.99,144942.729
2025-08-06 10:00:00+00:00,3625.99,3632.52,3610.0,3614.74,160705.865
2025-08-06 11:00:00+00:00,3614.74,3629.48,3608.18,3618.16,88960.974
2025-08-06 12:00:00+00:00,3618.15,3622.14,3577.44,3582.91,292146.538
2025-08-06 13:00:00+00:00,3582.92,3603.17,3571.05,3601.0,260275.55
2025-08-06 14:00:00+00:00,3601.0,3635.0,3586.12,3634.99,343403.246
2025-08-06 15:00:00+00:00,3634.99,3668.0,3618.24,3662.65,312965.198
2025-08-06 16:00:00+00:00,3662.66,3672.92,3637.64,3643.35,262353.123
2025-08-06 17:00:00+00:00,3643.36,3685.33,3636.78,3680.75,189576.059
2025-08-06 18:00:00+00:00,3680.75,3697.39,3670.72,3675.76,228250.15
2025-08-06 19:00:00+00:00,3675.76,3684.62,3668.0,3682.13,93210.411
2025-08-06 20:00:00+00:00,3682.13,3682.13,3665.0,3672.75,71069.694
2025-08-06 21:00:00+00:00,3672.74,3683.89,3648.19,3668.38,121357.929
2025-08-06 22:00:00+00:00,3668.38,3681.2,3664.16,3680.87,69825.056
2025-08-06 23:00:00+00:00,3680.87,3684.92,3672.04,3681.21,50389.693
2025-08-07 00:00:00+00:00,3681.21,3681.3,3662.33,3672.62,84868.741
2025-08-07 01:00:00+00:00,3672.63,3716.38,3665.0,3665.69,276779.22
2025-08-07 02:00:00+00:00,3665.68,3676.84,3648.05,3657.64,158290.645
2025-08-07 03:00:00+00:00,3657.63,3663.61,3645.78,3655.06,77242.499
2025-08-07 04:00:00+00:00,3655.06,3668.57,3653.45,3660.11,69158.079
2025-08-07 05:00:00+00:00,3660.11,3686.97,3657.28,3685.89,104549.348
2025-08-07 06:00:00+00:00,3685.89,3710.0,3685.0,3693.66,176572.988
2025-08-07 07:00:00+00:00,3693.65,3708.39,3692.49,3701.0,103216.674
2025-08-07 08:00:00+00:00,3701.0,3726.6,3700.88,3720.26,257556.388
2025-08-07 09:00:00+00:00,3720.25,3732.88,3713.28,3730.12,140161.009
2025-08-07 10:00:00+00:00,3730.13,3825.58,3728.29,3819.33,880878.076
2025-08-07 11:00:00+00:00,3819.33,3841.45,3805.0,3825.66,384786.305
2025-08-07 12:00:00+00:00,3825.67,3850.0,3821.99,3848.47,315753.966
2025-08-07 13:00:00+00:00,3848.48,3864.54,3825.0,3855.96,405931.718
2025-08-07 14:00:00+00:00,3855.96,3856.73,3802.57,3818.99,419429.54
2025-08-07 15:00:00+00:00,3818.99,3839.51,3813.33,3835.15,212780.362
2025-08-07 16:00:00+00:00,3835.15,3842.5,3777.14,3813.18,402196.158
2025-08-07 17:00:00+00:00,3813.19,3833.0,3802.5,3827.91,169144.118
2025-08-07 18:00:00+00:00,3827.89,3828.84,3805.85,3825.67,128596.847
2025-08-07 19:00:00+00:00,3825.68,3875.0,3820.09,3865.48,303056.371
2025-08-07 20:00:00+00:00,3865.47,3881.0,3849.0,3872.39,192219.173
2025-08-07 21:00:00+00:00,3872.4,3886.11,3855.99,3869.61,149343.091
2025-08-07 22:00:00+00:00,3869.6,3926.38,3866.12,3915.13,337522.835
2025-08-07 23:00:00+00:00,3915.13,3916.47,3887.46,3908.4,187068.075
2025-08-08 00:00:00+00:00,3908.4,3935.88,3880.0,3898.38,415509.481
2025-08-08 01:00:00+00:00,3898.38,3916.24,3876.7,3885.47,224694.806
2025-08-08 02:00:00+00:00,3885.47,3904.16,3877.29,3892.0,129508.388
2025-08-08 03:00:00+00:00,3892.0,3968.81,3890.58,3938.05,465967.807
2025-08-08 04:00:00+00:00,3938.05,3938.4,3913.9,3919.33,162791.798
2025-08-08 05:00:00+00:00,3919.33,3919.56,3892.96,3900.23,131856.826
2025-08-08 06:00:00+00:00,3900.23,3918.88,3893.14,3913.2,117830.783
2025-08-08 07:00:00+00:00,3913.2,3927.0,3898.69,3914.88,132249.597
2025-08-08 08:00:00+00:00,3914.87,3926.89,3885.0,3897.2,189717.647
2025-08-08 09:00:00+00:00,3897.21,3901.38,3883.11,3898.8,96503.518
2025-08-08 10:00:00+00:00,3898.81,3907.48,3885.18,3895.94,84750.626
2025-08-08 11:00:00+00:00,3895.94,3919.0,3895.52,3916.29,119115.455
2025-08-08 12:00:00+00:00,3916.28,3916.29,3890.69,3890.86,114742.074
2025-08-08 13:00:00+00:00,3890.85,4011.09,3890.06,3998.95,772097.916
2025-08-08 14:00:00+00:00,3998.94,4005.0,3941.83,3983.41,752003.434
2025-08-08 15:00:00+00:00,3983.42,3988.0,3925.0,3953.0,391003.828
2025-08-08 16:00:00+00:00,3953.0,3976.61,3949.41,3969.81,193206.02
2025-08-08 17:00:00+00:00,3969.8,4034.0,3966.8,4031.83,510093.686
2025-08-08 18:00:00+00:00,4031.84,4057.57,4029.04,4056.16,394279.073
2025-08-08 19:00:00+00:00,4056.17,4066.0,4030.05,4059.99,227382.881
2025-08-08 20:00:00+00:00,4060.0,4070.0,4044.56,4056.82,157034.152
2025-08-08 21:00:00+00:00,4056.81,4058.18,4037.15,4037.31,74166.265
2025-08-08 22:00:00+00:00,4037.31,4038.45,4016.5,4024.33,178103.621
2025-08-08 23:00:00+00:00,4024.34,4031.63,4005.52,4009.05,110733.175
2025-08-09 00:00:00+00:00,4009.04,4025.38,4005.02,4016.08,101798.363
2025-08-09 01:00:00+00:00,4016.08,4035.79,4009.11,4031.59,104937.087
2025-08-09 02:00:00+00:00,4031.59,4037.46,4021.93,4030.66,78128.482
2025-08-09 03:00:00+00:00,4030.66,4050.91,4023.3,4049.33,178031.455
2025-08-09 04:00:00+00:00,4049.34,4101.39,4043.26,4079.43,390095.22
2025-08-09 05:00:00+00:00,4079.42,4220.0,4074.23,4180.74,1071142.138
2025-08-09 06:00:00+00:00,4180.74,4182.78,4141.17,4161.36,327915.826
2025-08-09 07:00:00+00:00,4161.36,4176.14,4155.32,4169.7,129092.699
2025-08-09 08:00:00+00:00,4169.71,4202.76,4164.38,4188.75,240358.475
2025-08-09 09:00:00+00:00,4188.75,4248.87,4172.23,4217.99,345156.593
2025-08-09 10:00:00+00:00,4217.98,4246.65,4211.01,4216.13,359290.06
2025-08-09 11:00:00+00:00,4216.13,4216.97,4182.0,4189.39,241248.688
2025-08-09 12:00:00+00:00,4189.39,4206.97,4181.0,4195.41,172611.974
2025-08-09 13:00:00+00:00,4195.4,4198.56,4162.6,4164.83,265945.817
2025-08-09 14:00:00+00:00,4164.82,4197.58,4152.57,4195.48,239079.99
2025-08-09 15:00:00+00:00,4195.48,4225.5,4170.0,4207.51,360640.103
2025-08-09 16:00:00+00:00,4207.52,4224.92,4191.0,4206.0,186270.74
2025-08-09 17:00:00+00:00,4206.01,4238.43,4198.5,4233.28,166067.986
2025-08-09 18:00:00+00:00,4233.27,4257.37,4218.58,4240.6,190908.579
2025-08-09 19:00:00+00:00,4240.6,4271.1,4235.07,4256.64,176751.191
2025-08-09 20:00:00+00:00,4256.64,4293.26,4254.84,4289.34,327529.337
2025-08-09 21:00:00+00:00,4289.35,4298.48,4260.12,4276.23,269560.184
2025-08-09 22:00:00+00:00,4276.22,4325.24,4238.74,4262.55,444793.235
2025-08-09 23:00:00+00:00,4262.55,4273.63,4245.91,4259.1,180678.508
2025-08-10 00:00:00+00:00,4259.11,4331.99,4245.69,4309.45,262979.231
2025-08-10 01:00:00+00:00,4309.44,4321.8,4285.85,4299.28,234311.584
2025-08-10 02:00:00+00:00,4299.29,4303.38,4245.3,4245.3,323222.915
2025-08-10 03:00:00+00:00,4245.31,4256.72,4205.0,4241.14,466498.404
2025-08-10 04:00:00+00:00,4241.14,4263.35,4225.23,4249.99,165413.539
2025-08-10 05:00:00+00:00,4249.99,4249.99,4211.73,4219.14,182543.598
2025-08-10 06:00:00+00:00,4219.15,4235.45,4202.0,4223.97,216446.356
2025-08-10 07:00:00+00:00,4223.98,4232.86,4175.51,4184.36,306833.731
2025-08-10 08:00:00+00:00,4184.36,4219.0,4161.02,4208.69,300296.18
2025-08-10 09:00:00+00:00,4208.69,4230.0,4208.69,4223.99,111835.52
2025-08-10 10:00:00+00:00,4223.99,4232.0,4190.67,4196.82,184703.765
2025-08-10 11:00:00+00:00,4196.81,4220.1,4174.55,4179.11,216712.876
2025-08-10 12:00:00+00:00,4179.11,4200.0,4172.04,4199.13,189507.138
2025-08-10 13:00:00+00:00,4199.13,4203.92,4164.0,4166.01,157694.888
2025-08-10 14:00:00+00:00,4166.01,4225.0,4160.0,4217.58,263745.492
2025-08-10 15:00:00+00:00,4217.57,4237.87,4208.0,4216.12,159751.647
2025-08-10 16:00:00+00:00,4216.11,4240.0,4212.75,4232.22,112403.924
2025-08-10 17:00:00+00:00,4232.21,4247.32,4222.27,4222.9,92447.201
2025-08-10 18:00:00+00:00,4222.91,4235.42,4216.01,4234.32,70404.288
2025-08-10 19:00:00+00:00,4234.32,4257.96,4228.8,4247.2,110529.795
2025-08-10 20:00:00+00:00,4247.2,4249.14,4206.63,4214.77,191945.554
2025-08-10 21:00:00+00:00,4214.78,4221.7,4184.05,4221.68,181894.874
2025-08-10 22:00:00+00:00,4221.67,4249.0,4203.0,4248.91,126883.469
2025-08-10 23:00:00+00:00,4248.91,4252.82,4225.76,4248.77,116118.682
2025-08-11 00:00:00+00:00,4248.77,4284.7,4236.36,4260.58,247527.612
2025-08-11 01:00:00+00:00,4260.58,4320.57,4258.44,4302.04,351115.724
2025-08-11 02:00:00+00:00,4302.04,4346.0,4291.96,4307.12,414102.816
2025-08-11 03:00:00+00:00,4307.13,4310.77,4282.0,4307.77,201671.618
2025-08-11 04:00:00+00:00,4307.78,4349.67,4303.32,4318.06,266205.872
2025-08-11 05:00:00+00:00,4318.07,4330.0,4288.77,4304.34,170566.288
2025-08-11 06:00:00+00:00,4304.33,4310.67,4293.25,4297.05,95749.831
2025-08-11 07:00:00+00:00,4297.05,4302.3,4263.92,4272.93,205638.355
2025-08-11 08:00:00+00:00,4272.93,4284.3,4252.7,4280.56,218317.247
2025-08-11 09:00:00+00:00,4280.56,4282.76,4258.75,4264.96,105187.844
2025-08-11 10:00:00+00:00,4264.96,4267.81,4208.31,4235.26,310115.07
2025-08-11 11:00:00+00:00,4235.27,4238.88,4168.03,4183.51,460221.931
2025-08-11 12:00:00+00:00,4183.51,4194.87,4164.23,4182.22,333301.952
2025-08-11 13:00:00+00:00,4182.22,4305.61,4168.55,4278.56,847473.62
2025-08-11 14:00:00+00:00,4278.56,4320.0,4261.62,4276.25,579499.895
2025-08-11 15:00:00+00:00,4276.28,4331.5,4256.61,4328.88,378696.305
2025-08-11 16:00:00+00:00,4328.88,4370.0,4310.74,4310.91,602692.951
2025-08-11 17:00:00+00:00,4310.91,4320.93,4280.87,4292.29,291321.147
2025-08-11 18:00:00+00:00,4292.28,4306.96,4265.0,4293.35,224393.225
2025-08-11 19:00:00+00:00,4293.36,4307.5,4232.0,4257.53,257019.732
2025-08-11 20:00:00+00:00,4257.53,4257.53,4219.38,4241.3,210990.269
2025-08-11 21:00:00+00:00,4241.28,4254.0,4185.6,4218.0,226180.291
2025-08-11 22:00:00+00:00,4218.0,4223.88,4188.0,4218.45,160108.311
2025-08-11 23:00:00+00:00,4218.44,4234.0,4212.33,4221.31,122540.439
2025-08-12 00:00:00+00:00,4221.31,4282.59,4216.61,4272.0,235738.369
2025-08-12 01:00:00+00:00,4272.0,4290.65,4256.51,4268.83,174036.297
2025-08-12 02:00:00+00:00,4268.83,4309.82,4260.43,4290.03,183093.618
2025-08-12 03:00:00+00:00,4290.03,4303.3,4272.98,4284.2,142216.248
2025-08-12 04:00:00+00:00,4284.2,4320.63,4278.21,4309.32,153100.388
2025-08-12 05:00:00+00:00,4309.32,4309.32,4266.0,4283.74,229267.451
2025-08-12 06:00:00+00:00,4283.75,4311.51,4271.0,4289.15,173784.973
2025-08-12 07:00:00+00:00,4289.16,4318.0,4289.16,4314.23,152963.413
2025-08-12 08:00:00+00:00,4314.23,4332.74,4294.01,4309.49,212235.497
2025-08-12 09:00:00+00:00,4309.49,4316.0,4284.81,4286.85,170548.21
2025-08-12 10:00:00+00:00,4286.84,4298.0,4272.79,4276.36,162718.758
2025-08-12 11:00:00+00:00,4276.35,4296.5,4255.56,4289.35,220190.185
2025-08-12 12:00:00+00:00,4289.35,4428.39,4276.1,4404.92,1112662.476
2025-08-12 13:00:00+00:00,4404.92,4434.0,4350.51,4381.42,905860.683
2025-08-12 14:00:00+00:00,4381.43,4423.39,4373.69,4413.5,379527.903
2025-08-12 15:00:00+00:00,4413.5,4482.3,4412.44,4470.98,633773.433
2025-08-12 16:00:00+00:00,4470.98,4488.0,4438.0,4463.87,539320.475
2025-08-12 17:00:00+00:00,4463.87,4505.0,4461.44,4498.55,515825.07
2025-08-12 18:00:00+00:00,4498.55,4519.0,4475.46,4488.92,354299.459
2025-08-12 19:00:00+00:00,4488.93,4517.53,4480.65,4515.17,186885.122
2025-08-12 20:00:00+00:00,4515.18,4640.0,4501.45,4620.25,912523.351
2025-08-12 21:00:00+00:00,4620.25,4620.25,4577.64,4585.45,290688.239
2025-08-12 22:00:00+00:00,4585.45,4591.02,4561.08,4575.49,200805.714
2025-08-12 23:00:00+00:00,4575.48,4615.82,4572.31,4589.31,236651.831
2025-08-13 00:00:00+00:00,4589.31,4638.56,4582.42,4612.83,269439.689
2025-08-13 01:00:00+00:00,4612.83,4617.37,4562.59,4583.61,301331.673
2025-08-13 02:00:00+00:00,4583.61,4627.56,4569.0,4622.01,203958.335
2025-08-13 03:00:00+00:00,4622.01,4656.62,4606.02,4645.39,314514.848
2025-08-13 04:00:00+00:00,4645.4,4682.0,4644.0,4672.01,352345.264
2025-08-13 05:00:00+00:00,4672.02,4673.69,4620.57,4630.73,261831.599
2025-08-13 06:00:00+00:00,4630.73,4649.12,4605.9,4621.52,232457.054
2025-08-13 07:00:00+00:00,4621.52,4631.4,4609.29,4624.29,129652.962
2025-08-13 08:00:00+00:00,4624.29,4638.0,4607.0,4623.98,168884.341
2025-08-13 09:00:00+00:00,4623.98,4714.5,4621.14,4706.81,429469.448
2025-08-13 10:00:00+00:00,4706.8,4716.0,4687.0,4693.61,283331.05
2025-08-13 11:00:00+00:00,4693.6,4707.09,4668.0,4689.37,234230.991
2025-08-13 12:00:00+00:00,4689.38,4722.5,4674.0,4684.87,412494.738
2025-08-13 13:00:00+00:00,4684.87,4736.76,4640.99,4670.01,757095.822
2025-08-13 14:00:00+00:00,4670.01,4704.55,4632.85,4647.62,672860.77
2025-08-13 15:00:00+00:00,4647.62,4674.0,4613.11,4664.79,412258.894
2025-08-13 16:00:00+00:00,4664.79,4738.78,4660.82,4700.05,479191.76
2025-08-13 17:00:00+00:00,4700.05,4736.7,4696.37,4725.52,277540.294
2025-08-13 18:00:00+00:00,4725.53,4752.54,4687.82,4714.87,368120.415
2025-08-13 19:00:00+00:00,4714.87,4750.0,4707.56,4738.72,295384.093
2025-08-13 20:00:00+00:00,4738.73,4742.38,4694.55,4716.6,165966.283
2025-08-13 21:00:00+00:00,4716.6,4778.87,4712.5,4720.41,342477.22
2025-08-13 22:00:00+00:00,4720.4,4783.48,4703.93,4732.2,340797.686
2025-08-13 23:00:00+00:00,4732.2,4783.62,4731.13,4748.37,254397.256
2025-08-14 00:00:00+00:00,4748.36,4764.74,4709.53,4714.8,346475.789
2025-08-14 01:00:00+00:00,4714.79,4748.0,4706.0,4719.04,174752.527
2025-08-14 02:00:00+00:00,4719.03,4769.0,4716.58,4749.89,201521.097
2025-08-14 03:00:00+00:00,4749.89,4781.6,4740.32,4774.86,206508.86
2025-08-14 04:00:00+00:00,4774.85,4788.78,4751.68,4759.46,209428.082
2025-08-14 05:00:00+00:00,4759.45,4772.62,4724.1,4732.01,215495.001
2025-08-14 06:00:00+00:00,4732.01,4794.0,4717.0,4777.0,385735.944
2025-08-14 07:00:00+00:00,4777.01,4777.01,4730.3,4748.99,297585.401
2025-08-14 08:00:00+00:00,4748.99,4750.18,4720.23,4726.8,160282.073
2025-08-14 09:00:00+00:00,4726.8,4763.31,4718.96,4758.25,175362.488
2025-08-14 10:00:00+00:00,4758.26,4767.0,4669.0,4707.79,530943.405
2025-08-14 11:00:00+00:00,4707.78,4723.0,4692.37,4719.0,245496.99
2025-08-14 12:00:00+00:00,4718.99,4736.99,4496.0,4568.49,1580626.283
2025-08-14 13:00:00+00:00,4568.48,4637.86,4455.0,4611.24,1605155.324
2025-08-14 14:00:00+00:00,4611.26,4703.27,4578.76,4669.37,785718.588
2025-08-14 15:00:00+00:00,4669.37,4685.53,4586.2,4617.61,669581.423
2025-08-14 16:00:00+00:00,4617.61,4623.22,4513.94,4544.8,801830.757
2025-08-14 17:00:00+00:00,4544.8,4562.43,4505.04,4547.84,320082.65
2025-08-14 18:00:00+00:00,4547.85,4557.75,4478.8,4537.04,397146.446
2025-08-14 19:00:00+00:00,4537.04,4572.46,4531.96,4536.06,174574.863
2025-08-14 20:00:00+00:00,4536.07,4544.63,4504.15,4532.03,193805.12
2025-08-14 21:00:00+00:00,4532.03,4542.6,4451.0,4476.2,345940.781
2025-08-14 22:00:00+00:00,4476.19,4531.6,4456.2,4530.45,208930.197
2025-08-14 23:00:00+00:00,4530.44,4570.79,4527.74,4545.26,209579.581
2025-08-15 00:00:00+00:00,4545.26,4590.0,4535.27,4560.85,240656.367
2025-08-15 01:00:00+00:00,4560.85,4610.0,4553.1,4602.05,244451.409
2025-08-15 02:00:00+00:00,4602.06,4642.0,4594.0,4619.85,210170.209
2025-08-15 03:00:00+00:00,4619.86,4647.99,4611.06,4632.63,163280.952
2025-08-15 04:00:00+00:00,4632.63,4645.68,4612.0,4623.5,142062.213
2025-08-15 05:00:00+00:00,4623.5,4630.88,4603.45,4617.11,117838.309
2025-08-15 06:00:00+00:00,4617.1,4661.63,4616.35,4645.54,201540.885
2025-08-15 07:00:00+00:00,4645.55,4652.17,4624.74,4639.46,141298.074
2025-08-15 08:00:00+00:00,4639.46,4666.0,4631.38,4639.43,138733.868
2025-08-15 09:00:00+00:00,4639.43,4651.51,4610.65,4622.7,182977.041
2025-08-15 10:00:00+00:00,4622.7,4647.74,4622.43,4634.77,112669.973
2025-08-15 11:00:00+00:00,4634.77,4646.0,4621.33,4632.4,114713.291
2025-08-15 12:00:00+00:00,4632.41,4670.23,4583.0,4626.6,432818.717
2025-08-15 13:00:00+00:00,4626.58,4629.36,4532.0,4538.39,599475.929
2025-08-15 14:00:00+00:00,4538.71,4577.23,4472.52,4491.75,833910.28
2025-08-15 15:00:00+00:00,4491.75,4498.52,4392.53,4428.72,1024366.441
2025-08-15 16:00:00+00:00,4428.72,4432.6,4371.23,4413.46,690536.423
2025-08-15 17:00:00+00:00,4413.46,4463.09,4371.0,4437.02,493045.779
2025-08-15 18:00:00+00:00,4437.02,4453.56,4376.22,4394.37,295466.781
2025-08-15 19:00:00+00:00,4394.36,4424.95,4372.89,4381.05,236258.977
2025-08-15 20:00:00+00:00,4381.05,4431.7,4364.0,4423.77,196445.888
2025-08-15 21:00:00+00:00,4423.77,4428.97,4390.0,4427.01,130913.488
2025-08-15 22:00:00+00:00,4427.01,4476.99,4410.06,4473.01,193923.419
2025-08-15 23:00:00+00:00,4473.01,4489.3,4407.01,4437.16,282778.428
2025-08-16 00:00:00+00:00,4437.15,4482.24,4429.41,4474.24,223564.449
2025-08-16 01:00:00+00:00,4474.25,4488.33,4450.0,4485.55,185072.093
2025-08-16 02:00:00+00:00,4485.54,4485.55,4430.0,4442.79,159179.585
2025-08-16 03:00:00+00:00,4442.8,4455.45,4422.16,4430.97,101976.454
2025-08-16 04:00:00+00:00,4430.97,4455.83,4427.5,4452.21,77259.486
2025-08-16 05:00:00+00:00,4452.22,4452.99,4416.5,4419.68,94947.361
2025-08-16 06:00:00+00:00,4419.68,4431.71,4407.0,4417.0,108566.104
2025-08-16 07:00:00+00:00,4417.01,4462.24,4417.0,4449.48,150378.499
2025-08-16 08:00:00+00:00,4449.48,4457.44,4437.0,4440.8,93299.371
2025-08-16 09:00:00+00:00,4440.8,4457.0,4388.0,4395.41,239972.421
2025-08-16 10:00:00+00:00,4395.93,4412.78,4370.0,4402.03,354217.677
2025-08-16 11:00:00+00:00,4402.03,4423.36,4383.1,4385.89,191167.639
2025-08-16 12:00:00+00:00,4385.9,4410.55,4373.0,4408.0,202800.108
2025-08-16 13:00:00+00:00,4408.0,4426.74,4382.1,4391.95,198092.189
2025-08-16 14:00:00+00:00,4391.95,4417.15,4385.67,4411.3,120471.653
2025-08-16 15:00:00+00:00,4411.3,4417.27,4384.84,4398.0,118820.173
2025-08-16 16:00:00+00:00,4398.0,4414.86,4394.35,4405.9,82795.054
2025-08-16 17:00:00+00:00,4405.91,4407.28,4388.0,4402.76,62271.143
2025-08-16 18:00:00+00:00,4402.75,4420.5,4396.63,4407.99,80085.222
2025-08-16 19:00:00+00:00,4407.99,4440.0,4406.48,4416.3,109115.555
2025-08-16 20:00:00+00:00,4416.3,4436.24,4408.0,4429.78,64700.036
2025-08-16 21:00:00+00:00,4429.79,4430.0,4403.91,4406.41,44171.195
2025-08-16 22:00:00+00:00,4406.41,4433.0,4400.0,4424.76,68252.607
2025-08-16 23:00:00+00:00,4424.76,4428.86,4408.05,4420.22,55778.774
2025-08-17 00:00:00+00:00,4420.22,4425.74,4407.54,4410.97,56014.878
2025-08-17 01:00:00+00:00,4410.96,4419.25,4392.45,4404.19,128216.173
2025-08-17 02:00:00+00:00,4404.19,4432.38,4396.07,4432.07,98609.201
2025-08-17 03:00:00+00:00,4432.07,4456.72,4425.96,4450.43,152485.526
2025-08-17 04:00:00+00:00,4450.44,4487.0,4449.58,4481.14,209333.771
2025-08-17 05:00:00+00:00,4481.15,4488.82,4465.37,4468.47,127233.422
2025-08-17 06:00:00+00:00,4468.48,4481.86,4453.21,4455.32,122165.577
2025-08-17 07:00:00+00:00,4455.32,4470.73,4441.41,4465.0,119217.535
2025-08-17 08:00:00+00:00,4464.99,4536.35,4456.63,4533.15,307050.748
2025-08-17 09:00:00+00:00,4533.15,4557.66,4525.66,4540.9,367941.618
2025-08-17 10:00:00+00:00,4540.9,4574.95,4527.0,4566.27,195076.227
2025-08-17 11:00:00+00:00,4566.27,4567.01,4545.13,4549.58,128272.434
2025-08-17 12:00:00+00:00,4549.59,4551.81,4532.47,4540.0,108607.404
2025-08-17 13:00:00+00:00,4540.0,4548.5,4516.0,4533.86,203812.166
2025-08-17 14:00:00+00:00,4533.86,4558.37,4530.01,4551.33,126554.183
2025-08-17 15:00:00+00:00,4551.33,4563.66,4542.37,4559.58,105183.408
2025-08-17 16:00:00+00:00,4559.58,4564.59,4501.0,4515.39,298017.542
2025-08-17 17:00:00+00:00,4515.39,4531.95,4502.01,4521.65,124452.21
2025-08-17 18:00:00+00:00,4521.65,4530.7,4417.17,4466.67,355147.208
2025-08-17 19:00:00+00:00,4466.67,4481.7,4443.38,4457.55,246329.165
2025-08-17 20:00:00+00:00,4457.55,4476.78,4454.44,4465.44,88586.379
2025-08-17 21:00:00+00:00,4465.45,4483.87,4460.02,4472.62,57785.253
2025-08-17 22:00:00+00:00,4472.61,4532.15,4470.0,4520.07,213135.232
2025-08-17 23:00:00+00:00,4520.07,4521.33,4463.98,4470.66,206901.916
2025-08-18 00:00:00+00:00,4470.66,4480.0,4435.0,4461.11,244874.763
2025-08-18 01:00:00+00:00,4461.12,4467.26,4380.0,4394.7,418008.016
2025-08-18 02:00:00+00:00,4394.71,4400.46,4306.0,4318.72,860715.2
2025-08-18 03:00:00+00:00,4318.72,4335.3,4277.0,4318.43,559411.971
2025-08-18 04:00:00+00:00,4318.43,4340.1,4300.56,4335.0,293115.415
2025-08-18 05:00:00+00:00,4335.0,4346.0,4257.66,4311.74,431206.457
2025-08-18 06:00:00+00:00,4311.75,4311.75,4228.0,4251.57,567963.368
2025-08-18 07:00:00+00:00,4251.56,4272.6,4235.03,4255.03,259835.7
2025-08-18 08:00:00+00:00,4255.03,4284.99,4248.66,4257.39,231420.624
2025-08-18 09:00:00+00:00,4257.4,4322.0,4224.1,4291.26,681016.499
2025-08-18 10:00:00+00:00,4291.26,4308.34,4256.75,4263.0,301079.44
2025-08-18 11:00:00+00:00,4262.99,4277.28,4251.01,4272.91,168796.965
2025-08-18 12:00:00+00:00,4272.9,4343.16,4269.14,4341.62,348645.952
2025-08-18 13:00:00+00:00,4341.62,4368.01,4281.38,4285.2,568017.447
2025-08-18 14:00:00+00:00,4285.2,4332.58,4271.46,4331.48,494398.816
2025-08-18 15:00:00+00:00,4331.47,4345.68,4294.26,4343.22,252742.081
2025-08-18 16:00:00+00:00,4343.23,4358.86,4297.59,4318.15,299916.698
2025-08-18 17:00:00+00:00,4318.16,4380.0,4311.16,4341.36,268275.526
2025-08-18 18:00:00+00:00,4341.35,4371.47,4325.0,4365.57,164098.604
2025-08-18 19:00:00+00:00,4365.57,4383.67,4343.32,4353.36,195412.834
2025-08-18 20:00:00+00:00,4353.37,4366.7,4314.45,4330.38,144774.901
2025-08-18 21:00:00+00:00,4330.36,4361.54,4323.48,4351.4,123200.409
2025-08-18 22:00:00+00:00,4351.41,4386.21,4337.6,4338.69,179982.438
2025-08-18 23:00:00+00:00,4338.69,4349.11,4302.36,4311.73,176075.635
2025-08-19 00:00:00+00:00,4311.72,4341.47,4265.0,4340.64,339919.966
2025-08-19 01:00:00+00:00,4340.63,4354.22,4285.01,4294.09,250571.275
2025-08-19 02:00:00+00:00,4294.09,4299.16,4279.87,4284.14,136728.2
2025-08-19 03:00:00+00:00,4284.14,4290.3,4210.71,4217.43,516832.409
2025-08-19 04:00:00+00:00,4217.43,4233.85,4192.01,4233.3,404982.507
2025-08-19 05:00:00+00:00,4233.29,4248.93,4218.0,4228.88,189241.091
2025-08-19 06:00:00+00:00,4228.88,4248.8,4223.04,4240.2,109236.466
2025-08-19 07:00:00+00:00,4240.2,4244.0,4202.29,4232.61,188850.947
2025-08-19 08:00:00+00:00,4232.61,4267.38,4216.31,4254.63,204047.431
2025-08-19 09:00:00+00:00,4254.62,4305.18,4252.47,4280.0,304901.326
2025-08-19 10:00:00+00:00,4280.0,4300.45,4274.0,4284.58,140231.958
2025-08-19 11:00:00+00:00,4284.57,4315.71,4284.57,4307.3,151872.51
2025-08-19 12:00:00+00:00,4307.29,4313.74,4282.1,4304.03,161438.556
2025-08-19 13:00:00+00:00,4304.04,4340.0,4262.77,4290.83,552978.629
2025-08-19 14:00:00+00:00,4290.83,4305.11,4181.42,4190.24,829862.101
2025-08-19 15:00:00+00:00,4190.25,4230.86,4167.0,4190.32,607375.012
2025-08-19 16:00:00+00:00,4190.33,4205.29,4136.0,4141.19,550006.95
2025-08-19 17:00:00+00:00,4141.19,4188.67,4131.61,4184.26,371096.384
2025-08-19 18:00:00+00:00,4184.27,4185.98,4120.0,4144.56,288697.73
2025-08-19 19:00:00+00:00,4144.56,4167.18,4112.36,4141.29,363990.501
2025-08-19 20:00:00+00:00,4141.28,4162.73,4114.18,4157.85,205865.655
2025-08-19 21:00:00+00:00,4157.86,4164.03,4134.66,4152.24,118348.029
2025-08-19 22:00:00+00:00,4152.24,4153.26,4117.32,4130.44,152745.644
2025-08-19 23:00:00+00:00,4130.44,4134.47,4064.96,4073.94,501290.909
2025-08-20 00:00:00+00:00,4073.93,4114.0,4072.92,4102.72,336145.199
2025-08-20 01:00:00+00:00,4102.72,4121.15,4060.0,4108.79,382870.988
2025-08-20 02:00:00+00:00,4108.78,4140.73,4103.6,4135.0,218129.891
2025-08-20 03:00:00+00:00,4135.0,4156.29,4126.32,4139.0,169262.707
2025-08-20 04:00:00+00:00,4138.99,4179.95,4137.3,4168.11,200949.009
2025-08-20 05:00:00+00:00,4168.11,4182.48,4152.69,4180.99,113851.088
2025-08-20 06:00:00+00:00,4180.99,4186.94,4166.44,4180.0,146658.186
2025-08-20 07:00:00+00:00,4180.0,4209.83,4180.0,4183.66,241342.414
2025-08-20 08:00:00+00:00,4183.66,4240.0,4176.9,4236.95,323037.767
2025-08-20 09:00:00+00:00,4236.96,4237.79,4215.75,4221.06,184440.931
2025-08-20 10:00:00+00:00,4221.07,4232.01,4208.69,4225.29,142803.375
2025-08-20 11:00:00+00:00,4225.29,4230.44,4146.24,4193.49,465018.953
2025-08-20 12:00:00+00:00,4193.48,4221.33,4173.81,4203.28,322148.306
2025-08-20 13:00:00+00:00,4203.28,4214.22,4126.3,4134.06,569937.173
2025-08-20 14:00:00+00:00,4134.06,4234.66,4104.33,4211.67,804154.695
2025-08-20 15:00:00+00:00,4211.67,4306.55,4204.0,4253.47,806268.744
2025-08-20 16:00:00+00:00,4253.46,4326.99,4252.72,4299.77,492888.752
2025-08-20 17:00:00+00:00,4299.76,4363.0,4295.95,4341.76,376726.526
2025-08-20 18:00:00+00:00,4341.76,4343.81,4261.0,4289.55,462619.941
2025-08-20 19:00:00+00:00,4289.56,4349.77,4284.08,4344.33,275008.954
2025-08-20 20:00:00+00:00,4344.32,4371.28,4329.37,4353.41,194642.965
2025-08-20 21:00:00+00:00,4353.41,4365.0,4318.82,4340.0,191760.385
2025-08-20 22:00:00+00:00,4340.0,4376.13,4335.0,4364.03,131117.297
2025-08-20 23:00:00+00:00,4364.02,4365.46,4324.06,4334.5,118225.264
2025-08-21 00:00:00+00:00,4334.5,4334.5,4305.41,4322.31,174611.537
2025-08-21 01:00:00+00:00,4322.31,4335.62,4294.99,4329.72,132413.24
2025-08-21 02:00:00+00:00,4329.71,4338.94,4275.64,4291.01,226116.72
2025-08-21 03:00:00+00:00,4291.01,4331.74,4290.48,4293.49,175533.321
2025-08-21 04:00:00+00:00,4293.48,4306.2,4282.28,4293.58,113162.329
2025-08-21 05:00:00+00:00,4293.58,4319.71,4281.0,4316.0,117976.882
2025-08-21 06:00:00+00:00,4316.0,4316.5,4281.67,4305.11,117623.06
2025-08-21 07:00:00+00:00,4305.11,4311.47,4268.33,4309.16,155469.994
2025-08-21 08:00:00+00:00,4309.16,4313.53,4283.24,4284.09,111818.851
2025-08-21 09:00:00+00:00,4284.08,4290.49,4254.35,4275.54,273737.009
2025-08-21 10:00:00+00:00,4275.55,4304.86,4262.0,4290.0,160636.354
2025-08-21 11:00:00+00:00,4289.99,4308.97,4265.0,4277.01,182910.525
2025-08-21 12:00:00+00:00,4277.0,4284.66,4235.0,4247.83,341855.968
2025-08-21 13:00:00+00:00,4247.83,4293.6,4239.71,4260.01,340417.055
2025-08-21 14:00:00+00:00,4260.01,4327.46,4251.25,4271.82,528001.243
2025-08-21 15:00:00+00:00,4271.82,4275.26,4224.5,4240.91,406235.747
2025-08-21 16:00:00+00:00,4240.91,4258.44,4213.0,4220.02,271846.568
2025-08-21 17:00:00+00:00,4220.02,4244.06,4206.0,4240.07,230893.208
2025-08-21 18:00:00+00:00,4240.07,4267.28,4231.66,4259.12,150357.332
2025-08-21 19:00:00+00:00,4259.11,4273.17,4215.56,4222.03,203551.981
2025-08-21 20:00:00+00:00,4222.02,4260.0,4202.0,4240.62,174315.76
2025-08-21 21:00:00+00:00,4240.62,4255.66,4209.67,4241.99,161528.636
2025-08-21 22:00:00+00:00,4242.0,4258.85,4235.27,4251.41,66676.763
2025-08-21 23:00:00+00:00,4251.4,4252.0,4207.52,4223.7,119679.219
2025-08-22 00:00:00+00:00,4223.69,4254.84,4222.1,4244.3,126084.681
2025-08-22 01:00:00+00:00,4244.29,4264.87,4220.08,4255.57,141602.86
2025-08-22 02:00:00+00:00,4255.57,4313.51,4248.91,4289.03,275045.907
2025-08-22 03:00:00+00:00,4289.04,4298.93,4263.0,4276.98,143458.667
2025-08-22 04:00:00+00:00,4276.98,4306.0,4272.01,4279.42,163677.99
2025-08-22 05:00:00+00:00,4279.41,4291.77,4270.37,4289.06,93424.166
2025-08-22 06:00:00+00:00,4289.06,4318.44,4278.11,4293.01,213480.601
2025-08-22 07:00:00+00:00,4293.0,4344.0,4289.62,4325.99,291277.334
2025-08-22 08:00:00+00:00,4326.0,4352.97,4325.0,4327.73,207469.55
2025-08-22 09:00:00+00:00,4327.73,4330.84,4302.96,4326.69,237246.706
2025-08-22 10:00:00+00:00,4326.68,4327.85,4286.28,4294.64,172012.201
2025-08-22 11:00:00+00:00,4294.64,4298.02,4271.1,4272.72,201777.139
2025-08-22 12:00:00+00:00,4272.71,4276.29,4206.0,4243.33,649981.229
2025-08-22 13:00:00+00:00,4243.34,4319.98,4231.5,4288.38,581684.657
2025-08-22 14:00:00+00:00,4288.37,4644.92,4287.35,4611.8,3171582.326
2025-08-22 15:00:00+00:00,4611.79,4666.0,4611.13,4613.93,711719.915
2025-08-22 16:00:00+00:00,4613.93,4781.27,4613.93,4744.88,1192100.067
2025-08-22 17:00:00+00:00,4744.87,4848.55,4744.75,4798.28,1111181.561
2025-08-22 18:00:00+00:00,4798.29,4805.32,4751.18,4788.53,572043.355
2025-08-22 19:00:00+00:00,4788.54,4858.0,4782.02,4832.06,420778.988
2025-08-22 20:00:00+00:00,4832.06,4868.0,4811.67,4848.22,336091.671
2025-08-22 21:00:00+00:00,4848.21,4888.49,4836.26,4850.85,501654.886
2025-08-22 22:00:00+00:00,4850.85,4854.98,4795.32,4809.88,323594.649
2025-08-22 23:00:00+00:00,4809.87,4846.4,4807.6,4830.37,145312.527
2025-08-23 00:00:00+00:00,4830.36,4830.37,4802.0,4807.04,178636.27
2025-08-23 01:00:00+00:00,4807.05,4816.35,4756.02,4779.49,299271.764
2025-08-23 02:00:00+00:00,4779.5,4791.42,4662.25,4713.98,639532.807
2025-08-23 03:00:00+00:00,4713.98,4722.55,4674.4,4694.47,252298.281
2025-08-23 04:00:00+00:00,4694.46,4746.29,4693.62,4745.3,243150.213
2025-08-23 05:00:00+00:00,4745.3,4765.05,4726.67,4749.87,177875.027
2025-08-23 06:00:00+00:00,4749.87,4761.69,4732.8,4744.15,125863.789
2025-08-23 07:00:00+00:00,4744.15,4749.99,4706.42,4712.85,167114.376
2025-08-23 08:00:00+00:00,4712.86,4729.95,4696.1,4717.77,155300.299
2025-08-23 09:00:00+00:00,4717.76,4742.02,4705.8,4737.17,127899.461
2025-08-23 10:00:00+00:00,4737.17,4744.97,4710.0,4711.55,119463.593
2025-08-23 11:00:00+00:00,4711.54,4729.2,4688.95,4703.6,129208.952
2025-08-23 12:00:00+00:00,4703.61,4733.85,4691.36,4713.5,170185.173
2025-08-23 13:00:00+00:00,4713.51,4733.89,4705.99,4717.02,150683.932
2025-08-23 14:00:00+00:00,4717.02,4756.22,4714.17,4724.75,262808.525
2025-08-23 15:00:00+00:00,4724.76,4769.0,4719.53,4749.17,166904.806
2025-08-23 16:00:00+00:00,4749.17,4760.45,4741.26,4741.27,119878.695
2025-08-23 17:00:00+00:00,4741.26,4750.61,4725.31,4748.01,87926.53
2025-08-23 18:00:00+00:00,4748.01,4758.37,4742.34,4752.36,47130.168
2025-08-23 19:00:00+00:00,4752.35,4759.94,4746.7,4756.75,43450.494
2025-08-23 20:00:00+00:00,4756.76,4758.0,4740.63,4750.22,39836.337
2025-08-23 21:00:00+00:00,4750.22,4751.81,4736.0,4748.6,45114.139
2025-08-23 22:00:00+00:00,4748.59,4786.08,4748.53,4780.73,100172.413
2025-08-23 23:00:00+00:00,4780.72,4797.24,4766.13,4777.26,147573.617
2025-08-24 00:00:00+00:00,4777.25,4816.55,4773.19,4796.8,150229.805
2025-08-24 01:00:00+00:00,4796.8,4797.79,4757.0,4774.98,169861.756
2025-08-24 02:00:00+00:00,4774.98,4789.83,4770.17,4774.67,78831.713
2025-08-24 03:00:00+00:00,4774.67,4795.96,4752.13,4787.76,126587.265
2025-08-24 04:00:00+00:00,4787.76,4799.53,4776.1,4792.0,87732.263
2025-08-24 05:00:00+00:00,4792.0,4793.0,4778.01,4782.23,68387.992
2025-08-24 06:00:00+00:00,4782.23,4785.94,4755.4,4759.37,119310.311
2025-08-24 07:00:00+00:00,4759.38,4783.44,4756.78,4757.66,87504.702
2025-08-24 08:00:00+00:00,4757.66,4778.0,4743.38,4775.52,138264.812
2025-08-24 09:00:00+00:00,4775.51,4785.71,4760.0,4770.67,100065.065
2025-08-24 10:00:00+00:00,4770.67,4773.76,4733.0,4738.5,209094.453
2025-08-24 11:00:00+00:00,4738.51,4749.46,4717.68,4745.95,158917.181
2025-08-24 12:00:00+00:00,4745.95,4756.21,4736.85,4753.41,97590.416
2025-08-24 13:00:00+00:00,4753.4,4779.0,4752.05,4767.11,150860.919
2025-08-24 14:00:00+00:00,4767.1,4799.0,4757.59,4792.92,197831.385
2025-08-24 15:00:00+00:00,4792.91,4829.66,4783.0,4796.28,322325.841
2025-08-24 16:00:00+00:00,4796.28,4836.99,4792.77,4819.77,232327.836
2025-08-24 17:00:00+00:00,4819.77,4935.98,4818.92,4903.27,618185.247
2025-08-24 18:00:00+00:00,4903.28,4957.67,4894.81,4932.84,456782.029
2025-08-24 19:00:00+00:00,4932.85,4956.72,4740.72,4811.25,1281652.419
2025-08-24 20:00:00+00:00,4811.25,4814.33,4702.47,4784.63,781107.415
2025-08-24 21:00:00+00:00,4784.64,4823.0,4751.12,4782.93,276783.245
2025-08-24 22:00:00+00:00,4782.94,4790.61,4721.0,4779.34,290678.24
2025-08-24 23:00:00+00:00,4779.35,4803.21,4770.78,4778.32,160483.541
2025-08-25 00:00:00+00:00,4778.33,4796.8,4667.24,4699.0,487846.893
2025-08-25 01:00:00+00:00,4699.0,4744.95,4698.04,4729.99,220644.99
2025-08-25 02:00:00+00:00,4729.98,4774.0,4725.22,4762.33,186119.939
2025-08-25 03:00:00+00:00,4762.34,4772.74,4718.79,4725.46,178363.221
2025-08-25 04:00:00+00:00,4725.46,4737.74,4691.1,4716.66,194429.535
2025-08-25 05:00:00+00:00,4716.66,4729.0,4700.06,4703.47,131595.764
2025-08-25 06:00:00+00:00,4703.48,4706.9,4615.1,4629.11,504998.147
2025-08-25 07:00:00+00:00,4629.11,4651.08,4580.82,4589.6,442456.148
2025-08-25 08:00:00+00:00,4589.6,4613.64,4555.0,4597.74,422678.543
2025-08-25 09:00:00+00:00,4597.74,4612.95,4568.07,4611.14,262057.456
2025-08-25 10:00:00+00:00,4611.13,4611.14,4518.0,4542.72,518039.482
2025-08-25 11:00:00+00:00,4542.72,4599.0,4542.0,4598.0,282489.703
2025-08-25 12:00:00+00:00,4597.99,4644.99,4583.27,4644.83,370968.51
2025-08-25 13:00:00+00:00,4644.84,4661.39,4590.52,4627.81,608788.545
2025-08-25 14:00:00+00:00,4627.81,4683.26,4617.23,4657.57,434246.882
2025-08-25 15:00:00+00:00,4657.57,4667.38,4603.76,4610.31,285707.741
2025-08-25 16:00:00+00:00,4610.31,4644.71,4590.02,4593.78,295559.591
2025-08-25 17:00:00+00:00,4593.78,4598.91,4562.42,4585.23,297808.827
2025-08-25 18:00:00+00:00,4585.22,4595.51,4568.85,4572.93,156887.132
2025-08-25 19:00:00+00:00,4572.94,4576.32,4413.03,4418.75,884736.891
2025-08-25 20:00:00+00:00,4418.77,4444.2,4331.15,4349.1,1068342.795
2025-08-25 21:00:00+00:00,4349.1,4385.23,4336.9,4348.11,379955.681
2025-08-25 22:00:00+00:00,4348.11,4414.78,4348.11,4390.31,271634.932
2025-08-25 23:00:00+00:00,4390.3,4390.3,4351.9,4374.25,218119.577
2025-08-26 00:00:00+00:00,4374.25,4393.18,4318.01,4329.79,462200.098
2025-08-26 01:00:00+00:00,4329.79,4421.29,4310.0,4418.83,392628.067
2025-08-26 02:00:00+00:00,4418.83,4449.55,4386.64,4394.51,311354.884
2025-08-26 03:00:00+00:00,4394.5,4406.26,4372.0,4400.5,187911.834
2025-08-26 04:00:00+00:00,4400.52,4440.51,4400.52,4432.33,187493.624
2025-08-26 05:00:00+00:00,4432.33,4446.47,4419.2,4428.18,119767.815
2025-08-26 06:00:00+00:00,4428.18,4440.0,4403.71,4412.37,175383.837
2025-08-26 07:00:00+00:00,4412.32,4453.78,4391.61,4427.16,270125.655
2025-08-26 08:00:00+00:00,4427.15,4444.57,4403.0,4418.0,159530.709
2025-08-26 09:00:00+00:00,4418.01,4439.99,4406.0,4417.85,128048.914
2025-08-26 10:00:00+00:00,4417.85,4448.69,4416.02,4438.98,136072.893
2025-08-26 11:00:00+00:00,4438.98,4465.0,4405.85,4425.57,224895.934
2025-08-26 12:00:00+00:00,4425.57,4535.56,4403.01,4494.85,794196.027
2025-08-26 13:00:00+00:00,4494.86,4518.0,4433.83,4478.42,605024.383
2025-08-26 14:00:00+00:00,4478.43,4558.39,4450.08,4550.31,480789.505
2025-08-26 15:00:00+00:00,4550.31,4576.31,4501.09,4516.17,505352.753
2025-08-26 16:00:00+00:00,4516.16,4554.14,4494.19,4552.0,282051.471
2025-08-26 17:00:00+00:00,4552.01,4557.03,4502.0,4519.28,253073.26
2025-08-26 18:00:00+00:00,4519.29,4562.78,4518.72,4545.61,176169.711
2025-08-26 19:00:00+00:00,4545.6,4595.73,4524.59,4593.84,280952.044
2025-08-26 20:00:00+00:00,4593.82,4609.79,4567.0,4582.68,230692.455
2025-08-26 21:00:00+00:00,4582.67,4606.35,4559.5,4602.88,137128.407
2025-08-26 22:00:00+00:00,4602.88,4607.98,4575.35,4599.26,115133.075
2025-08-26 23:00:00+00:00,4599.26,4632.92,4587.61,4598.49,217146.36
2025-08-27 00:00:00+00:00,4598.5,4600.0,4562.16,4568.52,159468.853
2025-08-27 01:00:00+00:00,4568.53,4572.88,4538.0,4560.81,193762.693
2025-08-27 02:00:00+00:00,4560.82,4587.56,4544.32,4575.39,154707.777
2025-08-27 03:00:00+00:00,4575.39,4625.0,4544.24,4601.07,251027.805
2025-08-27 04:00:00+00:00,4601.08,4641.77,4595.39,4626.8,238020.971
2025-08-27 05:00:00+00:00,4626.8,4643.93,4607.74,4612.01,158759.354
2025-08-27 06:00:00+00:00,4612.01,4612.47,4581.05,4584.77,179726.75
2025-08-27 07:00:00+00:00,4584.77,4590.23,4557.06,4578.59,199508.004
2025-08-27 08:00:00+00:00,4578.59,4595.26,4553.0,4592.82,177902.701
2025-08-27 09:00:00+00:00,4592.82,4618.76,4583.91,4586.04,224182.941
2025-08-27 10:00:00+00:00,4586.05,4611.81,4567.09,4579.21,154912.554
2025-08-27 11:00:00+00:00,4579.21,4612.93,4579.21,4606.37,94848.32
2025-08-27 12:00:00+00:00,4606.37,4623.33,4576.01,4613.27,238007.9
2025-08-27 13:00:00+00:00,4613.26,4657.8,4572.9,4593.0,520154.917
2025-08-27 14:00:00+00:00,4593.0,4662.5,4581.0,4611.18,470208.46
2025-08-27 15:00:00+00:00,4611.19,4658.0,4605.52,4655.31,266276.336
2025-08-27 16:00:00+00:00,4655.31,4655.92,4603.26,4628.43,264189.257
2025-08-27 17:00:00+00:00,4628.43,4645.0,4607.6,4629.58,128358.72
2025-08-27 18:00:00+00:00,4629.58,4641.95,4586.0,4589.25,151022.711
2025-08-27 19:00:00+00:00,4589.26,4597.96,4530.01,4563.23,366434.688
2025-08-27 20:00:00+00:00,4563.23,4612.85,4506.35,4592.87,565198.015
2025-08-27 21:00:00+00:00,4592.86,4594.77,4511.68,4525.65,202857.864
2025-08-27 22:00:00+00:00,4525.64,4535.49,4479.01,4521.81,253159.596
2025-08-27 23:00:00+00:00,4521.81,4537.86,4488.04,4504.84,153921.527
2025-08-28 00:00:00+00:00,4504.86,4520.0,4465.0,4492.0,246765.807
2025-08-28 01:00:00+00:00,4492.0,4521.4,4491.8,4514.22,125659.812
2025-08-28 02:00:00+00:00,4514.22,4525.93,4504.83,4510.02,82322.84
2025-08-28 03:00:00+00:00,4510.03,4547.11,4504.25,4539.38,141180.638
2025-08-28 04:00:00+00:00,4539.39,4578.35,4532.28,4568.9,178731.313
2025-08-28 05:00:00+00:00,4568.89,4585.99,4551.0,4568.13,158857.982
2025-08-28 06:00:00+00:00,4568.13,4584.82,4552.68,4581.68,103532.132
2025-08-28 07:00:00+00:00,4581.68,4600.0,4563.53,4594.81,137657.937
2025-08-28 08:00:00+00:00,4594.81,4633.12,4592.12,4602.73,262970.642
2025-08-28 09:00:00+00:00,4602.72,4603.46,4580.0,4584.79,117498.621
2025-08-28 10:00:00+00:00,4584.8,4611.0,4580.0,4608.55,120822.239
2025-08-28 11:00:00+00:00,4608.56,4608.76,4581.45,4592.72,90887.541
2025-08-28 12:00:00+00:00,4592.72,4612.31,4572.64,4597.41,209925.515
2025-08-28 13:00:00+00:00,4597.4,4612.93,4560.42,4572.84,263912.226
2025-08-28 14:00:00+00:00,4572.85,4589.99,4541.01,4565.29,299260.228
2025-08-28 15:00:00+00:00,4565.29,4571.81,4482.01,4502.04,449892.354
2025-08-28 16:00:00+00:00,4502.04,4528.77,4456.01,4463.14,319291.264
2025-08-28 17:00:00+00:00,4463.14,4495.98,4461.05,4488.01,256364.52
2025-08-28 18:00:00+00:00,4488.0,4506.39,4471.7,4478.91,156881.396
2025-08-28 19:00:00+00:00,4478.9,4491.08,4432.5,4436.18,237411.053
2025-08-28 20:00:00+00:00,4436.18,4468.78,4425.0,4457.33,183155.811
2025-08-28 21:00:00+00:00,4457.33,4490.0,4455.35,4486.03,90950.767
2025-08-28 22:00:00+00:00,4486.02,4513.71,4486.02,4504.22,106677.836
2025-08-28 23:00:00+00:00,4504.21,4512.88,4491.01,4509.1,85827.445
2025-08-29 00:00:00+00:00,4509.1,4514.66,4467.14,4480.1,139571.78
2025-08-29 01:00:00+00:00,4480.11,4489.01,4432.09,4454.39,235667.962
2025-08-29 02:00:00+00:00,4454.4,4493.15,4448.16,4478.54,138063.292
2025-08-29 03:00:00+00:00,4478.54,4502.94,4465.2,4487.57,116895.311
2025-08-29 04:00:00+00:00,4487.56,4495.7,4467.59,4475.35,76292.321
2025-08-29 05:00:00+00:00,4475.35,4482.19,4460.42,4478.04,83743.256
2025-08-29 06:00:00+00:00,4478.03,4485.56,4435.0,4454.11,132693.781
2025-08-29 07:00:00+00:00,4454.12,4454.12,4365.1,4379.03,531831.684
2025-08-29 08:00:00+00:00,4379.03,4396.55,4326.53,4332.51,383225.336
2025-08-29 09:00:00+00:00,4332.51,4342.97,4316.2,4335.38,299209.442
2025-08-29 10:00:00+00:00,4335.38,4359.9,4331.7,4344.51,202311.352
2025-08-29 11:00:00+00:00,4344.51,4356.93,4331.32,4344.43,123622.094
2025-08-29 12:00:00+00:00,4344.43,4456.24,4344.43,4405.29,619564.899
2025-08-29 13:00:00+00:00,4405.29,4410.9,4312.59,4329.67,529691.715
2025-08-29 14:00:00+00:00,4329.67,4354.91,4264.29,4280.53,842875.274
2025-08-29 15:00:00+00:00,4280.53,4347.03,4279.96,4313.87,417087.642
2025-08-29 16:00:00+00:00,4313.88,4353.1,4293.6,4334.02,280184.118
2025-08-29 17:00:00+00:00,4334.01,4356.65,4312.22,4330.36,178840.167
2025-08-29 18:00:00+00:00,4330.36,4339.35,4304.14,4313.69,151911.127
2025-08-29 19:00:00+00:00,4313.69,4365.27,4304.42,4338.78,200719.839
2025-08-29 20:00:00+00:00,4338.79,4346.45,4310.73,4320.15,155150.772
2025-08-29 21:00:00+00:00,4320.16,4378.5,4302.9,4363.21,227836.582
2025-08-29 22:00:00+00:00,4363.21,4365.56,4343.15,4364.24,83390.183
2025-08-29 23:00:00+00:00,4364.24,4372.74,4355.64,4358.65,59274.182
2025-08-30 00:00:00+00:00,4358.65,4361.07,4327.13,4341.37,130612.954
2025-08-30 01:00:00+00:00,4341.38,4347.15,4255.0,4262.93,323330.653
2025-08-30 02:00:00+00:00,4262.93,4314.92,4254.97,4302.49,278977.531
2025-08-30 03:00:00+00:00,4302.49,4381.97,4301.43,4350.85,286569.525
2025-08-30 04:00:00+00:00,4350.86,4366.68,4348.56,4350.85,79242.13
2025-08-30 05:00:00+00:00,4350.84,4401.26,4345.07,4377.71,214897.74
2025-08-30 06:00:00+00:00,4377.71,4402.65,4372.0,4394.15,131261.342
2025-08-30 07:00:00+00:00,4394.16,4414.45,4386.73,4399.8,126026.431
2025-08-30 08:00:00+00:00,4399.8,4404.75,4383.01,4393.34,100049.412
2025-08-30 09:00:00+00:00,4393.33,4395.55,4376.24,4389.75,75711.791
2025-08-30 10:00:00+00:00,4389.75,4406.03,4382.3,4390.62,75036.766
2025-08-30 11:00:00+00:00,4390.62,4400.26,4381.35,4389.93,52837.219
2025-08-30 12:00:00+00:00,4389.93,4391.87,4346.22,4365.68,174773.055
2025-08-30 13:00:00+00:00,4365.68,4365.69,4329.45,4356.57,209034.626
2025-08-30 14:00:00+00:00,4356.57,4367.92,4336.25,4361.49,107881.998
2025-08-30 15:00:00+00:00,4361.5,4381.36,4354.24,4373.71,110298.098
2025-08-30 16:00:00+00:00,4373.71,4373.71,4356.65,4359.99,70526.749
2025-08-30 17:00:00+00:00,4360.0,4371.5,4345.0,4360.01,74481.151
2025-08-30 18:00:00+00:00,4360.0,4364.92,4343.72,4348.47,62906.132
2025-08-30 19:00:00+00:00,4348.48,4353.19,4333.0,4352.33,58231.694
2025-08-30 20:00:00+00:00,4352.32,4352.8,4332.0,4342.0,47007.994
2025-08-30 21:00:00+00:00,4342.0,4353.8,4337.28,4344.98,36249.802
2025-08-30 22:00:00+00:00,4344.99,4358.37,4338.19,4356.2,36232.754
2025-08-30 23:00:00+00:00,4356.21,4376.6,4355.19,4372.0,80537.445
2025-08-31 00:00:00+00:00,4372.0,4469.0,4370.33,4465.37,329970.11
2025-08-31 01:00:00+00:00,4465.39,4468.0,4433.21,4454.36,172069.964
2025-08-31 02:00:00+00:00,4454.35,4460.97,4443.92,4448.21,68668.537
2025-08-31 03:00:00+00:00,4448.2,4488.36,4447.25,4485.72,188106.241
2025-08-31 04:00:00+00:00,4485.75,4489.85,4456.25,4463.01,143663.904
2025-08-31 05:00:00+00:00,4463.02,4463.02,4446.36,4457.49,93299.096
2025-08-31 06:00:00+00:00,4457.5,4459.64,4431.08,4432.77,111821.466
2025-08-31 07:00:00+00:00,4432.77,4456.71,4431.2,4448.77,75628.044
2025-08-31 08:00:00+00:00,4448.77,4471.77,4448.77,4469.57,99879.986
2025-08-31 09:00:00+00:00,4469.58,4478.93,4457.62,4462.31,116621.86
2025-08-31 10:00:00+00:00,4462.31,4468.5,4446.52,4453.36,111615.646
2025-08-31 11:00:00+00:00,4453.37,4482.46,4438.0,4474.53,136423.066
2025-08-31 12:00:00+00:00,4474.54,4498.0,4461.5,4487.64,130158.505
2025-08-31 13:00:00+00:00,4487.64,4497.13,4462.5,4468.81,157061.845
2025-08-31 14:00:00+00:00,4468.8,4472.36,4448.0,4457.0,122994.774
2025-08-31 15:00:00+00:00,4457.0,4488.96,4455.29,4482.47,149858.781
2025-08-31 16:00:00+00:00,4482.48,4485.01,4457.75,4468.78,124563.266
2025-08-31 17:00:00+00:00,4468.79,4486.16,4466.11,4474.82,77478.048
2025-08-31 18:00:00+00:00,4474.85,4489.0,4470.43,4487.21,57596.557
2025-08-31 19:00:00+00:00,4487.2,4488.13,4451.42,4453.25,86764.054
2025-08-31 20:00:00+00:00,4453.24,4460.0,4441.7,4452.86,85998.054
2025-08-31 21:00:00+00:00,4452.86,4475.91,4447.61,4468.01,53759.488
2025-08-31 22:00:00+00:00,4468.01,4471.88,4431.24,4442.72,139144.478
2025-08-31 23:00:00+00:00,4442.72,4442.73,4374.66,4389.58,322881.764
2025-09-01 00:00:00+00:00,4389.58,4409.06,4356.61,4393.82,282838.755
2025-09-01 01:00:00+00:00,4393.82,4429.91,4380.99,4414.5,194394.933
2025-09-01 02:00:00+00:00,4414.51,4417.69,4364.27,4385.0,216403.304
2025-09-01 03:00:00+00:00,4385.0,4406.84,4369.11,4401.34,167800.062
2025-09-01 04:00:00+00:00,4401.35,4409.75,4370.37,4383.8,136355.363
2025-09-01 05:00:00+00:00,4383.8,4404.78,4356.79,4392.33,165717.005
2025-09-01 06:00:00+00:00,4392.33,4407.14,4372.24,4395.32,105962.693
2025-09-01 07:00:00+00:00,4395.31,4462.47,4378.11,4461.11,333148.214
2025-09-01 08:00:00+00:00,4461.1,4490.0,4460.71,4474.08,326904.908
2025-09-01 09:00:00+00:00,4474.06,4480.9,4436.0,4439.16,179655.729
2025-09-01 10:00:00+00:00,4439.16,4443.0,4387.12,4406.39,304161.988
2025-09-01 11:00:00+00:00,4406.4,4413.92,4380.01,4390.87,167279.337
2025-09-01 12:00:00+00:00,4390.88,4410.82,4382.1,4401.25,129719.69
2025-09-01 13:00:00+00:00,4401.26,4422.17,4370.01,4383.72,230609.028
2025-09-01 14:00:00+00:00,4383.72,4401.0,4377.85,4394.4,127898.458
2025-09-01 15:00:00+00:00,4394.4,4403.91,4342.03,4359.69,284988.558
2025-09-01 16:00:00+00:00,4359.68,4369.78,4344.44,4353.31,138570.34
2025-09-01 17:00:00+00:00,4353.3,4356.6,4307.25,4320.55,310661.779
2025-09-01 18:00:00+00:00,4320.54,4347.85,4320.15,4345.09,123597.019
2025-09-01 19:00:00+00:00,4345.09,4367.81,4340.94,4366.18,111023.907
2025-09-01 20:00:00+00:00,4366.17,4366.56,4258.6,4286.01,514263.605
2025-09-01 21:00:00+00:00,4286.0,4288.22,4205.49,4259.22,481303.921
2025-09-01 22:00:00+00:00,4259.23,4299.45,4249.45,4282.53,249696.048
2025-09-01 23:00:00+00:00,4282.53,4317.75,4280.65,4313.0,164539.239
2025-09-02 00:00:00+00:00,4313.0,4317.75,4289.12,4302.31,132870.905
2025-09-02 01:00:00+00:00,4302.31,4339.57,4291.37,4321.45,174540.878
2025-09-02 02:00:00+00:00,4321.45,4362.96,4313.44,4358.86,156919.546
2025-09-02 03:00:00+00:00,4358.86,4393.96,4350.69,4365.22,234963.879
2025-09-02 04:00:00+00:00,4365.23,4386.9,4358.97,4385.63,91862.502
2025-09-02 05:00:00+00:00,4385.62,4387.5,4367.45,4382.64,83902.642
2025-09-02 06:00:00+00:00,4382.63,4414.73,4379.6,4410.38,172881.962
2025-09-02 07:00:00+00:00,4410.38,4411.96,4366.1,4375.44,214023.385
2025-09-02 08:00:00+00:00,4375.44,4407.06,4366.79,4389.99,153641.367
2025-09-02 09:00:00+00:00,4389.99,4406.22,4384.0,4398.23,92735.934
2025-09-02 10:00:00+00:00,4398.24,4399.51,4375.95,4389.95,77132.411
2025-09-02 11:00:00+00:00,4389.96,4390.95,4339.31,4346.05,187582.644
2025-09-02 12:00:00+00:00,4346.05,4351.42,4268.87,4275.34,458294.972
2025-09-02 13:00:00+00:00,4275.33,4391.65,4272.65,4376.47,686223.62
2025-09-02 14:00:00+00:00,4376.46,4395.2,4331.23,4346.01,452418.248
2025-09-02 15:00:00+00:00,4346.01,4351.7,4281.82,4293.12,367159.383
2025-09-02 16:00:00+00:00,4293.12,4308.76,4275.03,4294.18,231518.303
2025-09-02 17:00:00+00:00,4294.18,4329.96,4285.19,4317.18,210226.143
2025-09-02 18:00:00+00:00,4317.19,4320.91,4264.0,4294.58,282449.55
2025-09-02 19:00:00+00:00,4294.58,4312.52,4254.33,4272.47,204967.867
2025-09-02 20:00:00+00:00,4272.47,4326.53,4264.03,4311.05,200213.218
2025-09-02 21:00:00+00:00,4311.05,4333.63,4302.5,4326.8,100232.592
2025-09-02 22:00:00+00:00,4326.84,4331.34,4307.09,4327.1,91956.596
2025-09-02 23:00:00+00:00,4327.11,4336.08,4311.97,4324.59,63888.947
2025-09-03 00:00:00+00:00,4324.58,4330.95,4302.0,4308.03,113155.124
2025-09-03 01:00:00+00:00,4308.02,4324.17,4281.0,4323.41,142030.114
2025-09-03 02:00:00+00:00,4323.4,4354.0,4310.21,4336.34,203849.528
2025-09-03 03:00:00+00:00,4336.34,4341.83,4317.3,4332.55,87899.155
2025-09-03 04:00:00+00:00,4332.55,4340.9,4310.95,4338.0,84189.11
2025-09-03 05:00:00+00:00,4338.0,4339.2,4311.0,4312.99,84447.213
2025-09-03 06:00:00+00:00,4313.0,4319.01,4288.56,4305.69,178737.45
2025-09-03 07:00:00+00:00,4305.7,4313.82,4285.0,4307.83,117185.548
2025-09-03 08:00:00+00:00,4307.84,4331.98,4305.59,4316.14,113639.125
2025-09-03 09:00:00+00:00,4316.15,4351.54,4300.31,4349.92,151729.536
2025-09-03 10:00:00+00:00,4349.92,4375.88,4342.17,4369.61,204595.779
2025-09-03 11:00:00+00:00,4369.61,4383.93,4363.78,4369.58,142011.065
2025-09-03 12:00:00+00:00,4369.58,4377.59,4339.56,4352.2,181851.997
2025-09-03 13:00:00+00:00,4352.2,4438.94,4348.67,4417.45,494931.101
2025-09-03 14:00:00+00:00,4417.44,4478.99,4413.13,4464.75,504024.337
2025-09-03 15:00:00+00:00,4464.75,4484.26,4452.19,4477.0,237062.417
2025-09-03 16:00:00+00:00,4476.99,4481.3,4452.08,4464.26,197440.977
2025-09-03 17:00:00+00:00,4464.25,4488.36,4461.8,4469.84,186277.27
2025-09-03 18:00:00+00:00,4469.85,4477.19,4455.5,4466.92,101974.431
2025-09-03 19:00:00+00:00,4466.92,4476.35,4456.03,4472.82,73625.615
2025-09-03 20:00:00+00:00,4472.83,4477.72,4461.05,4462.44,50556.043
2025-09-03 21:00:00+00:00,4462.45,4471.0,4437.1,4458.38,91194.574
2025-09-03 22:00:00+00:00,4458.38,4480.0,4456.4,4467.63,61446.192
2025-09-03 23:00:00+00:00,4467.63,4470.0,4442.14,4448.22,76537.46
2025-09-04 00:00:00+00:00,4448.22,4480.99,4443.86,4466.52,119284.353
2025-09-04 01:00:00+00:00,4466.52,4476.79,4447.33,4466.36,93450.905
2025-09-04 02:00:00+00:00,4466.37,4468.97,4418.11,4419.8,193003.418
2025-09-04 03:00:00+00:00,4419.81,4427.69,4386.72,4396.12,328559.409
2025-09-04 04:00:00+00:00,4396.12,4413.22,4385.45,4389.86,173839.413
2025-09-04 05:00:00+00:00,4389.86,4389.86,4360.21,4372.81,246024.978
2025-09-04 06:00:00+00:00,4372.81,4380.77,4353.36,4363.01,153716.053
2025-09-04 07:00:00+00:00,4363.0,4381.44,4360.4,4368.8,112368.062
2025-09-04 08:00:00+00:00,4368.8,4389.73,4362.13,4366.82,144764.05
2025-09-04 09:00:00+00:00,4366.83,4393.44,4366.83,4393.28,80918.723
2025-09-04 10:00:00+00:00,4393.28,4432.0,4390.0,4405.14,232701.472
2025-09-04 11:00:00+00:00,4405.15,4430.0,4390.01,4404.4,171414.002
2025-09-04 12:00:00+00:00,4404.4,4426.86,4380.82,4414.37,291546.55
2025-09-04 13:00:00+00:00,4414.36,4417.67,4364.14,4375.99,295194.264
2025-09-04 14:00:00+00:00,4375.99,4380.66,4326.0,4339.68,525959.526
2025-09-04 15:00:00+00:00,4339.69,4344.55,4291.0,4302.61,441048.791
2025-09-04 16:00:00+00:00,4302.62,4317.77,4283.33,4294.64,258412.588
2025-09-04 17:00:00+00:00,4294.64,4320.99,4293.47,4303.02,128039.742
2025-09-04 18:00:00+00:00,4303.02,4316.0,4268.0,4271.51,269802.943
2025-09-04 19:00:00+00:00,4271.52,4285.96,4263.0,4273.83,146265.462
2025-09-04 20:00:00+00:00,4273.83,4307.83,4270.41,4303.07,125017.98
2025-09-04 21:00:00+00:00,4303.08,4325.0,4300.0,4316.37,71047.594
2025-09-04 22:00:00+00:00,4316.38,4351.23,4313.73,4339.52,143290.784
2025-09-04 23:00:00+00:00,4339.52,4348.98,4293.73,4295.68,148445.624
2025-09-05 00:00:00+00:00,4295.68,4311.75,4287.16,4298.88,134843.162
2025-09-05 01:00:00+00:00,4298.89,4331.15,4295.74,4323.76,94022.997
2025-09-05 02:00:00+00:00,4323.76,4333.43,4295.65,4321.58,132250.237
2025-09-05 03:00:00+00:00,4321.59,4330.0,4295.0,4326.5,122943.693
2025-09-05 04:00:00+00:00,4326.51,4332.77,4314.05,4328.01,62558.582
2025-09-05 05:00:00+00:00,4328.01,4340.71,4324.84,4336.23,84515.156
2025-09-05 06:00:00+00:00,4336.22,4339.51,4320.09,4330.49,85010.973
2025-09-05 07:00:00+00:00,4330.49,4426.77,4329.79,4415.0,523479.72
2025-09-05 08:00:00+00:00,4415.0,4418.79,4385.0,4404.41,287562.334
2025-09-05 09:00:00+00:00,4404.41,4407.71,4370.5,4395.65,219718.703
2025-09-05 10:00:00+00:00,4395.66,4421.2,4393.22,4408.31,160681.25
2025-09-05 11:00:00+00:00,4408.32,4425.0,4404.69,4415.57,149876.076
2025-09-05 12:00:00+00:00,4415.56,4494.45,4405.0,4469.39,909584.948
2025-09-05 13:00:00+00:00,4469.39,4478.51,4432.09,4441.23,405941.096
2025-09-05 14:00:00+00:00,4441.22,4441.22,4261.1,4271.0,1430004.547
2025-09-05 15:00:00+00:00,4270.99,4302.51,4252.47,4280.44,468448.763
2025-09-05 16:00:00+00:00,4280.45,4301.55,4271.41,4294.88,174489.118
2025-09-05 17:00:00+00:00,4294.89,4296.0,4270.0,4287.31,128916.037
2025-09-05 18:00:00+00:00,4287.32,4315.0,4281.1,4310.39,155280.785
2025-09-05 19:00:00+00:00,4310.4,4329.53,4303.75,4328.97,154498.173
2025-09-05 20:00:00+00:00,4328.96,4340.88,4319.01,4336.24,107324.23
2025-09-05 21:00:00+00:00,4336.24,4336.86,4285.0,4294.51,225575.429
2025-09-05 22:00:00+00:00,4294.52,4317.88,4292.83,4310.69,70412.062
2025-09-05 23:00:00+00:00,4310.7,4317.24,4302.16,4305.71,38419.414
2025-09-06 00:00:00+00:00,4305.71,4327.0,4300.67,4320.95,70874.488
2025-09-06 01:00:00+00:00,4320.94,4323.57,4310.5,4316.31,36147.785
2025-09-06 02:00:00+00:00,4316.32,4321.88,4302.32,4321.21,54322.844
2025-09-06 03:00:00+00:00,4321.22,4323.31,4314.6,4318.36,44624.545
2025-09-06 04:00:00+00:00,4318.36,4318.36,4301.1,4307.45,52132.16
2025-09-06 05:00:00+00:00,4307.46,4310.3,4288.4,4292.79,90042.66
2025-09-06 06:00:00+00:00,4292.8,4305.29,4290.99,4300.83,36170.376
2025-09-06 07:00:00+00:00,4300.84,4312.0,4298.02,4310.35,36737.784
2025-09-06 08:00:00+00:00,4310.35,4313.36,4303.0,4308.69,34139.101
2025-09-06 09:00:00+00:00,4308.68,4308.69,4289.21,4291.09,85538.972
2025-09-06 10:00:00+00:00,4291.09,4301.51,4283.55,4299.07,65580.148
2025-09-06 11:00:00+00:00,4299.07,4299.67,4288.44,4298.08,43092.847
2025-09-06 12:00:00+00:00,4298.08,4307.1,4290.33,4297.5,53617.905
2025-09-06 13:00:00+00:00,4297.5,4300.67,4285.0,4292.17,68775.251
2025-09-06 14:00:00+00:00,4292.16,4300.0,4290.01,4294.19,55892.316
2025-09-06 15:00:00+00:00,4294.19,4295.58,4260.11,4267.68,234350.235
2025-09-06 16:00:00+00:00,4267.69,4304.0,4220.0,4287.52,560295.933
2025-09-06 17:00:00+00:00,4287.52,4290.3,4264.69,4270.9,103378.087
2025-09-06 18:00:00+00:00,4270.89,4286.7,4267.04,4276.87,69185.092
2025-09-06 19:00:00+00:00,4276.87,4279.85,4249.32,4253.95,77328.653
2025-09-06 20:00:00+00:00,4253.95,4279.0,4251.5,4277.5,59996.694
2025-09-06 21:00:00+00:00,4277.49,4285.41,4266.42,4281.68,72129.25
2025-09-06 22:00:00+00:00,4281.68,4286.57,4268.47,4275.92,81469.446
2025-09-06 23:00:00+00:00,4275.93,4282.0,4266.22,4271.69,61732.195
2025-09-07 00:00:00+00:00,4271.68,4287.34,4269.0,4282.1,76506.2
2025-09-07 01:00:00+00:00,4282.1,4302.37,4280.92,4293.28,96214.087
2025-09-07 02:00:00+00:00,4293.27,4301.84,4286.87,4297.66,50727.327
2025-09-07 03:00:00+00:00,4297.66,4302.51,4290.64,4295.07,44183.304
2025-09-07 04:00:00+00:00,4295.08,4300.94,4290.98,4299.28,30457.198
2025-09-07 05:00:00+00:00,4299.28,4302.02,4290.12,4292.85,37714.313
2025-09-07 06:00:00+00:00,4292.85,4293.76,4280.99,4281.94,61344.838
2025-09-07 07:00:00+00:00,4281.94,4305.88,4276.78,4293.0,90856.123
2025-09-07 08:00:00+00:00,4293.0,4313.99,4292.76,4299.35,136176.216
2025-09-07 09:00:00+00:00,4299.34,4309.48,4290.0,4297.83,70730.433
2025-09-07 10:00:00+00:00,4297.83,4304.7,4295.0,4302.99,44745.906
2025-09-07 11:00:00+00:00,4303.0,4308.77,4301.02,4308.76,34230.994
2025-09-07 12:00:00+00:00,4308.77,4308.77,4292.0,4298.99,50563.989
2025-09-07 13:00:00+00:00,4299.0,4306.4,4286.52,4303.03,73636.143
2025-09-07 14:00:00+00:00,4303.03,4309.89,4294.8,4298.03,88733.268
2025-09-07 15:00:00+00:00,4298.03,4303.11,4294.16,4297.16,52999.975
2025-09-07 16:00:00+00:00,4297.17,4299.72,4280.67,4281.92,88703.025
2025-09-07 17:00:00+00:00,4281.93,4286.0,4270.01,4273.22,120876.976
2025-09-07 18:00:00+00:00,4273.22,4282.31,4267.44,4279.24,56771.593
2025-09-07 19:00:00+00:00,4279.24,4294.88,4274.51,4291.32,60108.345
2025-09-07 20:00:00+00:00,4291.31,4298.83,4279.02,4298.3,43628.983
2025-09-07 21:00:00+00:00,4298.3,4298.5,4285.0,4286.1,31645.034
2025-09-07 22:00:00+00:00,4286.1,4309.53,4284.89,4308.0,87184.332
2025-09-07 23:00:00+00:00,4308.01,4336.05,4295.19,4303.84,182731.95
2025-09-08 00:00:00+00:00,4303.83,4316.99,4290.0,4296.76,112380.405
2025-09-08 01:00:00+00:00,4296.76,4300.48,4280.0,4290.33,74534.454
2025-09-08 02:00:00+00:00,4290.32,4307.44,4276.21,4306.97,111788.582
2025-09-08 03:00:00+00:00,4306.97,4329.5,4301.92,4310.0,129096.697
2025-09-08 04:00:00+00:00,4310.0,4312.37,4293.05,4295.61,75062.933
2025-09-08 05:00:00+00:00,4295.61,4302.69,4287.1,4294.9,65242.616
2025-09-08 06:00:00+00:00,4294.89,4301.58,4287.0,4290.0,60056.327
2025-09-08 07:00:00+00:00,4290.0,4310.0,4284.77,4289.82,111530.245
2025-09-08 08:00:00+00:00,4289.82,4303.0,4285.78,4300.01,95520.007
2025-09-08 09:00:00+00:00,4300.01,4334.48,4295.24,4317.7,244387.237
2025-09-08 10:00:00+00:00,4317.7,4336.82,4313.34,4327.21,162261.563
2025-09-08 11:00:00+00:00,4327.21,4328.41,4297.36,4310.47,192674.852
2025-09-08 12:00:00+00:00,4310.46,4321.48,4303.61,4318.79,82241.442
2025-09-08 13:00:00+00:00,4318.8,4362.02,4313.0,4318.15,431875.107
2025-09-08 14:00:00+00:00,4318.14,4358.0,4312.22,4349.2,231987.848
2025-09-08 15:00:00+00:00,4349.19,4382.75,4342.56,4369.82,276403.598
2025-09-08 16:00:00+00:00,4369.82,4371.88,4332.33,4337.53,197943.475
2025-09-08 17:00:00+00:00,4337.53,4341.22,4297.52,4309.27,236048.369
2025-09-08 18:00:00+00:00,4309.26,4333.99,4307.71,4327.58,96957.481
2025-09-08 19:00:00+00:00,4327.58,4327.58,4282.0,4291.27,177178.549
2025-09-08 20:00:00+00:00,4291.28,4299.93,4280.22,4296.62,120941.181
2025-09-08 21:00:00+00:00,4296.62,4320.33,4292.53,4320.01,78570.295
2025-09-08 22:00:00+00:00,4320.01,4331.0,4305.62,4309.26,109605.035
2025-09-08 23:00:00+00:00,4309.26,4318.52,4294.36,4303.98,72122.317
2025-09-09 00:00:00+00:00,4303.97,4313.91,4286.77,4299.61,103992.404
2025-09-09 01:00:00+00:00,4299.6,4306.16,4280.0,4284.95,115193.86
2025-09-09 02:00:00+00:00,4284.96,4293.48,4275.0,4288.47,112106.135
2025-09-09 03:00:00+00:00,4288.47,4307.12,4286.05,4304.98,89383.038
2025-09-09 04:00:00+00:00,4304.99,4315.99,4301.33,4311.76,81048.202
2025-09-09 05:00:00+00:00,4311.77,4319.4,4300.03,4316.99,61224.389
2025-09-09 06:00:00+00:00,4317.0,4374.0,4313.2,4363.99,359956.565
2025-09-09 07:00:00+00:00,4363.99,4380.77,4345.0,4360.43,261708.702
2025-09-09 08:00:00+00:00,4360.42,4366.33,4341.72,4358.35,147384.385
2025-09-09 09:00:00+00:00,4358.34,4365.0,4350.79,4355.56,68691.722
2025-09-09 10:00:00+00:00,4355.57,4361.94,4340.0,4346.74,105173.347
2025-09-09 11:00:00+00:00,4346.75,4354.67,4342.53,4345.83,68329.924
2025-09-09 12:00:00+00:00,4345.83,4366.43,4326.47,4343.7,201583.692
2025-09-09 13:00:00+00:00,4343.69,4359.12,4320.9,4345.0,256142.13
2025-09-09 14:00:00+00:00,4344.99,4360.5,4283.0,4303.57,628583.144
2025-09-09 15:00:00+00:00,4303.57,4307.31,4275.0,4282.64,285005.659
2025-09-09 16:00:00+00:00,4282.64,4295.79,4276.0,4286.3,137608.581
2025-09-09 17:00:00+00:00,4286.31,4294.99,4278.0,4284.42,86455.605
2025-09-09 18:00:00+00:00,4284.41,4292.0,4278.83,4284.63,62918.709
2025-09-09 19:00:00+00:00,4284.63,4297.99,4283.22,4292.55,55020.776
2025-09-09 20:00:00+00:00,4292.55,4304.0,4279.0,4302.98,67482.744
2025-09-09 21:00:00+00:00,4302.98,4318.71,4292.41,4300.75,75526.043
2025-09-09 22:00:00+00:00,4300.76,4317.27,4297.0,4316.95,49328.542
2025-09-09 23:00:00+00:00,4316.94,4317.29,4300.99,4308.4,43711.317
2025-09-10 00:00:00+00:00,4308.41,4313.43,4283.0,4284.0,94728.577
2025-09-10 01:00:00+00:00,4284.01,4313.14,4283.63,4300.76,97008.077
2025-09-10 02:00:00+00:00,4300.75,4325.53,4300.75,4315.72,111404.476
2025-09-10 03:00:00+00:00,4315.72,4322.41,4304.83,4318.84,71313.38
2025-09-10 04:00:00+00:00,4318.83,4318.84,4306.02,4310.32,55389.022
2025-09-10 05:00:00+00:00,4310.33,4316.61,4292.66,4306.33,96654.906
2025-09-10 06:00:00+00:00,4306.32,4317.21,4295.39,4311.61,72235.207
2025-09-10 07:00:00+00:00,4311.61,4332.25,4310.0,4327.66,123336.857
2025-09-10 08:00:00+00:00,4327.67,4333.01,4321.32,4330.01,116131.539
2025-09-10 09:00:00+00:00,4330.0,4331.0,4305.57,4322.87,96852.879
2025-09-10 10:00:00+00:00,4322.87,4331.0,4314.42,4325.23,76803.137
2025-09-10 11:00:00+00:00,4325.23,4331.3,4320.13,4329.58,58820.943
2025-09-10 12:00:00+00:00,4329.58,4395.0,4328.0,4369.27,598659.388
2025-09-10 13:00:00+00:00,4369.27,4440.0,4355.41,4416.72,618542.17
2025-09-10 14:00:00+00:00,4416.73,4453.56,4396.03,4399.42,441111.086
2025-09-10 15:00:00+00:00,4399.42,4423.49,4394.02,4403.5,197677.529
2025-09-10 16:00:00+00:00,4403.49,4407.35,4358.33,4383.99,285861.358
2025-09-10 17:00:00+00:00,4383.99,4395.65,4339.56,4364.53,308107.674
2025-09-10 18:00:00+00:00,4364.52,4372.08,4324.61,4339.59,246679.051
2025-09-10 19:00:00+00:00,4339.59,4340.72,4297.01,4320.26,310994.945
2025-09-10 20:00:00+00:00,4320.26,4333.31,4318.33,4327.88,95743.353
2025-09-10 21:00:00+00:00,4327.89,4352.89,4326.31,4347.72,90558.936
2025-09-10 22:00:00+00:00,4347.73,4354.69,4335.09,4344.0,92384.707
2025-09-10 23:00:00+00:00,4343.99,4353.82,4336.59,4347.83,75224.277
2025-09-11 00:00:00+00:00,4347.83,4358.75,4336.8,4357.5,77180.531
2025-09-11 01:00:00+00:00,4357.49,4381.48,4352.53,4363.69,117085.541
2025-09-11 02:00:00+00:00,4363.69,4383.99,4360.0,4374.78,99156.485
2025-09-11 03:00:00+00:00,4374.78,4407.0,4370.81,4402.0,135752.889
2025-09-11 04:00:00+00:00,4402.01,4417.45,4393.66,4409.99,164696.12
2025-09-11 05:00:00+00:00,4409.99,4425.0,4396.72,4417.26,162120.784
2025-09-11 06:00:00+00:00,4417.27,4442.0,4405.0,4438.47,212930.09
2025-09-11 07:00:00+00:00,4438.47,4450.27,4424.59,4439.0,210836.546
2025-09-11 08:00:00+00:00,4439.0,4441.67,4426.0,4429.96,100057.277
2025-09-11 09:00:00+00:00,4429.97,4433.41,4404.77,4415.01,175011.163
2025-09-11 10:00:00+00:00,4415.02,4429.2,4413.35,4426.38,89465.911
2025-09-11 11:00:00+00:00,4426.38,4437.69,4421.24,4428.06,108154.927
2025-09-11 12:00:00+00:00,4428.06,4483.44,4328.88,4424.45,969558.067
2025-09-11 13:00:00+00:00,4424.44,4441.35,4381.11,4435.77,464508.475
2025-09-11 14:00:00+00:00,4435.78,4436.99,4394.01,4425.01,267634.197
2025-09-11 15:00:00+00:00,4425.02,4430.5,4398.24,4410.41,142695.671
2025-09-11 16:00:00+00:00,4410.4,4424.48,4405.0,4415.89,88797.031
2025-09-11 17:00:00+00:00,4415.88,4440.0,4411.57,4431.61,110451.579
2025-09-11 18:00:00+00:00,4431.62,4435.45,4406.25,4417.98,100560.952
2025-09-11 19:00:00+00:00,4417.99,4429.0,4411.0,4422.31,63386.065
2025-09-11 20:00:00+00:00,4422.36,4425.54,4413.16,4415.51,35843.619
2025-09-11 21:00:00+00:00,4415.51,4429.46,4413.52,4427.07,37018.421
2025-09-11 22:00:00+00:00,4427.07,4460.0,4422.22,4451.38,201569.66
2025-09-11 23:00:00+00:00,4451.37,4467.85,4449.22,4456.86,101358.636
2025-09-12 00:00:00+00:00,4456.87,4538.6,4448.35,4510.81,460569.663
2025-09-12 01:00:00+00:00,4510.82,4531.72,4492.17,4496.57,226374.036
2025-09-12 02:00:00+00:00,4496.57,4523.12,4494.44,4505.58,135206.965
2025-09-12 03:00:00+00:00,4505.59,4507.29,4486.05,4503.61,114785.182
2025-09-12 04:00:00+00:00,4503.61,4523.0,4498.08,4519.25,105982.701
2025-09-12 05:00:00+00:00,4519.25,4557.59,4512.23,4556.6,192048.814
2025-09-12 06:00:00+00:00,4556.61,4562.0,4530.09,4537.5,160103.739
2025-09-12 07:00:00+00:00,4537.5,4549.73,4522.65,4524.39,125954.207
2025-09-12 08:00:00+00:00,4524.39,4532.25,4511.81,4516.29,123863.779
2025-09-12 09:00:00+00:00,4516.28,4526.99,4502.3,4513.7,121671.675
2025-09-12 10:00:00+00:00,4513.69,4522.52,4505.81,4515.12,78422.239
2025-09-12 11:00:00+00:00,4515.12,4534.76,4511.91,4519.32,106782.476
2025-09-12 12:00:00+00:00,4519.32,4529.38,4501.66,4524.97,118778.523
2025-09-12 13:00:00+00:00,4524.96,4542.0,4505.44,4537.98,158805.398
2025-09-12 14:00:00+00:00,4537.98,4570.0,4522.0,4545.16,393811.262
2025-09-12 15:00:00+00:00,4545.16,4549.95,4526.3,4540.16,113278.48
2025-09-12 16:00:00+00:00,4540.15,4574.76,4531.76,4573.66,188993.672
2025-09-12 17:00:00+00:00,4573.66,4627.0,4562.61,4611.34,384218.15
2025-09-12 18:00:00+00:00,4611.34,4625.49,4597.26,4622.48,162126.865
2025-09-12 19:00:00+00:00,4622.49,4658.8,4611.81,4656.0,267674.878
2025-09-12 20:00:00+00:00,4656.0,4691.25,4628.05,4668.37,350664.921
2025-09-12 21:00:00+00:00,4668.37,4670.02,4642.6,4648.5,163126.901
2025-09-12 22:00:00+00:00,4648.51,4750.0,4648.5,4693.35,365884.288
2025-09-12 23:00:00+00:00,4693.35,4715.0,4670.35,4710.83,200072.39
2025-09-13 00:00:00+00:00,4710.82,4718.19,4695.3,4703.43,96818.75
2025-09-13 01:00:00+00:00,4703.44,4733.81,4698.15,4698.32,156605.293
2025-09-13 02:00:00+00:00,4698.32,4713.0,4690.4,4701.25,82030.709
2025-09-13 03:00:00+00:00,4701.25,4768.0,4700.05,4754.75,252300.351
2025-09-13 04:00:00+00:00,4754.76,4755.2,4732.42,4740.37,122601.236
2025-09-13 05:00:00+00:00,4740.37,4740.95,4715.38,4721.5,145879.326
2025-09-13 06:00:00+00:00,4721.51,4729.45,4699.03,4708.79,142811.902
2025-09-13 07:00:00+00:00,4708.79,4721.56,4705.01,4709.69,67379.815
2025-09-13 08:00:00+00:00,4709.7,4729.48,4709.69,4728.0,61416.001
2025-09-13 09:00:00+00:00,4728.01,4732.0,4718.76,4730.46,61469.118
2025-09-13 10:00:00+00:00,4730.47,4738.33,4707.7,4716.12,91613.379
2025-09-13 11:00:00+00:00,4716.12,4723.44,4706.7,4717.86,60363.101
2025-09-13 12:00:00+00:00,4717.86,4729.48,4712.53,4718.81,55273.959
2025-09-13 13:00:00+00:00,4718.81,4724.27,4650.0,4684.0,296789.264
2025-09-13 14:00:00+00:00,4684.0,4707.19,4664.28,4687.04,229645.702
2025-09-13 15:00:00+00:00,4687.04,4704.0,4635.0,4651.44,307266.255
2025-09-13 16:00:00+00:00,4651.44,4665.02,4613.07,4621.38,356433.386
2025-09-13 17:00:00+00:00,4621.38,4640.5,4603.0,4631.48,200638.121
2025-09-13 18:00:00+00:00,4631.48,4649.1,4622.4,4640.55,97821.62
2025-09-13 19:00:00+00:00,4640.56,4647.24,4632.45,4635.85,60748.043
2025-09-13 20:00:00+00:00,4635.84,4660.0,4634.87,4655.19,87803.366
2025-09-13 21:00:00+00:00,4655.19,4665.0,4654.3,4661.05,44151.67
2025-09-13 22:00:00+00:00,4661.06,4663.37,4645.34,4656.46,38576.954
2025-09-13 23:00:00+00:00,4656.46,4670.94,4653.79,4664.74,55250.494
2025-09-14 00:00:00+00:00,4664.74,4678.98,4657.39,4668.26,78598.197
2025-09-14 01:00:00+00:00,4668.27,4676.87,4648.33,4671.36,73260.858
2025-09-14 02:00:00+00:00,4671.37,4691.3,4668.71,4681.62,78750.434
2025-09-14 03:00:00+00:00,4681.63,4685.0,4658.65,4661.0,71202.751
2025-09-14 04:00:00+00:00,4661.01,4666.01,4630.82,4657.52,142080.217
2025-09-14 05:00:00+00:00,4657.52,4678.12,4656.85,4674.24,49954.678
2025-09-14 06:00:00+00:00,4674.23,4679.99,4658.0,4664.69,59547.547
2025-09-14 07:00:00+00:00,4664.69,4666.4,4639.8,4648.81,60249.778
2025-09-14 08:00:00+00:00,4648.81,4663.09,4643.71,4653.83,63785.479
2025-09-14 09:00:00+00:00,4653.84,4672.61,4650.6,4663.72,74937.77
2025-09-14 10:00:00+00:00,4663.73,4668.0,4654.56,4657.89,39104.424
2025-09-14 11:00:00+00:00,4657.88,4666.04,4623.96,4632.87,152041.677
2025-09-14 12:00:00+00:00,4632.88,4642.94,4612.2,4630.59,150804.131
2025-09-14 13:00:00+00:00,4630.61,4633.22,4603.78,4610.63,165745.461
2025-09-14 14:00:00+00:00,4610.63,4642.72,4576.0,4599.85,457745.334
2025-09-14 15:00:00+00:00,4599.85,4603.3,4575.0,4580.22,170203.108
2025-09-14 16:00:00+00:00,4580.22,4609.12,4577.5,4595.14,115966.013
2025-09-14 17:00:00+00:00,4595.14,4628.0,4588.6,4618.38,106328.491
2025-09-14 18:00:00+00:00,4618.37,4619.04,4598.53,4602.1,48014.415
2025-09-14 19:00:00+00:00,4602.09,4623.92,4590.01,4613.96,69559.482
2025-09-14 20:00:00+00:00,4613.95,4626.5,4612.05,4614.93,41764.609
2025-09-14 21:00:00+00:00,4614.93,4635.0,4596.32,4628.51,83839.677
2025-09-14 22:00:00+00:00,4628.51,4634.72,4608.66,4626.98,69741.754
2025-09-14 23:00:00+00:00,4626.99,4628.4,4599.32,4602.0,88033.626
2025-09-15 00:00:00+00:00,4602.0,4614.41,4585.57,4599.69,110977.207
2025-09-15 01:00:00+00:00,4599.68,4621.82,4578.01,4616.23,138962.208
2025-09-15 02:00:00+00:00,4616.23,4628.68,4608.61,4618.49,66908.209
2025-09-15 03:00:00+00:00,4618.5,4641.81,4617.37,4634.46,82183.646
2025-09-15 04:00:00+00:00,4634.46,4658.88,4634.45,4640.98,155327.245
2025-09-15 05:00:00+00:00,4640.98,4663.12,4638.0,4660.48,100173.444
2025-09-15 06:00:00+00:00,4660.48,4668.0,4615.0,4628.0,199847.324
2025-09-15 07:00:00+00:00,4628.0,4640.5,4585.16,4594.94,262250.021
2025-09-15 08:00:00+00:00,4594.94,4594.94,4506.0,4508.27,729495.334
2025-09-15 09:00:00+00:00,4508.27,4533.99,4495.72,4524.5,339677.299
2025-09-15 10:00:00+00:00,4524.5,4533.97,4505.18,4527.79,135685.938
2025-09-15 11:00:00+00:00,4527.79,4537.82,4518.82,4528.25,101593.87
2025-09-15 12:00:00+00:00,4528.25,4534.85,4506.33,4513.33,164311.575
2025-09-15 13:00:00+00:00,4513.33,4540.14,4488.77,4513.51,365223.857
2025-09-15 14:00:00+00:00,4513.51,4528.0,4495.93,4508.82,173747.807
2025-09-15 15:00:00+00:00,4508.82,4519.34,4463.0,4497.46,399798.814
2025-09-15 16:00:00+00:00,4497.46,4509.75,4477.22,4493.14,147513.46
2025-09-15 17:00:00+00:00,4493.14,4508.26,4472.49,4507.52,100371.647
2025-09-15 18:00:00+00:00,4507.51,4511.5,4484.29,4499.07,84237.226
2025-09-15 19:00:00+00:00,4499.07,4512.32,4474.0,4491.8,111438.592
2025-09-15 20:00:00+00:00,4491.79,4511.83,4486.04,4508.53,62119.716
2025-09-15 21:00:00+00:00,4508.53,4526.4,4504.07,4522.05,64051.25
2025-09-15 22:00:00+00:00,4522.04,4528.0,4506.98,4511.77,44774.888
2025-09-15 23:00:00+00:00,4511.77,4526.0,4505.74,4521.54,35734.415
2025-09-16 00:00:00+00:00,4521.54,4521.54,4502.4,4511.89,58994.097
2025-09-16 01:00:00+00:00,4511.9,4536.31,4511.24,4515.73,97380.442
2025-09-16 02:00:00+00:00,4515.74,4530.0,4510.96,4511.45,46576.622
2025-09-16 03:00:00+00:00,4511.45,4530.0,4511.45,4518.97,47718.47
2025-09-16 04:00:00+00:00,4518.97,4521.79,4485.02,4517.33,116209.516
2025-09-16 05:00:00+00:00,4517.33,4531.62,4510.0,4527.36,94983.702
2025-09-16 06:00:00+00:00,4527.37,4534.87,4490.97,4506.57,141842.887
2025-09-16 07:00:00+00:00,4506.57,4513.88,4500.0,4510.65,57555.117
2025-09-16 08:00:00+00:00,4510.64,4529.9,4496.4,4509.52,118750.573
2025-09-16 09:00:00+00:00,4509.51,4515.0,4500.59,4509.37,47377.612
2025-09-16 10:00:00+00:00,4509.37,4512.72,4491.0,4496.01,77411.408
2025-09-16 11:00:00+00:00,4496.0,4504.97,4491.11,4499.39,67613.042
2025-09-16 12:00:00+00:00,4499.4,4504.67,4493.2,4497.97,58272.39
2025-09-16 13:00:00+00:00,4497.97,4510.81,4427.5,4471.49,536546.124
2025-09-16 14:00:00+00:00,4471.49,4471.5,4421.01,4444.33,373228.087
2025-09-16 15:00:00+00:00,4444.33,4468.64,4428.13,4465.74,194042.406
2025-09-16 16:00:00+00:00,4465.73,4469.67,4444.49,4461.12,145170.033
2025-09-16 17:00:00+00:00,4461.12,4508.77,4460.12,4484.27,364201.141
2025-09-16 18:00:00+00:00,4484.27,4494.3,4463.84,4472.33,109249.826
2025-09-16 19:00:00+00:00,4472.33,4492.84,4468.6,4488.96,65933.469
2025-09-16 20:00:00+00:00,4488.96,4497.31,4481.01,4496.2,51192.674
2025-09-16 21:00:00+00:00,4496.17,4509.0,4488.0,4505.83,66775.618
2025-09-16 22:00:00+00:00,4505.83,4523.19,4498.04,4517.9,90438.898
2025-09-16 23:00:00+00:00,4517.9,4521.55,4492.02,4499.41,82394.615
2025-09-17 00:00:00+00:00,4499.41,4514.8,4490.5,4511.69,86403.589
2025-09-17 01:00:00+00:00,4511.69,4518.0,4500.01,4511.89,56682.376
2025-09-17 02:00:00+00:00,4511.89,4551.49,4505.24,4528.24,204388.273
2025-09-17 03:00:00+00:00,4528.24,4528.71,4493.01,4495.23,131736.471
2025-09-17 04:00:00+00:00,4495.23,4503.17,4461.38,4474.7,165082.159
2025-09-17 05:00:00+00:00,4474.67,4516.77,4474.17,4512.39,149712.915
2025-09-17 06:00:00+00:00,4512.39,4548.14,4501.49,4543.61,212891.891
2025-09-17 07:00:00+00:00,4543.61,4554.09,4534.12,4542.33,143063.72
2025-09-17 08:00:00+00:00,4542.33,4543.98,4495.84,4509.28,231253.07
2025-09-17 09:00:00+00:00,4509.29,4509.29,4492.53,4493.08,88441.629
2025-09-17 10:00:00+00:00,4493.09,4499.4,4477.0,4481.86,127691.629
2025-09-17 11:00:00+00:00,4481.85,4496.14,4477.34,4489.22,88812.409
2025-09-17 12:00:00+00:00,4489.23,4512.17,4481.23,4500.39,119441.393
2025-09-17 13:00:00+00:00,4500.38,4510.5,4481.1,4494.09,136281.141
2025-09-17 14:00:00+00:00,4494.09,4502.0,4465.0,4488.1,168200.901
2025-09-17 15:00:00+00:00,4488.1,4497.34,4480.0,4487.65,87370.361
2025-09-17 16:00:00+00:00,4487.64,4490.77,4468.39,4485.4,119783.921
2025-09-17 17:00:00+00:00,4485.4,4532.16,4426.0,4426.0,338159.483
2025-09-17 18:00:00+00:00,4426.0,4520.39,4404.08,4454.28,1220476.007
2025-09-17 19:00:00+00:00,4454.29,4525.0,4451.34,4515.15,435105.076
2025-09-17 20:00:00+00:00,4515.14,4539.6,4492.85,4499.6,212271.594
2025-09-17 21:00:00+00:00,4499.59,4537.22,4483.92,4527.4,123172.06
2025-09-17 22:00:00+00:00,4527.41,4600.0,4525.02,4585.15,267325.339
2025-09-17 23:00:00+00:00,4585.15,4615.26,4579.31,4588.3,210759.746
2025-09-18 00:00:00+00:00,4588.31,4607.26,4580.41,4582.64,135362.893
2025-09-18 01:00:00+00:00,4582.63,4631.5,4577.69,4616.81,193165.299
2025-09-18 02:00:00+00:00,4616.8,4618.16,4601.89,4611.71,82556.018
2025-09-18 03:00:00+00:00,4611.7,4642.6,4606.66,4612.01,168224.792
2025-09-18 04:00:00+00:00,4612.0,4618.0,4595.62,4609.49,108867.424
2025-09-18 05:00:00+00:00,4609.48,4609.49,4583.0,4587.99,94665.898
2025-09-18 06:00:00+00:00,4587.99,4592.17,4551.75,4569.34,221531.131
2025-09-18 07:00:00+00:00,4569.33,4581.96,4569.33,4573.1,81014.171
2025-09-18 08:00:00+00:00,4573.11,4606.49,4569.49,4599.66,137442.646
2025-09-18 09:00:00+00:00,4599.65,4602.0,4588.05,4595.42,69719.632
2025-09-18 10:00:00+00:00,4595.42,4598.8,4567.67,4572.53,97261.705
2025-09-18 11:00:00+00:00,4572.53,4586.64,4566.05,4573.99,76002.821
2025-09-18 12:00:00+00:00,4573.99,4585.66,4566.25,4568.52,82605.196
2025-09-18 13:00:00+00:00,4568.51,4603.6,4555.17,4586.07,235037.543
2025-09-18 14:00:00+00:00,4586.06,4623.0,4584.6,4594.24,265866.684
2025-09-18 15:00:00+00:00,4594.25,4606.69,4585.0,4597.15,118366.432
2025-09-18 16:00:00+00:00,4597.14,4634.84,4588.0,4619.48,206777.766
2025-09-18 17:00:00+00:00,4619.47,4629.03,4594.1,4607.22,159663.439
2025-09-18 18:00:00+00:00,4607.21,4620.91,4600.6,4616.17,65985.176
2025-09-18 19:00:00+00:00,4616.18,4616.9,4578.0,4586.53,106416.781
2025-09-18 20:00:00+00:00,4586.54,4603.9,4585.05,4602.96,45621.8
2025-09-18 21:00:00+00:00,4602.96,4603.14,4589.07,4592.69,30113.805
2025-09-18 22:00:00+00:00,4592.69,4600.0,4585.0,4589.06,48190.267
2025-09-18 23:00:00+00:00,4589.06,4590.43,4568.4,4585.31,97934.372
2025-09-19 00:00:00+00:00,4585.32,4611.0,4585.31,4607.48,83104.962
2025-09-19 01:00:00+00:00,4607.48,4619.5,4596.5,4604.92,108850.649
2025-09-19 02:00:00+00:00,4604.91,4613.69,4586.2,4586.88,67214.641
2025-09-19 03:00:00+00:00,4586.88,4600.0,4539.13,4547.46,348662.767
2025-09-19 04:00:00+00:00,4547.45,4557.06,4530.0,4555.86,210243.156
2025-09-19 05:00:00+00:00,4555.85,4556.48,4525.26,4538.5,128168.954
2025-09-19 06:00:00+00:00,4538.51,4540.5,4517.64,4521.84,118420.381
2025-09-19 07:00:00+00:00,4521.84,4541.0,4515.65,4536.56,102171.195
2025-09-19 08:00:00+00:00,4536.55,4546.78,4529.3,4531.96,66778.497
2025-09-19 09:00:00+00:00,4531.97,4541.28,4512.96,4520.87,105201.826
2025-09-19 10:00:00+00:00,4520.88,4530.95,4515.8,4525.28,74209.28
2025-09-19 11:00:00+00:00,4525.28,4526.8,4505.23,4511.46,135077.21
2025-09-19 12:00:00+00:00,4511.46,4519.58,4506.0,4516.29,85361.892
2025-09-19 13:00:00+00:00,4516.29,4534.91,4507.77,4525.82,174100.133
2025-09-19 14:00:00+00:00,4525.82,4542.0,4482.89,4493.16,387317.683
2025-09-19 15:00:00+00:00,4493.16,4495.98,4442.3,4472.29,506305.016
2025-09-19 16:00:00+00:00,4472.29,4486.78,4469.26,4478.91,104488.078
2025-09-19 17:00:00+00:00,4478.91,4479.15,4455.16,4457.66,115871.095
2025-09-19 18:00:00+00:00,4457.67,4460.52,4433.0,4446.67,170978.977
2025-09-19 19:00:00+00:00,4446.66,4464.35,4438.89,4438.89,87944.742
2025-09-19 20:00:00+00:00,4438.9,4462.72,4436.21,4457.41,70938.252
2025-09-19 21:00:00+00:00,4457.41,4470.0,4448.1,4468.88,51969.753
2025-09-19 22:00:00+00:00,4468.88,4476.26,4465.97,4466.2,38060.236
2025-09-19 23:00:00+00:00,4466.21,4467.35,4443.27,4466.49,69899.155
2025-09-20 00:00:00+00:00,4466.48,4473.69,4458.14,4473.69,48369.531
2025-09-20 01:00:00+00:00,4473.68,4474.0,4455.49,4464.01,51852.766
2025-09-20 02:00:00+00:00,4464.01,4467.66,4451.62,4463.58,40505.982
2025-09-20 03:00:00+00:00,4463.58,4466.0,4457.12,4463.6,21888.819
2025-09-20 04:00:00+00:00,4463.6,4474.74,4461.0,4472.27,39562.941
2025-09-20 05:00:00+00:00,4472.27,4484.59,4463.96,4476.33,64550.638
2025-09-20 06:00:00+00:00,4476.32,4476.33,4468.29,4470.93,23121.746
2025-09-20 07:00:00+00:00,4470.94,4480.73,4466.52,4480.72,37505.02
2025-09-20 08:00:00+00:00,4480.72,4480.72,4462.01,4463.0,45491.494
2025-09-20 09:00:00+00:00,4462.99,4469.7,4453.21,4463.7,64706.946
2025-09-20 10:00:00+00:00,4463.7,4474.78,4461.7,4461.73,33553.784
2025-09-20 11:00:00+00:00,4461.73,4469.32,4461.32,4468.0,24379.78
2025-09-20 12:00:00+00:00,4467.99,4469.23,4461.5,4463.94,25807.777
2025-09-20 13:00:00+00:00,4463.94,4469.7,4461.5,4466.13,28997.833
2025-09-20 14:00:00+00:00,4466.12,4498.86,4462.0,4485.45,130433.408
2025-09-20 15:00:00+00:00,4485.44,4505.45,4484.66,4496.37,137596.656
2025-09-20 16:00:00+00:00,4496.36,4506.75,4487.08,4500.09,69201.451
2025-09-20 17:00:00+00:00,4500.09,4500.99,4467.27,4483.87,112855.476
2025-09-20 18:00:00+00:00,4483.87,4485.0,4470.73,4472.79,64638.182
2025-09-20 19:00:00+00:00,4472.79,4483.23,4468.95,4477.86,34983.411
2025-09-20 20:00:00+00:00,4477.86,4485.45,4475.89,4481.77,21342.795
2025-09-20 21:00:00+00:00,4481.78,4499.73,4481.77,4487.99,42252.811
2025-09-20 22:00:00+00:00,4487.98,4492.82,4485.16,4491.38,22903.523
2025-09-20 23:00:00+00:00,4491.39,4491.39,4477.0,4478.27,23594.206
2025-09-21 00:00:00+00:00,4478.26,4487.68,4472.11,4484.94,36637.31
2025-09-21 01:00:00+00:00,4484.95,4487.0,4476.08,4479.1,24064.471
2025-09-21 02:00:00+00:00,4479.11,4486.29,4454.29,4476.53,110798.668
2025-09-21 03:00:00+00:00,4476.53,4477.5,4470.57,4476.11,25390.244
2025-09-21 04:00:00+00:00,4476.12,4476.72,4466.87,4469.96,22896.404
2025-09-21 05:00:00+00:00,4469.96,4476.11,4464.34,4475.69,26702.222
2025-09-21 06:00:00+00:00,4475.7,4491.39,4475.43,4482.9,65418.149
2025-09-21 07:00:00+00:00,4482.9,4483.93,4473.7,4475.85,26696.504
2025-09-21 08:00:00+00:00,4475.85,4477.76,4464.4,4467.26,43405.998
2025-09-21 09:00:00+00:00,4467.27,4472.16,4440.07,4464.1,154386.503
2025-09-21 10:00:00+00:00,4464.09,4467.18,4456.0,4456.47,40541.081
2025-09-21 11:00:00+00:00,4456.47,4464.66,4453.55,4458.26,30070.954
2025-09-21 12:00:00+00:00,4458.25,4471.93,4458.01,4465.15,41256.713
2025-09-21 13:00:00+00:00,4465.16,4480.0,4463.7,4474.01,53782.822
2025-09-21 14:00:00+00:00,4474.01,4482.5,4469.21,4470.67,53405.836
2025-09-21 15:00:00+00:00,4470.67,4484.79,4470.0,4480.63,50451.556
2025-09-21 16:00:00+00:00,4480.62,4487.8,4462.06,4474.67,102269.687
2025-09-21 17:00:00+00:00,4474.67,4493.66,4465.0,4489.52,70640.84
2025-09-21 18:00:00+00:00,4489.52,4495.28,4482.08,4495.28,55093.586
2025-09-21 19:00:00+00:00,4495.27,4497.01,4474.6,4492.21,69785.343
2025-09-21 20:00:00+00:00,4492.21,4492.92,4472.34,4472.36,29145.87
2025-09-21 21:00:00+00:00,4472.36,4476.36,4464.59,4469.0,37906.621
2025-09-21 22:00:00+00:00,4469.0,4475.9,4442.45,4463.02,108049.353
2025-09-21 23:00:00+00:00,4463.02,4463.02,4440.01,4443.01,87458.837
2025-09-22 00:00:00+00:00,4443.0,4454.01,4318.38,4333.45,703352.856
2025-09-22 01:00:00+00:00,4333.44,4349.56,4323.58,4325.73,255657.989
2025-09-22 02:00:00+00:00,4325.74,4338.3,4254.29,4286.02,464954.981
2025-09-22 03:00:00+00:00,4286.02,4306.3,4285.2,4303.62,124572.822
2025-09-22 04:00:00+00:00,4303.61,4308.77,4286.0,4288.0,96119.495
2025-09-22 05:00:00+00:00,4288.0,4296.59,4210.0,4217.7,176083.844
2025-09-22 06:00:00+00:00,4217.7,4224.69,4000.88,4190.0,1293421.296
2025-09-22 07:00:00+00:00,4190.01,4226.41,4181.06,4191.45,363747.713
2025-09-22 08:00:00+00:00,4191.46,4205.82,4183.6,4192.54,146544.871
2025-09-22 09:00:00+00:00,4192.55,4195.49,4135.0,4149.6,342325.458
2025-09-22 10:00:00+00:00,4149.59,4188.0,4136.74,4180.0,221664.204
2025-09-22 11:00:00+00:00,4180.0,4189.6,4171.34,4179.53,110010.802
2025-09-22 12:00:00+00:00,4179.54,4197.77,4166.41,4190.36,118343.706
2025-09-22 13:00:00+00:00,4190.36,4215.25,4171.54,4205.03,243384.872
2025-09-22 14:00:00+00:00,4205.04,4217.49,4180.71,4187.99,214310.108
2025-09-22 15:00:00+00:00,4187.99,4194.49,4156.0,4165.82,226718.154
2025-09-22 16:00:00+00:00,4165.83,4181.17,4158.2,4163.0,125565.991
2025-09-22 17:00:00+00:00,4163.0,4177.92,4144.11,4162.65,181782.187
2025-09-22 18:00:00+00:00,4162.64,4176.3,4153.6,4153.6,77511.419
2025-09-22 19:00:00+00:00,4153.61,4164.4,4119.16,4133.39,251118.83
2025-09-22 20:00:00+00:00,4133.39,4187.95,4132.27,4179.78,153489.201
2025-09-22 21:00:00+00:00,4179.78,4196.75,4173.98,4195.94,65738.405
2025-09-22 22:00:00+00:00,4195.95,4196.5,4181.92,4188.46,73579.762
2025-09-22 23:00:00+00:00,4188.45,4207.33,4187.14,4196.86,70387.112
2025-09-23 00:00:00+00:00,4196.87,4209.99,4188.0,4189.92,91249.722
2025-09-23 01:00:00+00:00,4189.91,4197.74,4161.23,4162.23,135926.366
2025-09-23 02:00:00+00:00,4162.23,4182.04,4138.83,4141.98,142324.321
2025-09-23 03:00:00+00:00,4141.99,4196.12,4112.43,4186.49,361932.412
2025-09-23 04:00:00+00:00,4186.49,4193.02,4152.25,4175.36,137905.931
2025-09-23 05:00:00+00:00,4175.37,4192.96,4162.82,4181.08,106485.718
2025-09-23 06:00:00+00:00,4181.08,4215.0,4176.29,4203.1,171026.878
2025-09-23 07:00:00+00:00,4203.1,4210.6,4195.3,4203.23,95249.715
2025-09-23 08:00:00+00:00,4203.24,4212.82,4192.15,4206.88,94896.23
2025-09-23 09:00:00+00:00,4206.89,4230.06,4182.47,4189.92,197450.711
2025-09-23 10:00:00+00:00,4189.92,4194.3,4183.38,4191.02,72943.789
2025-09-23 11:00:00+00:00,4191.02,4193.61,4175.44,4189.68,79594.095
2025-09-23 12:00:00+00:00,4189.69,4202.93,4181.7,4193.17,95770.904
2025-09-23 13:00:00+00:00,4193.17,4208.0,4178.01,4185.41,137880.691
2025-09-23 14:00:00+00:00,4185.41,4209.73,4161.1,4172.56,277087.368
2025-09-23 15:00:00+00:00,4172.56,4202.47,4158.21,4178.8,194433.438
2025-09-23 16:00:00+00:00,4178.8,4205.96,4161.72,4190.22,230088.861
2025-09-23 17:00:00+00:00,4190.22,4192.11,4135.32,4147.1,233140.197
2025-09-23 18:00:00+00:00,4147.1,4166.0,4144.06,4155.45,148310.077
2025-09-23 19:00:00+00:00,4155.44,4181.88,4140.24,4151.37,174377.619
2025-09-23 20:00:00+00:00,4151.36,4174.74,4137.08,4173.91,100930.275
2025-09-23 21:00:00+00:00,4173.91,4189.49,4161.78,4181.31,87463.753
2025-09-23 22:00:00+00:00,4181.29,4187.6,4166.76,4179.7,59273.847
2025-09-23 23:00:00+00:00,4179.7,4183.43,4158.45,4162.25,65446.664
2025-09-24 00:00:00+00:00,4162.25,4193.0,4156.01,4172.13,100121.354
2025-09-24 01:00:00+00:00,4172.13,4191.75,4166.45,4187.76,55581.596
2025-09-24 02:00:00+00:00,4187.77,4189.93,4158.0,4167.45,140942.149
2025-09-24 03:00:00+00:00,4167.45,4172.26,4125.12,4145.4,240720.101
2025-09-24 04:00:00+00:00,4145.41,4160.28,4070.0,4138.89,595650.117
2025-09-24 05:00:00+00:00,4138.89,4174.0,4136.27,4170.58,107280.866
2025-09-24 06:00:00+00:00,4170.58,4182.31,4165.01,4179.07,122543.857
2025-09-24 07:00:00+00:00,4179.08,4182.72,4163.51,4173.43,75077.815
2025-09-24 08:00:00+00:00,4173.43,4176.85,4166.02,4173.08,59554.761
2025-09-24 09:00:00+00:00,4173.09,4183.13,4168.09,4181.12,55299.767
2025-09-24 10:00:00+00:00,4181.12,4182.31,4162.0,4175.4,76493.765
2025-09-24 11:00:00+00:00,4175.4,4197.06,4172.59,4179.96,136475.414
2025-09-24 12:00:00+00:00,4179.96,4185.69,4168.79,4178.36,69324.247
2025-09-24 13:00:00+00:00,4178.35,4183.85,4145.0,4148.5,218083.873
2025-09-24 14:00:00+00:00,4148.49,4204.99,4147.84,4191.77,199208.098
2025-09-24 15:00:00+00:00,4191.76,4195.98,4160.24,4163.82,162175.856
2025-09-24 16:00:00+00:00,4163.82,4174.48,4152.22,4170.98,129828.338
2025-09-24 17:00:00+00:00,4170.97,4192.0,4163.64,4181.34,98959.543
2025-09-24 18:00:00+00:00,4181.35,4182.22,4163.77,4170.08,71931.589
2025-09-24 19:00:00+00:00,4170.08,4172.51,4152.67,4158.95,64497.619
2025-09-24 20:00:00+00:00,4158.95,4166.85,4145.79,4163.06,61487.864
2025-09-24 21:00:00+00:00,4163.06,4169.6,4126.01,4142.89,77331.646
2025-09-24 22:00:00+00:00,4142.88,4161.76,4141.29,4151.98,74448.234
2025-09-24 23:00:00+00:00,4151.98,4160.0,4142.4,4150.51,54235.897
2025-09-25 00:00:00+00:00,4150.51,4158.95,4120.0,4126.73,156843.028
2025-09-25 01:00:00+00:00,4126.73,4134.49,4078.0,4099.74,414217.615
2025-09-25 02:00:00+00:00,4099.74,4137.0,4060.0,4099.51,470678.788
2025-09-25 03:00:00+00:00,4099.52,4101.0,4020.0,4059.76,476853.829
2025-09-25 04:00:00+00:00,4059.76,4069.2,3961.0,4000.18,645009.492
2025-09-25 05:00:00+00:00,4000.18,4038.6,3976.54,4023.0,298420.259
2025-09-25 06:00:00+00:00,4023.0,4026.37,3992.0,3996.24,225021.506
2025-09-25 07:00:00+00:00,3996.24,4020.0,3984.25,4006.94,175996.507
2025-09-25 08:00:00+00:00,4006.94,4034.01,4001.16,4013.57,182873.39
2025-09-25 09:00:00+00:00,4013.57,4052.05,4011.0,4023.39,261434.851
2025-09-25 10:00:00+00:00,4023.39,4041.54,4008.01,4012.19,122967.467
2025-09-25 11:00:00+00:00,4012.19,4018.62,3988.35,4000.93,185270.265
2025-09-25 12:00:00+00:00,4000.93,4015.0,3911.39,3977.19,641276.16
2025-09-25 13:00:00+00:00,3977.19,4006.0,3943.61,3969.1,597487.237
2025-09-25 14:00:00+00:00,3969.09,4021.75,3967.45,4012.01,373126.311
2025-09-25 15:00:00+00:00,4012.0,4014.98,3977.01,4001.0,203635.529
2025-09-25 16:00:00+00:00,4001.0,4004.77,3926.0,3938.16,409855.216
2025-09-25 17:00:00+00:00,3938.17,3941.29,3822.0,3837.05,982702.817
2025-09-25 18:00:00+00:00,3837.04,3924.52,3822.75,3923.72,616761.255
2025-09-25 19:00:00+00:00,3923.71,3946.88,3905.12,3910.36,283468.124
2025-09-25 20:00:00+00:00,3910.36,3918.09,3875.5,3884.57,221581.022
2025-09-25 21:00:00+00:00,3884.57,3916.69,3879.32,3903.6,140588.968
2025-09-25 22:00:00+00:00,3903.6,3936.0,3880.0,3891.24,139549.945
2025-09-25 23:00:00+00:00,3891.24,3904.35,3848.0,3873.1,226400.16
2025-09-26 00:00:00+00:00,3873.1,3937.85,3866.0,3930.78,249700.047
2025-09-26 01:00:00+00:00,3930.78,3957.0,3918.97,3947.2,206536.279
2025-09-26 02:00:00+00:00,3947.21,3970.0,3940.0,3957.47,149206.081
2025-09-26 03:00:00+00:00,3957.46,3967.71,3943.0,3964.0,94791.709
2025-09-26 04:00:00+00:00,3963.99,3975.99,3937.23,3944.3,143763.195
2025-09-26 05:00:00+00:00,3944.3,3961.76,3917.03,3919.61,165947.982
2025-09-26 06:00:00+00:00,3919.62,3947.03,3906.29,3919.0,193010.428
2025-09-26 07:00:00+00:00,3919.0,3946.59,3905.13,3936.6,250408.062
2025-09-26 08:00:00+00:00,3936.61,3943.31,3923.51,3932.28,116147.841
2025-09-26 09:00:00+00:00,3932.29,3938.57,3891.66,3913.54,139860.472
2025-09-26 10:00:00+00:00,3913.53,3915.0,3871.98,3886.42,221605.198
2025-09-26 11:00:00+00:00,3886.42,3914.71,3871.0,3903.9,155194.235
2025-09-26 12:00:00+00:00,3903.89,3961.0,3873.41,3935.34,397213.945
2025-09-26 13:00:00+00:00,3935.34,3985.0,3904.31,3968.87,442471.99
2025-09-26 14:00:00+00:00,3968.86,3977.0,3919.96,3929.64,277229.243
2025-09-26 15:00:00+00:00,3929.64,3960.79,3927.09,3944.42,143045.192
2025-09-26 16:00:00+00:00,3944.41,3993.6,3941.0,3988.33,213593.699
2025-09-26 17:00:00+00:00,3988.33,4044.0,3975.25,4042.26,343186.655
2025-09-26 18:00:00+00:00,4042.26,4066.39,4033.84,4041.6,275358.945
2025-09-26 19:00:00+00:00,4041.6,4043.37,4005.11,4021.4,233601.841
2025-09-26 20:00:00+00:00,4021.4,4027.95,4006.5,4007.39,92214.905
2025-09-26 21:00:00+00:00,4007.4,4023.94,4002.64,4021.37,68391.592
2025-09-26 22:00:00+00:00,4021.37,4038.0,4017.36,4024.56,101201.698
2025-09-26 23:00:00+00:00,4024.57,4035.6,4013.0,4030.17,67316.501
2025-09-27 00:00:00+00:00,4030.17,4031.2,4014.99,4025.02,54022.971
2025-09-27 01:00:00+00:00,4025.01,4027.5,4001.8,4016.69,59455.855
2025-09-27 02:00:00+00:00,4016.7,4021.0,4008.0,4010.84,43082.834
2025-09-27 03:00:00+00:00,4010.84,4027.84,4007.85,4017.2,58167.835
2025-09-27 04:00:00+00:00,4017.21,4026.4,4012.8,4020.0,32728.18
2025-09-27 05:00:00+00:00,4020.01,4020.01,4010.12,4018.05,33371.634
2025-09-27 06:00:00+00:00,4018.05,4018.45,4010.5,4017.18,27904.901
2025-09-27 07:00:00+00:00,4017.18,4020.58,4004.01,4005.99,56308.94
2025-09-27 08:00:00+00:00,4006.0,4006.0,3981.01,3984.4,162197.242
2025-09-27 09:00:00+00:00,3984.39,3996.43,3971.45,3993.59,131026.94
2025-09-27 10:00:00+00:00,3993.58,4017.0,3987.4,4007.65,133999.332
2025-09-27 11:00:00+00:00,4007.66,4011.8,3997.57,4000.86,64525.146
2025-09-27 12:00:00+00:00,4000.87,4038.62,3992.95,4027.2,171634.176
2025-09-27 13:00:00+00:00,4027.2,4030.61,4013.87,4018.41,71238.108
2025-09-27 14:00:00+00:00,4018.41,4024.94,4007.34,4013.05,55359.939
2025-09-27 15:00:00+00:00,4013.05,4020.49,3997.52,4017.2,97879.792
2025-09-27 16:00:00+00:00,4017.21,4018.27,4002.33,4005.98,51839.088
2025-09-27 17:00:00+00:00,4005.99,4006.17,3979.6,4000.01,185176.986
2025-09-27 18:00:00+00:00,4000.0,4002.66,3984.89,3994.7,48663.475
2025-09-27 19:00:00+00:00,3994.7,4001.69,3989.59,4000.66,35561.071
2025-09-27 20:00:00+00:00,4000.66,4008.9,3998.62,4005.2,31647.722
2025-09-27 21:00:00+00:00,4005.19,4019.75,4004.71,4013.32,29506.748
2025-09-27 22:00:00+00:00,4013.31,4031.99,4012.5,4021.0,77372.08
2025-09-27 23:00:00+00:00,4021.0,4025.69,4011.88,4017.01,50419.144
2025-09-28 00:00:00+00:00,4017.01,4030.55,4003.85,4014.72,82981.037
2025-09-28 01:00:00+00:00,4014.72,4016.4,3992.09,3995.01,100030.061
2025-09-28 02:00:00+00:00,3995.0,4009.0,3993.8,3999.45,80424.691
2025-09-28 03:00:00+00:00,3999.45,4008.5,3995.0,4000.58,35884.356
2025-09-28 04:00:00+00:00,4000.57,4003.8,3994.55,4003.17,37020.767
2025-09-28 05:00:00+00:00,4003.17,4018.5,4001.28,4008.99,47783.587
2025-09-28 06:00:00+00:00,4009.0,4015.39,3995.0,4004.41,77867.493
2025-09-28 07:00:00+00:00,4004.41,4014.75,4000.4,4013.0,49259.027
2025-09-28 08:00:00+00:00,4013.01,4014.75,3998.18,4000.15,52428.604
2025-09-28 09:00:00+00:00,4000.15,4004.68,3986.6,3993.77,91844.998
2025-09-28 10:00:00+00:00,3993.77,3998.44,3982.45,3994.45,64959.797
2025-09-28 11:00:00+00:00,3994.44,3995.19,3982.7,3990.72,63409.078
2025-09-28 12:00:00+00:00,3990.73,3991.19,3963.1,3976.0,147872.672
2025-09-28 13:00:00+00:00,3976.01,4022.82,3975.66,4011.74,198793.135
2025-09-28 14:00:00+00:00,4011.75,4027.06,4006.65,4023.01,135657.835
2025-09-28 15:00:00+00:00,4023.01,4027.87,4013.9,4019.91,96953.03
2025-09-28 16:00:00+00:00,4019.92,4054.66,4019.91,4031.85,177121.743
2025-09-28 17:00:00+00:00,4031.86,4049.98,4022.1,4038.01,152598.601
2025-09-28 18:00:00+00:00,4038.0,4043.6,4033.38,4040.73,40327.578
2025-09-28 19:00:00+00:00,4040.74,4044.87,4031.0,4037.43,34920.619
2025-09-28 20:00:00+00:00,4037.44,4066.16,4033.76,4049.6,112781.401
2025-09-28 21:00:00+00:00,4049.6,4060.59,4040.14,4048.29,44383.361
2025-09-28 22:00:00+00:00,4048.29,4139.0,4048.25,4130.47,441448.997
2025-09-28 23:00:00+00:00,4130.47,4143.05,4118.44,4139.55,148077.831
2025-09-29 00:00:00+00:00,4139.54,4143.99,4120.69,4125.45,157308.891
2025-09-29 01:00:00+00:00,4125.44,4135.84,4110.11,4112.67,111991.657
2025-09-29 02:00:00+00:00,4112.66,4126.5,4105.45,4110.14,101048.276
2025-09-29 03:00:00+00:00,4110.14,4119.68,4101.3,4119.68,79833.748
2025-09-29 04:00:00+00:00,4119.67,4122.0,4111.38,4117.48,54063.88
2025-09-29 05:00:00+00:00,4117.48,4118.76,4101.71,4112.4,67499.969
2025-09-29 06:00:00+00:00,4112.4,4113.09,4093.39,4095.37,80478.181
2025-09-29 07:00:00+00:00,4095.37,4111.35,4086.23,4106.6,85797.222
2025-09-29 08:00:00+00:00,4106.6,4135.0,4106.24,4120.19,142198.976
2025-09-29 09:00:00+00:00,4120.2,4138.0,4117.0,4132.79,122767.927
2025-09-29 10:00:00+00:00,4132.78,4136.49,4112.1,4114.38,84760.356
2025-09-29 11:00:00+00:00,4114.38,4115.3,4091.8,4100.88,130026.794
2025-09-29 12:00:00+00:00,4100.88,4128.0,4090.6,4095.87,162159.395
2025-09-29 13:00:00+00:00,4095.87,4184.4,4080.0,4166.99,570191.936
2025-09-29 14:00:00+00:00,4166.98,4202.69,4156.99,4186.05,479667.193
2025-09-29 15:00:00+00:00,4186.06,4197.27,4149.38,4162.72,261420.358
2025-09-29 16:00:00+00:00,4162.71,4172.83,4137.1,4140.0,181889.165
2025-09-29 17:00:00+00:00,4140.0,4156.95,4125.21,4153.14,184089.1
2025-09-29 18:00:00+00:00,4153.14,4161.19,4140.0,4160.0,75108.564
2025-09-29 19:00:00+00:00,4159.99,4192.0,4157.7,4185.94,158663.005
2025-09-29 20:00:00+00:00,4185.94,4232.78,4179.41,4224.86,239801.041
2025-09-29 21:00:00+00:00,4224.86,4234.27,4209.26,4222.17,83400.728
2025-09-29 22:00:00+00:00,4222.17,4229.0,4211.62,4224.1,87601.471
2025-09-29 23:00:00+00:00,4224.11,4228.24,4210.95,4212.98,79628.853
2025-09-30 00:00:00+00:00,4212.99,4246.87,4192.17,4203.72,266445.79
2025-09-30 01:00:00+00:00,4203.71,4225.72,4187.79,4200.71,151459.278
2025-09-30 02:00:00+00:00,4200.72,4208.85,4194.2,4196.5,71622.56
2025-09-30 03:00:00+00:00,4196.49,4205.53,4185.26,4196.16,71312.327
2025-09-30 04:00:00+00:00,4196.17,4198.71,4186.38,4186.62,49674.929
2025-09-30 05:00:00+00:00,4186.62,4192.59,4167.22,4182.43,139722.327
2025-09-30 06:00:00+00:00,4182.44,4201.13,4177.5,4188.06,108796.98
2025-09-30 07:00:00+00:00,4188.07,4206.17,4172.0,4180.99,117216.363
2025-09-30 08:00:00+00:00,4180.99,4182.0,4162.12,4167.33,115080.334
2025-09-30 09:00:00+00:00,4167.33,4175.54,4131.67,4139.25,220473.548
2025-09-30 10:00:00+00:00,4139.25,4163.69,4132.96,4156.17,148799.751
2025-09-30 11:00:00+00:00,4156.17,4168.29,4145.69,4162.78,100889.132
2025-09-30 12:00:00+00:00,4162.78,4174.0,4152.54,4156.16,81331.969
2025-09-30 13:00:00+00:00,4156.15,4173.58,4138.77,4152.3,172780.357
2025-09-30 14:00:00+00:00,4152.29,4159.0,4115.99,4147.05,316417.987
2025-09-30 15:00:00+00:00,4147.05,4148.0,4091.51,4118.09,334423.601
2025-09-30 16:00:00+00:00,4118.09,4125.56,4091.0,4097.86,154058.447
2025-09-30 17:00:00+00:00,4097.87,4109.44,4092.15,4099.52,133626.625
2025-09-30 18:00:00+00:00,4099.52,4117.13,4091.61,4114.89,86905.28
2025-09-30 19:00:00+00:00,4114.88,4170.0,4106.81,4158.48,216375.675
2025-09-30 20:00:00+00:00,4158.48,4196.0,4146.66,4194.12,171788.368
2025-09-30 21:00:00+00:00,4194.12,4199.89,4149.76,4150.23,186061.569
2025-09-30 22:00:00+00:00,4150.22,4169.19,4128.0,4137.67,139818.488
2025-09-30 23:00:00+00:00,4137.68,4144.01,4113.04,4142.75,137811.257
2025-10-01 00:00:00+00:00,4142.75,4150.0,4120.61,4146.65,103545.946
2025-10-01 01:00:00+00:00,4146.65,4172.47,4139.94,4168.68,119141.056
2025-10-01 02:00:00+00:00,4168.68,4168.93,4150.0,4150.99,80770.685
2025-10-01 03:00:00+00:00,4151.0,4151.97,4126.05,4126.84,123666.298
2025-10-01 04:00:00+00:00,4126.84,4155.0,4124.35,4138.47,102205.863
2025-10-01 05:00:00+00:00,4138.47,4155.93,4137.79,4142.37,67623.71
2025-10-01 06:00:00+00:00,4142.36,4145.38,4121.33,4124.64,105180.067
2025-10-01 07:00:00+00:00,4124.65,4146.33,4123.0,4143.99,70646.994
2025-10-01 08:00:00+00:00,4143.98,4329.0,4141.37,4289.99,1061676.0
2025-10-01 09:00:00+00:00,4289.99,4317.11,4277.42,4308.43,377182.72
2025-10-01 10:00:00+00:00,4308.44,4310.98,4277.31,4280.4,162903.034
2025-10-01 11:00:00+00:00,4280.4,4303.26,4280.4,4295.88,113754.723
2025-10-01 12:00:00+00:00,4295.88,4312.34,4276.23,4282.37,188717.565
2025-10-01 13:00:00+00:00,4282.37,4301.0,4277.2,4293.58,167448.731
2025-10-01 14:00:00+00:00,4293.58,4337.99,4289.0,4321.58,372116.818
2025-10-01 15:00:00+00:00,4321.58,4343.29,4311.67,4325.01,183426.127
2025-10-01 16:00:00+00:00,4325.01,4337.92,4315.6,4322.64,156309.744
2025-10-01 17:00:00+00:00,4322.64,4331.6,4286.0,4291.55,184493.355
2025-10-01 18:00:00+00:00,4291.55,4316.8,4289.93,4306.17,100834.595
2025-10-01 19:00:00+00:00,4306.16,4338.04,4303.46,4332.24,135830.228
2025-10-01 20:00:00+00:00,4332.23,4335.35,4310.81,4332.99,133190.709
2025-10-01 21:00:00+00:00,4333.0,4333.47,4284.55,4302.52,115502.779
2025-10-01 22:00:00+00:00,4302.52,4327.45,4302.52,4310.55,67452.33
2025-10-01 23:00:00+00:00,4310.54,4356.07,4308.01,4345.85,142885.28
2025-10-02 00:00:00+00:00,4345.85,4378.0,4331.08,4333.16,306245.055
2025-10-02 01:00:00+00:00,4333.17,4397.4,4330.11,4390.86,201192.018
2025-10-02 02:00:00+00:00,4390.86,4397.56,4363.75,4383.68,200627.586
2025-10-02 03:00:00+00:00,4383.69,4397.73,4369.17,4374.99,142648.371
2025-10-02 04:00:00+00:00,4375.0,4383.74,4356.01,4370.9,119923.951
2025-10-02 05:00:00+00:00,4370.9,4396.18,4368.49,4381.85,90387.322
2025-10-02 06:00:00+00:00,4381.84,4422.3,4371.87,4401.53,318430.907
2025-10-02 07:00:00+00:00,4401.52,4407.67,4368.36,4373.65,113860.961
2025-10-02 08:00:00+00:00,4373.65,4392.31,4366.34,4385.68,99796.84
2025-10-02 09:00:00+00:00,4385.68,4394.37,4376.0,4389.36,53806.496
2025-10-02 10:00:00+00:00,4389.36,4393.93,4372.8,4378.03,66228.324
2025-10-02 11:00:00+00:00,4378.02,4392.55,4370.64,4377.24,70709.752
2025-10-02 12:00:00+00:00,4377.24,4406.03,4374.0,4403.81,124917.038
2025-10-02 13:00:00+00:00,4403.81,4416.96,4377.0,4414.97,274504.33
2025-10-02 14:00:00+00:00,4414.97,4418.88,4364.58,4372.55,315025.609
2025-10-02 15:00:00+00:00,4372.54,4441.67,4332.23,4435.49,565202.547
2025-10-02 16:00:00+00:00,4435.5,4469.0,4423.33,4446.61,406003.975
2025-10-02 17:00:00+00:00,4446.61,4476.78,4436.73,4464.17,201548.085
2025-10-02 18:00:00+00:00,4464.18,4495.71,4463.47,4485.01,188443.604
2025-10-02 19:00:00+00:00,4485.0,4516.65,4481.69,4493.06,222207.964
2025-10-02 20:00:00+00:00,4493.07,4495.36,4465.71,4488.99,112244.754
2025-10-02 21:00:00+00:00,4489.0,4494.76,4465.62,4466.66,68191.035
2025-10-02 22:00:00+00:00,4466.66,4483.13,4453.46,4461.86,127899.159
2025-10-02 23:00:00+00:00,4461.85,4485.31,4460.52,4481.7,81620.561
2025-10-03 00:00:00+00:00,4481.7,4481.71,4463.2,4466.48,63308.172
2025-10-03 01:00:00+00:00,4466.49,4477.9,4459.01,4469.64,102605.179
2025-10-03 02:00:00+00:00,4469.64,4514.51,4469.08,4508.0,174622.097
2025-10-03 03:00:00+00:00,4508.0,4559.0,4487.53,4498.96,324774.572
2025-10-03 04:00:00+00:00,4498.97,4509.25,4475.0,4494.98,119477.698
2025-10-03 05:00:00+00:00,4494.88,4499.72,4464.28,4474.7,131440.415
2025-10-03 06:00:00+00:00,4474.69,4484.11,4456.13,4470.1,104985.058
2025-10-03 07:00:00+00:00,4470.1,4474.82,4451.46,4460.84,116942.602
2025-10-03 08:00:00+00:00,4460.84,4465.78,4426.0,4464.55,218858.786
2025-10-03 09:00:00+00:00,4464.56,4479.84,4454.0,4471.75,122882.167
2025-10-03 10:00:00+00:00,4471.75,4493.08,4465.56,4487.34,90509.718
2025-10-03 11:00:00+00:00,4487.34,4488.0,4463.5,4476.2,98714.048
2025-10-03 12:00:00+00:00,4476.2,4490.45,4470.84,4480.59,76255.714
2025-10-03 13:00:00+00:00,4480.58,4502.99,4446.18,4468.51,225687.795
2025-10-03 14:00:00+00:00,4468.51,4488.14,4433.64,4480.92,261000.814
2025-10-03 15:00:00+00:00,4480.91,4540.77,4455.51,4533.2,299122.062
2025-10-03 16:00:00+00:00,4533.2,4590.83,4518.03,4523.25,573538.911
2025-10-03 17:00:00+00:00,4523.24,4524.7,4451.51,4469.53,660273.219
2025-10-03 18:00:00+00:00,4469.56,4510.0,4446.9,4509.82,214896.771
2025-10-03 19:00:00+00:00,4509.82,4544.01,4500.79,4517.65,176824.539
2025-10-03 20:00:00+00:00,4517.66,4541.21,4491.37,4533.38,112624.572
2025-10-03 21:00:00+00:00,4533.39,4535.81,4512.22,4521.1,61506.897
2025-10-03 22:00:00+00:00,4521.11,4533.0,4521.1,4526.41,37108.973
2025-10-03 23:00:00+00:00,4526.41,4527.27,4505.01,4511.11,53367.293
2025-10-04 00:00:00+00:00,4511.12,4515.48,4493.05,4499.99,85338.595
2025-10-04 01:00:00+00:00,4500.0,4500.77,4466.0,4478.27,114073.825
2025-10-04 02:00:00+00:00,4478.27,4488.0,4460.0,4482.66,100301.644
2025-10-04 03:00:00+00:00,4482.66,4486.59,4467.99,4484.48,58809.702
2025-10-04 04:00:00+00:00,4484.48,4497.39,4477.07,4491.62,53144.677
2025-10-04 05:00:00+00:00,4491.62,4508.91,4490.0,4501.61,80523.867
2025-10-04 06:00:00+00:00,4501.6,4515.8,4500.18,4504.99,66804.336
2025-10-04 07:00:00+00:00,4504.99,4512.6,4491.68,4496.23,71443.04
2025-10-04 08:00:00+00:00,4496.24,4501.11,4480.2,4487.28,83722.023
2025-10-04 09:00:00+00:00,4487.29,4501.21,4480.94,4487.63,56841.312
2025-10-04 10:00:00+00:00,4487.63,4502.45,4481.1,4485.74,59662.796
2025-10-04 11:00:00+00:00,4485.73,4493.66,4478.01,4482.43,43032.734
2025-10-04 12:00:00+00:00,4482.42,4487.52,4473.91,4478.04,57744.901
2025-10-04 13:00:00+00:00,4478.05,4507.66,4477.03,4497.85,107660.779
2025-10-04 14:00:00+00:00,4497.86,4509.89,4467.02,4468.26,118114.935
2025-10-04 15:00:00+00:00,4468.26,4481.49,4438.8,4453.13,283107.151
2025-10-04 16:00:00+00:00,4453.14,4466.06,4438.0,4465.21,128567.006
2025-10-04 17:00:00+00:00,4465.2,4475.04,4450.89,4462.18,76237.895
2025-10-04 18:00:00+00:00,4462.19,4465.77,4448.55,4453.37,46522.102
2025-10-04 19:00:00+00:00,4453.36,4467.0,4453.36,4465.39,30097.542
2025-10-04 20:00:00+00:00,4465.4,4483.82,4465.4,4473.0,52133.694
2025-10-04 21:00:00+00:00,4473.0,4492.42,4473.0,4482.5,51463.342
2025-10-04 22:00:00+00:00,4482.5,4492.41,4477.85,4487.16,38386.019
2025-10-04 23:00:00+00:00,4487.17,4488.0,4480.0,4484.79,23807.451
2025-10-05 00:00:00+00:00,4484.79,4492.04,4465.01,4469.59,54235.345
2025-10-05 01:00:00+00:00,4469.59,4487.34,4468.85,4485.96,43574.848
2025-10-05 02:00:00+00:00,4485.96,4550.09,4477.71,4547.51,394388.875
2025-10-05 03:00:00+00:00,4547.5,4575.14,4525.68,4530.11,312771.358
2025-10-05 04:00:00+00:00,4530.1,4587.99,4526.7,4573.16,246094.285
2025-10-05 05:00:00+00:00,4573.16,4584.56,4555.91,4568.08,145244.583
2025-10-05 06:00:00+00:00,4568.08,4572.7,4550.0,4558.39,91309.401
2025-10-05 07:00:00+00:00,4558.4,4614.19,4557.64,4604.91,224989.127
2025-10-05 08:00:00+00:00,4604.91,4618.44,4582.64,4586.75,216743.883
2025-10-05 09:00:00+00:00,4586.75,4589.42,4536.95,4548.52,303885.945
2025-10-05 10:00:00+00:00,4548.53,4550.96,4521.61,4540.83,250694.071
2025-10-05 11:00:00+00:00,4540.84,4554.99,4533.79,4549.08,96664.207
2025-10-05 12:00:00+00:00,4549.09,4549.09,4528.0,4529.99,101730.581
2025-10-05 13:00:00+00:00,4530.0,4542.3,4529.63,4536.97,63524.769
2025-10-05 14:00:00+00:00,4536.98,4548.94,4528.75,4533.7,86045.279
2025-10-05 15:00:00+00:00,4533.69,4542.52,4525.0,4530.61,62441.531
2025-10-05 16:00:00+00:00,4530.6,4539.53,4488.24,4526.87,225337.218
2025-10-05 17:00:00+00:00,4526.88,4536.48,4501.52,4510.21,113129.407
2025-10-05 18:00:00+00:00,4510.21,4524.0,4495.0,4517.02,81001.14
2025-10-05 19:00:00+00:00,4517.03,4517.61,4480.0,4485.33,99694.001
2025-10-05 20:00:00+00:00,4485.32,4508.45,4470.74,4496.54,105259.593
2025-10-05 21:00:00+00:00,4496.53,4507.08,4490.0,4503.51,38016.451
2025-10-05 22:00:00+00:00,4503.51,4517.72,4499.0,4511.28,55933.185
2025-10-05 23:00:00+00:00,4511.25,4522.22,4510.26,4512.34,63656.624
2025-10-06 00:00:00+00:00,4512.35,4551.74,4486.05,4497.8,240413.054
2025-10-06 01:00:00+00:00,4497.79,4540.93,4488.18,4526.03,158878.409
2025-10-06 02:00:00+00:00,4526.03,4549.5,4503.59,4536.8,131901.878
2025-10-06 03:00:00+00:00,4536.8,4541.2,4526.0,4534.9,51104.496
2025-10-06 04:00:00+00:00,4534.9,4540.92,4520.06,4523.03,48778.59
2025-10-06 05:00:00+00:00,4523.03,4528.44,4507.63,4526.23,76219.839
2025-10-06 06:00:00+00:00,4526.23,4575.9,4525.45,4558.41,191595.992
2025-10-06 07:00:00+00:00,4558.42,4576.58,4526.46,4530.98,159902.766
2025-10-06 08:00:00+00:00,4530.99,4565.89,4530.99,4559.52,127381.141
2025-10-06 09:00:00+00:00,4559.53,4575.95,4558.16,4571.17,87992.468
2025-10-06 10:00:00+00:00,4571.16,4578.17,4556.02,4571.42,86997.125
2025-10-06 11:00:00+00:00,4571.41,4593.25,4562.85,4569.54,137042.387
2025-10-06 12:00:00+00:00,4569.54,4595.0,4568.0,4579.01,119733.625
2025-10-06 13:00:00+00:00,4579.01,4637.0,4574.94,4636.81,440491.066
2025-10-06 14:00:00+00:00,4636.81,4676.63,4628.92,4637.13,471856.24
2025-10-06 15:00:00+00:00,4637.14,4692.91,4636.38,4671.24,295675.272
2025-10-06 16:00:00+00:00,4671.24,4682.88,4657.56,4676.61,124850.531
2025-10-06 17:00:00+00:00,4676.59,4718.0,4672.27,4694.31,300904.465
2025-10-06 18:00:00+00:00,4694.3,4715.78,4677.67,4710.0,136492.895
2025-10-06 19:00:00+00:00,4710.0,4732.38,4692.92,4720.86,191897.953
2025-10-06 20:00:00+00:00,4720.85,4734.99,4684.0,4686.99,158999.362
2025-10-06 21:00:00+00:00,4686.99,4696.0,4670.4,4691.77,112049.875
2025-10-06 22:00:00+00:00,4691.78,4706.77,4680.01,4696.98,82210.253
2025-10-06 23:00:00+00:00,4696.99,4703.6,4682.0,4682.43,55180.291
2025-10-07 00:00:00+00:00,4682.42,4691.01,4670.26,4678.01,74890.04
2025-10-07 01:00:00+00:00,4678.01,4697.99,4660.03,4674.24,101246.913
2025-10-07 02:00:00+00:00,4674.25,4690.46,4666.91,4684.83,67861.82
2025-10-07 03:00:00+00:00,4684.83,4694.5,4676.56,4688.73,65267.392
2025-10-07 04:00:00+00:00,4688.74,4717.06,4677.08,4711.7,116197.211
2025-10-07 05:00:00+00:00,4711.69,4730.65,4703.0,4709.41,132626.286
2025-10-07 06:00:00+00:00,4709.42,4717.89,4663.48,4667.48,201957.674
2025-10-07 07:00:00+00:00,4667.49,4681.47,4662.01,4676.83,115902.482
2025-10-07 08:00:00+00:00,4676.84,4678.2,4636.0,4668.87,279233.441
2025-10-07 09:00:00+00:00,4668.88,4682.0,4666.38,4678.64,84790.067
2025-10-07 10:00:00+00:00,4678.65,4695.8,4671.46,4690.08,92579.707
2025-10-07 11:00:00+00:00,4690.08,4712.12,4684.85,4706.44,112081.053
2025-10-07 12:00:00+00:00,4706.44,4746.0,4693.27,4746.0,205781.338
2025-10-07 13:00:00+00:00,4746.0,4754.0,4661.0,4702.0,620094.756
2025-10-07 14:00:00+00:00,4702.0,4708.51,4588.08,4591.68,710859.82
2025-10-07 15:00:00+00:00,4591.69,4604.65,4472.94,4510.3,1145235.104
2025-10-07 16:00:00+00:00,4510.3,4522.33,4452.04,4497.23,633982.693
2025-10-07 17:00:00+00:00,4497.23,4505.98,4466.24,4473.75,218114.347
2025-10-07 18:00:00+00:00,4473.75,4482.0,4440.45,4462.53,277412.089
2025-10-07 19:00:00+00:00,4462.53,4493.7,4457.1,4477.54,197982.527
2025-10-07 20:00:00+00:00,4477.55,4514.66,4474.18,4507.37,134603.769
2025-10-07 21:00:00+00:00,4507.37,4512.23,4477.72,4491.26,72664.932
2025-10-07 22:00:00+00:00,4491.26,4504.18,4480.5,4495.67,51455.486
2025-10-07 23:00:00+00:00,4495.67,4497.03,4422.44,4445.76,233635.725
2025-10-08 00:00:00+00:00,4445.77,4478.86,4431.15,4469.3,168429.489
2025-10-08 01:00:00+00:00,4469.3,4487.31,4455.7,4480.69,89305.379
2025-10-08 02:00:00+00:00,4480.7,4497.05,4471.0,4479.01,102491.415
2025-10-08 03:00:00+00:00,4479.0,4479.01,4430.54,4441.83,186550.533
2025-10-08 04:00:00+00:00,4441.82,4464.17,4408.69,4459.98,216619.787
2025-10-08 05:00:00+00:00,4459.98,4460.66,4418.58,4436.16,132342.774
2025-10-08 06:00:00+00:00,4436.17,4457.0,4422.08,4453.46,85653.66
2025-10-08 07:00:00+00:00,4453.46,4462.2,4440.04,4461.08,85097.039
2025-10-08 08:00:00+00:00,4461.08,4494.38,4455.7,4473.13,196957.445
2025-10-08 09:00:00+00:00,4473.12,4482.7,4469.0,4482.47,63749.307
2025-10-08 10:00:00+00:00,4482.47,4502.97,4477.46,4497.68,117782.041
2025-10-08 11:00:00+00:00,4497.69,4505.0,4480.4,4485.21,99059.716
2025-10-08 12:00:00+00:00,4485.2,4494.77,4466.7,4476.34,109510.859
2025-10-08 13:00:00+00:00,4476.34,4487.27,4436.16,4474.03,241055.259
2025-10-08 14:00:00+00:00,4474.03,4522.0,4435.0,4448.0,447300.077
2025-10-08 15:00:00+00:00,4447.99,4466.97,4434.59,4445.11,157470.262
2025-10-08 16:00:00+00:00,4445.1,4497.95,4436.55,4494.55,233558.095
2025-10-08 17:00:00+00:00,4494.54,4556.75,4487.72,4536.99,410351.353
2025-10-08 18:00:00+00:00,4536.99,4542.8,4510.9,4521.42,191292.191
2025-10-08 19:00:00+00:00,4521.41,4525.2,4495.01,4512.64,168655.827
2025-10-08 20:00:00+00:00,4512.65,4524.0,4497.3,4501.44,73815.326
2025-10-08 21:00:00+00:00,4501.44,4526.24,4499.71,4523.78,57988.798
2025-10-08 22:00:00+00:00,4523.79,4537.73,4518.59,4519.4,56777.668
2025-10-08 23:00:00+00:00,4519.4,4536.0,4506.62,4523.67,63269.152
2025-10-09 00:00:00+00:00,4523.66,4529.15,4505.58,4509.01,72467.071
2025-10-09 01:00:00+00:00,4509.01,4512.06,4460.23,4477.25,248288.034
2025-10-09 02:00:00+00:00,4477.24,4479.78,4400.0,4410.76,303094.666
2025-10-09 03:00:00+00:00,4410.76,4451.56,4410.0,4448.81,137882.585
2025-10-09 04:00:00+00:00,4448.8,4456.6,4436.25,4452.85,81941.622
2025-10-09 05:00:00+00:00,4452.85,4458.83,4435.41,4452.53,80921.59
2025-10-09 06:00:00+00:00,4452.54,4452.67,4421.0,4426.81,142466.771
2025-10-09 07:00:00+00:00,4426.81,4435.78,4408.0,4424.43,129395.971
2025-10-09 08:00:00+00:00,4424.42,4425.17,4316.59,4326.26,704997.371
2025-10-09 09:00:00+00:00,4326.26,4355.14,4323.83,4333.29,223141.752
2025-10-09 10:00:00+00:00,4333.29,4356.65,4323.0,4352.46,169226.895
2025-10-09 11:00:00+00:00,4352.45,4385.04,4352.03,4371.0,145854.109
2025-10-09 12:00:00+00:00,4370.99,4411.46,4367.5,4402.0,222214.567
2025-10-09 13:00:00+00:00,4402.0,4405.22,4345.61,4349.35,358037.845
2025-10-09 14:00:00+00:00,4349.36,4373.32,4303.0,4343.67,458568.293
2025-10-09 15:00:00+00:00,4343.67,4362.18,4290.0,4312.81,361416.903
2025-10-09 16:00:00+00:00,4312.81,4326.25,4262.55,4275.42,385456.976
2025-10-09 17:00:00+00:00,4275.43,4335.87,4267.21,4332.65,260980.537
2025-10-09 18:00:00+00:00,4332.66,4339.12,4298.17,4306.17,176197.523
2025-10-09 19:00:00+00:00,4306.17,4343.69,4305.4,4336.39,109501.983
2025-10-09 20:00:00+00:00,4336.38,4346.0,4325.3,4335.06,79776.862
2025-10-09 21:00:00+00:00,4335.05,4357.35,4333.61,4355.88,65908.097
2025-10-09 22:00:00+00:00,4355.89,4381.42,4350.5,4375.84,108149.427
2025-10-09 23:00:00+00:00,4375.85,4377.15,4355.33,4365.83,76683.206
2025-10-10 00:00:00+00:00,4365.83,4382.55,4360.28,4378.92,86635.701
2025-10-10 01:00:00+00:00,4378.92,4392.0,4368.92,4371.61,101298.331
2025-10-10 02:00:00+00:00,4371.61,4378.92,4347.78,4357.73,122116.653
2025-10-10 03:00:00+00:00,4357.74,4391.86,4340.61,4345.01,190463.862
2025-10-10 04:00:00+00:00,4345.01,4360.7,4330.03,4342.59,116803.003
2025-10-10 05:00:00+00:00,4342.6,4368.65,4325.18,4366.56,122872.259
2025-10-10 06:00:00+00:00,4366.57,4376.0,4318.2,4325.66,150189.129
2025-10-10 07:00:00+00:00,4325.66,4332.54,4312.53,4321.06,153076.71
2025-10-10 08:00:00+00:00,4321.05,4347.98,4311.0,4343.92,95935.836
2025-10-10 09:00:00+00:00,4343.91,4349.7,4315.79,4319.99,119710.649
2025-10-10 10:00:00+00:00,4319.98,4343.84,4318.39,4340.59,64465.379
2025-10-10 11:00:00+00:00,4340.59,4345.92,4326.38,4341.42,57104.282
2025-10-10 12:00:00+00:00,4341.42,4350.72,4332.01,4346.42,70484.611
2025-10-10 13:00:00+00:00,4346.43,4388.43,4342.8,4353.8,291947.426
2025-10-10 14:00:00+00:00,4353.8,4373.7,4276.02,4277.71,383738.052
2025-10-10 15:00:00+00:00,4277.7,4281.4,4067.44,4100.48,1855522.423
2025-10-10 16:00:00+00:00,4100.49,4136.08,4083.32,4106.36,509414.722
2025-10-10 17:00:00+00:00,4106.36,4110.53,4075.0,4092.01,305267.984
2025-10-10 18:00:00+00:00,4092.01,4098.47,4051.6,4051.85,302318.479
2025-10-10 19:00:00+00:00,4051.85,4062.57,3947.77,3994.99,1062387.145
2025-10-10 20:00:00+00:00,3994.99,4022.18,3831.55,3864.76,980850.053
2025-10-10 21:00:00+00:00,3864.76,3980.68,3400.0,3941.17,3548192.922
2025-10-10 22:00:00+00:00,3941.17,3947.66,3820.0,3852.95,842804.872
2025-10-10 23:00:00+00:00,3852.96,3911.12,3783.99,3819.99,483518.564
2025-10-11 00:00:00+00:00,3820.0,3874.28,3800.1,3833.53,314586.226
2025-10-11 01:00:00+00:00,3833.53,3836.28,3725.0,3732.11,390005.386
2025-10-11 02:00:00+00:00,3732.1,3860.39,3728.18,3839.04,343608.149
2025-10-11 03:00:00+00:00,3839.05,3845.97,3753.38,3789.56,238849.988
2025-10-11 04:00:00+00:00,3789.55,3818.55,3778.23,3818.54,184050.831
2025-10-11 05:00:00+00:00,3818.54,3831.02,3760.22,3786.88,193664.811
2025-10-11 06:00:00+00:00,3786.89,3811.27,3770.01,3779.0,147634.559
2025-10-11 07:00:00+00:00,3778.99,3783.88,3731.2,3757.27,315000.805
2025-10-11 08:00:00+00:00,3757.27,3819.8,3746.62,3812.89,247418.662
2025-10-11 09:00:00+00:00,3812.89,3845.98,3810.39,3827.52,206932.505
2025-10-11 10:00:00+00:00,3827.53,3856.0,3816.01,3832.36,136428.953
2025-10-11 11:00:00+00:00,3832.35,3841.14,3784.51,3838.68,193345.526
2025-10-11 12:00:00+00:00,3838.67,3844.0,3804.15,3821.5,128355.995
2025-10-11 13:00:00+00:00,3821.51,3836.99,3783.07,3830.21,204852.184
2025-10-11 14:00:00+00:00,3830.21,3836.0,3795.43,3812.39,122729.266
2025-10-11 15:00:00+00:00,3812.4,3853.43,3811.86,3822.58,197857.139
2025-10-11 16:00:00+00:00,3822.58,3845.98,3807.0,3817.34,137447.625
2025-10-11 17:00:00+00:00,3817.34,3839.61,3811.0,3823.19,86535.209
2025-10-11 18:00:00+00:00,3823.19,3823.61,3808.62,3813.16,59899.272
2025-10-11 19:00:00+00:00,3813.17,3814.09,3728.32,3758.0,350418.24
2025-10-11 20:00:00+00:00,3758.0,3764.92,3658.0,3693.73,421141.136
2025-10-11 21:00:00+00:00,3693.73,3742.42,3640.0,3734.34,341809.049
2025-10-11 22:00:00+00:00,3734.34,3762.39,3722.86,3740.81,153493.392
2025-10-11 23:00:00+00:00,3740.8,3750.51,3730.01,3744.99,99523.56
2025-10-12 00:00:00+00:00,3744.99,3762.8,3692.96,3699.77,212990.893
2025-10-12 01:00:00+00:00,3699.79,3738.6,3693.2,3717.46,201341.432
2025-10-12 02:00:00+00:00,3717.45,3748.59,3705.03,3732.36,191320.987
2025-10-12 03:00:00+00:00,3732.37,3819.33,3725.6,3779.99,347311.002
2025-10-12 04:00:00+00:00,3779.99,3821.95,3774.08,3800.36,204575.476
2025-10-12 05:00:00+00:00,3800.35,3815.43,3794.64,3804.25,120990.86
2025-10-12 06:00:00+00:00,3804.24,3837.88,3801.69,3830.55,160848.243
2025-10-12 07:00:00+00:00,3830.54,3842.18,3814.48,3825.25,243438.473
2025-10-12 08:00:00+00:00,3825.26,3844.0,3818.81,3820.53,255035.799
2025-10-12 09:00:00+00:00,3820.53,3847.37,3803.22,3841.39,285037.043
2025-10-12 10:00:00+00:00,3841.39,3866.06,3812.88,3817.59,359146.206
2025-10-12 11:00:00+00:00,3817.59,3831.93,3812.0,3818.14,223458.92
2025-10-12 12:00:00+00:00,3818.13,3847.15,3816.28,3829.98,350543.029
2025-10-12 13:00:00+00:00,3829.97,3832.8,3791.79,3808.15,499005.021
2025-10-12 14:00:00+00:00,3808.15,4027.0,3806.05,3973.44,1270138.578
2025-10-12 15:00:00+00:00,3973.35,4077.96,3963.24,4032.38,1087232.525
2025-10-12 16:00:00+00:00,4032.37,4175.9,4032.37,4104.17,1029217.667
2025-10-12 17:00:00+00:00,4104.17,4156.58,4096.0,4125.21,535622.108
2025-10-12 18:00:00+00:00,4125.22,4144.99,4091.26,4107.07,289072.425
2025-10-12 19:00:00+00:00,4107.07,4137.87,4105.71,4133.11,175994.955
2025-10-12 20:00:00+00:00,4133.12,4200.0,4123.32,4134.72,400511.532
2025-10-12 21:00:00+00:00,4134.71,4164.03,4077.59,4133.94,392958.388
2025-10-12 22:00:00+00:00,4133.94,4153.59,4108.85,4132.99,367080.236
2025-10-12 23:00:00+00:00,4132.99,4159.51,4106.56,4149.99,269395.592
2025-10-13 00:00:00+00:00,4150.0,4184.12,4121.55,4136.94,435330.016
2025-10-13 01:00:00+00:00,4136.95,4198.91,4124.0,4196.93,369318.524
2025-10-13 02:00:00+00:00,4196.92,4219.43,4151.0,4157.0,283384.419
2025-10-13 03:00:00+00:00,4156.99,4168.4,4130.67,4138.63,189005.454
2025-10-13 04:00:00+00:00,4138.63,4145.25,4113.45,4140.24,211418.398
2025-10-13 05:00:00+00:00,4140.23,4142.89,4121.05,4129.99,136294.978
2025-10-13 06:00:00+00:00,4130.0,4181.23,4115.0,4168.56,280436.053
2025-10-13 07:00:00+00:00,4168.56,4196.55,4157.05,4176.29,286535.439
2025-10-13 08:00:00+00:00,4176.28,4193.89,4165.28,4173.51,204939.562
2025-10-13 09:00:00+00:00,4173.52,4175.33,4140.07,4162.29,224048.802
2025-10-13 10:00:00+00:00,4162.3,4165.35,4136.94,4149.7,184028.951
2025-10-13 11:00:00+00:00,4149.7,4152.91,4034.12,4078.36,739566.976
2025-10-13 12:00:00+00:00,4078.35,4132.81,4054.26,4095.9,452713.006
2025-10-13 13:00:00+00:00,4095.9,4179.89,4090.42,4162.68,744922.8
2025-10-13 14:00:00+00:00,4162.68,4174.95,4078.81,4093.8,587522.001
2025-10-13 15:00:00+00:00,4093.79,4147.41,4091.79,4133.44,390194.946
2025-10-13 16:00:00+00:00,4133.45,4173.57,4126.81,4163.52,426647.917
2025-10-13 17:00:00+00:00,4163.52,4239.0,4155.0,4233.6,442407.766
2025-10-13 18:00:00+00:00,4233.6,4238.55,4197.33,4226.31,336302.681
2025-10-13 19:00:00+00:00,4226.31,4269.65,4221.39,4250.0,343305.956
2025-10-13 20:00:00+00:00,4250.0,4291.93,4242.09,4285.03,208257.026
2025-10-13 21:00:00+00:00,4285.03,4293.03,4253.0,4256.82,130480.986
2025-10-13 22:00:00+00:00,4256.82,4274.9,4249.35,4269.45,125933.896
2025-10-13 23:00:00+00:00,4269.45,4269.46,4232.98,4239.7,134419.987
2025-10-14 00:00:00+00:00,4239.7,4262.0,4225.17,4240.28,151353.79
2025-10-14 01:00:00+00:00,4240.27,4242.58,4200.8,4209.89,238898.952
2025-10-14 02:00:00+00:00,4209.89,4210.6,4165.52,4170.41,244119.756
2025-10-14 03:00:00+00:00,4170.41,4172.66,4135.0,4151.29,296178.928
2025-10-14 04:00:00+00:00,4151.29,4158.44,4084.6,4097.95,347025.248
2025-10-14 05:00:00+00:00,4097.95,4124.56,4053.43,4068.54,406414.842
2025-10-14 06:00:00+00:00,4068.55,4090.31,3964.4,4001.62,707417.592
2025-10-14 07:00:00+00:00,4001.62,4025.04,3966.05,3979.28,472102.285
2025-10-14 08:00:00+00:00,3979.29,4009.99,3950.01,3994.68,447800.676
2025-10-14 09:00:00+00:00,3994.67,4013.42,3968.38,3983.8,245301.954
2025-10-14 10:00:00+00:00,3983.81,3984.88,3885.09,3940.78,612958.808
2025-10-14 11:00:00+00:00,3940.78,3984.0,3939.61,3970.13,294609.545
2025-10-14 12:00:00+00:00,3970.13,3972.42,3929.16,3939.41,284331.101
2025-10-14 13:00:00+00:00,3939.41,3974.37,3890.13,3954.0,547443.113
2025-10-14 14:00:00+00:00,3954.0,4016.06,3938.2,3967.68,576957.768
2025-10-14 15:00:00+00:00,3967.68,4087.7,3948.19,4083.25,476523.486
2025-10-14 16:00:00+00:00,4083.25,4163.25,4055.19,4094.23,701842.094
2025-10-14 17:00:00+00:00,4094.22,4138.96,4042.83,4099.36,442624.192
2025-10-14 18:00:00+00:00,4099.36,4136.4,4091.28,4118.84,171757.866
2025-10-14 19:00:00+00:00,4118.85,4146.56,4046.01,4100.67,438336.154
2025-10-14 20:00:00+00:00,4100.68,4124.77,4067.39,4116.03,159540.311
2025-10-14 21:00:00+00:00,4116.03,4121.7,4090.51,4116.11,54740.585
2025-10-14 22:00:00+00:00,4116.11,4140.23,4099.91,4116.62,78474.216
2025-10-14 23:00:00+00:00,4116.63,4142.99,4115.05,4123.05,73260.012
2025-10-15 00:00:00+00:00,4123.06,4130.88,4091.65,4117.73,148323.732
2025-10-15 01:00:00+00:00,4117.74,4119.56,4080.58,4111.8,159981.604
2025-10-15 02:00:00+00:00,4111.8,4144.49,4105.04,4116.55,140128.711
2025-10-15 03:00:00+00:00,4116.54,4121.73,4059.0,4079.71,167588.269
2025-10-15 04:00:00+00:00,4079.7,4122.9,4070.0,4114.6,125425.038
2025-10-15 05:00:00+00:00,4114.59,4123.39,4091.28,4108.34,105381.037
2025-10-15 06:00:00+00:00,4108.35,4122.0,4071.5,4116.64,190421.441
2025-10-15 07:00:00+00:00,4116.64,4128.17,4101.78,4120.0,95191.962
2025-10-15 08:00:00+00:00,4120.0,4216.12,4117.01,4180.13,386372.183
2025-10-15 09:00:00+00:00,4180.13,4183.0,4136.48,4154.61,225167.856
2025-10-15 10:00:00+00:00,4154.61,4156.03,4110.0,4116.65,213264.215
2025-10-15 11:00:00+00:00,4116.66,4128.87,4085.0,4098.55,191519.866
2025-10-15 12:00:00+00:00,4098.55,4106.09,4066.38,4092.93,194603.198
2025-10-15 13:00:00+00:00,4092.93,4102.0,4016.0,4053.11,491046.011
2025-10-15 14:00:00+00:00,4053.12,4103.58,3990.04,4007.86,475472.115
2025-10-15 15:00:00+00:00,4007.87,4034.88,3957.47,3979.23,460745.338
2025-10-15 16:00:00+00:00,3979.23,4001.32,3964.18,3974.61,230512.195
2025-10-15 17:00:00+00:00,3974.61,3992.48,3926.81,3990.96,382501.035
2025-10-15 18:00:00+00:00,3990.96,4011.56,3967.79,4005.43,205530.791
2025-10-15 19:00:00+00:00,4005.42,4008.17,3969.06,3981.28,173972.127
2025-10-15 20:00:00+00:00,3981.27,3994.79,3935.0,3960.0,218447.183
2025-10-15 21:00:00+00:00,3960.0,3980.73,3925.0,3952.05,169193.032
2025-10-15 22:00:00+00:00,3952.06,3979.4,3949.19,3959.68,122374.73
2025-10-15 23:00:00+00:00,3959.68,3992.3,3951.81,3983.81,110080.341
2025-10-16 00:00:00+00:00,3983.8,3996.21,3973.76,3979.96,99982.716
2025-10-16 01:00:00+00:00,3979.96,4010.0,3978.0,4007.8,129364.484
2025-10-16 02:00:00+00:00,4007.79,4035.0,3998.0,4029.43,191892.835
2025-10-16 03:00:00+00:00,4029.43,4034.65,4009.04,4012.92,82330.081
2025-10-16 04:00:00+00:00,4012.93,4029.39,3990.92,3997.15,113384.779
2025-10-16 05:00:00+00:00,3997.15,4018.84,3976.96,3994.73,124009.109
2025-10-16 06:00:00+00:00,3994.72,4050.0,3992.69,4039.98,155002.426
2025-10-16 07:00:00+00:00,4039.99,4044.19,3992.45,4002.48,158662.117
2025-10-16 08:00:00+00:00,4002.51,4005.95,3980.01,3992.62,106669.383
2025-10-16 09:00:00+00:00,3992.63,4047.0,3937.3,4028.26,447652.077
2025-10-16 10:00:00+00:00,4028.26,4077.54,4027.49,4047.21,252294.648
2025-10-16 11:00:00+00:00,4047.2,4062.27,4031.38,4060.5,139540.373
2025-10-16 12:00:00+00:00,4060.51,4089.34,4037.9,4052.53,173782.505
2025-10-16 13:00:00+00:00,4052.52,4067.66,4001.36,4018.88,261962.121
2025-10-16 14:00:00+00:00,4018.87,4058.0,3965.26,4013.83,517629.663
2025-10-16 15:00:00+00:00,4013.83,4018.75,3890.0,3905.04,628803.944
2025-10-16 16:00:00+00:00,3905.03,3966.29,3855.0,3962.79,695265.729
2025-10-16 17:00:00+00:00,3962.8,3963.32,3914.05,3920.15,333729.418
2025-10-16 18:00:00+00:00,3920.14,3920.71,3876.0,3903.53,304240.151
2025-10-16 19:00:00+00:00,3903.54,3911.51,3850.0,3865.97,278646.284
2025-10-16 20:00:00+00:00,3865.97,3879.87,3822.5,3849.67,225953.477
2025-10-16 21:00:00+00:00,3849.67,3884.0,3838.02,3881.61,126845.894
2025-10-16 22:00:00+00:00,3881.61,3887.33,3861.46,3863.25,82922.64
2025-10-16 23:00:00+00:00,3863.25,3896.25,3858.88,3892.02,101133.925
2025-10-17 00:00:00+00:00,3892.02,3925.79,3886.15,3925.79,127888.137
2025-10-17 01:00:00+00:00,3925.8,3948.06,3904.0,3918.53,161125.154
2025-10-17 02:00:00+00:00,3918.53,3929.52,3896.77,3921.0,106545.247
2025-10-17 03:00:00+00:00,3921.0,3934.13,3917.3,3931.44,65580.143
2025-10-17 04:00:00+00:00,3931.45,3934.73,3908.23,3910.97,71150.611
2025-10-17 05:00:00+00:00,3910.97,3921.55,3891.83,3893.91,131339.377
2025-10-17 06:00:00+00:00,3893.91,3905.28,3806.0,3818.75,429842.078
2025-10-17 07:00:00+00:00,3818.74,3823.17,3751.0,3754.79,592468.571
2025-10-17 08:00:00+00:00,3754.78,3768.73,3702.79,3707.37,645770.643
2025-10-17 09:00:00+00:00,3707.37,3766.66,3695.0,3722.3,386637.107
2025-10-17 10:00:00+00:00,3722.31,3737.13,3671.0,3723.9,491382.297
2025-10-17 11:00:00+00:00,3723.88,3817.4,3718.97,3776.3,657421.171
2025-10-17 12:00:00+00:00,3776.29,3809.66,3769.19,3773.7,190913.422
2025-10-17 13:00:00+00:00,3773.69,3808.0,3738.0,3787.34,448982.3
2025-10-17 14:00:00+00:00,3787.34,3796.83,3712.51,3749.1,560269.673
2025-10-17 15:00:00+00:00,3749.09,3799.74,3742.6,3796.02,287852.527
2025-10-17 16:00:00+00:00,3796.03,3844.05,3777.0,3786.64,434808.356
2025-10-17 17:00:00+00:00,3786.65,3825.0,3778.08,3815.65,179866.796
2025-10-17 18:00:00+00:00,3815.66,3848.0,3810.19,3833.82,164620.313
2025-10-17 19:00:00+00:00,3833.83,3849.01,3812.52,3826.16,110098.252
2025-10-17 20:00:00+00:00,3826.15,3862.68,3816.0,3855.57,117484.907
2025-10-17 21:00:00+00:00,3855.95,3882.0,3851.26,3874.53,127099.892
2025-10-17 22:00:00+00:00,3874.53,3880.83,3844.51,3852.37,96832.436
2025-10-17 23:00:00+00:00,3852.37,3853.0,3826.97,3829.99,67736.454
2025-10-18 00:00:00+00:00,3830.0,3842.53,3817.21,3838.5,94986.966
2025-10-18 01:00:00+00:00,3838.49,3876.82,3837.9,3866.31,103040.664
2025-10-18 02:00:00+00:00,3866.32,3880.63,3843.99,3849.51,99912.923
2025-10-18 03:00:00+00:00,3849.5,3877.55,3847.79,3869.0,67276.632
2025-10-18 04:00:00+00:00,3868.99,3869.0,3838.81,3842.14,96362.504
2025-10-18 05:00:00+00:00,3842.15,3867.13,3840.6,3865.08,81355.181
2025-10-18 06:00:00+00:00,3865.09,3874.8,3859.17,3870.69,62258.118
2025-10-18 07:00:00+00:00,3870.68,3926.0,3870.19,3890.47,273153.844
2025-10-18 08:00:00+00:00,3890.46,3903.8,3872.9,3874.55,84842.573
2025-10-18 09:00:00+00:00,3874.54,3885.5,3863.17,3876.39,89613.244
2025-10-18 10:00:00+00:00,3876.38,3892.73,3860.15,3874.76,90055.017
2025-10-18 11:00:00+00:00,3874.75,3882.0,3866.99,3880.78,48221.521
2025-10-18 12:00:00+00:00,3880.78,3892.5,3871.47,3881.44,53124.996
2025-10-18 13:00:00+00:00,3881.44,3881.81,3853.41,3863.99,86193.811
2025-10-18 14:00:00+00:00,3863.99,3880.33,3846.11,3872.34,101224.016
2025-10-18 15:00:00+00:00,3872.33,3878.88,3862.14,3875.99,56939.835
2025-10-18 16:00:00+00:00,3876.0,3881.0,3851.95,3863.99,83328.382
2025-10-18 17:00:00+00:00,3864.0,3898.0,3857.0,3892.1,110874.931
2025-10-18 18:00:00+00:00,3892.1,3897.9,3881.18,3886.82,46363.056
2025-10-18 19:00:00+00:00,3886.81,3893.61,3881.0,3891.6,27436.033
2025-10-18 20:00:00+00:00,3891.61,3907.92,3883.69,3884.01,72078.888
2025-10-18 21:00:00+00:00,3884.0,3895.2,3867.32,3890.15,57896.87
2025-10-18 22:00:00+00:00,3890.16,3893.43,3881.14,3884.01,23875.131
2025-10-18 23:00:00+00:00,3884.0,3888.31,3878.87,3887.01,28369.962
2025-10-19 00:00:00+00:00,3887.01,3890.61,3860.4,3867.08,77349.909
2025-10-19 01:00:00+00:00,3867.09,3875.57,3853.53,3872.67,59886.265
2025-10-19 02:00:00+00:00,3872.68,3874.1,3863.31,3871.49,32675.061
2025-10-19 03:00:00+00:00,3871.5,3905.73,3866.93,3904.7,102250.332
2025-10-19 04:00:00+00:00,3904.7,3907.06,3889.0,3901.48,65057.717
2025-10-19 05:00:00+00:00,3901.48,3919.48,3892.0,3895.0,98862.803
2025-10-19 06:00:00+00:00,3895.0,3899.1,3871.5,3879.36,93466.78
2025-10-19 07:00:00+00:00,3879.36,3892.0,3875.16,3886.7,50100.023
2025-10-19 08:00:00+00:00,3886.7,3960.0,3810.0,3861.22,550284.091
2025-10-19 09:00:00+00:00,3861.23,3929.99,3847.0,3911.26,316648.123
2025-10-19 10:00:00+00:00,3911.26,3948.39,3896.85,3929.58,208757.719
2025-10-19 11:00:00+00:00,3929.57,3950.0,3913.38,3922.2,146466.317
2025-10-19 12:00:00+00:00,3922.21,3928.48,3906.76,3920.86,87479.095
2025-10-19 13:00:00+00:00,3920.86,3988.24,3911.98,3970.25,188734.044
2025-10-19 14:00:00+00:00,3970.24,4001.0,3952.38,3987.29,314242.798
2025-10-19 15:00:00+00:00,3987.3,3991.0,3971.57,3977.55,89467.192
2025-10-19 16:00:00+00:00,3977.54,3986.83,3957.0,3979.19,121654.863
2025-10-19 17:00:00+00:00,3979.2,4026.31,3978.58,3991.44,296611.518
2025-10-19 18:00:00+00:00,3991.44,4005.26,3984.34,3999.6,58307.426
2025-10-19 19:00:00+00:00,3999.6,4003.4,3975.86,3984.63,73953.385
2025-10-19 20:00:00+00:00,3984.63,4002.1,3971.76,3999.16,60888.584
2025-10-19 21:00:00+00:00,3999.16,4002.95,3982.53,3995.65,47423.391
2025-10-19 22:00:00+00:00,3995.65,4030.0,3986.74,4018.54,107965.064
2025-10-19 23:00:00+00:00,4018.55,4018.55,3967.0,3980.59,129635.671
2025-10-20 00:00:00+00:00,3980.6,3980.77,3906.89,3940.25,294758.845
2025-10-20 01:00:00+00:00,3940.24,3952.71,3927.97,3936.14,103674.223
2025-10-20 02:00:00+00:00,3936.14,3965.26,3917.23,3954.82,149699.331
2025-10-20 03:00:00+00:00,3954.84,4040.0,3945.82,4025.88,225566.956
2025-10-20 04:00:00+00:00,4025.87,4054.74,4021.42,4052.88,217872.01
2025-10-20 05:00:00+00:00,4052.87,4073.81,4040.21,4059.26,181374.971
2025-10-20 06:00:00+00:00,4059.26,4085.0,4054.84,4073.06,156804.912
2025-10-20 07:00:00+00:00,4073.05,4075.66,4050.37,4053.36,139307.321
2025-10-20 08:00:00+00:00,4053.35,4069.89,4031.82,4043.81,198064.692
2025-10-20 09:00:00+00:00,4043.81,4050.39,4032.99,4042.94,96661.473
2025-10-20 10:00:00+00:00,4042.94,4051.64,4013.4,4024.31,159112.962
2025-10-20 11:00:00+00:00,4024.31,4039.88,4010.58,4032.83,135022.455
2025-10-20 12:00:00+00:00,4032.83,4037.76,4022.51,4035.89,77038.881
2025-10-20 13:00:00+00:00,4035.89,4043.13,4016.39,4037.42,167876.39
2025-10-20 14:00:00+00:00,4037.42,4047.04,4010.2,4037.55,177967.72
2025-10-20 15:00:00+00:00,4037.57,4048.96,4001.0,4002.73,226146.056
2025-10-20 16:00:00+00:00,4002.73,4002.73,3924.05,3947.76,580614.306
2025-10-20 17:00:00+00:00,3947.76,3963.49,3920.3,3949.56,224901.771
2025-10-20 18:00:00+00:00,3949.56,3974.97,3944.0,3972.28,99420.835
2025-10-20 19:00:00+00:00,3972.28,3990.43,3957.45,3978.78,115710.619
2025-10-20 20:00:00+00:00,3978.76,3996.8,3972.25,3996.77,68506.3
2025-10-20 21:00:00+00:00,3996.77,4001.96,3968.74,3975.28,81778.821
2025-10-20 22:00:00+00:00,3975.28,3989.64,3968.88,3987.0,49372.453
2025-10-20 23:00:00+00:00,3987.01,3992.07,3973.82,3977.54,36939.403
2025-10-21 00:00:00+00:00,3977.54,3984.68,3959.81,3970.51,64981.179
2025-10-21 01:00:00+00:00,3970.5,3972.46,3933.0,3946.56,128763.902
2025-10-21 02:00:00+00:00,3946.56,3949.51,3923.0,3929.71,130005.921
2025-10-21 03:00:00+00:00,3929.71,3941.86,3918.0,3921.41,85532.606
2025-10-21 04:00:00+00:00,3921.42,3921.42,3841.5,3849.22,437377.193
2025-10-21 05:00:00+00:00,3849.22,3872.22,3838.21,3862.04,232498.875
2025-10-21 06:00:00+00:00,3862.04,3890.95,3853.26,3885.01,140471.036
2025-10-21 07:00:00+00:00,3885.0,3895.0,3873.33,3890.52,91915.022
2025-10-21 08:00:00+00:00,3890.53,3891.42,3850.02,3866.39,163233.997
2025-10-21 09:00:00+00:00,3866.4,3873.24,3855.0,3862.76,77335.831
2025-10-21 10:00:00+00:00,3862.75,3896.0,3858.0,3882.28,130632.966
2025-10-21 11:00:00+00:00,3882.27,3893.0,3868.0,3888.33,99124.968
2025-10-21 12:00:00+00:00,3888.34,3917.0,3874.52,3878.89,213819.153
2025-10-21 13:00:00+00:00,3878.89,3897.77,3850.2,3864.78,255765.258
2025-10-21 14:00:00+00:00,3864.77,4023.58,3863.4,4019.95,741952.003
2025-10-21 15:00:00+00:00,4019.95,4083.78,3994.51,4080.41,635199.125
2025-10-21 16:00:00+00:00,4080.41,4108.41,4017.34,4028.02,639431.938
2025-10-21 17:00:00+00:00,4028.04,4039.34,3963.19,4013.0,625897.187
2025-10-21 18:00:00+00:00,4013.01,4021.85,3972.66,4011.85,225084.152
2025-10-21 19:00:00+00:00,4011.85,4020.99,3991.39,3994.04,94571.678
2025-10-21 20:00:00+00:00,3994.03,3999.31,3934.0,3952.27,208312.822
2025-10-21 21:00:00+00:00,3952.26,3964.63,3887.01,3943.69,197561.106
2025-10-21 22:00:00+00:00,3943.7,3947.91,3890.33,3899.4,233027.288
2025-10-21 23:00:00+00:00,3899.4,3909.31,3855.55,3871.11,212963.545
2025-10-22 00:00:00+00:00,3871.11,3887.45,3815.37,3840.39,280578.118
2025-10-22 01:00:00+00:00,3840.39,3873.18,3839.01,3867.95,147825.873
2025-10-22 02:00:00+00:00,3867.95,3874.94,3858.79,3859.39,87158.028
2025-10-22 03:00:00+00:00,3859.38,3862.17,3838.81,3858.14,117772.624
2025-10-22 04:00:00+00:00,3858.13,3882.93,3856.0,3876.92,108747.69
2025-10-22 05:00:00+00:00,3876.93,3880.32,3835.69,3858.85,154142.613
2025-10-22 06:00:00+00:00,3858.86,3869.0,3851.0,3851.54,66698.397
2025-10-22 07:00:00+00:00,3851.54,3875.0,3840.0,3866.87,115538.157
2025-10-22 08:00:00+00:00,3866.88,3867.47,3846.89,3852.4,77733.409
2025-10-22 09:00:00+00:00,3852.4,3856.97,3822.2,3835.63,165306.657
2025-10-22 10:00:00+00:00,3835.64,3848.15,3815.0,3818.83,135069.403
2025-10-22 11:00:00+00:00,3818.83,3837.82,3765.0,3827.02,463174.832
2025-10-22 12:00:00+00:00,3827.03,3855.35,3818.8,3844.79,175833.521
2025-10-22 13:00:00+00:00,3844.78,3875.56,3822.65,3871.31,342682.48
2025-10-22 14:00:00+00:00,3871.3,3873.58,3777.03,3852.35,560044.638
2025-10-22 15:00:00+00:00,3852.35,3863.44,3788.5,3839.73,360376.069
2025-10-22 16:00:00+00:00,3839.72,3859.64,3809.1,3834.23,323378.495
2025-10-22 17:00:00+00:00,3834.24,3841.7,3792.56,3805.88,148619.41
2025-10-22 18:00:00+00:00,3805.88,3820.43,3790.0,3801.13,156453.687
2025-10-22 19:00:00+00:00,3801.14,3826.66,3780.0,3802.52,165810.698
2025-10-22 20:00:00+00:00,3802.53,3809.09,3768.0,3779.44,142805.349
2025-10-22 21:00:00+00:00,3779.44,3780.7,3706.31,3742.54,364111.989
2025-10-22 22:00:00+00:00,3742.53,3760.62,3730.51,3750.13,126327.638
2025-10-22 23:00:00+00:00,3750.13,3816.71,3748.47,3803.93,228733.09
2025-10-23 00:00:00+00:00,3803.94,3820.53,3794.89,3813.92,95809.68
2025-10-23 01:00:00+00:00,3813.93,3835.32,3810.02,3819.47,111451.544
2025-10-23 02:00:00+00:00,3819.46,3833.0,3813.0,3824.0,79050.868
2025-10-23 03:00:00+00:00,3823.99,3833.0,3820.5,3825.18,51953.253
2025-10-23 04:00:00+00:00,3825.19,3846.99,3820.51,3834.01,87642.85
2025-10-23 05:00:00+00:00,3834.01,3848.42,3832.69,3845.97,54062.27
2025-10-23 06:00:00+00:00,3845.97,3896.0,3841.89,3889.78,249178.475
2025-10-23 07:00:00+00:00,3889.78,3890.81,3868.61,3879.76,149880.399
2025-10-23 08:00:00+00:00,3879.76,3905.47,3879.54,3885.72,155524.07
2025-10-23 09:00:00+00:00,3885.71,3889.87,3873.3,3888.88,109598.42
2025-10-23 10:00:00+00:00,3888.88,3903.89,3874.58,3875.66,155299.373
2025-10-23 11:00:00+00:00,3875.66,3886.43,3857.14,3861.86,139496.618
2025-10-23 12:00:00+00:00,3861.86,3861.87,3835.0,3851.59,191075.269
2025-10-23 13:00:00+00:00,3851.59,3866.22,3831.33,3850.4,238003.537
2025-10-23 14:00:00+00:00,3850.41,3853.2,3807.01,3846.12,317259.901
2025-10-23 15:00:00+00:00,3846.11,3885.88,3841.17,3874.87,284629.302
2025-10-23 16:00:00+00:00,3874.87,3933.4,3863.13,3916.36,253277.169
2025-10-23 17:00:00+00:00,3916.36,3926.26,3874.19,3919.39,323245.362
2025-10-23 18:00:00+00:00,3919.38,3920.76,3856.66,3868.64,200202.377
2025-10-23 19:00:00+00:00,3868.64,3869.56,3842.81,3857.69,120504.567
2025-10-23 20:00:00+00:00,3857.69,3858.44,3816.88,3827.57,124087.616
2025-10-23 21:00:00+00:00,3827.57,3835.71,3819.71,3826.71,65495.332
2025-10-23 22:00:00+00:00,3826.7,3855.32,3824.45,3848.79,87455.932
2025-10-23 23:00:00+00:00,3848.8,3859.48,3843.24,3855.21,59752.732
2025-10-24 00:00:00+00:00,3855.22,3875.4,3844.02,3865.6,114459.294
2025-10-24 01:00:00+00:00,3865.61,3881.85,3856.0,3879.59,66883.067
2025-10-24 02:00:00+00:00,3879.6,3895.19,3868.78,3887.39,73097.36
2025-10-24 03:00:00+00:00,3887.39,3890.53,3876.8,3889.43,71513.845
2025-10-24 04:00:00+00:00,3889.44,3978.95,3884.32,3972.85,333708.875
2025-10-24 05:00:00+00:00,3972.84,3988.0,3955.2,3972.71,182468.368
2025-10-24 06:00:00+00:00,3972.72,3986.33,3961.52,3980.86,121534.858
2025-10-24 07:00:00+00:00,3980.87,3982.56,3933.0,3947.64,218175.799
2025-10-24 08:00:00+00:00,3947.65,3964.04,3928.11,3951.0,174460.464
2025-10-24 09:00:00+00:00,3951.0,3967.42,3947.7,3956.87,92456.545
2025-10-24 10:00:00+00:00,3956.87,3963.36,3945.3,3954.94,60200.657
2025-10-24 11:00:00+00:00,3954.95,3962.68,3924.0,3945.0,101201.155
2025-10-24 12:00:00+00:00,3944.99,4026.48,3939.22,3962.3,448014.463
2025-10-24 13:00:00+00:00,3962.3,3977.26,3914.28,3945.01,306269.785
2025-10-24 14:00:00+00:00,3945.0,3945.26,3887.6,3900.49,329658.34
2025-10-24 15:00:00+00:00,3900.5,3929.49,3870.0,3887.09,270492.798
2025-10-24 16:00:00+00:00,3887.09,3890.9,3864.28,3887.91,174839.465
2025-10-24 17:00:00+00:00,3887.92,3903.0,3873.44,3886.76,153958.232
2025-10-24 18:00:00+00:00,3886.76,3913.63,3882.07,3909.88,66531.769
2025-10-24 19:00:00+00:00,3909.88,3936.89,3909.87,3924.66,118763.138
2025-10-24 20:00:00+00:00,3924.66,3941.0,3922.19,3936.81,55507.813
2025-10-24 21:00:00+00:00,3936.82,3943.81,3923.53,3941.8,49864.79
2025-10-24 22:00:00+00:00,3941.8,3943.59,3928.3,3934.27,38926.98
2025-10-24 23:00:00+00:00,3934.27,3935.41,3923.83,3933.19,32443.595
2025-10-25 00:00:00+00:00,3933.2,3933.99,3910.0,3917.28,72621.051
2025-10-25 01:00:00+00:00,3917.28,3938.03,3913.77,3931.63,55827.998
2025-10-25 02:00:00+00:00,3931.63,3936.26,3924.0,3932.44,37739.555
2025-10-25 03:00:00+00:00,3932.44,3934.03,3917.22,3919.43,36199.638
2025-10-25 04:00:00+00:00,3919.42,3934.98,3918.46,3921.09,47586.764
2025-10-25 05:00:00+00:00,3921.09,3931.7,3918.37,3929.86,34497.491
2025-10-25 06:00:00+00:00,3929.85,3934.29,3924.66,3926.79,36807.902
2025-10-25 07:00:00+00:00,3926.79,3963.26,3922.75,3927.29,127471.756
2025-10-25 08:00:00+00:00,3927.3,3954.75,3926.0,3952.19,70876.049
2025-10-25 09:00:00+00:00,3952.19,3955.0,3938.17,3940.95,92426.892
2025-10-25 10:00:00+00:00,3940.96,3946.51,3930.0,3940.64,57402.857
2025-10-25 11:00:00+00:00,3940.64,3944.01,3936.6,3938.66,23165.807
2025-10-25 12:00:00+00:00,3938.66,3955.0,3937.89,3951.57,51683.251
2025-10-25 13:00:00+00:00,3951.57,3954.82,3933.4,3941.02,78512.954
2025-10-25 14:00:00+00:00,3941.02,3946.35,3932.0,3936.83,48955.526
2025-10-25 15:00:00+00:00,3936.83,3936.97,3922.83,3931.48,60284.114
2025-10-25 16:00:00+00:00,3931.47,3936.79,3926.6,3931.41,36169.074
2025-10-25 17:00:00+00:00,3931.42,3938.16,3929.15,3933.27,26048.653
2025-10-25 18:00:00+00:00,3933.28,3968.93,3927.65,3958.21,126094.891
2025-10-25 19:00:00+00:00,3958.21,3962.44,3950.13,3956.05,38736.829
2025-10-25 20:00:00+00:00,3956.06,3957.78,3942.0,3943.7,44239.382
2025-10-25 21:00:00+00:00,3943.7,3951.47,3932.5,3951.47,36386.577
2025-10-25 22:00:00+00:00,3951.46,3963.47,3944.95,3959.7,31378.629
2025-10-25 23:00:00+00:00,3959.7,3962.22,3948.38,3952.25,23797.439
2025-10-26 00:00:00+00:00,3952.24,3960.0,3944.17,3948.2,44056.125
2025-10-26 01:00:00+00:00,3948.2,3953.83,3914.3,3931.4,102442.441
2025-10-26 02:00:00+00:00,3931.41,3937.43,3920.86,3928.65,55821.065
2025-10-26 03:00:00+00:00,3928.65,3934.99,3921.68,3929.95,43276.715
2025-10-26 04:00:00+00:00,3929.95,3940.97,3927.01,3937.89,29868.235
2025-10-26 05:00:00+00:00,3937.89,3945.22,3935.42,3940.98,28801.384
2025-10-26 06:00:00+00:00,3940.99,3944.71,3936.76,3943.0,21677.037
2025-10-26 07:00:00+00:00,3943.0,3955.0,3938.99,3949.72,43987.436
2025-10-26 08:00:00+00:00,3949.72,3966.33,3948.84,3958.31,52725.062
2025-10-26 09:00:00+00:00,3958.31,4011.0,3954.47,3986.09,315592.12
2025-10-26 10:00:00+00:00,3986.09,3988.56,3972.58,3981.18,102717.011
2025-10-26 11:00:00+00:00,3981.18,4054.0,3974.24,4043.08,361427.102
2025-10-26 12:00:00+00:00,4043.08,4077.08,4039.0,4070.99,284956.551
2025-10-26 13:00:00+00:00,4071.0,4098.0,4061.0,4082.39,240026.548
2025-10-26 14:00:00+00:00,4082.38,4089.99,4061.17,4065.59,148755.436
2025-10-26 15:00:00+00:00,4065.58,4076.43,4058.0,4073.45,106547.48
2025-10-26 16:00:00+00:00,4073.45,4074.2,4043.43,4054.26,128842.238
2025-10-26 17:00:00+00:00,4054.26,4068.47,4051.74,4058.39,63235.516
2025-10-26 18:00:00+00:00,4058.39,4079.86,4056.75,4070.81,57008.188
2025-10-26 19:00:00+00:00,4070.81,4071.24,4063.56,4066.58,27913.547
2025-10-26 20:00:00+00:00,4066.58,4071.86,4053.07,4060.16,44012.363
2025-10-26 21:00:00+00:00,4060.17,4095.69,4053.67,4079.08,72628.887
2025-10-26 22:00:00+00:00,4079.08,4179.27,4078.8,4158.55,395178.977
2025-10-26 23:00:00+00:00,4158.55,4177.71,4146.0,4156.37,157889.4
2025-10-27 00:00:00+00:00,4156.36,4188.0,4145.27,4168.64,195837.385
2025-10-27 01:00:00+00:00,4168.64,4207.95,4165.22,4190.34,209291.355
2025-10-27 02:00:00+00:00,4190.34,4217.6,4181.83,4203.6,179708.262
2025-10-27 03:00:00+00:00,4203.6,4225.14,4198.5,4203.21,112705.55
2025-10-27 04:00:00+00:00,4203.22,4216.84,4193.06,4211.25,83677.549
2025-10-27 05:00:00+00:00,4211.25,4253.0,4208.51,4231.4,221923.236
2025-10-27 06:00:00+00:00,4231.4,4243.51,4221.0,4233.32,104512.865
2025-10-27 07:00:00+00:00,4233.32,4246.8,4193.52,4200.0,212408.773
2025-10-27 08:00:00+00:00,4199.99,4200.42,4154.65,4165.6,286220.656
2025-10-27 09:00:00+00:00,4165.59,4172.0,4153.0,4158.96,172056.176
2025-10-27 10:00:00+00:00,4158.95,4173.29,4152.81,4165.5,97532.388
2025-10-27 11:00:00+00:00,4165.5,4174.33,4130.0,4160.51,194617.294
2025-10-27 12:00:00+00:00,4160.5,4165.55,4136.0,4143.54,100683.025
2025-10-27 13:00:00+00:00,4143.54,4186.77,4125.01,4175.65,288328.024
2025-10-27 14:00:00+00:00,4175.65,4181.2,4122.02,4147.75,279254.18
2025-10-27 15:00:00+00:00,4147.75,4174.55,4146.14,4171.25,137077.942
2025-10-27 16:00:00+00:00,4171.25,4216.84,4171.24,4212.0,229294.327
2025-10-27 17:00:00+00:00,4212.0,4224.0,4195.96,4219.1,124097.177
2025-10-27 18:00:00+00:00,4219.1,4231.64,4204.84,4213.03,103340.581
2025-10-27 19:00:00+00:00,4213.04,4219.0,4182.57,4192.42,161492.449
2025-10-27 20:00:00+00:00,4192.41,4194.07,4127.0,4127.0,266150.962
2025-10-27 21:00:00+00:00,4127.0,4137.93,4090.61,4114.56,194676.152
2025-10-27 22:00:00+00:00,4114.55,4142.6,4107.56,4121.0,123613.653
2025-10-27 23:00:00+00:00,4121.0,4126.25,4101.0,4118.47,99461.841
2025-10-28 00:00:00+00:00,4118.46,4132.45,4105.5,4113.75,107188.564
2025-10-28 01:00:00+00:00,4113.76,4140.26,4113.76,4134.83,92818.231
2025-10-28 02:00:00+00:00,4134.83,4139.69,4072.68,4094.02,199106.258
2025-10-28 03:00:00+00:00,4094.02,4099.0,4066.88,4092.48,164326.516
2025-10-28 04:00:00+00:00,4092.47,4104.76,4086.0,4097.85,72882.023
2025-10-28 05:00:00+00:00,4097.85,4102.23,4064.29,4067.0,130282.731
2025-10-28 06:00:00+00:00,4067.01,4113.46,4066.0,4111.36,133076.279
2025-10-28 07:00:00+00:00,4111.37,4125.95,4108.57,4115.36,110361.08
2025-10-28 08:00:00+00:00,4115.36,4134.46,4108.6,4121.69,101187.695
2025-10-28 09:00:00+00:00,4121.69,4127.62,4102.35,4120.8,102577.138
2025-10-28 10:00:00+00:00,4120.81,4123.0,4106.57,4116.27,58129.166
2025-10-28 11:00:00+00:00,4116.27,4125.64,4107.7,4110.11,54502.684
2025-10-28 12:00:00+00:00,4110.11,4124.58,4095.0,4120.0,119427.143
2025-10-28 13:00:00+00:00,4120.0,4166.0,4119.78,4157.08,281301.115
2025-10-28 14:00:00+00:00,4157.08,4174.08,4066.0,4117.29,458893.895
2025-10-28 15:00:00+00:00,4117.29,4139.48,4085.01,4095.35,220888.47
2025-10-28 16:00:00+00:00,4095.36,4139.1,4091.13,4132.92,178911.116
2025-10-28 17:00:00+00:00,4132.93,4145.89,4120.0,4138.29,105199.674
2025-10-28 18:00:00+00:00,4138.3,4149.87,4102.14,4113.19,144150.544
2025-10-28 19:00:00+00:00,4113.2,4117.28,4024.49,4037.26,400754.234
2025-10-28 20:00:00+00:00,4037.22,4040.0,3957.01,3977.01,581314.717
2025-10-28 21:00:00+00:00,3977.0,3989.8,3925.01,3980.3,275535.066
2025-10-28 22:00:00+00:00,3980.3,3997.99,3970.22,3992.96,120021.238
2025-10-28 23:00:00+00:00,3992.96,3994.2,3974.62,3977.56,79140.641
2025-10-29 00:00:00+00:00,3977.56,3991.46,3967.25,3970.65,96777.6
2025-10-29 01:00:00+00:00,3970.64,4006.0,3962.28,3980.34,150734.719
2025-10-29 02:00:00+00:00,3980.34,4003.0,3978.56,4001.06,74192.688
2025-10-29 03:00:00+00:00,4001.06,4001.17,3984.06,3996.0,68360.018
2025-10-29 04:00:00+00:00,3996.01,4018.75,3994.35,4011.47,76043.028
2025-10-29 05:00:00+00:00,4011.47,4034.28,4010.52,4025.01,109492.905
2025-10-29 06:00:00+00:00,4025.0,4034.99,4014.42,4022.84,81351.553
2025-10-29 07:00:00+00:00,4022.84,4029.65,4010.06,4022.83,71935.822
2025-10-29 08:00:00+00:00,4022.83,4024.83,4001.69,4005.56,107903.442
2025-10-29 09:00:00+00:00,4005.57,4008.18,3985.0,3995.67,163990.372
2025-10-29 10:00:00+00:00,3995.67,4003.0,3986.0,3987.11,86489.99
2025-10-29 11:00:00+00:00,3987.12,4014.32,3982.0,4009.14,98653.664
2025-10-29 12:00:00+00:00,4009.13,4018.56,4002.07,4014.0,58098.185
2025-10-29 13:00:00+00:00,4014.0,4028.01,3981.81,3993.19,222827.757
2025-10-29 14:00:00+00:00,3993.19,3998.99,3970.39,3986.94,202389.905
2025-10-29 15:00:00+00:00,3986.94,3993.18,3939.14,3950.23,273143.481
2025-10-29 16:00:00+00:00,3950.23,3976.0,3923.56,3961.0,273531.832
2025-10-29 17:00:00+00:00,3961.0,4014.77,3957.77,4012.63,195404.258
2025-10-29 18:00:00+00:00,4012.63,4017.11,3836.0,3915.29,1131864.501
2025-10-29 19:00:00+00:00,3915.29,3956.0,3885.67,3903.54,379319.918
2025-10-29 20:00:00+00:00,3903.54,3951.3,3886.04,3949.32,186147.611
2025-10-29 21:00:00+00:00,3949.32,3962.55,3928.4,3954.41,78189.07
2025-10-29 22:00:00+00:00,3954.4,3958.36,3932.16,3938.96,55437.722
2025-10-29 23:00:00+00:00,3938.95,3939.4,3871.17,3900.38,215930.293
2025-10-30 00:00:00+00:00,3900.38,3921.0,3882.36,3920.31,133467.901
2025-10-30 01:00:00+00:00,3920.31,3933.8,3903.35,3925.61,97978.185
2025-10-30 02:00:00+00:00,3925.61,3945.65,3921.32,3943.95,89904.086
2025-10-30 03:00:00+00:00,3943.95,3947.0,3926.03,3932.54,79686.848
2025-10-30 04:00:00+00:00,3932.53,3933.12,3836.82,3869.56,617265.211
2025-10-30 05:00:00+00:00,3869.55,3921.87,3854.01,3914.85,289144.451
2025-10-30 06:00:00+00:00,3914.86,3925.0,3895.17,3911.39,134844.792
2025-10-30 07:00:00+00:00,3911.39,3943.0,3905.88,3938.18,153065.907
2025-10-30 08:00:00+00:00,3938.19,3938.41,3914.14,3919.64,106773.557
2025-10-30 09:00:00+00:00,3919.65,3922.93,3890.14,3898.57,153536.725
2025-10-30 10:00:00+00:00,3898.58,3906.41,3880.77,3891.31,118213.024
2025-10-30 11:00:00+00:00,3891.31,3896.21,3875.11,3879.52,100511.191
2025-10-30 12:00:00+00:00,3879.52,3883.19,3792.93,3815.66,516609.51
2025-10-30 13:00:00+00:00,3815.66,3835.0,3756.03,3764.66,614046.275
2025-10-30 14:00:00+00:00,3764.65,3805.0,3762.5,3798.71,328699.962
2025-10-30 15:00:00+00:00,3798.72,3805.4,3755.81,3771.61,232077.955
2025-10-30 16:00:00+00:00,3771.61,3800.45,3761.0,3779.37,185262.169
2025-10-30 17:00:00+00:00,3779.38,3779.38,3726.0,3769.66,474412.65
2025-10-30 18:00:00+00:00,3769.66,3771.0,3719.12,3720.0,236246.396
2025-10-30 19:00:00+00:00,3720.0,3736.36,3677.7,3685.25,441608.624
2025-10-30 20:00:00+00:00,3685.25,3756.38,3678.33,3755.0,276987.05
2025-10-30 21:00:00+00:00,3755.01,3780.0,3745.59,3771.56,183903.818
2025-10-30 22:00:00+00:00,3771.56,3782.0,3762.19,3781.93,94151.401
2025-10-30 23:00:00+00:00,3781.93,3805.0,3771.46,3802.8,110776.253
2025-10-31 00:00:00+00:00,3802.8,3838.28,3794.13,3829.9,158232.932
2025-10-31 01:00:00+00:00,3829.9,3860.0,3824.0,3845.49,213095.549
2025-10-31 02:00:00+00:00,3845.48,3850.0,3805.49,3820.05,203007.279
2025-10-31 03:00:00+00:00,3820.06,3835.06,3810.0,3827.6,107889.962
2025-10-31 04:00:00+00:00,3827.6,3872.0,3824.7,3861.13,271569.876
2025-10-31 05:00:00+00:00,3861.12,3862.0,3844.18,3849.06,92141.516
2025-10-31 06:00:00+00:00,3849.06,3851.6,3821.47,3829.62,120605.805
2025-10-31 07:00:00+00:00,3829.62,3840.0,3818.78,3829.43,111949.844
2025-10-31 08:00:00+00:00,3829.43,3852.89,3816.29,3850.26,116138.798
2025-10-31 09:00:00+00:00,3850.26,3863.39,3838.0,3843.78,94871.152
2025-10-31 10:00:00+00:00,3843.77,3852.9,3831.0,3834.0,65436.321
2025-10-31 11:00:00+00:00,3834.0,3882.0,3826.11,3872.15,175237.962
2025-10-31 12:00:00+00:00,3872.16,3887.02,3832.74,3834.79,250889.882
2025-10-31 13:00:00+00:00,3834.8,3872.04,3830.0,3857.75,205267.644
2025-10-31 14:00:00+00:00,3857.71,3871.84,3835.9,3865.97,248111.599
2025-10-31 15:00:00+00:00,3865.97,3880.94,3851.22,3858.58,221369.23
2025-10-31 16:00:00+00:00,3858.58,3866.56,3812.43,3820.87,244907.335
2025-10-31 17:00:00+00:00,3820.87,3833.34,3802.64,3826.68,185041.575
2025-10-31 18:00:00+00:00,3826.68,3867.27,3807.22,3851.42,248312.243
2025-10-31 19:00:00+00:00,3851.4,3904.9,3835.02,3884.91,244676.991
2025-10-31 20:00:00+00:00,3884.91,3892.13,3854.29,3858.96,101351.302
2025-10-31 21:00:00+00:00,3858.96,3863.98,3838.68,3860.14,75611.598
2025-10-31 22:00:00+00:00,3860.14,3865.39,3849.0,3853.64,32496.953
2025-10-31 23:00:00+00:00,3853.63,3857.26,3845.63,3846.42,27754.174
2025-11-01 00:00:00+00:00,3846.42,3848.41,3828.8,3845.57,63750.818
2025-11-01 01:00:00+00:00,3845.57,3858.99,3841.03,3842.41,46246.356
2025-11-01 02:00:00+00:00,3842.41,3853.79,3834.47,3850.59,39198.459
2025-11-01 03:00:00+00:00,3850.58,3863.27,3849.52,3860.0,47863.259
2025-11-01 04:00:00+00:00,3860.0,3867.66,3853.41,3864.74,58496.84
2025-11-01 05:00:00+00:00,3864.75,3865.85,3851.3,3853.96,36713.912
2025-11-01 06:00:00+00:00,3853.97,3859.63,3851.33,3857.04,43977.98
2025-11-01 07:00:00+00:00,3857.04,3866.02,3855.0,3859.28,31985.553
2025-11-01 08:00:00+00:00,3859.29,3882.0,3859.0,3880.3,82369.964
2025-11-01 09:00:00+00:00,3880.31,3881.16,3870.01,3873.89,56169.166
2025-11-01 10:00:00+00:00,3873.89,3880.44,3870.43,3874.99,35886.868
2025-11-01 11:00:00+00:00,3874.99,3879.49,3866.93,3876.08,35234.914
2025-11-01 12:00:00+00:00,3876.08,3879.69,3873.62,3874.62,27652.907
2025-11-01 13:00:00+00:00,3874.63,3877.55,3855.66,3868.61,62238.82
2025-11-01 14:00:00+00:00,3868.62,3874.0,3856.53,3871.43,68484.615
2025-11-01 15:00:00+00:00,3871.43,3901.36,3869.95,3893.01,144072.409
2025-11-01 16:00:00+00:00,3893.02,3907.61,3883.79,3890.24,97218.713
2025-11-01 17:00:00+00:00,3890.24,3892.56,3860.44,3864.19,122113.694
2025-11-01 18:00:00+00:00,3864.2,3879.2,3862.24,3878.38,42935.913
2025-11-01 19:00:00+00:00,3878.37,3879.39,3869.23,3878.34,19626.696
2025-11-01 20:00:00+00:00,3878.33,3890.0,3877.05,3879.93,32333.718
2025-11-01 21:00:00+00:00,3879.92,3883.0,3865.81,3865.82,26761.494
2025-11-01 22:00:00+00:00,3865.81,3874.46,3862.44,3873.24,32831.639
2025-11-01 23:00:00+00:00,3873.23,3875.9,3867.11,3872.14,16320.299
2025-11-02 00:00:00+00:00,3872.14,3872.57,3860.21,3864.73,35734.516
2025-11-02 01:00:00+00:00,3864.73,3875.69,3860.01,3870.47,33845.848
2025-11-02 02:00:00+00:00,3870.47,3885.83,3867.0,3878.47,40574.281
2025-11-02 03:00:00+00:00,3878.47,3883.55,3876.2,3879.25,22488.409
2025-11-02 04:00:00+00:00,3879.25,3915.98,3874.08,3907.21,116420.132
2025-11-02 05:00:00+00:00,3907.22,3908.0,3893.0,3901.05,59945.42
2025-11-02 06:00:00+00:00,3901.05,3906.74,3890.1,3900.28,40939.567
2025-11-02 07:00:00+00:00,3900.28,3917.0,3890.34,3904.57,76720.933
2025-11-02 08:00:00+00:00,3904.58,3909.34,3890.02,3893.22,58844.554
2025-11-02 09:00:00+00:00,3893.22,3901.86,3864.45,3870.77,143070.464
2025-11-02 10:00:00+00:00,3870.76,3874.69,3851.24,3861.64,144890.084
2025-11-02 11:00:00+00:00,3861.64,3895.8,3860.43,3888.92,136123.448
2025-11-02 12:00:00+00:00,3888.93,3892.98,3869.7,3875.91,91944.84
2025-11-02 13:00:00+00:00,3875.9,3875.92,3852.3,3866.46,105473.329
2025-11-02 14:00:00+00:00,3866.46,3871.5,3837.04,3851.4,140088.427
2025-11-02 15:00:00+00:00,3851.4,3869.91,3844.01,3851.63,74384.643
2025-11-02 16:00:00+00:00,3851.63,3863.58,3838.23,3862.75,90327.63
2025-11-02 17:00:00+00:00,3862.75,3862.76,3847.85,3857.7,31239.354
2025-11-02 18:00:00+00:00,3857.7,3865.89,3853.52,3862.44,27193.756
2025-11-02 19:00:00+00:00,3862.44,3862.99,3840.93,3854.38,48063.536
2025-11-02 20:00:00+00:00,3854.38,3858.19,3846.0,3857.19,19203.337
2025-11-02 21:00:00+00:00,3857.19,3867.45,3848.39,3859.54,34074.826
2025-11-02 22:00:00+00:00,3859.54,3862.08,3842.41,3853.39,36082.148
2025-11-02 23:00:00+00:00,3853.39,3915.0,3853.39,3904.8,209180.307
2025-11-03 00:00:00+00:00,3904.79,3913.34,3861.15,3863.3,166123.255
2025-11-03 01:00:00+00:00,3863.31,3863.41,3826.51,3835.16,232646.407
2025-11-03 02:00:00+00:00,3835.17,3840.08,3780.0,3797.39,357970.282
2025-11-03 03:00:00+00:00,3797.4,3805.0,3726.0,3734.73,483663.104
2025-11-03 04:00:00+00:00,3734.74,3746.7,3713.22,3744.76,249616.773
2025-11-03 05:00:00+00:00,3744.77,3764.07,3726.0,3730.25,170663.271
2025-11-03 06:00:00+00:00,3730.26,3739.67,3682.0,3717.01,343865.766
2025-11-03 07:00:00+00:00,3717.01,3735.83,3697.0,3713.1,217036.81
2025-11-03 08:00:00+00:00,3713.09,3719.75,3686.02,3714.91,202546.65
2025-11-03 09:00:00+00:00,3714.92,3739.98,3694.39,3701.71,223062.048
2025-11-03 10:00:00+00:00,3701.71,3718.14,3650.13,3674.56,239598.298
2025-11-03 11:00:00+00:00,3674.55,3722.65,3671.2,3710.0,257646.968
2025-11-03 12:00:00+00:00,3710.01,3726.9,3702.9,3707.58,122102.832
2025-11-03 13:00:00+00:00,3707.58,3727.06,3691.48,3718.47,172601.871
2025-11-03 14:00:00+00:00,3718.47,3747.36,3703.0,3732.82,242918.51
2025-11-03 15:00:00+00:00,3732.83,3737.86,3578.4,3587.38,1027321.824
2025-11-03 16:00:00+00:00,3587.38,3626.0,3562.27,3617.56,505294.931
2025-11-03 17:00:00+00:00,3617.56,3681.23,3608.96,3664.65,327864.625
2025-11-03 18:00:00+00:00,3664.65,3671.96,3629.0,3630.75,147930.308
2025-11-03 19:00:00+00:00,3630.75,3647.65,3618.77,3629.6,155726.608
2025-11-03 20:00:00+00:00,3629.61,3635.0,3560.51,3586.82,256248.811
2025-11-03 21:00:00+00:00,3586.83,3613.61,3556.0,3600.54,230279.487
2025-11-03 22:00:00+00:00,3600.55,3602.33,3558.02,3588.26,141412.727
2025-11-03 23:00:00+00:00,3588.26,3605.83,3563.78,3602.15,125332.331
2025-11-04 00:00:00+00:00,3602.15,3635.0,3565.95,3616.49,257208.651
2025-11-04 01:00:00+00:00,3616.5,3653.65,3605.71,3642.85,168665.263
2025-11-04 02:00:00+00:00,3642.85,3647.35,3616.56,3624.51,106958.755
2025-11-04 03:00:00+00:00,3624.5,3650.0,3618.8,3640.9,105898.379
2025-11-04 04:00:00+00:00,3640.91,3646.8,3620.0,3623.85,93995.371
2025-11-04 05:00:00+00:00,3623.86,3630.62,3482.2,3490.3,757237.511
2025-11-04 06:00:00+00:00,3490.31,3560.98,3476.0,3510.89,548719.14
2025-11-04 07:00:00+00:00,3510.88,3530.69,3470.58,3492.79,349326.819
2025-11-04 08:00:00+00:00,3492.78,3512.0,3460.0,3494.72,327718.369
2025-11-04 09:00:00+00:00,3494.72,3502.04,3474.49,3490.83,169265.05
2025-11-04 10:00:00+00:00,3490.82,3501.42,3471.52,3484.24,158710.115
2025-11-04 11:00:00+00:00,3484.23,3534.14,3481.77,3527.78,226994.424
2025-11-04 12:00:00+00:00,3527.78,3531.25,3493.6,3509.56,179436.065
2025-11-04 13:00:00+00:00,3509.55,3522.0,3490.92,3505.4,178083.716
2025-11-04 14:00:00+00:00,3505.4,3561.99,3471.38,3554.33,520796.152
2025-11-04 15:00:00+00:00,3554.34,3586.12,3492.72,3506.0,534079.298
2025-11-04 16:00:00+00:00,3505.99,3518.95,3423.0,3428.29,526813.927
2025-11-04 17:00:00+00:00,3428.3,3428.69,3361.45,3371.57,866146.856
2025-11-04 18:00:00+00:00,3371.58,3372.63,3255.0,3301.38,1113575.747
2025-11-04 19:00:00+00:00,3301.37,3315.49,3225.0,3229.84,471240.945
2025-11-04 20:00:00+00:00,3229.83,3252.63,3122.67,3211.5,1172638.018
2025-11-04 21:00:00+00:00,3211.5,3217.56,3055.0,3213.77,975611.959
2025-11-04 22:00:00+00:00,3213.78,3289.66,3197.0,3246.44,480154.44
2025-11-04 23:00:00+00:00,3246.43,3305.75,3241.06,3285.28,388996.026
2025-11-05 00:00:00+00:00,3285.28,3300.0,3227.21,3239.03,285008.501
2025-11-05 01:00:00+00:00,3239.04,3253.61,3165.41,3241.91,510394.756
2025-11-05 02:00:00+00:00,3241.9,3325.74,3241.59,3323.88,436479.346
2025-11-05 03:00:00+00:00,3323.85,3347.75,3303.8,3333.44,269739.017
2025-11-05 04:00:00+00:00,3333.45,3344.76,3312.44,3328.04,174608.697
2025-11-05 05:00:00+00:00,3328.04,3353.8,3322.65,3324.07,125580.66
2025-11-05 06:00:00+00:00,3324.07,3340.0,3309.09,3335.55,156665.384
2025-11-05 07:00:00+00:00,3335.55,3340.0,3301.51,3329.1,132925.625
2025-11-05 08:00:00+00:00,3329.09,3329.19,3281.0,3299.48,244539.743
2025-11-05 09:00:00+00:00,3299.48,3321.17,3292.0,3306.15,130929.843
2025-11-05 10:00:00+00:00,3306.15,3306.87,3272.24,3274.86,133707.984
2025-11-05 11:00:00+00:00,3274.86,3323.98,3274.06,3320.97,214563.216
2025-11-05 12:00:00+00:00,3320.98,3359.02,3311.26,3343.55,277044.745
2025-11-05 13:00:00+00:00,3343.55,3375.0,3323.25,3358.72,278866.704
2025-11-05 14:00:00+00:00,3358.71,3371.16,3317.48,3347.19,335545.861
2025-11-05 15:00:00+00:00,3347.2,3397.67,3331.69,3396.31,319053.497
2025-11-05 16:00:00+00:00,3396.32,3438.0,3368.05,3435.42,446961.008
2025-11-05 17:00:00+00:00,3435.43,3446.82,3415.9,3433.79,222388.245
2025-11-05 18:00:00+00:00,3433.78,3478.5,3427.81,3460.24,197619.42
2025-11-05 19:00:00+00:00,3460.24,3471.07,3442.91,3453.32,139727.871
2025-11-05 20:00:00+00:00,3453.31,3479.0,3439.14,3449.52,164995.059
2025-11-05 21:00:00+00:00,3449.51,3449.98,3427.44,3440.57,150292.513
2025-11-05 22:00:00+00:00,3440.56,3444.0,3413.62,3422.96,106201.603
2025-11-05 23:00:00+00:00,3422.95,3434.54,3413.89,3423.06,76069.68
2025-11-06 00:00:00+00:00,3423.06,3423.06,3391.08,3405.9,153658.536
2025-11-06 01:00:00+00:00,3405.89,3409.71,3373.7,3404.26,165681.511
2025-11-06 02:00:00+00:00,3404.26,3428.95,3390.65,3420.5,145267.071
2025-11-06 03:00:00+00:00,3420.51,3449.37,3419.67,3431.33,125836.633
2025-11-06 04:00:00+00:00,3431.34,3455.0,3427.19,3450.87,82297.703
2025-11-06 05:00:00+00:00,3450.88,3450.88,3378.51,3387.0,223809.791
2025-11-06 06:00:00+00:00,3387.0,3401.84,3377.01,3383.54,136200.379
2025-11-06 07:00:00+00:00,3383.53,3393.86,3357.94,3378.9,193518.007
2025-11-06 08:00:00+00:00,3378.89,3393.47,3370.89,3383.61,119244.276
2025-11-06 09:00:00+00:00,3383.6,3393.05,3373.42,3381.5,88777.873
2025-11-06 10:00:00+00:00,3381.51,3414.3,3365.0,3392.32,195270.229
2025-11-06 11:00:00+00:00,3392.32,3406.81,3378.7,3397.85,110524.652
2025-11-06 12:00:00+00:00,3397.84,3403.94,3340.53,3347.88,247169.935
2025-11-06 13:00:00+00:00,3347.88,3402.03,3347.88,3389.65,183869.597
2025-11-06 14:00:00+00:00,3389.66,3399.02,3317.18,3327.99,411388.45
2025-11-06 15:00:00+00:00,3327.99,3365.0,3275.19,3300.01,628692.34
2025-11-06 16:00:00+00:00,3300.01,3321.97,3245.0,3275.64,491034.044
2025-11-06 17:00:00+00:00,3275.64,3340.0,3269.34,3328.32,353463.269
2025-11-06 18:00:00+00:00,3328.32,3351.81,3293.39,3327.31,280162.633
2025-11-06 19:00:00+00:00,3327.31,3342.0,3308.21,3324.54,156310.332
2025-11-06 20:00:00+00:00,3324.56,3335.43,3285.97,3305.6,144838.089
2025-11-06 21:00:00+00:00,3305.57,3335.0,3290.95,3324.6,108968.924
2025-11-06 22:00:00+00:00,3324.61,3328.83,3294.0,3317.77,75166.287
2025-11-06 23:00:00+00:00,3317.77,3318.0,3288.61,3313.7,102268.835
2025-11-07 00:00:00+00:00,3313.7,3331.25,3292.0,3323.84,150215.985
2025-11-07 01:00:00+00:00,3323.85,3329.41,3273.04,3323.55,221432.504
2025-11-07 02:00:00+00:00,3323.55,3351.55,3302.6,3345.68,137376.493
2025-11-07 03:00:00+00:00,3345.69,3364.0,3341.5,3343.67,129890.813
2025-11-07 04:00:00+00:00,3343.68,3347.21,3318.15,3336.82,120590.376
2025-11-07 05:00:00+00:00,3336.82,3370.0,3336.13,3365.4,136956.128
2025-11-07 06:00:00+00:00,3365.41,3368.66,3345.91,3346.31,67206.746
2025-11-07 07:00:00+00:00,3346.3,3363.0,3333.95,3356.32,103112.934
2025-11-07 08:00:00+00:00,3356.31,3359.29,3332.02,3340.31,76845.127
2025-11-07 09:00:00+00:00,3340.3,3340.72,3288.11,3299.84,205009.904
2025-11-07 10:00:00+00:00,3299.84,3309.0,3270.03,3279.0,181279.876
2025-11-07 11:00:00+00:00,3279.0,3279.0,3224.05,3258.62,400370.399
2025-11-07 12:00:00+00:00,3258.61,3275.0,3195.58,3221.66,393406.015
2025-11-07 13:00:00+00:00,3221.67,3248.72,3213.01,3239.53,231467.692
2025-11-07 14:00:00+00:00,3239.52,3298.28,3192.92,3286.69,469282.165
2025-11-07 15:00:00+00:00,3286.65,3317.1,3260.7,3295.99,416504.043
2025-11-07 16:00:00+00:00,3296.0,3332.0,3271.76,3307.46,289101.24
2025-11-07 17:00:00+00:00,3307.47,3394.89,3295.0,3384.36,372776.671
2025-11-07 18:00:00+00:00,3384.37,3434.13,3376.64,3424.85,282526.817
2025-11-07 19:00:00+00:00,3424.84,3449.0,3415.41,3441.94,163067.491
2025-11-07 20:00:00+00:00,3441.93,3470.0,3428.35,3463.14,191223.326
2025-11-07 21:00:00+00:00,3463.14,3469.58,3447.43,3467.01,80241.465
2025-11-07 22:00:00+00:00,3467.02,3472.23,3441.99,3444.52,88009.457
2025-11-07 23:00:00+00:00,3444.52,3449.0,3431.11,3434.36,96049.761
2025-11-08 00:00:00+00:00,3434.37,3447.61,3404.93,3423.36,163882.405
2025-11-08 01:00:00+00:00,3423.36,3446.18,3420.42,3436.22,74522.503
2025-11-08 02:00:00+00:00,3436.23,3458.89,3431.02,3439.6,95530.788
2025-11-08 03:00:00+00:00,3439.6,3465.77,3438.28,3452.5,105419.364
2025-11-08 04:00:00+00:00,3452.51,3490.0,3447.53,3457.13,145820.541
2025-11-08 05:00:00+00:00,3457.12,3465.49,3422.84,3429.86,134287.841
2025-11-08 06:00:00+00:00,3429.86,3454.43,3414.49,3443.75,160283.362
2025-11-08 07:00:00+00:00,3443.75,3449.99,3423.09,3446.41,92798.206
2025-11-08 08:00:00+00:00,3446.41,3468.43,3434.04,3453.28,90224.469
2025-11-08 09:00:00+00:00,3453.28,3463.59,3437.05,3438.32,80075.686
2025-11-08 10:00:00+00:00,3438.32,3449.0,3431.74,3444.45,69932.212
2025-11-08 11:00:00+00:00,3444.45,3454.9,3405.03,3411.53,158734.027
2025-11-08 12:00:00+00:00,3411.54,3416.74,3396.0,3407.78,141789.382
2025-11-08 13:00:00+00:00,3407.78,3411.6,3388.09,3395.2,148607.821
2025-11-08 14:00:00+00:00,3395.21,3411.46,3371.61,3398.56,216565.274
2025-11-08 15:00:00+00:00,3398.57,3402.8,3367.81,3375.68,128818.575
2025-11-08 16:00:00+00:00,3375.69,3382.94,3353.31,3366.84,185869.282
2025-11-08 17:00:00+00:00,3366.85,3399.0,3361.65,3397.69,129164.706
2025-11-08 18:00:00+00:00,3397.69,3406.46,3384.56,3401.35,74506.534
2025-11-08 19:00:00+00:00,3401.34,3405.03,3361.49,3387.61,104815.864
2025-11-08 20:00:00+00:00,3387.62,3402.49,3378.4,3396.1,53831.177
2025-11-08 21:00:00+00:00,3396.1,3408.75,3393.0,3404.18,39980.818
2025-11-08 22:00:00+00:00,3404.19,3409.89,3392.66,3407.46,32312.441
2025-11-08 23:00:00+00:00,3407.45,3414.33,3398.26,3400.07,35612.941
2025-11-09 00:00:00+00:00,3400.08,3401.0,3371.35,3383.34,88773.382
2025-11-09 01:00:00+00:00,3383.34,3403.0,3377.74,3399.21,48503.38
2025-11-09 02:00:00+00:00,3399.21,3399.21,3362.41,3366.56,89234.255
2025-11-09 03:00:00+00:00,3366.56,3376.9,3356.74,3374.82,80712.837
2025-11-09 04:00:00+00:00,3374.82,3389.0,3368.62,3373.08,70367.005
2025-11-09 05:00:00+00:00,3373.08,3407.2,3371.0,3403.9,100786.497
2025-11-09 06:00:00+00:00,3403.9,3418.72,3398.12,3403.49,74242.522
2025-11-09 07:00:00+00:00,3403.5,3425.68,3401.52,3421.05,72149.183
2025-11-09 08:00:00+00:00,3421.06,3422.94,3408.0,3420.19,53636.902
2025-11-09 09:00:00+00:00,3420.19,3434.0,3397.56,3399.64,136421.031
2025-11-09 10:00:00+00:00,3399.65,3400.85,3380.71,3400.33,120953.753
2025-11-09 11:00:00+00:00,3400.34,3432.15,3400.34,3426.99,111989.898
2025-11-09 12:00:00+00:00,3427.0,3464.54,3423.22,3440.64,190831.433
2025-11-09 13:00:00+00:00,3440.64,3463.0,3440.5,3456.72,112758.121
2025-11-09 14:00:00+00:00,3456.71,3563.19,3451.77,3505.01,627842.358
2025-11-09 15:00:00+00:00,3505.01,3535.51,3501.93,3513.58,190327.97
2025-11-09 16:00:00+00:00,3513.58,3535.96,3500.0,3526.22,172296.979
2025-11-09 17:00:00+00:00,3526.22,3530.0,3501.0,3514.0,84448.543
2025-11-09 18:00:00+00:00,3514.0,3542.85,3508.78,3539.67,85947.502
2025-11-09 19:00:00+00:00,3539.66,3578.7,3532.84,3578.04,173430.897
2025-11-09 20:00:00+00:00,3578.03,3597.43,3560.07,3577.43,148209.994
2025-11-09 21:00:00+00:00,3577.43,3595.38,3571.38,3579.46,95121.55
2025-11-09 22:00:00+00:00,3579.47,3594.0,3563.07,3586.1,80851.888
2025-11-09 23:00:00+00:00,3586.1,3624.4,3563.45,3581.31,232266.969
2025-11-10 00:00:00+00:00,3581.31,3651.92,3548.88,3634.14,342094.44
2025-11-10 01:00:00+00:00,3634.13,3658.0,3615.21,3628.26,227159.684
2025-11-10 02:00:00+00:00,3628.26,3638.17,3611.0,3627.32,114811.259
2025-11-10 03:00:00+00:00,3627.33,3647.0,3621.89,3626.45,99362.152
2025-11-10 04:00:00+00:00,3626.44,3630.71,3602.0,3615.98,109451.171
2025-11-10 05:00:00+00:00,3615.98,3625.0,3587.56,3606.81,117688.275
2025-11-10 06:00:00+00:00,3606.81,3611.62,3593.01,3603.91,66175.343
2025-11-10 07:00:00+00:00,3603.91,3621.66,3602.0,3607.5,86403.855
2025-11-10 08:00:00+00:00,3607.51,3614.53,3585.59,3593.29,149654.51
2025-11-10 09:00:00+00:00,3593.28,3630.3,3585.42,3623.32,138132.449
2025-11-10 10:00:00+00:00,3623.32,3626.81,3602.3,3605.07,74699.943
2025-11-10 11:00:00+00:00,3605.08,3619.99,3602.33,3608.9,69001.266
2025-11-10 12:00:00+00:00,3608.89,3609.4,3581.68,3590.46,111101.478
2025-11-10 13:00:00+00:00,3590.46,3620.71,3588.45,3613.91,150128.432
2025-11-10 14:00:00+00:00,3613.91,3614.23,3528.05,3540.0,428752.976
2025-11-10 15:00:00+00:00,3540.0,3559.3,3506.66,3518.1,397014.689
2025-11-10 16:00:00+00:00,3518.1,3536.84,3505.55,3528.04,225181.528
2025-11-10 17:00:00+00:00,3528.04,3559.0,3520.79,3553.38,207957.499
2025-11-10 18:00:00+00:00,3553.38,3556.0,3530.51,3530.75,92881.98
2025-11-10 19:00:00+00:00,3530.75,3574.73,3527.04,3556.83,133457.309
2025-11-10 20:00:00+00:00,3556.83,3582.69,3553.32,3570.22,115813.008
2025-11-10 21:00:00+00:00,3570.22,3571.04,3528.48,3540.12,123449.056
2025-11-10 22:00:00+00:00,3540.11,3578.8,3527.06,3574.59,87099.18
2025-11-10 23:00:00+00:00,3574.6,3580.0,3561.0,3566.38,64621.227
2025-11-11 00:00:00+00:00,3566.38,3591.47,3551.11,3584.0,117634.756
2025-11-11 01:00:00+00:00,3584.01,3647.54,3573.09,3579.96,325679.253
2025-11-11 02:00:00+00:00,3579.97,3635.41,3557.15,3613.77,273209.574
2025-11-11 03:00:00+00:00,3613.76,3632.0,3596.65,3604.2,143519.637
2025-11-11 04:00:00+00:00,3604.21,3608.44,3570.72,3573.35,125675.897
2025-11-11 05:00:00+00:00,3573.36,3574.2,3541.48,3546.92,156415.125
2025-11-11 06:00:00+00:00,3546.92,3557.66,3528.8,3555.67,228096.096
2025-11-11 07:00:00+00:00,3555.67,3565.0,3540.24,3542.88,115916.499
2025-11-11 08:00:00+00:00,3542.88,3562.0,3541.22,3561.19,79485.437
2025-11-11 09:00:00+00:00,3561.2,3585.29,3549.53,3553.96,158225.013
2025-11-11 10:00:00+00:00,3553.96,3564.82,3546.5,3558.78,74473.737
2025-11-11 11:00:00+00:00,3558.78,3580.23,3558.43,3572.4,110660.865
2025-11-11 12:00:00+00:00,3572.4,3593.0,3538.05,3539.7,192982.376
2025-11-11 13:00:00+00:00,3539.68,3572.94,3524.0,3530.99,239143.35
2025-11-11 14:00:00+00:00,3530.99,3546.26,3483.71,3528.26,482846.828
2025-11-11 15:00:00+00:00,3528.26,3528.26,3466.0,3479.62,366500.417
2025-11-11 16:00:00+00:00,3479.62,3499.1,3463.42,3483.45,206339.411
2025-11-11 17:00:00+00:00,3483.45,3497.18,3443.04,3471.5,236226.07
2025-11-11 18:00:00+00:00,3471.49,3485.3,3458.33,3467.29,140235.052
2025-11-11 19:00:00+00:00,3467.31,3468.72,3447.8,3455.65,106394.219
2025-11-11 20:00:00+00:00,3455.66,3460.66,3427.04,3437.4,194195.457
2025-11-11 21:00:00+00:00,3437.4,3448.67,3406.6,3416.19,194381.113
2025-11-11 22:00:00+00:00,3416.19,3435.33,3403.02,3428.46,129655.456
2025-11-11 23:00:00+00:00,3428.47,3437.05,3407.45,3416.32,112552.306
2025-11-12 00:00:00+00:00,3416.33,3433.64,3408.14,3416.64,107907.233
2025-11-12 01:00:00+00:00,3416.65,3450.0,3410.69,3445.82,157546.638
2025-11-12 02:00:00+00:00,3445.82,3454.68,3415.58,3425.94,136550.666
2025-11-12 03:00:00+00:00,3425.95,3444.63,3419.85,3437.52,68499.123
2025-11-12 04:00:00+00:00,3437.52,3444.0,3430.3,3442.65,55169.371
2025-11-12 05:00:00+00:00,3442.65,3455.0,3441.48,3447.46,104362.875
2025-11-12 06:00:00+00:00,3447.45,3455.79,3436.66,3436.66,54984.069
2025-11-12 07:00:00+00:00,3436.67,3450.99,3422.17,3426.52,83814.015
2025-11-12 08:00:00+00:00,3426.51,3479.0,3426.33,3466.95,193564.232
2025-11-12 09:00:00+00:00,3466.94,3492.97,3464.06,3482.07,181666.504
2025-11-12 10:00:00+00:00,3482.07,3547.95,3481.31,3532.5,264759.176
2025-11-12 11:00:00+00:00,3532.49,3569.0,3532.19,3548.25,240215.004
2025-11-12 12:00:00+00:00,3548.24,3564.97,3538.04,3550.74,141177.617
2025-11-12 13:00:00+00:00,3550.73,3587.24,3543.64,3575.41,190733.087
2025-11-12 14:00:00+00:00,3575.42,3580.18,3478.07,3500.94,506522.768
2025-11-12 15:00:00+00:00,3500.94,3519.96,3416.27,3426.34,613053.717
2025-11-12 16:00:00+00:00,3426.33,3431.81,3370.0,3398.09,658067.255
2025-11-12 17:00:00+00:00,3398.1,3454.22,3390.12,3428.01,333982.03
2025-11-12 18:00:00+00:00,3428.0,3455.0,3416.04,3422.85,202356.865
2025-11-12 19:00:00+00:00,3422.85,3425.25,3370.8,3406.58,269089.796
2025-11-12 20:00:00+00:00,3406.58,3438.82,3398.78,3415.23,110942.877
2025-11-12 21:00:00+00:00,3415.24,3428.43,3406.66,3421.84,66258.26
2025-11-12 22:00:00+00:00,3421.84,3421.85,3390.01,3420.44,67530.185
2025-11-12 23:00:00+00:00,3420.45,3422.06,3402.0,3413.46,76300.076
2025-11-13 00:00:00+00:00,3413.45,3432.38,3403.0,3410.9,106906.89
2025-11-13 01:00:00+00:00,3410.9,3456.5,3409.03,3422.76,208058.441
2025-11-13 02:00:00+00:00,3422.77,3445.75,3421.29,3432.89,72647.359
2025-11-13 03:00:00+00:00,3432.89,3473.0,3375.09,3451.33,335816.296
2025-11-13 04:00:00+00:00,3451.32,3491.79,3432.02,3481.09,302066.374
2025-11-13 05:00:00+00:00,3481.09,3539.79,3464.73,3527.67,224374.707
2025-11-13 06:00:00+00:00,3527.67,3552.88,3519.27,3539.68,238462.641
2025-11-13 07:00:00+00:00,3539.68,3565.0,3530.38,3537.15,237433.437
2025-11-13 08:00:00+00:00,3537.16,3549.0,3518.5,3522.85,160014.966
2025-11-13 09:00:00+00:00,3522.85,3528.16,3475.0,3485.2,312902.933
2025-11-13 10:00:00+00:00,3485.21,3516.0,3485.21,3504.13,146189.369
2025-11-13 11:00:00+00:00,3504.12,3517.03,3492.86,3499.98,101277.911
2025-11-13 12:00:00+00:00,3499.97,3509.83,3479.99,3499.65,155119.453
2025-11-13 13:00:00+00:00,3499.66,3500.36,3425.0,3436.47,442100.987
2025-11-13 14:00:00+00:00,3436.48,3481.26,3391.26,3441.72,582344.97
2025-11-13 15:00:00+00:00,3441.72,3446.5,3365.0,3385.52,567618.531
2025-11-13 16:00:00+00:00,3385.52,3397.96,3322.0,3326.74,555055.62
2025-11-13 17:00:00+00:00,3326.74,3328.0,3252.0,3254.4,638933.783
2025-11-13 18:00:00+00:00,3254.4,3264.15,3182.22,3212.47,651570.349
2025-11-13 19:00:00+00:00,3212.46,3237.95,3173.38,3196.23,479392.039
2025-11-13 20:00:00+00:00,3196.22,3204.98,3152.49,3170.38,520996.1
2025-11-13 21:00:00+00:00,3170.38,3192.27,3159.0,3177.87,205535.542
2025-11-13 22:00:00+00:00,3177.87,3235.0,3172.91,3227.74,234225.72
2025-11-13 23:00:00+00:00,3227.75,3270.58,3214.7,3230.12,274207.372
2025-11-14 00:00:00+00:00,3230.13,3239.67,3185.81,3199.2,365999.838
2025-11-14 01:00:00+00:00,3199.22,3220.0,3183.17,3205.39,259537.309
2025-11-14 02:00:00+00:00,3205.39,3250.0,3203.05,3236.25,189439.159
2025-11-14 03:00:00+00:00,3236.25,3238.1,3206.07,3226.5,139249.36
2025-11-14 04:00:00+00:00,3226.49,3227.0,3104.0,3161.51,546937.326
2025-11-14 05:00:00+00:00,3161.5,3205.66,3155.01,3191.01,350416.633
2025-11-14 06:00:00+00:00,3191.01,3225.0,3133.0,3221.05,420233.469
2025-11-14 07:00:00+00:00,3221.05,3239.67,3191.93,3213.82,398653.584
2025-11-14 08:00:00+00:00,3213.82,3217.8,3181.1,3203.72,228505.48
2025-11-14 09:00:00+00:00,3203.72,3214.6,3147.68,3154.7,312944.549
2025-11-14 10:00:00+00:00,3154.7,3194.7,3153.0,3174.71,159996.017
2025-11-14 11:00:00+00:00,3174.71,3181.69,3115.0,3142.93,394127.41
2025-11-14 12:00:00+00:00,3142.93,3142.93,3068.0,3125.71,704996.506
2025-11-14 13:00:00+00:00,3125.71,3149.99,3071.41,3120.64,501944.429
2025-11-14 14:00:00+00:00,3120.64,3219.77,3105.67,3197.85,824792.646
2025-11-14 15:00:00+00:00,3197.85,3233.66,3158.56,3195.73,484735.785
2025-11-14 16:00:00+00:00,3195.73,3255.95,3181.37,3229.92,322284.615
2025-11-14 17:00:00+00:00,3229.92,3244.48,3158.0,3178.55,277765.305
2025-11-14 18:00:00+00:00,3178.55,3207.85,3153.17,3167.74,254785.38
2025-11-14 19:00:00+00:00,3167.74,3219.6,3158.52,3206.37,212962.027
2025-11-14 20:00:00+00:00,3206.37,3212.04,3120.22,3136.22,246037.524
2025-11-14 21:00:00+00:00,3136.22,3174.39,3123.0,3165.97,153071.001
2025-11-14 22:00:00+00:00,3165.97,3186.0,3140.61,3157.71,130601.938
2025-11-14 23:00:00+00:00,3157.72,3157.72,3088.0,3111.2,227638.193
2025-11-15 00:00:00+00:00,3111.2,3149.8,3109.16,3139.8,158932.987
2025-11-15 01:00:00+00:00,3139.8,3177.95,3123.02,3172.11,114754.143
2025-11-15 02:00:00+00:00,3172.12,3192.56,3161.4,3192.24,122619.253
2025-11-15 03:00:00+00:00,3192.22,3192.8,3166.01,3177.88,117365.282
2025-11-15 04:00:00+00:00,3177.88,3190.88,3157.12,3170.7,94584.929
2025-11-15 05:00:00+00:00,3170.71,3182.0,3160.08,3177.49,58530.26
2025-11-15 06:00:00+00:00,3177.5,3186.62,3165.07,3173.98,59165.293
2025-11-15 07:00:00+00:00,3173.99,3184.05,3166.82,3174.98,49523.841
2025-11-15 08:00:00+00:00,3174.99,3176.6,3132.66,3141.51,164951.053
2025-11-15 09:00:00+00:00,3141.52,3164.0,3137.2,3151.68,94878.958
2025-11-15 10:00:00+00:00,3151.68,3170.95,3144.23,3167.41,73959.399
2025-11-15 11:00:00+00:00,3167.42,3171.19,3145.36,3151.22,69787.061
2025-11-15 12:00:00+00:00,3151.21,3166.84,3146.0,3160.9,59813.732
2025-11-15 13:00:00+00:00,3160.89,3197.5,3157.67,3191.29,155656.988
2025-11-15 14:00:00+00:00,3191.28,3191.81,3173.1,3176.34,82302.287
2025-11-15 15:00:00+00:00,3176.34,3189.33,3171.64,3184.5,53842.186
2025-11-15 16:00:00+00:00,3184.5,3186.53,3160.71,3184.78,103541.116
2025-11-15 17:00:00+00:00,3184.77,3218.73,3180.7,3214.12,230861.776
2025-11-15 18:00:00+00:00,3214.12,3230.56,3202.89,3207.14,179450.204
2025-11-15 19:00:00+00:00,3207.15,3213.34,3191.15,3196.7,55808.522
2025-11-15 20:00:00+00:00,3196.69,3199.4,3165.56,3173.87,88056.096
2025-11-15 21:00:00+00:00,3173.86,3188.0,3151.33,3156.59,100123.297
2025-11-15 22:00:00+00:00,3156.59,3171.38,3153.34,3170.0,52784.349
2025-11-15 23:00:00+00:00,3170.0,3176.58,3165.53,3166.55,41254.603
2025-11-16 00:00:00+00:00,3166.56,3173.57,3144.03,3151.53,97598.521
2025-11-16 01:00:00+00:00,3151.53,3156.82,3130.01,3149.44,152057.896
2025-11-16 02:00:00+00:00,3149.45,3204.47,3141.0,3202.04,199897.375
2025-11-16 03:00:00+00:00,3202.04,3209.51,3191.92,3201.56,96260.038
2025-11-16 04:00:00+00:00,3201.56,3206.0,3185.76,3193.38,75099.435
2025-11-16 05:00:00+00:00,3193.38,3214.99,3192.4,3203.74,96039.066
2025-11-16 06:00:00+00:00,3203.73,3215.4,3196.98,3199.89,63192.731
2025-11-16 07:00:00+00:00,3199.9,3219.75,3197.65,3218.21,67203.204
2025-11-16 08:00:00+00:00,3218.22,3227.58,3205.0,3218.4,89048.717
2025-11-16 09:00:00+00:00,3218.41,3248.5,3207.5,3247.13,150002.925
2025-11-16 10:00:00+00:00,3247.12,3247.39,3227.52,3234.96,93792.528
2025-11-16 11:00:00+00:00,3234.95,3236.5,3158.35,3167.18,399823.391
2025-11-16 12:00:00+00:00,3167.17,3181.32,3152.49,3168.55,232692.761
2025-11-16 13:00:00+00:00,3168.55,3172.48,3137.01,3152.6,194555.487
2025-11-16 14:00:00+00:00,3152.59,3177.96,3146.01,3170.48,187048.066
2025-11-16 15:00:00+00:00,3170.47,3180.0,3095.84,3103.52,371650.828
2025-11-16 16:00:00+00:00,3103.52,3124.69,3056.02,3059.6,624055.411
2025-11-16 17:00:00+00:00,3059.6,3089.95,3025.0,3078.2,675694.104
2025-11-16 18:00:00+00:00,3078.19,3127.21,3041.43,3059.34,506853.206
2025-11-16 19:00:00+00:00,3059.33,3115.85,3056.11,3090.13,192786.171
2025-11-16 20:00:00+00:00,3090.13,3116.8,3084.11,3088.13,89710.709
2025-11-16 21:00:00+00:00,3088.14,3095.93,3056.56,3072.52,167198.751
2025-11-16 22:00:00+00:00,3072.51,3101.82,3042.17,3090.89,214305.589
2025-11-16 23:00:00+00:00,3090.89,3106.45,3001.01,3094.05,477484.882
2025-11-17 00:00:00+00:00,3094.04,3140.0,3067.77,3134.86,349005.111
2025-11-17 01:00:00+00:00,3134.86,3145.64,3117.36,3118.61,135386.524
