timestamp,open,high,low,close,volume
2025-07-10 02:00:00+00:00,40.937,41.699,40.929,41.681,352527.34
2025-07-10 03:00:00+00:00,41.683,41.697,41.324,41.393,197637.12
2025-07-10 04:00:00+00:00,41.393,41.842,41.142,41.728,224342.56
2025-07-10 05:00:00+00:00,41.731,41.764,41.35,41.538,188858.65
2025-07-10 06:00:00+00:00,41.538,41.818,41.436,41.753,147739.33
2025-07-10 07:00:00+00:00,41.753,41.966,41.693,41.769,204627.33
2025-07-10 08:00:00+00:00,41.768,41.978,41.662,41.919,153874.65
2025-07-10 09:00:00+00:00,41.917,41.948,41.585,41.632,138748.5
2025-07-10 10:00:00+00:00,41.632,41.736,41.022,41.2,341186.91
2025-07-10 11:00:00+00:00,41.2,41.4,41.122,41.347,87603.67
2025-07-10 12:00:00+00:00,41.348,41.348,40.718,41.169,236491.45
2025-07-10 13:00:00+00:00,41.168,41.611,41.076,41.302,218077.93
2025-07-10 14:00:00+00:00,41.303,41.783,41.207,41.782,251630.59
2025-07-10 15:00:00+00:00,41.78,41.855,41.5,41.847,204414.1
2025-07-10 16:00:00+00:00,41.847,42.722,41.76,42.532,445884.92
2025-07-10 17:00:00+00:00,42.536,43.159,42.421,43.114,405729.32
2025-07-10 18:00:00+00:00,43.115,43.15,42.613,42.911,289632.54
2025-07-10 19:00:00+00:00,42.903,43.015,42.473,42.796,172151.08
2025-07-10 20:00:00+00:00,42.788,43.226,42.704,43.073,152881.82
2025-07-10 21:00:00+00:00,43.065,43.992,43.02,43.834,611184.84
2025-07-10 22:00:00+00:00,43.834,44.096,43.544,43.747,302482.24
2025-07-10 23:00:00+00:00,43.748,44.01,43.403,43.813,283306.8
2025-07-11 00:00:00+00:00,43.818,43.983,43.383,43.55,339795.11
2025-07-11 01:00:00+00:00,43.549,44.207,43.464,44.044,255286.56
2025-07-11 02:00:00+00:00,44.043,44.266,43.825,44.129,227588.96
2025-07-11 03:00:00+00:00,44.129,44.611,43.984,44.588,228053.66
2025-07-11 04:00:00+00:00,44.586,45.197,44.275,45.182,322221.15
2025-07-11 05:00:00+00:00,45.181,45.655,45.002,45.328,506223.25
2025-07-11 06:00:00+00:00,45.333,46.274,45.269,45.358,601847.58
2025-07-11 07:00:00+00:00,45.36,45.771,45.067,45.265,365432.92
2025-07-11 08:00:00+00:00,45.266,45.891,45.264,45.841,218960.46
2025-07-11 09:00:00+00:00,45.843,46.356,45.6,46.115,446008.37
2025-07-11 10:00:00+00:00,46.115,46.222,45.666,45.885,290256.76
2025-07-11 11:00:00+00:00,45.884,45.985,45.473,45.606,202303.15
2025-07-11 12:00:00+00:00,45.612,45.746,45.14,45.604,171845.78
2025-07-11 13:00:00+00:00,45.605,45.947,45.222,45.787,231945.95
2025-07-11 14:00:00+00:00,45.788,46.464,45.55,45.711,351218.18
2025-07-11 15:00:00+00:00,45.708,45.905,45.151,45.227,363054.05
2025-07-11 16:00:00+00:00,45.235,46.036,45.043,46.016,353505.04
2025-07-11 17:00:00+00:00,46.017,46.524,46.013,46.39,273674.4
2025-07-11 18:00:00+00:00,46.391,46.646,46.096,46.575,138097.89
2025-07-11 19:00:00+00:00,46.57,46.888,46.33,46.869,238104.94
2025-07-11 20:00:00+00:00,46.862,46.939,45.935,45.98,216487.71
2025-07-11 21:00:00+00:00,45.98,46.135,45.487,45.668,175145.89
2025-07-11 22:00:00+00:00,45.664,45.823,45.254,45.756,226059.41
2025-07-11 23:00:00+00:00,45.756,46.409,45.711,46.383,171146.39
2025-07-12 00:00:00+00:00,46.382,46.459,45.722,46.193,187229.26
2025-07-12 01:00:00+00:00,46.194,46.539,46.057,46.482,134002.53
2025-07-12 02:00:00+00:00,46.482,46.551,46.14,46.179,109754.21
2025-07-12 03:00:00+00:00,46.179,46.441,46.145,46.394,54723.65
2025-07-12 04:00:00+00:00,46.394,46.412,45.889,46.022,98338.79
2025-07-12 05:00:00+00:00,46.023,46.4,45.827,46.375,106196.94
2025-07-12 06:00:00+00:00,46.376,46.737,46.107,46.578,143844.95
2025-07-12 07:00:00+00:00,46.579,47.166,46.516,46.84,275327.48
2025-07-12 08:00:00+00:00,46.84,47.142,46.507,46.665,224752.27
2025-07-12 09:00:00+00:00,46.664,47.245,46.567,47.08,152807.17
2025-07-12 10:00:00+00:00,47.081,47.412,46.855,47.196,176360.99
2025-07-12 11:00:00+00:00,47.196,47.409,46.654,46.712,211886.34
2025-07-12 12:00:00+00:00,46.709,46.887,45.927,46.298,382826.55
2025-07-12 13:00:00+00:00,46.299,46.299,45.175,45.898,396272.94
2025-07-12 14:00:00+00:00,45.899,46.357,45.55,45.551,315354.87
2025-07-12 15:00:00+00:00,45.551,45.901,45.228,45.471,366950.84
2025-07-12 16:00:00+00:00,45.471,46.032,45.091,45.289,424614.71
2025-07-12 17:00:00+00:00,45.29,45.872,45.088,45.858,122530.07
2025-07-12 18:00:00+00:00,45.858,46.499,45.809,46.492,179343.92
2025-07-12 19:00:00+00:00,46.491,46.866,46.31,46.685,218163.84
2025-07-12 20:00:00+00:00,46.69,46.746,46.176,46.195,98184.26
2025-07-12 21:00:00+00:00,46.189,46.937,46.159,46.916,147821.65
2025-07-12 22:00:00+00:00,46.916,47.28,46.684,47.018,159360.8
2025-07-12 23:00:00+00:00,47.017,47.323,46.782,47.09,145119.23
2025-07-13 00:00:00+00:00,47.09,47.498,46.938,47.44,185030.15
2025-07-13 01:00:00+00:00,47.432,47.817,47.385,47.465,180970.84
2025-07-13 02:00:00+00:00,47.466,47.592,47.091,47.332,156808.45
2025-07-13 03:00:00+00:00,47.332,47.679,47.302,47.483,116782.65
2025-07-13 04:00:00+00:00,47.484,47.869,47.172,47.817,209986.28
2025-07-13 05:00:00+00:00,47.815,47.919,47.447,47.456,106052.83
2025-07-13 06:00:00+00:00,47.461,47.85,47.392,47.776,72155.16
2025-07-13 07:00:00+00:00,47.777,48.037,47.643,47.985,151560.83
2025-07-13 08:00:00+00:00,47.981,48.062,47.648,47.864,102278.16
2025-07-13 09:00:00+00:00,47.864,47.995,47.584,47.954,95352.77
2025-07-13 10:00:00+00:00,47.959,48.123,47.817,47.884,147798.63
2025-07-13 11:00:00+00:00,47.891,48.184,47.838,48.046,131355.69
2025-07-13 12:00:00+00:00,48.045,48.122,47.717,48.016,129397.99
2025-07-13 13:00:00+00:00,48.008,48.52,47.895,48.324,192999.03
2025-07-13 14:00:00+00:00,48.324,48.8,48.086,48.258,361641.48
2025-07-13 15:00:00+00:00,48.258,48.828,48.196,48.448,259837.13
2025-07-13 16:00:00+00:00,48.448,48.656,48.258,48.347,165137.05
2025-07-13 17:00:00+00:00,48.344,48.63,48.063,48.488,173322.51
2025-07-13 18:00:00+00:00,48.489,49.071,48.441,49.055,121306.25
2025-07-13 19:00:00+00:00,49.055,49.25,48.897,49.069,211562.11
2025-07-13 20:00:00+00:00,49.073,49.307,48.708,49.045,131794.86
2025-07-13 21:00:00+00:00,49.045,49.045,48.177,48.532,205058.76
2025-07-13 22:00:00+00:00,48.532,48.606,47.85,48.253,222418.02
2025-07-13 23:00:00+00:00,48.253,48.952,48.213,48.95,128211.08
2025-07-14 00:00:00+00:00,48.942,49.537,48.839,49.12,221990.1
2025-07-14 01:00:00+00:00,49.122,49.471,48.976,49.252,159162.65
2025-07-14 02:00:00+00:00,49.257,49.652,49.031,49.333,227279.68
2025-07-14 03:00:00+00:00,49.333,49.88,49.237,49.661,183241.81
2025-07-14 04:00:00+00:00,49.661,49.923,49.437,49.825,143300.54
2025-07-14 05:00:00+00:00,49.826,49.919,49.183,49.67,229425.61
2025-07-14 06:00:00+00:00,49.671,49.685,48.876,48.917,199418.66
2025-07-14 07:00:00+00:00,48.918,49.423,48.562,49.311,303655.72
2025-07-14 08:00:00+00:00,49.314,49.398,48.438,48.831,272182.83
2025-07-14 09:00:00+00:00,48.83,48.92,48.184,48.255,175601.26
2025-07-14 10:00:00+00:00,48.26,48.839,47.967,48.757,326465.59
2025-07-14 11:00:00+00:00,48.757,48.794,48.135,48.398,158109.4
2025-07-14 12:00:00+00:00,48.398,48.709,48.064,48.694,180071.57
2025-07-14 13:00:00+00:00,48.693,48.778,48.295,48.738,178230.88
2025-07-14 14:00:00+00:00,48.735,49.04,47.615,48.162,418394.17
2025-07-14 15:00:00+00:00,48.165,48.165,47.349,47.722,368854.21
2025-07-14 16:00:00+00:00,47.721,48.242,47.061,48.108,487047.1
2025-07-14 17:00:00+00:00,48.107,48.199,47.567,47.71,161699.94
2025-07-14 18:00:00+00:00,47.711,47.774,46.577,46.847,390814.74
2025-07-14 19:00:00+00:00,46.846,47.181,46.633,46.935,198113.0
2025-07-14 20:00:00+00:00,46.935,47.512,46.504,47.361,219291.87
2025-07-14 21:00:00+00:00,47.355,47.674,47.104,47.632,103272.36
2025-07-14 22:00:00+00:00,47.632,47.634,47.344,47.421,121140.29
2025-07-14 23:00:00+00:00,47.421,47.666,47.166,47.608,137501.69
2025-07-15 00:00:00+00:00,47.607,47.881,47.199,47.258,300435.4
2025-07-15 01:00:00+00:00,47.258,47.786,46.88,47.48,241177.81
2025-07-15 02:00:00+00:00,47.472,48.013,47.136,47.791,267321.44
2025-07-15 03:00:00+00:00,47.791,47.939,46.838,47.326,368426.86
2025-07-15 04:00:00+00:00,47.327,48.39,46.745,48.35,363261.55
2025-07-15 05:00:00+00:00,48.35,48.396,47.971,48.158,159651.88
2025-07-15 06:00:00+00:00,48.161,48.371,47.835,48.102,159003.28
2025-07-15 07:00:00+00:00,48.105,48.294,47.467,47.506,172762.16
2025-07-15 08:00:00+00:00,47.507,47.533,47.033,47.145,219209.51
2025-07-15 09:00:00+00:00,47.153,47.544,47.074,47.199,137110.78
2025-07-15 10:00:00+00:00,47.194,47.307,47.11,47.218,120027.16
2025-07-15 11:00:00+00:00,47.22,47.309,46.649,47.126,187782.26
2025-07-15 12:00:00+00:00,47.129,47.739,46.834,47.669,271151.13
2025-07-15 13:00:00+00:00,47.669,48.199,47.534,48.033,398975.04
2025-07-15 14:00:00+00:00,48.034,48.324,46.949,47.073,348815.28
2025-07-15 15:00:00+00:00,47.078,47.675,46.899,47.444,302268.53
2025-07-15 16:00:00+00:00,47.443,48.053,47.343,47.355,326380.67
2025-07-15 17:00:00+00:00,47.354,47.871,47.063,47.84,221317.66
2025-07-15 18:00:00+00:00,47.844,47.878,47.287,47.53,224231.49
2025-07-15 19:00:00+00:00,47.526,47.873,47.048,47.216,192340.11
2025-07-15 20:00:00+00:00,47.219,47.457,47.091,47.128,138137.97
2025-07-15 21:00:00+00:00,47.127,47.599,47.066,47.546,73545.2
2025-07-15 22:00:00+00:00,47.546,47.567,47.159,47.502,112031.75
2025-07-15 23:00:00+00:00,47.503,48.167,47.485,47.867,239485.69
2025-07-16 00:00:00+00:00,47.865,48.586,47.796,48.329,236882.21
2025-07-16 01:00:00+00:00,48.331,48.339,47.575,47.631,139056.75
2025-07-16 02:00:00+00:00,47.63,47.745,47.287,47.306,157819.99
2025-07-16 03:00:00+00:00,47.306,47.519,47.214,47.241,88564.74
2025-07-16 04:00:00+00:00,47.241,47.641,47.098,47.474,137399.68
2025-07-16 05:00:00+00:00,47.48,47.8,47.342,47.362,106507.83
2025-07-16 06:00:00+00:00,47.362,48.025,47.172,47.723,177306.87
2025-07-16 07:00:00+00:00,47.723,47.929,47.559,47.781,87496.06
2025-07-16 08:00:00+00:00,47.779,48.238,47.724,48.174,128422.35
2025-07-16 09:00:00+00:00,48.179,48.289,47.813,47.986,152327.83
2025-07-16 10:00:00+00:00,47.998,48.004,47.6,47.603,105257.12
2025-07-16 11:00:00+00:00,47.602,48.036,47.582,47.889,219754.8
2025-07-16 12:00:00+00:00,47.885,48.261,47.726,47.815,150195.9
2025-07-16 13:00:00+00:00,47.815,48.106,47.554,47.946,252174.01
2025-07-16 14:00:00+00:00,47.946,47.995,47.392,47.632,399247.79
2025-07-16 15:00:00+00:00,47.631,47.992,47.185,47.979,439537.87
2025-07-16 16:00:00+00:00,47.975,48.405,47.446,48.22,312324.85
2025-07-16 17:00:00+00:00,48.217,48.434,47.855,48.229,204111.77
2025-07-16 18:00:00+00:00,48.222,48.483,48.0,48.138,193834.15
2025-07-16 19:00:00+00:00,48.137,48.489,47.88,48.29,155538.49
2025-07-16 20:00:00+00:00,48.291,48.332,47.834,47.859,228031.23
2025-07-16 21:00:00+00:00,47.86,48.446,47.422,47.459,345282.44
2025-07-16 22:00:00+00:00,47.463,47.815,46.896,47.081,327272.46
2025-07-16 23:00:00+00:00,47.079,47.271,46.454,46.987,400924.99
2025-07-17 00:00:00+00:00,46.989,47.382,46.682,46.703,180502.01
2025-07-17 01:00:00+00:00,46.703,46.887,45.727,46.23,572290.04
2025-07-17 02:00:00+00:00,46.229,46.51,46.005,46.362,239581.23
2025-07-17 03:00:00+00:00,46.361,46.369,45.535,45.999,259684.88
2025-07-17 04:00:00+00:00,45.997,46.38,45.762,46.345,152707.38
2025-07-17 05:00:00+00:00,46.345,46.345,45.843,46.278,160013.99
2025-07-17 06:00:00+00:00,46.279,47.0,46.19,46.98,295073.09
2025-07-17 07:00:00+00:00,46.981,46.981,46.491,46.708,263615.55
2025-07-17 08:00:00+00:00,46.71,46.797,45.857,46.105,371567.61
2025-07-17 09:00:00+00:00,46.107,46.926,45.936,46.829,385788.19
2025-07-17 10:00:00+00:00,46.827,46.928,46.473,46.867,175342.33
2025-07-17 11:00:00+00:00,46.867,46.889,46.0,46.037,338697.16
2025-07-17 12:00:00+00:00,46.037,46.817,45.689,46.516,410635.33
2025-07-17 13:00:00+00:00,46.516,46.751,45.825,46.332,340025.26
2025-07-17 14:00:00+00:00,46.333,46.944,46.328,46.78,186363.45
2025-07-17 15:00:00+00:00,46.78,46.937,46.344,46.806,190471.93
2025-07-17 16:00:00+00:00,46.804,46.889,45.909,46.259,408951.56
2025-07-17 17:00:00+00:00,46.26,46.439,45.928,46.287,162432.08
2025-07-17 18:00:00+00:00,46.291,46.7,46.215,46.61,122640.68
2025-07-17 19:00:00+00:00,46.606,46.72,45.77,45.835,165903.61
2025-07-17 20:00:00+00:00,45.83,45.889,44.45,45.266,848722.23
2025-07-17 21:00:00+00:00,45.266,46.983,45.244,46.461,761326.44
2025-07-17 22:00:00+00:00,46.462,46.887,46.033,46.27,286901.0
2025-07-17 23:00:00+00:00,46.27,46.369,45.458,45.59,290477.07
2025-07-18 00:00:00+00:00,45.589,45.985,44.865,45.75,675160.14
2025-07-18 01:00:00+00:00,45.752,46.796,45.063,46.747,711587.59
2025-07-18 02:00:00+00:00,46.746,46.774,46.072,46.624,334397.06
2025-07-18 03:00:00+00:00,46.629,46.767,46.386,46.425,176463.71
2025-07-18 04:00:00+00:00,46.425,46.588,45.989,46.578,247810.05
2025-07-18 05:00:00+00:00,46.583,47.439,46.561,47.145,397783.89
2025-07-18 06:00:00+00:00,47.145,47.239,46.435,46.724,363560.06
2025-07-18 07:00:00+00:00,46.725,46.852,46.119,46.173,320409.37
2025-07-18 08:00:00+00:00,46.172,46.491,45.852,46.102,259699.16
2025-07-18 09:00:00+00:00,46.101,46.306,45.879,46.084,177592.45
2025-07-18 10:00:00+00:00,46.08,46.207,45.78,46.19,113515.87
2025-07-18 11:00:00+00:00,46.19,46.196,45.43,45.562,244913.95
2025-07-18 12:00:00+00:00,45.566,45.915,45.545,45.896,127054.94
2025-07-18 13:00:00+00:00,45.901,45.922,45.424,45.633,207682.15
2025-07-18 14:00:00+00:00,45.629,45.971,44.8,45.088,570603.86
2025-07-18 15:00:00+00:00,45.087,45.131,44.158,44.477,642911.71
2025-07-18 16:00:00+00:00,44.477,44.651,44.0,44.441,395605.72
2025-07-18 17:00:00+00:00,44.442,44.851,44.204,44.713,261061.05
2025-07-18 18:00:00+00:00,44.717,44.729,44.018,44.026,169041.96
2025-07-18 19:00:00+00:00,44.026,44.115,43.045,43.494,776218.84
2025-07-18 20:00:00+00:00,43.492,44.217,43.223,43.984,677113.21
2025-07-18 21:00:00+00:00,43.983,44.449,43.937,44.255,173460.69
2025-07-18 22:00:00+00:00,44.253,44.537,43.954,44.298,129758.65
2025-07-18 23:00:00+00:00,44.297,44.509,43.814,44.331,163960.63
2025-07-19 00:00:00+00:00,44.332,44.735,44.233,44.435,230924.68
2025-07-19 01:00:00+00:00,44.435,45.012,44.211,45.004,265090.79
2025-07-19 02:00:00+00:00,45.004,45.204,44.725,45.118,153309.24
2025-07-19 03:00:00+00:00,45.118,45.255,45.025,45.129,104875.98
2025-07-19 04:00:00+00:00,45.129,45.298,44.535,44.62,180389.84
2025-07-19 05:00:00+00:00,44.62,44.952,44.508,44.772,153430.53
2025-07-19 06:00:00+00:00,44.773,44.966,44.433,44.454,123982.05
2025-07-19 07:00:00+00:00,44.457,44.631,44.348,44.574,66734.67
2025-07-19 08:00:00+00:00,44.574,44.776,44.35,44.622,129725.45
2025-07-19 09:00:00+00:00,44.623,45.049,44.596,44.708,90935.43
2025-07-19 10:00:00+00:00,44.709,45.16,44.694,45.081,90580.9
2025-07-19 11:00:00+00:00,45.082,45.279,44.877,44.889,132291.0
2025-07-19 12:00:00+00:00,44.89,44.963,44.534,44.824,161443.47
2025-07-19 13:00:00+00:00,44.825,45.045,44.58,44.722,105297.13
2025-07-19 14:00:00+00:00,44.723,44.776,44.075,44.153,200178.93
2025-07-19 15:00:00+00:00,44.155,44.959,44.142,44.786,182629.21
2025-07-19 16:00:00+00:00,44.785,45.191,44.5,45.175,200280.48
2025-07-19 17:00:00+00:00,45.175,45.285,44.432,44.479,140114.59
2025-07-19 18:00:00+00:00,44.473,44.776,44.371,44.604,115582.17
2025-07-19 19:00:00+00:00,44.609,44.899,44.375,44.893,118820.46
2025-07-19 20:00:00+00:00,44.894,45.094,44.77,44.781,81657.88
2025-07-19 21:00:00+00:00,44.78,44.882,43.991,44.175,285502.7
2025-07-19 22:00:00+00:00,44.175,44.363,44.068,44.289,54436.43
2025-07-19 23:00:00+00:00,44.286,44.494,44.112,44.48,88659.9
2025-07-20 00:00:00+00:00,44.478,44.617,44.187,44.576,102288.94
2025-07-20 01:00:00+00:00,44.576,45.016,44.55,44.674,162217.61
2025-07-20 02:00:00+00:00,44.674,44.859,44.541,44.854,75290.97
2025-07-20 03:00:00+00:00,44.853,45.138,44.616,44.946,146089.43
2025-07-20 04:00:00+00:00,44.947,45.025,44.71,44.876,83735.95
2025-07-20 05:00:00+00:00,44.876,45.064,44.755,45.057,85078.22
2025-07-20 06:00:00+00:00,45.056,45.056,44.755,44.755,63224.09
2025-07-20 07:00:00+00:00,44.756,45.188,44.751,45.061,133054.04
2025-07-20 08:00:00+00:00,45.061,45.687,45.061,45.521,245010.61
2025-07-20 09:00:00+00:00,45.522,45.7,45.41,45.455,160816.88
2025-07-20 10:00:00+00:00,45.455,45.688,45.254,45.506,130228.95
2025-07-20 11:00:00+00:00,45.502,45.775,45.349,45.647,122792.29
2025-07-20 12:00:00+00:00,45.644,45.745,45.395,45.481,192122.65
2025-07-20 13:00:00+00:00,45.48,46.448,45.456,46.3,310972.56
2025-07-20 14:00:00+00:00,46.297,46.337,45.796,46.113,183685.92
2025-07-20 15:00:00+00:00,46.116,46.733,45.892,46.706,193538.54
2025-07-20 16:00:00+00:00,46.707,47.405,46.695,47.017,335882.36
2025-07-20 17:00:00+00:00,47.016,47.079,46.33,46.398,309930.54
2025-07-20 18:00:00+00:00,46.4,47.068,46.359,47.022,174452.28
2025-07-20 19:00:00+00:00,47.022,47.252,46.521,46.618,266754.51
2025-07-20 20:00:00+00:00,46.618,46.836,46.327,46.472,127188.68
2025-07-20 21:00:00+00:00,46.473,46.523,45.692,46.316,366740.91
2025-07-20 22:00:00+00:00,46.316,46.368,45.275,46.16,446082.02
2025-07-20 23:00:00+00:00,46.162,46.171,45.739,45.997,144332.53
2025-07-21 00:00:00+00:00,45.991,46.001,45.29,45.852,200078.26
2025-07-21 01:00:00+00:00,45.851,46.145,45.535,46.134,125647.21
2025-07-21 02:00:00+00:00,46.134,46.343,45.956,46.343,123167.3
2025-07-21 03:00:00+00:00,46.341,46.739,46.325,46.637,164659.15
2025-07-21 04:00:00+00:00,46.637,46.786,46.476,46.697,121510.67
2025-07-21 05:00:00+00:00,46.698,47.286,46.66,47.265,137895.57
2025-07-21 06:00:00+00:00,47.265,47.45,46.845,46.991,248017.83
2025-07-21 07:00:00+00:00,46.992,47.274,46.912,46.998,127883.95
2025-07-21 08:00:00+00:00,46.999,47.288,46.912,47.005,166318.5
2025-07-21 09:00:00+00:00,47.005,47.206,46.832,47.136,166102.91
2025-07-21 10:00:00+00:00,47.136,47.289,46.873,47.177,101981.93
2025-07-21 11:00:00+00:00,47.177,47.823,47.087,47.415,297829.25
2025-07-21 12:00:00+00:00,47.422,47.585,47.114,47.187,176618.29
2025-07-21 13:00:00+00:00,47.187,47.382,46.236,47.196,601410.9
2025-07-21 14:00:00+00:00,47.197,47.53,46.984,47.262,181429.94
2025-07-21 15:00:00+00:00,47.26,47.381,46.338,46.453,424674.01
2025-07-21 16:00:00+00:00,46.457,46.521,45.726,46.215,492103.27
2025-07-21 17:00:00+00:00,46.215,46.279,44.781,45.868,793146.52
2025-07-21 18:00:00+00:00,45.868,46.412,44.804,44.932,568028.06
2025-07-21 19:00:00+00:00,44.929,45.25,44.295,44.434,588364.07
2025-07-21 20:00:00+00:00,44.433,44.651,44.108,44.139,330076.75
2025-07-21 21:00:00+00:00,44.136,44.708,44.064,44.345,231444.62
2025-07-21 22:00:00+00:00,44.345,45.213,44.315,44.754,404359.16
2025-07-21 23:00:00+00:00,44.754,44.838,44.138,44.329,302299.71
2025-07-22 00:00:00+00:00,44.324,44.559,44.011,44.175,265624.54
2025-07-22 01:00:00+00:00,44.172,45.376,43.609,45.341,686899.38
2025-07-22 02:00:00+00:00,45.34,45.685,44.682,44.932,539488.02
2025-07-22 03:00:00+00:00,44.931,45.169,43.915,44.305,504211.37
2025-07-22 04:00:00+00:00,44.301,44.33,43.066,43.098,665992.42
2025-07-22 05:00:00+00:00,43.096,43.861,43.073,43.671,363193.76
2025-07-22 06:00:00+00:00,43.672,43.992,43.457,43.797,221857.5
2025-07-22 07:00:00+00:00,43.797,44.24,43.522,43.703,234979.51
2025-07-22 08:00:00+00:00,43.702,44.008,43.259,43.832,362566.78
2025-07-22 09:00:00+00:00,43.832,44.174,43.538,44.071,284975.83
2025-07-22 10:00:00+00:00,44.07,44.74,44.031,44.673,249443.14
2025-07-22 11:00:00+00:00,44.672,45.147,44.521,45.094,287543.52
2025-07-22 12:00:00+00:00,45.094,45.194,44.726,45.017,192662.6
2025-07-22 13:00:00+00:00,45.016,45.191,43.6,43.663,622494.08
2025-07-22 14:00:00+00:00,43.66,44.6,43.349,44.591,523322.54
2025-07-22 15:00:00+00:00,44.583,45.388,44.09,44.267,699261.06
2025-07-22 16:00:00+00:00,44.258,44.79,44.0,44.484,275817.71
2025-07-22 17:00:00+00:00,44.484,44.583,43.529,44.203,534875.79
2025-07-22 18:00:00+00:00,44.202,44.623,43.968,44.481,230583.07
2025-07-22 19:00:00+00:00,44.48,44.763,43.94,44.236,236346.89
2025-07-22 20:00:00+00:00,44.237,44.814,44.091,44.628,219253.01
2025-07-22 21:00:00+00:00,44.631,44.856,44.289,44.736,150368.61
2025-07-22 22:00:00+00:00,44.743,45.377,44.685,45.32,209645.57
2025-07-22 23:00:00+00:00,45.32,46.327,45.275,46.274,298508.45
2025-07-23 00:00:00+00:00,46.273,46.338,45.197,45.298,540321.12
2025-07-23 01:00:00+00:00,45.299,45.648,44.776,45.457,501302.77
2025-07-23 02:00:00+00:00,45.463,45.762,45.37,45.553,181484.56
2025-07-23 03:00:00+00:00,45.552,45.672,44.842,45.153,236760.9
2025-07-23 04:00:00+00:00,45.15,45.262,44.894,45.115,171773.77
2025-07-23 05:00:00+00:00,45.117,45.132,44.382,44.399,224291.56
2025-07-23 06:00:00+00:00,44.399,44.508,44.085,44.257,329008.23
2025-07-23 07:00:00+00:00,44.257,44.415,44.027,44.1,161827.33
2025-07-23 08:00:00+00:00,44.1,44.394,44.044,44.379,128497.38
2025-07-23 09:00:00+00:00,44.379,44.443,43.777,43.803,253979.91
2025-07-23 10:00:00+00:00,43.803,44.144,43.593,44.024,290757.6
2025-07-23 11:00:00+00:00,44.023,44.148,43.844,43.97,186635.43
2025-07-23 12:00:00+00:00,43.97,44.053,43.428,43.487,262356.46
2025-07-23 13:00:00+00:00,43.486,43.735,42.781,43.089,879207.74
2025-07-23 14:00:00+00:00,43.088,43.59,42.93,43.477,579129.63
2025-07-23 15:00:00+00:00,43.477,43.477,42.865,43.446,320998.48
2025-07-23 16:00:00+00:00,43.446,43.508,42.53,42.571,510717.94
2025-07-23 17:00:00+00:00,42.571,43.093,42.388,43.067,531193.02
2025-07-23 18:00:00+00:00,43.069,43.447,43.009,43.308,352236.56
2025-07-23 19:00:00+00:00,43.308,43.845,43.211,43.549,291112.37
2025-07-23 20:00:00+00:00,43.546,43.788,42.766,43.122,438221.19
2025-07-23 21:00:00+00:00,43.127,43.8,42.73,43.792,360441.04
2025-07-23 22:00:00+00:00,43.794,44.146,43.472,43.831,256752.71
2025-07-23 23:00:00+00:00,43.831,44.151,43.59,43.705,138536.46
2025-07-24 00:00:00+00:00,43.705,44.124,43.45,43.916,221588.03
2025-07-24 01:00:00+00:00,43.918,44.067,43.525,44.056,173664.64
2025-07-24 02:00:00+00:00,44.056,44.293,43.906,44.009,163058.53
2025-07-24 03:00:00+00:00,44.008,44.394,43.83,43.843,196856.38
2025-07-24 04:00:00+00:00,43.841,44.023,43.057,43.266,280886.05
2025-07-24 05:00:00+00:00,43.266,43.296,42.3,42.311,360328.16
2025-07-24 06:00:00+00:00,42.313,42.451,41.618,41.934,695532.71
2025-07-24 07:00:00+00:00,41.935,42.484,41.463,42.462,486847.61
2025-07-24 08:00:00+00:00,42.462,42.801,42.27,42.753,287784.7
2025-07-24 09:00:00+00:00,42.757,42.819,42.184,42.387,248165.46
2025-07-24 10:00:00+00:00,42.387,42.491,41.586,42.208,293923.68
2025-07-24 11:00:00+00:00,42.208,43.027,42.144,42.971,364140.15
2025-07-24 12:00:00+00:00,42.97,43.115,42.583,43.08,297342.8
2025-07-24 13:00:00+00:00,43.079,43.288,42.601,42.626,238880.13
2025-07-24 14:00:00+00:00,42.626,43.537,42.399,43.468,387234.91
2025-07-24 15:00:00+00:00,43.466,43.577,42.808,43.0,394806.7
2025-07-24 16:00:00+00:00,43.002,43.065,41.938,42.234,391112.84
2025-07-24 17:00:00+00:00,42.236,42.924,42.131,42.599,188779.14
2025-07-24 18:00:00+00:00,42.597,42.978,42.499,42.79,151549.83
2025-07-24 19:00:00+00:00,42.79,43.037,42.642,42.776,147886.7
2025-07-24 20:00:00+00:00,42.777,43.162,42.722,43.102,104896.02
2025-07-24 21:00:00+00:00,43.1,43.123,42.52,42.63,109767.79
2025-07-24 22:00:00+00:00,42.631,42.765,42.348,42.606,139742.45
2025-07-24 23:00:00+00:00,42.605,42.605,41.967,42.075,243935.81
2025-07-25 00:00:00+00:00,42.076,42.148,41.444,41.623,385962.7
2025-07-25 01:00:00+00:00,41.622,42.334,41.435,42.245,277770.56
2025-07-25 02:00:00+00:00,42.244,42.442,41.321,41.424,483806.57
2025-07-25 03:00:00+00:00,41.424,41.706,41.122,41.425,425586.54
2025-07-25 04:00:00+00:00,41.424,42.364,41.196,42.34,385431.09
2025-07-25 05:00:00+00:00,42.34,42.397,41.969,42.009,243155.05
2025-07-25 06:00:00+00:00,42.009,42.576,41.826,42.501,268426.99
2025-07-25 07:00:00+00:00,42.505,42.737,41.724,42.086,379140.37
2025-07-25 08:00:00+00:00,42.087,42.539,42.013,42.375,235783.18
2025-07-25 09:00:00+00:00,42.375,42.84,42.162,42.762,207595.3
2025-07-25 10:00:00+00:00,42.769,43.183,42.733,43.135,268699.2
2025-07-25 11:00:00+00:00,43.135,43.326,42.938,43.024,197941.69
2025-07-25 12:00:00+00:00,43.021,43.211,42.788,42.954,180137.4
2025-07-25 13:00:00+00:00,42.954,43.188,42.752,43.178,206261.54
2025-07-25 14:00:00+00:00,43.178,43.208,42.17,42.204,354536.86
2025-07-25 15:00:00+00:00,42.205,42.618,42.076,42.41,314207.74
2025-07-25 16:00:00+00:00,42.405,43.01,42.237,43.007,239695.14
2025-07-25 17:00:00+00:00,43.006,43.2,42.766,42.886,225114.32
2025-07-25 18:00:00+00:00,42.886,43.033,42.823,42.907,91971.17
2025-07-25 19:00:00+00:00,42.906,43.083,42.727,42.795,125370.65
2025-07-25 20:00:00+00:00,42.795,43.188,42.583,42.996,233132.08
2025-07-25 21:00:00+00:00,43.002,43.643,43.002,43.642,217662.52
2025-07-25 22:00:00+00:00,43.643,43.791,43.458,43.764,136231.12
2025-07-25 23:00:00+00:00,43.764,44.192,43.626,44.128,170865.31
2025-07-26 00:00:00+00:00,44.128,44.186,43.736,44.15,262592.23
2025-07-26 01:00:00+00:00,44.15,44.274,43.883,43.883,122274.91
2025-07-26 02:00:00+00:00,43.889,44.367,43.88,44.307,123043.68
2025-07-26 03:00:00+00:00,44.306,44.565,44.213,44.231,140077.51
2025-07-26 04:00:00+00:00,44.231,44.644,44.172,44.62,82193.22
2025-07-26 05:00:00+00:00,44.619,44.866,44.536,44.732,114445.45
2025-07-26 06:00:00+00:00,44.731,44.731,44.363,44.482,127727.27
2025-07-26 07:00:00+00:00,44.482,44.563,44.23,44.28,110024.1
2025-07-26 08:00:00+00:00,44.281,44.611,44.272,44.534,64026.21
2025-07-26 09:00:00+00:00,44.534,44.75,44.434,44.596,105066.25
2025-07-26 10:00:00+00:00,44.597,44.906,44.527,44.574,160887.33
2025-07-26 11:00:00+00:00,44.571,44.634,44.265,44.31,153141.04
2025-07-26 12:00:00+00:00,44.31,44.537,44.258,44.349,81278.14
2025-07-26 13:00:00+00:00,44.35,44.578,44.28,44.345,87164.47
2025-07-26 14:00:00+00:00,44.344,44.451,44.114,44.216,162719.26
2025-07-26 15:00:00+00:00,44.212,44.35,43.912,44.175,152095.51
2025-07-26 16:00:00+00:00,44.175,44.231,43.629,43.748,148045.56
2025-07-26 17:00:00+00:00,43.748,43.855,43.549,43.785,100734.96
2025-07-26 18:00:00+00:00,43.789,44.052,43.667,43.936,104868.42
2025-07-26 19:00:00+00:00,43.937,44.145,43.786,43.92,98689.0
2025-07-26 20:00:00+00:00,43.919,43.919,43.694,43.839,74034.92
2025-07-26 21:00:00+00:00,43.836,44.086,43.793,44.051,38180.82
2025-07-26 22:00:00+00:00,44.05,44.256,43.716,43.8,157329.46
2025-07-26 23:00:00+00:00,43.798,43.855,43.327,43.363,126222.5
2025-07-27 00:00:00+00:00,43.365,43.488,43.066,43.198,250618.69
2025-07-27 01:00:00+00:00,43.198,43.421,43.043,43.348,94669.89
2025-07-27 02:00:00+00:00,43.347,43.532,43.209,43.528,71775.46
2025-07-27 03:00:00+00:00,43.528,43.55,43.362,43.457,64731.05
2025-07-27 04:00:00+00:00,43.455,43.637,43.42,43.597,68388.33
2025-07-27 05:00:00+00:00,43.596,43.789,43.51,43.552,99756.11
2025-07-27 06:00:00+00:00,43.558,43.596,43.34,43.433,100593.59
2025-07-27 07:00:00+00:00,43.432,43.493,43.081,43.146,103599.3
2025-07-27 08:00:00+00:00,43.146,43.218,43.0,43.075,66583.7
2025-07-27 09:00:00+00:00,43.076,43.188,42.801,42.824,162756.98
2025-07-27 10:00:00+00:00,42.823,43.183,42.802,43.064,122669.23
2025-07-27 11:00:00+00:00,43.064,43.152,42.737,42.77,125079.56
2025-07-27 12:00:00+00:00,42.771,43.043,42.676,42.823,241764.29
2025-07-27 13:00:00+00:00,42.822,42.891,42.402,42.775,251623.26
2025-07-27 14:00:00+00:00,42.769,42.958,42.594,42.763,167709.83
2025-07-27 15:00:00+00:00,42.763,43.139,42.565,43.064,133401.96
2025-07-27 16:00:00+00:00,43.063,43.941,43.063,43.284,436310.7
2025-07-27 17:00:00+00:00,43.283,43.656,42.94,43.641,293984.84
2025-07-27 18:00:00+00:00,43.641,44.291,43.621,44.276,274535.38
2025-07-27 19:00:00+00:00,44.284,44.333,43.677,43.705,136225.27
2025-07-27 20:00:00+00:00,43.705,44.022,43.549,43.562,92504.02
2025-07-27 21:00:00+00:00,43.568,43.839,43.491,43.787,75269.36
2025-07-27 22:00:00+00:00,43.788,44.043,43.69,43.704,160139.41
2025-07-27 23:00:00+00:00,43.706,43.804,43.597,43.649,99124.23
2025-07-28 00:00:00+00:00,43.655,44.037,43.607,43.779,145783.68
2025-07-28 01:00:00+00:00,43.78,43.892,43.414,43.58,110480.83
2025-07-28 02:00:00+00:00,43.575,44.328,43.537,44.276,175187.28
2025-07-28 03:00:00+00:00,44.276,44.353,43.872,44.347,132174.39
2025-07-28 04:00:00+00:00,44.347,44.423,44.021,44.198,109983.31
2025-07-28 05:00:00+00:00,44.198,44.697,44.04,44.655,229294.38
2025-07-28 06:00:00+00:00,44.655,44.905,44.583,44.74,191723.43
2025-07-28 07:00:00+00:00,44.741,44.765,44.004,44.191,171923.63
2025-07-28 08:00:00+00:00,44.191,44.509,44.13,44.49,111751.71
2025-07-28 09:00:00+00:00,44.487,44.555,44.157,44.336,176601.58
2025-07-28 10:00:00+00:00,44.336,44.661,44.28,44.644,118525.39
2025-07-28 11:00:00+00:00,44.644,44.711,43.901,44.287,202516.16
2025-07-28 12:00:00+00:00,44.29,44.5,44.033,44.39,137444.42
2025-07-28 13:00:00+00:00,44.391,45.779,44.326,45.23,963322.75
2025-07-28 14:00:00+00:00,45.231,45.248,43.894,44.822,901805.91
2025-07-28 15:00:00+00:00,44.821,45.394,44.743,45.109,457937.88
2025-07-28 16:00:00+00:00,45.109,46.0,45.055,45.843,701937.24
2025-07-28 17:00:00+00:00,45.845,46.095,44.699,44.752,720075.69
2025-07-28 18:00:00+00:00,44.754,45.24,44.705,45.138,466611.93
2025-07-28 19:00:00+00:00,45.141,45.511,44.287,44.957,492410.82
2025-07-28 20:00:00+00:00,44.96,44.998,43.417,44.036,1078881.59
2025-07-28 21:00:00+00:00,44.041,44.188,43.465,43.769,223843.43
2025-07-28 22:00:00+00:00,43.768,44.062,42.63,42.976,643611.47
2025-07-28 23:00:00+00:00,42.979,43.759,42.956,43.742,348635.22
2025-07-29 00:00:00+00:00,43.741,44.231,43.45,43.878,322452.59
2025-07-29 01:00:00+00:00,43.878,44.13,43.495,43.496,165026.25
2025-07-29 02:00:00+00:00,43.496,43.661,43.036,43.146,210166.08
2025-07-29 03:00:00+00:00,43.15,44.167,43.139,44.167,186380.59
2025-07-29 04:00:00+00:00,44.166,44.325,43.814,43.839,257446.69
2025-07-29 05:00:00+00:00,43.841,44.125,43.642,44.107,123353.63
2025-07-29 06:00:00+00:00,44.105,44.228,43.776,43.78,190106.08
2025-07-29 07:00:00+00:00,43.781,44.61,43.781,44.597,215225.45
2025-07-29 08:00:00+00:00,44.597,45.073,44.517,44.775,294603.85
2025-07-29 09:00:00+00:00,44.776,45.155,44.633,44.97,188694.33
2025-07-29 10:00:00+00:00,44.969,44.994,44.025,44.026,300131.69
2025-07-29 11:00:00+00:00,44.027,45.011,43.998,44.746,298893.97
2025-07-29 12:00:00+00:00,44.748,45.163,44.689,44.877,243118.53
2025-07-29 13:00:00+00:00,44.877,45.29,44.408,44.604,256983.46
2025-07-29 14:00:00+00:00,44.605,44.632,42.448,43.329,3609074.62
2025-07-29 15:00:00+00:00,43.326,43.717,42.723,43.226,1034109.11
2025-07-29 16:00:00+00:00,43.221,43.838,42.914,43.617,604815.37
2025-07-29 17:00:00+00:00,43.617,44.113,43.434,43.728,292452.68
2025-07-29 18:00:00+00:00,43.73,44.188,43.556,44.102,229950.85
2025-07-29 19:00:00+00:00,44.102,44.341,43.731,43.917,209990.28
2025-07-29 20:00:00+00:00,43.917,44.237,43.04,43.34,617115.87
2025-07-29 21:00:00+00:00,43.35,43.362,42.67,43.245,271704.35
2025-07-29 22:00:00+00:00,43.247,43.596,42.855,43.544,237943.32
2025-07-29 23:00:00+00:00,43.548,43.654,43.174,43.485,140695.02
2025-07-30 00:00:00+00:00,43.485,43.506,42.8,43.046,180075.77
2025-07-30 01:00:00+00:00,43.051,43.231,42.35,43.124,392444.14
2025-07-30 02:00:00+00:00,43.119,43.572,43.024,43.387,169290.95
2025-07-30 03:00:00+00:00,43.386,43.596,43.239,43.304,78382.79
2025-07-30 04:00:00+00:00,43.305,43.609,42.896,42.937,148365.3
2025-07-30 05:00:00+00:00,42.938,43.332,42.853,43.202,160100.45
2025-07-30 06:00:00+00:00,43.201,43.576,43.063,43.49,145240.17
2025-07-30 07:00:00+00:00,43.498,43.729,42.869,42.954,245135.95
2025-07-30 08:00:00+00:00,42.949,43.327,42.763,43.096,261638.89
2025-07-30 09:00:00+00:00,43.096,43.181,42.697,42.95,165210.09
2025-07-30 10:00:00+00:00,42.949,43.172,42.691,42.756,184935.09
2025-07-30 11:00:00+00:00,42.757,42.925,42.322,42.667,318221.88
2025-07-30 12:00:00+00:00,42.667,42.76,42.189,42.557,408148.6
2025-07-30 13:00:00+00:00,42.557,42.791,42.253,42.694,466094.29
2025-07-30 14:00:00+00:00,42.694,43.346,42.643,43.308,327915.78
2025-07-30 15:00:00+00:00,43.307,43.332,42.883,42.999,253786.56
2025-07-30 16:00:00+00:00,42.999,43.324,42.825,43.044,174389.87
2025-07-30 17:00:00+00:00,43.045,43.213,42.718,42.849,127376.29
2025-07-30 18:00:00+00:00,42.841,43.068,41.66,41.684,666495.55
2025-07-30 19:00:00+00:00,41.683,42.347,40.69,42.267,1288277.69
2025-07-30 20:00:00+00:00,42.272,42.537,42.172,42.402,197383.15
2025-07-30 21:00:00+00:00,42.401,42.468,41.782,42.216,193659.53
2025-07-30 22:00:00+00:00,42.214,42.235,41.7,41.805,192675.94
2025-07-30 23:00:00+00:00,41.804,42.291,41.795,42.221,115307.51
2025-07-31 00:00:00+00:00,42.225,42.676,42.036,42.645,230409.74
2025-07-31 01:00:00+00:00,42.646,42.722,42.237,42.57,178637.69
2025-07-31 02:00:00+00:00,42.569,42.664,42.311,42.654,106937.44
2025-07-31 03:00:00+00:00,42.654,43.076,42.597,43.058,198578.64
2025-07-31 04:00:00+00:00,43.06,43.158,42.817,43.131,110320.19
2025-07-31 05:00:00+00:00,43.13,43.361,42.967,43.259,112002.13
2025-07-31 06:00:00+00:00,43.259,43.381,43.012,43.332,125105.56
2025-07-31 07:00:00+00:00,43.332,43.55,43.271,43.38,163539.93
2025-07-31 08:00:00+00:00,43.38,43.78,43.38,43.78,120313.56
2025-07-31 09:00:00+00:00,43.78,43.99,43.66,43.976,128382.76
2025-07-31 10:00:00+00:00,43.976,44.116,43.8,43.852,110985.16
2025-07-31 11:00:00+00:00,43.853,43.985,43.402,43.519,166367.62
2025-07-31 12:00:00+00:00,43.519,44.43,43.517,44.152,659871.06
2025-07-31 13:00:00+00:00,44.151,44.185,43.606,44.016,442642.81
2025-07-31 14:00:00+00:00,44.012,44.162,43.253,43.691,441692.26
2025-07-31 15:00:00+00:00,43.696,44.079,43.657,43.692,201377.56
2025-07-31 16:00:00+00:00,43.692,44.721,43.635,44.489,467175.24
2025-07-31 17:00:00+00:00,44.489,44.507,43.021,43.062,552041.46
2025-07-31 18:00:00+00:00,43.067,43.107,42.539,42.767,517638.1
2025-07-31 19:00:00+00:00,42.774,42.829,41.608,41.615,548742.43
2025-07-31 20:00:00+00:00,41.615,41.897,41.08,41.297,734475.45
2025-07-31 21:00:00+00:00,41.29,41.636,40.96,41.246,379347.25
2025-07-31 22:00:00+00:00,41.247,41.595,40.986,41.092,504124.72
2025-07-31 23:00:00+00:00,41.093,41.507,40.64,40.826,422968.71
2025-08-01 00:00:00+00:00,40.824,41.307,40.311,41.234,682215.02
2025-08-01 01:00:00+00:00,41.234,41.465,40.689,41.198,447047.65
2025-08-01 02:00:00+00:00,41.196,41.635,40.999,41.378,281596.19
2025-08-01 03:00:00+00:00,41.377,41.57,41.127,41.173,182364.97
2025-08-01 04:00:00+00:00,41.172,41.173,40.411,40.441,346519.8
2025-08-01 05:00:00+00:00,40.438,40.78,40.052,40.452,426893.18
2025-08-01 06:00:00+00:00,40.453,40.511,39.592,39.918,598594.99
2025-08-01 07:00:00+00:00,39.916,40.27,39.525,40.001,522402.73
2025-08-01 08:00:00+00:00,40.001,40.021,39.204,39.497,482070.12
2025-08-01 09:00:00+00:00,39.495,39.964,39.415,39.483,383863.47
2025-08-01 10:00:00+00:00,39.483,39.782,39.435,39.675,344699.26
2025-08-01 11:00:00+00:00,39.676,40.127,39.364,40.053,365824.47
2025-08-01 12:00:00+00:00,40.053,40.414,39.793,39.891,599000.02
2025-08-01 13:00:00+00:00,39.887,40.123,38.002,38.4,1201490.44
2025-08-01 14:00:00+00:00,38.401,39.711,38.224,39.538,948941.8
2025-08-01 15:00:00+00:00,39.535,39.579,38.713,39.147,483684.86
2025-08-01 16:00:00+00:00,39.146,39.545,38.429,38.503,460784.77
2025-08-01 17:00:00+00:00,38.503,38.629,38.172,38.32,466926.84
2025-08-01 18:00:00+00:00,38.319,38.345,37.224,37.642,1295978.85
2025-08-01 19:00:00+00:00,37.643,37.75,37.06,37.364,817944.73
2025-08-01 20:00:00+00:00,37.368,37.869,37.054,37.636,640955.49
2025-08-01 21:00:00+00:00,37.638,37.961,37.452,37.536,355291.09
2025-08-01 22:00:00+00:00,37.54,37.588,36.323,37.042,1061293.26
2025-08-01 23:00:00+00:00,37.046,37.64,36.896,37.613,491289.99
2025-08-02 00:00:00+00:00,37.615,37.997,37.527,37.905,362166.17
2025-08-02 01:00:00+00:00,37.901,38.013,37.606,37.825,128653.78
2025-08-02 02:00:00+00:00,37.825,38.113,37.713,38.088,116108.17
2025-08-02 03:00:00+00:00,38.089,38.199,37.9,38.068,225460.23
2025-08-02 04:00:00+00:00,38.068,38.237,37.972,38.111,128109.89
2025-08-02 05:00:00+00:00,38.11,38.307,37.96,38.286,151386.16
2025-08-02 06:00:00+00:00,38.286,38.318,37.528,37.749,333881.91
2025-08-02 07:00:00+00:00,37.748,38.484,37.636,38.465,347844.13
2025-08-02 08:00:00+00:00,38.465,38.729,38.263,38.48,276091.83
2025-08-02 09:00:00+00:00,38.479,38.594,38.158,38.566,237689.92
2025-08-02 10:00:00+00:00,38.565,38.592,38.047,38.165,274152.68
2025-08-02 11:00:00+00:00,38.164,38.408,37.951,38.371,309865.37
2025-08-02 12:00:00+00:00,38.377,38.423,37.988,38.156,216663.48
2025-08-02 13:00:00+00:00,38.155,38.184,37.587,37.984,241384.0
2025-08-02 14:00:00+00:00,37.988,38.097,37.286,37.574,328446.94
2025-08-02 15:00:00+00:00,37.573,38.03,37.147,37.182,241912.22
2025-08-02 16:00:00+00:00,37.186,37.661,36.884,37.197,443373.14
2025-08-02 17:00:00+00:00,37.196,37.619,36.464,36.552,364485.93
2025-08-02 18:00:00+00:00,36.554,36.711,35.493,35.687,923230.89
2025-08-02 19:00:00+00:00,35.687,36.75,35.676,36.097,705731.05
2025-08-02 20:00:00+00:00,36.098,36.956,36.079,36.956,353492.5
2025-08-02 21:00:00+00:00,36.956,37.393,36.85,37.153,413953.85
2025-08-02 22:00:00+00:00,37.153,37.492,36.908,37.358,277984.71
2025-08-02 23:00:00+00:00,37.356,37.379,36.775,36.896,249025.88
2025-08-03 00:00:00+00:00,36.898,37.041,36.415,36.895,338702.59
2025-08-03 01:00:00+00:00,36.896,37.038,36.496,36.669,287867.94
2025-08-03 02:00:00+00:00,36.669,37.656,36.668,37.6,304873.35
2025-08-03 03:00:00+00:00,37.605,37.835,37.357,37.709,135105.29
2025-08-03 04:00:00+00:00,37.709,37.852,37.47,37.838,139111.5
2025-08-03 05:00:00+00:00,37.84,37.903,37.662,37.826,91960.99
2025-08-03 06:00:00+00:00,37.826,38.161,37.65,38.136,178690.05
2025-08-03 07:00:00+00:00,38.135,38.447,38.001,38.361,355840.98
2025-08-03 08:00:00+00:00,38.359,38.493,38.19,38.485,168650.48
2025-08-03 09:00:00+00:00,38.486,38.626,38.366,38.607,155671.5
2025-08-03 10:00:00+00:00,38.608,39.299,38.6,38.961,478540.16
2025-08-03 11:00:00+00:00,38.961,39.26,38.493,38.544,387403.02
2025-08-03 12:00:00+00:00,38.544,38.569,37.83,38.063,732173.09
2025-08-03 13:00:00+00:00,38.063,38.366,37.794,38.06,418180.8
2025-08-03 14:00:00+00:00,38.063,38.162,37.614,37.805,312623.99
2025-08-03 15:00:00+00:00,37.804,38.054,37.52,37.953,214136.34
2025-08-03 16:00:00+00:00,37.954,38.32,37.762,38.318,167033.76
2025-08-03 17:00:00+00:00,38.315,38.452,38.137,38.43,168503.16
2025-08-03 18:00:00+00:00,38.429,38.495,38.31,38.412,77190.8
2025-08-03 19:00:00+00:00,38.412,38.676,38.257,38.414,148964.52
2025-08-03 20:00:00+00:00,38.416,38.476,38.135,38.409,181523.47
2025-08-03 21:00:00+00:00,38.409,38.67,38.202,38.344,195117.74
2025-08-03 22:00:00+00:00,38.344,38.476,38.051,38.233,164352.41
2025-08-03 23:00:00+00:00,38.233,38.47,38.147,38.18,150937.84
2025-08-04 00:00:00+00:00,38.18,39.037,38.032,38.987,328804.88
2025-08-04 01:00:00+00:00,38.986,38.986,38.52,38.602,308696.63
2025-08-04 02:00:00+00:00,38.602,38.774,38.287,38.752,218742.52
2025-08-04 03:00:00+00:00,38.749,38.769,38.245,38.266,112801.79
2025-08-04 04:00:00+00:00,38.265,38.435,37.706,37.776,341483.91
2025-08-04 05:00:00+00:00,37.777,37.897,37.554,37.862,140595.64
2025-08-04 06:00:00+00:00,37.86,37.982,37.669,37.964,97998.05
2025-08-04 07:00:00+00:00,37.962,38.476,37.954,38.338,183607.89
2025-08-04 08:00:00+00:00,38.338,38.498,37.964,38.046,187823.03
2025-08-04 09:00:00+00:00,38.048,38.286,37.554,37.634,384924.13
2025-08-04 10:00:00+00:00,37.635,37.753,37.36,37.502,301903.09
2025-08-04 11:00:00+00:00,37.504,37.601,37.248,37.569,187118.38
2025-08-04 12:00:00+00:00,37.569,37.918,37.5,37.859,197895.16
2025-08-04 13:00:00+00:00,37.859,38.549,37.648,38.532,412576.23
2025-08-04 14:00:00+00:00,38.532,38.977,38.17,38.347,744211.98
2025-08-04 15:00:00+00:00,38.349,38.501,37.952,38.362,247037.76
2025-08-04 16:00:00+00:00,38.363,38.938,38.319,38.907,388709.62
2025-08-04 17:00:00+00:00,38.907,39.462,38.453,38.536,797052.79
2025-08-04 18:00:00+00:00,38.535,38.787,37.984,38.024,418638.69
2025-08-04 19:00:00+00:00,38.024,38.179,37.604,37.668,448080.15
2025-08-04 20:00:00+00:00,37.669,38.314,37.522,38.017,451327.55
2025-08-04 21:00:00+00:00,38.017,38.762,38.007,38.711,274574.24
2025-08-04 22:00:00+00:00,38.714,39.048,38.674,39.031,188416.3
2025-08-04 23:00:00+00:00,39.03,39.044,38.658,38.804,150589.51
2025-08-05 00:00:00+00:00,38.803,38.881,38.389,38.809,290063.38
2025-08-05 01:00:00+00:00,38.809,38.989,38.584,38.642,183020.97
2025-08-05 02:00:00+00:00,38.643,38.822,38.338,38.801,208512.32
2025-08-05 03:00:00+00:00,38.803,39.056,38.33,38.438,339838.01
2025-08-05 04:00:00+00:00,38.438,38.707,38.013,38.282,243687.33
2025-08-05 05:00:00+00:00,38.28,38.856,38.236,38.834,209654.32
2025-08-05 06:00:00+00:00,38.834,39.264,38.592,38.714,416264.94
2025-08-05 07:00:00+00:00,38.708,38.944,38.193,38.265,260402.48
2025-08-05 08:00:00+00:00,38.264,38.393,38.031,38.253,243119.36
2025-08-05 09:00:00+00:00,38.251,39.438,38.222,39.392,365361.29
2025-08-05 10:00:00+00:00,39.392,39.704,39.065,39.104,518458.89
2025-08-05 11:00:00+00:00,39.104,39.705,38.985,39.692,246823.49
2025-08-05 12:00:00+00:00,39.69,39.796,38.942,39.228,471750.65
2025-08-05 13:00:00+00:00,39.229,39.868,38.941,39.822,384440.77
2025-08-05 14:00:00+00:00,39.828,39.868,38.475,38.917,831014.81
2025-08-05 15:00:00+00:00,38.919,39.301,38.088,38.108,716616.9
2025-08-05 16:00:00+00:00,38.107,38.559,37.963,38.474,423721.01
2025-08-05 17:00:00+00:00,38.475,38.929,38.298,38.77,242675.57
2025-08-05 18:00:00+00:00,38.772,38.938,38.498,38.6,212070.64
2025-08-05 19:00:00+00:00,38.597,38.777,37.724,38.069,403794.15
2025-08-05 20:00:00+00:00,38.069,38.397,37.759,37.862,241628.67
2025-08-05 21:00:00+00:00,37.865,38.272,37.714,37.716,172403.15
2025-08-05 22:00:00+00:00,37.718,38.282,37.372,38.247,327784.87
2025-08-05 23:00:00+00:00,38.249,38.621,38.249,38.497,308787.51
2025-08-06 00:00:00+00:00,38.497,38.568,37.921,37.955,200453.38
2025-08-06 01:00:00+00:00,37.952,37.952,37.2,37.57,407507.6
2025-08-06 02:00:00+00:00,37.569,37.692,37.257,37.291,156219.4
2025-08-06 03:00:00+00:00,37.291,37.44,37.037,37.254,237120.81
2025-08-06 04:00:00+00:00,37.253,37.336,37.01,37.017,161142.48
2025-08-06 05:00:00+00:00,37.017,37.633,36.855,37.299,482712.66
2025-08-06 06:00:00+00:00,37.3,37.613,37.157,37.489,194426.75
2025-08-06 07:00:00+00:00,37.49,37.838,37.348,37.831,234239.09
2025-08-06 08:00:00+00:00,37.831,37.852,37.32,37.471,158015.0
2025-08-06 09:00:00+00:00,37.471,37.772,37.339,37.388,192589.96
2025-08-06 10:00:00+00:00,37.388,37.512,37.154,37.229,173585.61
2025-08-06 11:00:00+00:00,37.231,37.636,37.171,37.479,115362.99
2025-08-06 12:00:00+00:00,37.479,37.664,37.277,37.532,201350.64
2025-08-06 13:00:00+00:00,37.535,38.01,37.478,37.996,389110.02
2025-08-06 14:00:00+00:00,37.994,38.478,37.848,38.475,478764.71
2025-08-06 15:00:00+00:00,38.475,38.867,38.113,38.802,472768.66
2025-08-06 16:00:00+00:00,38.8,38.822,38.28,38.704,258658.16
2025-08-06 17:00:00+00:00,38.697,39.047,38.65,38.839,198949.13
2025-08-06 18:00:00+00:00,38.84,39.258,38.31,38.6,497015.12
2025-08-06 19:00:00+00:00,38.6,38.637,38.224,38.372,118921.14
2025-08-06 20:00:00+00:00,38.369,38.393,38.093,38.163,144817.13
2025-08-06 21:00:00+00:00,38.163,38.292,37.892,38.093,113215.96
2025-08-06 22:00:00+00:00,38.094,38.234,38.01,38.071,86101.35
2025-08-06 23:00:00+00:00,38.077,38.1,37.942,38.079,60008.98
2025-08-07 00:00:00+00:00,38.077,38.142,37.92,37.92,93510.33
2025-08-07 01:00:00+00:00,37.921,38.234,37.917,37.936,113067.46
2025-08-07 02:00:00+00:00,37.935,38.1,37.825,37.913,96597.54
2025-08-07 03:00:00+00:00,37.909,37.961,37.577,37.68,130001.27
2025-08-07 04:00:00+00:00,37.68,37.844,37.664,37.742,60688.86
2025-08-07 05:00:00+00:00,37.742,38.076,37.735,38.074,102414.3
2025-08-07 06:00:00+00:00,38.074,38.2,37.98,38.069,91887.67
2025-08-07 07:00:00+00:00,38.069,38.212,37.846,37.94,84044.96
2025-08-07 08:00:00+00:00,37.94,38.344,37.909,37.954,213562.09
2025-08-07 09:00:00+00:00,37.955,38.05,37.809,38.038,86101.43
2025-08-07 10:00:00+00:00,38.035,39.116,37.99,39.067,461991.45
2025-08-07 11:00:00+00:00,39.068,39.43,39.009,39.183,394026.91
2025-08-07 12:00:00+00:00,39.183,39.339,38.791,38.97,348450.55
2025-08-07 13:00:00+00:00,38.97,39.427,38.951,39.422,233147.13
2025-08-07 14:00:00+00:00,39.42,39.626,39.088,39.559,388034.49
2025-08-07 15:00:00+00:00,39.559,39.634,39.29,39.55,179786.43
2025-08-07 16:00:00+00:00,39.548,39.686,38.634,39.2,373564.94
2025-08-07 17:00:00+00:00,39.201,39.504,38.999,39.175,358140.46
2025-08-07 18:00:00+00:00,39.176,39.274,38.822,39.222,147555.01
2025-08-07 19:00:00+00:00,39.222,39.885,39.222,39.87,331066.67
2025-08-07 20:00:00+00:00,39.87,40.243,39.597,40.012,315098.37
2025-08-07 21:00:00+00:00,40.014,40.438,39.955,40.213,228182.44
2025-08-07 22:00:00+00:00,40.214,40.704,40.108,40.692,225627.03
2025-08-07 23:00:00+00:00,40.688,40.983,40.561,40.897,283223.49
2025-08-08 00:00:00+00:00,40.897,41.205,40.518,40.706,432941.93
2025-08-08 01:00:00+00:00,40.707,40.986,40.553,40.64,218687.2
2025-08-08 02:00:00+00:00,40.64,41.012,40.369,40.948,183295.53
2025-08-08 03:00:00+00:00,40.946,41.14,40.738,40.857,213276.14
2025-08-08 04:00:00+00:00,40.856,41.243,40.652,40.817,220533.19
2025-08-08 05:00:00+00:00,40.817,40.897,40.296,40.309,220885.88
2025-08-08 06:00:00+00:00,40.309,40.528,40.11,40.522,232585.78
2025-08-08 07:00:00+00:00,40.522,40.795,40.311,40.766,128207.76
2025-08-08 08:00:00+00:00,40.766,40.965,40.52,40.624,139647.42
2025-08-08 09:00:00+00:00,40.622,40.845,40.443,40.821,91867.27
2025-08-08 10:00:00+00:00,40.821,41.033,40.716,40.998,121817.65
2025-08-08 11:00:00+00:00,40.999,41.505,40.917,41.436,227572.05
2025-08-08 12:00:00+00:00,41.435,41.463,41.021,41.183,174040.16
2025-08-08 13:00:00+00:00,41.181,41.708,41.129,41.51,320306.58
2025-08-08 14:00:00+00:00,41.509,41.756,40.823,41.032,343928.27
2025-08-08 15:00:00+00:00,41.039,41.048,40.486,40.589,271333.24
2025-08-08 16:00:00+00:00,40.59,40.807,40.257,40.475,263043.8
2025-08-08 17:00:00+00:00,40.476,41.39,40.462,41.377,297246.05
2025-08-08 18:00:00+00:00,41.38,41.669,40.758,41.028,603618.71
2025-08-08 19:00:00+00:00,41.03,41.176,40.611,40.69,167118.28
2025-08-08 20:00:00+00:00,40.693,41.096,40.6,41.019,185771.94
2025-08-08 21:00:00+00:00,41.016,41.135,40.852,41.056,60769.69
2025-08-08 22:00:00+00:00,41.054,41.22,40.908,41.168,101236.84
2025-08-08 23:00:00+00:00,41.168,41.252,40.944,40.992,66880.1
2025-08-09 00:00:00+00:00,40.992,41.047,40.555,40.616,165617.44
2025-08-09 01:00:00+00:00,40.611,41.025,40.546,41.014,105890.47
2025-08-09 02:00:00+00:00,41.014,41.23,40.951,41.121,81917.99
2025-08-09 03:00:00+00:00,41.121,41.239,40.814,40.962,181664.67
2025-08-09 04:00:00+00:00,40.959,41.249,40.863,41.237,117845.04
2025-08-09 05:00:00+00:00,41.241,41.995,41.193,41.801,525310.28
2025-08-09 06:00:00+00:00,41.801,41.907,41.327,41.895,247328.42
2025-08-09 07:00:00+00:00,41.894,42.654,41.826,42.65,302464.53
2025-08-09 08:00:00+00:00,42.649,43.384,42.635,43.087,455737.64
2025-08-09 09:00:00+00:00,43.086,43.479,42.758,43.449,313307.06
2025-08-09 10:00:00+00:00,43.449,43.771,43.271,43.406,467550.74
2025-08-09 11:00:00+00:00,43.405,43.714,43.24,43.323,300088.33
2025-08-09 12:00:00+00:00,43.324,43.979,43.121,43.825,376973.19
2025-08-09 13:00:00+00:00,43.826,43.931,43.467,43.632,313843.05
2025-08-09 14:00:00+00:00,43.63,43.993,43.281,43.853,287916.57
2025-08-09 15:00:00+00:00,43.853,44.071,43.592,43.634,193527.1
2025-08-09 16:00:00+00:00,43.633,43.89,43.371,43.808,235277.93
2025-08-09 17:00:00+00:00,43.807,44.121,43.481,43.577,330408.06
2025-08-09 18:00:00+00:00,43.575,43.886,43.504,43.719,165167.73
2025-08-09 19:00:00+00:00,43.719,44.046,43.593,43.894,168673.42
2025-08-09 20:00:00+00:00,43.893,44.479,43.84,44.457,216233.94
2025-08-09 21:00:00+00:00,44.456,44.741,43.891,44.269,307070.34
2025-08-09 22:00:00+00:00,44.269,44.469,43.954,44.071,190226.21
2025-08-09 23:00:00+00:00,44.07,44.158,43.622,43.666,228702.46
2025-08-10 00:00:00+00:00,43.666,44.037,43.636,44.011,99797.36
2025-08-10 01:00:00+00:00,44.01,44.085,43.732,43.907,107846.71
2025-08-10 02:00:00+00:00,43.908,44.153,43.847,44.008,142353.99
2025-08-10 03:00:00+00:00,44.014,44.547,43.944,44.255,281753.73
2025-08-10 04:00:00+00:00,44.256,44.494,44.093,44.466,126424.51
2025-08-10 05:00:00+00:00,44.461,44.476,43.598,43.82,257012.82
2025-08-10 06:00:00+00:00,43.82,43.872,43.312,43.68,297404.47
2025-08-10 07:00:00+00:00,43.681,43.832,43.154,43.177,216224.61
2025-08-10 08:00:00+00:00,43.177,43.568,42.813,43.373,329122.75
2025-08-10 09:00:00+00:00,43.373,43.777,43.373,43.708,106978.13
2025-08-10 10:00:00+00:00,43.709,43.764,43.172,43.319,254568.82
2025-08-10 11:00:00+00:00,43.32,43.886,43.178,43.713,178528.37
2025-08-10 12:00:00+00:00,43.715,43.918,43.516,43.809,142776.52
2025-08-10 13:00:00+00:00,43.81,43.997,43.489,43.533,163192.69
2025-08-10 14:00:00+00:00,43.53,44.358,43.402,44.325,219512.09
2025-08-10 15:00:00+00:00,44.325,45.124,44.258,45.037,354502.7
2025-08-10 16:00:00+00:00,45.037,45.094,44.733,45.074,187174.76
2025-08-10 17:00:00+00:00,45.072,45.27,44.711,45.196,240441.8
2025-08-10 18:00:00+00:00,45.194,45.36,44.975,45.267,147889.28
2025-08-10 19:00:00+00:00,45.263,45.446,45.193,45.335,110014.98
2025-08-10 20:00:00+00:00,45.33,45.36,44.959,44.976,125413.29
2025-08-10 21:00:00+00:00,44.977,45.214,44.509,45.061,221644.84
2025-08-10 22:00:00+00:00,45.061,45.252,44.781,45.248,111810.26
2025-08-10 23:00:00+00:00,45.25,45.285,44.817,45.269,118669.16
2025-08-11 00:00:00+00:00,45.27,45.483,45.113,45.366,182766.5
2025-08-11 01:00:00+00:00,45.365,46.139,45.219,46.104,364015.56
2025-08-11 02:00:00+00:00,46.104,46.414,45.885,46.156,307303.57
2025-08-11 03:00:00+00:00,46.155,46.223,45.764,45.957,236242.69
2025-08-11 04:00:00+00:00,45.957,46.458,45.957,46.283,144268.34
2025-08-11 05:00:00+00:00,46.286,46.603,46.176,46.534,174163.31
2025-08-11 06:00:00+00:00,46.534,46.767,46.344,46.74,141431.51
2025-08-11 07:00:00+00:00,46.741,46.799,45.962,46.076,231227.04
2025-08-11 08:00:00+00:00,46.075,46.265,45.89,46.241,211534.78
2025-08-11 09:00:00+00:00,46.241,46.285,45.782,45.866,124512.73
2025-08-11 10:00:00+00:00,45.871,46.06,45.627,45.72,169838.96
2025-08-11 11:00:00+00:00,45.721,45.769,44.581,44.813,606861.16
2025-08-11 12:00:00+00:00,44.813,44.874,44.326,44.429,327320.98
2025-08-11 13:00:00+00:00,44.432,44.944,43.845,44.699,532090.54
2025-08-11 14:00:00+00:00,44.7,45.14,44.387,44.395,324392.44
2025-08-11 15:00:00+00:00,44.396,44.783,44.13,44.764,215616.24
2025-08-11 16:00:00+00:00,44.764,44.958,44.299,44.445,256424.86
2025-08-11 17:00:00+00:00,44.443,44.555,43.674,43.737,308940.84
2025-08-11 18:00:00+00:00,43.737,43.97,43.453,43.964,169384.85
2025-08-11 19:00:00+00:00,43.964,44.195,43.486,43.738,164132.27
2025-08-11 20:00:00+00:00,43.737,43.904,43.4,43.779,169726.75
2025-08-11 21:00:00+00:00,43.777,44.077,43.005,43.23,356518.19
2025-08-11 22:00:00+00:00,43.23,43.268,42.578,43.187,381916.14
2025-08-11 23:00:00+00:00,43.193,43.417,43.01,43.167,159415.99
2025-08-12 00:00:00+00:00,43.167,43.462,43.014,43.393,130442.57
2025-08-12 01:00:00+00:00,43.392,43.703,43.193,43.67,168809.95
2025-08-12 02:00:00+00:00,43.67,43.982,43.433,43.695,149043.21
2025-08-12 03:00:00+00:00,43.695,43.809,43.221,43.284,154685.71
2025-08-12 04:00:00+00:00,43.284,43.744,43.224,43.549,159719.71
2025-08-12 05:00:00+00:00,43.55,43.55,42.821,43.119,237518.29
2025-08-12 06:00:00+00:00,43.118,43.298,42.8,43.057,118945.26
2025-08-12 07:00:00+00:00,43.057,43.461,43.057,43.344,82776.7
2025-08-12 08:00:00+00:00,43.344,43.437,43.049,43.222,106899.77
2025-08-12 09:00:00+00:00,43.222,43.347,42.735,42.75,119048.8
2025-08-12 10:00:00+00:00,42.749,42.867,42.356,42.487,349735.83
2025-08-12 11:00:00+00:00,42.488,42.789,42.153,42.759,354671.25
2025-08-12 12:00:00+00:00,42.757,44.529,42.377,44.274,992013.88
2025-08-12 13:00:00+00:00,44.274,44.313,42.823,43.226,1011841.56
2025-08-12 14:00:00+00:00,43.228,43.664,43.096,43.51,353972.53
2025-08-12 15:00:00+00:00,43.509,44.476,43.464,44.468,341011.54
2025-08-12 16:00:00+00:00,44.46,44.644,44.059,44.434,397832.07
2025-08-12 17:00:00+00:00,44.435,44.87,44.026,44.096,444800.58
2025-08-12 18:00:00+00:00,44.1,44.611,43.63,43.793,347364.23
2025-08-12 19:00:00+00:00,43.797,44.489,43.797,44.351,191324.26
2025-08-12 20:00:00+00:00,44.356,45.05,44.16,44.904,319233.09
2025-08-12 21:00:00+00:00,44.903,45.87,44.876,45.533,440268.47
2025-08-12 22:00:00+00:00,45.534,45.576,44.77,45.03,262675.35
2025-08-12 23:00:00+00:00,45.03,45.42,44.704,44.725,171632.97
2025-08-13 00:00:00+00:00,44.726,45.068,44.664,44.82,228157.6
2025-08-13 01:00:00+00:00,44.817,44.852,43.801,43.979,406313.83
2025-08-13 02:00:00+00:00,43.979,44.799,43.816,44.777,224819.37
2025-08-13 03:00:00+00:00,44.776,44.88,44.411,44.525,268390.9
2025-08-13 04:00:00+00:00,44.526,44.65,43.708,43.825,520876.34
2025-08-13 05:00:00+00:00,43.82,43.899,43.293,43.431,399571.3
2025-08-13 06:00:00+00:00,43.432,43.609,43.002,43.473,540148.91
2025-08-13 07:00:00+00:00,43.473,44.292,43.408,44.17,246058.38
2025-08-13 08:00:00+00:00,44.169,44.776,43.962,44.769,347370.32
2025-08-13 09:00:00+00:00,44.769,45.398,44.628,45.03,447643.87
2025-08-13 10:00:00+00:00,45.03,46.05,44.721,46.032,447033.4
2025-08-13 11:00:00+00:00,46.036,46.6,45.917,46.536,387636.68
2025-08-13 12:00:00+00:00,46.536,46.872,45.921,45.955,469213.52
2025-08-13 13:00:00+00:00,45.959,47.02,45.936,46.81,576747.28
2025-08-13 14:00:00+00:00,46.809,47.0,45.52,45.688,758030.22
2025-08-13 15:00:00+00:00,45.688,45.89,45.007,45.366,645485.4
2025-08-13 16:00:00+00:00,45.367,46.401,45.294,46.38,456845.41
2025-08-13 17:00:00+00:00,46.383,47.476,46.211,47.303,743877.34
2025-08-13 18:00:00+00:00,47.302,47.497,46.63,47.02,486020.29
2025-08-13 19:00:00+00:00,47.023,47.957,46.783,47.848,483884.75
2025-08-13 20:00:00+00:00,47.843,48.021,46.632,46.729,619289.97
2025-08-13 21:00:00+00:00,46.725,47.312,46.323,46.616,329075.56
2025-08-13 22:00:00+00:00,46.614,47.603,46.534,47.06,270011.35
2025-08-13 23:00:00+00:00,47.057,47.889,47.046,47.631,203170.49
2025-08-14 00:00:00+00:00,47.628,48.068,47.331,47.461,276295.06
2025-08-14 01:00:00+00:00,47.464,47.708,47.159,47.338,190759.78
2025-08-14 02:00:00+00:00,47.337,47.938,47.096,47.845,182377.97
2025-08-14 03:00:00+00:00,47.845,48.746,47.698,48.545,311554.69
2025-08-14 04:00:00+00:00,48.545,48.88,47.791,47.801,355420.57
2025-08-14 05:00:00+00:00,47.8,48.142,47.521,47.636,206203.33
2025-08-14 06:00:00+00:00,47.635,47.651,46.492,47.474,705043.4
2025-08-14 07:00:00+00:00,47.47,47.596,46.636,46.852,342795.94
2025-08-14 08:00:00+00:00,46.852,46.916,46.283,46.407,228897.37
2025-08-14 09:00:00+00:00,46.409,47.218,46.0,47.182,343860.08
2025-08-14 10:00:00+00:00,47.182,47.33,46.356,46.785,367255.65
2025-08-14 11:00:00+00:00,46.785,47.27,46.703,47.158,203471.44
2025-08-14 12:00:00+00:00,47.152,47.402,43.75,44.995,1963882.86
2025-08-14 13:00:00+00:00,44.998,46.351,43.627,45.978,1831219.87
2025-08-14 14:00:00+00:00,45.978,46.658,45.404,46.03,813230.19
2025-08-14 15:00:00+00:00,46.026,46.127,44.511,44.713,820697.78
2025-08-14 16:00:00+00:00,44.712,45.029,44.086,44.827,848807.12
2025-08-14 17:00:00+00:00,44.832,45.586,44.449,45.315,537201.78
2025-08-14 18:00:00+00:00,45.315,45.756,44.602,45.67,388994.12
2025-08-14 19:00:00+00:00,45.676,46.49,45.586,45.676,399320.14
2025-08-14 20:00:00+00:00,45.663,46.386,45.514,46.076,339204.45
2025-08-14 21:00:00+00:00,46.076,46.076,44.146,44.805,1009643.66
2025-08-14 22:00:00+00:00,44.805,45.241,44.653,45.038,442909.8
2025-08-14 23:00:00+00:00,45.038,45.763,44.97,45.442,243806.48
2025-08-15 00:00:00+00:00,45.441,46.466,45.309,45.879,494725.86
2025-08-15 01:00:00+00:00,45.876,47.255,45.751,47.164,476634.53
2025-08-15 02:00:00+00:00,47.163,48.764,46.842,48.634,831089.25
2025-08-15 03:00:00+00:00,48.636,49.542,48.402,49.507,915885.88
2025-08-15 04:00:00+00:00,49.507,49.564,48.45,48.635,744572.77
2025-08-15 05:00:00+00:00,48.633,48.81,48.046,48.484,541957.31
2025-08-15 06:00:00+00:00,48.484,48.906,48.301,48.519,378181.86
2025-08-15 07:00:00+00:00,48.511,48.827,47.96,48.339,275747.51
2025-08-15 08:00:00+00:00,48.339,49.15,48.264,48.998,362439.42
2025-08-15 09:00:00+00:00,48.997,49.052,48.016,48.229,409398.99
2025-08-15 10:00:00+00:00,48.235,48.7,48.162,48.342,267820.98
2025-08-15 11:00:00+00:00,48.342,48.754,48.04,48.306,415032.82
2025-08-15 12:00:00+00:00,48.307,48.59,47.766,48.468,821895.41
2025-08-15 13:00:00+00:00,48.466,48.693,47.481,47.635,912113.86
2025-08-15 14:00:00+00:00,47.631,48.153,46.238,46.561,1149077.85
2025-08-15 15:00:00+00:00,46.562,46.969,45.598,46.302,1234744.7
2025-08-15 16:00:00+00:00,46.303,47.113,45.907,46.81,763376.81
2025-08-15 17:00:00+00:00,46.811,47.2,46.224,46.76,448504.06
2025-08-15 18:00:00+00:00,46.762,46.906,45.919,46.11,462209.03
2025-08-15 19:00:00+00:00,46.114,46.546,45.944,46.195,222607.86
2025-08-15 20:00:00+00:00,46.195,47.264,45.997,47.02,341425.23
2025-08-15 21:00:00+00:00,47.032,47.812,46.736,47.803,379975.83
2025-08-15 22:00:00+00:00,47.791,48.474,47.612,48.438,425801.54
2025-08-15 23:00:00+00:00,48.438,48.559,47.476,47.795,390088.69
2025-08-16 00:00:00+00:00,47.795,48.278,47.627,47.796,341417.34
2025-08-16 01:00:00+00:00,47.804,48.12,47.571,48.12,155378.62
2025-08-16 02:00:00+00:00,48.12,48.222,47.865,47.878,141700.47
2025-08-16 03:00:00+00:00,47.872,48.264,47.766,47.836,147819.82
2025-08-16 04:00:00+00:00,47.836,48.017,47.603,47.771,111451.7
2025-08-16 05:00:00+00:00,47.771,47.801,47.032,47.113,282042.18
2025-08-16 06:00:00+00:00,47.12,47.286,46.95,46.963,182248.73
2025-08-16 07:00:00+00:00,46.966,47.486,46.856,47.271,189484.35
2025-08-16 08:00:00+00:00,47.271,47.532,47.063,47.209,149675.91
2025-08-16 09:00:00+00:00,47.209,47.366,46.631,46.686,189978.81
2025-08-16 10:00:00+00:00,46.682,46.86,46.492,46.61,380009.74
2025-08-16 11:00:00+00:00,46.611,46.975,46.381,46.4,200057.64
2025-08-16 12:00:00+00:00,46.4,46.9,46.139,46.888,204530.98
2025-08-16 13:00:00+00:00,46.887,47.133,46.55,46.576,189100.13
2025-08-16 14:00:00+00:00,46.576,46.94,46.433,46.897,166853.65
2025-08-16 15:00:00+00:00,46.896,46.959,46.472,46.538,163491.47
2025-08-16 16:00:00+00:00,46.539,46.82,46.507,46.802,107729.54
2025-08-16 17:00:00+00:00,46.803,46.813,46.548,46.809,80609.02
2025-08-16 18:00:00+00:00,46.809,46.809,46.403,46.797,130535.19
2025-08-16 19:00:00+00:00,46.798,47.159,46.687,46.763,162944.91
2025-08-16 20:00:00+00:00,46.764,46.991,46.635,46.898,110329.28
2025-08-16 21:00:00+00:00,46.898,46.905,46.57,46.609,63285.43
2025-08-16 22:00:00+00:00,46.605,46.885,46.546,46.71,78060.24
2025-08-16 23:00:00+00:00,46.711,46.724,46.148,46.296,189320.01
2025-08-17 00:00:00+00:00,46.296,46.454,45.845,45.932,285909.84
2025-08-17 01:00:00+00:00,45.933,46.171,45.788,46.162,169697.09
2025-08-17 02:00:00+00:00,46.161,46.547,45.941,46.514,171516.69
2025-08-17 03:00:00+00:00,46.515,46.729,46.319,46.62,170723.28
2025-08-17 04:00:00+00:00,46.62,47.121,46.584,47.094,172454.78
2025-08-17 05:00:00+00:00,47.089,47.24,46.92,47.0,158426.94
2025-08-17 06:00:00+00:00,47.002,47.214,46.707,46.714,130980.91
2025-08-17 07:00:00+00:00,46.717,47.307,46.68,47.302,130468.16
2025-08-17 08:00:00+00:00,47.302,47.771,47.217,47.692,189835.32
2025-08-17 09:00:00+00:00,47.69,47.786,47.4,47.756,146622.35
2025-08-17 10:00:00+00:00,47.754,47.754,47.252,47.531,151383.42
2025-08-17 11:00:00+00:00,47.53,47.632,47.151,47.626,213276.56
2025-08-17 12:00:00+00:00,47.624,47.696,47.027,47.1,172199.7
2025-08-17 13:00:00+00:00,47.1,47.216,46.752,46.963,319422.25
2025-08-17 14:00:00+00:00,46.967,47.084,46.752,46.972,174695.61
2025-08-17 15:00:00+00:00,46.968,47.164,46.764,47.105,176807.88
2025-08-17 16:00:00+00:00,47.106,47.207,46.46,46.629,331342.15
2025-08-17 17:00:00+00:00,46.631,46.785,46.443,46.673,117664.41
2025-08-17 18:00:00+00:00,46.674,46.788,46.336,46.596,108862.71
2025-08-17 19:00:00+00:00,46.6,46.739,46.077,46.131,182166.42
2025-08-17 20:00:00+00:00,46.131,46.392,46.052,46.153,128363.83
2025-08-17 21:00:00+00:00,46.154,46.521,46.117,46.379,82386.24
2025-08-17 22:00:00+00:00,46.379,46.816,46.329,46.639,126901.38
2025-08-17 23:00:00+00:00,46.638,46.676,46.004,46.04,168830.32
2025-08-18 00:00:00+00:00,46.041,46.172,45.667,45.83,259951.91
2025-08-18 01:00:00+00:00,45.828,45.884,45.063,45.173,431986.92
2025-08-18 02:00:00+00:00,45.17,45.213,44.328,44.465,664211.79
2025-08-18 03:00:00+00:00,44.464,44.802,43.892,44.153,600188.68
2025-08-18 04:00:00+00:00,44.15,44.383,43.815,44.159,372106.35
2025-08-18 05:00:00+00:00,44.159,44.265,43.4,43.843,445617.86
2025-08-18 06:00:00+00:00,43.844,43.855,43.0,43.514,663163.08
2025-08-18 07:00:00+00:00,43.513,43.797,43.415,43.571,466528.76
2025-08-18 08:00:00+00:00,43.571,44.025,43.512,43.56,363110.35
2025-08-18 09:00:00+00:00,43.56,43.575,43.111,43.216,578185.92
2025-08-18 10:00:00+00:00,43.217,43.498,43.025,43.326,260789.81
2025-08-18 11:00:00+00:00,43.331,43.339,43.0,43.102,208970.73
2025-08-18 12:00:00+00:00,43.102,43.785,42.94,43.772,318326.56
2025-08-18 13:00:00+00:00,43.775,43.864,43.125,43.14,415104.48
2025-08-18 14:00:00+00:00,43.143,43.827,43.11,43.816,281627.3
2025-08-18 15:00:00+00:00,43.815,44.217,43.496,44.203,317851.49
2025-08-18 16:00:00+00:00,44.203,44.516,43.81,44.055,412189.77
2025-08-18 17:00:00+00:00,44.055,44.757,44.026,44.173,306038.09
2025-08-18 18:00:00+00:00,44.172,44.395,43.807,44.099,202288.73
2025-08-18 19:00:00+00:00,44.099,44.176,43.535,43.58,259648.94
2025-08-18 20:00:00+00:00,43.579,43.799,43.361,43.592,129054.62
2025-08-18 21:00:00+00:00,43.591,43.939,43.45,43.807,140287.74
2025-08-18 22:00:00+00:00,43.811,44.302,43.798,43.845,269324.16
2025-08-18 23:00:00+00:00,43.849,44.006,43.022,43.321,335827.78
2025-08-19 00:00:00+00:00,43.321,43.466,42.604,43.32,568481.22
2025-08-19 01:00:00+00:00,43.316,43.547,42.554,42.642,305083.17
2025-08-19 02:00:00+00:00,42.643,42.885,42.435,42.467,170476.23
2025-08-19 03:00:00+00:00,42.468,42.503,41.774,42.09,631395.37
2025-08-19 04:00:00+00:00,42.086,42.285,41.592,42.259,447458.24
2025-08-19 05:00:00+00:00,42.259,42.378,42.105,42.135,154333.14
2025-08-19 06:00:00+00:00,42.135,42.299,41.99,42.144,123227.51
2025-08-19 07:00:00+00:00,42.145,42.179,41.703,42.05,175647.74
2025-08-19 08:00:00+00:00,42.049,42.393,41.843,42.293,349970.14
2025-08-19 09:00:00+00:00,42.295,42.797,42.273,42.603,331582.46
2025-08-19 10:00:00+00:00,42.604,43.341,42.553,43.24,310409.46
2025-08-19 11:00:00+00:00,43.24,43.392,42.966,43.32,267616.69
2025-08-19 12:00:00+00:00,43.32,43.804,43.17,43.802,293763.01
2025-08-19 13:00:00+00:00,43.801,44.178,43.202,43.487,737537.7
2025-08-19 14:00:00+00:00,43.486,43.689,42.282,42.552,749689.52
2025-08-19 15:00:00+00:00,42.555,42.918,42.278,42.449,616727.66
2025-08-19 16:00:00+00:00,42.45,42.654,41.715,41.916,513618.0
2025-08-19 17:00:00+00:00,41.915,42.898,41.804,42.887,405953.59
2025-08-19 18:00:00+00:00,42.882,43.408,42.804,42.944,563105.49
2025-08-19 19:00:00+00:00,42.943,43.833,42.533,42.981,542424.25
2025-08-19 20:00:00+00:00,42.987,43.205,42.552,43.084,414011.79
2025-08-19 21:00:00+00:00,43.091,43.117,42.536,42.542,114894.36
2025-08-19 22:00:00+00:00,42.543,42.648,41.838,41.848,309235.38
2025-08-19 23:00:00+00:00,41.848,41.876,40.939,41.303,765081.43
2025-08-20 00:00:00+00:00,41.304,41.85,41.245,41.826,362596.38
2025-08-20 01:00:00+00:00,41.826,41.983,41.276,41.705,274802.38
2025-08-20 02:00:00+00:00,41.705,41.873,41.564,41.732,152845.26
2025-08-20 03:00:00+00:00,41.729,42.22,41.508,41.513,365836.46
2025-08-20 04:00:00+00:00,41.517,42.155,41.511,41.852,302636.52
2025-08-20 05:00:00+00:00,41.852,41.861,41.506,41.853,108699.5
2025-08-20 06:00:00+00:00,41.859,41.999,41.685,41.82,208309.9
2025-08-20 07:00:00+00:00,41.816,42.148,41.494,41.51,181796.43
2025-08-20 08:00:00+00:00,41.51,42.314,41.487,42.268,329178.32
2025-08-20 09:00:00+00:00,42.267,42.37,41.966,42.019,220236.29
2025-08-20 10:00:00+00:00,42.019,42.25,41.909,41.976,172175.75
2025-08-20 11:00:00+00:00,41.976,42.06,41.213,41.712,255902.03
2025-08-20 12:00:00+00:00,41.71,42.169,41.554,42.112,287702.51
2025-08-20 13:00:00+00:00,42.113,42.114,41.028,41.038,578733.94
2025-08-20 14:00:00+00:00,41.037,42.022,40.596,41.646,907574.83
2025-08-20 15:00:00+00:00,41.647,42.858,41.559,41.974,930580.44
2025-08-20 16:00:00+00:00,41.974,42.517,41.769,41.847,345033.1
2025-08-20 17:00:00+00:00,41.847,42.757,41.773,42.714,291640.84
2025-08-20 18:00:00+00:00,42.716,42.737,41.846,41.908,408312.68
2025-08-20 19:00:00+00:00,41.908,43.262,41.878,43.232,443793.7
2025-08-20 20:00:00+00:00,43.231,43.246,42.575,43.038,491254.87
2025-08-20 21:00:00+00:00,43.038,43.201,42.649,43.051,167952.48
2025-08-20 22:00:00+00:00,43.051,43.275,42.771,43.218,160723.99
2025-08-20 23:00:00+00:00,43.218,43.239,42.813,42.999,135301.77
2025-08-21 00:00:00+00:00,42.999,43.121,42.625,43.051,193026.41
2025-08-21 01:00:00+00:00,43.052,43.228,42.629,43.214,208435.29
2025-08-21 02:00:00+00:00,43.214,43.451,42.308,42.644,404233.22
2025-08-21 03:00:00+00:00,42.64,43.046,42.282,42.296,291541.99
2025-08-21 04:00:00+00:00,42.297,42.357,42.087,42.222,217288.36
2025-08-21 05:00:00+00:00,42.222,42.646,42.059,42.623,156513.4
2025-08-21 06:00:00+00:00,42.627,42.631,42.04,42.185,152271.09
2025-08-21 07:00:00+00:00,42.182,42.21,41.627,41.916,341510.87
2025-08-21 08:00:00+00:00,41.917,41.996,41.433,41.439,317790.16
2025-08-21 09:00:00+00:00,41.44,41.68,41.267,41.483,278564.32
2025-08-21 10:00:00+00:00,41.484,41.677,41.177,41.285,218547.03
2025-08-21 11:00:00+00:00,41.285,41.405,40.958,41.062,339299.54
2025-08-21 12:00:00+00:00,41.062,41.202,40.817,41.122,292216.47
2025-08-21 13:00:00+00:00,41.121,41.769,41.038,41.436,415368.4
2025-08-21 14:00:00+00:00,41.436,42.285,41.308,41.628,502612.41
2025-08-21 15:00:00+00:00,41.628,41.687,41.01,41.069,292072.96
2025-08-21 16:00:00+00:00,41.07,41.332,40.7,40.766,262075.32
2025-08-21 17:00:00+00:00,40.768,41.522,40.608,41.516,380117.61
2025-08-21 18:00:00+00:00,41.516,41.533,41.015,41.215,193618.57
2025-08-21 19:00:00+00:00,41.215,41.304,40.653,40.912,195836.37
2025-08-21 20:00:00+00:00,40.91,41.301,40.723,41.101,154897.96
2025-08-21 21:00:00+00:00,41.101,41.198,40.881,41.063,124562.27
2025-08-21 22:00:00+00:00,41.063,41.336,40.912,41.013,112985.31
2025-08-21 23:00:00+00:00,41.016,41.033,40.415,40.454,205147.23
2025-08-22 00:00:00+00:00,40.452,40.886,40.451,40.7,158310.86
2025-08-22 01:00:00+00:00,40.699,41.666,40.653,41.395,557449.11
2025-08-22 02:00:00+00:00,41.394,41.643,41.285,41.42,164795.39
2025-08-22 03:00:00+00:00,41.42,41.544,41.05,41.18,139483.25
2025-08-22 04:00:00+00:00,41.179,41.603,41.179,41.456,187744.16
2025-08-22 05:00:00+00:00,41.458,42.076,41.458,41.843,254391.65
2025-08-22 06:00:00+00:00,41.842,42.097,41.7,41.796,114412.13
2025-08-22 07:00:00+00:00,41.796,42.18,41.74,42.133,150814.23
2025-08-22 08:00:00+00:00,42.133,42.263,41.907,41.941,178362.02
2025-08-22 09:00:00+00:00,41.943,42.226,41.751,42.193,155614.99
2025-08-22 10:00:00+00:00,42.194,42.224,41.715,42.078,214598.86
2025-08-22 11:00:00+00:00,42.078,42.145,41.684,41.737,224100.17
2025-08-22 12:00:00+00:00,41.739,41.831,40.958,41.382,469384.75
2025-08-22 13:00:00+00:00,41.386,41.814,41.073,41.574,360187.85
2025-08-22 14:00:00+00:00,41.571,44.057,41.564,43.658,2019622.94
2025-08-22 15:00:00+00:00,43.657,44.175,43.645,43.664,653451.17
2025-08-22 16:00:00+00:00,43.667,44.412,43.663,43.99,561909.42
2025-08-22 17:00:00+00:00,43.987,44.928,43.953,44.447,508239.61
2025-08-22 18:00:00+00:00,44.446,44.724,44.315,44.482,309781.41
2025-08-22 19:00:00+00:00,44.481,44.649,44.196,44.296,276248.77
2025-08-22 20:00:00+00:00,44.3,44.856,44.248,44.606,259971.78
2025-08-22 21:00:00+00:00,44.607,44.862,44.425,44.757,229043.43
2025-08-22 22:00:00+00:00,44.759,45.0,44.657,44.883,241839.07
2025-08-22 23:00:00+00:00,44.882,45.532,44.879,45.335,262933.44
2025-08-23 00:00:00+00:00,45.335,45.355,44.863,44.942,181457.7
2025-08-23 01:00:00+00:00,44.942,45.057,44.305,44.548,211909.06
2025-08-23 02:00:00+00:00,44.549,44.583,43.756,44.25,430404.57
2025-08-23 03:00:00+00:00,44.25,44.33,43.457,43.538,326526.51
2025-08-23 04:00:00+00:00,43.538,44.289,43.535,44.201,193837.54
2025-08-23 05:00:00+00:00,44.202,44.672,43.93,44.586,250166.93
2025-08-23 06:00:00+00:00,44.587,44.718,43.716,43.764,287678.56
2025-08-23 07:00:00+00:00,43.765,43.777,43.485,43.718,241854.47
2025-08-23 08:00:00+00:00,43.717,43.804,43.296,43.543,201517.79
2025-08-23 09:00:00+00:00,43.543,43.923,43.375,43.914,215379.26
2025-08-23 10:00:00+00:00,43.913,44.138,43.461,43.528,226736.0
2025-08-23 11:00:00+00:00,43.529,43.986,43.502,43.686,144805.96
2025-08-23 12:00:00+00:00,43.688,43.975,43.531,43.727,199357.33
2025-08-23 13:00:00+00:00,43.727,43.905,43.569,43.71,139282.06
2025-08-23 14:00:00+00:00,43.707,44.206,43.65,43.755,199938.6
2025-08-23 15:00:00+00:00,43.755,44.018,43.714,43.877,143244.83
2025-08-23 16:00:00+00:00,43.876,44.162,43.864,44.062,109661.01
2025-08-23 17:00:00+00:00,44.061,44.575,44.053,44.348,232461.07
2025-08-23 18:00:00+00:00,44.348,44.665,44.178,44.577,156390.49
2025-08-23 19:00:00+00:00,44.577,44.836,44.513,44.631,103936.96
2025-08-23 20:00:00+00:00,44.631,44.885,44.548,44.844,84094.73
2025-08-23 21:00:00+00:00,44.843,44.96,44.66,44.694,77161.87
2025-08-23 22:00:00+00:00,44.694,44.788,44.4,44.665,133988.27
2025-08-23 23:00:00+00:00,44.67,44.923,44.603,44.91,123382.78
2025-08-24 00:00:00+00:00,44.91,45.077,44.73,44.855,111670.15
2025-08-24 01:00:00+00:00,44.855,44.975,44.364,44.671,185835.18
2025-08-24 02:00:00+00:00,44.675,44.741,44.241,44.26,131045.19
2025-08-24 03:00:00+00:00,44.261,44.296,43.977,44.206,154534.63
2025-08-24 04:00:00+00:00,44.206,44.446,44.092,44.267,126341.4
2025-08-24 05:00:00+00:00,44.267,44.267,43.965,44.001,81804.6
2025-08-24 06:00:00+00:00,44.003,44.022,43.706,43.8,135704.76
2025-08-24 07:00:00+00:00,43.799,44.162,43.782,44.041,128895.63
2025-08-24 08:00:00+00:00,44.041,44.237,43.915,44.106,113403.99
2025-08-24 09:00:00+00:00,44.105,44.274,43.972,44.112,85826.08
2025-08-24 10:00:00+00:00,44.112,44.177,43.45,43.54,255400.43
2025-08-24 11:00:00+00:00,43.54,43.744,43.42,43.672,148932.18
2025-08-24 12:00:00+00:00,43.672,43.862,43.501,43.739,110833.45
2025-08-24 13:00:00+00:00,43.735,44.044,43.711,44.013,125357.7
2025-08-24 14:00:00+00:00,44.014,44.469,43.773,44.36,272558.8
2025-08-24 15:00:00+00:00,44.36,44.625,44.077,44.127,183666.03
2025-08-24 16:00:00+00:00,44.126,44.729,44.098,44.643,238696.2
2025-08-24 17:00:00+00:00,44.644,45.683,44.501,45.62,460977.54
2025-08-24 18:00:00+00:00,45.621,46.712,45.397,46.528,444335.1
2025-08-24 19:00:00+00:00,46.527,47.0,44.881,45.519,1582235.46
2025-08-24 20:00:00+00:00,45.518,45.8,44.59,45.243,894039.63
2025-08-24 21:00:00+00:00,45.251,46.351,45.04,45.826,416082.62
2025-08-24 22:00:00+00:00,45.826,46.295,45.235,46.295,331534.14
2025-08-24 23:00:00+00:00,46.296,46.572,45.811,46.061,305729.43
2025-08-25 00:00:00+00:00,46.061,46.403,45.148,45.589,414408.34
2025-08-25 01:00:00+00:00,45.589,46.278,45.5,46.203,237166.39
2025-08-25 02:00:00+00:00,46.204,47.406,46.176,47.033,549341.9
2025-08-25 03:00:00+00:00,47.028,47.144,46.387,46.466,290740.41
2025-08-25 04:00:00+00:00,46.466,46.498,45.801,46.327,281070.4
2025-08-25 05:00:00+00:00,46.328,46.41,45.598,45.785,245103.1
2025-08-25 06:00:00+00:00,45.786,45.917,44.792,44.94,658597.22
2025-08-25 07:00:00+00:00,44.936,45.148,44.052,44.287,696954.72
2025-08-25 08:00:00+00:00,44.287,45.342,43.902,45.15,654524.14
2025-08-25 09:00:00+00:00,45.156,45.835,44.784,45.829,420498.1
2025-08-25 10:00:00+00:00,45.828,46.052,44.614,45.053,1036383.54
2025-08-25 11:00:00+00:00,45.052,45.683,44.845,45.658,415427.93
2025-08-25 12:00:00+00:00,45.657,46.059,45.391,45.805,435858.18
2025-08-25 13:00:00+00:00,45.804,46.0,45.107,45.523,593774.19
2025-08-25 14:00:00+00:00,45.536,46.718,45.333,46.301,677339.88
2025-08-25 15:00:00+00:00,46.301,46.441,45.5,45.832,411452.14
2025-08-25 16:00:00+00:00,45.823,46.825,45.572,45.856,531833.38
2025-08-25 17:00:00+00:00,45.852,45.97,45.25,45.514,517143.53
2025-08-25 18:00:00+00:00,45.515,45.678,45.107,45.134,177595.7
2025-08-25 19:00:00+00:00,45.135,45.14,43.812,44.003,738934.8
2025-08-25 20:00:00+00:00,44.006,44.324,43.23,43.271,894876.04
2025-08-25 21:00:00+00:00,43.272,43.343,42.542,42.842,923312.59
2025-08-25 22:00:00+00:00,42.843,43.618,42.694,43.135,361800.89
2025-08-25 23:00:00+00:00,43.139,43.357,42.88,42.976,267533.99
2025-08-26 00:00:00+00:00,42.979,43.138,42.357,42.636,453879.16
2025-08-26 01:00:00+00:00,42.636,44.142,42.456,44.101,644324.09
2025-08-26 02:00:00+00:00,44.101,44.295,43.611,43.965,388029.66
2025-08-26 03:00:00+00:00,43.965,44.36,43.902,44.098,282247.06
2025-08-26 04:00:00+00:00,44.1,45.478,44.096,45.357,534312.96
2025-08-26 05:00:00+00:00,45.357,45.612,45.106,45.114,269412.23
2025-08-26 06:00:00+00:00,45.117,45.369,44.77,44.931,218440.1
2025-08-26 07:00:00+00:00,44.926,45.576,44.783,45.523,290390.0
2025-08-26 08:00:00+00:00,45.52,45.868,45.108,45.368,265588.74
2025-08-26 09:00:00+00:00,45.368,45.519,45.017,45.24,114797.06
2025-08-26 10:00:00+00:00,45.24,45.695,45.189,45.409,296575.44
2025-08-26 11:00:00+00:00,45.409,45.544,44.881,45.25,284571.63
2025-08-26 12:00:00+00:00,45.25,46.31,44.655,45.866,732256.93
2025-08-26 13:00:00+00:00,45.867,45.875,45.12,45.555,496813.15
2025-08-26 14:00:00+00:00,45.558,46.721,45.102,46.653,514539.71
2025-08-26 15:00:00+00:00,46.651,47.043,46.3,46.55,595505.76
2025-08-26 16:00:00+00:00,46.55,47.628,46.541,47.569,580455.74
2025-08-26 17:00:00+00:00,47.568,47.784,47.12,47.654,534510.88
2025-08-26 18:00:00+00:00,47.655,47.946,47.133,47.927,357537.92
2025-08-26 19:00:00+00:00,47.927,48.681,47.738,48.491,480191.82
2025-08-26 20:00:00+00:00,48.49,49.047,48.254,48.945,465712.29
2025-08-26 21:00:00+00:00,48.944,49.782,48.71,49.407,929265.89
2025-08-26 22:00:00+00:00,49.407,49.606,48.244,48.86,1489444.79
2025-08-26 23:00:00+00:00,48.861,49.244,48.496,48.794,520350.93
2025-08-27 00:00:00+00:00,48.796,49.01,48.395,48.471,403100.96
2025-08-27 01:00:00+00:00,48.471,49.259,48.15,49.247,617716.25
2025-08-27 02:00:00+00:00,49.243,50.27,48.675,49.621,787116.17
2025-08-27 03:00:00+00:00,49.623,51.222,49.252,50.997,1319827.65
2025-08-27 04:00:00+00:00,50.996,51.254,50.446,50.94,721415.7
2025-08-27 05:00:00+00:00,50.945,51.219,50.518,50.76,454195.74
2025-08-27 06:00:00+00:00,50.763,50.811,50.067,50.31,583402.78
2025-08-27 07:00:00+00:00,50.312,50.469,49.679,49.976,535165.0
2025-08-27 08:00:00+00:00,49.977,50.275,48.224,48.95,1272320.05
2025-08-27 09:00:00+00:00,48.949,49.104,48.577,49.072,698377.42
2025-08-27 10:00:00+00:00,49.072,49.261,48.692,48.795,349643.18
2025-08-27 11:00:00+00:00,48.795,49.766,48.79,49.748,326502.52
2025-08-27 12:00:00+00:00,49.743,50.07,49.356,49.56,593248.0
2025-08-27 13:00:00+00:00,49.559,49.949,49.15,49.759,430811.73
2025-08-27 14:00:00+00:00,49.76,50.774,49.616,50.11,669711.42
2025-08-27 15:00:00+00:00,50.107,50.649,50.033,50.588,484413.98
2025-08-27 16:00:00+00:00,50.588,50.674,49.666,49.686,507370.45
2025-08-27 17:00:00+00:00,49.686,50.386,49.64,50.206,346829.88
2025-08-27 18:00:00+00:00,50.205,50.565,49.807,50.046,343812.1
2025-08-27 19:00:00+00:00,50.053,50.27,48.682,48.778,1095648.68
2025-08-27 20:00:00+00:00,48.777,49.469,48.328,49.26,1054931.08
2025-08-27 21:00:00+00:00,49.262,49.266,47.821,47.974,486029.29
2025-08-27 22:00:00+00:00,47.98,48.155,47.409,47.583,535557.79
2025-08-27 23:00:00+00:00,47.582,47.746,46.855,47.04,433994.09
2025-08-28 00:00:00+00:00,47.039,47.292,46.71,47.286,537874.27
2025-08-28 01:00:00+00:00,47.286,48.264,47.135,48.152,696193.95
2025-08-28 02:00:00+00:00,48.155,48.319,47.651,47.943,321773.1
2025-08-28 03:00:00+00:00,47.941,48.538,47.672,48.531,315367.76
2025-08-28 04:00:00+00:00,48.531,48.745,48.28,48.323,410209.23
2025-08-28 05:00:00+00:00,48.32,48.425,47.888,48.247,321620.69
2025-08-28 06:00:00+00:00,48.246,48.749,47.972,48.73,198674.87
2025-08-28 07:00:00+00:00,48.727,49.009,48.38,48.811,333610.71
2025-08-28 08:00:00+00:00,48.811,49.05,48.286,48.469,407721.89
2025-08-28 09:00:00+00:00,48.464,48.497,47.812,48.035,351561.99
2025-08-28 10:00:00+00:00,48.035,48.371,47.947,48.365,153428.28
2025-08-28 11:00:00+00:00,48.366,48.366,48.008,48.011,152031.07
2025-08-28 12:00:00+00:00,48.012,48.55,47.936,48.532,319378.62
2025-08-28 13:00:00+00:00,48.533,48.882,47.5,48.24,520044.42
2025-08-28 14:00:00+00:00,48.246,48.614,47.995,48.511,294126.12
2025-08-28 15:00:00+00:00,48.514,48.62,47.828,47.992,297702.67
2025-08-28 16:00:00+00:00,47.996,48.161,47.203,47.229,479651.93
2025-08-28 17:00:00+00:00,47.229,47.278,46.069,46.763,1695889.61
2025-08-28 18:00:00+00:00,46.762,47.35,46.572,46.83,525788.69
2025-08-28 19:00:00+00:00,46.829,47.25,45.837,46.074,809615.26
2025-08-28 20:00:00+00:00,46.075,46.577,45.916,45.921,411616.96
2025-08-28 21:00:00+00:00,45.921,46.105,45.685,46.08,291851.64
2025-08-28 22:00:00+00:00,46.078,46.327,45.794,45.928,274956.89
2025-08-28 23:00:00+00:00,45.925,46.093,45.562,45.608,285996.67
2025-08-29 00:00:00+00:00,45.609,45.996,45.324,45.914,439376.92
2025-08-29 01:00:00+00:00,45.925,46.146,45.713,45.767,349721.22
2025-08-29 02:00:00+00:00,45.767,46.09,45.567,45.567,288513.23
2025-08-29 03:00:00+00:00,45.568,45.947,45.324,45.696,242240.02
2025-08-29 04:00:00+00:00,45.689,46.048,45.559,45.781,149015.55
2025-08-29 05:00:00+00:00,45.783,45.824,45.461,45.472,183210.34
2025-08-29 06:00:00+00:00,45.473,45.479,44.888,45.349,521744.6
2025-08-29 07:00:00+00:00,45.349,45.35,44.286,44.431,941744.99
2025-08-29 08:00:00+00:00,44.431,44.94,44.002,44.079,666846.22
2025-08-29 09:00:00+00:00,44.078,44.406,43.744,44.245,520936.88
2025-08-29 10:00:00+00:00,44.241,44.711,44.191,44.357,338732.94
2025-08-29 11:00:00+00:00,44.357,44.417,44.165,44.417,253583.64
2025-08-29 12:00:00+00:00,44.417,45.412,44.411,45.319,716690.96
2025-08-29 13:00:00+00:00,45.318,45.435,44.278,44.52,789831.77
2025-08-29 14:00:00+00:00,44.521,44.998,43.913,44.203,711890.98
2025-08-29 15:00:00+00:00,44.207,45.118,44.16,44.835,559269.93
2025-08-29 16:00:00+00:00,44.84,45.042,44.589,44.652,390893.88
2025-08-29 17:00:00+00:00,44.652,44.8,44.187,44.728,300781.32
2025-08-29 18:00:00+00:00,44.728,44.734,43.656,43.684,385312.23
2025-08-29 19:00:00+00:00,43.683,44.338,43.498,43.679,483745.54
2025-08-29 20:00:00+00:00,43.679,44.274,43.318,44.196,552579.98
2025-08-29 21:00:00+00:00,44.2,44.803,43.948,44.324,506479.86
2025-08-29 22:00:00+00:00,44.324,44.593,44.121,44.461,187757.33
2025-08-29 23:00:00+00:00,44.46,44.651,44.285,44.432,166114.05
2025-08-30 00:00:00+00:00,44.434,44.535,44.015,44.154,181336.66
2025-08-30 01:00:00+00:00,44.155,44.199,43.701,43.772,239964.89
2025-08-30 02:00:00+00:00,43.771,44.313,43.709,44.118,154138.64
2025-08-30 03:00:00+00:00,44.119,44.65,44.118,44.591,182948.06
2025-08-30 04:00:00+00:00,44.592,44.785,44.376,44.53,195889.01
2025-08-30 05:00:00+00:00,44.53,44.921,44.189,44.2,226475.34
2025-08-30 06:00:00+00:00,44.201,44.327,43.96,43.976,182978.34
2025-08-30 07:00:00+00:00,43.976,44.356,43.942,44.342,157461.42
2025-08-30 08:00:00+00:00,44.341,44.344,43.634,43.684,225899.57
2025-08-30 09:00:00+00:00,43.687,43.765,43.381,43.559,205948.62
2025-08-30 10:00:00+00:00,43.56,43.779,43.289,43.455,266711.89
2025-08-30 11:00:00+00:00,43.456,43.619,43.363,43.52,111323.6
2025-08-30 12:00:00+00:00,43.519,43.668,43.266,43.634,160604.22
2025-08-30 13:00:00+00:00,43.634,43.821,43.389,43.713,223664.75
2025-08-30 14:00:00+00:00,43.713,43.798,43.524,43.688,149724.09
2025-08-30 15:00:00+00:00,43.688,44.195,43.562,44.173,223561.65
2025-08-30 16:00:00+00:00,44.169,44.179,43.864,44.056,182297.41
2025-08-30 17:00:00+00:00,44.058,44.223,43.83,44.118,140254.52
2025-08-30 18:00:00+00:00,44.117,44.318,44.058,44.277,89822.15
2025-08-30 19:00:00+00:00,44.277,44.289,43.869,43.945,107556.88
2025-08-30 20:00:00+00:00,43.945,44.042,43.838,43.992,68185.03
2025-08-30 21:00:00+00:00,43.992,44.077,43.827,43.915,38177.77
2025-08-30 22:00:00+00:00,43.914,43.995,43.762,43.955,48490.91
2025-08-30 23:00:00+00:00,43.956,44.207,43.949,44.066,79864.64
2025-08-31 00:00:00+00:00,44.066,44.867,44.034,44.763,228126.87
2025-08-31 01:00:00+00:00,44.761,44.823,44.443,44.71,135350.02
2025-08-31 02:00:00+00:00,44.71,44.729,44.47,44.646,90659.76
2025-08-31 03:00:00+00:00,44.649,44.957,44.614,44.941,93871.51
2025-08-31 04:00:00+00:00,44.941,44.95,44.594,44.837,115524.26
2025-08-31 05:00:00+00:00,44.838,44.94,44.686,44.94,75271.02
2025-08-31 06:00:00+00:00,44.94,45.002,44.704,44.781,114006.12
2025-08-31 07:00:00+00:00,44.78,45.089,44.492,44.514,142589.16
2025-08-31 08:00:00+00:00,44.514,44.867,44.455,44.858,93034.8
2025-08-31 09:00:00+00:00,44.858,44.858,44.31,44.359,171668.38
2025-08-31 10:00:00+00:00,44.358,44.46,44.2,44.395,142194.91
2025-08-31 11:00:00+00:00,44.395,44.456,44.241,44.447,66324.24
2025-08-31 12:00:00+00:00,44.445,44.526,44.256,44.499,92335.36
2025-08-31 13:00:00+00:00,44.497,44.633,44.221,44.286,153822.79
2025-08-31 14:00:00+00:00,44.292,44.464,44.117,44.283,123669.88
2025-08-31 15:00:00+00:00,44.283,44.523,44.167,44.488,158972.57
2025-08-31 16:00:00+00:00,44.488,45.081,44.408,45.072,278572.38
2025-08-31 17:00:00+00:00,45.072,45.367,44.9,45.16,296660.6
2025-08-31 18:00:00+00:00,45.161,45.346,45.048,45.06,88212.37
2025-08-31 19:00:00+00:00,45.058,45.076,44.693,44.804,168599.61
2025-08-31 20:00:00+00:00,44.808,44.97,44.717,44.864,42126.07
2025-08-31 21:00:00+00:00,44.86,45.043,44.678,45.003,44059.17
2025-08-31 22:00:00+00:00,45.003,45.187,44.728,44.827,81167.95
2025-08-31 23:00:00+00:00,44.826,44.826,44.24,44.28,230708.19
2025-09-01 00:00:00+00:00,44.284,44.724,43.838,44.526,500395.83
2025-09-01 01:00:00+00:00,44.53,45.017,44.373,44.808,190411.5
2025-09-01 02:00:00+00:00,44.807,44.811,44.18,44.391,272727.73
2025-09-01 03:00:00+00:00,44.387,44.573,44.013,44.419,212338.09
2025-09-01 04:00:00+00:00,44.408,44.539,43.966,44.136,155469.61
2025-09-01 05:00:00+00:00,44.137,44.488,43.934,44.216,122495.0
2025-09-01 06:00:00+00:00,44.216,44.36,43.964,44.148,114019.8
2025-09-01 07:00:00+00:00,44.147,45.01,43.992,45.01,213533.23
2025-09-01 08:00:00+00:00,45.01,45.47,44.992,45.376,362340.19
2025-09-01 09:00:00+00:00,45.376,45.48,44.914,44.943,241910.27
2025-09-01 10:00:00+00:00,44.948,45.02,44.586,44.926,190857.66
2025-09-01 11:00:00+00:00,44.926,44.938,44.4,44.707,186075.28
2025-09-01 12:00:00+00:00,44.708,44.799,44.428,44.531,163769.0
2025-09-01 13:00:00+00:00,44.531,44.891,44.455,44.574,160989.01
2025-09-01 14:00:00+00:00,44.575,44.925,44.439,44.535,139664.12
2025-09-01 15:00:00+00:00,44.535,44.66,44.072,44.294,195436.54
2025-09-01 16:00:00+00:00,44.292,44.321,43.546,43.664,461968.97
2025-09-01 17:00:00+00:00,43.668,43.833,43.371,43.668,400108.87
2025-09-01 18:00:00+00:00,43.668,44.105,43.643,44.093,228774.61
2025-09-01 19:00:00+00:00,44.093,44.21,43.951,44.045,80644.73
2025-09-01 20:00:00+00:00,44.051,44.118,43.386,43.644,278950.23
2025-09-01 21:00:00+00:00,43.644,43.644,42.693,42.976,456699.72
2025-09-01 22:00:00+00:00,42.974,42.992,42.504,42.717,364167.86
2025-09-01 23:00:00+00:00,42.714,43.15,42.673,43.126,188615.73
2025-09-02 00:00:00+00:00,43.129,43.354,42.959,43.124,191911.9
2025-09-02 01:00:00+00:00,43.124,43.749,43.054,43.475,215784.76
2025-09-02 02:00:00+00:00,43.48,43.993,43.326,43.99,200411.96
2025-09-02 03:00:00+00:00,43.99,44.31,43.757,44.157,344462.16
2025-09-02 04:00:00+00:00,44.157,44.53,43.992,44.336,234462.06
2025-09-02 05:00:00+00:00,44.337,44.548,44.202,44.482,91467.46
2025-09-02 06:00:00+00:00,44.483,44.935,44.456,44.65,182585.02
2025-09-02 07:00:00+00:00,44.651,44.711,44.4,44.493,137022.01
2025-09-02 08:00:00+00:00,44.493,45.051,44.489,44.81,164886.52
2025-09-02 09:00:00+00:00,44.81,45.079,44.585,44.807,134135.47
2025-09-02 10:00:00+00:00,44.808,44.9,44.374,44.485,176614.97
2025-09-02 11:00:00+00:00,44.486,44.49,44.21,44.314,121075.78
2025-09-02 12:00:00+00:00,44.315,44.412,43.402,43.424,369331.36
2025-09-02 13:00:00+00:00,43.425,44.66,43.37,44.526,552714.6
2025-09-02 14:00:00+00:00,44.526,44.962,44.302,44.62,356213.63
2025-09-02 15:00:00+00:00,44.618,44.852,44.0,44.098,276108.43
2025-09-02 16:00:00+00:00,44.095,44.377,43.977,44.148,188098.69
2025-09-02 17:00:00+00:00,44.152,44.668,44.113,44.129,224421.33
2025-09-02 18:00:00+00:00,44.132,44.183,43.745,43.974,175828.99
2025-09-02 19:00:00+00:00,43.973,44.175,43.822,44.058,109963.86
2025-09-02 20:00:00+00:00,44.058,44.47,43.958,44.318,148117.29
2025-09-02 21:00:00+00:00,44.319,44.806,44.309,44.772,168053.91
2025-09-02 22:00:00+00:00,44.773,44.853,44.549,44.849,90147.69
2025-09-02 23:00:00+00:00,44.849,44.925,44.631,44.901,134672.83
2025-09-03 00:00:00+00:00,44.902,45.304,44.776,44.808,252302.26
2025-09-03 01:00:00+00:00,44.811,45.271,44.545,45.199,230107.43
2025-09-03 02:00:00+00:00,45.199,45.336,44.97,45.168,195000.04
2025-09-03 03:00:00+00:00,45.168,45.267,44.717,44.719,151225.02
2025-09-03 04:00:00+00:00,44.718,44.791,44.534,44.733,88004.66
2025-09-03 05:00:00+00:00,44.733,44.748,44.424,44.456,59600.8
2025-09-03 06:00:00+00:00,44.46,44.55,44.266,44.379,124886.49
2025-09-03 07:00:00+00:00,44.38,44.568,44.279,44.525,85396.61
2025-09-03 08:00:00+00:00,44.528,44.758,44.45,44.707,115284.57
2025-09-03 09:00:00+00:00,44.707,45.5,44.614,45.481,231181.78
2025-09-03 10:00:00+00:00,45.481,45.797,45.253,45.532,298902.05
2025-09-03 11:00:00+00:00,45.528,46.006,45.467,45.578,225522.45
2025-09-03 12:00:00+00:00,45.588,45.823,45.38,45.542,147825.7
2025-09-03 13:00:00+00:00,45.542,46.147,45.4,45.676,374407.67
2025-09-03 14:00:00+00:00,45.678,46.21,45.429,46.037,381138.02
2025-09-03 15:00:00+00:00,46.037,46.151,45.739,46.08,203934.48
2025-09-03 16:00:00+00:00,46.081,46.272,45.85,46.157,257156.0
2025-09-03 17:00:00+00:00,46.157,46.518,46.067,46.171,291612.39
2025-09-03 18:00:00+00:00,46.172,46.3,45.605,45.831,258302.02
2025-09-03 19:00:00+00:00,45.828,45.944,45.672,45.832,178164.99
2025-09-03 20:00:00+00:00,45.837,46.107,45.81,45.992,116303.09
2025-09-03 21:00:00+00:00,45.992,46.095,45.8,46.001,127526.16
2025-09-03 22:00:00+00:00,46.001,46.125,45.914,46.12,92292.01
2025-09-03 23:00:00+00:00,46.12,46.135,45.804,45.883,143567.98
2025-09-04 00:00:00+00:00,45.883,46.449,45.732,46.285,226415.74
2025-09-04 01:00:00+00:00,46.286,46.288,45.878,46.056,141035.18
2025-09-04 02:00:00+00:00,46.05,46.075,45.539,45.719,183988.18
2025-09-04 03:00:00+00:00,45.719,45.899,45.419,45.456,187227.79
2025-09-04 04:00:00+00:00,45.456,45.757,45.41,45.456,132557.35
2025-09-04 05:00:00+00:00,45.456,45.562,45.3,45.519,157201.39
2025-09-04 06:00:00+00:00,45.519,45.628,45.235,45.455,157878.94
2025-09-04 07:00:00+00:00,45.454,45.716,45.336,45.668,135297.8
2025-09-04 08:00:00+00:00,45.668,45.923,45.502,45.58,170182.02
2025-09-04 09:00:00+00:00,45.58,45.972,45.58,45.965,91198.02
2025-09-04 10:00:00+00:00,45.965,45.993,45.745,45.757,95710.69
2025-09-04 11:00:00+00:00,45.758,46.05,45.705,45.889,76757.1
2025-09-04 12:00:00+00:00,45.89,46.082,45.734,45.955,125312.87
2025-09-04 13:00:00+00:00,45.954,45.967,45.525,45.541,305447.14
2025-09-04 14:00:00+00:00,45.544,45.676,45.038,45.331,346890.83
2025-09-04 15:00:00+00:00,45.331,45.333,44.884,45.216,300207.43
2025-09-04 16:00:00+00:00,45.214,45.378,44.866,45.055,154126.09
2025-09-04 17:00:00+00:00,45.056,45.397,45.026,45.259,145224.79
2025-09-04 18:00:00+00:00,45.258,45.428,44.877,44.959,148664.79
2025-09-04 19:00:00+00:00,44.959,45.091,44.431,44.49,205572.0
2025-09-04 20:00:00+00:00,44.491,45.154,44.431,45.021,297010.99
2025-09-04 21:00:00+00:00,45.022,45.381,44.936,45.193,164482.54
2025-09-04 22:00:00+00:00,45.193,45.803,45.152,45.789,160947.17
2025-09-04 23:00:00+00:00,45.79,45.883,45.237,45.373,217750.07
2025-09-05 00:00:00+00:00,45.372,45.554,45.169,45.19,142277.95
2025-09-05 01:00:00+00:00,45.191,45.512,45.166,45.413,122073.14
2025-09-05 02:00:00+00:00,45.413,45.68,45.236,45.627,133531.91
2025-09-05 03:00:00+00:00,45.627,45.66,45.079,45.207,152380.99
2025-09-05 04:00:00+00:00,45.208,45.543,45.208,45.496,97765.26
2025-09-05 05:00:00+00:00,45.487,45.635,45.423,45.6,54032.15
2025-09-05 06:00:00+00:00,45.6,45.834,45.544,45.818,107479.5
2025-09-05 07:00:00+00:00,45.819,46.343,45.79,46.286,254797.59
2025-09-05 08:00:00+00:00,46.286,46.295,45.905,45.956,153406.92
2025-09-05 09:00:00+00:00,45.954,46.233,45.835,46.176,107579.58
2025-09-05 10:00:00+00:00,46.176,46.37,46.155,46.265,83513.34
2025-09-05 11:00:00+00:00,46.265,47.78,46.135,47.07,1111559.66
2025-09-05 12:00:00+00:00,47.072,47.335,46.37,47.296,950837.84
2025-09-05 13:00:00+00:00,47.305,47.746,46.595,47.381,926948.73
2025-09-05 14:00:00+00:00,47.382,47.425,46.02,46.253,1056901.56
2025-09-05 15:00:00+00:00,46.251,46.983,46.055,46.639,415475.65
2025-09-05 16:00:00+00:00,46.642,46.834,46.331,46.807,203116.35
2025-09-05 17:00:00+00:00,46.808,46.899,46.215,46.436,229667.25
2025-09-05 18:00:00+00:00,46.436,46.589,46.066,46.576,205361.64
2025-09-05 19:00:00+00:00,46.576,47.371,46.44,47.22,377277.82
2025-09-05 20:00:00+00:00,47.214,47.4,46.908,47.373,204970.76
2025-09-05 21:00:00+00:00,47.372,47.513,46.952,47.264,354527.52
2025-09-05 22:00:00+00:00,47.261,47.419,47.061,47.195,132317.0
2025-09-05 23:00:00+00:00,47.194,47.546,47.163,47.271,125018.09
2025-09-06 00:00:00+00:00,47.271,47.895,47.265,47.82,312584.74
2025-09-06 01:00:00+00:00,47.822,47.87,47.497,47.529,200927.27
2025-09-06 02:00:00+00:00,47.529,47.719,47.282,47.424,142249.39
2025-09-06 03:00:00+00:00,47.423,47.879,47.355,47.73,170585.43
2025-09-06 04:00:00+00:00,47.729,47.729,47.335,47.359,147960.4
2025-09-06 05:00:00+00:00,47.36,47.366,46.906,47.198,169261.25
2025-09-06 06:00:00+00:00,47.197,47.202,46.925,47.082,161458.79
2025-09-06 07:00:00+00:00,47.081,47.131,46.78,46.865,87971.17
2025-09-06 08:00:00+00:00,46.866,46.937,46.678,46.773,140234.95
2025-09-06 09:00:00+00:00,46.77,46.771,46.525,46.631,184722.9
2025-09-06 10:00:00+00:00,46.631,46.86,46.614,46.836,81602.57
2025-09-06 11:00:00+00:00,46.836,46.9,46.678,46.896,118489.04
2025-09-06 12:00:00+00:00,46.896,46.999,46.813,46.834,101021.7
2025-09-06 13:00:00+00:00,46.833,46.95,46.666,46.894,105433.78
2025-09-06 14:00:00+00:00,46.895,47.068,46.861,46.97,103756.02
2025-09-06 15:00:00+00:00,46.97,47.022,46.45,46.48,158800.23
2025-09-06 16:00:00+00:00,46.479,46.512,46.064,46.24,284627.05
2025-09-06 17:00:00+00:00,46.24,46.242,45.762,45.944,177696.69
2025-09-06 18:00:00+00:00,45.943,46.111,45.626,45.803,248887.46
2025-09-06 19:00:00+00:00,45.804,45.847,45.439,45.614,178244.09
2025-09-06 20:00:00+00:00,45.612,46.03,45.585,46.023,155608.03
2025-09-06 21:00:00+00:00,46.025,46.06,45.855,46.056,66011.37
2025-09-06 22:00:00+00:00,46.056,46.255,45.99,46.193,114602.03
2025-09-06 23:00:00+00:00,46.19,46.287,46.015,46.015,83757.94
2025-09-07 00:00:00+00:00,46.015,46.666,46.0,46.59,239799.14
2025-09-07 01:00:00+00:00,46.589,46.957,46.548,46.765,180809.56
2025-09-07 02:00:00+00:00,46.766,47.184,46.655,46.949,381356.48
2025-09-07 03:00:00+00:00,46.944,47.054,46.817,46.901,60936.65
2025-09-07 04:00:00+00:00,46.901,46.959,46.75,46.796,132985.59
2025-09-07 05:00:00+00:00,46.802,46.946,46.668,46.797,73764.49
2025-09-07 06:00:00+00:00,46.797,46.822,46.583,46.594,70823.02
2025-09-07 07:00:00+00:00,46.593,47.042,46.521,47.042,105434.67
2025-09-07 08:00:00+00:00,47.042,47.367,46.963,47.241,205252.53
2025-09-07 09:00:00+00:00,47.242,47.486,47.045,47.299,191234.39
2025-09-07 10:00:00+00:00,47.3,47.403,47.173,47.283,89016.65
2025-09-07 11:00:00+00:00,47.283,47.341,47.091,47.194,68155.98
2025-09-07 12:00:00+00:00,47.194,47.221,46.896,47.061,166946.84
2025-09-07 13:00:00+00:00,47.061,47.31,47.024,47.293,74684.71
2025-09-07 14:00:00+00:00,47.293,47.547,47.098,47.435,212206.15
2025-09-07 15:00:00+00:00,47.436,47.72,47.28,47.579,189547.59
2025-09-07 16:00:00+00:00,47.577,47.677,47.082,47.165,220233.49
2025-09-07 17:00:00+00:00,47.164,47.23,46.921,47.11,148087.39
2025-09-07 18:00:00+00:00,47.109,47.118,46.87,47.059,86481.89
2025-09-07 19:00:00+00:00,47.059,47.244,46.901,47.082,111535.71
2025-09-07 20:00:00+00:00,47.081,47.184,46.772,47.157,123145.79
2025-09-07 21:00:00+00:00,47.157,47.178,46.842,46.891,55213.43
2025-09-07 22:00:00+00:00,46.886,47.242,46.876,47.182,60825.91
2025-09-07 23:00:00+00:00,47.19,47.517,47.065,47.113,137870.26
2025-09-08 00:00:00+00:00,47.112,47.364,46.97,47.193,152942.64
2025-09-08 01:00:00+00:00,47.193,47.595,47.103,47.462,177830.5
2025-09-08 02:00:00+00:00,47.462,48.466,47.422,48.42,402957.07
2025-09-08 03:00:00+00:00,48.426,49.011,48.28,48.776,437740.43
2025-09-08 04:00:00+00:00,48.775,48.857,48.453,48.779,276405.89
2025-09-08 05:00:00+00:00,48.78,49.652,48.77,49.64,431449.53
2025-09-08 06:00:00+00:00,49.639,50.073,49.191,49.797,481401.9
2025-09-08 07:00:00+00:00,49.804,50.157,49.56,50.072,335682.0
2025-09-08 08:00:00+00:00,50.072,51.078,50.064,51.023,653857.7
2025-09-08 09:00:00+00:00,51.023,51.237,50.498,50.665,593181.11
2025-09-08 10:00:00+00:00,50.661,50.909,50.554,50.759,381332.02
2025-09-08 11:00:00+00:00,50.758,50.863,50.32,50.5,386370.59
2025-09-08 12:00:00+00:00,50.498,50.975,50.45,50.907,306487.17
2025-09-08 13:00:00+00:00,50.908,51.973,50.845,51.334,1329245.15
2025-09-08 14:00:00+00:00,51.332,51.843,51.266,51.549,347677.08
2025-09-08 15:00:00+00:00,51.55,51.96,51.176,51.539,500610.63
2025-09-08 16:00:00+00:00,51.538,51.6,50.911,50.995,411742.77
2025-09-08 17:00:00+00:00,50.998,51.001,50.433,50.657,641920.91
2025-09-08 18:00:00+00:00,50.658,50.943,50.421,50.723,254581.05
2025-09-08 19:00:00+00:00,50.723,50.758,50.256,50.424,230986.52
2025-09-08 20:00:00+00:00,50.424,50.511,49.876,50.25,411580.85
2025-09-08 21:00:00+00:00,50.254,50.728,50.141,50.701,309073.78
2025-09-08 22:00:00+00:00,50.701,51.086,50.434,50.818,294853.42
2025-09-08 23:00:00+00:00,50.819,51.033,50.655,50.901,158297.13
2025-09-09 00:00:00+00:00,50.9,51.267,50.538,51.018,360814.76
2025-09-09 01:00:00+00:00,51.018,51.477,50.848,51.194,274757.47
2025-09-09 02:00:00+00:00,51.195,51.336,50.656,50.884,246665.35
2025-09-09 03:00:00+00:00,50.891,51.767,50.791,51.489,296809.68
2025-09-09 04:00:00+00:00,51.488,53.181,51.365,53.079,1016205.14
2025-09-09 05:00:00+00:00,53.078,53.623,52.88,53.605,522695.28
2025-09-09 06:00:00+00:00,53.606,55.106,53.523,54.677,1243928.61
2025-09-09 07:00:00+00:00,54.676,55.151,54.021,54.546,764466.13
2025-09-09 08:00:00+00:00,54.545,54.928,54.341,54.428,412353.53
2025-09-09 09:00:00+00:00,54.429,55.359,54.35,54.919,568126.46
2025-09-09 10:00:00+00:00,54.917,55.248,54.416,55.011,557817.3
2025-09-09 11:00:00+00:00,55.011,55.101,53.699,53.915,626942.83
2025-09-09 12:00:00+00:00,53.914,54.257,53.187,53.77,608392.96
2025-09-09 13:00:00+00:00,53.769,54.122,53.333,53.6,522174.4
2025-09-09 14:00:00+00:00,53.605,54.329,52.816,53.545,1381295.44
2025-09-09 15:00:00+00:00,53.545,53.615,52.076,52.666,1090825.0
2025-09-09 16:00:00+00:00,52.667,53.445,52.508,52.581,482513.8
2025-09-09 17:00:00+00:00,52.581,53.041,52.397,52.409,301380.34
2025-09-09 18:00:00+00:00,52.41,53.142,52.366,53.032,238295.88
2025-09-09 19:00:00+00:00,53.033,54.01,52.944,53.814,436812.26
2025-09-09 20:00:00+00:00,53.813,53.991,52.858,53.47,425945.4
2025-09-09 21:00:00+00:00,53.469,53.822,53.216,53.311,304613.91
2025-09-09 22:00:00+00:00,53.31,53.494,53.076,53.192,119614.56
2025-09-09 23:00:00+00:00,53.195,53.371,52.709,53.315,282967.64
2025-09-10 00:00:00+00:00,53.315,53.376,52.581,52.659,228597.05
2025-09-10 01:00:00+00:00,52.659,53.32,52.575,53.24,238543.76
2025-09-10 02:00:00+00:00,53.243,54.453,53.229,54.056,696274.47
2025-09-10 03:00:00+00:00,54.052,54.052,53.395,53.785,275083.35
2025-09-10 04:00:00+00:00,53.786,54.472,53.426,54.238,282015.33
2025-09-10 05:00:00+00:00,54.237,54.999,54.0,54.6,488413.51
2025-09-10 06:00:00+00:00,54.599,55.143,54.4,54.949,428622.07
2025-09-10 07:00:00+00:00,54.949,55.502,54.832,55.152,501896.42
2025-09-10 08:00:00+00:00,55.152,55.461,54.783,54.959,336601.3
2025-09-10 09:00:00+00:00,54.96,55.808,54.802,54.813,664478.77
2025-09-10 10:00:00+00:00,54.814,54.873,54.108,54.289,431007.24
2025-09-10 11:00:00+00:00,54.29,54.516,54.039,54.516,280136.03
2025-09-10 12:00:00+00:00,54.515,55.384,54.201,54.426,855630.02
2025-09-10 13:00:00+00:00,54.427,55.504,54.386,55.159,627214.21
2025-09-10 14:00:00+00:00,55.16,55.341,54.852,54.968,341632.58
2025-09-10 15:00:00+00:00,54.967,55.454,54.66,55.133,363880.95
2025-09-10 16:00:00+00:00,55.137,55.42,54.787,55.027,256638.03
2025-09-10 17:00:00+00:00,55.028,55.142,54.49,55.105,327929.66
2025-09-10 18:00:00+00:00,55.105,55.173,54.542,55.074,251786.06
2025-09-10 19:00:00+00:00,55.069,55.069,53.7,54.405,591883.99
2025-09-10 20:00:00+00:00,54.41,55.015,54.328,54.918,267641.01
2025-09-10 21:00:00+00:00,54.92,55.269,54.834,55.205,196499.94
2025-09-10 22:00:00+00:00,55.205,56.115,55.177,56.083,639088.13
2025-09-10 23:00:00+00:00,56.082,56.121,55.186,55.494,461848.86
2025-09-11 00:00:00+00:00,55.489,56.11,55.42,55.901,274356.56
2025-09-11 01:00:00+00:00,55.9,56.273,55.506,55.642,274082.75
2025-09-11 02:00:00+00:00,55.642,55.693,55.328,55.536,231585.39
2025-09-11 03:00:00+00:00,55.535,56.124,55.429,56.069,243402.29
2025-09-11 04:00:00+00:00,56.069,56.128,55.503,55.746,279959.81
2025-09-11 05:00:00+00:00,55.752,55.855,55.51,55.729,213785.62
2025-09-11 06:00:00+00:00,55.738,55.776,55.24,55.481,239314.01
2025-09-11 07:00:00+00:00,55.484,55.614,55.21,55.327,186677.89
2025-09-11 08:00:00+00:00,55.33,55.45,55.18,55.208,161311.61
2025-09-11 09:00:00+00:00,55.208,55.216,54.625,54.679,449522.74
2025-09-11 10:00:00+00:00,54.679,54.804,53.74,54.302,929591.12
2025-09-11 11:00:00+00:00,54.3,54.4,53.03,53.597,931498.48
2025-09-11 12:00:00+00:00,53.596,54.677,53.162,54.171,1377017.59
2025-09-11 13:00:00+00:00,54.165,54.77,53.716,54.71,465258.12
2025-09-11 14:00:00+00:00,54.71,54.812,54.0,54.463,377350.64
2025-09-11 15:00:00+00:00,54.465,54.87,54.264,54.72,362178.67
2025-09-11 16:00:00+00:00,54.72,55.097,54.453,54.742,372063.4
2025-09-11 17:00:00+00:00,54.742,55.188,54.68,55.019,158076.12
2025-09-11 18:00:00+00:00,55.019,55.249,54.79,54.985,194365.87
2025-09-11 19:00:00+00:00,54.985,55.99,54.912,55.761,660401.0
2025-09-11 20:00:00+00:00,55.761,55.839,55.449,55.711,195126.3
2025-09-11 21:00:00+00:00,55.707,56.0,55.63,55.874,227579.58
2025-09-11 22:00:00+00:00,55.874,56.805,55.847,56.465,455147.71
2025-09-11 23:00:00+00:00,56.466,57.2,56.422,57.054,457928.93
2025-09-12 00:00:00+00:00,57.055,57.499,56.695,56.821,512462.22
2025-09-12 01:00:00+00:00,56.823,57.089,56.464,56.612,303588.57
2025-09-12 02:00:00+00:00,56.612,57.104,56.533,56.686,257121.79
2025-09-12 03:00:00+00:00,56.683,56.72,56.402,56.586,243677.68
2025-09-12 04:00:00+00:00,56.585,56.898,56.526,56.791,328328.47
2025-09-12 05:00:00+00:00,56.792,57.376,56.761,57.195,249921.01
2025-09-12 06:00:00+00:00,57.194,57.264,56.808,56.875,253006.56
2025-09-12 07:00:00+00:00,56.875,57.07,56.322,56.395,308332.0
2025-09-12 08:00:00+00:00,56.395,56.611,56.132,56.314,318871.58
2025-09-12 09:00:00+00:00,56.313,56.435,56.041,56.302,202438.72
2025-09-12 10:00:00+00:00,56.302,56.597,56.046,56.542,202348.22
2025-09-12 11:00:00+00:00,56.542,56.554,55.6,55.691,334159.6
2025-09-12 12:00:00+00:00,55.692,56.118,55.574,55.971,290734.33
2025-09-12 13:00:00+00:00,55.971,56.543,55.965,56.364,301657.44
2025-09-12 14:00:00+00:00,56.364,56.866,56.098,56.263,411669.66
2025-09-12 15:00:00+00:00,56.252,56.277,54.846,55.407,730244.81
2025-09-12 16:00:00+00:00,55.407,55.77,55.006,55.753,384823.69
2025-09-12 17:00:00+00:00,55.752,55.993,55.35,55.891,324490.88
2025-09-12 18:00:00+00:00,55.891,56.357,55.674,56.347,304484.63
2025-09-12 19:00:00+00:00,56.348,56.554,56.058,56.445,238717.45
2025-09-12 20:00:00+00:00,56.44,56.44,55.641,55.986,300060.12
2025-09-12 21:00:00+00:00,55.986,55.994,55.411,55.492,223835.64
2025-09-12 22:00:00+00:00,55.492,56.084,54.918,55.116,488660.84
2025-09-12 23:00:00+00:00,55.116,55.312,54.738,55.255,261615.48
2025-09-13 00:00:00+00:00,55.255,55.565,54.881,55.171,500509.68
2025-09-13 01:00:00+00:00,55.171,55.62,55.125,55.434,199473.92
2025-09-13 02:00:00+00:00,55.434,55.742,55.227,55.599,221503.17
2025-09-13 03:00:00+00:00,55.602,55.968,55.426,55.912,218972.17
2025-09-13 04:00:00+00:00,55.913,55.917,55.41,55.501,187532.97
2025-09-13 05:00:00+00:00,55.5,55.535,54.927,55.174,320545.19
2025-09-13 06:00:00+00:00,55.174,55.349,54.906,55.046,154441.88
2025-09-13 07:00:00+00:00,55.043,55.222,54.85,55.172,111151.21
2025-09-13 08:00:00+00:00,55.175,55.542,55.175,55.492,164378.1
2025-09-13 09:00:00+00:00,55.499,56.257,55.446,55.992,297748.19
2025-09-13 10:00:00+00:00,55.994,56.215,55.842,55.912,192134.8
2025-09-13 11:00:00+00:00,55.912,56.41,55.669,56.242,208536.83
2025-09-13 12:00:00+00:00,56.241,56.719,55.963,56.714,266429.76
2025-09-13 13:00:00+00:00,56.713,56.87,55.467,55.909,566518.5
2025-09-13 14:00:00+00:00,55.907,56.238,55.46,55.914,405595.18
2025-09-13 15:00:00+00:00,55.913,56.26,55.429,55.715,286345.8
2025-09-13 16:00:00+00:00,55.715,55.888,55.0,55.032,469136.55
2025-09-13 17:00:00+00:00,55.032,55.192,54.527,54.575,583800.79
2025-09-13 18:00:00+00:00,54.575,54.885,54.165,54.845,478877.56
2025-09-13 19:00:00+00:00,54.845,54.996,54.65,54.976,123539.36
2025-09-13 20:00:00+00:00,54.979,55.136,54.583,54.824,249798.58
2025-09-13 21:00:00+00:00,54.825,54.993,54.435,54.616,173936.81
2025-09-13 22:00:00+00:00,54.616,54.622,54.253,54.526,157854.42
2025-09-13 23:00:00+00:00,54.527,54.796,54.428,54.456,131528.96
2025-09-14 00:00:00+00:00,54.457,55.239,54.408,54.912,378838.23
2025-09-14 01:00:00+00:00,54.916,55.321,54.489,55.083,328221.03
2025-09-14 02:00:00+00:00,55.075,55.324,54.587,54.604,245228.89
2025-09-14 03:00:00+00:00,54.604,54.66,53.865,54.02,547078.48
2025-09-14 04:00:00+00:00,54.027,54.561,53.64,54.44,368128.31
2025-09-14 05:00:00+00:00,54.44,54.915,54.346,54.707,267311.29
2025-09-14 06:00:00+00:00,54.704,54.942,54.533,54.934,153794.67
2025-09-14 07:00:00+00:00,54.935,54.957,54.276,54.363,294444.92
2025-09-14 08:00:00+00:00,54.364,54.81,54.288,54.465,167759.73
2025-09-14 09:00:00+00:00,54.465,54.605,54.154,54.534,258585.59
2025-09-14 10:00:00+00:00,54.535,54.688,54.209,54.277,147266.74
2025-09-14 11:00:00+00:00,54.278,54.456,53.819,53.919,279207.3
2025-09-14 12:00:00+00:00,53.919,54.151,53.624,53.746,205338.33
2025-09-14 13:00:00+00:00,53.75,54.201,53.53,54.129,220648.37
2025-09-14 14:00:00+00:00,54.125,54.287,53.534,53.917,293806.6
2025-09-14 15:00:00+00:00,53.917,54.441,53.696,54.028,300391.43
2025-09-14 16:00:00+00:00,54.027,54.959,54.008,54.816,396439.43
2025-09-14 17:00:00+00:00,54.813,54.868,54.3,54.778,314249.04
2025-09-14 18:00:00+00:00,54.777,54.84,54.223,54.35,219211.89
2025-09-14 19:00:00+00:00,54.35,54.663,54.16,54.197,146528.95
2025-09-14 20:00:00+00:00,54.197,54.378,54.047,54.143,129624.67
2025-09-14 21:00:00+00:00,54.143,54.276,53.94,54.162,85258.21
2025-09-14 22:00:00+00:00,54.163,54.285,53.915,54.253,98317.6
2025-09-14 23:00:00+00:00,54.253,54.253,53.556,53.688,192207.81
2025-09-15 00:00:00+00:00,53.688,54.051,53.679,53.733,133844.93
2025-09-15 01:00:00+00:00,53.732,53.909,53.201,53.79,313697.08
2025-09-15 02:00:00+00:00,53.78,54.269,53.768,54.018,176319.17
2025-09-15 03:00:00+00:00,54.018,54.399,54.001,54.296,171492.26
2025-09-15 04:00:00+00:00,54.297,54.644,54.237,54.294,209323.08
2025-09-15 05:00:00+00:00,54.295,54.504,54.009,54.029,143861.93
2025-09-15 06:00:00+00:00,54.03,54.102,53.474,53.565,308804.5
2025-09-15 07:00:00+00:00,53.564,53.923,53.015,53.228,347649.99
2025-09-15 08:00:00+00:00,53.228,53.598,52.349,52.79,674099.94
2025-09-15 09:00:00+00:00,52.79,53.62,52.674,53.577,323459.59
2025-09-15 10:00:00+00:00,53.577,54.061,53.313,53.523,329689.58
2025-09-15 11:00:00+00:00,53.526,53.598,53.208,53.309,172633.89
2025-09-15 12:00:00+00:00,53.312,53.754,52.934,53.055,255742.47
2025-09-15 13:00:00+00:00,53.061,53.239,52.491,52.606,408199.26
2025-09-15 14:00:00+00:00,52.607,53.128,52.25,52.909,344790.43
2025-09-15 15:00:00+00:00,52.917,53.153,52.313,52.668,303408.61
2025-09-15 16:00:00+00:00,52.666,52.953,52.2,52.307,263249.81
2025-09-15 17:00:00+00:00,52.307,52.569,52.054,52.542,284933.07
2025-09-15 18:00:00+00:00,52.542,53.022,52.27,52.85,235569.94
2025-09-15 19:00:00+00:00,52.85,53.663,52.648,53.652,400586.5
2025-09-15 20:00:00+00:00,53.652,53.832,53.383,53.795,225297.97
2025-09-15 21:00:00+00:00,53.805,53.871,53.425,53.559,151086.03
2025-09-15 22:00:00+00:00,53.559,53.729,53.434,53.676,93555.31
2025-09-15 23:00:00+00:00,53.676,54.029,53.612,54.0,175643.17
2025-09-16 00:00:00+00:00,54.0,54.032,53.183,53.336,322240.07
2025-09-16 01:00:00+00:00,53.339,53.784,53.199,53.313,197652.48
2025-09-16 02:00:00+00:00,53.314,53.643,53.215,53.333,123090.67
2025-09-16 03:00:00+00:00,53.334,53.517,53.181,53.258,113473.96
2025-09-16 04:00:00+00:00,53.259,53.503,52.968,53.456,139672.81
2025-09-16 05:00:00+00:00,53.457,53.898,53.385,53.847,164878.4
2025-09-16 06:00:00+00:00,53.847,53.958,53.291,53.396,156739.92
2025-09-16 07:00:00+00:00,53.397,53.536,53.253,53.353,67232.21
2025-09-16 08:00:00+00:00,53.353,53.617,53.166,53.376,116039.11
2025-09-16 09:00:00+00:00,53.379,53.474,53.058,53.244,88899.43
2025-09-16 10:00:00+00:00,53.245,53.345,52.858,52.861,123531.39
2025-09-16 11:00:00+00:00,52.862,52.9,52.424,52.758,253822.6
2025-09-16 12:00:00+00:00,52.761,52.761,52.296,52.392,149324.95
2025-09-16 13:00:00+00:00,52.392,54.119,52.281,53.365,2109003.78
2025-09-16 14:00:00+00:00,53.365,53.843,52.943,53.811,442035.75
2025-09-16 15:00:00+00:00,53.81,54.152,53.527,54.082,304540.55
2025-09-16 16:00:00+00:00,54.082,54.089,53.527,53.709,325121.32
2025-09-16 17:00:00+00:00,53.708,54.163,53.7,54.077,300686.16
2025-09-16 18:00:00+00:00,54.077,54.127,53.874,54.012,117041.62
2025-09-16 19:00:00+00:00,54.012,54.029,53.711,53.88,166843.51
2025-09-16 20:00:00+00:00,53.883,54.12,53.804,54.006,89283.0
2025-09-16 21:00:00+00:00,54.006,54.458,53.967,54.439,165679.3
2025-09-16 22:00:00+00:00,54.439,54.597,54.29,54.439,192082.05
2025-09-16 23:00:00+00:00,54.439,54.615,54.297,54.456,104422.21
2025-09-17 00:00:00+00:00,54.456,54.504,54.03,54.127,155746.62
2025-09-17 01:00:00+00:00,54.127,54.469,53.865,53.971,181876.06
2025-09-17 02:00:00+00:00,53.972,54.818,53.85,54.764,389052.36
2025-09-17 03:00:00+00:00,54.764,54.793,54.08,54.123,301301.71
2025-09-17 04:00:00+00:00,54.123,54.46,53.962,54.22,135313.22
2025-09-17 05:00:00+00:00,54.215,54.777,54.1,54.689,215127.91
2025-09-17 06:00:00+00:00,54.688,55.319,54.62,55.313,440529.75
2025-09-17 07:00:00+00:00,55.313,55.319,54.759,54.984,266014.01
2025-09-17 08:00:00+00:00,54.981,55.116,54.707,55.036,229199.16
2025-09-17 09:00:00+00:00,55.035,55.067,54.766,54.901,126083.92
2025-09-17 10:00:00+00:00,54.901,55.262,54.732,55.005,287214.37
2025-09-17 11:00:00+00:00,55.005,55.549,54.932,55.269,227330.64
2025-09-17 12:00:00+00:00,55.269,55.52,54.907,55.128,225121.75
2025-09-17 13:00:00+00:00,55.128,55.414,54.741,55.066,253475.41
2025-09-17 14:00:00+00:00,55.07,55.288,54.784,55.092,224481.17
2025-09-17 15:00:00+00:00,55.092,55.58,54.621,54.629,321215.16
2025-09-17 16:00:00+00:00,54.629,54.969,54.32,54.948,241184.79
2025-09-17 17:00:00+00:00,54.948,55.715,54.923,54.947,534515.46
2025-09-17 18:00:00+00:00,54.998,55.914,54.634,54.783,1158422.79
2025-09-17 19:00:00+00:00,54.783,55.765,54.747,55.52,457420.1
2025-09-17 20:00:00+00:00,55.517,56.42,55.505,56.069,422519.6
2025-09-17 21:00:00+00:00,56.065,57.032,55.7,56.946,322558.39
2025-09-17 22:00:00+00:00,56.947,57.84,56.9,57.562,580393.08
2025-09-17 23:00:00+00:00,57.564,58.041,56.326,57.766,696372.92
2025-09-18 00:00:00+00:00,57.767,58.818,57.7,58.624,675249.3
2025-09-18 01:00:00+00:00,58.621,59.63,58.369,58.844,792704.19
2025-09-18 02:00:00+00:00,58.844,59.095,58.257,59.082,490860.49
2025-09-18 03:00:00+00:00,59.081,59.428,58.836,59.032,448467.21
2025-09-18 04:00:00+00:00,59.032,59.093,58.404,58.677,253793.16
2025-09-18 05:00:00+00:00,58.679,58.826,58.279,58.428,182420.37
2025-09-18 06:00:00+00:00,58.439,58.489,58.059,58.323,270171.56
2025-09-18 07:00:00+00:00,58.323,58.796,58.294,58.397,194814.33
2025-09-18 08:00:00+00:00,58.396,58.675,58.029,58.497,429504.46
2025-09-18 09:00:00+00:00,58.493,58.783,58.329,58.597,182577.27
2025-09-18 10:00:00+00:00,58.596,58.606,57.574,57.947,383555.35
2025-09-18 11:00:00+00:00,57.95,58.329,57.75,57.819,244132.16
2025-09-18 12:00:00+00:00,57.818,57.949,57.465,57.493,316684.11
2025-09-18 13:00:00+00:00,57.493,57.998,57.312,57.763,329559.55
2025-09-18 14:00:00+00:00,57.76,58.309,57.701,57.991,287438.96
2025-09-18 15:00:00+00:00,57.991,58.1,57.621,57.842,245611.01
2025-09-18 16:00:00+00:00,57.841,58.118,57.681,58.059,195709.15
2025-09-18 17:00:00+00:00,58.058,58.363,57.913,58.361,150786.59
2025-09-18 18:00:00+00:00,58.36,59.17,58.296,59.0,335523.16
2025-09-18 19:00:00+00:00,59.002,59.012,58.336,58.674,276458.4
2025-09-18 20:00:00+00:00,58.674,58.995,58.464,58.499,239446.96
2025-09-18 21:00:00+00:00,58.499,58.528,57.872,58.174,250696.61
2025-09-18 22:00:00+00:00,58.174,58.4,57.92,58.254,154888.75
2025-09-18 23:00:00+00:00,58.253,58.691,57.912,58.681,213506.16
2025-09-19 00:00:00+00:00,58.681,59.351,58.408,58.525,453342.03
2025-09-19 01:00:00+00:00,58.525,58.597,57.954,57.989,176948.26
2025-09-19 02:00:00+00:00,57.988,58.13,57.611,57.82,249420.88
2025-09-19 03:00:00+00:00,57.82,57.87,57.1,57.28,364792.61
2025-09-19 04:00:00+00:00,57.281,57.54,57.014,57.377,292620.39
2025-09-19 05:00:00+00:00,57.377,57.433,56.697,56.967,316822.1
2025-09-19 06:00:00+00:00,56.96,56.978,56.306,56.32,328539.53
2025-09-19 07:00:00+00:00,56.32,57.011,56.315,56.389,381734.06
2025-09-19 08:00:00+00:00,56.394,56.901,56.367,56.386,271262.21
2025-09-19 09:00:00+00:00,56.386,56.537,56.041,56.073,295621.07
2025-09-19 10:00:00+00:00,56.073,56.352,55.814,56.18,324428.71
2025-09-19 11:00:00+00:00,56.179,56.233,55.676,55.868,302488.52
2025-09-19 12:00:00+00:00,55.869,56.4,55.798,56.203,262777.6
2025-09-19 13:00:00+00:00,56.203,57.227,56.08,56.859,700431.2
2025-09-19 14:00:00+00:00,56.86,56.942,55.706,55.96,529466.99
2025-09-19 15:00:00+00:00,55.964,56.489,55.24,56.11,603510.33
2025-09-19 16:00:00+00:00,56.111,56.445,55.888,56.199,268672.59
2025-09-19 17:00:00+00:00,56.199,56.243,55.631,55.833,274115.25
2025-09-19 18:00:00+00:00,55.833,56.096,55.692,56.047,155899.53
2025-09-19 19:00:00+00:00,56.047,56.31,55.861,55.942,187780.06
2025-09-19 20:00:00+00:00,55.935,56.283,55.917,56.16,107823.28
2025-09-19 21:00:00+00:00,56.16,56.369,56.029,56.25,93937.18
2025-09-19 22:00:00+00:00,56.251,56.394,56.208,56.354,117816.59
2025-09-19 23:00:00+00:00,56.348,56.374,55.839,56.181,154874.75
2025-09-20 00:00:00+00:00,56.181,56.394,55.932,56.294,197850.64
2025-09-20 01:00:00+00:00,56.295,56.295,55.807,55.874,171313.94
2025-09-20 02:00:00+00:00,55.874,56.343,55.632,56.147,189724.72
2025-09-20 03:00:00+00:00,56.147,56.171,55.81,56.037,147329.61
2025-09-20 04:00:00+00:00,56.036,56.369,55.9,56.27,149893.98
2025-09-20 05:00:00+00:00,56.27,56.498,56.108,56.486,122243.56
2025-09-20 06:00:00+00:00,56.483,56.657,56.326,56.563,131625.36
2025-09-20 07:00:00+00:00,56.563,56.666,56.392,56.612,142539.72
2025-09-20 08:00:00+00:00,56.612,56.633,56.148,56.22,126777.98
2025-09-20 09:00:00+00:00,56.219,56.442,55.91,55.917,140309.1
2025-09-20 10:00:00+00:00,55.918,56.068,55.606,55.617,135713.47
2025-09-20 11:00:00+00:00,55.618,55.881,55.435,55.446,182236.29
2025-09-20 12:00:00+00:00,55.445,55.584,55.1,55.395,288899.82
2025-09-20 13:00:00+00:00,55.395,55.511,55.217,55.388,133012.87
2025-09-20 14:00:00+00:00,55.387,55.62,54.77,55.538,419492.27
2025-09-20 15:00:00+00:00,55.538,55.982,55.468,55.651,323137.41
2025-09-20 16:00:00+00:00,55.65,55.995,55.4,55.887,165780.11
2025-09-20 17:00:00+00:00,55.888,55.917,54.566,54.652,442210.9
2025-09-20 18:00:00+00:00,54.653,54.757,54.018,54.057,486793.74
2025-09-20 19:00:00+00:00,54.057,54.425,53.85,54.32,416807.72
2025-09-20 20:00:00+00:00,54.321,54.831,54.193,54.747,208825.66
2025-09-20 21:00:00+00:00,54.737,54.918,54.516,54.539,101829.72
2025-09-20 22:00:00+00:00,54.54,54.612,54.13,54.205,135739.75
2025-09-20 23:00:00+00:00,54.205,54.26,54.028,54.25,121592.68
2025-09-21 00:00:00+00:00,54.249,54.309,53.652,54.049,281338.58
2025-09-21 01:00:00+00:00,54.044,54.151,53.798,53.877,120433.61
2025-09-21 02:00:00+00:00,53.876,54.288,53.746,54.149,257820.18
2025-09-21 03:00:00+00:00,54.149,54.247,54.017,54.188,135476.36
2025-09-21 04:00:00+00:00,54.188,54.242,54.002,54.219,123490.54
2025-09-21 05:00:00+00:00,54.22,54.389,54.175,54.287,98190.5
2025-09-21 06:00:00+00:00,54.29,54.314,53.922,53.939,172270.38
2025-09-21 07:00:00+00:00,53.938,54.069,53.5,53.628,392168.89
2025-09-21 08:00:00+00:00,53.628,53.786,53.138,53.282,377191.01
2025-09-21 09:00:00+00:00,53.283,53.406,52.875,52.898,466409.29
2025-09-21 10:00:00+00:00,52.898,53.117,52.161,52.214,931435.02
2025-09-21 11:00:00+00:00,52.213,52.749,52.14,52.501,613652.04
2025-09-21 12:00:00+00:00,52.501,52.799,52.417,52.708,215849.04
2025-09-21 13:00:00+00:00,52.709,52.89,52.639,52.833,248717.22
2025-09-21 14:00:00+00:00,52.834,52.936,52.33,52.395,312891.95
2025-09-21 15:00:00+00:00,52.394,52.58,51.628,52.051,791151.61
2025-09-21 16:00:00+00:00,52.05,52.417,51.023,51.266,963521.39
2025-09-21 17:00:00+00:00,51.266,51.766,50.635,51.582,942351.38
2025-09-21 18:00:00+00:00,51.583,52.279,51.344,51.977,601282.92
2025-09-21 19:00:00+00:00,51.976,52.218,51.665,52.193,230324.87
2025-09-21 20:00:00+00:00,52.192,52.228,51.782,51.84,203856.33
2025-09-21 21:00:00+00:00,51.84,51.916,51.482,51.572,187439.62
2025-09-21 22:00:00+00:00,51.571,51.736,51.296,51.607,276879.03
2025-09-21 23:00:00+00:00,51.607,51.611,50.814,50.89,350199.24
2025-09-22 00:00:00+00:00,50.89,51.337,49.5,50.05,1385077.67
2025-09-22 01:00:00+00:00,50.054,50.348,49.544,49.79,658340.29
2025-09-22 02:00:00+00:00,49.791,50.129,48.978,49.577,768372.14
2025-09-22 03:00:00+00:00,49.576,49.815,49.315,49.78,353179.84
2025-09-22 04:00:00+00:00,49.78,50.367,49.521,50.153,389420.31
2025-09-22 05:00:00+00:00,50.152,50.315,48.53,48.537,587487.81
2025-09-22 06:00:00+00:00,48.534,49.556,45.99,49.372,2355760.6
2025-09-22 07:00:00+00:00,49.371,49.372,48.274,48.565,665858.83
2025-09-22 08:00:00+00:00,48.564,49.449,48.491,49.291,536726.23
2025-09-22 09:00:00+00:00,49.292,49.362,48.615,48.765,529464.38
2025-09-22 10:00:00+00:00,48.765,49.451,48.518,49.355,396239.43
2025-09-22 11:00:00+00:00,49.353,49.47,48.596,48.87,309124.26
2025-09-22 12:00:00+00:00,48.869,49.283,48.622,49.068,223636.78
2025-09-22 13:00:00+00:00,49.07,49.994,48.932,49.933,457533.69
2025-09-22 14:00:00+00:00,49.932,50.24,49.145,49.189,694924.46
2025-09-22 15:00:00+00:00,49.188,49.32,48.178,48.351,765575.84
2025-09-22 16:00:00+00:00,48.351,48.609,47.747,47.882,815171.9
2025-09-22 17:00:00+00:00,47.885,48.619,47.54,48.035,826852.45
2025-09-22 18:00:00+00:00,48.034,48.227,47.671,47.891,411963.68
2025-09-22 19:00:00+00:00,47.896,47.952,47.016,47.15,595995.41
2025-09-22 20:00:00+00:00,47.158,47.897,46.866,47.881,554458.84
2025-09-22 21:00:00+00:00,47.88,48.057,47.69,47.914,297375.8
2025-09-22 22:00:00+00:00,47.913,47.972,47.32,47.323,250195.13
2025-09-22 23:00:00+00:00,47.327,47.572,47.181,47.278,232780.5
2025-09-23 00:00:00+00:00,47.278,47.364,46.258,46.487,583390.34
2025-09-23 01:00:00+00:00,46.486,46.564,46.106,46.134,356506.01
2025-09-23 02:00:00+00:00,46.134,46.284,45.52,45.523,853997.48
2025-09-23 03:00:00+00:00,45.525,46.722,45.305,46.102,1106891.44
2025-09-23 04:00:00+00:00,46.102,46.709,45.953,46.449,425452.93
2025-09-23 05:00:00+00:00,46.45,48.241,46.339,47.98,975370.24
2025-09-23 06:00:00+00:00,47.98,48.874,47.886,48.694,671696.26
2025-09-23 07:00:00+00:00,48.697,48.773,48.148,48.675,421903.2
2025-09-23 08:00:00+00:00,48.673,48.904,48.422,48.718,263103.41
2025-09-23 09:00:00+00:00,48.717,48.946,47.854,48.07,432255.03
2025-09-23 10:00:00+00:00,48.07,48.309,47.919,48.172,184787.07
2025-09-23 11:00:00+00:00,48.173,48.179,47.713,48.053,232887.73
2025-09-23 12:00:00+00:00,48.052,48.077,47.461,47.638,356801.91
2025-09-23 13:00:00+00:00,47.638,48.046,47.258,47.867,565520.35
2025-09-23 14:00:00+00:00,47.87,48.627,47.067,47.102,706254.05
2025-09-23 15:00:00+00:00,47.1,47.622,46.801,47.317,535819.76
2025-09-23 16:00:00+00:00,47.318,47.719,47.055,47.436,302757.36
2025-09-23 17:00:00+00:00,47.436,47.513,46.48,46.563,578253.51
2025-09-23 18:00:00+00:00,46.563,46.672,45.032,45.143,1054001.02
2025-09-23 19:00:00+00:00,45.144,46.05,44.477,44.58,1022665.94
2025-09-23 20:00:00+00:00,44.58,45.419,44.58,45.393,535550.38
2025-09-23 21:00:00+00:00,45.392,45.614,44.986,45.04,310529.06
2025-09-23 22:00:00+00:00,45.041,45.451,44.838,45.267,332141.7
2025-09-23 23:00:00+00:00,45.268,45.273,44.364,44.671,449408.59
2025-09-24 00:00:00+00:00,44.672,45.322,44.341,44.711,487297.48
2025-09-24 01:00:00+00:00,44.712,45.585,44.558,45.556,337079.0
2025-09-24 02:00:00+00:00,45.557,45.674,44.907,45.144,368527.7
2025-09-24 03:00:00+00:00,45.145,45.2,44.053,44.159,686756.31
2025-09-24 04:00:00+00:00,44.159,44.53,43.596,43.977,1141487.64
2025-09-24 05:00:00+00:00,43.978,44.838,43.889,44.469,462844.77
2025-09-24 06:00:00+00:00,44.468,45.204,44.385,45.138,495072.98
2025-09-24 07:00:00+00:00,45.137,45.137,44.135,44.501,391699.67
2025-09-24 08:00:00+00:00,44.502,44.64,43.307,43.644,738073.44
2025-09-24 09:00:00+00:00,43.645,44.577,43.274,44.542,694755.28
2025-09-24 10:00:00+00:00,44.541,45.0,44.225,44.687,671970.25
2025-09-24 11:00:00+00:00,44.686,46.075,44.481,45.909,1316720.07
2025-09-24 12:00:00+00:00,45.908,46.471,45.46,45.562,944052.7
2025-09-24 13:00:00+00:00,45.561,45.846,44.607,44.645,826141.53
2025-09-24 14:00:00+00:00,44.644,46.818,44.624,46.354,983880.88
2025-09-24 15:00:00+00:00,46.354,46.508,45.204,45.277,686206.89
2025-09-24 16:00:00+00:00,45.28,45.462,44.863,44.968,587759.72
2025-09-24 17:00:00+00:00,44.97,45.695,44.922,45.584,622661.54
2025-09-24 18:00:00+00:00,45.583,45.753,45.126,45.524,345909.46
2025-09-24 19:00:00+00:00,45.525,46.157,45.479,45.977,412385.31
2025-09-24 20:00:00+00:00,45.978,46.321,45.84,46.172,231162.03
2025-09-24 21:00:00+00:00,46.17,46.355,45.5,45.602,251614.03
2025-09-24 22:00:00+00:00,45.603,46.322,45.595,45.983,286999.06
2025-09-24 23:00:00+00:00,45.983,46.265,45.291,45.646,251743.91
2025-09-25 00:00:00+00:00,45.656,46.019,45.362,45.525,291085.87
2025-09-25 01:00:00+00:00,45.523,45.749,44.648,44.689,476317.34
2025-09-25 02:00:00+00:00,44.692,44.868,43.9,43.994,834897.8
2025-09-25 03:00:00+00:00,43.994,44.089,42.842,43.419,1055296.01
2025-09-25 04:00:00+00:00,43.409,43.825,42.566,42.957,1409763.44
2025-09-25 05:00:00+00:00,42.959,43.526,42.591,42.973,668985.81
2025-09-25 06:00:00+00:00,42.972,43.078,42.255,42.309,561151.33
2025-09-25 07:00:00+00:00,42.309,42.906,42.161,42.206,689677.54
2025-09-25 08:00:00+00:00,42.205,42.964,42.134,42.819,484835.05
2025-09-25 09:00:00+00:00,42.82,43.639,42.7,42.989,549537.63
2025-09-25 10:00:00+00:00,42.988,43.385,42.445,42.486,507068.16
2025-09-25 11:00:00+00:00,42.486,42.635,41.681,41.848,863782.14
2025-09-25 12:00:00+00:00,41.845,41.91,40.816,41.388,1898534.87
2025-09-25 13:00:00+00:00,41.386,42.1,40.751,41.841,1339240.41
2025-09-25 14:00:00+00:00,41.843,42.458,41.358,41.516,862295.45
2025-09-25 15:00:00+00:00,41.515,41.73,40.873,41.726,948241.03
2025-09-25 16:00:00+00:00,41.728,42.23,41.327,41.504,863583.0
2025-09-25 17:00:00+00:00,41.498,42.208,41.162,41.947,1083524.7
2025-09-25 18:00:00+00:00,41.946,43.121,41.56,43.108,1165054.02
2025-09-25 19:00:00+00:00,43.108,43.115,42.213,42.366,564741.45
2025-09-25 20:00:00+00:00,42.368,42.382,41.25,41.752,758611.2
2025-09-25 21:00:00+00:00,41.752,43.493,41.18,41.788,1589790.6
2025-09-25 22:00:00+00:00,41.786,42.104,40.51,41.121,827253.97
2025-09-25 23:00:00+00:00,41.121,41.436,39.72,40.414,1178336.88
2025-09-26 00:00:00+00:00,40.413,42.17,40.381,42.091,963600.33
2025-09-26 01:00:00+00:00,42.097,42.732,42.019,42.295,725522.06
2025-09-26 02:00:00+00:00,42.295,43.052,42.226,42.551,645309.75
2025-09-26 03:00:00+00:00,42.551,43.332,42.456,42.951,661567.96
2025-09-26 04:00:00+00:00,42.955,43.36,42.276,42.319,759145.5
2025-09-26 05:00:00+00:00,42.328,42.846,41.934,42.12,548172.81
2025-09-26 06:00:00+00:00,42.12,42.524,41.734,41.986,517020.93
2025-09-26 07:00:00+00:00,41.991,42.535,41.916,42.503,270945.3
2025-09-26 08:00:00+00:00,42.502,42.81,42.321,42.496,409922.54
2025-09-26 09:00:00+00:00,42.495,42.658,41.893,42.226,507770.89
2025-09-26 10:00:00+00:00,42.225,42.258,41.234,41.259,648427.22
2025-09-26 11:00:00+00:00,41.258,41.318,40.783,41.155,687055.74
2025-09-26 12:00:00+00:00,41.152,42.641,40.93,42.508,1115553.19
2025-09-26 13:00:00+00:00,42.508,43.709,42.223,43.491,1030402.85
2025-09-26 14:00:00+00:00,43.486,43.651,42.64,43.221,895903.98
2025-09-26 15:00:00+00:00,43.22,44.366,43.141,44.276,1165663.17
2025-09-26 16:00:00+00:00,44.275,44.999,44.109,44.661,895895.08
2025-09-26 17:00:00+00:00,44.66,45.446,44.48,45.094,818165.49
2025-09-26 18:00:00+00:00,45.094,45.678,44.832,45.591,661604.06
2025-09-26 19:00:00+00:00,45.592,45.612,44.727,44.867,687270.97
2025-09-26 20:00:00+00:00,44.867,45.347,44.454,44.545,355522.81
2025-09-26 21:00:00+00:00,44.545,44.783,44.315,44.339,358977.9
2025-09-26 22:00:00+00:00,44.34,44.826,44.186,44.666,370519.26
2025-09-26 23:00:00+00:00,44.665,45.042,44.384,44.827,257826.74
2025-09-27 00:00:00+00:00,44.825,45.46,44.729,45.445,355670.94
2025-09-27 01:00:00+00:00,45.438,45.497,44.573,44.809,553894.21
2025-09-27 02:00:00+00:00,44.81,44.883,44.26,44.268,223659.69
2025-09-27 03:00:00+00:00,44.272,44.561,43.871,43.881,516248.24
2025-09-27 04:00:00+00:00,43.881,44.248,43.658,44.218,534571.68
2025-09-27 05:00:00+00:00,44.218,44.76,44.018,44.715,296700.37
2025-09-27 06:00:00+00:00,44.714,44.839,44.462,44.821,312641.16
2025-09-27 07:00:00+00:00,44.821,44.96,44.32,44.529,255827.84
2025-09-27 08:00:00+00:00,44.528,44.591,43.284,43.552,584082.88
2025-09-27 09:00:00+00:00,43.549,43.806,43.067,43.661,851763.84
2025-09-27 10:00:00+00:00,43.661,43.936,43.366,43.841,338932.92
2025-09-27 11:00:00+00:00,43.844,44.101,43.717,43.722,296906.39
2025-09-27 12:00:00+00:00,43.722,44.154,43.35,44.026,324554.27
2025-09-27 13:00:00+00:00,44.027,45.9,43.972,45.073,1080922.13
2025-09-27 14:00:00+00:00,45.07,45.5,44.859,45.031,414080.77
2025-09-27 15:00:00+00:00,45.03,45.847,44.69,45.808,508773.97
2025-09-27 16:00:00+00:00,45.808,45.873,45.237,45.388,628085.1
2025-09-27 17:00:00+00:00,45.386,45.945,45.1,45.926,307729.46
2025-09-27 18:00:00+00:00,45.926,45.937,45.357,45.495,302545.45
2025-09-27 19:00:00+00:00,45.495,45.73,45.193,45.651,175231.96
2025-09-27 20:00:00+00:00,45.651,46.178,45.56,45.68,402188.83
2025-09-27 21:00:00+00:00,45.68,46.114,45.507,45.81,152532.37
2025-09-27 22:00:00+00:00,45.815,46.601,45.766,46.005,490470.1
2025-09-27 23:00:00+00:00,46.008,46.218,45.074,45.75,537753.69
2025-09-28 00:00:00+00:00,45.751,45.883,45.395,45.466,253108.17
2025-09-28 01:00:00+00:00,45.467,45.691,45.083,45.087,244451.17
2025-09-28 02:00:00+00:00,45.086,45.297,44.926,45.161,208709.39
2025-09-28 03:00:00+00:00,45.161,45.372,44.502,44.778,426483.3
2025-09-28 04:00:00+00:00,44.779,44.93,44.609,44.714,114478.7
2025-09-28 05:00:00+00:00,44.715,44.89,44.38,44.479,193979.48
2025-09-28 06:00:00+00:00,44.479,44.542,44.183,44.53,245353.1
2025-09-28 07:00:00+00:00,44.53,44.875,44.359,44.846,174380.24
2025-09-28 08:00:00+00:00,44.846,44.996,44.272,44.284,244686.88
2025-09-28 09:00:00+00:00,44.284,44.418,43.811,44.02,308960.06
2025-09-28 10:00:00+00:00,44.015,44.015,43.716,43.987,235171.92
2025-09-28 11:00:00+00:00,43.987,44.037,43.421,43.625,327075.55
2025-09-28 12:00:00+00:00,43.625,43.66,42.912,43.205,493464.96
2025-09-28 13:00:00+00:00,43.207,43.829,43.164,43.758,408193.87
2025-09-28 14:00:00+00:00,43.758,44.252,43.492,44.236,325084.13
2025-09-28 15:00:00+00:00,44.239,44.568,44.07,44.552,337941.76
2025-09-28 16:00:00+00:00,44.552,45.366,44.538,45.277,900149.18
2025-09-28 17:00:00+00:00,45.277,46.014,45.2,45.701,732209.71
2025-09-28 18:00:00+00:00,45.701,45.935,45.469,45.925,174158.87
2025-09-28 19:00:00+00:00,45.924,45.999,45.3,45.687,286354.98
2025-09-28 20:00:00+00:00,45.687,46.957,45.558,46.578,549774.24
2025-09-28 21:00:00+00:00,46.581,47.22,46.248,46.471,444572.86
2025-09-28 22:00:00+00:00,46.473,47.23,46.277,47.144,1091780.4
2025-09-28 23:00:00+00:00,47.143,47.33,46.715,47.171,370034.41
2025-09-29 00:00:00+00:00,47.177,47.21,46.28,46.86,659172.31
2025-09-29 01:00:00+00:00,46.861,47.524,46.76,47.02,401430.33
2025-09-29 02:00:00+00:00,47.019,47.513,46.976,47.439,266357.56
2025-09-29 03:00:00+00:00,47.438,47.464,46.684,47.347,416322.21
2025-09-29 04:00:00+00:00,47.348,47.765,46.977,47.027,488917.19
2025-09-29 05:00:00+00:00,47.037,47.22,46.689,46.98,340231.22
2025-09-29 06:00:00+00:00,46.98,47.134,46.686,46.987,198965.28
2025-09-29 07:00:00+00:00,46.985,47.944,46.768,47.738,413603.6
2025-09-29 08:00:00+00:00,47.739,48.08,47.394,47.965,382606.54
2025-09-29 09:00:00+00:00,47.963,48.124,47.173,47.201,361618.9
2025-09-29 10:00:00+00:00,47.2,47.34,46.565,46.604,319038.61
2025-09-29 11:00:00+00:00,46.605,46.769,45.909,46.256,827862.49
2025-09-29 12:00:00+00:00,46.256,46.644,45.924,46.059,407335.27
2025-09-29 13:00:00+00:00,46.058,47.25,45.75,46.949,934265.08
2025-09-29 14:00:00+00:00,46.953,47.866,46.726,47.582,814758.43
2025-09-29 15:00:00+00:00,47.584,47.81,46.528,46.67,427791.66
2025-09-29 16:00:00+00:00,46.672,47.158,46.104,46.129,377407.26
2025-09-29 17:00:00+00:00,46.129,46.191,44.964,45.57,1093899.25
2025-09-29 18:00:00+00:00,45.57,45.852,45.241,45.833,246888.61
2025-09-29 19:00:00+00:00,45.833,46.092,45.618,46.032,289797.94
2025-09-29 20:00:00+00:00,46.039,47.102,45.936,46.858,511654.83
2025-09-29 21:00:00+00:00,46.858,46.994,46.461,46.618,216233.67
2025-09-29 22:00:00+00:00,46.619,46.689,46.296,46.545,167161.36
2025-09-29 23:00:00+00:00,46.55,46.568,46.074,46.19,220585.67
2025-09-30 00:00:00+00:00,46.19,46.313,45.511,45.64,415502.09
2025-09-30 01:00:00+00:00,45.639,45.917,44.777,45.037,831573.16
2025-09-30 02:00:00+00:00,45.037,45.593,44.952,45.022,495711.67
2025-09-30 03:00:00+00:00,45.023,45.274,44.535,44.682,420414.65
2025-09-30 04:00:00+00:00,44.681,44.873,44.332,44.5,501324.79
2025-09-30 05:00:00+00:00,44.501,44.985,44.367,44.816,335096.58
2025-09-30 06:00:00+00:00,44.816,45.258,44.583,45.135,355592.25
2025-09-30 07:00:00+00:00,45.134,45.316,44.671,44.99,297830.62
2025-09-30 08:00:00+00:00,44.99,45.248,44.584,44.616,293764.6
2025-09-30 09:00:00+00:00,44.619,44.691,43.61,44.103,1010446.01
2025-09-30 10:00:00+00:00,44.103,45.639,44.027,45.495,869030.71
2025-09-30 11:00:00+00:00,45.495,45.7,45.112,45.645,517756.38
2025-09-30 12:00:00+00:00,45.647,45.648,44.84,44.948,378144.72
2025-09-30 13:00:00+00:00,44.948,45.519,44.639,44.918,486377.81
2025-09-30 14:00:00+00:00,44.917,45.129,44.55,44.788,455351.98
2025-09-30 15:00:00+00:00,44.786,44.811,43.506,43.863,877941.68
2025-09-30 16:00:00+00:00,43.863,44.112,43.518,43.919,480622.8
2025-09-30 17:00:00+00:00,43.92,47.054,43.747,44.962,988313.41
2025-09-30 18:00:00+00:00,44.964,45.609,44.692,44.904,593276.14
2025-09-30 19:00:00+00:00,44.904,45.763,44.46,45.509,500300.51
2025-09-30 20:00:00+00:00,45.509,46.51,45.23,46.282,382035.04
2025-09-30 21:00:00+00:00,46.283,46.385,45.5,45.501,422974.75
2025-09-30 22:00:00+00:00,45.5,45.815,45.054,45.081,227703.5
2025-09-30 23:00:00+00:00,45.08,45.333,44.884,45.22,255728.99
2025-10-01 00:00:00+00:00,45.221,45.594,44.575,45.106,381137.06
2025-10-01 01:00:00+00:00,45.107,45.852,44.916,45.772,273643.54
2025-10-01 02:00:00+00:00,45.772,45.89,45.277,45.408,319683.0
2025-10-01 03:00:00+00:00,45.406,45.555,44.658,44.974,337037.99
2025-10-01 04:00:00+00:00,44.974,45.444,44.851,44.92,277606.46
2025-10-01 05:00:00+00:00,44.921,45.34,44.82,44.903,292807.84
2025-10-01 06:00:00+00:00,44.898,45.01,44.619,44.759,156204.39
2025-10-01 07:00:00+00:00,44.758,45.723,44.727,45.7,296903.86
2025-10-01 08:00:00+00:00,45.7,47.085,45.593,46.776,764219.16
2025-10-01 09:00:00+00:00,46.776,47.3,46.19,46.933,1058949.68
2025-10-01 10:00:00+00:00,46.933,47.139,46.54,46.8,332879.65
2025-10-01 11:00:00+00:00,46.8,47.689,46.684,47.586,340987.11
2025-10-01 12:00:00+00:00,47.578,47.678,47.243,47.293,360861.31
2025-10-01 13:00:00+00:00,47.293,47.885,47.293,47.705,327495.34
2025-10-01 14:00:00+00:00,47.7,48.106,47.149,47.268,638890.72
2025-10-01 15:00:00+00:00,47.267,47.596,46.88,47.234,463927.63
2025-10-01 16:00:00+00:00,47.236,48.006,47.116,47.32,452934.56
2025-10-01 17:00:00+00:00,47.321,47.499,46.673,46.96,411005.33
2025-10-01 18:00:00+00:00,46.959,47.145,46.673,46.938,294419.03
2025-10-01 19:00:00+00:00,46.937,47.353,46.874,47.094,216179.15
2025-10-01 20:00:00+00:00,47.094,47.186,46.607,46.711,273193.16
2025-10-01 21:00:00+00:00,46.711,46.808,46.329,46.792,253681.41
2025-10-01 22:00:00+00:00,46.793,47.258,46.64,47.042,338233.44
2025-10-01 23:00:00+00:00,47.045,47.279,46.829,47.233,224655.01
2025-10-02 00:00:00+00:00,47.228,47.988,46.993,47.145,556612.81
2025-10-02 01:00:00+00:00,47.152,48.849,47.058,48.66,721932.56
2025-10-02 02:00:00+00:00,48.669,48.842,48.125,48.333,476318.44
2025-10-02 03:00:00+00:00,48.333,49.369,48.29,49.359,529947.95
2025-10-02 04:00:00+00:00,49.359,49.621,48.812,49.356,471901.85
2025-10-02 05:00:00+00:00,49.356,49.714,49.061,49.079,472563.33
2025-10-02 06:00:00+00:00,49.079,49.577,48.912,49.203,321093.67
2025-10-02 07:00:00+00:00,49.202,49.231,48.583,48.807,305696.89
2025-10-02 08:00:00+00:00,48.806,49.244,48.676,49.23,295429.12
2025-10-02 09:00:00+00:00,49.231,49.514,48.985,49.432,265962.42
2025-10-02 10:00:00+00:00,49.432,49.548,49.139,49.41,237991.69
2025-10-02 11:00:00+00:00,49.401,49.845,49.329,49.583,293497.59
2025-10-02 12:00:00+00:00,49.581,49.89,49.376,49.689,298626.06
2025-10-02 13:00:00+00:00,49.688,49.694,48.895,49.085,465229.32
2025-10-02 14:00:00+00:00,49.085,49.106,48.551,48.79,817795.15
2025-10-02 15:00:00+00:00,48.79,49.343,48.58,49.181,541447.07
2025-10-02 16:00:00+00:00,49.179,49.975,49.076,49.181,558636.96
2025-10-02 17:00:00+00:00,49.182,49.976,48.952,49.812,421331.62
2025-10-02 18:00:00+00:00,49.812,50.415,49.766,50.016,570667.68
2025-10-02 19:00:00+00:00,50.018,51.089,49.995,50.855,579136.03
2025-10-02 20:00:00+00:00,50.854,50.868,50.105,50.736,426355.32
2025-10-02 21:00:00+00:00,50.736,50.912,50.004,50.153,317829.69
2025-10-02 22:00:00+00:00,50.152,50.471,49.935,50.139,236980.0
2025-10-02 23:00:00+00:00,50.134,50.868,50.11,50.811,267730.45
2025-10-03 00:00:00+00:00,50.812,50.829,50.248,50.498,237459.05
2025-10-03 01:00:00+00:00,50.497,50.736,49.647,49.726,444782.34
2025-10-03 02:00:00+00:00,49.726,50.595,49.692,50.587,266619.19
2025-10-03 03:00:00+00:00,50.586,50.828,50.064,50.106,316194.29
2025-10-03 04:00:00+00:00,50.113,50.374,49.549,50.324,499642.57
2025-10-03 05:00:00+00:00,50.327,50.378,49.939,50.13,203544.41
2025-10-03 06:00:00+00:00,50.13,50.4,49.645,49.797,229790.18
2025-10-03 07:00:00+00:00,49.796,49.965,49.323,49.542,359219.62
2025-10-03 08:00:00+00:00,49.542,49.682,48.5,49.08,867324.3
2025-10-03 09:00:00+00:00,49.08,49.498,48.857,49.353,478189.37
2025-10-03 10:00:00+00:00,49.355,49.924,49.235,49.915,318495.54
2025-10-03 11:00:00+00:00,49.912,49.915,49.164,49.486,450317.74
2025-10-03 12:00:00+00:00,49.487,49.649,48.877,49.056,322545.04
2025-10-03 13:00:00+00:00,49.057,49.291,48.753,48.908,364804.91
2025-10-03 14:00:00+00:00,48.908,49.675,48.387,49.305,605935.09
2025-10-03 15:00:00+00:00,49.304,50.733,48.96,50.432,825176.3
2025-10-03 16:00:00+00:00,50.432,50.878,50.036,50.124,915151.78
2025-10-03 17:00:00+00:00,50.124,50.875,49.603,50.029,1055838.74
2025-10-03 18:00:00+00:00,50.031,50.554,49.593,50.2,506053.93
2025-10-03 19:00:00+00:00,50.201,50.333,49.715,49.999,393293.58
2025-10-03 20:00:00+00:00,49.999,50.167,49.652,50.067,255623.21
2025-10-03 21:00:00+00:00,50.068,50.096,49.704,49.789,151068.18
2025-10-03 22:00:00+00:00,49.789,50.101,49.663,50.024,176241.21
2025-10-03 23:00:00+00:00,50.022,50.022,49.299,49.431,200104.51
2025-10-04 00:00:00+00:00,49.431,49.59,48.804,48.953,429242.12
2025-10-04 01:00:00+00:00,48.954,49.043,48.627,48.738,249616.0
2025-10-04 02:00:00+00:00,48.738,49.104,48.618,49.022,288133.45
2025-10-04 03:00:00+00:00,49.024,49.179,48.85,48.962,170458.43
2025-10-04 04:00:00+00:00,48.964,49.155,48.784,48.964,154357.35
2025-10-04 05:00:00+00:00,48.965,49.277,48.654,48.724,229027.14
2025-10-04 06:00:00+00:00,48.723,49.175,48.584,49.02,274200.7
2025-10-04 07:00:00+00:00,49.02,49.167,48.628,48.695,146605.73
2025-10-04 08:00:00+00:00,48.696,48.913,48.122,48.251,503428.06
2025-10-04 09:00:00+00:00,48.251,48.564,48.24,48.288,211028.05
2025-10-04 10:00:00+00:00,48.289,48.69,48.025,48.069,348970.89
2025-10-04 11:00:00+00:00,48.07,48.325,47.765,48.228,558904.56
2025-10-04 12:00:00+00:00,48.228,48.504,48.066,48.153,245904.55
2025-10-04 13:00:00+00:00,48.153,48.802,48.123,48.619,488411.58
2025-10-04 14:00:00+00:00,48.62,48.85,47.914,47.923,430795.0
2025-10-04 15:00:00+00:00,47.925,48.088,47.666,47.891,440843.5
2025-10-04 16:00:00+00:00,47.891,48.333,47.881,48.31,243559.27
2025-10-04 17:00:00+00:00,48.311,48.47,48.155,48.364,145939.51
2025-10-04 18:00:00+00:00,48.364,48.757,48.284,48.369,240074.88
2025-10-04 19:00:00+00:00,48.369,48.744,48.319,48.565,154915.58
2025-10-04 20:00:00+00:00,48.565,48.76,48.436,48.564,101452.38
2025-10-04 21:00:00+00:00,48.564,49.068,48.561,48.802,197861.55
2025-10-04 22:00:00+00:00,48.802,49.08,48.763,49.007,94072.88
2025-10-04 23:00:00+00:00,49.006,49.319,48.783,49.121,223696.42
2025-10-05 00:00:00+00:00,49.121,49.931,48.864,48.89,412936.2
2025-10-05 01:00:00+00:00,48.89,49.509,48.866,49.313,241916.08
2025-10-05 02:00:00+00:00,49.311,50.24,49.087,50.169,506733.7
2025-10-05 03:00:00+00:00,50.169,50.298,49.772,49.965,283280.66
2025-10-05 04:00:00+00:00,49.966,50.847,49.818,50.523,399120.49
2025-10-05 05:00:00+00:00,50.523,51.028,50.272,50.596,459662.86
2025-10-05 06:00:00+00:00,50.596,50.676,50.106,50.634,342564.06
2025-10-05 07:00:00+00:00,50.635,51.339,50.57,51.274,603295.57
2025-10-05 08:00:00+00:00,51.274,51.496,50.745,50.888,391281.68
2025-10-05 09:00:00+00:00,50.889,51.005,49.978,50.08,698571.71
2025-10-05 10:00:00+00:00,50.08,50.142,49.043,49.154,824125.32
2025-10-05 11:00:00+00:00,49.152,49.483,48.916,49.289,449381.7
2025-10-05 12:00:00+00:00,49.289,49.3,48.854,48.975,279880.78
2025-10-05 13:00:00+00:00,48.976,49.5,48.945,49.377,303134.04
2025-10-05 14:00:00+00:00,49.378,49.55,48.562,48.945,513108.5
2025-10-05 15:00:00+00:00,48.944,49.167,48.822,48.992,237097.86
2025-10-05 16:00:00+00:00,48.992,49.172,48.523,49.115,340956.62
2025-10-05 17:00:00+00:00,49.115,49.218,48.464,48.5,320156.91
2025-10-05 18:00:00+00:00,48.5,48.632,47.71,47.915,1040918.25
2025-10-05 19:00:00+00:00,47.916,48.066,47.333,47.447,596220.45
2025-10-05 20:00:00+00:00,47.444,48.014,47.336,47.856,389982.27
2025-10-05 21:00:00+00:00,47.856,47.993,47.717,47.885,162565.48
2025-10-05 22:00:00+00:00,47.885,48.326,47.885,48.265,264673.7
2025-10-05 23:00:00+00:00,48.262,48.459,48.12,48.195,216256.15
2025-10-06 00:00:00+00:00,48.195,48.693,47.828,48.025,472228.63
2025-10-06 01:00:00+00:00,48.024,48.817,47.916,48.522,484124.77
2025-10-06 02:00:00+00:00,48.521,48.748,48.173,48.555,269230.3
2025-10-06 03:00:00+00:00,48.553,48.577,48.286,48.413,180218.17
2025-10-06 04:00:00+00:00,48.413,48.722,48.262,48.316,240404.76
2025-10-06 05:00:00+00:00,48.316,48.746,48.235,48.629,238853.9
2025-10-06 06:00:00+00:00,48.629,49.005,48.575,48.848,273419.41
2025-10-06 07:00:00+00:00,48.85,49.124,48.271,48.479,412422.12
2025-10-06 08:00:00+00:00,48.48,48.886,48.48,48.782,224465.79
2025-10-06 09:00:00+00:00,48.783,49.1,48.618,48.71,276111.27
2025-10-06 10:00:00+00:00,48.708,48.744,48.333,48.364,300125.26
2025-10-06 11:00:00+00:00,48.364,48.6,48.054,48.275,368371.2
2025-10-06 12:00:00+00:00,48.281,49.05,48.25,48.626,514456.11
2025-10-06 13:00:00+00:00,48.625,48.954,48.278,48.826,614881.34
2025-10-06 14:00:00+00:00,48.83,49.173,48.32,48.409,717086.91
2025-10-06 15:00:00+00:00,48.408,49.01,48.332,48.797,361590.25
2025-10-06 16:00:00+00:00,48.796,49.008,48.248,48.709,387526.77
2025-10-06 17:00:00+00:00,48.707,48.945,48.31,48.854,376901.26
2025-10-06 18:00:00+00:00,48.855,49.465,48.684,49.365,376756.47
2025-10-06 19:00:00+00:00,49.365,49.587,49.062,49.312,311054.6
2025-10-06 20:00:00+00:00,49.325,49.736,48.727,49.012,361145.2
2025-10-06 21:00:00+00:00,49.008,49.115,48.475,48.853,247086.72
2025-10-06 22:00:00+00:00,48.853,48.889,48.234,48.317,209694.55
2025-10-06 23:00:00+00:00,48.318,48.372,47.2,47.213,850498.1
2025-10-07 00:00:00+00:00,47.212,47.748,47.01,47.275,699709.92
2025-10-07 01:00:00+00:00,47.276,47.276,46.587,46.952,642563.38
2025-10-07 02:00:00+00:00,46.952,47.126,46.704,46.86,333428.58
2025-10-07 03:00:00+00:00,46.864,47.012,46.336,46.584,473458.7
2025-10-07 04:00:00+00:00,46.584,46.584,46.062,46.458,629316.41
2025-10-07 05:00:00+00:00,46.453,46.638,46.082,46.629,446343.85
2025-10-07 06:00:00+00:00,46.632,46.633,45.772,45.954,587080.41
2025-10-07 07:00:00+00:00,45.956,46.206,45.69,45.828,370766.74
2025-10-07 08:00:00+00:00,45.828,46.218,45.555,46.012,619760.06
2025-10-07 09:00:00+00:00,46.012,46.33,45.979,46.203,320640.39
2025-10-07 10:00:00+00:00,46.203,46.528,46.064,46.114,328428.34
2025-10-07 11:00:00+00:00,46.115,46.359,45.87,45.96,323174.12
2025-10-07 12:00:00+00:00,45.96,46.47,45.831,46.444,333148.24
2025-10-07 13:00:00+00:00,46.45,46.542,45.539,45.646,932235.15
2025-10-07 14:00:00+00:00,45.649,45.736,44.82,44.912,1259782.09
2025-10-07 15:00:00+00:00,44.912,45.42,44.526,45.221,1102918.02
2025-10-07 16:00:00+00:00,45.22,45.733,45.052,45.552,601497.63
2025-10-07 17:00:00+00:00,45.551,45.715,45.025,45.029,418947.58
2025-10-07 18:00:00+00:00,45.03,45.28,44.659,44.771,433978.34
2025-10-07 19:00:00+00:00,44.771,45.179,44.697,44.968,267540.95
2025-10-07 20:00:00+00:00,44.972,45.423,44.955,45.188,275807.75
2025-10-07 21:00:00+00:00,45.189,45.569,45.048,45.153,206689.67
2025-10-07 22:00:00+00:00,45.154,45.686,45.044,45.389,247695.88
2025-10-07 23:00:00+00:00,45.39,45.417,45.0,45.123,181154.05
2025-10-08 00:00:00+00:00,45.124,45.676,44.84,45.439,294675.6
2025-10-08 01:00:00+00:00,45.439,45.97,45.28,45.785,396152.21
2025-10-08 02:00:00+00:00,45.785,46.252,45.643,45.991,277670.09
2025-10-08 03:00:00+00:00,45.99,46.143,45.315,45.532,325253.06
2025-10-08 04:00:00+00:00,45.532,46.134,45.411,45.984,298792.99
2025-10-08 05:00:00+00:00,45.983,45.983,45.367,45.626,219775.04
2025-10-08 06:00:00+00:00,45.625,45.784,45.363,45.777,181622.57
2025-10-08 07:00:00+00:00,45.779,46.36,45.756,46.352,391659.87
2025-10-08 08:00:00+00:00,46.357,46.503,46.249,46.408,321812.91
2025-10-08 09:00:00+00:00,46.408,46.508,46.07,46.123,192358.2
2025-10-08 10:00:00+00:00,46.123,46.665,46.056,46.436,334250.82
2025-10-08 11:00:00+00:00,46.433,46.567,45.794,45.945,401916.56
2025-10-08 12:00:00+00:00,45.945,46.124,45.82,45.966,220296.65
2025-10-08 13:00:00+00:00,45.964,46.182,45.627,46.15,423521.42
2025-10-08 14:00:00+00:00,46.151,46.557,45.703,45.867,650368.69
2025-10-08 15:00:00+00:00,45.87,46.157,45.735,45.76,315685.91
2025-10-08 16:00:00+00:00,45.759,47.03,45.747,46.916,747912.85
2025-10-08 17:00:00+00:00,46.916,47.213,46.47,46.572,704216.1
2025-10-08 18:00:00+00:00,46.572,47.352,46.412,46.916,812242.16
2025-10-08 19:00:00+00:00,46.916,47.01,46.474,46.778,292235.08
2025-10-08 20:00:00+00:00,46.779,46.842,46.325,46.346,124509.91
2025-10-08 21:00:00+00:00,46.348,46.605,46.184,46.272,154278.92
2025-10-08 22:00:00+00:00,46.271,46.487,46.209,46.21,89568.68
2025-10-08 23:00:00+00:00,46.21,46.646,45.902,46.645,269041.66
2025-10-09 00:00:00+00:00,46.645,46.804,46.096,46.14,301504.99
2025-10-09 01:00:00+00:00,46.14,46.246,45.413,45.777,532898.75
2025-10-09 02:00:00+00:00,45.777,45.823,44.926,45.053,522128.99
2025-10-09 03:00:00+00:00,45.053,45.64,45.044,45.362,277080.4
2025-10-09 04:00:00+00:00,45.365,45.918,45.039,45.736,419605.75
2025-10-09 05:00:00+00:00,45.734,45.836,45.528,45.719,182874.99
2025-10-09 06:00:00+00:00,45.72,45.928,45.248,45.552,361390.64
2025-10-09 07:00:00+00:00,45.553,45.627,45.101,45.293,240159.31
2025-10-09 08:00:00+00:00,45.293,45.42,44.53,44.697,679854.87
2025-10-09 09:00:00+00:00,44.7,45.019,44.3,44.612,563541.43
2025-10-09 10:00:00+00:00,44.611,44.868,44.41,44.442,260902.08
2025-10-09 11:00:00+00:00,44.442,44.67,44.268,44.278,310075.33
2025-10-09 12:00:00+00:00,44.279,44.98,44.179,44.742,400420.95
2025-10-09 13:00:00+00:00,44.742,44.853,44.209,44.252,319876.31
2025-10-09 14:00:00+00:00,44.253,44.537,43.275,43.404,1123146.51
2025-10-09 15:00:00+00:00,43.409,43.657,42.788,43.207,1025725.1
2025-10-09 16:00:00+00:00,43.207,43.45,42.359,42.567,752988.89
2025-10-09 17:00:00+00:00,42.567,43.179,42.38,43.126,623950.21
2025-10-09 18:00:00+00:00,43.126,43.171,42.675,42.976,360947.97
2025-10-09 19:00:00+00:00,42.978,43.616,42.952,43.533,493719.04
2025-10-09 20:00:00+00:00,43.533,44.064,43.499,43.809,534729.33
2025-10-09 21:00:00+00:00,43.809,44.1,43.697,44.076,164908.77
2025-10-09 22:00:00+00:00,44.077,44.566,43.966,44.232,363250.79
2025-10-09 23:00:00+00:00,44.231,44.31,43.918,43.965,264228.27
2025-10-10 00:00:00+00:00,43.966,44.183,43.945,44.09,183202.66
2025-10-10 01:00:00+00:00,44.091,44.302,44.021,44.246,169685.31
2025-10-10 02:00:00+00:00,44.246,44.453,44.093,44.127,163361.01
2025-10-10 03:00:00+00:00,44.127,44.564,43.946,44.202,216575.44
2025-10-10 04:00:00+00:00,44.2,44.341,43.491,43.714,319117.46
2025-10-10 05:00:00+00:00,43.714,43.968,43.444,43.922,345550.33
2025-10-10 06:00:00+00:00,43.924,44.251,43.82,43.96,320521.9
2025-10-10 07:00:00+00:00,43.96,43.97,43.466,43.688,379660.4
2025-10-10 08:00:00+00:00,43.69,44.355,43.69,44.31,239376.14
2025-10-10 09:00:00+00:00,44.309,44.759,44.212,44.339,416104.16
2025-10-10 10:00:00+00:00,44.339,44.67,44.301,44.566,177793.88
2025-10-10 11:00:00+00:00,44.567,44.844,44.43,44.716,251618.59
2025-10-10 12:00:00+00:00,44.717,44.815,44.404,44.7,139992.13
2025-10-10 13:00:00+00:00,44.7,45.192,44.529,45.054,401185.33
2025-10-10 14:00:00+00:00,45.053,45.411,44.231,44.3,611795.25
2025-10-10 15:00:00+00:00,44.301,44.364,42.1,42.6,2468077.16
2025-10-10 16:00:00+00:00,42.599,43.172,42.2,42.674,932995.63
2025-10-10 17:00:00+00:00,42.674,43.562,42.537,42.848,588297.09
2025-10-10 18:00:00+00:00,42.849,43.176,42.318,42.402,494294.76
2025-10-10 19:00:00+00:00,42.401,42.987,42.113,42.862,674280.37
2025-10-10 20:00:00+00:00,42.865,43.386,40.612,40.858,1155742.24
2025-10-10 21:00:00+00:00,40.858,46.064,21.029,41.973,8475932.44
2025-10-10 22:00:00+00:00,41.98,42.113,38.44,39.626,2273934.42
2025-10-10 23:00:00+00:00,39.618,40.419,37.521,37.735,1687024.51
2025-10-11 00:00:00+00:00,37.735,39.113,37.238,38.62,1191115.35
2025-10-11 01:00:00+00:00,38.619,38.902,36.07,36.988,1317961.82
2025-10-11 02:00:00+00:00,36.99,39.352,36.906,39.214,955995.49
2025-10-11 03:00:00+00:00,39.219,39.244,37.493,37.989,893355.2
2025-10-11 04:00:00+00:00,37.991,39.272,37.928,39.272,698367.8
2025-10-11 05:00:00+00:00,39.272,39.783,38.861,38.897,604966.83
2025-10-11 06:00:00+00:00,38.898,39.341,38.384,39.049,620807.53
2025-10-11 07:00:00+00:00,39.052,40.034,38.595,39.165,867525.75
2025-10-11 08:00:00+00:00,39.165,40.028,38.721,39.92,848709.54
2025-10-11 09:00:00+00:00,39.915,40.99,39.762,40.292,847309.26
2025-10-11 10:00:00+00:00,40.294,40.943,39.981,40.322,655099.0
2025-10-11 11:00:00+00:00,40.322,40.328,39.431,39.936,630199.4
2025-10-11 12:00:00+00:00,39.933,40.035,38.894,39.387,581849.98
2025-10-11 13:00:00+00:00,39.387,39.485,38.487,38.639,839464.82
2025-10-11 14:00:00+00:00,38.639,38.754,37.924,38.297,801878.55
2025-10-11 15:00:00+00:00,38.297,38.851,37.444,38.101,818142.57
2025-10-11 16:00:00+00:00,38.1,38.558,37.563,37.815,505001.34
2025-10-11 17:00:00+00:00,37.812,38.435,37.805,38.301,570408.71
2025-10-11 18:00:00+00:00,38.301,38.301,37.684,37.854,292983.46
2025-10-11 19:00:00+00:00,37.858,37.912,36.15,36.439,1223610.48
2025-10-11 20:00:00+00:00,36.44,36.6,35.188,36.116,1782589.35
2025-10-11 21:00:00+00:00,36.116,37.421,35.662,36.944,1207499.18
2025-10-11 22:00:00+00:00,36.943,37.497,36.756,37.188,610498.44
2025-10-11 23:00:00+00:00,37.189,37.22,36.766,36.828,297425.92
2025-10-12 00:00:00+00:00,36.825,37.195,36.228,36.319,731351.77
2025-10-12 01:00:00+00:00,36.32,37.371,36.229,37.205,589775.28
2025-10-12 02:00:00+00:00,37.203,37.7,35.905,36.509,845076.93
2025-10-12 03:00:00+00:00,36.509,37.566,36.421,37.079,596894.88
2025-10-12 04:00:00+00:00,37.079,38.344,36.919,38.173,763420.79
2025-10-12 05:00:00+00:00,38.173,38.838,37.892,38.455,445723.18
2025-10-12 06:00:00+00:00,38.459,38.899,38.171,38.261,468961.09
2025-10-12 07:00:00+00:00,38.264,38.277,37.584,37.773,513826.78
2025-10-12 08:00:00+00:00,37.776,37.911,36.96,37.036,543180.11
2025-10-12 09:00:00+00:00,37.039,37.234,36.391,37.122,789744.35
2025-10-12 10:00:00+00:00,37.124,37.277,36.779,36.934,445851.89
2025-10-12 11:00:00+00:00,36.934,37.645,36.898,37.36,349566.56
2025-10-12 12:00:00+00:00,37.36,38.16,37.309,37.988,720631.38
2025-10-12 13:00:00+00:00,37.991,38.003,36.942,37.185,618835.94
2025-10-12 14:00:00+00:00,37.185,39.188,37.148,38.639,1046712.12
2025-10-12 15:00:00+00:00,38.639,40.031,38.594,39.402,1969249.59
2025-10-12 16:00:00+00:00,39.402,40.552,39.401,40.142,1413706.96
2025-10-12 17:00:00+00:00,40.141,40.495,39.442,39.771,1003032.09
2025-10-12 18:00:00+00:00,39.772,40.135,39.151,39.551,653699.62
2025-10-12 19:00:00+00:00,39.555,40.378,39.537,40.271,336521.73
2025-10-12 20:00:00+00:00,40.272,40.923,40.011,40.435,752806.11
2025-10-12 21:00:00+00:00,40.433,40.451,39.42,39.926,604138.8
2025-10-12 22:00:00+00:00,39.928,40.407,39.735,40.306,516447.75
2025-10-12 23:00:00+00:00,40.306,40.335,39.481,39.621,414636.29
2025-10-13 00:00:00+00:00,39.62,40.074,39.291,39.513,442701.16
2025-10-13 01:00:00+00:00,39.512,40.173,39.241,40.08,463950.37
2025-10-13 02:00:00+00:00,40.079,40.211,39.298,39.747,390195.22
2025-10-13 03:00:00+00:00,39.746,39.83,38.936,39.115,555815.55
2025-10-13 04:00:00+00:00,39.114,39.141,38.571,38.936,447426.63
2025-10-13 05:00:00+00:00,38.935,38.951,38.177,38.341,418265.35
2025-10-13 06:00:00+00:00,38.34,41.814,38.21,41.673,1690383.79
2025-10-13 07:00:00+00:00,41.672,42.496,41.019,42.451,1593153.59
2025-10-13 08:00:00+00:00,42.45,42.601,41.717,41.798,777137.38
2025-10-13 09:00:00+00:00,41.798,42.088,41.349,41.874,644606.14
2025-10-13 10:00:00+00:00,41.875,42.169,40.88,40.937,544925.83
2025-10-13 11:00:00+00:00,40.94,40.965,39.427,40.278,1363489.6
2025-10-13 12:00:00+00:00,40.273,40.743,39.824,40.396,734903.36
2025-10-13 13:00:00+00:00,40.394,41.452,40.055,41.337,1301186.84
2025-10-13 14:00:00+00:00,41.339,41.44,39.798,39.857,1168077.44
2025-10-13 15:00:00+00:00,39.86,40.371,39.648,39.75,707240.05
2025-10-13 16:00:00+00:00,39.752,40.354,39.713,40.172,633690.07
2025-10-13 17:00:00+00:00,40.171,40.925,40.026,40.891,626929.71
2025-10-13 18:00:00+00:00,40.89,41.362,40.529,41.336,526646.13
2025-10-13 19:00:00+00:00,41.337,42.217,41.181,42.021,771336.14
2025-10-13 20:00:00+00:00,42.019,43.08,41.855,42.996,643074.62
2025-10-13 21:00:00+00:00,42.995,43.263,42.577,42.864,561935.94
2025-10-13 22:00:00+00:00,42.869,43.3,42.709,43.147,563121.52
2025-10-13 23:00:00+00:00,43.144,43.625,42.014,42.424,1163586.04
2025-10-14 00:00:00+00:00,42.427,43.169,42.366,42.77,676593.13
2025-10-14 01:00:00+00:00,42.768,42.805,41.905,42.103,658692.33
2025-10-14 02:00:00+00:00,42.1,42.157,41.508,41.613,464460.19
2025-10-14 03:00:00+00:00,41.613,41.836,41.188,41.226,490854.03
2025-10-14 04:00:00+00:00,41.22,41.351,40.248,40.535,677733.17
2025-10-14 05:00:00+00:00,40.536,40.969,39.8,39.968,658574.23
2025-10-14 06:00:00+00:00,39.968,40.421,38.5,39.167,1494810.48
2025-10-14 07:00:00+00:00,39.173,39.43,38.611,38.759,777502.25
2025-10-14 08:00:00+00:00,38.764,39.239,38.41,38.739,798047.29
2025-10-14 09:00:00+00:00,38.742,39.368,38.638,38.825,889368.99
2025-10-14 10:00:00+00:00,38.822,38.894,37.705,37.988,1501612.24
2025-10-14 11:00:00+00:00,37.99,38.467,37.82,38.199,605292.83
2025-10-14 12:00:00+00:00,38.198,38.315,37.486,37.612,528647.92
2025-10-14 13:00:00+00:00,37.611,38.555,37.349,38.244,946467.72
2025-10-14 14:00:00+00:00,38.243,39.399,38.178,38.615,1283077.89
2025-10-14 15:00:00+00:00,38.614,40.129,38.593,40.088,917642.4
2025-10-14 16:00:00+00:00,40.09,40.415,39.503,40.011,1024298.97
2025-10-14 17:00:00+00:00,40.012,40.724,39.561,40.114,852453.21
2025-10-14 18:00:00+00:00,40.115,40.511,39.602,39.74,662981.22
2025-10-14 19:00:00+00:00,39.741,39.99,38.835,39.326,746859.33
2025-10-14 20:00:00+00:00,39.327,39.501,38.884,39.483,422842.58
2025-10-14 21:00:00+00:00,39.485,39.498,38.967,39.477,163811.45
2025-10-14 22:00:00+00:00,39.477,39.81,39.231,39.407,210228.6
2025-10-14 23:00:00+00:00,39.406,39.708,39.348,39.39,174168.12
2025-10-15 00:00:00+00:00,39.393,39.577,38.89,39.132,292352.72
2025-10-15 01:00:00+00:00,39.131,39.178,38.563,39.016,385858.53
2025-10-15 02:00:00+00:00,39.015,39.758,39.009,39.428,490465.59
2025-10-15 03:00:00+00:00,39.428,39.544,38.748,38.874,353000.42
2025-10-15 04:00:00+00:00,38.875,39.068,38.731,38.986,298236.01
2025-10-15 05:00:00+00:00,38.988,39.178,38.732,39.145,216643.69
2025-10-15 06:00:00+00:00,39.144,39.85,38.771,39.569,555549.29
2025-10-15 07:00:00+00:00,39.569,40.13,39.345,40.122,340046.79
2025-10-15 08:00:00+00:00,40.12,41.189,40.069,40.694,756893.51
2025-10-15 09:00:00+00:00,40.695,41.083,40.523,40.742,420793.97
2025-10-15 10:00:00+00:00,40.74,40.893,40.101,40.31,340137.09
2025-10-15 11:00:00+00:00,40.309,40.926,40.284,40.336,346154.79
2025-10-15 12:00:00+00:00,40.336,40.461,39.405,39.72,598322.63
2025-10-15 13:00:00+00:00,39.722,39.837,38.6,39.193,1132713.62
2025-10-15 14:00:00+00:00,39.193,40.344,38.808,38.951,1068656.25
2025-10-15 15:00:00+00:00,38.948,39.328,38.55,38.795,771556.94
2025-10-15 16:00:00+00:00,38.796,39.043,38.534,38.676,508456.24
2025-10-15 17:00:00+00:00,38.676,38.812,38.202,38.752,606216.2
2025-10-15 18:00:00+00:00,38.75,39.118,38.436,39.071,371312.31
2025-10-15 19:00:00+00:00,39.071,39.098,38.475,38.709,217452.49
2025-10-15 20:00:00+00:00,38.707,38.882,37.768,38.276,484772.42
2025-10-15 21:00:00+00:00,38.275,38.461,37.502,37.621,495129.39
2025-10-15 22:00:00+00:00,37.622,37.793,36.815,37.194,589490.73
2025-10-15 23:00:00+00:00,37.194,37.528,37.06,37.364,444748.1
2025-10-16 00:00:00+00:00,37.362,37.543,37.1,37.249,343128.5
2025-10-16 01:00:00+00:00,37.251,37.952,37.204,37.878,377767.54
2025-10-16 02:00:00+00:00,37.878,38.087,37.476,37.867,492970.36
2025-10-16 03:00:00+00:00,37.865,37.939,37.326,37.391,221281.74
2025-10-16 04:00:00+00:00,37.392,37.762,37.211,37.264,234287.92
2025-10-16 05:00:00+00:00,37.264,37.719,37.15,37.506,212271.52
2025-10-16 06:00:00+00:00,37.507,38.107,37.485,38.043,299840.06
2025-10-16 07:00:00+00:00,38.042,38.066,37.433,37.65,251724.34
2025-10-16 08:00:00+00:00,37.652,37.767,37.454,37.574,178545.13
2025-10-16 09:00:00+00:00,37.573,38.445,36.905,38.19,1044473.76
2025-10-16 10:00:00+00:00,38.19,38.626,38.063,38.545,489694.3
2025-10-16 11:00:00+00:00,38.543,38.846,38.354,38.839,368895.41
2025-10-16 12:00:00+00:00,38.839,39.459,38.775,39.206,611022.64
2025-10-16 13:00:00+00:00,39.203,39.405,38.248,38.483,778839.99
2025-10-16 14:00:00+00:00,38.483,38.866,37.74,38.287,1008420.39
2025-10-16 15:00:00+00:00,38.287,38.484,36.925,37.009,1027273.26
2025-10-16 16:00:00+00:00,37.008,38.127,36.562,38.101,1469083.77
2025-10-16 17:00:00+00:00,38.105,38.312,37.457,37.649,746388.31
2025-10-16 18:00:00+00:00,37.649,38.066,37.094,37.996,654273.31
2025-10-16 19:00:00+00:00,37.995,38.063,36.789,37.18,804189.43
2025-10-16 20:00:00+00:00,37.178,37.42,36.48,36.655,612534.85
2025-10-16 21:00:00+00:00,36.655,37.101,36.452,37.073,351879.21
2025-10-16 22:00:00+00:00,37.073,37.126,36.276,36.329,352002.64
2025-10-16 23:00:00+00:00,36.329,36.867,36.292,36.794,345775.21
2025-10-17 00:00:00+00:00,36.795,37.54,36.567,37.198,473989.99
2025-10-17 01:00:00+00:00,37.198,37.541,36.508,36.965,416272.16
2025-10-17 02:00:00+00:00,36.963,37.267,36.593,37.126,353198.91
2025-10-17 03:00:00+00:00,37.125,37.464,36.964,37.445,204983.47
2025-10-17 04:00:00+00:00,37.441,37.465,37.007,37.012,201044.19
2025-10-17 05:00:00+00:00,37.014,37.088,36.551,36.791,358718.01
2025-10-17 06:00:00+00:00,36.79,36.941,35.133,35.207,1271226.56
2025-10-17 07:00:00+00:00,35.211,35.416,33.512,33.674,2240572.0
2025-10-17 08:00:00+00:00,33.673,34.451,33.279,33.874,1890517.83
2025-10-17 09:00:00+00:00,33.876,35.04,33.658,34.045,1206207.52
2025-10-17 10:00:00+00:00,34.045,34.528,33.81,34.414,995455.52
2025-10-17 11:00:00+00:00,34.413,35.71,34.285,35.396,1524944.33
2025-10-17 12:00:00+00:00,35.395,35.734,34.962,35.119,557568.58
2025-10-17 13:00:00+00:00,35.119,35.993,34.93,35.573,1139833.31
2025-10-17 14:00:00+00:00,35.57,35.672,33.593,34.189,2030419.29
2025-10-17 15:00:00+00:00,34.188,35.5,34.109,35.488,1042406.28
2025-10-17 16:00:00+00:00,35.49,35.958,34.778,34.955,945050.03
2025-10-17 17:00:00+00:00,34.954,35.388,34.762,35.142,465787.88
2025-10-17 18:00:00+00:00,35.143,35.724,34.997,35.073,499184.41
2025-10-17 19:00:00+00:00,35.072,35.332,34.562,34.844,442321.09
2025-10-17 20:00:00+00:00,34.84,35.486,34.672,35.28,275229.01
2025-10-17 21:00:00+00:00,35.275,35.995,35.261,35.813,336903.19
2025-10-17 22:00:00+00:00,35.813,36.191,35.287,35.504,359959.15
2025-10-17 23:00:00+00:00,35.504,35.525,35.089,35.462,302603.72
2025-10-18 00:00:00+00:00,35.462,35.582,34.998,35.197,282370.85
2025-10-18 01:00:00+00:00,35.197,35.736,35.153,35.496,263255.4
2025-10-18 02:00:00+00:00,35.497,35.594,34.98,35.077,293912.87
2025-10-18 03:00:00+00:00,35.076,35.404,35.068,35.201,174756.74
2025-10-18 04:00:00+00:00,35.197,35.206,34.614,34.641,248679.08
2025-10-18 05:00:00+00:00,34.642,35.237,34.637,35.066,252161.25
2025-10-18 06:00:00+00:00,35.069,35.245,34.796,35.073,254072.36
2025-10-18 07:00:00+00:00,35.078,35.771,35.056,35.299,578762.87
2025-10-18 08:00:00+00:00,35.298,36.372,35.268,35.945,681359.27
2025-10-18 09:00:00+00:00,35.946,36.294,35.691,36.228,333758.32
2025-10-18 10:00:00+00:00,36.228,36.3,35.746,35.945,314848.01
2025-10-18 11:00:00+00:00,35.945,36.054,35.75,36.017,304844.16
2025-10-18 12:00:00+00:00,36.018,36.141,35.644,35.668,260606.55
2025-10-18 13:00:00+00:00,35.665,35.67,35.104,35.23,543409.0
2025-10-18 14:00:00+00:00,35.231,35.66,35.049,35.644,330433.41
2025-10-18 15:00:00+00:00,35.644,35.841,35.295,35.487,362966.44
2025-10-18 16:00:00+00:00,35.487,35.667,34.925,35.197,337080.01
2025-10-18 17:00:00+00:00,35.197,35.985,35.059,35.918,319634.18
2025-10-18 18:00:00+00:00,35.919,36.544,35.8,36.225,454558.15
2025-10-18 19:00:00+00:00,36.224,36.53,35.909,36.149,414180.13
2025-10-18 20:00:00+00:00,36.148,36.842,36.099,36.247,480567.66
2025-10-18 21:00:00+00:00,36.244,36.423,35.866,36.289,280882.42
2025-10-18 22:00:00+00:00,36.288,36.576,36.15,36.495,143857.97
2025-10-18 23:00:00+00:00,36.493,36.91,36.419,36.862,227680.4
2025-10-19 00:00:00+00:00,36.862,36.945,36.27,36.476,362622.16
2025-10-19 01:00:00+00:00,36.476,36.63,36.16,36.5,199607.5
2025-10-19 02:00:00+00:00,36.5,36.64,36.324,36.362,170143.18
2025-10-19 03:00:00+00:00,36.362,36.967,36.349,36.931,166990.22
2025-10-19 04:00:00+00:00,36.931,36.976,36.601,36.742,130140.33
2025-10-19 05:00:00+00:00,36.743,36.797,36.109,36.232,227776.84
2025-10-19 06:00:00+00:00,36.231,36.308,35.945,36.077,192014.73
2025-10-19 07:00:00+00:00,36.077,36.481,36.067,36.419,183681.01
2025-10-19 08:00:00+00:00,36.42,36.785,35.979,36.112,531871.28
2025-10-19 09:00:00+00:00,36.113,36.797,35.68,36.55,875562.57
2025-10-19 10:00:00+00:00,36.548,37.252,36.363,37.194,585695.89
2025-10-19 11:00:00+00:00,37.194,37.603,37.085,37.316,547692.38
2025-10-19 12:00:00+00:00,37.315,37.661,36.925,37.331,463955.5
2025-10-19 13:00:00+00:00,37.332,38.161,37.18,37.995,531205.02
2025-10-19 14:00:00+00:00,37.998,38.422,37.731,38.175,657422.91
2025-10-19 15:00:00+00:00,38.174,38.389,37.997,38.274,326471.14
2025-10-19 16:00:00+00:00,38.273,38.322,37.747,37.934,428865.63
2025-10-19 17:00:00+00:00,37.935,38.436,37.814,38.029,430552.77
2025-10-19 18:00:00+00:00,38.031,38.513,38.013,38.282,299508.84
2025-10-19 19:00:00+00:00,38.281,38.405,37.569,37.836,331943.2
2025-10-19 20:00:00+00:00,37.836,37.986,37.67,37.767,162393.31
2025-10-19 21:00:00+00:00,37.767,37.971,37.464,37.944,247540.49
2025-10-19 22:00:00+00:00,37.946,38.147,37.808,37.86,257333.07
2025-10-19 23:00:00+00:00,37.862,37.875,37.35,37.398,372519.68
2025-10-20 00:00:00+00:00,37.399,37.4,36.838,37.184,460354.26
2025-10-20 01:00:00+00:00,37.183,37.834,36.843,36.883,498032.98
2025-10-20 02:00:00+00:00,36.882,37.407,36.7,37.232,301899.6
2025-10-20 03:00:00+00:00,37.234,38.339,36.934,38.277,630036.67
2025-10-20 04:00:00+00:00,38.278,38.546,38.196,38.493,380229.13
2025-10-20 05:00:00+00:00,38.496,38.8,37.859,38.581,904120.67
2025-10-20 06:00:00+00:00,38.582,38.692,38.314,38.58,360445.96
2025-10-20 07:00:00+00:00,38.58,38.831,38.293,38.416,314252.16
2025-10-20 08:00:00+00:00,38.41,39.193,38.244,38.545,662122.62
2025-10-20 09:00:00+00:00,38.544,38.616,38.262,38.448,343401.18
2025-10-20 10:00:00+00:00,38.446,38.794,38.034,38.206,409044.9
2025-10-20 11:00:00+00:00,38.208,38.438,37.911,38.395,306901.78
2025-10-20 12:00:00+00:00,38.395,38.881,38.316,38.824,446933.45
2025-10-20 13:00:00+00:00,38.823,39.385,38.624,39.18,493113.85
2025-10-20 14:00:00+00:00,39.182,39.396,38.672,39.322,460630.81
2025-10-20 15:00:00+00:00,39.323,39.574,38.801,38.849,417126.93
2025-10-20 16:00:00+00:00,38.849,38.876,37.765,38.278,1395569.67
2025-10-20 17:00:00+00:00,38.277,38.808,37.56,37.702,931054.89
2025-10-20 18:00:00+00:00,37.703,38.249,37.501,38.135,448473.27
2025-10-20 19:00:00+00:00,38.135,38.165,37.63,37.967,251711.59
2025-10-20 20:00:00+00:00,37.963,38.415,37.778,38.271,247453.71
2025-10-20 21:00:00+00:00,38.267,38.456,37.537,37.665,268563.9
2025-10-20 22:00:00+00:00,37.664,38.101,37.627,38.043,137945.0
2025-10-20 23:00:00+00:00,38.044,38.091,37.828,37.939,96625.54
2025-10-21 00:00:00+00:00,37.936,38.064,37.596,37.974,184044.92
2025-10-21 01:00:00+00:00,37.974,38.052,37.347,37.486,273099.96
2025-10-21 02:00:00+00:00,37.495,37.531,37.177,37.193,325669.15
2025-10-21 03:00:00+00:00,37.193,37.287,37.032,37.083,182082.31
2025-10-21 04:00:00+00:00,37.083,37.121,36.097,36.23,1187269.83
2025-10-21 05:00:00+00:00,36.231,36.292,35.38,35.599,1097716.08
2025-10-21 06:00:00+00:00,35.599,36.115,35.462,35.876,628624.09
2025-10-21 07:00:00+00:00,35.876,36.095,35.459,35.997,694413.7
2025-10-21 08:00:00+00:00,35.997,36.0,35.4,35.71,393749.19
2025-10-21 09:00:00+00:00,35.71,35.876,35.497,35.776,278715.95
2025-10-21 10:00:00+00:00,35.776,36.243,35.585,35.868,363795.46
2025-10-21 11:00:00+00:00,35.867,36.19,35.627,36.09,326421.04
2025-10-21 12:00:00+00:00,36.09,36.854,35.913,36.455,690410.64
2025-10-21 13:00:00+00:00,36.454,36.575,35.766,35.976,735589.66
2025-10-21 14:00:00+00:00,35.977,37.816,35.949,37.762,1480082.54
2025-10-21 15:00:00+00:00,37.763,38.283,37.312,37.863,1367178.0
2025-10-21 16:00:00+00:00,37.862,38.36,37.07,37.276,1103442.93
2025-10-21 17:00:00+00:00,37.278,37.729,36.798,37.387,1129068.5
2025-10-21 18:00:00+00:00,37.39,37.513,36.759,37.097,507337.91
2025-10-21 19:00:00+00:00,37.089,37.147,36.826,36.897,228898.58
2025-10-21 20:00:00+00:00,36.901,37.023,36.11,36.196,539338.07
2025-10-21 21:00:00+00:00,36.195,36.692,35.701,36.684,594879.85
2025-10-21 22:00:00+00:00,36.684,36.684,35.563,35.663,794978.44
2025-10-21 23:00:00+00:00,35.663,35.857,35.149,35.346,587074.92
2025-10-22 00:00:00+00:00,35.345,35.556,34.81,34.881,652334.48
2025-10-22 01:00:00+00:00,34.883,35.205,34.627,35.013,590777.63
2025-10-22 02:00:00+00:00,35.013,35.444,34.938,35.39,417322.98
2025-10-22 03:00:00+00:00,35.388,35.45,34.926,35.223,359772.33
2025-10-22 04:00:00+00:00,35.223,35.342,34.742,34.906,450721.03
2025-10-22 05:00:00+00:00,34.907,34.939,34.454,34.795,482060.95
2025-10-22 06:00:00+00:00,34.795,35.079,34.621,34.77,406591.37
2025-10-22 07:00:00+00:00,34.77,35.016,34.515,34.811,580034.75
2025-10-22 08:00:00+00:00,34.81,35.261,34.703,35.039,421079.72
2025-10-22 09:00:00+00:00,35.039,35.199,34.773,35.018,273095.75
2025-10-22 10:00:00+00:00,35.018,35.497,34.987,35.133,424291.05
2025-10-22 11:00:00+00:00,35.135,36.098,34.843,35.832,984906.11
2025-10-22 12:00:00+00:00,35.833,36.477,35.713,36.044,634831.04
2025-10-22 13:00:00+00:00,36.042,36.531,35.783,36.391,645124.44
2025-10-22 14:00:00+00:00,36.389,36.419,35.607,36.13,1044612.84
2025-10-22 15:00:00+00:00,36.13,36.668,35.76,36.363,846142.12
2025-10-22 16:00:00+00:00,36.365,36.669,35.838,36.0,684914.1
2025-10-22 17:00:00+00:00,36.001,36.315,35.571,35.736,466924.0
2025-10-22 18:00:00+00:00,35.737,35.975,35.591,35.878,412316.56
2025-10-22 19:00:00+00:00,35.878,36.788,35.689,36.069,998942.62
2025-10-22 20:00:00+00:00,36.071,36.146,35.2,35.305,596290.8
2025-10-22 21:00:00+00:00,35.305,35.433,34.8,34.844,934852.12
2025-10-22 22:00:00+00:00,34.846,35.816,34.682,35.067,1099720.24
2025-10-22 23:00:00+00:00,35.066,36.831,35.03,36.233,1068848.17
2025-10-23 00:00:00+00:00,36.227,36.779,36.148,36.765,507848.23
2025-10-23 01:00:00+00:00,36.77,37.973,36.686,37.799,1073335.58
2025-10-23 02:00:00+00:00,37.8,38.428,37.51,38.406,809369.29
2025-10-23 03:00:00+00:00,38.406,38.423,37.6,37.72,762723.36
2025-10-23 04:00:00+00:00,37.724,37.881,37.331,37.371,673458.78
2025-10-23 05:00:00+00:00,37.374,38.105,37.01,38.098,547125.22
2025-10-23 06:00:00+00:00,38.096,39.22,38.017,39.113,1177140.59
2025-10-23 07:00:00+00:00,39.113,39.156,38.435,38.887,805591.91
2025-10-23 08:00:00+00:00,38.887,39.177,38.704,39.038,347894.89
2025-10-23 09:00:00+00:00,39.038,39.187,38.833,39.102,332999.59
2025-10-23 10:00:00+00:00,39.104,39.458,39.044,39.226,508467.96
2025-10-23 11:00:00+00:00,39.227,39.228,38.58,38.653,605854.41
2025-10-23 12:00:00+00:00,38.652,40.442,38.47,40.313,1950943.76
2025-10-23 13:00:00+00:00,40.317,40.691,39.542,40.213,1269474.07
2025-10-23 14:00:00+00:00,40.215,40.798,39.471,40.389,1187240.69
2025-10-23 15:00:00+00:00,40.39,40.715,39.474,39.943,1244383.46
2025-10-23 16:00:00+00:00,39.943,40.281,39.508,39.764,590202.24
2025-10-23 17:00:00+00:00,39.762,39.945,39.22,39.527,809391.28
2025-10-23 18:00:00+00:00,39.526,39.597,39.168,39.376,332540.59
2025-10-23 19:00:00+00:00,39.376,39.615,38.99,39.415,422579.74
2025-10-23 20:00:00+00:00,39.415,39.486,38.888,39.024,551534.5
2025-10-23 21:00:00+00:00,39.024,39.87,38.918,39.829,372500.23
2025-10-23 22:00:00+00:00,39.828,40.148,39.773,39.96,360464.99
2025-10-23 23:00:00+00:00,39.961,40.212,39.926,40.198,241989.57
2025-10-24 00:00:00+00:00,40.199,40.454,39.959,40.219,403796.07
2025-10-24 01:00:00+00:00,40.219,40.341,39.761,39.983,314387.18
2025-10-24 02:00:00+00:00,39.986,40.0,39.559,39.589,247316.69
2025-10-24 03:00:00+00:00,39.59,39.66,39.08,39.463,440905.38
2025-10-24 04:00:00+00:00,39.464,40.416,39.276,40.274,649260.19
2025-10-24 05:00:00+00:00,40.273,40.549,40.005,40.537,458287.32
2025-10-24 06:00:00+00:00,40.538,40.798,40.129,40.769,435167.84
2025-10-24 07:00:00+00:00,40.763,40.883,40.266,40.56,546558.56
2025-10-24 08:00:00+00:00,40.561,40.628,40.206,40.385,332546.31
2025-10-24 09:00:00+00:00,40.385,40.596,39.994,40.081,260257.15
2025-10-24 10:00:00+00:00,40.084,40.104,39.576,39.717,349549.07
2025-10-24 11:00:00+00:00,39.717,39.843,39.472,39.643,278810.79
2025-10-24 12:00:00+00:00,39.644,40.528,39.597,39.827,788509.44
2025-10-24 13:00:00+00:00,39.828,39.978,39.242,39.679,565421.07
2025-10-24 14:00:00+00:00,39.677,39.677,39.056,39.356,605296.27
2025-10-24 15:00:00+00:00,39.36,39.568,38.975,39.187,330227.66
2025-10-24 16:00:00+00:00,39.188,39.23,38.673,39.058,508442.57
2025-10-24 17:00:00+00:00,39.058,39.206,38.805,38.902,272624.32
2025-10-24 18:00:00+00:00,38.903,39.249,38.867,38.99,203377.48
2025-10-24 19:00:00+00:00,38.989,39.395,38.954,39.156,359805.44
2025-10-24 20:00:00+00:00,39.158,39.557,39.095,39.485,202110.15
2025-10-24 21:00:00+00:00,39.486,39.771,39.333,39.666,193276.76
2025-10-24 22:00:00+00:00,39.665,39.726,39.165,39.207,195553.7
2025-10-24 23:00:00+00:00,39.207,39.353,39.05,39.288,149645.05
2025-10-25 00:00:00+00:00,39.289,39.289,38.861,38.935,204792.43
2025-10-25 01:00:00+00:00,38.936,39.43,38.87,39.24,193341.44
2025-10-25 02:00:00+00:00,39.241,39.75,39.222,39.668,263008.03
2025-10-25 03:00:00+00:00,39.668,40.122,39.571,40.07,251311.67
2025-10-25 04:00:00+00:00,40.069,40.209,39.781,39.909,230190.14
2025-10-25 05:00:00+00:00,39.909,40.044,39.508,39.668,230519.73
2025-10-25 06:00:00+00:00,39.668,40.002,39.605,39.951,167551.12
2025-10-25 07:00:00+00:00,39.951,40.266,39.873,40.129,289337.11
2025-10-25 08:00:00+00:00,40.125,40.457,40.06,40.436,209407.05
2025-10-25 09:00:00+00:00,40.437,40.464,40.114,40.44,186290.86
2025-10-25 10:00:00+00:00,40.441,40.798,40.184,40.598,354952.26
2025-10-25 11:00:00+00:00,40.599,41.165,40.532,41.096,260284.11
2025-10-25 12:00:00+00:00,41.092,41.744,40.902,41.358,558385.88
2025-10-25 13:00:00+00:00,41.359,41.619,41.087,41.309,307605.56
2025-10-25 14:00:00+00:00,41.312,41.373,40.822,41.065,297027.07
2025-10-25 15:00:00+00:00,41.064,41.064,40.661,40.887,314576.79
2025-10-25 16:00:00+00:00,40.888,41.388,40.83,41.359,233742.61
2025-10-25 17:00:00+00:00,41.359,41.985,41.249,41.856,419951.17
2025-10-25 18:00:00+00:00,41.853,43.067,41.829,42.686,914399.73
2025-10-25 19:00:00+00:00,42.687,43.189,42.538,42.968,478139.0
2025-10-25 20:00:00+00:00,42.968,43.387,42.74,42.849,430814.91
2025-10-25 21:00:00+00:00,42.849,44.078,42.849,43.7,456882.87
2025-10-25 22:00:00+00:00,43.7,44.657,43.628,44.403,783783.15
2025-10-25 23:00:00+00:00,44.404,44.412,44.014,44.213,398256.78
2025-10-26 00:00:00+00:00,44.214,44.803,43.706,44.154,789977.45
2025-10-26 01:00:00+00:00,44.153,44.343,43.879,44.134,342670.28
2025-10-26 02:00:00+00:00,44.134,44.266,43.738,43.98,376871.17
2025-10-26 03:00:00+00:00,43.979,44.065,43.55,43.701,441591.3
2025-10-26 04:00:00+00:00,43.702,43.907,43.51,43.601,245208.76
2025-10-26 05:00:00+00:00,43.601,44.141,43.541,43.812,516725.62
2025-10-26 06:00:00+00:00,43.813,44.556,43.812,44.412,363694.79
2025-10-26 07:00:00+00:00,44.411,44.642,44.131,44.628,411619.16
2025-10-26 08:00:00+00:00,44.632,45.554,44.631,45.3,723218.75
2025-10-26 09:00:00+00:00,45.301,46.63,45.045,46.396,1246501.86
2025-10-26 10:00:00+00:00,46.401,46.552,45.954,46.189,649239.79
2025-10-26 11:00:00+00:00,46.19,47.95,46.14,47.853,1165363.89
2025-10-26 12:00:00+00:00,47.852,48.604,47.4,47.675,1152381.87
2025-10-26 13:00:00+00:00,47.674,48.149,47.322,47.525,697814.92
2025-10-26 14:00:00+00:00,47.524,47.595,46.924,46.969,693398.08
2025-10-26 15:00:00+00:00,46.97,47.726,46.828,47.304,565818.18
2025-10-26 16:00:00+00:00,47.304,47.485,46.816,46.877,435302.14
2025-10-26 17:00:00+00:00,46.876,47.567,46.745,47.46,386795.14
2025-10-26 18:00:00+00:00,47.461,47.828,47.106,47.404,361206.92
2025-10-26 19:00:00+00:00,47.403,47.552,47.223,47.348,175232.85
2025-10-26 20:00:00+00:00,47.348,47.373,46.622,47.03,429198.11
2025-10-26 21:00:00+00:00,47.031,47.39,46.572,47.302,509339.75
2025-10-26 22:00:00+00:00,47.302,48.324,47.302,48.03,955896.51
2025-10-26 23:00:00+00:00,48.029,48.098,47.207,47.295,408766.65
2025-10-27 00:00:00+00:00,47.3,48.204,47.092,48.179,443729.94
2025-10-27 01:00:00+00:00,48.178,48.693,47.764,48.669,481053.36
2025-10-27 02:00:00+00:00,48.669,48.75,47.626,47.733,508565.12
2025-10-27 03:00:00+00:00,47.733,48.239,47.503,48.082,324990.65
2025-10-27 04:00:00+00:00,48.088,48.902,48.025,48.599,557382.54
2025-10-27 05:00:00+00:00,48.598,49.5,48.5,48.651,628637.93
2025-10-27 06:00:00+00:00,48.65,48.924,47.866,48.66,803314.06
2025-10-27 07:00:00+00:00,48.66,48.752,46.659,47.314,1347036.1
2025-10-27 08:00:00+00:00,47.314,47.322,46.308,46.806,916553.85
2025-10-27 09:00:00+00:00,46.807,47.178,45.802,47.094,889651.31
2025-10-27 10:00:00+00:00,47.094,47.434,46.835,47.224,378885.01
2025-10-27 11:00:00+00:00,47.225,47.516,46.911,47.439,343762.23
2025-10-27 12:00:00+00:00,47.44,47.522,46.908,46.919,293292.81
2025-10-27 13:00:00+00:00,46.919,47.475,46.327,47.117,740498.44
2025-10-27 14:00:00+00:00,47.116,47.284,46.513,46.934,670809.24
2025-10-27 15:00:00+00:00,46.933,47.086,46.062,46.371,624888.44
2025-10-27 16:00:00+00:00,46.37,47.441,46.351,47.217,538698.85
2025-10-27 17:00:00+00:00,47.217,47.656,47.074,47.215,344757.39
2025-10-27 18:00:00+00:00,47.214,47.692,46.638,46.865,427005.92
2025-10-27 19:00:00+00:00,46.866,47.124,46.46,46.809,466164.26
2025-10-27 20:00:00+00:00,46.806,47.818,46.3,47.062,1081873.81
2025-10-27 21:00:00+00:00,47.063,48.807,47.021,48.421,1402468.01
2025-10-27 22:00:00+00:00,48.42,48.723,46.778,46.865,1421065.63
2025-10-27 23:00:00+00:00,46.866,46.901,45.39,46.52,1246490.12
2025-10-28 00:00:00+00:00,46.515,46.795,46.053,46.716,448284.43
2025-10-28 01:00:00+00:00,46.714,47.713,46.693,47.225,519726.16
2025-10-28 02:00:00+00:00,47.225,47.418,46.668,47.191,350949.64
2025-10-28 03:00:00+00:00,47.193,47.6,47.026,47.479,361442.65
2025-10-28 04:00:00+00:00,47.478,47.9,47.308,47.722,229085.06
2025-10-28 05:00:00+00:00,47.722,47.946,46.764,46.986,403019.12
2025-10-28 06:00:00+00:00,46.987,47.266,46.673,47.18,320533.96
2025-10-28 07:00:00+00:00,47.182,47.815,47.14,47.334,293243.37
2025-10-28 08:00:00+00:00,47.334,47.625,46.872,46.977,372410.08
2025-10-28 09:00:00+00:00,46.972,47.265,46.5,47.258,352942.52
2025-10-28 10:00:00+00:00,47.259,47.342,47.021,47.324,222303.87
2025-10-28 11:00:00+00:00,47.325,48.462,47.213,47.982,626705.32
2025-10-28 12:00:00+00:00,47.983,48.61,47.459,48.44,492482.9
2025-10-28 13:00:00+00:00,48.44,49.365,48.39,49.233,825847.25
2025-10-28 14:00:00+00:00,49.235,49.306,47.58,47.954,1145429.32
2025-10-28 15:00:00+00:00,47.956,48.38,47.501,47.67,675346.94
2025-10-28 16:00:00+00:00,47.672,48.288,47.575,48.047,332498.76
2025-10-28 17:00:00+00:00,48.047,48.897,47.9,48.06,533894.23
2025-10-28 18:00:00+00:00,48.06,48.177,47.08,47.736,484603.93
2025-10-28 19:00:00+00:00,47.737,47.761,46.283,46.383,886072.95
2025-10-28 20:00:00+00:00,46.38,47.386,45.932,47.158,1094270.12
2025-10-28 21:00:00+00:00,47.161,47.613,46.621,47.454,713583.64
2025-10-28 22:00:00+00:00,47.453,48.241,47.335,48.149,465523.22
2025-10-28 23:00:00+00:00,48.149,48.173,47.356,47.657,336944.9
2025-10-29 00:00:00+00:00,47.65,48.152,47.346,47.476,368228.41
2025-10-29 01:00:00+00:00,47.476,48.129,47.4,48.063,313399.81
2025-10-29 02:00:00+00:00,48.062,48.584,47.954,48.216,415136.08
2025-10-29 03:00:00+00:00,48.217,48.247,47.7,47.783,254315.16
2025-10-29 04:00:00+00:00,47.783,48.24,47.713,48.117,209635.9
2025-10-29 05:00:00+00:00,48.116,48.848,47.736,47.944,469594.21
2025-10-29 06:00:00+00:00,47.944,47.986,47.351,47.724,297153.31
2025-10-29 07:00:00+00:00,47.724,47.935,47.475,47.631,256160.05
2025-10-29 08:00:00+00:00,47.629,47.679,46.911,47.381,320824.97
2025-10-29 09:00:00+00:00,47.381,47.64,47.148,47.415,233889.54
2025-10-29 10:00:00+00:00,47.415,48.321,47.22,47.98,447147.58
2025-10-29 11:00:00+00:00,47.98,49.5,47.851,49.182,771819.24
2025-10-29 12:00:00+00:00,49.182,49.433,48.57,48.624,590283.46
2025-10-29 13:00:00+00:00,48.622,49.321,48.348,48.45,700550.49
2025-10-29 14:00:00+00:00,48.451,48.617,47.663,48.012,855826.82
2025-10-29 15:00:00+00:00,48.012,48.154,46.307,46.695,1774623.68
2025-10-29 16:00:00+00:00,46.694,47.394,46.262,47.261,1043642.57
2025-10-29 17:00:00+00:00,47.26,48.058,46.663,48.001,714052.26
2025-10-29 18:00:00+00:00,48.0,48.172,45.5,47.705,2321974.25
2025-10-29 19:00:00+00:00,47.706,48.888,47.653,47.878,1234711.33
2025-10-29 20:00:00+00:00,47.879,49.277,47.346,49.151,979754.5
2025-10-29 21:00:00+00:00,49.148,49.971,48.92,49.007,713248.91
2025-10-29 22:00:00+00:00,49.007,49.193,48.505,48.671,464584.39
2025-10-29 23:00:00+00:00,48.672,48.69,47.401,47.952,668909.47
2025-10-30 00:00:00+00:00,47.952,48.127,47.4,47.946,628963.84
2025-10-30 01:00:00+00:00,47.945,48.0,47.33,47.793,341246.66
2025-10-30 02:00:00+00:00,47.794,48.819,47.614,48.511,457446.07
2025-10-30 03:00:00+00:00,48.512,48.6,48.054,48.456,283473.78
2025-10-30 04:00:00+00:00,48.451,48.489,46.626,46.924,1635093.44
2025-10-30 05:00:00+00:00,46.92,48.447,46.728,48.184,801580.56
2025-10-30 06:00:00+00:00,48.185,48.718,47.781,48.308,564214.13
2025-10-30 07:00:00+00:00,48.31,49.763,48.303,49.578,653797.69
2025-10-30 08:00:00+00:00,49.578,50.238,48.993,49.268,1036918.19
2025-10-30 09:00:00+00:00,49.268,49.659,48.067,48.421,896422.82
2025-10-30 10:00:00+00:00,48.421,48.59,47.96,48.305,447314.28
2025-10-30 11:00:00+00:00,48.304,48.329,47.388,47.5,557067.45
2025-10-30 12:00:00+00:00,47.5,47.62,46.055,46.322,1165769.1
2025-10-30 13:00:00+00:00,46.327,46.775,44.911,46.178,2102008.72
2025-10-30 14:00:00+00:00,46.18,47.453,46.175,46.779,1285011.39
2025-10-30 15:00:00+00:00,46.778,46.897,44.609,45.379,1751156.6
2025-10-30 16:00:00+00:00,45.375,45.981,44.948,45.926,867985.95
2025-10-30 17:00:00+00:00,45.926,45.926,43.286,44.156,1919681.33
2025-10-30 18:00:00+00:00,44.158,44.583,43.558,43.697,831986.66
2025-10-30 19:00:00+00:00,43.694,44.178,42.669,43.08,1386866.08
2025-10-30 20:00:00+00:00,43.08,44.481,42.82,44.419,981861.02
2025-10-30 21:00:00+00:00,44.419,44.742,43.844,44.611,549300.74
2025-10-30 22:00:00+00:00,44.606,45.18,44.408,45.066,1040110.99
2025-10-30 23:00:00+00:00,45.066,45.643,44.837,45.389,577929.24
2025-10-31 00:00:00+00:00,45.389,46.049,45.268,45.894,480066.38
2025-10-31 01:00:00+00:00,45.888,46.25,45.699,45.916,475101.96
2025-10-31 02:00:00+00:00,45.915,45.938,44.88,45.078,695750.85
2025-10-31 03:00:00+00:00,45.075,45.288,44.291,44.929,664159.34
2025-10-31 04:00:00+00:00,44.929,45.963,44.74,45.562,609384.06
2025-10-31 05:00:00+00:00,45.561,45.561,44.7,44.81,329150.13
2025-10-31 06:00:00+00:00,44.812,44.903,44.483,44.523,266208.43
2025-10-31 07:00:00+00:00,44.523,44.632,43.83,43.999,497478.09
2025-10-31 08:00:00+00:00,43.999,44.733,43.661,44.724,602316.85
2025-10-31 09:00:00+00:00,44.724,44.973,44.048,44.168,449438.8
2025-10-31 10:00:00+00:00,44.169,44.619,44.128,44.233,315223.03
2025-10-31 11:00:00+00:00,44.233,44.382,43.371,44.309,713145.97
2025-10-31 12:00:00+00:00,44.304,44.523,42.979,43.033,825700.12
2025-10-31 13:00:00+00:00,43.034,44.334,43.034,44.132,939496.99
2025-10-31 14:00:00+00:00,44.134,44.998,43.8,44.854,666614.56
2025-10-31 15:00:00+00:00,44.855,45.135,43.969,44.017,626082.19
2025-10-31 16:00:00+00:00,44.018,44.097,42.905,43.034,710126.42
2025-10-31 17:00:00+00:00,43.035,43.462,42.356,43.177,1235215.54
2025-10-31 18:00:00+00:00,43.176,43.598,42.375,42.849,911226.85
2025-10-31 19:00:00+00:00,42.85,43.665,42.502,43.431,521261.86
2025-10-31 20:00:00+00:00,43.431,43.809,43.128,43.387,382001.39
2025-10-31 21:00:00+00:00,43.386,43.978,43.187,43.967,188701.26
2025-10-31 22:00:00+00:00,43.966,44.103,43.59,43.934,184661.45
2025-10-31 23:00:00+00:00,43.929,44.071,43.561,43.685,172204.78
2025-11-01 00:00:00+00:00,43.684,44.221,43.332,44.161,245862.97
2025-11-01 01:00:00+00:00,44.16,44.417,43.003,43.124,566123.49
2025-11-01 02:00:00+00:00,43.124,43.84,42.72,43.642,344151.93
2025-11-01 03:00:00+00:00,43.643,44.264,43.643,44.205,356092.03
2025-11-01 04:00:00+00:00,44.201,44.477,43.801,44.288,267673.38
2025-11-01 05:00:00+00:00,44.288,44.523,43.829,43.929,297080.8
2025-11-01 06:00:00+00:00,43.928,43.986,43.298,43.569,296888.3
2025-11-01 07:00:00+00:00,43.568,44.008,43.416,43.804,264187.17
2025-11-01 08:00:00+00:00,43.804,43.994,43.538,43.872,184744.73
2025-11-01 09:00:00+00:00,43.872,43.904,43.08,43.157,311653.77
2025-11-01 10:00:00+00:00,43.161,43.663,43.1,43.619,252343.91
2025-11-01 11:00:00+00:00,43.616,44.08,43.486,43.702,361003.2
2025-11-01 12:00:00+00:00,43.703,43.856,43.334,43.405,212893.54
2025-11-01 13:00:00+00:00,43.406,43.78,43.173,43.623,255043.81
2025-11-01 14:00:00+00:00,43.626,43.778,42.643,42.9,556111.6
2025-11-01 15:00:00+00:00,42.9,43.409,42.785,43.361,407825.84
2025-11-01 16:00:00+00:00,43.362,43.922,43.147,43.853,314724.45
2025-11-01 17:00:00+00:00,43.852,44.328,43.605,43.793,485677.99
2025-11-01 18:00:00+00:00,43.793,44.24,43.766,44.013,261381.97
2025-11-01 19:00:00+00:00,44.014,44.066,43.413,43.518,231219.75
2025-11-01 20:00:00+00:00,43.517,43.734,43.368,43.54,164376.24
2025-11-01 21:00:00+00:00,43.541,43.584,42.844,42.88,237600.77
2025-11-01 22:00:00+00:00,42.878,43.275,42.85,43.263,139747.24
2025-11-01 23:00:00+00:00,43.264,43.459,43.159,43.262,131252.93
2025-11-02 00:00:00+00:00,43.263,43.271,42.363,42.576,492053.78
2025-11-02 01:00:00+00:00,42.575,42.807,42.243,42.69,232203.77
2025-11-02 02:00:00+00:00,42.689,43.153,42.508,42.603,246243.51
2025-11-02 03:00:00+00:00,42.599,43.032,42.38,43.026,242179.7
2025-11-02 04:00:00+00:00,43.027,43.391,42.928,43.355,219226.34
2025-11-02 05:00:00+00:00,43.356,43.384,43.005,43.133,194868.57
2025-11-02 06:00:00+00:00,43.133,43.339,43.005,43.14,125303.46
2025-11-02 07:00:00+00:00,43.141,43.436,42.615,43.245,326025.28
2025-11-02 08:00:00+00:00,43.246,43.344,42.781,43.044,207702.76
2025-11-02 09:00:00+00:00,43.043,43.465,42.713,42.763,342393.14
2025-11-02 10:00:00+00:00,42.764,42.856,41.357,42.032,1368894.04
2025-11-02 11:00:00+00:00,42.033,42.938,41.75,42.89,856536.28
2025-11-02 12:00:00+00:00,42.891,43.042,41.8,42.144,640271.06
2025-11-02 13:00:00+00:00,42.144,42.4,41.853,42.335,354037.55
2025-11-02 14:00:00+00:00,42.335,42.574,41.8,41.93,557603.89
2025-11-02 15:00:00+00:00,41.93,42.196,41.474,41.497,774339.54
2025-11-02 16:00:00+00:00,41.498,41.902,41.092,41.72,831699.38
2025-11-02 17:00:00+00:00,41.72,41.998,41.383,41.64,402466.9
2025-11-02 18:00:00+00:00,41.638,42.056,41.517,41.836,221983.42
2025-11-02 19:00:00+00:00,41.833,41.896,41.24,41.658,297245.33
2025-11-02 20:00:00+00:00,41.658,41.705,41.293,41.648,296097.84
2025-11-02 21:00:00+00:00,41.648,42.0,41.603,41.87,154487.11
2025-11-02 22:00:00+00:00,41.87,41.888,41.524,41.826,112836.6
2025-11-02 23:00:00+00:00,41.826,42.652,41.825,42.443,362961.34
2025-11-03 00:00:00+00:00,42.443,42.73,41.856,41.881,356875.56
2025-11-03 01:00:00+00:00,41.884,42.485,41.738,42.338,399651.5
2025-11-03 02:00:00+00:00,42.337,42.43,41.12,41.546,597116.4
2025-11-03 03:00:00+00:00,41.546,41.76,40.519,40.544,960212.43
2025-11-03 04:00:00+00:00,40.54,41.014,40.128,40.984,983328.92
2025-11-03 05:00:00+00:00,40.983,41.379,40.863,41.163,457078.02
2025-11-03 06:00:00+00:00,41.164,41.53,40.605,41.093,611166.25
2025-11-03 07:00:00+00:00,41.095,41.837,40.829,41.346,597908.12
2025-11-03 08:00:00+00:00,41.346,41.54,40.641,40.712,461326.88
2025-11-03 09:00:00+00:00,40.712,41.195,40.243,40.35,562126.52
2025-11-03 10:00:00+00:00,40.35,40.773,40.202,40.363,630038.35
2025-11-03 11:00:00+00:00,40.364,41.524,40.356,41.401,610311.18
2025-11-03 12:00:00+00:00,41.4,41.941,41.153,41.229,448202.89
2025-11-03 13:00:00+00:00,41.229,41.56,41.059,41.282,312745.17
2025-11-03 14:00:00+00:00,41.284,41.82,40.976,41.796,491337.47
2025-11-03 15:00:00+00:00,41.793,41.847,38.253,39.101,3661214.99
2025-11-03 16:00:00+00:00,39.102,40.329,38.554,40.106,1766856.06
2025-11-03 17:00:00+00:00,40.105,41.157,39.885,41.066,846057.91
2025-11-03 18:00:00+00:00,41.066,41.292,40.223,40.283,465689.15
2025-11-03 19:00:00+00:00,40.282,40.542,39.793,39.858,413675.62
2025-11-03 20:00:00+00:00,39.86,39.942,39.038,39.281,549561.49
2025-11-03 21:00:00+00:00,39.281,40.366,39.251,40.313,693963.35
2025-11-03 22:00:00+00:00,40.313,40.356,39.448,39.726,355228.63
2025-11-03 23:00:00+00:00,39.726,40.28,39.388,40.187,301126.05
2025-11-04 00:00:00+00:00,40.186,40.274,39.209,39.79,541157.66
2025-11-04 01:00:00+00:00,39.792,40.181,39.478,39.91,387408.49
2025-11-04 02:00:00+00:00,39.909,40.46,39.769,40.008,362026.91
2025-11-04 03:00:00+00:00,40.008,40.829,39.741,40.573,394096.82
2025-11-04 04:00:00+00:00,40.574,40.788,40.044,40.064,244527.21
2025-11-04 05:00:00+00:00,40.064,40.162,37.334,37.352,1684106.98
2025-11-04 06:00:00+00:00,37.353,38.579,36.711,37.768,2310056.46
2025-11-04 07:00:00+00:00,37.768,38.145,37.35,37.967,784624.3
2025-11-04 08:00:00+00:00,37.966,37.972,36.949,37.189,1269256.65
2025-11-04 09:00:00+00:00,37.189,37.864,37.071,37.47,580039.12
2025-11-04 10:00:00+00:00,37.468,38.029,37.347,37.825,479567.77
2025-11-04 11:00:00+00:00,37.826,38.383,37.636,38.191,553171.73
2025-11-04 12:00:00+00:00,38.19,38.233,37.416,37.872,552970.81
2025-11-04 13:00:00+00:00,37.872,38.01,37.048,37.598,624344.09
2025-11-04 14:00:00+00:00,37.599,39.218,37.33,38.791,1095666.28
2025-11-04 15:00:00+00:00,38.788,40.296,38.778,39.129,1550174.21
2025-11-04 16:00:00+00:00,39.127,39.507,37.978,38.218,1088940.5
2025-11-04 17:00:00+00:00,38.218,38.792,37.006,37.844,1806465.46
2025-11-04 18:00:00+00:00,37.845,38.345,36.437,38.121,2233657.19
2025-11-04 19:00:00+00:00,38.121,38.396,37.103,37.266,1266803.36
2025-11-04 20:00:00+00:00,37.259,37.563,35.408,37.124,2875923.01
2025-11-04 21:00:00+00:00,37.125,37.645,35.567,37.622,1846679.87
2025-11-04 22:00:00+00:00,37.623,39.339,37.2,38.642,1572336.56
2025-11-04 23:00:00+00:00,38.642,39.3,38.422,39.012,769201.3
2025-11-05 00:00:00+00:00,39.014,39.28,38.431,38.876,581762.26
2025-11-05 01:00:00+00:00,38.878,38.964,37.5,38.677,1280269.39
2025-11-05 02:00:00+00:00,38.678,39.896,38.657,39.879,1044256.86
2025-11-05 03:00:00+00:00,39.878,40.456,39.64,40.147,797966.6
2025-11-05 04:00:00+00:00,40.147,40.762,39.95,40.179,656629.75
2025-11-05 05:00:00+00:00,40.171,40.438,39.736,40.208,530999.94
2025-11-05 06:00:00+00:00,40.205,41.034,40.002,40.955,469252.39
2025-11-05 07:00:00+00:00,40.955,40.96,40.136,40.669,377228.77
2025-11-05 08:00:00+00:00,40.669,40.686,39.398,40.01,674525.68
2025-11-05 09:00:00+00:00,40.009,40.677,39.7,40.48,470444.08
2025-11-05 10:00:00+00:00,40.479,40.527,39.88,40.034,295772.61
2025-11-05 11:00:00+00:00,40.034,41.585,40.016,41.547,912367.58
2025-11-05 12:00:00+00:00,41.556,41.596,41.006,41.323,603458.18
2025-11-05 13:00:00+00:00,41.322,41.811,40.9,41.258,668181.0
2025-11-05 14:00:00+00:00,41.258,41.452,40.709,41.269,723893.52
2025-11-05 15:00:00+00:00,41.27,42.24,41.041,42.094,750635.5
2025-11-05 16:00:00+00:00,42.093,42.169,41.292,41.957,673865.2
2025-11-05 17:00:00+00:00,41.958,41.98,41.373,41.557,357294.79
2025-11-05 18:00:00+00:00,41.558,41.981,41.386,41.671,316522.85
2025-11-05 19:00:00+00:00,41.669,41.842,41.328,41.497,289180.22
2025-11-05 20:00:00+00:00,41.495,41.649,40.912,40.97,356788.87
2025-11-05 21:00:00+00:00,40.973,41.264,40.7,41.138,313823.95
2025-11-05 22:00:00+00:00,41.14,41.424,41.023,41.384,135180.94
2025-11-05 23:00:00+00:00,41.384,41.558,41.122,41.357,220663.07
2025-11-06 00:00:00+00:00,41.357,41.357,40.717,41.176,368299.47
2025-11-06 01:00:00+00:00,41.175,41.18,40.41,40.863,399932.08
2025-11-06 02:00:00+00:00,40.862,41.074,40.467,40.724,310727.19
2025-11-06 03:00:00+00:00,40.722,41.263,40.693,40.988,227400.97
2025-11-06 04:00:00+00:00,40.989,41.212,40.916,41.128,116795.56
2025-11-06 05:00:00+00:00,41.127,41.164,39.848,40.061,389964.25
2025-11-06 06:00:00+00:00,40.06,40.301,39.772,39.89,275543.35
2025-11-06 07:00:00+00:00,39.891,40.151,39.496,39.639,426243.27
2025-11-06 08:00:00+00:00,39.638,39.84,39.357,39.624,300379.64
2025-11-06 09:00:00+00:00,39.623,40.144,39.493,39.705,486976.44
2025-11-06 10:00:00+00:00,39.705,40.058,39.362,40.017,330278.25
2025-11-06 11:00:00+00:00,40.016,40.411,39.688,40.391,373973.59
2025-11-06 12:00:00+00:00,40.391,40.441,39.494,39.497,529706.27
2025-11-06 13:00:00+00:00,39.497,40.526,39.491,40.353,430397.56
2025-11-06 14:00:00+00:00,40.353,40.543,39.368,39.417,650655.3
2025-11-06 15:00:00+00:00,39.417,39.825,38.555,38.944,1232192.76
2025-11-06 16:00:00+00:00,38.945,39.235,37.588,38.252,1567918.42
2025-11-06 17:00:00+00:00,38.253,38.968,38.001,38.886,758495.34
2025-11-06 18:00:00+00:00,38.884,39.114,38.062,38.855,666969.35
2025-11-06 19:00:00+00:00,38.852,39.04,38.43,38.746,456170.23
2025-11-06 20:00:00+00:00,38.746,38.967,38.156,38.661,397419.42
2025-11-06 21:00:00+00:00,38.66,38.981,38.218,38.761,418297.38
2025-11-06 22:00:00+00:00,38.761,38.946,38.374,38.765,292064.72
2025-11-06 23:00:00+00:00,38.765,38.765,38.28,38.498,291930.41
2025-11-07 00:00:00+00:00,38.499,39.426,38.295,39.385,495626.25
2025-11-07 01:00:00+00:00,39.384,39.486,38.253,38.872,712865.33
2025-11-07 02:00:00+00:00,38.871,38.981,38.265,38.944,292049.31
2025-11-07 03:00:00+00:00,38.944,39.303,38.579,38.584,328631.81
2025-11-07 04:00:00+00:00,38.584,38.715,38.155,38.677,497075.33
2025-11-07 05:00:00+00:00,38.677,39.69,38.624,39.657,466791.63
2025-11-07 06:00:00+00:00,39.656,39.78,39.321,39.512,363178.48
2025-11-07 07:00:00+00:00,39.513,40.388,39.407,40.366,397607.31
2025-11-07 08:00:00+00:00,40.363,40.767,39.81,40.007,713545.08
2025-11-07 09:00:00+00:00,40.007,40.113,39.349,39.865,565883.41
2025-11-07 10:00:00+00:00,39.865,39.999,39.201,39.246,355826.66
2025-11-07 11:00:00+00:00,39.245,39.245,38.301,38.856,933890.17
2025-11-07 12:00:00+00:00,38.854,39.098,38.0,38.563,712300.67
2025-11-07 13:00:00+00:00,38.561,39.574,38.449,39.4,573058.15
2025-11-07 14:00:00+00:00,39.4,40.489,38.749,40.392,1007466.02
2025-11-07 15:00:00+00:00,40.396,40.841,39.905,40.512,942528.05
2025-11-07 16:00:00+00:00,40.512,41.476,40.191,41.312,924768.46
2025-11-07 17:00:00+00:00,41.312,42.284,41.134,41.928,871492.1
2025-11-07 18:00:00+00:00,41.928,42.412,41.858,42.182,506082.14
2025-11-07 19:00:00+00:00,42.182,42.999,42.103,42.848,502028.79
2025-11-07 20:00:00+00:00,42.848,43.388,42.6,43.037,733381.23
2025-11-07 21:00:00+00:00,43.036,43.106,42.458,42.813,386319.8
2025-11-07 22:00:00+00:00,42.813,42.961,42.563,42.76,195222.01
2025-11-07 23:00:00+00:00,42.761,42.882,42.238,42.243,301823.96
2025-11-08 00:00:00+00:00,42.243,42.579,41.737,41.763,287835.59
2025-11-08 01:00:00+00:00,41.763,42.736,41.738,42.494,283935.7
2025-11-08 02:00:00+00:00,42.495,43.327,42.383,42.622,431784.23
2025-11-08 03:00:00+00:00,42.621,42.913,42.212,42.224,247692.35
2025-11-08 04:00:00+00:00,42.225,42.6,42.211,42.211,161974.0
2025-11-08 05:00:00+00:00,42.21,42.384,41.166,41.341,628781.67
2025-11-08 06:00:00+00:00,41.342,41.396,40.868,41.053,476775.38
2025-11-08 07:00:00+00:00,41.053,41.053,40.397,40.865,554801.72
2025-11-08 08:00:00+00:00,40.867,41.209,40.681,41.046,282813.91
2025-11-08 09:00:00+00:00,41.047,41.162,40.582,40.812,361149.99
2025-11-08 10:00:00+00:00,40.811,41.486,40.741,41.418,172989.75
2025-11-08 11:00:00+00:00,41.417,41.766,40.8,40.834,422316.16
2025-11-08 12:00:00+00:00,40.835,41.486,40.819,41.461,246210.37
2025-11-08 13:00:00+00:00,41.46,41.473,40.45,40.541,413945.39
2025-11-08 14:00:00+00:00,40.542,40.752,40.058,40.609,520370.6
2025-11-08 15:00:00+00:00,40.607,40.619,39.828,40.242,426328.43
2025-11-08 16:00:00+00:00,40.242,40.304,39.699,40.206,435173.74
2025-11-08 17:00:00+00:00,40.206,40.631,40.096,40.377,229693.4
2025-11-08 18:00:00+00:00,40.376,40.944,40.322,40.824,280132.4
2025-11-08 19:00:00+00:00,40.823,40.9,39.882,40.015,418123.58
2025-11-08 20:00:00+00:00,40.013,40.112,39.715,39.89,243767.14
2025-11-08 21:00:00+00:00,39.899,40.26,39.672,40.245,174555.58
2025-11-08 22:00:00+00:00,40.246,40.523,40.148,40.376,171071.04
2025-11-08 23:00:00+00:00,40.374,40.479,40.058,40.145,173664.41
2025-11-09 00:00:00+00:00,40.146,40.272,39.798,40.024,242434.19
2025-11-09 01:00:00+00:00,40.024,40.409,39.982,40.279,139593.91
2025-11-09 02:00:00+00:00,40.28,40.506,39.5,39.613,326223.24
2025-11-09 03:00:00+00:00,39.614,40.115,39.534,40.109,223240.95
2025-11-09 04:00:00+00:00,40.111,40.183,39.793,39.95,186119.11
2025-11-09 05:00:00+00:00,39.951,40.257,39.9,40.186,92346.1
2025-11-09 06:00:00+00:00,40.185,40.295,39.929,39.979,153939.31
2025-11-09 07:00:00+00:00,39.979,40.355,39.88,40.176,152782.65
2025-11-09 08:00:00+00:00,40.175,40.466,39.932,40.108,209907.95
2025-11-09 09:00:00+00:00,40.108,40.305,39.756,39.76,219629.46
2025-11-09 10:00:00+00:00,39.76,39.902,39.203,39.698,451532.7
2025-11-09 11:00:00+00:00,39.698,39.936,39.617,39.732,212039.76
2025-11-09 12:00:00+00:00,39.733,40.124,39.623,39.88,221802.31
2025-11-09 13:00:00+00:00,39.88,40.412,39.84,40.228,289751.53
2025-11-09 14:00:00+00:00,40.226,41.197,40.07,40.36,710121.71
2025-11-09 15:00:00+00:00,40.361,41.333,40.357,40.946,440965.69
2025-11-09 16:00:00+00:00,40.946,41.483,40.592,41.404,255880.78
2025-11-09 17:00:00+00:00,41.403,41.433,40.883,41.188,215637.03
2025-11-09 18:00:00+00:00,41.188,42.171,41.072,42.121,280138.42
2025-11-09 19:00:00+00:00,42.121,42.582,41.74,42.564,451888.37
2025-11-09 20:00:00+00:00,42.569,42.834,41.897,42.032,370133.42
2025-11-09 21:00:00+00:00,42.032,42.159,41.791,41.967,148785.37
2025-11-09 22:00:00+00:00,41.967,42.356,41.804,42.331,144653.61
2025-11-09 23:00:00+00:00,42.331,42.534,41.628,41.813,347644.94
2025-11-10 00:00:00+00:00,41.813,42.787,41.472,42.307,497990.19
2025-11-10 01:00:00+00:00,42.307,42.521,41.656,42.143,483838.28
2025-11-10 02:00:00+00:00,42.143,42.766,42.028,42.678,286224.75
2025-11-10 03:00:00+00:00,42.678,43.036,42.489,42.763,410868.88
2025-11-10 04:00:00+00:00,42.762,43.028,42.57,42.956,224322.04
2025-11-10 05:00:00+00:00,42.955,43.072,42.636,42.982,288511.56
2025-11-10 06:00:00+00:00,42.982,43.053,42.553,42.744,292997.87
2025-11-10 07:00:00+00:00,42.745,43.264,42.668,43.03,199137.85
2025-11-10 08:00:00+00:00,43.032,43.146,42.275,42.478,306947.69
2025-11-10 09:00:00+00:00,42.478,43.137,42.472,42.941,293344.84
2025-11-10 10:00:00+00:00,42.942,42.977,42.057,42.188,326532.19
2025-11-10 11:00:00+00:00,42.188,42.471,41.92,42.117,283006.93
2025-11-10 12:00:00+00:00,42.116,42.146,41.49,41.884,369897.2
2025-11-10 13:00:00+00:00,41.884,42.408,41.838,42.186,289738.78
2025-11-10 14:00:00+00:00,42.187,42.194,41.079,41.524,500344.07
2025-11-10 15:00:00+00:00,41.522,41.833,41.001,41.214,490818.63
2025-11-10 16:00:00+00:00,41.213,41.532,40.828,40.988,455545.12
2025-11-10 17:00:00+00:00,40.986,41.736,40.915,41.705,242804.28
2025-11-10 18:00:00+00:00,41.705,41.815,41.463,41.49,165169.08
2025-11-10 19:00:00+00:00,41.49,41.954,41.395,41.721,136131.64
2025-11-10 20:00:00+00:00,41.72,42.387,41.71,42.222,328392.53
2025-11-10 21:00:00+00:00,42.221,42.224,41.306,41.519,280571.48
2025-11-10 22:00:00+00:00,41.519,42.028,41.354,41.974,150715.26
2025-11-10 23:00:00+00:00,41.978,42.034,41.346,41.443,146519.42
2025-11-11 00:00:00+00:00,41.444,41.5,40.587,40.965,349870.14
2025-11-11 01:00:00+00:00,40.963,41.69,40.886,41.186,459603.7
2025-11-11 02:00:00+00:00,41.186,41.938,40.932,41.601,424547.2
2025-11-11 03:00:00+00:00,41.604,41.995,41.432,41.54,296412.15
2025-11-11 04:00:00+00:00,41.54,41.555,40.73,40.804,360355.21
2025-11-11 05:00:00+00:00,40.804,40.807,40.135,40.184,490415.78
2025-11-11 06:00:00+00:00,40.188,40.376,39.805,40.348,388573.07
2025-11-11 07:00:00+00:00,40.348,40.365,39.702,39.83,391666.98
2025-11-11 08:00:00+00:00,39.829,40.284,39.682,40.176,375399.69
2025-11-11 09:00:00+00:00,40.172,40.468,39.992,40.032,253719.87
2025-11-11 10:00:00+00:00,40.031,40.321,40.0,40.208,143769.0
2025-11-11 11:00:00+00:00,40.207,40.474,40.148,40.325,188586.8
2025-11-11 12:00:00+00:00,40.325,40.439,39.867,40.035,249937.47
2025-11-11 13:00:00+00:00,40.039,40.341,39.954,40.124,222205.38
2025-11-11 14:00:00+00:00,40.126,40.47,39.805,40.44,359388.46
2025-11-11 15:00:00+00:00,40.44,40.444,39.563,39.888,567090.19
2025-11-11 16:00:00+00:00,39.893,39.912,39.391,39.692,331400.76
2025-11-11 17:00:00+00:00,39.687,39.935,39.384,39.725,234250.57
2025-11-11 18:00:00+00:00,39.724,39.812,39.047,39.446,313332.65
2025-11-11 19:00:00+00:00,39.449,39.588,39.219,39.346,141737.98
2025-11-11 20:00:00+00:00,39.346,39.408,38.844,39.051,329016.08
2025-11-11 21:00:00+00:00,39.053,39.425,38.448,38.752,375759.83
2025-11-11 22:00:00+00:00,38.75,39.131,38.592,38.953,168374.68
2025-11-11 23:00:00+00:00,38.953,38.966,38.569,38.682,249700.94
2025-11-12 00:00:00+00:00,38.683,38.958,38.379,38.484,441525.21
2025-11-12 01:00:00+00:00,38.483,38.957,38.456,38.957,215007.05
2025-11-12 02:00:00+00:00,38.956,39.351,38.885,39.156,344813.88
2025-11-12 03:00:00+00:00,39.156,39.269,39.064,39.131,88952.52
2025-11-12 04:00:00+00:00,39.127,39.26,38.91,39.136,119380.2
2025-11-12 05:00:00+00:00,39.137,39.345,39.025,39.049,125254.91
2025-11-12 06:00:00+00:00,39.049,39.7,39.037,39.484,421956.5
2025-11-12 07:00:00+00:00,39.484,39.643,39.216,39.269,185428.47
2025-11-12 08:00:00+00:00,39.269,39.947,39.265,39.805,291775.02
2025-11-12 09:00:00+00:00,39.804,40.045,39.643,39.863,383452.46
2025-11-12 10:00:00+00:00,39.863,40.567,39.818,40.534,412639.74
2025-11-12 11:00:00+00:00,40.534,40.859,40.227,40.461,462622.5
2025-11-12 12:00:00+00:00,40.461,40.691,40.059,40.204,369409.64
2025-11-12 13:00:00+00:00,40.204,40.399,39.83,40.114,382356.65
2025-11-12 14:00:00+00:00,40.112,40.112,39.022,39.307,825631.18
2025-11-12 15:00:00+00:00,39.307,39.592,38.616,38.753,808558.2
2025-11-12 16:00:00+00:00,38.752,38.821,37.45,38.624,2727248.2
2025-11-12 17:00:00+00:00,38.624,39.041,38.205,38.903,710113.01
2025-11-12 18:00:00+00:00,38.902,39.001,38.43,38.435,321630.24
2025-11-12 19:00:00+00:00,38.434,38.571,38.033,38.367,373349.16
2025-11-12 20:00:00+00:00,38.369,38.983,38.17,38.58,409242.33
2025-11-12 21:00:00+00:00,38.58,38.726,38.253,38.538,276017.24
2025-11-12 22:00:00+00:00,38.538,38.54,38.148,38.452,144994.91
2025-11-12 23:00:00+00:00,38.452,38.463,38.148,38.356,147323.55
2025-11-13 00:00:00+00:00,38.356,38.625,38.177,38.402,197121.59
2025-11-13 01:00:00+00:00,38.402,39.114,38.362,38.735,394514.79
2025-11-13 02:00:00+00:00,38.736,38.852,38.439,38.449,198208.37
2025-11-13 03:00:00+00:00,38.447,38.916,37.902,38.536,553764.87
2025-11-13 04:00:00+00:00,38.537,38.739,38.279,38.545,238238.95
2025-11-13 05:00:00+00:00,38.545,39.673,38.365,39.426,464155.53
2025-11-13 06:00:00+00:00,39.426,39.832,39.174,39.513,553515.33
2025-11-13 07:00:00+00:00,39.513,39.846,39.076,39.197,382111.79
2025-11-13 08:00:00+00:00,39.196,39.433,39.066,39.176,212822.37
2025-11-13 09:00:00+00:00,39.178,39.246,38.69,38.78,395950.15
2025-11-13 10:00:00+00:00,38.78,39.139,38.725,38.824,178981.47
2025-11-13 11:00:00+00:00,38.824,39.146,38.824,39.053,167645.95
2025-11-13 12:00:00+00:00,39.052,39.239,38.962,39.11,143162.15
2025-11-13 13:00:00+00:00,39.11,39.124,38.436,38.635,351929.94
2025-11-13 14:00:00+00:00,38.636,39.144,38.215,38.848,622829.91
2025-11-13 15:00:00+00:00,38.85,39.0,38.1,38.357,529766.06
2025-11-13 16:00:00+00:00,38.357,38.491,37.8,37.871,538142.29
2025-11-13 17:00:00+00:00,37.87,37.946,37.226,37.315,759088.4
2025-11-13 18:00:00+00:00,37.314,37.654,36.6,37.654,1236674.01
2025-11-13 19:00:00+00:00,37.655,38.078,37.352,37.492,1042694.38
2025-11-13 20:00:00+00:00,37.49,37.955,37.144,37.443,671490.79
2025-11-13 21:00:00+00:00,37.442,37.903,37.386,37.773,376191.26
2025-11-13 22:00:00+00:00,37.772,38.525,37.582,38.478,613046.85
2025-11-13 23:00:00+00:00,38.477,39.105,38.31,38.527,560616.78
2025-11-14 00:00:00+00:00,38.529,38.598,37.8,37.999,818634.48
2025-11-14 01:00:00+00:00,37.999,38.25,37.701,37.762,411404.07
2025-11-14 02:00:00+00:00,37.762,38.361,37.747,38.121,275470.62
2025-11-14 03:00:00+00:00,38.122,38.187,37.532,37.812,377079.95
2025-11-14 04:00:00+00:00,37.811,37.82,36.59,37.122,967743.17
2025-11-14 05:00:00+00:00,37.122,37.366,36.946,37.095,604238.63
2025-11-14 06:00:00+00:00,37.096,37.406,36.356,37.377,1061298.25
2025-11-14 07:00:00+00:00,37.375,37.897,37.33,37.483,794279.67
2025-11-14 08:00:00+00:00,37.484,37.526,37.011,37.244,356999.31
2025-11-14 09:00:00+00:00,37.246,37.514,36.886,36.96,379566.05
2025-11-14 10:00:00+00:00,36.959,37.738,36.952,37.339,332515.55
2025-11-14 11:00:00+00:00,37.339,37.341,36.651,36.87,334069.63
2025-11-14 12:00:00+00:00,36.871,36.871,36.0,36.677,828218.75
2025-11-14 13:00:00+00:00,36.677,36.888,36.168,36.857,743609.31
2025-11-14 14:00:00+00:00,36.857,38.036,36.679,37.5,1513667.05
2025-11-14 15:00:00+00:00,37.501,38.063,37.075,38.022,912862.24
2025-11-14 16:00:00+00:00,38.023,38.287,37.603,37.761,761965.12
2025-11-14 17:00:00+00:00,37.759,37.866,36.774,36.848,762857.01
2025-11-14 18:00:00+00:00,36.848,37.436,36.759,37.355,543605.97
2025-11-14 19:00:00+00:00,37.354,37.993,37.252,37.983,484673.81
2025-11-14 20:00:00+00:00,37.984,37.997,37.029,37.428,454512.2
2025-11-14 21:00:00+00:00,37.427,37.957,37.38,37.885,467366.13
2025-11-14 22:00:00+00:00,37.888,38.563,37.869,38.114,339161.43
2025-11-14 23:00:00+00:00,38.114,38.133,37.067,37.492,484639.06
2025-11-15 00:00:00+00:00,37.493,37.8,37.31,37.627,208491.4
2025-11-15 01:00:00+00:00,37.626,38.122,37.532,38.068,158645.64
2025-11-15 02:00:00+00:00,38.068,38.697,37.925,38.685,314577.41
2025-11-15 03:00:00+00:00,38.685,38.859,38.52,38.817,299467.42
2025-11-15 04:00:00+00:00,38.816,38.817,38.311,38.458,204967.96
2025-11-15 05:00:00+00:00,38.457,38.661,38.328,38.593,151620.86
2025-11-15 06:00:00+00:00,38.593,38.9,38.567,38.738,200960.91
2025-11-15 07:00:00+00:00,38.738,39.292,38.734,39.118,271947.03
2025-11-15 08:00:00+00:00,39.117,39.218,38.777,39.015,395397.46
2025-11-15 09:00:00+00:00,39.014,39.56,38.872,38.936,294498.66
2025-11-15 10:00:00+00:00,38.936,39.199,38.801,38.996,176099.8
2025-11-15 11:00:00+00:00,38.997,39.066,38.468,38.66,206023.02
2025-11-15 12:00:00+00:00,38.659,39.015,38.568,38.767,221140.09
2025-11-15 13:00:00+00:00,38.767,39.046,38.599,39.031,169977.99
2025-11-15 14:00:00+00:00,39.03,39.064,38.51,38.917,218905.59
2025-11-15 15:00:00+00:00,38.917,39.297,38.73,39.201,230549.26
2025-11-15 16:00:00+00:00,39.2,39.2,38.774,39.096,210649.83
2025-11-15 17:00:00+00:00,39.096,39.125,38.502,38.791,456750.54
2025-11-15 18:00:00+00:00,38.791,39.001,38.717,38.796,128863.5
2025-11-15 19:00:00+00:00,38.796,38.93,38.575,38.669,101359.19
2025-11-15 20:00:00+00:00,38.668,38.705,38.327,38.451,140801.12
2025-11-15 21:00:00+00:00,38.45,38.816,38.358,38.368,163791.35
2025-11-15 22:00:00+00:00,38.366,38.622,38.293,38.612,86556.68
2025-11-15 23:00:00+00:00,38.611,38.727,38.458,38.567,183460.33
2025-11-16 00:00:00+00:00,38.569,38.641,38.312,38.451,145871.6
2025-11-16 01:00:00+00:00,38.451,38.63,38.033,38.392,310314.54
2025-11-16 02:00:00+00:00,38.392,38.848,38.258,38.737,204806.81
2025-11-16 03:00:00+00:00,38.732,38.875,38.538,38.657,164357.8
2025-11-16 04:00:00+00:00,38.656,38.943,38.532,38.754,223889.21
2025-11-16 05:00:00+00:00,38.754,39.007,38.736,38.838,135070.32
2025-11-16 06:00:00+00:00,38.837,39.262,38.798,39.113,180248.45
2025-11-16 07:00:00+00:00,39.116,39.286,39.02,39.187,148774.04
2025-11-16 08:00:00+00:00,39.189,39.294,38.984,39.104,267175.92
2025-11-16 09:00:00+00:00,39.104,39.772,38.877,39.74,359134.34
2025-11-16 10:00:00+00:00,39.741,40.502,39.589,40.045,853596.28
2025-11-16 11:00:00+00:00,40.044,40.201,39.066,39.269,734693.5
2025-11-16 12:00:00+00:00,39.267,39.525,38.912,39.104,378817.67
2025-11-16 13:00:00+00:00,39.104,39.222,38.33,38.656,748803.99
2025-11-16 14:00:00+00:00,38.656,38.873,38.55,38.65,242288.02
2025-11-16 15:00:00+00:00,38.65,38.682,38.054,38.167,382372.91
2025-11-16 16:00:00+00:00,38.166,38.492,37.808,37.913,544000.58
2025-11-16 17:00:00+00:00,37.911,37.994,37.45,37.853,571018.47
2025-11-16 18:00:00+00:00,37.852,38.477,37.67,37.88,549719.33
2025-11-16 19:00:00+00:00,37.88,38.349,37.82,38.048,337271.04
2025-11-16 20:00:00+00:00,38.049,38.469,38.002,38.035,184135.83
2025-11-16 21:00:00+00:00,38.036,38.129,37.499,37.85,432980.3
2025-11-16 22:00:00+00:00,37.852,38.507,37.561,38.278,341094.11
2025-11-16 23:00:00+00:00,38.279,38.763,37.738,38.699,585769.01
2025-11-17 00:00:00+00:00,38.698,39.025,38.182,38.865,525798.48
2025-11-17 01:00:00+00:00,38.865,38.985,38.333,38.362,221609.62
