timestamp,open,high,low,close,volume
2025-07-10 02:00:00+00:00,157.53,159.0,157.53,158.54,546910.67
2025-07-10 02:15:00+00:00,158.55,159.33,158.38,158.44,275976.91
2025-07-10 02:30:00+00:00,158.44,158.84,158.02,158.05,157029.21
2025-07-10 02:45:00+00:00,158.05,158.38,158.03,158.22,111105.49
2025-07-10 03:00:00+00:00,158.23,158.3,157.73,157.75,126213.98
2025-07-10 03:15:00+00:00,157.74,158.08,157.56,157.62,132037.54
2025-07-10 03:30:00+00:00,157.63,157.72,157.18,157.37,156139.42
2025-07-10 03:45:00+00:00,157.38,157.45,157.13,157.28,96946.82
2025-07-10 04:00:00+00:00,157.28,157.42,156.82,156.94,142331.84
2025-07-10 04:15:00+00:00,156.94,157.27,156.8,157.23,112461.16
2025-07-10 04:30:00+00:00,157.22,157.57,157.22,157.47,139609.59
2025-07-10 04:45:00+00:00,157.47,157.61,157.36,157.59,101210.44
2025-07-10 05:00:00+00:00,157.6,157.7,157.21,157.21,97241.74
2025-07-10 05:15:00+00:00,157.2,157.41,157.07,157.3,53789.52
2025-07-10 05:30:00+00:00,157.31,157.32,156.91,156.97,67915.77
2025-07-10 05:45:00+00:00,156.98,157.35,156.84,157.15,99461.93
2025-07-10 06:00:00+00:00,157.15,157.35,156.58,156.77,136220.86
2025-07-10 06:15:00+00:00,156.76,157.24,156.71,157.17,90303.56
2025-07-10 06:30:00+00:00,157.18,157.27,156.86,156.9,89451.33
2025-07-10 06:45:00+00:00,156.9,157.42,156.88,157.34,112678.31
2025-07-10 07:00:00+00:00,157.34,158.33,157.27,158.17,369297.18
2025-07-10 07:15:00+00:00,158.17,158.54,157.95,158.22,211379.85
2025-07-10 07:30:00+00:00,158.22,158.58,157.86,158.25,192268.46
2025-07-10 07:45:00+00:00,158.24,158.27,157.71,157.82,153515.87
2025-07-10 08:00:00+00:00,157.82,158.43,157.72,158.21,142831.88
2025-07-10 08:15:00+00:00,158.21,158.87,158.19,158.43,222463.45
2025-07-10 08:30:00+00:00,158.43,159.11,158.36,159.07,196785.31
2025-07-10 08:45:00+00:00,159.08,159.11,158.64,158.86,181044.46
2025-07-10 09:00:00+00:00,158.86,159.01,158.23,158.42,171749.01
2025-07-10 09:15:00+00:00,158.42,158.7,158.22,158.34,92146.73
2025-07-10 09:30:00+00:00,158.34,158.38,158.0,158.02,105387.61
2025-07-10 09:45:00+00:00,158.02,158.15,157.86,158.0,102034.54
2025-07-10 10:00:00+00:00,157.99,158.07,157.34,157.41,215209.9
2025-07-10 10:15:00+00:00,157.41,157.63,157.37,157.4,103806.72
2025-07-10 10:30:00+00:00,157.41,157.83,157.4,157.63,113628.04
2025-07-10 10:45:00+00:00,157.64,157.89,157.48,157.83,98675.42
2025-07-10 11:00:00+00:00,157.83,157.83,157.11,157.2,177478.7
2025-07-10 11:15:00+00:00,157.2,157.66,157.11,157.52,71907.93
2025-07-10 11:30:00+00:00,157.52,157.75,157.2,157.54,164836.91
2025-07-10 11:45:00+00:00,157.55,157.7,157.39,157.55,60290.87
2025-07-10 12:00:00+00:00,157.56,157.56,157.02,157.13,161997.11
2025-07-10 12:15:00+00:00,157.12,157.56,156.9,157.44,174781.37
2025-07-10 12:30:00+00:00,157.45,157.54,157.17,157.23,87079.16
2025-07-10 12:45:00+00:00,157.23,157.42,157.07,157.39,73092.67
2025-07-10 13:00:00+00:00,157.4,157.75,157.34,157.67,150632.42
2025-07-10 13:15:00+00:00,157.66,158.28,157.64,158.26,210508.25
2025-07-10 13:30:00+00:00,158.27,158.31,156.7,157.3,474505.22
2025-07-10 13:45:00+00:00,157.29,157.89,156.6,156.97,301308.3
2025-07-10 14:00:00+00:00,156.97,157.34,156.3,157.18,322418.62
2025-07-10 14:15:00+00:00,157.18,157.64,156.09,156.37,427142.39
2025-07-10 14:30:00+00:00,156.37,156.81,156.22,156.52,209111.23
2025-07-10 14:45:00+00:00,156.52,156.79,156.33,156.77,144809.41
2025-07-10 15:00:00+00:00,156.77,156.94,156.01,156.07,250986.92
2025-07-10 15:15:00+00:00,156.07,156.7,156.03,156.62,172821.0
2025-07-10 15:30:00+00:00,156.62,156.75,155.5,156.08,290750.6
2025-07-10 15:45:00+00:00,156.09,156.5,155.85,156.38,136923.21
2025-07-10 16:00:00+00:00,156.38,156.54,156.07,156.35,174599.37
2025-07-10 16:15:00+00:00,156.34,158.49,156.34,158.01,722702.19
2025-07-10 16:30:00+00:00,158.01,158.67,157.87,158.59,516467.72
2025-07-10 16:45:00+00:00,158.58,158.59,157.97,158.34,312383.69
2025-07-10 17:00:00+00:00,158.34,159.63,157.86,159.55,775958.92
2025-07-10 17:15:00+00:00,159.54,159.55,158.74,159.15,305489.02
2025-07-10 17:30:00+00:00,159.15,159.6,159.0,159.59,242913.05
2025-07-10 17:45:00+00:00,159.58,161.2,159.21,160.85,947914.57
2025-07-10 18:00:00+00:00,160.84,160.97,160.1,160.13,387797.68
2025-07-10 18:15:00+00:00,160.13,160.6,159.37,159.44,454748.89
2025-07-10 18:30:00+00:00,159.44,159.52,158.27,158.7,426157.34
2025-07-10 18:45:00+00:00,158.69,159.3,158.39,159.02,310531.98
2025-07-10 19:00:00+00:00,159.01,159.6,158.85,159.5,255479.54
2025-07-10 19:15:00+00:00,159.49,159.55,159.07,159.1,151596.43
2025-07-10 19:30:00+00:00,159.1,159.1,158.58,159.02,166032.95
2025-07-10 19:45:00+00:00,159.02,159.42,158.69,159.26,131069.97
2025-07-10 20:00:00+00:00,159.25,159.98,159.14,159.85,216438.46
2025-07-10 20:15:00+00:00,159.85,160.08,159.66,159.99,114692.9
2025-07-10 20:30:00+00:00,159.98,160.47,159.97,160.46,171350.42
2025-07-10 20:45:00+00:00,160.46,160.46,159.84,160.32,136907.4
2025-07-10 21:00:00+00:00,160.32,160.84,160.22,160.65,175364.87
2025-07-10 21:15:00+00:00,160.65,163.98,160.43,162.68,1611520.05
2025-07-10 21:30:00+00:00,162.67,164.2,162.51,163.51,537413.99
2025-07-10 21:45:00+00:00,163.51,164.33,162.75,163.77,525062.02
2025-07-10 22:00:00+00:00,163.77,164.35,163.23,164.35,368346.09
2025-07-10 22:15:00+00:00,164.35,165.36,163.67,163.84,846283.11
2025-07-10 22:30:00+00:00,163.84,164.26,163.43,164.13,280768.17
2025-07-10 22:45:00+00:00,164.14,164.88,164.08,164.65,228963.26
2025-07-10 23:00:00+00:00,164.64,165.2,164.44,164.7,289270.77
2025-07-10 23:15:00+00:00,164.7,164.76,163.6,163.79,361866.8
2025-07-10 23:30:00+00:00,163.8,163.9,163.23,163.49,254778.01
2025-07-10 23:45:00+00:00,163.49,164.31,163.24,164.29,165311.35
2025-07-11 00:00:00+00:00,164.3,164.37,163.66,163.68,224355.16
2025-07-11 00:15:00+00:00,163.68,163.71,161.9,162.36,525796.83
2025-07-11 00:30:00+00:00,162.35,163.12,161.89,162.56,236636.36
2025-07-11 00:45:00+00:00,162.56,163.34,162.36,163.03,172071.42
2025-07-11 01:00:00+00:00,163.03,163.82,162.93,163.79,181597.4
2025-07-11 01:15:00+00:00,163.8,164.75,163.62,164.68,216382.44
2025-07-11 01:30:00+00:00,164.69,164.7,164.33,164.58,169322.94
2025-07-11 01:45:00+00:00,164.58,164.69,163.93,164.43,211617.74
2025-07-11 02:00:00+00:00,164.44,164.66,164.03,164.48,188162.64
2025-07-11 02:15:00+00:00,164.49,164.98,164.48,164.88,176617.84
2025-07-11 02:30:00+00:00,164.89,165.09,164.61,164.79,255627.36
2025-07-11 02:45:00+00:00,164.8,165.16,164.58,164.9,227139.08
2025-07-11 03:00:00+00:00,164.91,164.91,164.36,164.38,151498.33
2025-07-11 03:15:00+00:00,164.39,164.77,164.22,164.56,111933.83
2025-07-11 03:30:00+00:00,164.57,164.74,163.9,164.74,135460.34
2025-07-11 03:45:00+00:00,164.73,165.32,164.62,165.11,229346.23
2025-07-11 04:00:00+00:00,165.11,165.11,164.28,164.38,164541.31
2025-07-11 04:15:00+00:00,164.38,164.61,164.21,164.42,102487.47
2025-07-11 04:30:00+00:00,164.42,164.52,163.92,164.46,135790.99
2025-07-11 04:45:00+00:00,164.45,164.96,164.34,164.95,136144.84
2025-07-11 05:00:00+00:00,164.94,165.6,164.85,165.36,343541.98
2025-07-11 05:15:00+00:00,165.35,165.75,165.21,165.29,255115.31
2025-07-11 05:30:00+00:00,165.29,166.14,165.04,165.82,568148.29
2025-07-11 05:45:00+00:00,165.8,166.73,165.18,165.2,619887.42
2025-07-11 06:00:00+00:00,165.2,165.95,164.93,165.21,344030.83
2025-07-11 06:15:00+00:00,165.22,165.77,165.07,165.33,209176.14
2025-07-11 06:30:00+00:00,165.34,165.4,164.43,164.61,320321.36
2025-07-11 06:45:00+00:00,164.6,164.79,163.34,163.57,563447.83
2025-07-11 07:00:00+00:00,163.58,163.66,163.04,163.16,335461.6
2025-07-11 07:15:00+00:00,163.17,164.19,163.13,164.1,252919.62
2025-07-11 07:30:00+00:00,164.11,164.21,163.86,164.12,173451.21
2025-07-11 07:45:00+00:00,164.11,164.2,163.08,163.21,214077.86
2025-07-11 08:00:00+00:00,163.2,163.64,163.2,163.39,247055.3
2025-07-11 08:15:00+00:00,163.39,163.93,163.3,163.75,183322.63
2025-07-11 08:30:00+00:00,163.76,163.98,163.32,163.9,158114.88
2025-07-11 08:45:00+00:00,163.9,163.95,163.55,163.81,94288.8
2025-07-11 09:00:00+00:00,163.8,163.94,163.55,163.9,86155.25
2025-07-11 09:15:00+00:00,163.89,164.74,163.87,164.68,259337.28
2025-07-11 09:30:00+00:00,164.68,165.3,164.39,164.59,387374.64
2025-07-11 09:45:00+00:00,164.58,164.92,164.23,164.72,222996.7
2025-07-11 10:00:00+00:00,164.72,164.74,164.09,164.41,181554.68
2025-07-11 10:15:00+00:00,164.4,165.16,164.4,164.93,201269.12
2025-07-11 10:30:00+00:00,164.92,164.95,164.25,164.56,98298.37
2025-07-11 10:45:00+00:00,164.56,164.94,164.5,164.74,85571.13
2025-07-11 11:00:00+00:00,164.74,165.02,163.9,164.06,184608.38
2025-07-11 11:15:00+00:00,164.05,164.23,163.71,164.0,235617.96
2025-07-11 11:30:00+00:00,164.0,164.35,163.91,163.92,103578.47
2025-07-11 11:45:00+00:00,163.92,164.03,163.51,163.81,190117.94
2025-07-11 12:00:00+00:00,163.81,164.32,163.72,164.29,149813.65
2025-07-11 12:15:00+00:00,164.29,164.3,163.25,163.35,187092.2
2025-07-11 12:30:00+00:00,163.35,163.77,163.31,163.67,124923.04
2025-07-11 12:45:00+00:00,163.67,165.2,163.65,165.19,284024.07
2025-07-11 13:00:00+00:00,165.19,166.65,164.96,165.71,954735.23
2025-07-11 13:15:00+00:00,165.72,165.95,164.92,165.48,354007.12
2025-07-11 13:30:00+00:00,165.48,166.18,164.22,165.33,662709.77
2025-07-11 13:45:00+00:00,165.32,166.91,164.98,166.36,662101.95
2025-07-11 14:00:00+00:00,166.37,166.59,165.39,165.9,499962.55
2025-07-11 14:15:00+00:00,165.9,167.85,165.85,167.51,735682.98
2025-07-11 14:30:00+00:00,167.5,168.18,167.12,167.21,570002.65
2025-07-11 14:45:00+00:00,167.21,167.34,165.88,166.59,583242.33
2025-07-11 15:00:00+00:00,166.58,166.83,164.54,165.2,704337.97
2025-07-11 15:15:00+00:00,165.2,166.04,165.08,165.29,421150.56
2025-07-11 15:30:00+00:00,165.29,165.29,163.38,164.37,905461.09
2025-07-11 15:45:00+00:00,164.37,164.62,161.77,162.26,1392983.15
2025-07-11 16:00:00+00:00,162.27,163.17,161.17,162.11,1106330.11
2025-07-11 16:15:00+00:00,162.11,162.69,161.2,162.64,530138.4
2025-07-11 16:30:00+00:00,162.65,163.07,162.32,162.41,466731.82
2025-07-11 16:45:00+00:00,162.41,163.16,161.6,163.13,302150.26
2025-07-11 17:00:00+00:00,163.13,163.67,162.9,163.27,295292.51
2025-07-11 17:15:00+00:00,163.26,164.06,162.91,164.05,392922.52
2025-07-11 17:30:00+00:00,164.04,164.22,163.14,163.63,303976.56
2025-07-11 17:45:00+00:00,163.62,164.42,163.54,164.41,161463.32
2025-07-11 18:00:00+00:00,164.41,164.64,164.03,164.62,195368.42
2025-07-11 18:15:00+00:00,164.62,164.97,163.5,163.7,270970.7
2025-07-11 18:30:00+00:00,163.69,164.25,163.56,164.2,114165.32
2025-07-11 18:45:00+00:00,164.19,164.57,163.72,164.33,119695.41
2025-07-11 19:00:00+00:00,164.33,164.33,163.2,163.87,167326.69
2025-07-11 19:15:00+00:00,163.87,164.57,163.85,164.06,150062.86
2025-07-11 19:30:00+00:00,164.06,164.42,163.71,163.87,122634.58
2025-07-11 19:45:00+00:00,163.87,164.53,163.85,164.52,109315.14
2025-07-11 20:00:00+00:00,164.52,164.81,163.9,164.26,173193.79
2025-07-11 20:15:00+00:00,164.26,164.49,163.85,163.92,99553.83
2025-07-11 20:30:00+00:00,163.92,163.95,162.97,163.12,209303.03
2025-07-11 20:45:00+00:00,163.12,163.39,162.53,162.67,203742.8
2025-07-11 21:00:00+00:00,162.67,162.98,161.75,162.37,325813.45
2025-07-11 21:15:00+00:00,162.36,163.03,162.08,163.0,128901.18
2025-07-11 21:30:00+00:00,162.99,163.06,161.3,161.32,239357.97
2025-07-11 21:45:00+00:00,161.33,162.47,161.3,162.08,155267.38
2025-07-11 22:00:00+00:00,162.08,162.56,161.56,161.6,126249.39
2025-07-11 22:15:00+00:00,161.6,161.72,159.49,160.09,931887.45
2025-07-11 22:30:00+00:00,160.1,161.36,159.68,160.88,397732.86
2025-07-11 22:45:00+00:00,160.89,161.71,160.84,161.59,160254.77
2025-07-11 23:00:00+00:00,161.59,162.22,161.54,162.19,294080.34
2025-07-11 23:15:00+00:00,162.18,162.65,161.91,162.51,177050.57
2025-07-11 23:30:00+00:00,162.5,162.7,162.1,162.67,146346.86
2025-07-11 23:45:00+00:00,162.67,162.96,162.43,162.87,135425.1
2025-07-12 00:00:00+00:00,162.87,163.33,162.54,162.66,190420.49
2025-07-12 00:15:00+00:00,162.67,162.98,162.42,162.91,158895.69
2025-07-12 00:30:00+00:00,162.9,162.93,161.64,161.86,292816.19
2025-07-12 00:45:00+00:00,161.86,163.03,161.8,162.99,89497.11
2025-07-12 01:00:00+00:00,162.99,163.77,162.99,163.6,227819.19
2025-07-12 01:15:00+00:00,163.6,163.67,163.07,163.42,116410.15
2025-07-12 01:30:00+00:00,163.41,163.63,163.29,163.53,76802.74
2025-07-12 01:45:00+00:00,163.53,163.75,163.3,163.42,67269.31
2025-07-12 02:00:00+00:00,163.41,163.66,163.28,163.5,97227.87
2025-07-12 02:15:00+00:00,163.49,163.83,163.44,163.69,94283.09
2025-07-12 02:30:00+00:00,163.69,163.87,163.3,163.49,75110.67
2025-07-12 02:45:00+00:00,163.5,163.55,162.78,162.91,98001.34
2025-07-12 03:00:00+00:00,162.92,163.41,162.79,163.34,63054.24
2025-07-12 03:15:00+00:00,163.34,163.61,163.34,163.47,50427.17
2025-07-12 03:30:00+00:00,163.47,163.62,163.23,163.48,55728.95
2025-07-12 03:45:00+00:00,163.49,163.52,162.75,163.41,210673.36
2025-07-12 04:00:00+00:00,163.42,163.59,163.0,163.22,75831.77
2025-07-12 04:15:00+00:00,163.23,163.24,162.78,163.17,69693.82
2025-07-12 04:30:00+00:00,163.17,163.18,162.58,162.79,78732.1
2025-07-12 04:45:00+00:00,162.79,162.83,162.2,162.47,168430.9
2025-07-12 05:00:00+00:00,162.48,162.7,161.96,162.12,140378.19
2025-07-12 05:15:00+00:00,162.12,162.82,162.03,162.76,73020.32
2025-07-12 05:30:00+00:00,162.75,163.04,162.61,162.87,77595.87
2025-07-12 05:45:00+00:00,162.87,163.14,162.75,162.97,56158.67
2025-07-12 06:00:00+00:00,162.96,163.09,162.37,162.52,82281.11
2025-07-12 06:15:00+00:00,162.53,163.1,162.4,162.9,67362.97
2025-07-12 06:30:00+00:00,162.9,163.35,162.69,163.34,92958.91
2025-07-12 06:45:00+00:00,163.34,163.58,163.15,163.41,89036.71
2025-07-12 07:00:00+00:00,163.41,163.77,163.17,163.53,128206.31
2025-07-12 07:15:00+00:00,163.52,163.73,163.17,163.57,104225.05
2025-07-12 07:30:00+00:00,163.57,163.61,162.66,162.99,194990.22
2025-07-12 07:45:00+00:00,162.99,163.21,162.68,163.16,99329.4
2025-07-12 08:00:00+00:00,163.15,163.38,162.84,163.15,111295.89
2025-07-12 08:15:00+00:00,163.16,163.25,162.5,162.61,126300.87
2025-07-12 08:30:00+00:00,162.6,162.6,162.22,162.47,152878.78
2025-07-12 08:45:00+00:00,162.46,162.7,162.1,162.6,115667.16
2025-07-12 09:00:00+00:00,162.59,162.6,162.21,162.33,89315.4
2025-07-12 09:15:00+00:00,162.32,162.68,162.32,162.42,93103.43
2025-07-12 09:30:00+00:00,162.42,162.94,162.3,162.88,99177.64
2025-07-12 09:45:00+00:00,162.88,162.91,162.5,162.59,57810.77
2025-07-12 10:00:00+00:00,162.59,162.59,162.23,162.38,96572.16
2025-07-12 10:15:00+00:00,162.39,162.82,162.33,162.56,123195.11
2025-07-12 10:30:00+00:00,162.56,162.92,162.45,162.81,83385.5
2025-07-12 10:45:00+00:00,162.8,163.14,162.75,162.94,108178.82
2025-07-12 11:00:00+00:00,162.94,162.96,162.53,162.69,72213.92
2025-07-12 11:15:00+00:00,162.69,162.81,162.48,162.72,44316.59
2025-07-12 11:30:00+00:00,162.71,162.73,161.81,161.87,213828.2
2025-07-12 11:45:00+00:00,161.88,162.14,161.3,161.56,262369.25
2025-07-12 12:00:00+00:00,161.55,161.74,161.0,161.32,226419.53
2025-07-12 12:15:00+00:00,161.32,161.4,160.66,160.87,251047.51
2025-07-12 12:30:00+00:00,160.87,161.17,159.76,159.83,470515.32
2025-07-12 12:45:00+00:00,159.84,159.98,158.5,159.77,607756.52
2025-07-12 13:00:00+00:00,159.76,159.76,159.29,159.51,212037.19
2025-07-12 13:15:00+00:00,159.51,159.55,158.76,158.95,249484.34
2025-07-12 13:30:00+00:00,158.95,159.51,158.17,158.91,398847.19
2025-07-12 13:45:00+00:00,158.91,159.65,158.62,159.64,272074.86
2025-07-12 14:00:00+00:00,159.65,160.41,159.25,160.29,424833.74
2025-07-12 14:15:00+00:00,160.28,160.34,159.74,160.34,163259.46
2025-07-12 14:30:00+00:00,160.34,160.35,159.24,159.47,232770.76
2025-07-12 14:45:00+00:00,159.48,159.57,158.78,159.05,212860.05
2025-07-12 15:00:00+00:00,159.04,159.27,158.7,159.12,243932.34
2025-07-12 15:15:00+00:00,159.12,159.51,158.48,158.82,244232.67
2025-07-12 15:30:00+00:00,158.82,159.06,157.75,158.01,573826.34
2025-07-12 15:45:00+00:00,158.01,158.5,157.66,158.06,422718.96
2025-07-12 16:00:00+00:00,158.06,158.97,157.83,158.91,287216.88
2025-07-12 16:15:00+00:00,158.9,159.31,158.69,158.85,197360.46
2025-07-12 16:30:00+00:00,158.85,159.27,158.74,159.09,78586.12
2025-07-12 16:45:00+00:00,159.09,159.39,158.6,158.67,119150.74
2025-07-12 17:00:00+00:00,158.67,159.42,158.61,159.29,102917.73
2025-07-12 17:15:00+00:00,159.3,159.88,159.29,159.79,159748.06
2025-07-12 17:30:00+00:00,159.79,160.27,159.62,160.08,130202.86
2025-07-12 17:45:00+00:00,160.08,160.59,159.85,160.4,154586.14
2025-07-12 18:00:00+00:00,160.4,160.42,160.03,160.18,109714.35
2025-07-12 18:15:00+00:00,160.18,160.18,159.73,160.11,160943.47
2025-07-12 18:30:00+00:00,160.1,160.48,160.1,160.18,68626.75
2025-07-12 18:45:00+00:00,160.17,160.72,159.82,160.24,357591.91
2025-07-12 19:00:00+00:00,160.24,160.68,160.2,160.49,104306.47
2025-07-12 19:15:00+00:00,160.49,160.62,160.16,160.16,58609.23
2025-07-12 19:30:00+00:00,160.16,160.6,160.15,160.51,43326.61
2025-07-12 19:45:00+00:00,160.52,160.72,160.43,160.67,114253.13
2025-07-12 20:00:00+00:00,160.68,160.75,160.29,160.34,56024.57
2025-07-12 20:15:00+00:00,160.34,160.46,159.95,160.28,92285.24
2025-07-12 20:30:00+00:00,160.28,160.33,159.75,159.9,59431.43
2025-07-12 20:45:00+00:00,159.9,159.9,158.91,158.92,199931.59
2025-07-12 21:00:00+00:00,158.92,159.65,158.87,159.07,133997.18
2025-07-12 21:15:00+00:00,159.08,159.92,159.07,159.76,74103.39
2025-07-12 21:30:00+00:00,159.76,160.45,159.49,160.33,114682.2
2025-07-12 21:45:00+00:00,160.32,160.55,159.97,160.52,60755.67
2025-07-12 22:00:00+00:00,160.53,160.63,159.97,160.25,66113.98
2025-07-12 22:15:00+00:00,160.26,160.37,159.53,160.34,72288.05
2025-07-12 22:30:00+00:00,160.35,160.49,160.18,160.24,37410.0
2025-07-12 22:45:00+00:00,160.25,160.39,159.85,160.36,39310.51
2025-07-12 23:00:00+00:00,160.36,160.47,159.8,160.0,57163.48
2025-07-12 23:15:00+00:00,160.01,160.37,160.01,160.22,24531.72
2025-07-12 23:30:00+00:00,160.21,160.35,159.98,160.07,31212.09
2025-07-12 23:45:00+00:00,160.07,160.9,160.01,160.63,108144.86
2025-07-13 00:00:00+00:00,160.64,160.7,160.12,160.43,68089.57
2025-07-13 00:15:00+00:00,160.43,161.72,160.19,161.5,377734.24
2025-07-13 00:30:00+00:00,161.5,161.5,160.79,161.39,88253.14
2025-07-13 00:45:00+00:00,161.39,161.39,160.76,160.84,66790.4
2025-07-13 01:00:00+00:00,160.85,161.23,160.82,160.91,52100.05
2025-07-13 01:15:00+00:00,160.91,161.24,160.72,161.07,68320.52
2025-07-13 01:30:00+00:00,161.07,161.41,160.81,161.36,66903.1
2025-07-13 01:45:00+00:00,161.35,161.7,161.28,161.45,87857.02
2025-07-13 02:00:00+00:00,161.45,161.51,161.02,161.13,59163.28
2025-07-13 02:15:00+00:00,161.12,161.14,160.66,160.74,72423.04
2025-07-13 02:30:00+00:00,160.74,161.06,160.58,161.05,71064.95
2025-07-13 02:45:00+00:00,161.05,161.76,161.05,161.36,114635.9
2025-07-13 03:00:00+00:00,161.36,161.44,160.8,160.81,69023.08
2025-07-13 03:15:00+00:00,160.81,161.11,160.78,160.99,76649.47
2025-07-13 03:30:00+00:00,160.99,161.29,160.94,161.11,41710.42
2025-07-13 03:45:00+00:00,161.1,161.32,160.95,161.15,28397.18
2025-07-13 04:00:00+00:00,161.15,161.57,160.97,161.32,90253.37
2025-07-13 04:15:00+00:00,161.31,162.0,161.19,161.64,133525.85
2025-07-13 04:30:00+00:00,161.64,161.98,161.57,161.72,115497.29
2025-07-13 04:45:00+00:00,161.72,162.08,161.72,161.91,89931.1
2025-07-13 05:00:00+00:00,161.91,162.18,161.51,161.84,118974.71
2025-07-13 05:15:00+00:00,161.85,161.97,161.53,161.95,61612.73
2025-07-13 05:30:00+00:00,161.94,162.15,161.71,161.72,79551.2
2025-07-13 05:45:00+00:00,161.72,161.75,161.23,161.29,84568.34
2025-07-13 06:00:00+00:00,161.29,161.62,161.2,161.55,58581.75
2025-07-13 06:15:00+00:00,161.56,161.8,161.49,161.74,59952.07
2025-07-13 06:30:00+00:00,161.75,162.08,161.72,161.83,102621.22
2025-07-13 06:45:00+00:00,161.83,161.84,161.45,161.53,57174.27
2025-07-13 07:00:00+00:00,161.53,162.0,161.4,161.92,59700.26
2025-07-13 07:15:00+00:00,161.93,162.09,161.86,161.92,74573.42
2025-07-13 07:30:00+00:00,161.93,162.49,161.89,162.25,135594.4
2025-07-13 07:45:00+00:00,162.25,162.7,162.22,162.57,100600.85
2025-07-13 08:00:00+00:00,162.57,162.66,162.15,162.4,82497.91
2025-07-13 08:15:00+00:00,162.41,162.41,162.01,162.3,72215.9
2025-07-13 08:30:00+00:00,162.29,162.42,161.93,161.97,45939.45
2025-07-13 08:45:00+00:00,161.98,162.17,161.58,162.17,122433.98
2025-07-13 09:00:00+00:00,162.17,162.44,162.14,162.19,81716.68
2025-07-13 09:15:00+00:00,162.19,162.21,161.73,161.97,59659.62
2025-07-13 09:30:00+00:00,161.97,161.97,161.5,161.78,95895.3
2025-07-13 09:45:00+00:00,161.78,161.89,161.58,161.84,54068.9
2025-07-13 10:00:00+00:00,161.83,162.04,161.82,161.84,61314.46
2025-07-13 10:15:00+00:00,161.85,161.9,161.63,161.73,49259.44
2025-07-13 10:30:00+00:00,161.73,161.87,161.58,161.81,59222.63
2025-07-13 10:45:00+00:00,161.81,161.89,161.53,161.75,58039.8
2025-07-13 11:00:00+00:00,161.76,162.52,161.76,162.45,133556.5
2025-07-13 11:15:00+00:00,162.46,162.68,162.08,162.41,123524.64
2025-07-13 11:30:00+00:00,162.4,162.41,161.71,161.77,189063.58
2025-07-13 11:45:00+00:00,161.77,162.02,161.67,161.99,92404.09
2025-07-13 12:00:00+00:00,161.98,162.05,161.75,161.86,94524.94
2025-07-13 12:15:00+00:00,161.86,162.22,161.79,162.1,81021.45
2025-07-13 12:30:00+00:00,162.1,162.1,161.7,162.1,109304.69
2025-07-13 12:45:00+00:00,162.1,162.8,161.87,162.57,234728.34
2025-07-13 13:00:00+00:00,162.57,162.75,161.85,162.0,207322.53
2025-07-13 13:15:00+00:00,161.99,162.26,161.87,162.08,98953.58
2025-07-13 13:30:00+00:00,162.08,162.65,162.06,162.57,127354.11
2025-07-13 13:45:00+00:00,162.57,162.92,162.35,162.82,159095.75
2025-07-13 14:00:00+00:00,162.83,163.21,162.56,162.99,173315.01
2025-07-13 14:15:00+00:00,162.99,164.12,162.95,163.81,537833.3
2025-07-13 14:30:00+00:00,163.81,163.81,162.81,162.89,229059.84
2025-07-13 14:45:00+00:00,162.89,163.35,162.25,162.72,352112.46
2025-07-13 15:00:00+00:00,162.72,163.35,162.33,163.2,186752.22
2025-07-13 15:15:00+00:00,163.21,163.41,162.58,162.9,146581.87
2025-07-13 15:30:00+00:00,162.89,162.89,161.81,162.09,247781.58
2025-07-13 15:45:00+00:00,162.09,162.21,161.78,161.94,134461.83
2025-07-13 16:00:00+00:00,161.95,162.36,161.57,161.87,244012.85
2025-07-13 16:15:00+00:00,161.87,162.38,161.8,162.04,117857.43
2025-07-13 16:30:00+00:00,162.04,162.04,161.52,161.68,128995.29
2025-07-13 16:45:00+00:00,161.69,161.69,160.79,160.85,350161.76
2025-07-13 17:00:00+00:00,160.85,161.32,160.5,161.12,345930.11
2025-07-13 17:15:00+00:00,161.12,161.83,161.02,161.76,157036.41
2025-07-13 17:30:00+00:00,161.75,162.38,161.7,162.26,159729.94
2025-07-13 17:45:00+00:00,162.26,162.74,162.25,162.62,100300.73
2025-07-13 18:00:00+00:00,162.62,162.87,162.3,162.58,145770.7
2025-07-13 18:15:00+00:00,162.59,163.17,162.55,163.0,152873.35
2025-07-13 18:30:00+00:00,163.0,163.21,162.67,162.8,120423.24
2025-07-13 18:45:00+00:00,162.8,163.13,162.57,162.98,81726.24
2025-07-13 19:00:00+00:00,162.99,163.04,162.65,162.83,87997.8
2025-07-13 19:15:00+00:00,162.83,163.35,162.71,163.21,84192.6
2025-07-13 19:30:00+00:00,163.21,163.49,162.85,162.92,158707.55
2025-07-13 19:45:00+00:00,162.92,163.18,162.43,162.46,114342.25
2025-07-13 20:00:00+00:00,162.45,162.62,161.88,162.37,176732.67
2025-07-13 20:15:00+00:00,162.38,162.84,162.37,162.8,82009.72
2025-07-13 20:30:00+00:00,162.8,163.02,162.74,162.76,78940.41
2025-07-13 20:45:00+00:00,162.76,162.81,162.37,162.51,61591.9
2025-07-13 21:00:00+00:00,162.51,162.51,161.91,161.96,83689.21
2025-07-13 21:15:00+00:00,161.95,162.0,161.69,161.85,83205.17
2025-07-13 21:30:00+00:00,161.85,161.85,159.98,160.83,389921.19
2025-07-13 21:45:00+00:00,160.83,161.23,160.3,160.47,160707.84
2025-07-13 22:00:00+00:00,160.47,160.69,159.71,160.07,326394.34
2025-07-13 22:15:00+00:00,160.06,160.4,159.55,160.01,189608.67
2025-07-13 22:30:00+00:00,160.02,160.99,159.99,160.88,148213.25
2025-07-13 22:45:00+00:00,160.87,160.99,160.6,160.69,89801.37
2025-07-13 23:00:00+00:00,160.69,161.0,160.28,160.56,119595.24
2025-07-13 23:15:00+00:00,160.56,160.9,160.2,160.34,141497.76
2025-07-13 23:30:00+00:00,160.34,160.95,160.33,160.78,95488.72
2025-07-13 23:45:00+00:00,160.78,161.38,160.76,161.04,178436.68
2025-07-14 00:00:00+00:00,161.05,161.2,160.53,161.17,125158.21
2025-07-14 00:15:00+00:00,161.18,161.84,161.04,161.42,154116.72
2025-07-14 00:30:00+00:00,161.41,162.22,161.16,162.14,138659.59
2025-07-14 00:45:00+00:00,162.13,162.22,161.38,161.56,138292.48
2025-07-14 01:00:00+00:00,161.56,162.11,161.41,161.79,92317.83
2025-07-14 01:15:00+00:00,161.79,162.2,161.72,161.83,122296.54
2025-07-14 01:30:00+00:00,161.84,162.69,161.66,162.41,152974.97
2025-07-14 01:45:00+00:00,162.41,162.81,162.08,162.73,100170.25
2025-07-14 02:00:00+00:00,162.72,163.35,162.53,163.28,165636.25
2025-07-14 02:15:00+00:00,163.28,164.4,163.22,164.13,443848.89
2025-07-14 02:30:00+00:00,164.13,164.6,163.77,164.48,303311.78
2025-07-14 02:45:00+00:00,164.48,165.5,164.41,164.84,459323.75
2025-07-14 03:00:00+00:00,164.85,165.77,164.64,165.62,312546.55
2025-07-14 03:15:00+00:00,165.63,166.53,165.5,166.31,451815.77
2025-07-14 03:30:00+00:00,166.3,168.27,166.03,168.13,842214.27
2025-07-14 03:45:00+00:00,168.13,168.18,166.7,167.08,513511.14
2025-07-14 04:00:00+00:00,167.07,167.64,166.73,167.35,475024.34
2025-07-14 04:15:00+00:00,167.35,167.9,167.28,167.32,237153.12
2025-07-14 04:30:00+00:00,167.32,167.76,167.07,167.62,328475.16
2025-07-14 04:45:00+00:00,167.62,167.77,167.34,167.46,181815.35
2025-07-14 05:00:00+00:00,167.45,168.11,166.83,167.6,426259.85
2025-07-14 05:15:00+00:00,167.6,168.63,167.03,168.38,581182.09
2025-07-14 05:30:00+00:00,168.38,168.66,166.74,166.86,476694.87
2025-07-14 05:45:00+00:00,166.86,167.2,165.29,166.76,595676.94
2025-07-14 06:00:00+00:00,166.76,166.8,165.5,165.9,321769.65
2025-07-14 06:15:00+00:00,165.89,166.42,165.81,166.25,249689.1
2025-07-14 06:30:00+00:00,166.25,166.25,165.75,165.95,129067.5
2025-07-14 06:45:00+00:00,165.96,166.05,165.28,165.67,167266.34
2025-07-14 07:00:00+00:00,165.67,166.31,165.62,166.17,188148.34
2025-07-14 07:15:00+00:00,166.17,166.24,165.64,165.91,147301.93
2025-07-14 07:30:00+00:00,165.9,166.96,165.85,166.55,348934.9
2025-07-14 07:45:00+00:00,166.55,169.76,166.3,167.21,646155.82
2025-07-14 08:00:00+00:00,167.22,167.43,166.46,166.57,303466.99
2025-07-14 08:15:00+00:00,166.56,166.98,166.0,166.24,211484.48
2025-07-14 08:30:00+00:00,166.23,166.71,166.17,166.68,133340.58
2025-07-14 08:45:00+00:00,166.68,167.5,166.37,167.43,204773.38
2025-07-14 09:00:00+00:00,167.44,167.84,167.01,167.34,227570.05
2025-07-14 09:15:00+00:00,167.35,167.76,167.03,167.16,180090.46
2025-07-14 09:30:00+00:00,167.16,168.1,167.07,167.79,190952.69
2025-07-14 09:45:00+00:00,167.79,168.11,167.22,167.33,182202.97
2025-07-14 10:00:00+00:00,167.34,167.34,166.41,167.19,337026.53
2025-07-14 10:15:00+00:00,167.19,167.43,166.85,167.31,139465.19
2025-07-14 10:30:00+00:00,167.31,167.62,166.9,167.2,197570.25
2025-07-14 10:45:00+00:00,167.19,167.6,167.02,167.51,148022.28
2025-07-14 11:00:00+00:00,167.51,167.64,167.02,167.27,197071.58
2025-07-14 11:15:00+00:00,167.27,167.4,166.62,166.83,191147.62
2025-07-14 11:30:00+00:00,166.83,167.05,166.24,167.04,234108.14
2025-07-14 11:45:00+00:00,167.04,167.22,166.51,166.51,154385.85
2025-07-14 12:00:00+00:00,166.5,167.36,166.36,167.26,154398.68
2025-07-14 12:15:00+00:00,167.25,167.38,166.61,166.89,180208.7
2025-07-14 12:30:00+00:00,166.9,167.09,166.43,166.85,126835.22
2025-07-14 12:45:00+00:00,166.84,166.94,166.47,166.89,98776.86
2025-07-14 13:00:00+00:00,166.89,167.51,166.82,167.31,156213.07
2025-07-14 13:15:00+00:00,167.31,167.46,166.51,166.89,125716.71
2025-07-14 13:30:00+00:00,166.89,167.12,166.14,167.11,322890.58
2025-07-14 13:45:00+00:00,167.11,168.5,167.1,167.89,596784.09
2025-07-14 14:00:00+00:00,167.89,168.64,167.29,168.14,352631.1
2025-07-14 14:15:00+00:00,168.14,168.56,166.46,167.06,463857.55
2025-07-14 14:30:00+00:00,167.06,167.11,165.73,166.4,574327.26
2025-07-14 14:45:00+00:00,166.41,166.73,165.39,166.69,488462.27
2025-07-14 15:00:00+00:00,166.69,166.69,164.85,165.41,666622.65
2025-07-14 15:15:00+00:00,165.41,165.48,164.45,165.14,423142.16
2025-07-14 15:30:00+00:00,165.14,165.18,164.42,164.83,215750.64
2025-07-14 15:45:00+00:00,164.82,164.87,163.0,163.91,725990.17
2025-07-14 16:00:00+00:00,163.9,164.06,163.25,163.4,327470.73
2025-07-14 16:15:00+00:00,163.39,164.82,163.29,164.68,504112.56
2025-07-14 16:30:00+00:00,164.68,165.0,164.19,164.57,228755.26
2025-07-14 16:45:00+00:00,164.57,165.29,164.24,165.17,228033.28
2025-07-14 17:00:00+00:00,165.17,165.18,164.61,164.73,204742.18
2025-07-14 17:15:00+00:00,164.73,164.82,163.87,163.99,281266.93
2025-07-14 17:30:00+00:00,163.99,164.36,163.45,163.62,226123.69
2025-07-14 17:45:00+00:00,163.62,164.28,163.55,164.28,126721.95
2025-07-14 18:00:00+00:00,164.28,164.35,163.73,164.18,138594.21
2025-07-14 18:15:00+00:00,164.18,164.47,163.73,164.09,164037.21
2025-07-14 18:30:00+00:00,164.09,164.28,163.03,163.91,155642.52
2025-07-14 18:45:00+00:00,163.9,163.94,162.52,162.69,336936.52
2025-07-14 19:00:00+00:00,162.7,163.5,162.37,163.14,231688.29
2025-07-14 19:15:00+00:00,163.15,163.66,162.85,163.51,126319.92
2025-07-14 19:30:00+00:00,163.51,164.04,163.51,163.73,123726.57
2025-07-14 19:45:00+00:00,163.72,164.24,163.52,164.22,129016.01
2025-07-14 20:00:00+00:00,164.22,164.22,162.71,162.74,218768.15
2025-07-14 20:15:00+00:00,162.73,163.01,161.76,162.96,335604.02
2025-07-14 20:30:00+00:00,162.97,163.38,162.79,163.31,150101.84
2025-07-14 20:45:00+00:00,163.3,163.48,162.88,162.89,105322.92
2025-07-14 21:00:00+00:00,162.88,162.88,162.33,162.42,145134.37
2025-07-14 21:15:00+00:00,162.42,162.74,162.17,162.54,126474.46
2025-07-14 21:30:00+00:00,162.54,162.75,162.41,162.54,73307.1
2025-07-14 21:45:00+00:00,162.54,162.74,162.07,162.42,114881.26
2025-07-14 22:00:00+00:00,162.43,162.43,161.68,162.04,176774.4
2025-07-14 22:15:00+00:00,162.04,162.52,161.91,162.44,80779.01
2025-07-14 22:30:00+00:00,162.44,162.62,162.22,162.55,65382.23
2025-07-14 22:45:00+00:00,162.54,162.69,162.19,162.21,61775.91
2025-07-14 23:00:00+00:00,162.21,162.24,161.89,162.03,126421.51
2025-07-14 23:15:00+00:00,162.03,162.03,161.57,161.89,106726.5
2025-07-14 23:30:00+00:00,161.89,162.15,161.75,162.13,73238.27
2025-07-14 23:45:00+00:00,162.13,162.35,162.01,162.13,68701.55
2025-07-15 00:00:00+00:00,162.12,162.17,161.8,161.84,95913.96
2025-07-15 00:15:00+00:00,161.84,162.82,161.77,162.65,126380.51
2025-07-15 00:30:00+00:00,162.65,162.66,161.05,161.55,238137.15
2025-07-15 00:45:00+00:00,161.54,161.69,161.04,161.32,204128.62
2025-07-15 01:00:00+00:00,161.31,161.34,160.41,160.68,365024.18
2025-07-15 01:15:00+00:00,160.68,161.37,160.22,160.95,307375.25
2025-07-15 01:30:00+00:00,160.94,161.9,160.81,161.84,187117.58
2025-07-15 01:45:00+00:00,161.83,162.38,160.63,161.03,336433.96
2025-07-15 02:00:00+00:00,161.02,161.49,160.75,160.99,205163.2
2025-07-15 02:15:00+00:00,160.99,161.1,159.14,159.3,557531.46
2025-07-15 02:30:00+00:00,159.31,160.41,159.01,160.41,383098.33
2025-07-15 02:45:00+00:00,160.4,160.7,160.29,160.47,167343.94
2025-07-15 03:00:00+00:00,160.46,160.62,158.51,159.01,474035.3
2025-07-15 03:15:00+00:00,159.01,159.29,158.04,159.17,490247.21
2025-07-15 03:30:00+00:00,159.17,159.57,158.54,159.32,297647.63
2025-07-15 03:45:00+00:00,159.33,159.55,158.62,159.06,184004.53
2025-07-15 04:00:00+00:00,159.06,159.23,158.19,159.19,281718.19
2025-07-15 04:15:00+00:00,159.19,159.98,159.19,159.8,239839.72
2025-07-15 04:30:00+00:00,159.81,160.13,159.36,160.01,217161.99
2025-07-15 04:45:00+00:00,160.01,160.15,159.68,160.0,176725.98
2025-07-15 05:00:00+00:00,160.01,160.47,159.97,160.39,183067.38
2025-07-15 05:15:00+00:00,160.4,160.4,160.11,160.31,95332.4
2025-07-15 05:30:00+00:00,160.31,160.32,159.76,159.95,141755.26
2025-07-15 05:45:00+00:00,159.95,160.25,159.72,160.17,81709.31
2025-07-15 06:00:00+00:00,160.16,160.79,159.95,160.44,226149.65
2025-07-15 06:15:00+00:00,160.44,160.64,160.2,160.37,108105.32
2025-07-15 06:30:00+00:00,160.38,160.58,160.05,160.37,119044.9
2025-07-15 06:45:00+00:00,160.37,160.54,159.98,160.32,124595.52
2025-07-15 07:00:00+00:00,160.32,160.63,160.08,160.14,118057.52
2025-07-15 07:15:00+00:00,160.14,160.5,159.94,160.39,70298.36
2025-07-15 07:30:00+00:00,160.4,160.4,159.85,159.99,112466.41
2025-07-15 07:45:00+00:00,160.0,160.07,159.27,159.46,281883.95
2025-07-15 08:00:00+00:00,159.46,159.53,159.13,159.14,154247.22
2025-07-15 08:15:00+00:00,159.13,159.18,158.31,159.1,337832.28
2025-07-15 08:30:00+00:00,159.1,159.57,158.88,159.36,152614.54
2025-07-15 08:45:00+00:00,159.37,159.51,159.0,159.15,116182.93
2025-07-15 09:00:00+00:00,159.14,159.68,159.09,159.64,106551.14
2025-07-15 09:15:00+00:00,159.64,159.83,159.13,159.68,142144.59
2025-07-15 09:30:00+00:00,159.67,159.86,159.44,159.48,78350.61
2025-07-15 09:45:00+00:00,159.48,159.64,158.97,159.03,80962.64
2025-07-15 10:00:00+00:00,159.03,159.51,158.99,159.21,76176.85
2025-07-15 10:15:00+00:00,159.22,159.72,159.17,159.61,78086.45
2025-07-15 10:30:00+00:00,159.6,159.74,159.22,159.64,76815.53
2025-07-15 10:45:00+00:00,159.64,159.78,159.39,159.46,76657.98
2025-07-15 11:00:00+00:00,159.47,160.09,159.4,159.74,149182.88
2025-07-15 11:15:00+00:00,159.74,159.75,158.86,159.09,217281.64
2025-07-15 11:30:00+00:00,159.08,159.28,158.86,159.24,102959.68
2025-07-15 11:45:00+00:00,159.25,159.87,158.95,159.79,121122.91
2025-07-15 12:00:00+00:00,159.78,160.01,159.3,159.38,158369.97
2025-07-15 12:15:00+00:00,159.39,159.53,158.82,159.03,138602.79
2025-07-15 12:30:00+00:00,159.04,161.0,158.23,158.62,826942.45
2025-07-15 12:45:00+00:00,158.63,159.92,158.62,159.84,247698.5
2025-07-15 13:00:00+00:00,159.84,160.91,159.65,160.86,412472.47
2025-07-15 13:15:00+00:00,160.87,161.04,160.25,160.76,322731.18
2025-07-15 13:30:00+00:00,160.77,161.0,159.85,160.8,383666.55
2025-07-15 13:45:00+00:00,160.8,161.98,160.59,161.17,631327.49
2025-07-15 14:00:00+00:00,161.17,162.13,160.95,162.03,299565.13
2025-07-15 14:15:00+00:00,162.03,162.06,160.93,161.19,364958.58
2025-07-15 14:30:00+00:00,161.19,161.29,158.86,159.33,568084.16
2025-07-15 14:45:00+00:00,159.34,159.49,157.11,157.68,991698.48
2025-07-15 15:00:00+00:00,157.69,158.42,157.2,158.26,498352.11
2025-07-15 15:15:00+00:00,158.26,158.95,158.16,158.88,242497.38
2025-07-15 15:30:00+00:00,158.89,159.91,158.53,159.6,310432.9
2025-07-15 15:45:00+00:00,159.59,160.88,159.58,160.4,444225.4
2025-07-15 16:00:00+00:00,160.39,161.4,160.19,160.82,414047.54
2025-07-15 16:15:00+00:00,160.81,161.09,160.27,160.56,233674.52
2025-07-15 16:30:00+00:00,160.56,161.53,160.56,161.43,189160.73
2025-07-15 16:45:00+00:00,161.44,161.5,160.72,160.9,191654.09
2025-07-15 17:00:00+00:00,160.9,161.38,160.78,161.2,120466.09
2025-07-15 17:15:00+00:00,161.2,162.12,161.06,161.99,225501.12
2025-07-15 17:30:00+00:00,161.98,162.11,161.59,162.08,175826.03
2025-07-15 17:45:00+00:00,162.08,162.83,162.06,162.77,334330.39
2025-07-15 18:00:00+00:00,162.78,162.97,162.21,162.77,333904.77
2025-07-15 18:15:00+00:00,162.77,163.66,162.43,162.95,555609.54
2025-07-15 18:30:00+00:00,162.95,162.98,160.73,161.53,652399.77
2025-07-15 18:45:00+00:00,161.53,162.4,161.36,161.78,268161.77
2025-07-15 19:00:00+00:00,161.78,162.81,161.59,162.56,212872.2
2025-07-15 19:15:00+00:00,162.56,162.59,161.74,162.0,164216.85
2025-07-15 19:30:00+00:00,162.01,162.15,160.42,160.56,279809.72
2025-07-15 19:45:00+00:00,160.56,160.69,159.86,160.14,303306.79
2025-07-15 20:00:00+00:00,160.13,160.85,159.62,160.75,243877.76
2025-07-15 20:15:00+00:00,160.75,161.06,160.19,160.86,149505.51
2025-07-15 20:30:00+00:00,160.85,161.21,160.38,160.65,131088.73
2025-07-15 20:45:00+00:00,160.65,160.81,160.49,160.64,55276.71
2025-07-15 21:00:00+00:00,160.64,161.41,160.49,161.39,91208.48
2025-07-15 21:15:00+00:00,161.4,161.78,161.22,161.71,99626.4
2025-07-15 21:30:00+00:00,161.71,162.62,161.6,162.18,144554.02
2025-07-15 21:45:00+00:00,162.19,162.43,161.75,161.87,129695.84
2025-07-15 22:00:00+00:00,161.88,162.03,161.3,161.64,136451.47
2025-07-15 22:15:00+00:00,161.64,162.1,161.55,161.83,81678.94
2025-07-15 22:30:00+00:00,161.82,162.19,161.43,162.11,81505.71
2025-07-15 22:45:00+00:00,162.11,162.5,161.97,162.5,71466.12
2025-07-15 23:00:00+00:00,162.5,164.12,162.49,163.68,509178.46
2025-07-15 23:15:00+00:00,163.68,164.26,163.68,163.8,176297.73
2025-07-15 23:30:00+00:00,163.81,164.17,163.51,164.07,116553.46
2025-07-15 23:45:00+00:00,164.06,164.11,163.73,163.99,110671.95
2025-07-16 00:00:00+00:00,163.99,164.11,163.54,163.65,185527.87
2025-07-16 00:15:00+00:00,163.64,164.63,163.6,164.49,274058.5
2025-07-16 00:30:00+00:00,164.49,165.14,164.31,165.12,260428.62
2025-07-16 00:45:00+00:00,165.13,165.29,164.57,164.76,224848.31
2025-07-16 01:00:00+00:00,164.76,164.83,164.32,164.4,177791.52
2025-07-16 01:15:00+00:00,164.4,164.66,164.36,164.44,109557.31
2025-07-16 01:30:00+00:00,164.44,164.65,164.03,164.2,136023.58
2025-07-16 01:45:00+00:00,164.21,164.25,163.78,163.95,168234.07
2025-07-16 02:00:00+00:00,163.95,164.14,163.32,163.53,201946.14
2025-07-16 02:15:00+00:00,163.53,163.69,162.24,162.35,353193.88
2025-07-16 02:30:00+00:00,162.35,162.48,161.5,161.66,286061.59
2025-07-16 02:45:00+00:00,161.66,162.35,161.66,162.1,147160.92
2025-07-16 03:00:00+00:00,162.11,162.41,161.88,161.93,143547.4
2025-07-16 03:15:00+00:00,161.92,162.59,161.92,162.35,126201.47
2025-07-16 03:30:00+00:00,162.35,162.78,162.34,162.77,100968.47
2025-07-16 03:45:00+00:00,162.76,162.78,162.43,162.53,57660.76
2025-07-16 04:00:00+00:00,162.52,162.66,161.75,161.86,126776.45
2025-07-16 04:15:00+00:00,161.85,162.72,161.85,162.66,132454.74
2025-07-16 04:30:00+00:00,162.66,162.92,162.51,162.64,110157.8
2025-07-16 04:45:00+00:00,162.64,162.71,162.21,162.5,84470.84
2025-07-16 05:00:00+00:00,162.5,163.31,162.5,163.26,221176.78
2025-07-16 05:15:00+00:00,163.25,163.26,162.84,163.03,106909.63
2025-07-16 05:30:00+00:00,163.03,163.55,162.99,163.41,94800.04
2025-07-16 05:45:00+00:00,163.41,163.57,162.96,163.17,88877.91
2025-07-16 06:00:00+00:00,163.18,163.22,162.61,162.62,140087.51
2025-07-16 06:15:00+00:00,162.63,163.48,162.62,163.25,102407.45
2025-07-16 06:30:00+00:00,163.24,163.79,163.08,163.68,141135.86
2025-07-16 06:45:00+00:00,163.67,164.13,163.56,164.12,148084.96
2025-07-16 07:00:00+00:00,164.13,164.27,163.6,163.71,185137.27
2025-07-16 07:15:00+00:00,163.71,164.13,163.69,164.07,102750.6
2025-07-16 07:30:00+00:00,164.06,164.65,163.95,164.37,182171.46
2025-07-16 07:45:00+00:00,164.36,164.42,164.01,164.02,123234.26
2025-07-16 08:00:00+00:00,164.02,164.21,163.8,163.88,149774.01
2025-07-16 08:15:00+00:00,163.88,164.38,163.84,164.32,89429.91
2025-07-16 08:30:00+00:00,164.33,165.13,164.31,165.12,204208.4
2025-07-16 08:45:00+00:00,165.12,165.63,164.89,165.5,269869.51
2025-07-16 09:00:00+00:00,165.5,166.63,165.48,166.63,454209.53
2025-07-16 09:15:00+00:00,166.62,167.59,166.6,167.11,802785.35
2025-07-16 09:30:00+00:00,167.12,167.5,166.6,166.81,684095.76
2025-07-16 09:45:00+00:00,166.81,167.31,165.99,167.27,658741.69
2025-07-16 10:00:00+00:00,167.28,167.48,167.01,167.25,229872.58
2025-07-16 10:15:00+00:00,167.26,167.49,166.9,166.91,239358.33
2025-07-16 10:30:00+00:00,166.91,167.23,166.6,166.64,253165.99
2025-07-16 10:45:00+00:00,166.64,166.7,166.0,166.04,418185.19
2025-07-16 11:00:00+00:00,166.03,166.55,166.02,166.53,260169.29
2025-07-16 11:15:00+00:00,166.52,166.57,166.04,166.22,133765.88
2025-07-16 11:30:00+00:00,166.22,166.52,166.08,166.49,169094.59
2025-07-16 11:45:00+00:00,166.5,166.88,166.27,166.66,194706.34
2025-07-16 12:00:00+00:00,166.67,167.25,166.53,166.88,239263.42
2025-07-16 12:15:00+00:00,166.89,167.29,166.81,167.17,132779.74
2025-07-16 12:30:00+00:00,167.18,167.54,166.63,167.34,311597.94
2025-07-16 12:45:00+00:00,167.33,167.46,166.61,166.62,220842.59
2025-07-16 13:00:00+00:00,166.61,167.25,166.25,166.82,430339.26
2025-07-16 13:15:00+00:00,166.83,167.18,166.77,167.08,125309.8
2025-07-16 13:30:00+00:00,167.09,167.31,166.16,166.35,266559.38
2025-07-16 13:45:00+00:00,166.36,167.3,166.25,167.28,253745.56
2025-07-16 14:00:00+00:00,167.28,167.39,166.69,166.75,341454.82
2025-07-16 14:15:00+00:00,166.74,167.25,166.61,167.24,211524.74
2025-07-16 14:30:00+00:00,167.24,167.95,167.07,167.58,694944.32
2025-07-16 14:45:00+00:00,167.58,168.01,167.07,167.53,736729.47
2025-07-16 15:00:00+00:00,167.53,168.17,167.39,167.53,604093.41
2025-07-16 15:15:00+00:00,167.53,167.53,166.08,167.27,685680.86
2025-07-16 15:30:00+00:00,167.28,167.41,165.34,166.56,613680.84
2025-07-16 15:45:00+00:00,166.56,168.82,166.36,168.42,720968.11
2025-07-16 16:00:00+00:00,168.41,170.91,168.33,170.32,1599962.02
2025-07-16 16:15:00+00:00,170.32,172.5,170.09,172.24,1362195.97
2025-07-16 16:30:00+00:00,172.23,173.28,171.34,171.79,873066.33
2025-07-16 16:45:00+00:00,171.8,172.69,171.47,172.53,425315.05
2025-07-16 17:00:00+00:00,172.52,173.07,172.26,172.47,454844.52
2025-07-16 17:15:00+00:00,172.47,172.93,172.17,172.63,302949.72
2025-07-16 17:30:00+00:00,172.62,172.75,172.03,172.73,261511.73
2025-07-16 17:45:00+00:00,172.73,174.63,172.63,173.63,964490.67
2025-07-16 18:00:00+00:00,173.63,174.67,173.41,173.79,494924.73
2025-07-16 18:15:00+00:00,173.8,174.67,173.6,174.51,397920.92
2025-07-16 18:30:00+00:00,174.5,174.74,174.26,174.35,225478.17
2025-07-16 18:45:00+00:00,174.36,174.42,172.96,173.38,543372.15
2025-07-16 19:00:00+00:00,173.39,173.56,172.54,172.83,304946.7
2025-07-16 19:15:00+00:00,172.83,174.11,172.78,173.89,263703.08
2025-07-16 19:30:00+00:00,173.88,173.89,172.92,173.68,257765.04
2025-07-16 19:45:00+00:00,173.69,174.48,173.4,174.13,300497.42
2025-07-16 20:00:00+00:00,174.13,174.77,173.74,174.56,355970.61
2025-07-16 20:15:00+00:00,174.56,174.87,174.1,174.4,251819.05
2025-07-16 20:30:00+00:00,174.4,175.08,174.01,174.78,442619.74
2025-07-16 20:45:00+00:00,174.79,174.88,174.24,174.66,174089.08
2025-07-16 21:00:00+00:00,174.65,175.8,174.34,175.25,330021.34
2025-07-16 21:15:00+00:00,175.26,176.0,174.8,175.71,383570.81
2025-07-16 21:30:00+00:00,175.7,175.73,173.9,174.24,322375.45
2025-07-16 21:45:00+00:00,174.24,174.75,174.16,174.45,111920.8
2025-07-16 22:00:00+00:00,174.45,175.44,174.45,175.39,276542.36
2025-07-16 22:15:00+00:00,175.38,175.85,175.15,175.17,226270.92
2025-07-16 22:30:00+00:00,175.17,175.47,174.33,174.72,303534.39
2025-07-16 22:45:00+00:00,174.72,174.74,173.43,173.82,444467.24
2025-07-16 23:00:00+00:00,173.81,173.97,173.1,173.37,302435.44
2025-07-16 23:15:00+00:00,173.37,173.56,172.4,173.35,438354.27
2025-07-16 23:30:00+00:00,173.36,173.9,172.72,173.89,263703.5
2025-07-16 23:45:00+00:00,173.88,173.91,173.38,173.64,146652.0
2025-07-17 00:00:00+00:00,173.65,174.25,173.24,174.07,196890.72
2025-07-17 00:15:00+00:00,174.07,174.91,174.03,174.53,223170.26
2025-07-17 00:30:00+00:00,174.54,174.88,174.01,174.48,136408.74
2025-07-17 00:45:00+00:00,174.48,174.7,173.0,173.01,241493.58
2025-07-17 01:00:00+00:00,173.0,173.38,172.41,173.37,315392.88
2025-07-17 01:15:00+00:00,173.38,173.39,171.57,172.56,436261.12
2025-07-17 01:30:00+00:00,172.56,172.69,171.34,171.76,324057.74
2025-07-17 01:45:00+00:00,171.75,171.93,169.52,171.48,831953.89
2025-07-17 02:00:00+00:00,171.48,172.06,171.19,171.49,241155.16
2025-07-17 02:15:00+00:00,171.49,172.1,171.38,171.6,138213.34
2025-07-17 02:30:00+00:00,171.61,171.65,170.92,171.04,181201.42
2025-07-17 02:45:00+00:00,171.03,171.64,170.16,171.35,244817.87
2025-07-17 03:00:00+00:00,171.35,171.45,170.15,170.23,174749.68
2025-07-17 03:15:00+00:00,170.22,170.6,169.0,169.25,370770.29
2025-07-17 03:30:00+00:00,169.25,169.68,168.71,169.32,371400.12
2025-07-17 03:45:00+00:00,169.31,169.82,169.13,169.55,244341.92
2025-07-17 04:00:00+00:00,169.54,170.35,169.25,170.13,190566.94
2025-07-17 04:15:00+00:00,170.12,170.62,169.95,170.55,175850.59
2025-07-17 04:30:00+00:00,170.56,171.0,170.54,170.83,145322.56
2025-07-17 04:45:00+00:00,170.82,171.32,170.68,171.29,155905.37
2025-07-17 05:00:00+00:00,171.29,171.29,170.39,170.63,184918.46
2025-07-17 05:15:00+00:00,170.63,171.64,170.62,171.6,159624.04
2025-07-17 05:30:00+00:00,171.6,171.86,171.19,171.78,254267.1
2025-07-17 05:45:00+00:00,171.79,172.11,171.52,171.94,212973.54
2025-07-17 06:00:00+00:00,171.94,172.5,171.53,171.72,302059.33
2025-07-17 06:15:00+00:00,171.72,173.23,171.25,173.01,473212.07
2025-07-17 06:30:00+00:00,173.0,173.39,172.54,173.25,422461.5
2025-07-17 06:45:00+00:00,173.25,174.0,173.22,173.81,430165.74
2025-07-17 07:00:00+00:00,173.8,173.84,171.8,172.16,513731.58
2025-07-17 07:15:00+00:00,172.17,172.56,171.69,172.18,198279.81
2025-07-17 07:30:00+00:00,172.18,173.5,172.17,173.45,341825.0
2025-07-17 07:45:00+00:00,173.46,174.12,173.3,173.99,306216.86
2025-07-17 08:00:00+00:00,173.99,174.09,173.23,173.38,259613.24
2025-07-17 08:15:00+00:00,173.38,173.5,173.04,173.42,146923.93
2025-07-17 08:30:00+00:00,173.42,173.48,172.62,173.33,213117.49
2025-07-17 08:45:00+00:00,173.33,173.75,172.8,173.66,227699.09
2025-07-17 09:00:00+00:00,173.66,175.58,173.44,174.92,680378.68
2025-07-17 09:15:00+00:00,174.93,176.0,174.62,175.73,371494.26
2025-07-17 09:30:00+00:00,175.72,177.55,175.54,177.32,739904.18
2025-07-17 09:45:00+00:00,177.32,178.17,176.88,177.16,668948.03
2025-07-17 10:00:00+00:00,177.15,177.81,175.82,176.71,704443.44
2025-07-17 10:15:00+00:00,176.7,177.34,176.06,176.22,329025.76
2025-07-17 10:30:00+00:00,176.21,176.93,175.62,175.86,401968.21
2025-07-17 10:45:00+00:00,175.87,176.85,175.87,176.34,262891.66
2025-07-17 11:00:00+00:00,176.34,176.8,175.88,176.4,256286.89
2025-07-17 11:15:00+00:00,176.41,176.63,175.71,175.88,412975.1
2025-07-17 11:30:00+00:00,175.89,176.27,175.14,175.99,357669.64
2025-07-17 11:45:00+00:00,175.98,176.49,175.48,176.14,236455.42
2025-07-17 12:00:00+00:00,176.14,176.6,174.58,175.63,598118.73
2025-07-17 12:15:00+00:00,175.62,176.11,174.72,174.83,375539.06
2025-07-17 12:30:00+00:00,174.84,177.39,174.82,177.23,621068.45
2025-07-17 12:45:00+00:00,177.23,177.56,176.73,176.74,412472.81
2025-07-17 13:00:00+00:00,176.74,176.97,175.46,175.7,455904.21
2025-07-17 13:15:00+00:00,175.7,175.9,174.94,175.46,378222.55
2025-07-17 13:30:00+00:00,175.46,175.58,173.68,173.81,658986.0
2025-07-17 13:45:00+00:00,173.8,174.77,172.67,174.31,938566.98
2025-07-17 14:00:00+00:00,174.3,174.86,173.72,174.28,470130.25
2025-07-17 14:15:00+00:00,174.28,174.7,173.41,174.65,273096.73
2025-07-17 14:30:00+00:00,174.65,175.3,174.35,174.5,325918.45
2025-07-17 14:45:00+00:00,174.5,175.2,174.49,174.83,212046.23
2025-07-17 15:00:00+00:00,174.84,175.12,173.03,173.08,409730.26
2025-07-17 15:15:00+00:00,173.08,174.2,172.77,173.55,310277.74
2025-07-17 15:30:00+00:00,173.55,174.52,173.47,174.48,172135.86
2025-07-17 15:45:00+00:00,174.47,174.51,173.76,174.09,187811.59
2025-07-17 16:00:00+00:00,174.08,174.4,172.96,173.2,292356.14
2025-07-17 16:15:00+00:00,173.2,173.29,172.11,172.4,452554.03
2025-07-17 16:30:00+00:00,172.4,172.94,171.15,172.36,688515.55
2025-07-17 16:45:00+00:00,172.36,172.95,172.15,172.83,185832.73
2025-07-17 17:00:00+00:00,172.82,173.24,172.61,173.13,219103.99
2025-07-17 17:15:00+00:00,173.12,173.15,172.54,172.9,149949.47
2025-07-17 17:30:00+00:00,172.91,173.15,172.21,172.99,126922.11
2025-07-17 17:45:00+00:00,172.98,174.37,172.77,174.17,448198.59
2025-07-17 18:00:00+00:00,174.18,174.44,173.52,173.63,233832.45
2025-07-17 18:15:00+00:00,173.62,174.36,173.51,174.31,188437.0
2025-07-17 18:30:00+00:00,174.3,174.72,173.79,173.97,275289.07
2025-07-17 18:45:00+00:00,173.98,174.75,173.85,174.73,263334.07
2025-07-17 19:00:00+00:00,174.73,175.12,174.71,175.02,156268.93
2025-07-17 19:15:00+00:00,175.02,175.36,174.83,175.12,154605.44
2025-07-17 19:30:00+00:00,175.12,175.35,174.45,174.67,217193.56
2025-07-17 19:45:00+00:00,174.67,174.68,172.75,173.0,528210.36
2025-07-17 20:00:00+00:00,173.01,173.27,171.28,172.33,577712.26
2025-07-17 20:15:00+00:00,172.32,173.0,171.54,172.66,254180.96
2025-07-17 20:30:00+00:00,172.66,173.59,172.58,173.18,200043.53
2025-07-17 20:45:00+00:00,173.19,173.65,172.84,173.42,180742.06
2025-07-17 21:00:00+00:00,173.43,175.6,173.4,175.56,575075.03
2025-07-17 21:15:00+00:00,175.56,176.49,175.27,175.94,626780.09
2025-07-17 21:30:00+00:00,175.95,176.38,173.51,175.69,535994.15
2025-07-17 21:45:00+00:00,175.69,176.32,175.21,175.45,322745.55
2025-07-17 22:00:00+00:00,175.46,177.1,175.24,176.89,336745.45
2025-07-17 22:15:00+00:00,176.89,177.4,175.69,175.78,309749.47
2025-07-17 22:30:00+00:00,175.77,176.18,175.67,175.78,206325.6
2025-07-17 22:45:00+00:00,175.78,176.54,174.83,175.44,306032.96
2025-07-17 23:00:00+00:00,175.43,175.93,175.16,175.57,158267.19
2025-07-17 23:15:00+00:00,175.57,176.86,175.57,176.81,279984.22
2025-07-17 23:30:00+00:00,176.81,176.81,175.69,176.12,248555.19
2025-07-17 23:45:00+00:00,176.11,176.46,175.44,175.82,198241.22
2025-07-18 00:00:00+00:00,175.81,176.85,175.22,175.54,340368.53
2025-07-18 00:15:00+00:00,175.55,177.81,175.53,177.52,375579.01
2025-07-18 00:30:00+00:00,177.53,179.26,177.29,179.25,612416.2
2025-07-18 00:45:00+00:00,179.26,179.88,178.85,179.76,494962.93
2025-07-18 01:00:00+00:00,179.77,181.25,178.88,181.1,683386.27
2025-07-18 01:15:00+00:00,181.1,181.12,179.15,179.98,788183.45
2025-07-18 01:30:00+00:00,179.97,180.49,179.37,179.53,344483.19
2025-07-18 01:45:00+00:00,179.52,180.89,179.16,180.64,438125.95
2025-07-18 02:00:00+00:00,180.64,180.67,178.86,179.25,397205.16
2025-07-18 02:15:00+00:00,179.25,179.92,178.9,179.9,215454.7
2025-07-18 02:30:00+00:00,179.89,180.0,179.22,179.31,239879.12
2025-07-18 02:45:00+00:00,179.31,179.84,179.05,179.68,128492.16
2025-07-18 03:00:00+00:00,179.69,180.49,179.6,180.32,261204.17
2025-07-18 03:15:00+00:00,180.32,181.09,179.85,179.98,503143.96
2025-07-18 03:30:00+00:00,179.97,181.07,179.77,181.03,309903.26
2025-07-18 03:45:00+00:00,181.03,181.03,180.25,180.83,209844.91
2025-07-18 04:00:00+00:00,180.83,180.87,179.89,180.23,240732.02
2025-07-18 04:15:00+00:00,180.23,182.05,180.19,181.52,582098.04
2025-07-18 04:30:00+00:00,181.51,181.93,181.35,181.53,325611.44
2025-07-18 04:45:00+00:00,181.53,182.06,181.32,181.92,347927.81
2025-07-18 05:00:00+00:00,181.93,185.0,181.28,184.54,1657437.23
2025-07-18 05:15:00+00:00,184.53,184.9,182.97,183.24,763529.11
2025-07-18 05:30:00+00:00,183.23,184.08,183.13,183.3,514365.55
2025-07-18 05:45:00+00:00,183.3,184.01,183.0,183.72,409106.68
2025-07-18 06:00:00+00:00,183.71,184.01,182.3,183.72,504891.02
2025-07-18 06:15:00+00:00,183.71,183.74,182.41,182.84,277491.86
2025-07-18 06:30:00+00:00,182.84,183.62,182.73,183.41,128052.04
2025-07-18 06:45:00+00:00,183.4,183.74,183.27,183.61,135206.7
2025-07-18 07:00:00+00:00,183.61,184.4,183.12,183.26,301550.9
2025-07-18 07:15:00+00:00,183.27,183.86,182.51,183.62,428057.23
2025-07-18 07:30:00+00:00,183.63,184.14,182.42,183.06,453693.76
2025-07-18 07:45:00+00:00,183.06,183.08,181.07,181.14,585905.25
2025-07-18 08:00:00+00:00,181.14,182.07,181.13,181.16,376901.13
2025-07-18 08:15:00+00:00,181.16,182.19,181.1,181.64,234081.96
2025-07-18 08:30:00+00:00,181.64,181.64,178.73,178.95,894792.03
2025-07-18 08:45:00+00:00,178.95,180.25,178.76,179.57,397153.26
2025-07-18 09:00:00+00:00,179.56,180.12,178.9,180.03,542279.72
2025-07-18 09:15:00+00:00,180.03,180.16,179.21,179.34,181847.16
2025-07-18 09:30:00+00:00,179.34,179.72,179.0,179.45,159688.04
2025-07-18 09:45:00+00:00,179.45,180.2,179.44,180.11,152335.0
2025-07-18 10:00:00+00:00,180.11,180.12,179.13,179.52,170360.3
2025-07-18 10:15:00+00:00,179.52,179.6,178.08,178.78,333559.09
2025-07-18 10:30:00+00:00,178.78,179.13,178.43,178.89,139654.76
2025-07-18 10:45:00+00:00,178.89,179.67,178.62,179.5,180899.62
2025-07-18 11:00:00+00:00,179.5,179.6,178.25,178.35,193665.51
2025-07-18 11:15:00+00:00,178.34,178.52,177.0,177.87,489972.7
2025-07-18 11:30:00+00:00,177.87,178.74,177.77,178.61,186891.38
2025-07-18 11:45:00+00:00,178.6,178.71,178.12,178.52,133949.42
2025-07-18 12:00:00+00:00,178.53,178.8,178.36,178.66,147447.11
2025-07-18 12:15:00+00:00,178.66,179.21,178.44,178.9,229933.89
2025-07-18 12:30:00+00:00,178.9,179.52,178.89,179.44,232390.31
2025-07-18 12:45:00+00:00,179.44,180.2,179.32,180.19,295757.51
2025-07-18 13:00:00+00:00,180.19,180.42,179.28,179.72,385859.4
2025-07-18 13:15:00+00:00,179.72,180.31,179.16,180.23,251590.56
2025-07-18 13:30:00+00:00,180.23,182.06,180.06,181.08,783231.22
2025-07-18 13:45:00+00:00,181.08,181.87,180.68,180.79,278334.96
2025-07-18 14:00:00+00:00,180.78,181.6,180.38,181.11,342971.49
2025-07-18 14:15:00+00:00,181.1,181.15,177.29,177.98,1240435.37
2025-07-18 14:30:00+00:00,177.98,178.45,176.71,177.93,738585.72
2025-07-18 14:45:00+00:00,177.92,179.07,177.9,178.5,372542.25
2025-07-18 15:00:00+00:00,178.5,178.81,177.12,177.18,304800.16
2025-07-18 15:15:00+00:00,177.19,177.63,175.36,176.21,975488.33
2025-07-18 15:30:00+00:00,176.2,176.61,174.87,176.03,530019.24
2025-07-18 15:45:00+00:00,176.02,177.1,175.56,177.0,378203.63
2025-07-18 16:00:00+00:00,176.99,177.78,176.58,176.63,376958.7
2025-07-18 16:15:00+00:00,176.63,178.35,176.14,178.06,349279.14
2025-07-18 16:30:00+00:00,178.07,179.07,177.41,178.82,354714.5
2025-07-18 16:45:00+00:00,178.82,179.09,177.9,178.37,200214.55
2025-07-18 17:00:00+00:00,178.38,178.44,177.66,178.03,227659.35
2025-07-18 17:15:00+00:00,178.02,178.99,177.98,178.83,236939.46
2025-07-18 17:30:00+00:00,178.82,179.1,178.25,178.47,169726.36
2025-07-18 17:45:00+00:00,178.47,178.71,178.17,178.47,94867.73
2025-07-18 18:00:00+00:00,178.47,178.5,177.61,177.8,197398.78
2025-07-18 18:15:00+00:00,177.79,178.56,177.48,178.49,151051.26
2025-07-18 18:30:00+00:00,178.48,178.8,178.04,178.19,141519.63
2025-07-18 18:45:00+00:00,178.19,178.54,177.66,177.93,141525.97
2025-07-18 19:00:00+00:00,177.92,178.15,176.58,176.83,424550.84
2025-07-18 19:15:00+00:00,176.84,178.52,176.84,177.91,205869.59
2025-07-18 19:30:00+00:00,177.91,177.96,176.91,176.95,160586.01
2025-07-18 19:45:00+00:00,176.95,177.04,176.12,176.92,228345.05
2025-07-18 20:00:00+00:00,176.93,177.09,175.46,175.94,329180.92
2025-07-18 20:15:00+00:00,175.94,176.39,174.0,174.2,582079.81
2025-07-18 20:30:00+00:00,174.21,174.63,173.136,174.55,621470.85
2025-07-18 20:45:00+00:00,174.55,175.76,174.41,175.26,333727.13
2025-07-18 21:00:00+00:00,175.26,176.48,175.14,176.41,234941.55
2025-07-18 21:15:00+00:00,176.41,176.81,176.11,176.32,194152.1
2025-07-18 21:30:00+00:00,176.33,176.85,176.19,176.81,126636.94
2025-07-18 21:45:00+00:00,176.82,176.98,175.72,175.91,191424.28
2025-07-18 22:00:00+00:00,175.91,175.96,174.81,175.49,196060.65
2025-07-18 22:15:00+00:00,175.49,176.76,175.37,176.58,201024.92
2025-07-18 22:30:00+00:00,176.59,176.95,176.3,176.41,135463.05
2025-07-18 22:45:00+00:00,176.4,176.62,175.55,175.88,164585.64
2025-07-18 23:00:00+00:00,175.88,176.78,175.07,176.51,220818.17
2025-07-18 23:15:00+00:00,176.51,177.26,176.24,176.85,210291.58
2025-07-18 23:30:00+00:00,176.84,177.33,176.82,177.17,121964.07
2025-07-18 23:45:00+00:00,177.17,177.5,177.03,177.21,128592.78
2025-07-19 00:00:00+00:00,177.22,177.39,176.9,177.17,144140.95
2025-07-19 00:15:00+00:00,177.16,177.25,176.83,177.11,85796.92
2025-07-19 00:30:00+00:00,177.1,177.34,176.16,176.55,187766.79
2025-07-19 00:45:00+00:00,176.56,176.62,175.05,175.15,232710.67
2025-07-19 01:00:00+00:00,175.16,175.27,173.94,175.22,329668.32
2025-07-19 01:15:00+00:00,175.22,176.38,175.15,176.35,145639.79
2025-07-19 01:30:00+00:00,176.35,176.67,176.0,176.43,113554.94
2025-07-19 01:45:00+00:00,176.43,176.75,176.08,176.59,67843.25
2025-07-19 02:00:00+00:00,176.59,176.69,175.65,176.44,109514.54
2025-07-19 02:15:00+00:00,176.44,176.8,175.96,176.15,94928.65
2025-07-19 02:30:00+00:00,176.16,177.15,176.14,177.11,109425.17
2025-07-19 02:45:00+00:00,177.11,177.26,176.96,177.13,133135.51
2025-07-19 03:00:00+00:00,177.13,177.54,177.01,177.44,219276.17
2025-07-19 03:15:00+00:00,177.45,177.49,177.25,177.39,94873.21
2025-07-19 03:30:00+00:00,177.38,177.72,177.29,177.54,109334.73
2025-07-19 03:45:00+00:00,177.55,177.59,176.86,177.44,163719.46
2025-07-19 04:00:00+00:00,177.45,177.68,177.22,177.58,113706.04
2025-07-19 04:15:00+00:00,177.57,177.59,177.23,177.34,81003.76
2025-07-19 04:30:00+00:00,177.35,177.64,177.08,177.11,117196.46
2025-07-19 04:45:00+00:00,177.12,177.44,177.01,177.3,87036.92
2025-07-19 05:00:00+00:00,177.3,177.39,176.77,177.03,190752.88
2025-07-19 05:15:00+00:00,177.03,177.69,176.86,177.61,170564.88
2025-07-19 05:30:00+00:00,177.61,177.79,177.25,177.54,202471.62
2025-07-19 05:45:00+00:00,177.54,177.6,177.2,177.52,56646.19
2025-07-19 06:00:00+00:00,177.52,177.63,177.26,177.27,76281.3
2025-07-19 06:15:00+00:00,177.26,177.46,176.53,176.56,117868.93
2025-07-19 06:30:00+00:00,176.56,176.92,176.22,176.37,150132.77
2025-07-19 06:45:00+00:00,176.37,176.74,176.1,176.26,123735.96
2025-07-19 07:00:00+00:00,176.25,176.75,176.13,176.59,107368.6
2025-07-19 07:15:00+00:00,176.59,177.34,176.37,177.0,105470.51
2025-07-19 07:30:00+00:00,177.0,177.01,176.5,176.8,71004.89
2025-07-19 07:45:00+00:00,176.79,177.16,176.79,176.98,46777.24
2025-07-19 08:00:00+00:00,176.98,177.14,176.13,176.18,125808.45
2025-07-19 08:15:00+00:00,176.18,176.31,175.6,175.99,162111.99
2025-07-19 08:30:00+00:00,176.0,176.03,175.35,175.76,149376.36
2025-07-19 08:45:00+00:00,175.77,176.16,175.51,176.0,69249.31
2025-07-19 09:00:00+00:00,176.0,176.41,175.78,176.01,57805.12
2025-07-19 09:15:00+00:00,176.0,176.5,175.97,176.32,55605.36
2025-07-19 09:30:00+00:00,176.33,176.87,176.19,176.71,74241.0
2025-07-19 09:45:00+00:00,176.7,177.0,176.47,176.67,74820.74
2025-07-19 10:00:00+00:00,176.67,176.83,176.43,176.7,62727.26
2025-07-19 10:15:00+00:00,176.69,177.06,176.61,177.01,68591.42
2025-07-19 10:30:00+00:00,177.02,177.57,177.0,177.53,112708.81
2025-07-19 10:45:00+00:00,177.53,177.64,177.23,177.37,114753.92
2025-07-19 11:00:00+00:00,177.37,177.79,176.57,176.66,148611.31
2025-07-19 11:15:00+00:00,176.67,177.46,176.16,177.39,235495.24
2025-07-19 11:30:00+00:00,177.39,177.52,177.02,177.19,80187.24
2025-07-19 11:45:00+00:00,177.18,177.19,176.33,176.58,115558.78
2025-07-19 12:00:00+00:00,176.57,176.76,175.74,175.9,196239.32
2025-07-19 12:15:00+00:00,175.9,176.52,175.66,176.15,168892.04
2025-07-19 12:30:00+00:00,176.14,176.51,175.81,176.31,77020.51
2025-07-19 12:45:00+00:00,176.3,177.42,176.11,177.35,149600.48
2025-07-19 13:00:00+00:00,177.34,177.77,176.91,177.75,198896.77
2025-07-19 13:15:00+00:00,177.75,177.85,177.15,177.49,158140.59
2025-07-19 13:30:00+00:00,177.49,177.78,177.4,177.65,89555.25
2025-07-19 13:45:00+00:00,177.64,177.84,177.03,177.46,151034.73
2025-07-19 14:00:00+00:00,177.47,177.87,176.43,176.6,228005.41
2025-07-19 14:15:00+00:00,176.59,177.07,175.95,176.09,207662.92
2025-07-19 14:30:00+00:00,176.09,176.44,175.59,176.0,310775.06
2025-07-19 14:45:00+00:00,176.01,176.25,174.73,175.0,304467.93
2025-07-19 15:00:00+00:00,174.99,175.84,174.83,175.6,213429.61
2025-07-19 15:15:00+00:00,175.61,176.58,175.6,176.52,182121.46
2025-07-19 15:30:00+00:00,176.52,177.44,176.17,177.43,294032.73
2025-07-19 15:45:00+00:00,177.44,177.45,176.95,177.37,164706.09
2025-07-19 16:00:00+00:00,177.37,177.37,176.43,177.09,195422.38
2025-07-19 16:15:00+00:00,177.1,177.83,176.93,177.59,211467.35
2025-07-19 16:30:00+00:00,177.59,177.87,177.43,177.67,188840.61
2025-07-19 16:45:00+00:00,177.67,177.81,177.33,177.54,122808.39
2025-07-19 17:00:00+00:00,177.55,177.81,177.13,177.22,123535.3
2025-07-19 17:15:00+00:00,177.22,177.46,176.88,176.99,106565.34
2025-07-19 17:30:00+00:00,176.98,177.08,176.48,176.57,118842.09
2025-07-19 17:45:00+00:00,176.58,176.83,176.11,176.31,104935.56
2025-07-19 18:00:00+00:00,176.32,177.23,176.15,177.0,161773.74
2025-07-19 18:15:00+00:00,177.0,177.52,176.63,177.36,110639.6
2025-07-19 18:30:00+00:00,177.36,177.43,177.01,177.07,49142.04
2025-07-19 18:45:00+00:00,177.06,177.17,176.7,176.81,67483.87
2025-07-19 19:00:00+00:00,176.82,177.13,176.18,176.53,97612.63
2025-07-19 19:15:00+00:00,176.53,177.16,176.41,177.15,99282.84
2025-07-19 19:30:00+00:00,177.14,178.1,176.95,177.69,261073.73
2025-07-19 19:45:00+00:00,177.69,177.69,176.44,177.04,252638.61
2025-07-19 20:00:00+00:00,177.04,177.83,176.96,177.68,153127.27
2025-07-19 20:15:00+00:00,177.68,177.88,177.34,177.8,82479.67
2025-07-19 20:30:00+00:00,177.79,177.95,177.65,177.79,77049.2
2025-07-19 20:45:00+00:00,177.79,178.62,177.42,177.42,1402559.66
2025-07-19 21:00:00+00:00,177.42,177.79,175.74,175.94,341409.32
2025-07-19 21:15:00+00:00,175.93,176.29,175.11,176.09,382013.54
2025-07-19 21:30:00+00:00,176.09,176.09,175.17,175.2,193885.54
2025-07-19 21:45:00+00:00,175.19,176.12,175.05,175.89,104732.23
2025-07-19 22:00:00+00:00,175.89,175.89,175.26,175.72,129060.71
2025-07-19 22:15:00+00:00,175.72,176.35,175.69,175.87,119255.26
2025-07-19 22:30:00+00:00,175.88,176.26,175.61,176.21,71370.62
2025-07-19 22:45:00+00:00,176.21,176.54,175.91,176.37,93169.47
2025-07-19 23:00:00+00:00,176.37,176.75,176.24,176.65,102468.29
2025-07-19 23:15:00+00:00,176.65,176.65,176.15,176.37,62331.65
2025-07-19 23:30:00+00:00,176.37,176.9,176.37,176.85,83055.12
2025-07-19 23:45:00+00:00,176.85,177.08,176.58,176.93,105863.36
2025-07-20 00:00:00+00:00,176.93,177.05,176.3,176.66,102896.67
2025-07-20 00:15:00+00:00,176.66,177.25,176.51,176.78,97477.52
2025-07-20 00:30:00+00:00,176.78,177.49,176.68,177.22,80111.01
2025-07-20 00:45:00+00:00,177.21,177.93,177.17,177.65,143055.0
2025-07-20 01:00:00+00:00,177.65,179.71,177.58,179.27,1978510.25
2025-07-20 01:15:00+00:00,179.27,179.78,178.82,179.17,2283694.39
2025-07-20 01:30:00+00:00,179.18,179.64,178.13,178.78,2741198.1
2025-07-20 01:45:00+00:00,178.79,178.92,177.73,177.86,926915.06
2025-07-20 02:00:00+00:00,177.85,177.88,177.23,177.71,233136.14
2025-07-20 02:15:00+00:00,177.71,177.95,177.03,177.08,146522.84
2025-07-20 02:30:00+00:00,177.08,177.81,176.95,177.47,116674.27
2025-07-20 02:45:00+00:00,177.46,177.9,177.15,177.52,94685.95
2025-07-20 03:00:00+00:00,177.52,177.69,177.13,177.5,108210.38
2025-07-20 03:15:00+00:00,177.49,178.09,177.13,177.99,106666.64
2025-07-20 03:30:00+00:00,177.99,178.77,177.94,178.23,332182.29
2025-07-20 03:45:00+00:00,178.24,178.33,177.82,177.93,132093.66
2025-07-20 04:00:00+00:00,177.93,178.13,177.47,177.69,110827.49
2025-07-20 04:15:00+00:00,177.69,178.36,177.54,178.3,115051.92
2025-07-20 04:30:00+00:00,178.3,178.53,177.53,177.62,133959.95
2025-07-20 04:45:00+00:00,177.63,177.87,177.43,177.55,98851.34
2025-07-20 05:00:00+00:00,177.56,177.68,177.06,177.29,81231.77
2025-07-20 05:15:00+00:00,177.29,177.41,177.09,177.2,83903.16
2025-07-20 05:30:00+00:00,177.21,177.82,177.19,177.77,66492.7
2025-07-20 05:45:00+00:00,177.77,177.98,177.58,177.77,87903.83
2025-07-20 06:00:00+00:00,177.77,177.78,177.28,177.3,80265.08
2025-07-20 06:15:00+00:00,177.29,177.44,176.9,177.17,97820.5
2025-07-20 06:30:00+00:00,177.17,177.43,176.98,177.32,82945.11
2025-07-20 06:45:00+00:00,177.32,177.57,177.24,177.31,55887.41
2025-07-20 07:00:00+00:00,177.31,177.9,177.2,177.73,126365.51
2025-07-20 07:15:00+00:00,177.73,178.5,177.73,178.46,151939.31
2025-07-20 07:30:00+00:00,178.45,178.65,177.99,178.53,338160.86
2025-07-20 07:45:00+00:00,178.54,178.64,177.83,177.91,236991.9
2025-07-20 08:00:00+00:00,177.91,178.47,177.91,178.37,194792.55
2025-07-20 08:15:00+00:00,178.38,179.17,178.37,179.01,206399.7
2025-07-20 08:30:00+00:00,179.01,179.79,178.76,179.78,284947.47
2025-07-20 08:45:00+00:00,179.79,180.72,179.49,180.7,510508.67
2025-07-20 09:00:00+00:00,180.69,181.58,180.23,180.37,628234.39
2025-07-20 09:15:00+00:00,180.37,181.16,179.62,179.83,281599.64
2025-07-20 09:30:00+00:00,179.83,180.53,179.82,180.34,161513.54
2025-07-20 09:45:00+00:00,180.33,180.53,179.75,179.76,168887.87
2025-07-20 10:00:00+00:00,179.76,180.07,179.51,179.73,195807.73
2025-07-20 10:15:00+00:00,179.73,180.46,179.56,180.34,160897.25
2025-07-20 10:30:00+00:00,180.34,180.36,179.92,179.94,89605.8
2025-07-20 10:45:00+00:00,179.93,180.08,179.42,179.61,144246.91
2025-07-20 11:00:00+00:00,179.6,179.96,179.51,179.64,91841.14
2025-07-20 11:15:00+00:00,179.63,180.16,179.31,180.03,174978.53
2025-07-20 11:30:00+00:00,180.04,180.47,179.96,180.47,131405.26
2025-07-20 11:45:00+00:00,180.46,181.03,180.23,180.43,328397.77
2025-07-20 12:00:00+00:00,180.43,180.56,180.0,180.18,163758.26
2025-07-20 12:15:00+00:00,180.18,180.87,179.94,180.56,181406.8
2025-07-20 12:30:00+00:00,180.57,181.43,180.3,180.8,299683.76
2025-07-20 12:45:00+00:00,180.81,181.97,180.61,181.79,376657.57
2025-07-20 13:00:00+00:00,181.79,182.6,181.57,182.56,369783.6
2025-07-20 13:15:00+00:00,182.56,182.74,181.64,181.67,284169.02
2025-07-20 13:30:00+00:00,181.67,182.75,181.66,182.71,285312.75
2025-07-20 13:45:00+00:00,182.7,183.17,182.28,183.04,343198.03
2025-07-20 14:00:00+00:00,183.02,183.09,181.43,182.19,537545.93
2025-07-20 14:15:00+00:00,182.19,182.49,181.71,181.83,219971.68
2025-07-20 14:30:00+00:00,181.83,182.21,181.62,181.94,143482.7
2025-07-20 14:45:00+00:00,181.95,182.0,180.69,180.8,733380.41
2025-07-20 15:00:00+00:00,180.8,181.14,180.03,181.09,537092.95
2025-07-20 15:15:00+00:00,181.09,181.21,180.41,181.13,210847.02
2025-07-20 15:30:00+00:00,181.13,181.51,180.95,181.14,205003.38
2025-07-20 15:45:00+00:00,181.14,182.0,181.04,181.92,173584.48
2025-07-20 16:00:00+00:00,181.93,182.92,181.76,182.48,405073.72
2025-07-20 16:15:00+00:00,182.48,183.1,181.62,182.83,345833.24
2025-07-20 16:30:00+00:00,182.83,183.25,182.32,182.94,304717.17
2025-07-20 16:45:00+00:00,182.93,183.22,181.86,182.08,296702.29
2025-07-20 17:00:00+00:00,182.08,182.08,180.2,181.1,598494.95
2025-07-20 17:15:00+00:00,181.1,181.62,180.25,180.96,361792.05
2025-07-20 17:30:00+00:00,180.96,181.53,180.23,180.99,213511.58
2025-07-20 17:45:00+00:00,180.99,181.3,180.3,180.53,279709.6
2025-07-20 18:00:00+00:00,180.52,181.13,180.31,180.55,157298.8
2025-07-20 18:15:00+00:00,180.55,180.94,180.13,180.77,172181.44
2025-07-20 18:30:00+00:00,180.77,181.38,180.21,181.18,198018.27
2025-07-20 18:45:00+00:00,181.18,182.58,181.17,182.2,203880.42
2025-07-20 19:00:00+00:00,182.19,183.67,182.04,183.13,381133.66
2025-07-20 19:15:00+00:00,183.14,183.36,182.13,182.37,215353.61
2025-07-20 19:30:00+00:00,182.37,182.39,181.66,181.7,169773.65
2025-07-20 19:45:00+00:00,181.71,182.24,181.61,181.95,106060.84
2025-07-20 20:00:00+00:00,181.94,182.08,180.41,181.03,352437.58
2025-07-20 20:15:00+00:00,181.03,181.33,180.65,181.17,138756.1
2025-07-20 20:30:00+00:00,181.17,181.87,181.03,181.87,77963.16
2025-07-20 20:45:00+00:00,181.86,182.22,181.18,181.22,121093.81
2025-07-20 21:00:00+00:00,181.23,181.42,180.62,181.11,149683.91
2025-07-20 21:15:00+00:00,181.1,181.95,180.7,181.6,123271.74
2025-07-20 21:30:00+00:00,181.59,182.05,181.27,181.51,80198.27
2025-07-20 21:45:00+00:00,181.51,182.31,181.47,182.27,90065.27
2025-07-20 22:00:00+00:00,182.28,182.36,177.96,179.22,788395.86
2025-07-20 22:15:00+00:00,179.21,179.79,177.61,179.74,759904.11
2025-07-20 22:30:00+00:00,179.75,180.69,179.13,180.56,265205.89
2025-07-20 22:45:00+00:00,180.57,180.97,180.28,180.46,175529.76
2025-07-20 23:00:00+00:00,180.46,180.46,179.37,180.0,291439.1
2025-07-20 23:15:00+00:00,180.01,180.87,179.88,180.43,130623.17
2025-07-20 23:30:00+00:00,180.44,181.4,180.19,181.17,210053.14
2025-07-20 23:45:00+00:00,181.17,181.64,180.71,181.42,167769.87
2025-07-21 00:00:00+00:00,181.42,181.74,179.68,179.83,306939.57
2025-07-21 00:15:00+00:00,179.84,180.08,178.77,179.56,396584.67
2025-07-21 00:30:00+00:00,179.56,179.66,178.36,179.07,354566.92
2025-07-21 00:45:00+00:00,179.06,180.23,178.7,180.23,238408.23
2025-07-21 01:00:00+00:00,180.23,180.54,179.48,179.61,200243.2
2025-07-21 01:15:00+00:00,179.61,180.05,179.27,179.61,143363.54
2025-07-21 01:30:00+00:00,179.61,179.67,178.18,179.25,392876.55
2025-07-21 01:45:00+00:00,179.25,180.29,179.09,180.07,179020.46
2025-07-21 02:00:00+00:00,180.07,180.9,180.05,180.66,230267.76
2025-07-21 02:15:00+00:00,180.67,182.17,180.46,182.0,318549.79
2025-07-21 02:30:00+00:00,182.0,183.15,181.61,182.38,448428.9
2025-07-21 02:45:00+00:00,182.37,184.72,182.07,184.37,795577.32
2025-07-21 03:00:00+00:00,184.36,186.43,183.92,185.52,1279832.13
2025-07-21 03:15:00+00:00,185.52,186.0,185.1,185.64,296665.89
2025-07-21 03:30:00+00:00,185.65,186.32,185.55,185.87,275003.78
2025-07-21 03:45:00+00:00,185.88,187.11,185.76,186.72,687241.09
2025-07-21 04:00:00+00:00,186.71,187.29,186.06,186.3,356060.2
2025-07-21 04:15:00+00:00,186.3,186.88,186.02,186.33,247643.41
2025-07-21 04:30:00+00:00,186.32,186.65,186.02,186.14,144935.25
2025-07-21 04:45:00+00:00,186.14,186.79,185.75,185.77,239822.59
2025-07-21 05:00:00+00:00,185.77,186.11,185.22,185.37,229274.83
2025-07-21 05:15:00+00:00,185.37,185.66,185.07,185.39,161350.13
2025-07-21 05:30:00+00:00,185.39,187.18,185.31,186.87,396583.29
2025-07-21 05:45:00+00:00,186.88,189.0,186.79,188.31,753835.02
2025-07-21 06:00:00+00:00,188.31,188.96,187.91,188.63,388117.54
2025-07-21 06:15:00+00:00,188.62,189.57,188.52,189.12,502341.46
2025-07-21 06:30:00+00:00,189.13,189.51,188.58,188.8,407722.36
2025-07-21 06:45:00+00:00,188.79,189.84,188.45,189.28,445622.27
2025-07-21 07:00:00+00:00,189.28,189.88,189.2,189.58,285298.89
2025-07-21 07:15:00+00:00,189.57,189.94,189.14,189.63,274091.54
2025-07-21 07:30:00+00:00,189.64,190.14,189.41,190.0,329183.88
2025-07-21 07:45:00+00:00,190.01,191.1,189.54,190.1,550333.08
2025-07-21 08:00:00+00:00,190.09,191.04,189.73,190.32,369930.84
2025-07-21 08:15:00+00:00,190.31,191.47,190.07,191.18,372808.92
2025-07-21 08:30:00+00:00,191.17,192.12,190.48,190.73,751636.74
2025-07-21 08:45:00+00:00,190.73,191.06,189.68,190.89,656307.8
2025-07-21 09:00:00+00:00,190.89,191.29,190.4,190.71,250789.3
2025-07-21 09:15:00+00:00,190.72,190.95,190.22,190.54,205458.26
2025-07-21 09:30:00+00:00,190.54,191.8,190.1,190.64,515666.6
2025-07-21 09:45:00+00:00,190.65,191.85,190.1,191.7,366770.31
2025-07-21 10:00:00+00:00,191.69,192.08,190.91,191.86,405869.92
2025-07-21 10:15:00+00:00,191.85,192.04,190.93,191.38,324308.43
2025-07-21 10:30:00+00:00,191.38,191.88,191.14,191.23,297410.3
2025-07-21 10:45:00+00:00,191.22,191.7,190.96,191.39,343314.04
2025-07-21 11:00:00+00:00,191.38,192.11,190.86,191.73,395477.21
2025-07-21 11:15:00+00:00,191.74,193.27,191.24,192.9,601191.92
2025-07-21 11:30:00+00:00,192.9,192.9,191.25,191.32,458648.74
2025-07-21 11:45:00+00:00,191.33,192.0,191.33,191.58,182370.08
2025-07-21 12:00:00+00:00,191.58,191.88,190.4,190.93,612534.63
2025-07-21 12:15:00+00:00,190.92,191.68,190.77,191.5,275059.57
2025-07-21 12:30:00+00:00,191.51,191.57,190.71,191.22,178649.98
2025-07-21 12:45:00+00:00,191.23,192.0,191.21,191.66,202314.26
2025-07-21 13:00:00+00:00,191.67,191.95,190.32,190.8,397823.59
2025-07-21 13:15:00+00:00,190.81,191.72,190.81,191.66,184466.35
2025-07-21 13:30:00+00:00,191.66,193.13,191.53,192.69,459849.07
2025-07-21 13:45:00+00:00,192.69,193.62,192.39,192.55,546973.42
2025-07-21 14:00:00+00:00,192.56,192.99,191.42,192.52,396867.2
2025-07-21 14:15:00+00:00,192.52,193.48,192.34,193.43,431529.68
2025-07-21 14:30:00+00:00,193.43,194.97,193.2,194.74,785037.89
2025-07-21 14:45:00+00:00,194.74,195.53,194.29,195.41,763494.16
2025-07-21 15:00:00+00:00,195.4,198.22,195.32,197.61,1852193.24
2025-07-21 15:15:00+00:00,197.61,199.48,196.89,196.95,1266948.31
2025-07-21 15:30:00+00:00,196.94,197.58,195.21,195.86,833162.71
2025-07-21 15:45:00+00:00,195.85,198.31,195.62,196.88,842231.22
2025-07-21 16:00:00+00:00,196.89,197.13,194.7,195.04,844536.72
2025-07-21 16:15:00+00:00,195.04,195.32,193.0,195.31,1376790.83
2025-07-21 16:30:00+00:00,195.3,196.44,194.9,195.47,624264.95
2025-07-21 16:45:00+00:00,195.48,195.86,194.31,195.25,400458.3
2025-07-21 17:00:00+00:00,195.25,195.9,194.7,195.63,251215.93
2025-07-21 17:15:00+00:00,195.62,196.78,195.18,195.51,448139.1
2025-07-21 17:30:00+00:00,195.52,196.58,194.79,194.93,299310.12
2025-07-21 17:45:00+00:00,194.92,196.4,194.58,196.27,358991.08
2025-07-21 18:00:00+00:00,196.27,197.42,195.97,196.51,298745.63
2025-07-21 18:15:00+00:00,196.52,197.01,195.73,196.36,232734.59
2025-07-21 18:30:00+00:00,196.36,196.56,194.24,194.65,392932.85
2025-07-21 18:45:00+00:00,194.64,194.64,193.44,193.82,636706.32
2025-07-21 19:00:00+00:00,193.81,195.56,193.55,195.28,372170.18
2025-07-21 19:15:00+00:00,195.27,195.59,193.74,194.0,286436.44
2025-07-21 19:30:00+00:00,194.01,194.78,193.05,193.57,538463.16
2025-07-21 19:45:00+00:00,193.56,194.86,193.12,194.69,420259.78
2025-07-21 20:00:00+00:00,194.69,196.4,193.71,196.03,555109.53
2025-07-21 20:15:00+00:00,196.02,196.62,195.5,195.83,285754.6
2025-07-21 20:30:00+00:00,195.84,196.42,195.55,195.75,240362.81
2025-07-21 20:45:00+00:00,195.75,196.1,193.81,193.92,357919.38
2025-07-21 21:00:00+00:00,193.92,195.0,193.65,194.68,217347.28
2025-07-21 21:15:00+00:00,194.69,195.7,194.49,195.46,138157.68
2025-07-21 21:30:00+00:00,195.47,195.78,194.63,195.78,142624.45
2025-07-21 21:45:00+00:00,195.78,196.69,195.75,196.15,199413.11
2025-07-21 22:00:00+00:00,196.14,196.82,195.56,196.81,156461.31
2025-07-21 22:15:00+00:00,196.82,196.82,196.1,196.38,133943.03
2025-07-21 22:30:00+00:00,196.38,197.23,196.32,197.21,152799.39
2025-07-21 22:45:00+00:00,197.21,197.88,196.75,197.32,267462.44
2025-07-21 23:00:00+00:00,197.32,197.52,196.34,196.68,306797.35
2025-07-21 23:15:00+00:00,196.69,197.06,196.36,196.53,135639.14
2025-07-21 23:30:00+00:00,196.53,196.97,196.14,196.26,123112.49
2025-07-21 23:45:00+00:00,196.26,196.56,195.55,195.75,140192.29
2025-07-22 00:00:00+00:00,195.75,197.5,195.75,197.34,291001.89
2025-07-22 00:15:00+00:00,197.34,199.2,197.24,198.84,610657.87
2025-07-22 00:30:00+00:00,198.84,198.84,196.5,197.01,504905.36
2025-07-22 00:45:00+00:00,197.0,198.47,196.85,197.64,361164.1
2025-07-22 01:00:00+00:00,197.63,197.93,194.43,195.21,817122.83
2025-07-22 01:15:00+00:00,195.21,199.69,193.74,199.46,1609679.47
2025-07-22 01:30:00+00:00,199.46,202.4,198.75,200.47,1716931.77
2025-07-22 01:45:00+00:00,200.46,202.5,200.26,202.14,707172.86
2025-07-22 02:00:00+00:00,202.14,203.86,201.65,203.61,1282611.06
2025-07-22 02:15:00+00:00,203.62,204.76,202.51,203.56,739400.79
2025-07-22 02:30:00+00:00,203.56,204.4,202.05,202.94,557874.97
2025-07-22 02:45:00+00:00,202.95,203.78,201.03,201.97,719955.07
2025-07-22 03:00:00+00:00,201.97,203.05,201.22,202.83,542825.16
2025-07-22 03:15:00+00:00,202.82,203.11,200.38,201.22,754658.63
2025-07-22 03:30:00+00:00,201.23,201.69,197.43,198.42,1420361.99
2025-07-22 03:45:00+00:00,198.42,200.22,197.47,200.11,709053.49
2025-07-22 04:00:00+00:00,200.11,200.22,198.53,198.84,480605.43
2025-07-22 04:15:00+00:00,198.83,199.28,197.81,198.31,438609.79
2025-07-22 04:30:00+00:00,198.31,199.98,196.9,197.08,621243.86
2025-07-22 04:45:00+00:00,197.08,197.56,194.1,194.35,1210890.23
2025-07-22 05:00:00+00:00,194.36,197.77,194.36,197.6,976426.02
2025-07-22 05:15:00+00:00,197.6,199.15,197.22,198.04,601861.42
2025-07-22 05:30:00+00:00,198.03,198.47,196.46,196.64,417682.34
2025-07-22 05:45:00+00:00,196.63,196.96,195.57,196.59,378221.37
2025-07-22 06:00:00+00:00,196.6,198.64,196.0,198.51,351578.03
2025-07-22 06:15:00+00:00,198.5,200.77,198.02,200.24,566578.47
2025-07-22 06:30:00+00:00,200.24,200.53,198.95,199.02,492713.17
2025-07-22 06:45:00+00:00,199.01,199.37,198.36,199.04,287383.41
2025-07-22 07:00:00+00:00,199.05,200.23,198.69,200.04,306149.8
2025-07-22 07:15:00+00:00,200.04,201.29,199.25,201.08,510740.85
2025-07-22 07:30:00+00:00,201.08,201.28,199.33,199.57,425685.15
2025-07-22 07:45:00+00:00,199.57,199.78,197.42,198.1,601750.23
2025-07-22 08:00:00+00:00,198.1,198.1,195.63,195.8,835683.71
2025-07-22 08:15:00+00:00,195.81,196.66,194.03,194.63,929123.82
2025-07-22 08:30:00+00:00,194.62,196.28,194.46,196.14,486924.6
2025-07-22 08:45:00+00:00,196.14,197.09,195.64,196.97,334430.96
2025-07-22 09:00:00+00:00,196.97,197.0,195.0,195.41,338857.87
2025-07-22 09:15:00+00:00,195.41,196.3,194.32,196.0,458835.92
2025-07-22 09:30:00+00:00,196.01,198.58,196.01,198.41,544107.86
2025-07-22 09:45:00+00:00,198.4,199.17,197.15,197.32,669321.05
2025-07-22 10:00:00+00:00,197.31,198.21,197.17,198.03,230513.39
2025-07-22 10:15:00+00:00,198.03,198.4,197.37,198.39,152665.17
2025-07-22 10:30:00+00:00,198.39,198.91,198.12,198.67,234502.01
2025-07-22 10:45:00+00:00,198.67,199.17,198.33,199.13,195710.48
2025-07-22 11:00:00+00:00,199.13,199.34,198.22,198.53,254530.56
2025-07-22 11:15:00+00:00,198.54,199.35,198.53,198.99,160492.2
2025-07-22 11:30:00+00:00,199.0,199.03,197.69,198.9,271879.34
2025-07-22 11:45:00+00:00,198.89,200.28,198.62,199.95,474001.73
2025-07-22 12:00:00+00:00,199.94,200.59,199.55,199.82,270627.38
2025-07-22 12:15:00+00:00,199.81,200.55,199.06,200.33,328777.07
2025-07-22 12:30:00+00:00,200.33,201.55,199.4,201.41,465136.25
2025-07-22 12:45:00+00:00,201.41,203.72,200.37,203.09,1093429.81
2025-07-22 13:00:00+00:00,203.09,204.24,202.44,203.42,914275.9
2025-07-22 13:15:00+00:00,203.41,203.41,201.33,201.59,787958.47
2025-07-22 13:30:00+00:00,201.59,202.56,199.28,201.93,1285976.28
2025-07-22 13:45:00+00:00,201.93,201.93,198.23,199.05,1199277.14
2025-07-22 14:00:00+00:00,199.06,199.83,196.89,199.77,1080023.05
2025-07-22 14:15:00+00:00,199.77,200.51,198.63,199.55,520093.25
2025-07-22 14:30:00+00:00,199.56,200.69,199.31,200.04,331654.2
2025-07-22 14:45:00+00:00,200.04,202.28,199.31,202.18,552246.28
2025-07-22 15:00:00+00:00,202.18,205.17,201.93,205.08,1370633.7
2025-07-22 15:15:00+00:00,205.08,205.09,203.55,204.03,851728.42
2025-07-22 15:30:00+00:00,204.03,204.12,202.51,202.69,661625.66
2025-07-22 15:45:00+00:00,202.69,203.97,201.3,201.86,634187.49
2025-07-22 16:00:00+00:00,201.85,203.9,200.79,203.75,650338.2
2025-07-22 16:15:00+00:00,203.75,204.23,202.43,203.2,429352.0
2025-07-22 16:30:00+00:00,203.2,204.35,202.7,203.99,389517.82
2025-07-22 16:45:00+00:00,203.99,204.3,202.77,203.86,316661.06
2025-07-22 17:00:00+00:00,203.86,203.99,201.35,202.2,557563.93
2025-07-22 17:15:00+00:00,202.21,202.57,200.92,201.92,457199.46
2025-07-22 17:30:00+00:00,201.92,203.05,200.83,202.76,402848.81
2025-07-22 17:45:00+00:00,202.77,203.3,201.7,202.96,300899.2
2025-07-22 18:00:00+00:00,202.96,203.59,201.63,203.2,326890.41
2025-07-22 18:15:00+00:00,203.21,204.06,201.3,202.03,526053.81
2025-07-22 18:30:00+00:00,202.02,202.99,201.59,201.71,270928.07
2025-07-22 18:45:00+00:00,201.71,203.99,201.38,202.6,493223.12
2025-07-22 19:00:00+00:00,202.6,202.8,201.5,202.25,295451.28
2025-07-22 19:15:00+00:00,202.25,202.43,200.93,201.74,232952.65
2025-07-22 19:30:00+00:00,201.74,201.78,199.6,200.0,511164.24
2025-07-22 19:45:00+00:00,200.01,200.02,198.4,198.93,465508.88
2025-07-22 20:00:00+00:00,198.94,200.28,198.41,199.77,427543.93
2025-07-22 20:15:00+00:00,199.77,200.5,199.16,200.35,317658.3
2025-07-22 20:30:00+00:00,200.35,200.98,200.07,200.97,156830.23
2025-07-22 20:45:00+00:00,200.97,201.46,200.54,200.71,177834.01
2025-07-22 21:00:00+00:00,200.71,200.98,200.32,200.67,195884.8
2025-07-22 21:15:00+00:00,200.67,201.05,200.45,200.72,135129.61
2025-07-22 21:30:00+00:00,200.72,200.74,199.86,200.31,118597.6
2025-07-22 21:45:00+00:00,200.31,202.0,200.27,201.45,161289.32
2025-07-22 22:00:00+00:00,201.45,202.35,201.41,201.87,191546.68
2025-07-22 22:15:00+00:00,201.87,202.31,201.6,202.01,112224.46
2025-07-22 22:30:00+00:00,202.01,202.9,201.82,202.64,182977.27
2025-07-22 22:45:00+00:00,202.64,202.75,201.53,201.96,190467.82
2025-07-22 23:00:00+00:00,201.95,203.46,201.91,203.46,217390.84
2025-07-22 23:15:00+00:00,203.47,204.44,203.19,204.09,350745.92
2025-07-22 23:30:00+00:00,204.09,206.0,203.79,205.82,534055.63
2025-07-22 23:45:00+00:00,205.81,206.44,204.57,205.78,575569.29
2025-07-23 00:00:00+00:00,205.79,205.86,204.13,204.38,434204.09
2025-07-23 00:15:00+00:00,204.38,205.49,203.47,203.73,433238.91
2025-07-23 00:30:00+00:00,203.72,205.0,203.67,204.75,286128.44
2025-07-23 00:45:00+00:00,204.75,205.25,204.07,204.39,282587.92
2025-07-23 01:00:00+00:00,204.39,204.4,202.7,202.95,340277.5
2025-07-23 01:15:00+00:00,202.95,203.9,202.95,203.38,150565.52
2025-07-23 01:30:00+00:00,203.39,204.68,203.21,203.92,203692.97
2025-07-23 01:45:00+00:00,203.91,204.44,202.8,203.14,200886.46
2025-07-23 02:00:00+00:00,203.13,203.47,202.55,202.74,235906.38
2025-07-23 02:15:00+00:00,202.75,203.22,202.27,203.2,233105.84
2025-07-23 02:30:00+00:00,203.2,203.27,201.7,201.7,254313.04
2025-07-23 02:45:00+00:00,201.7,202.46,201.68,202.4,210193.66
2025-07-23 03:00:00+00:00,202.41,202.8,201.88,202.52,130843.08
2025-07-23 03:15:00+00:00,202.51,202.83,201.75,202.03,181770.21
2025-07-23 03:30:00+00:00,202.03,202.61,201.8,202.0,143927.22
2025-07-23 03:45:00+00:00,201.99,201.99,201.04,201.52,252071.09
2025-07-23 04:00:00+00:00,201.51,202.06,201.11,201.82,162003.23
2025-07-23 04:15:00+00:00,201.82,202.35,201.35,202.21,159993.45
2025-07-23 04:30:00+00:00,202.2,202.24,201.76,201.95,100401.87
2025-07-23 04:45:00+00:00,201.95,202.02,201.16,201.76,179945.86
2025-07-23 05:00:00+00:00,201.76,201.83,200.9,201.49,200254.78
2025-07-23 05:15:00+00:00,201.5,201.84,201.04,201.22,120798.0
2025-07-23 05:30:00+00:00,201.22,202.24,201.21,201.3,192754.85
2025-07-23 05:45:00+00:00,201.31,201.84,201.07,201.65,131555.27
2025-07-23 06:00:00+00:00,201.65,202.0,201.27,202.0,166337.36
2025-07-23 06:15:00+00:00,202.0,202.0,200.2,201.02,443380.95
2025-07-23 06:30:00+00:00,201.02,201.1,199.75,200.12,304132.54
2025-07-23 06:45:00+00:00,200.12,200.86,199.99,200.67,174334.43
2025-07-23 07:00:00+00:00,200.67,200.77,199.72,200.48,179847.05
2025-07-23 07:15:00+00:00,200.48,201.09,200.48,200.91,185354.1
2025-07-23 07:30:00+00:00,200.92,201.18,199.24,199.61,264761.59
2025-07-23 07:45:00+00:00,199.61,199.85,198.89,199.5,324905.63
2025-07-23 08:00:00+00:00,199.5,199.84,198.6,199.73,277497.76
2025-07-23 08:15:00+00:00,199.73,199.74,198.86,199.56,172262.46
2025-07-23 08:30:00+00:00,199.57,199.64,198.71,198.98,164303.47
2025-07-23 08:45:00+00:00,198.98,199.89,198.84,199.87,172595.76
2025-07-23 09:00:00+00:00,199.87,200.08,199.14,199.23,160288.92
2025-07-23 09:15:00+00:00,199.22,199.25,198.17,198.19,276563.55
2025-07-23 09:30:00+00:00,198.19,198.59,197.71,198.09,377487.33
2025-07-23 09:45:00+00:00,198.08,198.34,197.53,197.69,203926.84
2025-07-23 10:00:00+00:00,197.68,197.86,196.0,196.11,754807.36
2025-07-23 10:15:00+00:00,196.11,197.5,196.11,197.09,395465.53
2025-07-23 10:30:00+00:00,197.08,197.73,196.92,197.58,222111.2
2025-07-23 10:45:00+00:00,197.58,198.06,197.58,197.95,195809.82
2025-07-23 11:00:00+00:00,197.95,198.08,196.9,196.99,242078.12
2025-07-23 11:15:00+00:00,197.0,198.25,196.94,197.95,191524.2
2025-07-23 11:30:00+00:00,197.96,198.04,197.36,197.64,107301.66
2025-07-23 11:45:00+00:00,197.64,197.74,197.0,197.44,105357.25
2025-07-23 12:00:00+00:00,197.45,197.62,196.5,197.55,214360.96
2025-07-23 12:15:00+00:00,197.54,197.61,196.39,196.96,166965.63
2025-07-23 12:30:00+00:00,196.96,197.2,195.2,195.39,537913.88
2025-07-23 12:45:00+00:00,195.38,196.02,193.6,194.24,1129559.28
2025-07-23 13:00:00+00:00,194.24,194.9,193.6,193.96,789123.2
2025-07-23 13:15:00+00:00,193.96,194.02,191.46,193.97,1276983.24
2025-07-23 13:30:00+00:00,193.96,194.42,187.64,189.53,1860204.62
2025-07-23 13:45:00+00:00,189.52,190.53,187.61,189.18,2276938.15
2025-07-23 14:00:00+00:00,189.18,191.59,188.7,190.14,1336559.47
2025-07-23 14:15:00+00:00,190.15,192.38,190.14,192.09,775679.77
2025-07-23 14:30:00+00:00,192.09,192.15,189.78,190.56,785935.06
2025-07-23 14:45:00+00:00,190.57,191.64,190.06,191.59,413258.76
2025-07-23 15:00:00+00:00,191.58,191.92,189.61,189.86,466063.56
2025-07-23 15:15:00+00:00,189.86,191.33,189.78,190.72,271483.8
2025-07-23 15:30:00+00:00,190.72,191.84,190.53,191.84,236211.86
2025-07-23 15:45:00+00:00,191.83,192.8,190.81,192.72,512920.18
2025-07-23 16:00:00+00:00,192.73,192.74,190.9,190.93,506685.41
2025-07-23 16:15:00+00:00,190.94,191.82,190.25,191.05,329001.66
2025-07-23 16:30:00+00:00,191.04,191.09,189.32,190.13,456741.64
2025-07-23 16:45:00+00:00,190.13,190.13,187.91,188.28,736564.83
2025-07-23 17:00:00+00:00,188.27,189.29,186.29,187.37,1132001.29
2025-07-23 17:15:00+00:00,187.37,188.4,186.0,187.18,984214.47
2025-07-23 17:30:00+00:00,187.18,188.6,186.76,188.28,487833.37
2025-07-23 17:45:00+00:00,188.29,189.07,187.81,188.69,348219.51
2025-07-23 18:00:00+00:00,188.69,190.0,188.16,189.32,580313.52
2025-07-23 18:15:00+00:00,189.33,190.06,188.42,189.25,326526.13
2025-07-23 18:30:00+00:00,189.25,190.09,188.9,189.34,237603.9
2025-07-23 18:45:00+00:00,189.33,190.32,189.33,190.23,197449.57
2025-07-23 19:00:00+00:00,190.22,190.28,189.15,189.2,235366.15
2025-07-23 19:15:00+00:00,189.2,189.84,188.59,188.9,203644.63
2025-07-23 19:30:00+00:00,188.89,188.89,188.15,188.64,224658.3
2025-07-23 19:45:00+00:00,188.64,189.9,188.0,188.06,323143.08
2025-07-23 20:00:00+00:00,188.07,189.79,188.04,188.66,416257.91
2025-07-23 20:15:00+00:00,188.66,188.66,186.34,186.93,468956.66
2025-07-23 20:30:00+00:00,186.94,187.12,184.47,186.46,1227950.95
2025-07-23 20:45:00+00:00,186.45,187.14,185.28,186.79,433547.02
2025-07-23 21:00:00+00:00,186.78,187.62,186.51,187.2,270333.22
2025-07-23 21:15:00+00:00,187.19,187.28,184.0,185.3,613979.26
2025-07-23 21:30:00+00:00,185.29,187.42,184.25,186.99,458845.78
2025-07-23 21:45:00+00:00,187.0,188.34,186.99,187.97,254461.53
2025-07-23 22:00:00+00:00,187.96,188.85,186.5,188.54,395377.38
2025-07-23 22:15:00+00:00,188.55,189.35,188.01,189.26,286670.54
2025-07-23 22:30:00+00:00,189.25,189.48,188.83,189.44,160474.76
2025-07-23 22:45:00+00:00,189.44,189.69,188.96,189.07,167698.69
2025-07-23 23:00:00+00:00,189.07,190.07,188.86,190.02,168620.33
2025-07-23 23:15:00+00:00,190.01,190.04,189.3,189.62,167014.41
2025-07-23 23:30:00+00:00,189.62,189.79,189.18,189.62,91995.4
2025-07-23 23:45:00+00:00,189.62,189.78,189.15,189.4,107571.4
2025-07-24 00:00:00+00:00,189.4,189.41,188.49,189.14,222997.11
2025-07-24 00:15:00+00:00,189.15,190.9,188.8,190.8,482460.13
2025-07-24 00:30:00+00:00,190.8,190.8,190.23,190.57,216087.26
2025-07-24 00:45:00+00:00,190.58,190.98,190.16,190.96,198465.82
2025-07-24 01:00:00+00:00,190.96,190.96,190.12,190.49,168540.5
2025-07-24 01:15:00+00:00,190.5,190.89,190.01,190.22,122164.94
2025-07-24 01:30:00+00:00,190.23,190.37,189.18,190.09,271742.75
2025-07-24 01:45:00+00:00,190.09,191.55,190.02,191.52,219479.4
2025-07-24 02:00:00+00:00,191.51,191.66,190.93,191.1,236531.72
2025-07-24 02:15:00+00:00,191.1,191.16,190.36,190.45,155688.11
2025-07-24 02:30:00+00:00,190.45,191.25,190.36,191.22,132499.72
2025-07-24 02:45:00+00:00,191.22,191.62,190.84,191.12,104417.43
2025-07-24 03:00:00+00:00,191.12,191.34,190.62,190.93,96300.75
2025-07-24 03:15:00+00:00,190.94,191.87,190.81,191.69,139758.49
2025-07-24 03:30:00+00:00,191.68,191.72,190.92,191.15,145340.66
2025-07-24 03:45:00+00:00,191.15,191.21,189.63,189.87,288152.61
2025-07-24 04:00:00+00:00,189.87,190.14,189.09,190.08,339328.77
2025-07-24 04:15:00+00:00,190.09,190.09,188.23,188.29,308192.47
2025-07-24 04:30:00+00:00,188.29,188.48,186.6,186.68,682570.36
2025-07-24 04:45:00+00:00,186.68,187.17,185.35,186.03,631883.76
2025-07-24 05:00:00+00:00,186.04,186.21,184.2,184.58,740663.63
2025-07-24 05:15:00+00:00,184.59,185.55,183.65,184.62,551551.02
2025-07-24 05:30:00+00:00,184.62,185.8,184.43,185.58,438173.21
2025-07-24 05:45:00+00:00,185.58,185.59,181.0,181.84,1408281.51
2025-07-24 06:00:00+00:00,181.84,183.85,181.57,183.58,689485.82
2025-07-24 06:15:00+00:00,183.58,184.1,182.34,183.8,370910.6
2025-07-24 06:30:00+00:00,183.8,184.0,180.78,180.97,742357.1
2025-07-24 06:45:00+00:00,180.97,181.89,179.73,181.05,1205632.82
2025-07-24 07:00:00+00:00,181.04,182.67,179.2,182.62,1301247.5
2025-07-24 07:15:00+00:00,182.62,183.68,182.58,183.33,634687.38
2025-07-24 07:30:00+00:00,183.32,183.45,182.31,183.3,308042.53
2025-07-24 07:45:00+00:00,183.29,184.33,182.45,184.15,350862.85
2025-07-24 08:00:00+00:00,184.15,185.76,183.22,185.73,608057.16
2025-07-24 08:15:00+00:00,185.74,185.74,184.51,184.95,456325.5
2025-07-24 08:30:00+00:00,184.95,186.0,184.95,185.77,360716.11
2025-07-24 08:45:00+00:00,185.76,186.34,185.76,186.01,206937.75
2025-07-24 09:00:00+00:00,186.01,186.45,185.33,185.53,216736.23
2025-07-24 09:15:00+00:00,185.53,185.93,185.01,185.43,318507.25
2025-07-24 09:30:00+00:00,185.44,186.27,185.03,186.18,252428.62
2025-07-24 09:45:00+00:00,186.18,186.21,184.42,185.21,477601.77
2025-07-24 10:00:00+00:00,185.21,186.29,184.86,185.18,365575.73
2025-07-24 10:15:00+00:00,185.18,185.45,183.53,183.7,433891.24
2025-07-24 10:30:00+00:00,183.7,184.16,182.92,183.88,432371.59
2025-07-24 10:45:00+00:00,183.88,185.07,183.39,184.89,279215.6
2025-07-24 11:00:00+00:00,184.89,185.87,184.87,185.86,256255.8
2025-07-24 11:15:00+00:00,185.86,186.3,185.48,185.83,293722.71
2025-07-24 11:30:00+00:00,185.83,186.71,185.5,186.69,241157.41
2025-07-24 11:45:00+00:00,186.68,186.94,186.23,186.38,225189.81
2025-07-24 12:00:00+00:00,186.37,186.85,185.34,185.87,305735.16
2025-07-24 12:15:00+00:00,185.88,186.42,184.95,186.25,293405.12
2025-07-24 12:30:00+00:00,186.24,186.32,184.57,185.04,363647.13
2025-07-24 12:45:00+00:00,185.05,186.27,184.94,185.98,193904.49
2025-07-24 13:00:00+00:00,185.98,186.5,185.5,186.17,209862.35
2025-07-24 13:15:00+00:00,186.17,186.66,185.84,186.4,187380.67
2025-07-24 13:30:00+00:00,186.4,187.41,185.53,186.06,488551.19
2025-07-24 13:45:00+00:00,186.07,186.75,184.29,184.55,443093.25
2025-07-24 14:00:00+00:00,184.55,185.62,183.34,183.88,444953.31
2025-07-24 14:15:00+00:00,183.88,185.55,183.63,185.23,341547.91
2025-07-24 14:30:00+00:00,185.24,187.9,185.15,187.6,824674.94
2025-07-24 14:45:00+00:00,187.59,190.04,187.5,189.49,903553.9
2025-07-24 15:00:00+00:00,189.48,191.7,189.28,191.19,941457.98
2025-07-24 15:15:00+00:00,191.2,191.23,188.33,189.0,900658.84
2025-07-24 15:30:00+00:00,189.01,189.26,187.48,188.29,718640.15
2025-07-24 15:45:00+00:00,188.3,188.92,187.55,188.47,318837.35
2025-07-24 16:00:00+00:00,188.48,188.8,187.02,187.52,349904.01
2025-07-24 16:15:00+00:00,187.52,188.09,185.81,185.87,610004.0
2025-07-24 16:30:00+00:00,185.87,186.45,184.91,185.05,551712.69
2025-07-24 16:45:00+00:00,185.05,186.26,184.77,185.78,384244.09
2025-07-24 17:00:00+00:00,185.78,187.93,185.64,187.54,385200.42
2025-07-24 17:15:00+00:00,187.53,188.78,187.1,188.0,323737.78
2025-07-24 17:30:00+00:00,187.99,188.74,187.99,188.54,196222.27
2025-07-24 17:45:00+00:00,188.54,189.56,188.47,188.73,289881.41
2025-07-24 18:00:00+00:00,188.72,189.45,187.69,189.16,397557.76
2025-07-24 18:15:00+00:00,189.16,189.79,188.49,189.47,339992.26
2025-07-24 18:30:00+00:00,189.48,189.84,188.43,188.65,271927.77
2025-07-24 18:45:00+00:00,188.65,189.56,188.42,189.21,175217.4
2025-07-24 19:00:00+00:00,189.21,190.0,188.93,189.51,201978.16
2025-07-24 19:15:00+00:00,189.5,189.82,188.68,189.05,133463.08
2025-07-24 19:30:00+00:00,189.04,189.12,187.8,188.15,203251.48
2025-07-24 19:45:00+00:00,188.15,188.87,187.82,187.94,170773.03
2025-07-24 20:00:00+00:00,187.93,188.4,187.52,188.3,158846.0
2025-07-24 20:15:00+00:00,188.29,188.57,187.55,188.52,114199.64
2025-07-24 20:30:00+00:00,188.53,188.9,188.05,188.61,95936.99
2025-07-24 20:45:00+00:00,188.6,189.02,188.49,188.79,100795.08
2025-07-24 21:00:00+00:00,188.79,188.82,187.44,187.63,133815.72
2025-07-24 21:15:00+00:00,187.64,187.87,186.83,187.11,191269.8
2025-07-24 21:30:00+00:00,187.11,187.22,186.32,186.72,227604.39
2025-07-24 21:45:00+00:00,186.72,186.97,185.5,185.52,274410.36
2025-07-24 22:00:00+00:00,185.52,185.81,183.6,183.8,707492.29
2025-07-24 22:15:00+00:00,183.8,184.63,183.36,184.59,382041.26
2025-07-24 22:30:00+00:00,184.58,184.62,183.82,184.42,237012.29
2025-07-24 22:45:00+00:00,184.42,184.42,183.31,183.64,170635.75
2025-07-24 23:00:00+00:00,183.63,183.63,182.06,182.68,418049.5
2025-07-24 23:15:00+00:00,182.68,183.32,182.5,182.95,174937.02
2025-07-24 23:30:00+00:00,182.95,183.28,182.24,182.67,193963.44
2025-07-24 23:45:00+00:00,182.67,183.03,181.92,182.8,184850.58
2025-07-25 00:00:00+00:00,182.81,183.1,181.25,181.95,540284.76
2025-07-25 00:15:00+00:00,181.94,182.54,181.48,181.98,206751.39
2025-07-25 00:30:00+00:00,181.97,182.08,180.5,181.74,425044.93
2025-07-25 00:45:00+00:00,181.74,182.05,181.35,181.86,205772.56
2025-07-25 01:00:00+00:00,181.86,182.38,181.02,181.79,317568.76
2025-07-25 01:15:00+00:00,181.8,182.3,180.69,181.94,308733.94
2025-07-25 01:30:00+00:00,181.93,183.03,181.56,182.66,336005.75
2025-07-25 01:45:00+00:00,182.66,183.48,181.89,182.86,330061.18
2025-07-25 02:00:00+00:00,182.87,183.43,182.33,182.84,191283.57
2025-07-25 02:15:00+00:00,182.83,182.93,181.81,182.25,187559.08
2025-07-25 02:30:00+00:00,182.25,182.71,179.97,180.17,549236.88
2025-07-25 02:45:00+00:00,180.17,180.6,178.39,178.74,902340.57
2025-07-25 03:00:00+00:00,178.75,179.68,178.06,178.7,791373.41
2025-07-25 03:15:00+00:00,178.7,179.39,177.66,177.89,536067.35
2025-07-25 03:30:00+00:00,177.89,177.89,175.5,177.05,1203396.42
2025-07-25 03:45:00+00:00,177.05,177.98,176.76,177.64,464795.46
2025-07-25 04:00:00+00:00,177.63,177.9,176.56,176.67,387281.09
2025-07-25 04:15:00+00:00,176.67,177.5,176.0,177.31,431271.84
2025-07-25 04:30:00+00:00,177.31,179.04,177.3,178.08,560590.43
2025-07-25 04:45:00+00:00,178.09,179.57,178.09,179.41,439218.02
2025-07-25 05:00:00+00:00,179.4,179.7,177.86,178.03,399720.16
2025-07-25 05:15:00+00:00,178.02,179.25,178.02,178.8,211883.98
2025-07-25 05:30:00+00:00,178.8,179.08,178.42,178.64,111393.63
2025-07-25 05:45:00+00:00,178.64,178.81,178.08,178.62,161624.79
2025-07-25 06:00:00+00:00,178.62,178.74,177.5,178.31,249233.17
2025-07-25 06:15:00+00:00,178.31,178.58,177.19,177.7,369116.14
2025-07-25 06:30:00+00:00,177.69,178.85,177.31,178.53,208336.32
2025-07-25 06:45:00+00:00,178.53,178.86,177.78,178.06,215808.78
2025-07-25 07:00:00+00:00,178.05,178.05,176.64,177.61,408596.49
2025-07-25 07:15:00+00:00,177.6,178.82,177.11,177.28,411546.46
2025-07-25 07:30:00+00:00,177.27,177.61,176.3,176.52,301187.92
2025-07-25 07:45:00+00:00,176.52,177.83,175.8,177.43,470411.44
2025-07-25 08:00:00+00:00,177.44,178.06,176.94,177.77,443148.79
2025-07-25 08:15:00+00:00,177.77,179.3,177.33,178.73,545411.0
2025-07-25 08:30:00+00:00,178.72,178.79,177.04,177.14,300818.82
2025-07-25 08:45:00+00:00,177.13,177.95,176.75,177.77,314434.68
2025-07-25 09:00:00+00:00,177.78,178.23,177.28,178.19,229284.92
2025-07-25 09:15:00+00:00,178.19,179.83,177.77,179.74,457665.12
2025-07-25 09:30:00+00:00,179.74,180.83,179.42,179.44,580708.92
2025-07-25 09:45:00+00:00,179.44,180.8,178.93,180.76,417825.92
2025-07-25 10:00:00+00:00,180.75,181.6,180.02,180.49,520822.76
2025-07-25 10:15:00+00:00,180.48,180.55,179.67,179.77,214293.17
2025-07-25 10:30:00+00:00,179.76,180.93,179.76,180.74,148988.02
2025-07-25 10:45:00+00:00,180.73,180.98,180.28,180.67,138150.14
2025-07-25 11:00:00+00:00,180.67,181.49,180.66,180.93,212177.24
2025-07-25 11:15:00+00:00,180.93,182.0,180.75,181.74,200915.64
2025-07-25 11:30:00+00:00,181.74,182.03,180.79,180.87,224192.99
2025-07-25 11:45:00+00:00,180.86,181.32,180.78,181.03,142621.63
2025-07-25 12:00:00+00:00,181.02,181.84,180.91,181.4,209911.59
2025-07-25 12:15:00+00:00,181.41,181.54,180.0,180.22,332174.98
2025-07-25 12:30:00+00:00,180.22,181.55,179.9,181.37,270752.16
2025-07-25 12:45:00+00:00,181.38,181.53,180.24,180.71,173400.3
2025-07-25 13:00:00+00:00,180.72,180.8,180.04,180.45,136424.17
2025-07-25 13:15:00+00:00,180.45,181.07,180.34,180.52,144504.65
2025-07-25 13:30:00+00:00,180.53,181.4,179.5,179.76,474314.73
2025-07-25 13:45:00+00:00,179.76,181.12,179.76,181.12,301784.51
2025-07-25 14:00:00+00:00,181.12,181.31,179.74,179.78,342031.05
2025-07-25 14:15:00+00:00,179.78,180.01,178.22,178.49,627223.41
2025-07-25 14:30:00+00:00,178.49,178.87,176.66,177.06,885558.21
2025-07-25 14:45:00+00:00,177.06,178.44,176.28,176.55,991504.31
2025-07-25 15:00:00+00:00,176.56,178.17,176.36,177.99,411905.94
2025-07-25 15:15:00+00:00,178.0,178.56,177.62,177.91,299013.6
2025-07-25 15:30:00+00:00,177.9,178.25,176.14,177.02,492235.81
2025-07-25 15:45:00+00:00,177.02,178.39,176.89,178.13,301648.19
2025-07-25 16:00:00+00:00,178.13,179.1,177.9,178.69,298803.58
2025-07-25 16:15:00+00:00,178.69,178.95,177.39,178.3,400607.5
2025-07-25 16:30:00+00:00,178.29,178.86,177.6,178.64,223840.91
2025-07-25 16:45:00+00:00,178.63,179.94,178.57,179.65,358721.73
2025-07-25 17:00:00+00:00,179.64,180.42,179.3,180.16,438224.95
2025-07-25 17:15:00+00:00,180.15,180.48,179.39,180.34,285544.92
2025-07-25 17:30:00+00:00,180.34,181.03,179.72,180.86,291051.82
2025-07-25 17:45:00+00:00,180.87,181.08,180.36,180.66,116621.98
2025-07-25 18:00:00+00:00,180.66,181.79,180.61,181.79,257990.66
2025-07-25 18:15:00+00:00,181.79,182.1,181.27,181.81,213981.32
2025-07-25 18:30:00+00:00,181.82,182.7,181.36,182.66,171471.05
2025-07-25 18:45:00+00:00,182.67,182.67,182.01,182.27,186307.06
2025-07-25 19:00:00+00:00,182.27,182.47,181.71,182.2,169825.27
2025-07-25 19:15:00+00:00,182.19,182.46,181.88,181.97,106849.16
2025-07-25 19:30:00+00:00,181.98,182.83,181.97,182.49,162243.1
2025-07-25 19:45:00+00:00,182.5,182.68,182.0,182.12,118424.12
2025-07-25 20:00:00+00:00,182.12,182.5,182.02,182.17,103703.3
2025-07-25 20:15:00+00:00,182.17,183.46,182.15,183.41,197108.47
2025-07-25 20:30:00+00:00,183.41,184.42,183.03,184.09,295203.37
2025-07-25 20:45:00+00:00,184.09,184.36,183.65,183.75,189321.25
2025-07-25 21:00:00+00:00,183.76,184.87,183.75,184.57,198953.69
2025-07-25 21:15:00+00:00,184.57,185.31,184.54,184.7,248424.35
2025-07-25 21:30:00+00:00,184.71,184.84,184.02,184.31,154862.11
2025-07-25 21:45:00+00:00,184.31,185.05,184.3,185.03,100753.11
2025-07-25 22:00:00+00:00,185.03,185.88,184.94,185.47,200347.22
2025-07-25 22:15:00+00:00,185.47,185.73,184.85,185.51,187854.81
2025-07-25 22:30:00+00:00,185.52,186.18,185.4,185.89,149831.42
2025-07-25 22:45:00+00:00,185.88,186.17,185.61,186.03,142190.56
2025-07-25 23:00:00+00:00,186.03,186.07,185.54,185.63,108155.52
2025-07-25 23:15:00+00:00,185.63,186.15,185.59,185.83,88820.88
2025-07-25 23:30:00+00:00,185.82,186.16,185.64,185.96,71047.02
2025-07-25 23:45:00+00:00,185.97,186.79,185.96,186.69,135361.38
2025-07-26 00:00:00+00:00,186.69,186.9,185.91,185.95,200023.74
2025-07-26 00:15:00+00:00,185.94,186.42,185.78,186.34,106311.18
2025-07-26 00:30:00+00:00,186.34,186.53,186.02,186.06,75728.31
2025-07-26 00:45:00+00:00,186.05,186.11,185.6,185.86,132322.14
2025-07-26 01:00:00+00:00,185.86,186.0,185.45,185.99,118477.92
2025-07-26 01:15:00+00:00,185.98,186.07,185.49,185.51,78949.78
2025-07-26 01:30:00+00:00,185.5,185.63,184.86,184.91,193928.53
2025-07-26 01:45:00+00:00,184.91,185.2,184.44,184.46,186448.84
2025-07-26 02:00:00+00:00,184.46,185.22,184.46,185.05,126938.18
2025-07-26 02:15:00+00:00,185.06,186.21,185.04,186.11,210975.28
2025-07-26 02:30:00+00:00,186.1,186.82,186.03,186.38,255109.6
2025-07-26 02:45:00+00:00,186.37,186.82,186.26,186.46,132607.79
2025-07-26 03:00:00+00:00,186.46,186.61,185.95,186.1,76006.73
2025-07-26 03:15:00+00:00,186.1,186.37,185.66,185.7,99842.58
2025-07-26 03:30:00+00:00,185.71,186.06,185.64,185.92,65489.41
2025-07-26 03:45:00+00:00,185.92,186.33,185.75,185.96,69505.63
2025-07-26 04:00:00+00:00,185.96,186.29,185.65,186.28,99030.29
2025-07-26 04:15:00+00:00,186.27,186.4,186.06,186.13,55410.5
2025-07-26 04:30:00+00:00,186.12,186.28,185.96,186.24,56573.43
2025-07-26 04:45:00+00:00,186.23,186.28,185.78,185.93,48570.73
2025-07-26 05:00:00+00:00,185.92,185.99,185.6,185.7,75046.96
2025-07-26 05:15:00+00:00,185.71,186.71,185.68,186.7,121669.41
2025-07-26 05:30:00+00:00,186.7,187.14,186.48,186.76,124895.73
2025-07-26 05:45:00+00:00,186.77,186.81,186.35,186.69,75129.61
2025-07-26 06:00:00+00:00,186.7,186.73,186.22,186.33,64072.6
2025-07-26 06:15:00+00:00,186.34,186.56,185.97,186.27,86768.0
2025-07-26 06:30:00+00:00,186.27,186.32,185.96,186.04,55984.06
2025-07-26 06:45:00+00:00,186.05,186.17,185.84,186.04,72842.72
2025-07-26 07:00:00+00:00,186.04,186.84,186.03,186.75,66134.61
2025-07-26 07:15:00+00:00,186.74,186.75,186.27,186.48,47957.86
2025-07-26 07:30:00+00:00,186.49,186.67,186.08,186.53,96730.51
2025-07-26 07:45:00+00:00,186.53,186.66,186.32,186.41,39678.22
2025-07-26 08:00:00+00:00,186.41,186.65,186.41,186.58,42889.9
2025-07-26 08:15:00+00:00,186.58,187.25,186.55,187.17,167582.35
2025-07-26 08:30:00+00:00,187.18,187.28,186.97,187.17,96784.2
2025-07-26 08:45:00+00:00,187.18,187.99,187.1,187.96,242296.49
2025-07-26 09:00:00+00:00,187.97,188.68,187.42,188.56,386693.54
2025-07-26 09:15:00+00:00,188.56,188.82,187.99,188.04,176037.52
2025-07-26 09:30:00+00:00,188.05,188.93,187.85,188.8,198329.89
2025-07-26 09:45:00+00:00,188.81,189.16,188.56,188.94,172426.41
2025-07-26 10:00:00+00:00,188.94,189.75,188.94,189.32,351556.43
2025-07-26 10:15:00+00:00,189.32,189.5,188.83,188.91,182056.38
2025-07-26 10:30:00+00:00,188.9,189.35,188.78,188.92,213009.92
2025-07-26 10:45:00+00:00,188.92,188.96,188.09,188.22,207564.08
2025-07-26 11:00:00+00:00,188.21,188.42,187.83,188.41,220801.12
2025-07-26 11:15:00+00:00,188.41,188.5,187.44,187.64,253618.86
2025-07-26 11:30:00+00:00,187.65,188.15,187.3,187.5,256762.02
2025-07-26 11:45:00+00:00,187.5,187.88,187.24,187.69,126919.65
2025-07-26 12:00:00+00:00,187.69,187.85,187.21,187.72,121062.94
2025-07-26 12:15:00+00:00,187.71,188.44,187.65,188.06,220435.39
2025-07-26 12:30:00+00:00,188.06,188.07,187.66,187.84,69935.15
2025-07-26 12:45:00+00:00,187.84,188.21,187.77,187.84,91120.26
2025-07-26 13:00:00+00:00,187.84,187.98,187.43,187.68,114039.97
2025-07-26 13:15:00+00:00,187.69,187.69,187.21,187.36,98343.07
2025-07-26 13:30:00+00:00,187.36,188.02,187.36,188.01,90984.18
2025-07-26 13:45:00+00:00,188.02,188.17,187.34,187.48,168210.3
2025-07-26 14:00:00+00:00,187.48,187.91,186.77,187.38,230738.11
2025-07-26 14:15:00+00:00,187.38,187.69,186.82,187.04,97940.53
2025-07-26 14:30:00+00:00,187.04,187.41,186.81,187.04,117227.95
2025-07-26 14:45:00+00:00,187.05,187.4,186.1,186.37,282541.16
2025-07-26 15:00:00+00:00,186.38,186.96,186.15,186.2,213285.22
2025-07-26 15:15:00+00:00,186.2,187.05,185.96,186.97,244901.12
2025-07-26 15:30:00+00:00,186.96,187.36,186.81,187.09,116271.64
2025-07-26 15:45:00+00:00,187.09,187.71,186.85,187.5,175520.05
2025-07-26 16:00:00+00:00,187.5,187.77,186.7,186.84,185460.88
2025-07-26 16:15:00+00:00,186.83,187.62,186.8,187.24,127114.49
2025-07-26 16:30:00+00:00,187.24,187.48,186.84,186.95,89186.42
2025-07-26 16:45:00+00:00,186.95,187.0,186.41,186.78,140156.34
2025-07-26 17:00:00+00:00,186.79,186.89,185.62,185.99,484959.56
2025-07-26 17:15:00+00:00,186.0,186.28,185.8,186.09,88142.33
2025-07-26 17:30:00+00:00,186.1,186.1,185.41,185.44,109203.29
2025-07-26 17:45:00+00:00,185.44,185.65,185.32,185.59,107443.63
2025-07-26 18:00:00+00:00,185.6,185.93,185.4,185.77,105440.68
2025-07-26 18:15:00+00:00,185.77,186.01,184.99,186.0,146211.24
2025-07-26 18:30:00+00:00,186.0,186.3,185.8,186.0,100899.35
2025-07-26 18:45:00+00:00,186.0,186.37,185.91,185.96,74924.06
2025-07-26 19:00:00+00:00,185.95,186.48,185.83,186.05,98196.53
2025-07-26 19:15:00+00:00,186.04,186.24,185.77,185.9,58663.88
2025-07-26 19:30:00+00:00,185.9,186.33,185.77,186.29,59183.98
2025-07-26 19:45:00+00:00,186.29,186.63,186.27,186.38,82060.08
2025-07-26 20:00:00+00:00,186.38,186.45,185.84,185.86,51590.03
2025-07-26 20:15:00+00:00,185.85,185.91,185.25,185.36,144076.2
2025-07-26 20:30:00+00:00,185.36,186.11,185.31,186.0,82050.45
2025-07-26 20:45:00+00:00,186.0,186.1,185.78,185.85,37147.66
2025-07-26 21:00:00+00:00,185.85,185.87,185.38,185.41,60898.29
2025-07-26 21:15:00+00:00,185.41,185.88,185.4,185.72,82146.62
2025-07-26 21:30:00+00:00,185.71,186.05,185.71,185.9,32417.45
2025-07-26 21:45:00+00:00,185.89,186.43,185.89,186.32,61401.71
2025-07-26 22:00:00+00:00,186.32,186.58,186.02,186.08,103473.1
2025-07-26 22:15:00+00:00,186.08,186.75,185.51,185.51,174066.02
2025-07-26 22:30:00+00:00,185.52,185.71,184.75,185.16,289923.37
2025-07-26 22:45:00+00:00,185.16,185.42,184.86,185.03,64487.15
2025-07-26 23:00:00+00:00,185.03,185.05,184.19,184.5,263538.14
2025-07-26 23:15:00+00:00,184.51,185.0,184.34,184.83,121648.89
2025-07-26 23:30:00+00:00,184.83,184.97,184.5,184.75,69988.81
2025-07-26 23:45:00+00:00,184.75,184.87,184.56,184.82,61106.43
2025-07-27 00:00:00+00:00,184.82,184.98,184.47,184.93,108704.43
2025-07-27 00:15:00+00:00,184.94,185.33,184.78,185.31,95253.24
2025-07-27 00:30:00+00:00,185.32,185.47,184.93,185.1,62505.17
2025-07-27 00:45:00+00:00,185.09,185.45,184.82,185.44,60590.71
2025-07-27 01:00:00+00:00,185.44,186.04,185.07,185.93,111873.87
2025-07-27 01:15:00+00:00,185.93,186.24,185.76,186.2,136190.62
2025-07-27 01:30:00+00:00,186.19,186.54,186.07,186.39,137861.15
2025-07-27 01:45:00+00:00,186.39,186.48,186.05,186.25,97521.74
2025-07-27 02:00:00+00:00,186.24,186.37,185.76,186.34,80620.14
2025-07-27 02:15:00+00:00,186.34,186.64,186.04,186.04,65736.52
2025-07-27 02:30:00+00:00,186.04,186.47,186.0,186.43,47985.82
2025-07-27 02:45:00+00:00,186.43,187.11,186.2,187.07,154972.61
2025-07-27 03:00:00+00:00,187.07,187.6,186.25,186.35,332350.0
2025-07-27 03:15:00+00:00,186.35,186.68,186.18,186.67,65630.57
2025-07-27 03:30:00+00:00,186.68,187.24,186.65,187.13,85671.97
2025-07-27 03:45:00+00:00,187.14,187.25,187.0,187.14,49737.02
2025-07-27 04:00:00+00:00,187.15,187.54,186.6,186.83,157139.71
2025-07-27 04:15:00+00:00,186.83,187.15,186.64,186.99,44312.74
2025-07-27 04:30:00+00:00,186.99,187.4,186.87,187.19,48755.08
2025-07-27 04:45:00+00:00,187.19,187.44,186.91,187.44,61575.7
2025-07-27 05:00:00+00:00,187.44,187.6,187.22,187.58,58706.14
2025-07-27 05:15:00+00:00,187.59,188.2,187.36,188.13,175294.6
2025-07-27 05:30:00+00:00,188.13,188.3,187.73,187.9,157656.61
2025-07-27 05:45:00+00:00,187.9,187.9,187.41,187.8,138117.02
2025-07-27 06:00:00+00:00,187.8,187.98,187.24,187.37,84189.96
2025-07-27 06:15:00+00:00,187.36,187.63,187.02,187.13,80452.28
2025-07-27 06:30:00+00:00,187.14,187.72,187.04,187.7,74948.17
2025-07-27 06:45:00+00:00,187.69,187.72,186.95,186.99,89965.41
2025-07-27 07:00:00+00:00,187.0,187.52,186.53,187.21,141198.98
2025-07-27 07:15:00+00:00,187.21,187.72,187.07,187.52,74280.66
2025-07-27 07:30:00+00:00,187.52,187.79,187.31,187.72,98240.5
2025-07-27 07:45:00+00:00,187.72,187.83,187.05,187.15,116917.15
2025-07-27 08:00:00+00:00,187.15,187.44,186.91,187.01,85324.79
2025-07-27 08:15:00+00:00,187.02,187.13,186.36,186.55,186519.88
2025-07-27 08:30:00+00:00,186.55,186.64,186.18,186.62,140636.32
2025-07-27 08:45:00+00:00,186.63,186.85,186.42,186.65,83665.88
2025-07-27 09:00:00+00:00,186.66,187.3,186.51,187.03,105229.57
2025-07-27 09:15:00+00:00,187.04,187.22,186.8,187.07,60205.06
2025-07-27 09:30:00+00:00,187.07,187.14,186.57,186.75,69632.23
2025-07-27 09:45:00+00:00,186.74,186.76,186.11,186.3,107533.23
2025-07-27 10:00:00+00:00,186.31,186.82,186.26,186.8,80463.72
2025-07-27 10:15:00+00:00,186.8,187.13,186.64,186.67,104713.1
2025-07-27 10:30:00+00:00,186.67,187.8,186.51,187.73,157030.39
2025-07-27 10:45:00+00:00,187.73,188.42,187.5,187.58,297153.09
2025-07-27 11:00:00+00:00,187.59,188.16,187.58,188.02,131078.63
2025-07-27 11:15:00+00:00,188.02,188.41,187.78,188.24,194599.91
2025-07-27 11:30:00+00:00,188.24,188.53,187.46,187.51,177546.67
2025-07-27 11:45:00+00:00,187.51,187.51,186.72,186.94,193277.29
2025-07-27 12:00:00+00:00,186.95,187.3,186.56,187.14,172765.85
2025-07-27 12:15:00+00:00,187.14,187.2,186.25,186.33,140918.27
2025-07-27 12:30:00+00:00,186.33,186.6,185.38,185.68,322850.35
2025-07-27 12:45:00+00:00,185.69,186.49,185.65,186.35,146725.87
2025-07-27 13:00:00+00:00,186.34,186.71,186.14,186.54,117759.79
2025-07-27 13:15:00+00:00,186.54,186.67,186.13,186.64,92751.69
2025-07-27 13:30:00+00:00,186.64,186.65,185.81,185.85,128340.83
2025-07-27 13:45:00+00:00,185.84,186.05,185.4,185.68,153500.41
2025-07-27 14:00:00+00:00,185.67,186.28,185.5,185.92,143062.91
2025-07-27 14:15:00+00:00,185.91,186.45,185.63,185.94,99315.39
2025-07-27 14:30:00+00:00,185.94,186.32,185.51,185.69,107539.01
2025-07-27 14:45:00+00:00,185.69,185.9,185.07,185.7,202244.25
2025-07-27 15:00:00+00:00,185.71,185.82,184.8,185.24,199280.62
2025-07-27 15:15:00+00:00,185.24,185.76,184.88,185.55,110558.47
2025-07-27 15:30:00+00:00,185.55,185.95,185.28,185.94,98878.35
2025-07-27 15:45:00+00:00,185.95,186.43,185.74,186.38,116428.98
2025-07-27 16:00:00+00:00,186.38,187.79,186.3,187.77,319126.57
2025-07-27 16:15:00+00:00,187.77,188.44,187.5,188.4,384176.8
2025-07-27 16:30:00+00:00,188.4,189.7,188.35,188.77,576047.35
2025-07-27 16:45:00+00:00,188.77,189.6,186.84,187.58,486726.23
2025-07-27 17:00:00+00:00,187.58,187.9,186.34,186.7,415825.04
2025-07-27 17:15:00+00:00,186.7,187.02,185.87,186.92,335485.49
2025-07-27 17:30:00+00:00,186.92,187.47,186.56,187.17,207874.4
2025-07-27 17:45:00+00:00,187.17,188.29,187.06,187.99,201148.99
2025-07-27 18:00:00+00:00,187.99,188.6,187.6,188.53,227391.62
2025-07-27 18:15:00+00:00,188.53,188.72,187.91,188.43,173583.09
2025-07-27 18:30:00+00:00,188.42,188.7,187.57,188.01,141280.79
2025-07-27 18:45:00+00:00,188.0,188.64,187.37,188.32,145853.65
2025-07-27 19:00:00+00:00,188.31,188.52,187.71,187.91,88802.72
2025-07-27 19:15:00+00:00,187.9,187.91,187.35,187.45,67212.56
2025-07-27 19:30:00+00:00,187.46,187.88,187.1,187.16,77695.31
2025-07-27 19:45:00+00:00,187.17,187.42,186.8,186.89,96130.86
2025-07-27 20:00:00+00:00,186.89,187.92,186.89,187.8,87520.82
2025-07-27 20:15:00+00:00,187.79,188.15,187.55,187.89,66754.14
2025-07-27 20:30:00+00:00,187.89,187.91,187.08,187.14,73922.63
2025-07-27 20:45:00+00:00,187.14,187.42,186.6,187.06,76417.93
2025-07-27 21:00:00+00:00,187.07,187.39,186.5,186.52,77443.67
2025-07-27 21:15:00+00:00,186.52,186.94,186.27,186.91,80742.34
2025-07-27 21:30:00+00:00,186.9,187.26,186.4,186.61,76101.94
2025-07-27 21:45:00+00:00,186.61,187.9,186.6,187.9,67656.85
2025-07-27 22:00:00+00:00,187.9,190.39,187.75,190.14,540063.22
2025-07-27 22:15:00+00:00,190.15,190.67,189.44,189.99,392779.8
2025-07-27 22:30:00+00:00,189.99,190.31,189.42,190.0,180081.71
2025-07-27 22:45:00+00:00,190.0,190.01,188.82,188.87,178981.82
2025-07-27 23:00:00+00:00,188.86,189.04,187.11,187.5,352794.24
2025-07-27 23:15:00+00:00,187.51,188.06,187.45,187.98,204414.63
2025-07-27 23:30:00+00:00,187.98,188.45,187.47,188.2,148242.83
2025-07-27 23:45:00+00:00,188.21,188.77,188.12,188.55,126076.9
2025-07-28 00:00:00+00:00,188.56,188.94,188.02,188.93,115298.02
2025-07-28 00:15:00+00:00,188.93,191.09,188.81,190.9,397834.29
2025-07-28 00:30:00+00:00,190.9,191.04,189.37,189.43,259183.5
2025-07-28 00:45:00+00:00,189.43,190.05,188.87,189.62,168816.92
2025-07-28 01:00:00+00:00,189.63,189.84,188.62,189.32,166225.45
2025-07-28 01:15:00+00:00,189.31,190.1,188.64,189.13,179590.97
2025-07-28 01:30:00+00:00,189.12,189.14,187.71,187.78,210073.83
2025-07-28 01:45:00+00:00,187.79,188.3,187.55,188.2,154978.89
2025-07-28 02:00:00+00:00,188.21,188.78,187.8,188.64,164056.0
2025-07-28 02:15:00+00:00,188.64,190.93,188.61,190.73,323294.01
2025-07-28 02:30:00+00:00,190.73,191.66,190.35,191.52,588989.24
2025-07-28 02:45:00+00:00,191.52,191.96,191.07,191.54,348830.64
2025-07-28 03:00:00+00:00,191.54,192.49,191.21,191.39,376942.22
2025-07-28 03:15:00+00:00,191.39,192.1,191.23,191.71,193982.83
2025-07-28 03:30:00+00:00,191.71,193.17,191.53,192.91,459398.43
2025-07-28 03:45:00+00:00,192.92,193.79,192.9,193.29,357249.88
2025-07-28 04:00:00+00:00,193.29,194.02,192.83,192.92,336836.0
2025-07-28 04:15:00+00:00,192.92,193.28,192.45,192.86,272295.78
2025-07-28 04:30:00+00:00,192.85,193.29,192.54,193.02,181674.54
2025-07-28 04:45:00+00:00,193.02,193.35,192.73,193.04,170448.52
2025-07-28 05:00:00+00:00,193.04,193.43,192.66,193.03,137243.33
2025-07-28 05:15:00+00:00,193.03,193.72,192.95,193.19,213698.26
2025-07-28 05:30:00+00:00,193.18,193.94,192.88,193.69,214637.54
2025-07-28 05:45:00+00:00,193.7,195.32,193.26,194.3,420506.25
2025-07-28 06:00:00+00:00,194.31,194.49,193.88,194.18,181299.74
2025-07-28 06:15:00+00:00,194.17,194.38,193.52,193.61,248861.14
2025-07-28 06:30:00+00:00,193.62,193.97,193.52,193.78,163730.06
2025-07-28 06:45:00+00:00,193.77,194.28,193.67,193.97,107821.98
2025-07-28 07:00:00+00:00,193.98,194.06,191.83,192.06,530931.39
2025-07-28 07:15:00+00:00,192.07,192.77,191.56,192.59,331886.61
2025-07-28 07:30:00+00:00,192.58,192.58,191.83,191.95,188261.48
2025-07-28 07:45:00+00:00,191.95,192.39,191.9,192.29,101377.65
2025-07-28 08:00:00+00:00,192.29,192.78,191.96,192.07,135783.8
2025-07-28 08:15:00+00:00,192.08,192.45,191.53,192.15,161504.17
2025-07-28 08:30:00+00:00,192.16,192.21,191.2,191.82,163988.7
2025-07-28 08:45:00+00:00,191.83,192.68,191.6,192.54,162033.01
2025-07-28 09:00:00+00:00,192.53,192.8,192.24,192.26,130974.8
2025-07-28 09:15:00+00:00,192.25,192.79,192.12,192.43,83510.06
2025-07-28 09:30:00+00:00,192.44,192.71,191.75,192.24,123810.35
2025-07-28 09:45:00+00:00,192.25,193.31,192.15,193.09,195090.38
2025-07-28 10:00:00+00:00,193.09,193.25,192.35,192.35,138749.53
2025-07-28 10:15:00+00:00,192.35,193.07,192.2,192.93,107458.34
2025-07-28 10:30:00+00:00,192.94,192.94,191.64,191.84,144675.32
2025-07-28 10:45:00+00:00,191.85,192.4,191.7,192.24,140772.29
2025-07-28 11:00:00+00:00,192.24,192.28,191.54,191.55,87239.85
2025-07-28 11:15:00+00:00,191.56,191.68,190.89,190.94,233744.98
2025-07-28 11:30:00+00:00,190.94,191.61,190.6,191.42,253276.24
2025-07-28 11:45:00+00:00,191.42,192.02,191.39,191.96,101776.59
2025-07-28 12:00:00+00:00,191.96,192.3,191.31,192.07,128884.57
2025-07-28 12:15:00+00:00,192.06,192.72,191.92,192.41,189002.45
2025-07-28 12:30:00+00:00,192.41,193.48,192.13,193.47,276885.14
2025-07-28 12:45:00+00:00,193.46,193.49,192.56,192.82,266362.8
2025-07-28 13:00:00+00:00,192.83,192.91,191.15,191.18,328790.88
2025-07-28 13:15:00+00:00,191.18,191.75,189.87,190.54,599252.46
2025-07-28 13:30:00+00:00,190.54,191.76,189.23,191.17,672210.3
2025-07-28 13:45:00+00:00,191.16,191.64,189.67,190.16,346444.49
2025-07-28 14:00:00+00:00,190.16,190.66,189.37,189.59,336376.85
2025-07-28 14:15:00+00:00,189.59,189.81,186.93,187.37,1411319.74
2025-07-28 14:30:00+00:00,187.38,188.14,186.66,187.88,569207.58
2025-07-28 14:45:00+00:00,187.89,187.98,187.07,187.46,262716.17
2025-07-28 15:00:00+00:00,187.47,188.03,187.16,188.02,213257.23
2025-07-28 15:15:00+00:00,188.02,188.85,187.9,188.66,333504.14
2025-07-28 15:30:00+00:00,188.65,189.02,187.64,187.67,234245.08
2025-07-28 15:45:00+00:00,187.68,188.04,186.48,187.14,359574.38
2025-07-28 16:00:00+00:00,187.13,187.13,186.05,186.57,390714.63
2025-07-28 16:15:00+00:00,186.58,187.37,186.4,187.25,250010.99
2025-07-28 16:30:00+00:00,187.24,187.64,186.42,187.6,185966.96
2025-07-28 16:45:00+00:00,187.6,187.95,186.4,186.59,223399.96
2025-07-28 17:00:00+00:00,186.59,187.38,186.43,186.54,149022.31
2025-07-28 17:15:00+00:00,186.54,186.91,185.75,186.87,435086.6
2025-07-28 17:30:00+00:00,186.86,187.05,185.5,185.85,276356.57
2025-07-28 17:45:00+00:00,185.85,186.18,185.24,185.84,233004.25
2025-07-28 18:00:00+00:00,185.84,186.19,184.51,185.76,531065.82
2025-07-28 18:15:00+00:00,185.76,185.85,184.28,184.52,531601.35
2025-07-28 18:30:00+00:00,184.53,185.18,183.36,185.0,721430.05
2025-07-28 18:45:00+00:00,185.0,185.39,184.73,185.08,243790.78
2025-07-28 19:00:00+00:00,185.07,186.38,185.01,185.8,328538.11
2025-07-28 19:15:00+00:00,185.8,186.05,185.35,185.66,166702.63
2025-07-28 19:30:00+00:00,185.66,185.66,184.39,184.49,233567.6
2025-07-28 19:45:00+00:00,184.49,185.4,183.55,185.2,551419.39
2025-07-28 20:00:00+00:00,185.21,185.49,183.85,184.05,343092.57
2025-07-28 20:15:00+00:00,184.06,184.52,182.52,182.78,447680.86
2025-07-28 20:30:00+00:00,182.77,184.49,182.6,183.65,392489.7
2025-07-28 20:45:00+00:00,183.65,184.65,183.52,184.12,152186.65
2025-07-28 21:00:00+00:00,184.11,184.97,183.85,184.37,174896.09
2025-07-28 21:15:00+00:00,184.36,184.66,183.24,183.94,143551.45
2025-07-28 21:30:00+00:00,183.94,185.11,183.65,185.05,143240.01
2025-07-28 21:45:00+00:00,185.04,185.1,183.41,184.17,105291.89
2025-07-28 22:00:00+00:00,184.17,184.56,183.48,183.93,173026.36
2025-07-28 22:15:00+00:00,183.94,184.11,183.22,183.53,130665.36
2025-07-28 22:30:00+00:00,183.53,183.66,182.06,182.74,314393.09
2025-07-28 22:45:00+00:00,182.74,183.57,182.5,183.57,196559.09
2025-07-28 23:00:00+00:00,183.58,183.96,182.91,183.47,172881.06
2025-07-28 23:15:00+00:00,183.47,183.98,182.93,182.94,156518.81
2025-07-28 23:30:00+00:00,182.95,183.74,182.86,182.87,120480.8
2025-07-28 23:45:00+00:00,182.87,183.27,182.12,183.03,163149.03
2025-07-29 00:00:00+00:00,183.03,184.13,182.56,184.09,283901.88
2025-07-29 00:15:00+00:00,184.08,184.62,183.87,183.89,241211.89
2025-07-29 00:30:00+00:00,183.89,184.15,180.67,181.8,707180.28
2025-07-29 00:45:00+00:00,181.8,182.75,181.55,182.73,194543.49
2025-07-29 01:00:00+00:00,182.74,183.44,182.4,183.22,155830.08
2025-07-29 01:15:00+00:00,183.23,183.95,183.23,183.79,136351.99
2025-07-29 01:30:00+00:00,183.79,183.94,183.27,183.31,77018.29
2025-07-29 01:45:00+00:00,183.31,183.32,181.57,181.67,198333.96
2025-07-29 02:00:00+00:00,181.68,182.36,181.5,182.14,192852.19
2025-07-29 02:15:00+00:00,182.14,182.14,180.5,181.84,391160.45
2025-07-29 02:30:00+00:00,181.84,182.27,181.17,181.82,196839.46
2025-07-29 02:45:00+00:00,181.82,182.3,181.27,182.2,178010.58
2025-07-29 03:00:00+00:00,182.21,183.57,182.17,183.52,253697.07
2025-07-29 03:15:00+00:00,183.53,183.53,182.9,183.36,148787.8
2025-07-29 03:30:00+00:00,183.36,184.18,183.0,184.13,209006.16
2025-07-29 03:45:00+00:00,184.14,184.66,183.66,184.27,263504.86
2025-07-29 04:00:00+00:00,184.27,184.72,184.14,184.66,170309.43
2025-07-29 04:15:00+00:00,184.67,184.67,183.77,183.8,165103.52
2025-07-29 04:30:00+00:00,183.8,184.17,183.41,183.59,125789.48
2025-07-29 04:45:00+00:00,183.6,183.75,183.14,183.32,105426.18
2025-07-29 05:00:00+00:00,183.33,184.06,183.23,183.73,108359.63
2025-07-29 05:15:00+00:00,183.74,183.96,183.13,183.86,101925.45
2025-07-29 05:30:00+00:00,183.87,184.6,183.7,184.43,138470.26
2025-07-29 05:45:00+00:00,184.42,184.8,184.35,184.79,144377.74
2025-07-29 06:00:00+00:00,184.79,184.94,184.41,184.9,151952.48
2025-07-29 06:15:00+00:00,184.9,185.52,184.73,185.07,266730.26
2025-07-29 06:30:00+00:00,185.07,185.27,184.64,185.23,157596.57
2025-07-29 06:45:00+00:00,185.23,185.33,184.7,184.72,121380.48
2025-07-29 07:00:00+00:00,184.72,185.5,184.72,185.1,144931.48
2025-07-29 07:15:00+00:00,185.1,185.59,184.83,185.07,145629.35
2025-07-29 07:30:00+00:00,185.07,186.15,184.91,186.15,264147.47
2025-07-29 07:45:00+00:00,186.15,186.5,185.7,185.96,305394.84
2025-07-29 08:00:00+00:00,185.96,186.44,185.6,185.73,205655.58
2025-07-29 08:15:00+00:00,185.74,186.17,184.85,185.02,173249.26
2025-07-29 08:30:00+00:00,185.02,185.62,185.02,185.38,110573.84
2025-07-29 08:45:00+00:00,185.37,185.75,184.74,184.83,126945.31
2025-07-29 09:00:00+00:00,184.84,185.13,184.29,184.44,184325.08
2025-07-29 09:15:00+00:00,184.44,185.14,184.13,184.99,182509.2
2025-07-29 09:30:00+00:00,184.99,185.05,184.28,184.62,78361.31
2025-07-29 09:45:00+00:00,184.63,184.74,184.23,184.52,64444.16
2025-07-29 10:00:00+00:00,184.52,184.72,183.3,183.38,281070.91
2025-07-29 10:15:00+00:00,183.39,183.85,183.08,183.59,183621.29
2025-07-29 10:30:00+00:00,183.58,184.17,183.16,183.22,162934.02
2025-07-29 10:45:00+00:00,183.23,183.3,182.16,182.3,310355.31
2025-07-29 11:00:00+00:00,182.29,182.95,182.27,182.94,130484.27
2025-07-29 11:15:00+00:00,182.95,183.35,182.8,183.21,99883.37
2025-07-29 11:30:00+00:00,183.21,183.45,182.4,182.68,127921.57
2025-07-29 11:45:00+00:00,182.68,182.9,182.54,182.83,65609.06
2025-07-29 12:00:00+00:00,182.84,183.42,182.47,182.72,128492.97
2025-07-29 12:15:00+00:00,182.71,184.01,182.71,183.82,233696.57
2025-07-29 12:30:00+00:00,183.81,184.44,183.25,184.34,216192.23
2025-07-29 12:45:00+00:00,184.34,184.45,183.71,183.8,102209.42
2025-07-29 13:00:00+00:00,183.8,184.2,183.18,183.82,148999.96
2025-07-29 13:15:00+00:00,183.81,184.93,183.63,184.49,299635.06
2025-07-29 13:30:00+00:00,184.5,184.91,183.48,183.87,257497.88
2025-07-29 13:45:00+00:00,183.87,184.21,182.1,182.62,456639.82
2025-07-29 14:00:00+00:00,182.62,182.73,180.44,181.1,933429.64
2025-07-29 14:15:00+00:00,181.1,181.9,180.94,181.85,323943.16
2025-07-29 14:30:00+00:00,181.86,181.93,180.8,181.45,343790.76
2025-07-29 14:45:00+00:00,181.45,181.6,179.55,180.31,906467.56
2025-07-29 15:00:00+00:00,180.3,180.91,179.1,180.3,659104.74
2025-07-29 15:15:00+00:00,180.31,180.69,179.91,180.16,305368.47
2025-07-29 15:30:00+00:00,180.17,180.58,179.49,180.46,293277.66
2025-07-29 15:45:00+00:00,180.46,181.4,180.41,180.71,321931.4
2025-07-29 16:00:00+00:00,180.7,180.88,179.3,179.71,363657.65
2025-07-29 16:15:00+00:00,179.71,179.91,178.63,179.48,439885.78
2025-07-29 16:30:00+00:00,179.48,179.62,178.18,179.37,590772.38
2025-07-29 16:45:00+00:00,179.37,180.12,179.13,180.0,475043.36
2025-07-29 17:00:00+00:00,180.0,181.1,179.72,181.03,282368.29
2025-07-29 17:15:00+00:00,181.03,181.6,180.52,181.37,314526.88
2025-07-29 17:30:00+00:00,181.37,181.6,180.44,180.44,192178.9
2025-07-29 17:45:00+00:00,180.44,181.64,180.44,181.4,150010.21
2025-07-29 18:00:00+00:00,181.39,181.54,180.6,181.23,125780.6
2025-07-29 18:15:00+00:00,181.23,181.9,181.15,181.82,104841.29
2025-07-29 18:30:00+00:00,181.82,182.05,181.38,181.5,125379.39
2025-07-29 18:45:00+00:00,181.51,181.67,180.88,181.38,79312.71
2025-07-29 19:00:00+00:00,181.38,181.65,180.97,181.65,110919.65
2025-07-29 19:15:00+00:00,181.65,182.33,180.25,180.65,391844.29
2025-07-29 19:30:00+00:00,180.66,181.54,180.52,181.3,122841.96
2025-07-29 19:45:00+00:00,181.31,181.63,180.97,181.0,133579.98
2025-07-29 20:00:00+00:00,180.99,181.29,179.91,180.27,273647.36
2025-07-29 20:15:00+00:00,180.26,181.82,179.71,180.86,339220.65
2025-07-29 20:30:00+00:00,180.85,180.94,179.64,179.91,185174.28
2025-07-29 20:45:00+00:00,179.91,180.26,179.45,179.99,140738.26
2025-07-29 21:00:00+00:00,180.0,180.16,179.2,179.9,144938.77
2025-07-29 21:15:00+00:00,179.9,179.98,179.2,179.82,115545.87
2025-07-29 21:30:00+00:00,179.82,180.49,179.76,180.0,91367.99
2025-07-29 21:45:00+00:00,180.0,181.56,180.0,181.16,143234.51
2025-07-29 22:00:00+00:00,181.17,181.58,180.31,180.37,177194.57
2025-07-29 22:15:00+00:00,180.37,181.25,180.37,181.2,61054.59
2025-07-29 22:30:00+00:00,181.2,181.43,181.03,181.12,59429.54
2025-07-29 22:45:00+00:00,181.12,181.75,181.03,181.62,79581.23
2025-07-29 23:00:00+00:00,181.63,181.7,181.18,181.4,93198.41
2025-07-29 23:15:00+00:00,181.39,181.6,181.08,181.47,65041.97
2025-07-29 23:30:00+00:00,181.47,181.9,181.03,181.05,91676.31
2025-07-29 23:45:00+00:00,181.05,181.42,180.82,181.39,72456.76
2025-07-30 00:00:00+00:00,181.38,181.5,180.6,181.11,132402.29
2025-07-30 00:15:00+00:00,181.12,181.31,180.2,180.48,115398.41
2025-07-30 00:30:00+00:00,180.47,180.69,179.5,179.75,201491.92
2025-07-30 00:45:00+00:00,179.75,180.2,179.2,180.13,157518.62
2025-07-30 01:00:00+00:00,180.13,180.29,179.64,180.0,89511.99
2025-07-30 01:15:00+00:00,179.99,180.04,178.71,179.24,237986.85
2025-07-30 01:30:00+00:00,179.25,181.26,179.04,181.09,290985.66
2025-07-30 01:45:00+00:00,181.09,181.86,181.0,181.29,273462.54
2025-07-30 02:00:00+00:00,181.29,182.29,181.01,182.22,217931.53
2025-07-30 02:15:00+00:00,182.22,182.27,181.4,181.52,142681.02
2025-07-30 02:30:00+00:00,181.51,182.21,181.2,181.82,114071.69
2025-07-30 02:45:00+00:00,181.81,182.26,181.63,181.68,88161.22
2025-07-30 03:00:00+00:00,181.67,181.8,181.33,181.72,62558.89
2025-07-30 03:15:00+00:00,181.72,181.95,181.24,181.75,88621.42
2025-07-30 03:30:00+00:00,181.76,182.06,181.55,182.02,70423.99
2025-07-30 03:45:00+00:00,182.03,182.17,181.46,181.6,86288.48
2025-07-30 04:00:00+00:00,181.6,182.03,181.53,181.94,76643.24
2025-07-30 04:15:00+00:00,181.95,182.03,181.48,181.48,63455.9
2025-07-30 04:30:00+00:00,181.48,181.5,180.32,180.64,207751.28
2025-07-30 04:45:00+00:00,180.63,180.66,180.08,180.22,133136.26
2025-07-30 05:00:00+00:00,180.22,180.53,179.44,179.47,294514.93
2025-07-30 05:15:00+00:00,179.48,180.61,179.23,180.53,219984.03
2025-07-30 05:30:00+00:00,180.53,180.72,180.15,180.59,105796.96
2025-07-30 05:45:00+00:00,180.59,181.17,180.29,180.93,109317.93
2025-07-30 06:00:00+00:00,180.93,181.42,180.84,181.2,110425.8
2025-07-30 06:15:00+00:00,181.21,181.43,180.87,181.33,112124.25
2025-07-30 06:30:00+00:00,181.33,181.59,180.7,181.47,107757.85
2025-07-30 06:45:00+00:00,181.46,182.0,181.25,181.92,132546.56
2025-07-30 07:00:00+00:00,181.91,182.48,181.42,181.56,205101.25
2025-07-30 07:15:00+00:00,181.55,181.91,181.08,181.91,195007.4
2025-07-30 07:30:00+00:00,181.91,182.19,180.95,181.21,157997.58
2025-07-30 07:45:00+00:00,181.21,181.25,180.27,180.74,164909.7
2025-07-30 08:00:00+00:00,180.74,181.21,179.9,179.9,180974.45
2025-07-30 08:15:00+00:00,179.9,180.39,179.75,180.28,265874.37
2025-07-30 08:30:00+00:00,180.28,181.26,179.94,181.07,175411.15
2025-07-30 08:45:00+00:00,181.08,181.44,180.45,180.46,112914.95
2025-07-30 09:00:00+00:00,180.46,180.86,180.02,180.12,170908.79
2025-07-30 09:15:00+00:00,180.12,180.41,179.55,179.59,162442.46
2025-07-30 09:30:00+00:00,179.6,179.64,178.58,178.81,469845.72
2025-07-30 09:45:00+00:00,178.82,179.3,178.67,179.03,147491.72
2025-07-30 10:00:00+00:00,179.02,179.83,179.02,179.6,156110.14
2025-07-30 10:15:00+00:00,179.6,179.89,179.13,179.61,100941.41
2025-07-30 10:30:00+00:00,179.6,180.03,179.25,179.5,118940.63
2025-07-30 10:45:00+00:00,179.49,179.72,177.61,177.92,546170.82
2025-07-30 11:00:00+00:00,177.92,178.62,177.79,178.19,268298.88
2025-07-30 11:15:00+00:00,178.19,178.27,176.52,176.93,734950.91
2025-07-30 11:30:00+00:00,176.94,177.64,176.77,176.78,209697.13
2025-07-30 11:45:00+00:00,176.79,177.38,176.31,177.21,414593.57
2025-07-30 12:00:00+00:00,177.2,177.34,176.56,177.09,238907.26
2025-07-30 12:15:00+00:00,177.08,177.98,176.6,177.69,368669.38
2025-07-30 12:30:00+00:00,177.69,177.93,176.61,176.89,353425.88
2025-07-30 12:45:00+00:00,176.9,177.86,176.81,177.44,165763.32
2025-07-30 13:00:00+00:00,177.43,178.18,177.08,177.61,259394.2
2025-07-30 13:15:00+00:00,177.62,178.17,176.57,176.81,291656.33
2025-07-30 13:30:00+00:00,176.81,177.8,176.56,177.35,326707.34
2025-07-30 13:45:00+00:00,177.34,178.09,176.98,177.9,294903.67
2025-07-30 14:00:00+00:00,177.9,178.44,177.62,178.3,204882.15
2025-07-30 14:15:00+00:00,178.3,179.14,178.05,178.3,388034.97
2025-07-30 14:30:00+00:00,178.3,179.2,178.11,178.91,182241.41
2025-07-30 14:45:00+00:00,178.9,180.5,178.58,180.0,520070.87
2025-07-30 15:00:00+00:00,180.01,180.3,179.0,179.07,327376.65
2025-07-30 15:15:00+00:00,179.07,179.55,178.45,178.54,213719.69
2025-07-30 15:30:00+00:00,178.54,179.23,178.13,178.95,150040.09
2025-07-30 15:45:00+00:00,178.95,179.32,178.43,179.12,118599.09
2025-07-30 16:00:00+00:00,179.11,179.29,178.47,179.21,117711.07
2025-07-30 16:15:00+00:00,179.22,179.96,178.72,178.83,255183.5
2025-07-30 16:30:00+00:00,178.82,178.93,178.27,178.63,110143.99
2025-07-30 16:45:00+00:00,178.64,178.66,178.25,178.57,59689.3
2025-07-30 17:00:00+00:00,178.58,178.95,178.37,178.38,96334.14
2025-07-30 17:15:00+00:00,178.38,179.22,178.17,178.66,115339.65
2025-07-30 17:30:00+00:00,178.65,179.27,178.56,179.13,80160.16
2025-07-30 17:45:00+00:00,179.14,179.3,178.35,179.27,118220.49
2025-07-30 18:00:00+00:00,179.27,180.09,177.9,179.22,490232.82
2025-07-30 18:15:00+00:00,179.23,179.79,178.7,179.44,220459.36
2025-07-30 18:30:00+00:00,179.45,179.68,177.92,178.3,282240.34
2025-07-30 18:45:00+00:00,178.3,178.42,175.65,175.79,914014.99
2025-07-30 19:00:00+00:00,175.79,175.79,170.0,173.57,2847165.6
2025-07-30 19:15:00+00:00,173.57,174.15,172.95,173.99,693116.18
2025-07-30 19:30:00+00:00,173.98,174.78,173.39,174.67,494916.19
2025-07-30 19:45:00+00:00,174.66,176.38,174.52,176.03,722298.79
2025-07-30 20:00:00+00:00,176.03,177.3,175.83,177.27,476115.86
2025-07-30 20:15:00+00:00,177.26,177.41,176.25,176.27,256819.5
2025-07-30 20:30:00+00:00,176.28,176.73,175.7,175.81,232769.31
2025-07-30 20:45:00+00:00,175.8,176.17,175.62,176.09,111226.43
2025-07-30 21:00:00+00:00,176.08,176.56,175.82,176.15,139831.63
2025-07-30 21:15:00+00:00,176.16,176.25,175.12,175.19,121465.67
2025-07-30 21:30:00+00:00,175.19,175.67,174.67,174.86,192278.77
2025-07-30 21:45:00+00:00,174.86,175.94,174.86,175.77,125880.3
2025-07-30 22:00:00+00:00,175.76,176.36,175.35,175.85,225161.25
2025-07-30 22:15:00+00:00,175.86,176.0,175.02,175.17,117334.11
2025-07-30 22:30:00+00:00,175.16,175.76,175.1,175.7,80051.98
2025-07-30 22:45:00+00:00,175.7,176.27,175.52,176.23,76858.89
2025-07-30 23:00:00+00:00,176.23,176.93,176.14,176.87,116151.62
2025-07-30 23:15:00+00:00,176.87,177.26,176.66,177.22,98822.76
2025-07-30 23:30:00+00:00,177.23,178.0,177.18,177.8,195004.32
2025-07-30 23:45:00+00:00,177.8,177.95,177.54,177.68,119253.3
2025-07-31 00:00:00+00:00,177.67,177.96,177.52,177.82,98045.23
2025-07-31 00:15:00+00:00,177.82,178.43,177.68,178.41,143447.09
2025-07-31 00:30:00+00:00,178.4,179.35,178.29,179.21,225225.31
2025-07-31 00:45:00+00:00,179.22,179.64,178.81,179.33,217719.19
2025-07-31 01:00:00+00:00,179.34,179.37,178.83,179.23,97703.07
2025-07-31 01:15:00+00:00,179.24,179.9,178.77,179.77,218586.53
2025-07-31 01:30:00+00:00,179.77,180.0,179.51,179.74,124711.28
2025-07-31 01:45:00+00:00,179.73,179.81,178.99,179.38,148030.08
2025-07-31 02:00:00+00:00,179.38,179.65,179.1,179.36,103025.88
2025-07-31 02:15:00+00:00,179.37,179.68,179.15,179.63,66463.42
2025-07-31 02:30:00+00:00,179.64,180.2,179.59,180.16,91821.12
2025-07-31 02:45:00+00:00,180.15,180.26,179.82,180.23,100482.57
2025-07-31 03:00:00+00:00,180.23,180.3,179.96,180.0,86544.9
2025-07-31 03:15:00+00:00,180.01,180.12,179.94,180.08,58729.5
2025-07-31 03:30:00+00:00,180.08,180.15,179.86,180.14,59776.64
2025-07-31 03:45:00+00:00,180.14,180.47,179.99,180.23,153100.1
2025-07-31 04:00:00+00:00,180.22,180.37,179.94,180.01,79701.93
2025-07-31 04:15:00+00:00,180.01,180.03,179.69,179.8,104236.69
2025-07-31 04:30:00+00:00,179.79,180.61,179.78,180.39,101999.89
2025-07-31 04:45:00+00:00,180.39,180.8,180.38,180.75,102190.44
2025-07-31 05:00:00+00:00,180.76,181.09,180.5,180.79,128228.53
2025-07-31 05:15:00+00:00,180.78,181.11,180.74,180.91,143339.74
2025-07-31 05:30:00+00:00,180.9,180.99,180.76,180.9,80825.15
2025-07-31 05:45:00+00:00,180.91,180.99,180.61,180.69,78129.46
2025-07-31 06:00:00+00:00,180.69,180.84,180.38,180.45,88876.8
2025-07-31 06:15:00+00:00,180.45,180.94,180.23,180.75,146613.9
2025-07-31 06:30:00+00:00,180.75,181.08,180.46,181.04,81367.93
2025-07-31 06:45:00+00:00,181.05,181.55,181.02,181.19,202638.49
2025-07-31 07:00:00+00:00,181.19,181.3,180.8,180.96,98607.47
2025-07-31 07:15:00+00:00,180.96,181.31,180.92,181.09,99632.15
2025-07-31 07:30:00+00:00,181.1,181.1,180.82,180.97,62364.8
2025-07-31 07:45:00+00:00,180.97,181.31,180.97,181.15,64048.24
2025-07-31 08:00:00+00:00,181.16,181.23,180.98,181.08,48514.3
2025-07-31 08:15:00+00:00,181.07,182.0,180.97,181.53,184300.8
2025-07-31 08:30:00+00:00,181.53,182.07,181.3,182.01,168268.42
2025-07-31 08:45:00+00:00,182.02,182.08,181.49,181.61,84018.73
2025-07-31 09:00:00+00:00,181.6,181.84,181.49,181.73,86763.55
2025-07-31 09:15:00+00:00,181.73,181.88,181.64,181.77,41946.77
2025-07-31 09:30:00+00:00,181.76,182.32,181.66,182.1,185867.48
2025-07-31 09:45:00+00:00,182.09,182.66,181.97,182.45,152054.72
2025-07-31 10:00:00+00:00,182.45,182.55,182.0,182.04,120371.43
2025-07-31 10:15:00+00:00,182.03,182.12,181.65,181.69,139369.54
2025-07-31 10:30:00+00:00,181.69,182.13,181.69,182.06,124394.88
2025-07-31 10:45:00+00:00,182.06,182.19,181.23,181.28,143586.72
2025-07-31 11:00:00+00:00,181.29,181.48,180.79,181.23,209341.69
2025-07-31 11:15:00+00:00,181.23,181.28,180.56,180.72,192524.75
2025-07-31 11:30:00+00:00,180.73,181.21,180.73,180.82,156161.77
2025-07-31 11:45:00+00:00,180.82,180.92,180.13,180.66,201878.87
2025-07-31 12:00:00+00:00,180.66,180.83,180.03,180.15,165411.7
2025-07-31 12:15:00+00:00,180.15,180.36,179.66,180.15,269985.48
2025-07-31 12:30:00+00:00,180.16,180.25,178.98,179.15,344255.89
2025-07-31 12:45:00+00:00,179.15,179.65,178.62,179.27,327710.9
2025-07-31 13:00:00+00:00,179.27,179.3,177.6,177.71,427733.51
2025-07-31 13:15:00+00:00,177.71,178.08,176.88,177.01,654710.58
2025-07-31 13:30:00+00:00,177.02,177.66,176.61,177.08,529808.75
2025-07-31 13:45:00+00:00,177.09,177.94,176.79,177.58,420112.67
2025-07-31 14:00:00+00:00,177.58,178.13,176.6,177.27,474011.49
2025-07-31 14:15:00+00:00,177.26,177.26,175.58,176.0,728412.8
2025-07-31 14:30:00+00:00,176.01,176.96,175.9,176.12,297597.32
2025-07-31 14:45:00+00:00,176.11,176.7,175.38,175.58,278773.11
2025-07-31 15:00:00+00:00,175.58,176.17,175.14,175.79,335701.25
2025-07-31 15:15:00+00:00,175.79,176.94,175.78,176.79,289876.6
2025-07-31 15:30:00+00:00,176.79,177.36,176.76,177.03,207830.81
2025-07-31 15:45:00+00:00,177.03,177.34,176.26,177.21,211761.28
2025-07-31 16:00:00+00:00,177.22,177.86,177.03,177.58,267472.88
2025-07-31 16:15:00+00:00,177.58,178.39,177.52,178.19,243722.38
2025-07-31 16:30:00+00:00,178.19,179.7,178.18,179.18,457987.83
2025-07-31 16:45:00+00:00,179.19,179.41,178.31,179.17,224183.74
2025-07-31 17:00:00+00:00,179.17,179.22,178.03,178.28,213831.89
2025-07-31 17:15:00+00:00,178.28,178.61,177.04,177.61,319951.75
2025-07-31 17:30:00+00:00,177.62,178.33,177.32,177.8,188025.91
2025-07-31 17:45:00+00:00,177.8,178.1,176.71,177.19,206893.7
2025-07-31 18:00:00+00:00,177.2,177.39,175.82,176.1,319876.25
2025-07-31 18:15:00+00:00,176.1,176.88,175.48,176.79,334324.21
2025-07-31 18:30:00+00:00,176.79,177.59,176.66,177.46,174144.32
2025-07-31 18:45:00+00:00,177.46,178.01,177.12,177.65,212891.69
2025-07-31 19:00:00+00:00,177.66,178.12,176.03,176.12,310558.8
2025-07-31 19:15:00+00:00,176.12,176.74,175.72,175.8,277824.52
2025-07-31 19:30:00+00:00,175.81,176.23,175.39,175.59,268297.98
2025-07-31 19:45:00+00:00,175.59,175.93,174.66,175.22,449540.37
2025-07-31 20:00:00+00:00,175.22,175.45,174.13,174.79,584056.62
2025-07-31 20:15:00+00:00,174.79,175.66,174.31,175.06,301479.79
2025-07-31 20:30:00+00:00,175.06,175.55,174.37,175.21,345602.28
2025-07-31 20:45:00+00:00,175.21,175.56,174.81,175.37,162982.02
2025-07-31 21:00:00+00:00,175.38,175.6,174.36,174.51,243086.85
2025-07-31 21:15:00+00:00,174.51,174.97,173.95,174.96,233853.93
2025-07-31 21:30:00+00:00,174.96,175.4,174.02,174.23,167515.9
2025-07-31 21:45:00+00:00,174.23,174.44,172.63,173.74,470354.13
2025-07-31 22:00:00+00:00,173.74,173.78,173.0,173.65,244031.75
2025-07-31 22:15:00+00:00,173.65,174.38,172.88,173.54,240660.28
2025-07-31 22:30:00+00:00,173.54,173.57,172.33,172.68,285026.51
2025-07-31 22:45:00+00:00,172.68,173.11,172.43,172.83,126312.83
2025-07-31 23:00:00+00:00,172.83,173.68,172.74,173.37,184663.34
2025-07-31 23:15:00+00:00,173.37,173.37,172.36,172.37,211427.57
2025-07-31 23:30:00+00:00,172.37,172.5,171.36,172.03,496322.23
2025-07-31 23:45:00+00:00,172.03,172.5,171.68,172.15,175093.03
2025-08-01 00:00:00+00:00,172.15,172.19,170.52,170.89,609244.21
2025-08-01 00:15:00+00:00,170.9,171.88,170.46,171.03,378827.01
2025-08-01 00:30:00+00:00,171.03,171.18,169.76,169.96,391804.94
2025-08-01 00:45:00+00:00,169.95,170.5,167.24,170.24,1571547.97
2025-08-01 01:00:00+00:00,170.25,170.79,168.24,168.45,709811.5
2025-08-01 01:15:00+00:00,168.45,169.88,167.86,169.57,487894.31
2025-08-01 01:30:00+00:00,169.57,170.4,168.9,170.19,395109.79
2025-08-01 01:45:00+00:00,170.19,170.51,168.78,169.46,299518.3
2025-08-01 02:00:00+00:00,169.45,171.11,169.11,171.07,409595.23
2025-08-01 02:15:00+00:00,171.07,171.74,170.84,170.96,378098.24
2025-08-01 02:30:00+00:00,170.97,171.63,170.69,171.09,161420.7
2025-08-01 02:45:00+00:00,171.09,171.62,170.92,171.31,135319.09
2025-08-01 03:00:00+00:00,171.31,171.42,170.85,171.22,143184.63
2025-08-01 03:15:00+00:00,171.22,172.08,171.15,171.96,166479.4
2025-08-01 03:30:00+00:00,171.96,172.08,171.47,171.73,145405.63
2025-08-01 03:45:00+00:00,171.74,171.9,170.84,171.02,135350.64
2025-08-01 04:00:00+00:00,171.03,171.03,169.62,170.03,374657.43
2025-08-01 04:15:00+00:00,170.04,170.16,169.2,169.77,251083.44
2025-08-01 04:30:00+00:00,169.76,170.3,169.42,170.01,147619.06
2025-08-01 04:45:00+00:00,170.01,170.11,169.44,169.56,127681.05
2025-08-01 05:00:00+00:00,169.55,170.2,169.33,169.9,124651.61
2025-08-01 05:15:00+00:00,169.9,169.91,168.66,168.96,274282.18
2025-08-01 05:30:00+00:00,168.96,169.68,168.18,168.93,302093.0
2025-08-01 05:45:00+00:00,168.92,169.12,168.1,169.01,246628.17
2025-08-01 06:00:00+00:00,169.02,169.28,167.94,168.35,239768.01
2025-08-01 06:15:00+00:00,168.36,168.73,167.86,168.02,228510.58
2025-08-01 06:30:00+00:00,168.02,168.78,167.93,168.11,224726.44
2025-08-01 06:45:00+00:00,168.1,169.56,167.91,169.45,323989.41
2025-08-01 07:00:00+00:00,169.44,169.88,168.73,169.13,264871.17
2025-08-01 07:15:00+00:00,169.13,169.68,168.72,168.8,232444.12
2025-08-01 07:30:00+00:00,168.8,169.28,168.16,169.15,316116.72
2025-08-01 07:45:00+00:00,169.15,169.38,168.5,169.33,220247.61
2025-08-01 08:00:00+00:00,169.33,169.33,166.0,167.17,1078887.77
2025-08-01 08:15:00+00:00,167.18,168.0,166.55,167.18,447599.48
2025-08-01 08:30:00+00:00,167.18,168.23,166.42,168.02,498616.77
2025-08-01 08:45:00+00:00,168.01,168.54,167.53,167.53,252774.4
2025-08-01 09:00:00+00:00,167.54,168.8,167.34,167.69,373948.97
2025-08-01 09:15:00+00:00,167.7,168.39,167.51,167.87,196600.25
2025-08-01 09:30:00+00:00,167.88,168.34,167.51,168.28,161321.07
2025-08-01 09:45:00+00:00,168.28,168.28,167.1,167.27,202882.48
2025-08-01 10:00:00+00:00,167.27,168.29,167.0,168.25,159450.66
2025-08-01 10:15:00+00:00,168.25,168.53,167.8,168.05,145240.58
2025-08-01 10:30:00+00:00,168.06,168.57,167.81,168.42,147434.79
2025-08-01 10:45:00+00:00,168.42,168.68,167.86,168.53,183498.19
2025-08-01 11:00:00+00:00,168.54,168.65,167.79,168.44,132635.46
2025-08-01 11:15:00+00:00,168.45,168.6,167.72,167.98,128461.69
2025-08-01 11:30:00+00:00,167.98,168.58,167.73,168.45,135921.94
2025-08-01 11:45:00+00:00,168.44,169.13,168.4,169.1,227409.91
2025-08-01 12:00:00+00:00,169.1,169.67,168.84,169.31,267726.51
2025-08-01 12:15:00+00:00,169.32,169.33,168.45,169.08,173776.51
2025-08-01 12:30:00+00:00,169.09,170.28,168.34,169.69,595325.96
2025-08-01 12:45:00+00:00,169.69,169.69,168.72,168.94,293213.46
2025-08-01 13:00:00+00:00,168.94,169.69,168.8,169.36,161303.32
2025-08-01 13:15:00+00:00,169.37,169.66,168.09,168.38,313538.73
2025-08-01 13:30:00+00:00,168.38,168.63,167.04,167.11,544027.62
2025-08-01 13:45:00+00:00,167.11,167.24,164.61,165.59,1331018.76
2025-08-01 14:00:00+00:00,165.59,167.19,164.42,166.75,914232.44
2025-08-01 14:15:00+00:00,166.74,169.0,166.41,168.93,793376.71
2025-08-01 14:30:00+00:00,168.94,169.59,168.5,168.68,506970.33
2025-08-01 14:45:00+00:00,168.68,169.63,168.68,169.31,394120.17
2025-08-01 15:00:00+00:00,169.31,169.42,167.91,168.33,364947.11
2025-08-01 15:15:00+00:00,168.34,168.56,167.0,167.59,402674.95
2025-08-01 15:30:00+00:00,167.6,168.85,167.1,168.78,492006.75
2025-08-01 15:45:00+00:00,168.77,168.98,168.24,168.5,160401.05
2025-08-01 16:00:00+00:00,168.5,169.39,168.12,169.38,250527.82
2025-08-01 16:15:00+00:00,169.38,169.7,169.09,169.36,201650.64
2025-08-01 16:30:00+00:00,169.36,169.36,167.64,168.6,272076.31
2025-08-01 16:45:00+00:00,168.61,168.69,166.42,166.86,332936.65
2025-08-01 17:00:00+00:00,166.86,167.02,165.36,165.78,456036.19
2025-08-01 17:15:00+00:00,165.78,166.74,165.7,166.61,227920.64
2025-08-01 17:30:00+00:00,166.62,167.63,165.84,166.19,304403.7
2025-08-01 17:45:00+00:00,166.2,166.53,165.96,166.48,139816.72
2025-08-01 18:00:00+00:00,166.48,166.85,165.68,166.55,314824.03
2025-08-01 18:15:00+00:00,166.54,167.0,165.01,166.47,581494.28
2025-08-01 18:30:00+00:00,166.47,167.16,166.39,166.86,236020.13
2025-08-01 18:45:00+00:00,166.86,167.12,164.9,165.66,466699.55
2025-08-01 19:00:00+00:00,165.67,166.33,165.33,166.06,259305.73
2025-08-01 19:15:00+00:00,166.05,166.4,165.32,165.89,320454.81
2025-08-01 19:30:00+00:00,165.89,167.55,165.53,165.88,701790.39
2025-08-01 19:45:00+00:00,165.88,166.84,165.88,166.41,343310.44
2025-08-01 20:00:00+00:00,166.4,166.78,162.85,163.6,1083589.6
2025-08-01 20:15:00+00:00,163.6,163.96,162.71,163.56,604816.38
2025-08-01 20:30:00+00:00,163.56,163.65,161.6,162.77,627624.79
2025-08-01 20:45:00+00:00,162.78,163.92,162.42,163.69,319352.76
2025-08-01 21:00:00+00:00,163.69,164.4,163.4,164.21,329303.38
2025-08-01 21:15:00+00:00,164.21,164.6,163.6,164.5,207784.0
2025-08-01 21:30:00+00:00,164.5,164.79,164.24,164.28,120307.7
2025-08-01 21:45:00+00:00,164.29,164.5,163.65,163.79,107739.92
2025-08-01 22:00:00+00:00,163.79,163.89,161.56,161.79,407912.47
2025-08-01 22:15:00+00:00,161.78,162.27,159.76,160.49,809813.6
2025-08-01 22:30:00+00:00,160.5,160.85,159.02,160.81,1040728.31
2025-08-01 22:45:00+00:00,160.8,161.58,160.2,161.17,511426.4
2025-08-01 23:00:00+00:00,161.18,162.18,160.85,161.94,318812.16
2025-08-01 23:15:00+00:00,161.94,162.37,161.83,162.13,158184.03
2025-08-01 23:30:00+00:00,162.12,162.63,161.6,162.59,168067.11
2025-08-01 23:45:00+00:00,162.59,162.97,162.49,162.61,136183.71
2025-08-02 00:00:00+00:00,162.61,163.16,162.45,162.86,219940.29
2025-08-02 00:15:00+00:00,162.86,163.78,162.86,163.57,189703.99
2025-08-02 00:30:00+00:00,163.58,164.15,163.25,163.81,211649.43
2025-08-02 00:45:00+00:00,163.81,164.57,163.8,164.55,293563.45
2025-08-02 01:00:00+00:00,164.56,164.57,164.02,164.3,118694.36
2025-08-02 01:15:00+00:00,164.31,164.58,163.74,163.96,113807.82
2025-08-02 01:30:00+00:00,163.97,164.5,163.7,164.41,92269.81
2025-08-02 01:45:00+00:00,164.41,164.78,164.27,164.69,83583.07
2025-08-02 02:00:00+00:00,164.68,164.95,164.6,164.77,71698.18
2025-08-02 02:15:00+00:00,164.78,164.88,164.32,164.55,80455.72
2025-08-02 02:30:00+00:00,164.56,164.62,164.2,164.29,73593.33
2025-08-02 02:45:00+00:00,164.3,164.54,164.18,164.48,63959.03
2025-08-02 03:00:00+00:00,164.49,164.82,164.37,164.56,143186.4
2025-08-02 03:15:00+00:00,164.56,164.59,164.31,164.4,51318.78
2025-08-02 03:30:00+00:00,164.4,164.57,164.27,164.41,37968.75
2025-08-02 03:45:00+00:00,164.42,164.49,164.07,164.31,192499.14
2025-08-02 04:00:00+00:00,164.3,164.49,164.13,164.17,60778.73
2025-08-02 04:15:00+00:00,164.17,164.56,163.88,164.56,91262.83
2025-08-02 04:30:00+00:00,164.56,165.11,164.5,165.03,114026.14
2025-08-02 04:45:00+00:00,165.04,165.19,164.84,165.07,75849.95
2025-08-02 05:00:00+00:00,165.07,165.13,164.71,164.75,64381.2
2025-08-02 05:15:00+00:00,164.76,165.11,164.56,165.1,93227.78
2025-08-02 05:30:00+00:00,165.1,165.11,164.6,164.64,74635.18
2025-08-02 05:45:00+00:00,164.65,164.74,164.47,164.6,47119.84
2025-08-02 06:00:00+00:00,164.6,164.71,164.08,164.1,136467.5
2025-08-02 06:15:00+00:00,164.1,164.1,162.51,162.56,397745.45
2025-08-02 06:30:00+00:00,162.57,162.91,161.73,162.22,345355.2
2025-08-02 06:45:00+00:00,162.22,162.99,162.21,162.68,198296.7
2025-08-02 07:00:00+00:00,162.67,162.95,161.8,162.32,200144.57
2025-08-02 07:15:00+00:00,162.31,163.51,162.29,163.42,165273.75
2025-08-02 07:30:00+00:00,163.43,163.95,163.12,163.84,131463.67
2025-08-02 07:45:00+00:00,163.84,164.42,163.75,164.37,160259.06
2025-08-02 08:00:00+00:00,164.37,164.61,164.13,164.42,126428.14
2025-08-02 08:15:00+00:00,164.42,164.75,163.99,164.0,111558.04
2025-08-02 08:30:00+00:00,164.0,164.37,163.58,163.88,193434.3
2025-08-02 08:45:00+00:00,163.88,164.16,163.35,163.64,111001.85
2025-08-02 09:00:00+00:00,163.63,164.23,163.61,164.05,101748.4
2025-08-02 09:15:00+00:00,164.05,164.19,163.45,163.62,174444.56
2025-08-02 09:30:00+00:00,163.63,163.85,163.3,163.36,102630.19
2025-08-02 09:45:00+00:00,163.36,163.8,163.25,163.69,115263.59
2025-08-02 10:00:00+00:00,163.7,163.85,162.73,162.81,175753.02
2025-08-02 10:15:00+00:00,162.81,163.1,162.4,162.91,179518.16
2025-08-02 10:30:00+00:00,162.91,163.13,162.2,162.5,137991.92
2025-08-02 10:45:00+00:00,162.5,163.1,162.14,162.99,121963.68
2025-08-02 11:00:00+00:00,162.99,163.33,162.13,162.4,133331.1
2025-08-02 11:15:00+00:00,162.39,164.6,162.35,164.58,304161.6
2025-08-02 11:30:00+00:00,164.58,165.03,164.26,164.57,372598.98
2025-08-02 11:45:00+00:00,164.56,164.81,164.14,164.4,138571.14
2025-08-02 12:00:00+00:00,164.39,164.52,163.78,164.11,129574.29
2025-08-02 12:15:00+00:00,164.1,164.41,163.85,164.06,85310.88
2025-08-02 12:30:00+00:00,164.05,164.38,163.59,163.63,100837.8
2025-08-02 12:45:00+00:00,163.63,164.55,163.39,164.29,126965.78
2025-08-02 13:00:00+00:00,164.28,164.44,163.79,163.92,90356.43
2025-08-02 13:15:00+00:00,163.91,164.38,163.83,163.94,74294.34
2025-08-02 13:30:00+00:00,163.93,164.48,163.5,164.07,137458.73
2025-08-02 13:45:00+00:00,164.06,164.88,163.97,164.39,140004.3
2025-08-02 14:00:00+00:00,164.4,164.69,163.82,163.84,127694.87
2025-08-02 14:15:00+00:00,163.84,163.85,163.0,163.31,246064.01
2025-08-02 14:30:00+00:00,163.31,163.36,162.34,162.66,304710.19
2025-08-02 14:45:00+00:00,162.65,163.11,162.15,162.6,207705.03
2025-08-02 15:00:00+00:00,162.59,163.31,162.55,163.11,169695.54
2025-08-02 15:15:00+00:00,163.12,163.69,163.06,163.07,140636.26
2025-08-02 15:30:00+00:00,163.07,163.11,161.77,161.92,361705.03
2025-08-02 15:45:00+00:00,161.92,162.03,160.95,161.45,369782.27
2025-08-02 16:00:00+00:00,161.45,161.99,161.07,161.39,331452.1
2025-08-02 16:15:00+00:00,161.39,161.69,160.76,161.14,240380.95
2025-08-02 16:30:00+00:00,161.14,161.74,160.09,161.64,504314.86
2025-08-02 16:45:00+00:00,161.64,161.98,160.66,161.45,326130.12
2025-08-02 17:00:00+00:00,161.44,162.08,161.16,161.99,179852.98
2025-08-02 17:15:00+00:00,161.98,162.13,161.52,162.03,195407.78
2025-08-02 17:30:00+00:00,162.03,162.04,160.8,160.8,154093.93
2025-08-02 17:45:00+00:00,160.8,160.86,158.27,159.23,890540.71
2025-08-02 18:00:00+00:00,159.23,159.67,158.14,158.15,569477.63
2025-08-02 18:15:00+00:00,158.15,158.76,157.0,157.42,959751.52
2025-08-02 18:30:00+00:00,157.42,157.71,156.24,156.63,846339.25
2025-08-02 18:45:00+00:00,156.63,156.81,155.72,156.53,779644.26
2025-08-02 19:00:00+00:00,156.52,157.17,155.86,157.15,570772.37
2025-08-02 19:15:00+00:00,157.15,158.3,157.1,158.19,441402.06
2025-08-02 19:30:00+00:00,158.19,158.41,157.64,158.24,325280.34
2025-08-02 19:45:00+00:00,158.25,158.27,157.23,157.34,191133.28
2025-08-02 20:00:00+00:00,157.34,158.35,157.26,158.27,209951.81
2025-08-02 20:15:00+00:00,158.27,158.82,157.65,158.51,190445.55
2025-08-02 20:30:00+00:00,158.5,158.53,157.63,157.93,127288.81
2025-08-02 20:45:00+00:00,157.93,158.9,157.66,158.9,185541.02
2025-08-02 21:00:00+00:00,158.89,159.48,158.07,158.19,303854.43
2025-08-02 21:15:00+00:00,158.2,158.61,157.98,158.07,119582.08
2025-08-02 21:30:00+00:00,158.08,159.3,158.08,158.63,85480.01
2025-08-02 21:45:00+00:00,158.63,159.41,158.56,158.77,81252.65
2025-08-02 22:00:00+00:00,158.77,159.7,158.74,158.77,186691.46
2025-08-02 22:15:00+00:00,158.77,158.79,157.61,158.06,233688.46
2025-08-02 22:30:00+00:00,158.07,159.02,157.98,158.9,163514.11
2025-08-02 22:45:00+00:00,158.9,159.25,158.77,158.95,162770.2
2025-08-02 23:00:00+00:00,158.96,159.2,157.83,158.08,251735.44
2025-08-02 23:15:00+00:00,158.08,158.51,156.91,157.04,270174.89
2025-08-02 23:30:00+00:00,157.04,159.1,156.95,158.62,273416.24
2025-08-02 23:45:00+00:00,158.63,158.94,158.14,158.4,126606.07
2025-08-03 00:00:00+00:00,158.4,158.98,158.12,158.6,263047.88
2025-08-03 00:15:00+00:00,158.6,159.02,157.06,157.2,271130.45
2025-08-03 00:30:00+00:00,157.2,159.03,156.17,158.88,533825.2
2025-08-03 00:45:00+00:00,158.88,159.69,158.59,159.57,431926.86
2025-08-03 01:00:00+00:00,159.57,159.89,159.05,159.73,312319.28
2025-08-03 01:15:00+00:00,159.74,160.16,159.03,159.95,173022.58
2025-08-03 01:30:00+00:00,159.96,160.03,159.41,159.99,149069.45
2025-08-03 01:45:00+00:00,159.99,160.0,159.27,159.43,90357.22
2025-08-03 02:00:00+00:00,159.42,160.39,159.41,160.28,166905.7
2025-08-03 02:15:00+00:00,160.28,160.38,159.88,159.88,80658.41
2025-08-03 02:30:00+00:00,159.89,160.5,159.87,160.47,73946.18
2025-08-03 02:45:00+00:00,160.47,160.65,160.32,160.45,84943.26
2025-08-03 03:00:00+00:00,160.45,160.58,160.28,160.4,76273.49
2025-08-03 03:15:00+00:00,160.4,160.75,160.29,160.47,54325.9
2025-08-03 03:30:00+00:00,160.48,160.95,160.3,160.95,85688.5
2025-08-03 03:45:00+00:00,160.95,160.98,160.73,160.74,89004.43
2025-08-03 04:00:00+00:00,160.74,160.82,160.06,160.13,160224.47
2025-08-03 04:15:00+00:00,160.12,160.82,160.05,160.51,86490.8
2025-08-03 04:30:00+00:00,160.52,160.54,159.9,160.13,129997.83
2025-08-03 04:45:00+00:00,160.12,160.43,160.09,160.34,50052.62
2025-08-03 05:00:00+00:00,160.34,160.58,160.29,160.36,62467.66
2025-08-03 05:15:00+00:00,160.36,160.75,160.1,160.62,70879.01
2025-08-03 05:30:00+00:00,160.62,160.85,160.21,160.26,77514.6
2025-08-03 05:45:00+00:00,160.26,160.49,160.07,160.26,71592.89
2025-08-03 06:00:00+00:00,160.25,160.47,159.98,160.04,65003.94
2025-08-03 06:15:00+00:00,160.04,160.5,159.95,160.36,51709.74
2025-08-03 06:30:00+00:00,160.36,160.72,160.22,160.3,62013.27
2025-08-03 06:45:00+00:00,160.31,160.51,160.21,160.49,44474.95
2025-08-03 07:00:00+00:00,160.49,160.88,160.49,160.88,67006.05
2025-08-03 07:15:00+00:00,160.88,161.21,160.7,161.2,125917.83
2025-08-03 07:30:00+00:00,161.21,161.49,161.03,161.15,181931.54
2025-08-03 07:45:00+00:00,161.16,161.25,160.86,161.25,85840.2
2025-08-03 08:00:00+00:00,161.26,161.68,161.19,161.63,120841.18
2025-08-03 08:15:00+00:00,161.62,161.65,160.86,160.99,152739.15
2025-08-03 08:30:00+00:00,160.99,161.05,160.75,160.9,107087.4
2025-08-03 08:45:00+00:00,160.9,161.37,160.73,161.27,74297.98
2025-08-03 09:00:00+00:00,161.27,161.4,160.77,160.82,93090.7
2025-08-03 09:15:00+00:00,160.82,160.97,160.58,160.76,80794.83
2025-08-03 09:30:00+00:00,160.75,161.12,160.63,161.01,77524.58
2025-08-03 09:45:00+00:00,161.02,161.19,160.98,161.07,39306.19
2025-08-03 10:00:00+00:00,161.07,161.51,161.02,161.5,69186.5
2025-08-03 10:15:00+00:00,161.51,161.53,161.31,161.43,82635.4
2025-08-03 10:30:00+00:00,161.42,161.61,161.26,161.57,76637.06
2025-08-03 10:45:00+00:00,161.57,161.72,161.31,161.54,108642.01
2025-08-03 11:00:00+00:00,161.54,162.78,161.54,162.77,264138.54
2025-08-03 11:15:00+00:00,162.77,162.78,162.0,162.12,256914.62
2025-08-03 11:30:00+00:00,162.12,162.15,161.42,161.61,160076.43
2025-08-03 11:45:00+00:00,161.6,161.9,161.28,161.37,110359.41
2025-08-03 12:00:00+00:00,161.37,161.43,160.85,160.99,190950.07
2025-08-03 12:15:00+00:00,161.0,161.21,160.8,161.11,125241.62
2025-08-03 12:30:00+00:00,161.11,161.7,161.08,161.67,122905.55
2025-08-03 12:45:00+00:00,161.67,162.15,161.65,161.68,127690.72
2025-08-03 13:00:00+00:00,161.67,162.25,161.44,161.89,134750.5
2025-08-03 13:15:00+00:00,161.9,162.0,160.95,161.08,168042.53
2025-08-03 13:30:00+00:00,161.09,161.41,160.94,160.94,94417.07
2025-08-03 13:45:00+00:00,160.94,161.25,160.5,161.25,136457.34
2025-08-03 14:00:00+00:00,161.24,161.5,160.53,160.8,175041.46
2025-08-03 14:15:00+00:00,160.8,160.95,160.34,160.5,399438.07
2025-08-03 14:30:00+00:00,160.5,161.12,160.27,161.05,151995.81
2025-08-03 14:45:00+00:00,161.05,161.35,160.7,161.24,139276.04
2025-08-03 15:00:00+00:00,161.24,161.28,160.69,161.14,133828.74
2025-08-03 15:15:00+00:00,161.15,161.88,161.15,161.75,162276.89
2025-08-03 15:30:00+00:00,161.76,161.96,161.35,161.96,133489.24
2025-08-03 15:45:00+00:00,161.96,162.22,161.71,162.01,148719.71
2025-08-03 16:00:00+00:00,162.01,162.01,161.2,161.33,111481.5
2025-08-03 16:15:00+00:00,161.32,161.46,161.03,161.25,113842.16
2025-08-03 16:30:00+00:00,161.24,161.92,161.19,161.77,103354.27
2025-08-03 16:45:00+00:00,161.78,162.23,161.73,162.09,113049.76
2025-08-03 17:00:00+00:00,162.09,162.65,161.8,162.53,178517.32
2025-08-03 17:15:00+00:00,162.53,162.56,161.67,161.79,123848.53
2025-08-03 17:30:00+00:00,161.79,162.27,161.63,161.69,90843.61
2025-08-03 17:45:00+00:00,161.69,162.09,161.62,162.07,98476.36
2025-08-03 18:00:00+00:00,162.07,162.16,161.59,161.62,81686.3
2025-08-03 18:15:00+00:00,161.62,162.04,161.28,161.75,129933.08
2025-08-03 18:30:00+00:00,161.74,161.95,161.2,161.48,142301.48
2025-08-03 18:45:00+00:00,161.48,162.12,161.47,161.88,100646.09
2025-08-03 19:00:00+00:00,161.89,162.07,161.27,161.4,109901.16
2025-08-03 19:15:00+00:00,161.41,162.43,161.41,162.2,157208.4
2025-08-03 19:30:00+00:00,162.2,162.55,161.78,161.83,122965.86
2025-08-03 19:45:00+00:00,161.82,162.05,161.26,161.52,128268.88
2025-08-03 20:00:00+00:00,161.53,161.63,160.63,160.77,185512.23
2025-08-03 20:15:00+00:00,160.78,161.15,160.63,160.97,101363.63
2025-08-03 20:30:00+00:00,160.96,161.21,160.71,161.08,82498.82
2025-08-03 20:45:00+00:00,161.09,161.48,160.97,161.34,65712.35
2025-08-03 21:00:00+00:00,161.34,161.8,161.12,161.8,63706.5
2025-08-03 21:15:00+00:00,161.79,162.01,161.44,161.86,109837.96
2025-08-03 21:30:00+00:00,161.87,162.0,161.57,161.7,61519.44
2025-08-03 21:45:00+00:00,161.71,162.12,161.55,161.95,55631.58
2025-08-03 22:00:00+00:00,161.94,162.34,160.98,161.22,203470.96
2025-08-03 22:15:00+00:00,161.22,161.23,160.76,161.15,238882.94
2025-08-03 22:30:00+00:00,161.15,161.79,161.1,161.74,90253.12
2025-08-03 22:45:00+00:00,161.74,162.03,161.6,161.8,79654.4
2025-08-03 23:00:00+00:00,161.8,162.48,161.66,162.48,292301.38
2025-08-03 23:15:00+00:00,162.48,163.07,162.26,162.32,268242.4
2025-08-03 23:30:00+00:00,162.32,162.46,161.53,161.7,146078.64
2025-08-03 23:45:00+00:00,161.71,161.88,161.58,161.84,92468.82
2025-08-04 00:00:00+00:00,161.85,161.93,161.31,161.58,131432.47
2025-08-04 00:15:00+00:00,161.57,162.89,161.42,162.73,174012.81
2025-08-04 00:30:00+00:00,162.73,163.85,162.57,163.83,359181.6
2025-08-04 00:45:00+00:00,163.83,164.55,163.56,164.41,368423.28
2025-08-04 01:00:00+00:00,164.42,164.86,163.72,163.85,267588.04
2025-08-04 01:15:00+00:00,163.85,164.24,163.47,163.98,197280.91
2025-08-04 01:30:00+00:00,163.97,164.44,163.6,163.76,144745.15
2025-08-04 01:45:00+00:00,163.77,163.88,162.96,163.2,177695.25
2025-08-04 02:00:00+00:00,163.2,163.38,162.48,162.61,194043.85
2025-08-04 02:15:00+00:00,162.62,163.37,162.61,163.2,145889.81
2025-08-04 02:30:00+00:00,163.19,163.62,163.03,163.18,115592.28
2025-08-04 02:45:00+00:00,163.18,164.22,163.15,164.19,150171.58
2025-08-04 03:00:00+00:00,164.19,164.27,163.74,163.77,110385.38
2025-08-04 03:15:00+00:00,163.78,163.8,163.11,163.16,136930.26
2025-08-04 03:30:00+00:00,163.16,163.41,162.75,163.34,138417.13
2025-08-04 03:45:00+00:00,163.34,163.38,162.87,162.88,72953.05
2025-08-04 04:00:00+00:00,162.88,163.35,162.87,163.29,83819.2
2025-08-04 04:15:00+00:00,163.29,163.3,162.74,163.14,104748.64
2025-08-04 04:30:00+00:00,163.13,163.14,162.13,162.14,239835.92
2025-08-04 04:45:00+00:00,162.14,162.5,162.1,162.22,109290.13
2025-08-04 05:00:00+00:00,162.21,162.31,161.91,162.01,159735.15
2025-08-04 05:15:00+00:00,162.01,162.28,161.74,161.92,145063.59
2025-08-04 05:30:00+00:00,161.93,162.23,161.41,161.58,162884.45
2025-08-04 05:45:00+00:00,161.57,162.35,161.45,162.16,111066.8
2025-08-04 06:00:00+00:00,162.16,162.37,161.52,161.54,114720.22
2025-08-04 06:15:00+00:00,161.54,161.75,161.16,161.54,166912.01
2025-08-04 06:30:00+00:00,161.55,162.1,161.25,161.85,92792.46
2025-08-04 06:45:00+00:00,161.86,162.23,161.5,162.13,92312.29
2025-08-04 07:00:00+00:00,162.13,162.49,161.96,162.41,118609.54
2025-08-04 07:15:00+00:00,162.41,162.52,162.02,162.31,81148.13
2025-08-04 07:30:00+00:00,162.32,162.85,162.09,162.73,171915.65
2025-08-04 07:45:00+00:00,162.73,163.24,162.72,162.95,148312.65
2025-08-04 08:00:00+00:00,162.96,163.69,162.89,163.51,205121.07
2025-08-04 08:15:00+00:00,163.51,163.8,162.94,163.03,143535.85
2025-08-04 08:30:00+00:00,163.03,163.99,162.56,163.59,232782.92
2025-08-04 08:45:00+00:00,163.6,163.84,163.24,163.67,111363.2
2025-08-04 09:00:00+00:00,163.67,163.99,163.34,163.42,129778.46
2025-08-04 09:15:00+00:00,163.41,163.72,163.07,163.34,107936.07
2025-08-04 09:30:00+00:00,163.34,163.62,162.92,162.92,86380.58
2025-08-04 09:45:00+00:00,162.92,163.02,162.34,162.36,148119.01
2025-08-04 10:00:00+00:00,162.36,162.54,162.03,162.54,212428.13
2025-08-04 10:15:00+00:00,162.53,162.9,162.18,162.55,146326.53
2025-08-04 10:30:00+00:00,162.55,162.87,162.22,162.28,123064.07
2025-08-04 10:45:00+00:00,162.28,162.51,162.12,162.28,94525.95
2025-08-04 11:00:00+00:00,162.28,162.48,161.95,162.06,117704.12
2025-08-04 11:15:00+00:00,162.06,162.14,161.54,162.09,178280.18
2025-08-04 11:30:00+00:00,162.09,162.22,161.81,162.07,114602.12
2025-08-04 11:45:00+00:00,162.07,162.37,161.82,162.27,101060.44
2025-08-04 12:00:00+00:00,162.28,162.72,162.04,162.69,118377.33
2025-08-04 12:15:00+00:00,162.7,163.04,162.49,162.85,177504.74
2025-08-04 12:30:00+00:00,162.85,163.28,162.72,163.08,142350.21
2025-08-04 12:45:00+00:00,163.08,163.6,162.9,163.58,166319.18
2025-08-04 13:00:00+00:00,163.59,163.95,163.19,163.61,225628.92
2025-08-04 13:15:00+00:00,163.61,163.96,163.1,163.34,136083.68
2025-08-04 13:30:00+00:00,163.34,165.12,163.27,164.98,652564.4
2025-08-04 13:45:00+00:00,164.99,165.69,164.22,165.38,596394.3
2025-08-04 14:00:00+00:00,165.38,166.81,165.32,166.27,904594.98
2025-08-04 14:15:00+00:00,166.27,166.71,165.92,166.68,387117.77
2025-08-04 14:30:00+00:00,166.69,166.81,165.48,165.53,439347.51
2025-08-04 14:45:00+00:00,165.52,166.08,164.37,164.94,601569.24
2025-08-04 15:00:00+00:00,164.95,165.58,164.58,165.5,348682.48
2025-08-04 15:15:00+00:00,165.5,165.89,165.06,165.65,152882.92
2025-08-04 15:30:00+00:00,165.64,165.93,164.84,165.0,210115.7
2025-08-04 15:45:00+00:00,165.01,165.55,164.42,165.39,236730.08
2025-08-04 16:00:00+00:00,165.38,166.41,165.36,166.18,265114.83
2025-08-04 16:15:00+00:00,166.19,167.8,166.03,166.88,585804.91
2025-08-04 16:30:00+00:00,166.89,167.98,166.89,167.52,288059.81
2025-08-04 16:45:00+00:00,167.51,168.1,167.24,167.91,231837.18
2025-08-04 17:00:00+00:00,167.91,169.73,167.61,169.47,796957.64
2025-08-04 17:15:00+00:00,169.47,169.69,168.83,168.95,364659.34
2025-08-04 17:30:00+00:00,168.95,168.98,167.8,168.03,453207.82
2025-08-04 17:45:00+00:00,168.04,168.28,167.53,167.73,201324.47
2025-08-04 18:00:00+00:00,167.72,168.04,167.03,167.07,269665.5
2025-08-04 18:15:00+00:00,167.07,167.73,167.01,167.32,160518.01
2025-08-04 18:30:00+00:00,167.33,167.33,166.62,166.67,204249.21
2025-08-04 18:45:00+00:00,166.68,166.95,166.34,166.57,152888.39
2025-08-04 19:00:00+00:00,166.56,166.56,166.03,166.22,180762.79
2025-08-04 19:15:00+00:00,166.23,166.49,165.66,165.72,173432.79
2025-08-04 19:30:00+00:00,165.73,165.81,164.92,165.28,297206.21
2025-08-04 19:45:00+00:00,165.27,165.73,165.23,165.55,153949.13
2025-08-04 20:00:00+00:00,165.56,166.04,165.21,165.65,202396.45
2025-08-04 20:15:00+00:00,165.65,166.27,165.58,166.26,130002.73
2025-08-04 20:30:00+00:00,166.25,168.36,166.25,167.74,672064.02
2025-08-04 20:45:00+00:00,167.74,167.75,166.68,167.19,288768.41
2025-08-04 21:00:00+00:00,167.18,167.87,167.16,167.53,152958.95
2025-08-04 21:15:00+00:00,167.53,168.2,167.4,167.99,204003.64
2025-08-04 21:30:00+00:00,167.99,168.68,167.7,168.57,156678.81
2025-08-04 21:45:00+00:00,168.57,168.68,168.12,168.45,91207.2
2025-08-04 22:00:00+00:00,168.45,168.95,168.21,168.82,180489.38
2025-08-04 22:15:00+00:00,168.82,169.12,168.41,168.54,170643.14
2025-08-04 22:30:00+00:00,168.54,169.0,168.16,168.55,124975.49
2025-08-04 22:45:00+00:00,168.54,169.5,168.5,169.4,169578.42
2025-08-04 23:00:00+00:00,169.39,169.65,168.88,169.63,330474.88
2025-08-04 23:15:00+00:00,169.63,169.64,169.14,169.25,97690.57
2025-08-04 23:30:00+00:00,169.24,169.7,168.84,169.32,155544.01
2025-08-04 23:45:00+00:00,169.31,169.56,168.83,169.46,177320.71
2025-08-05 00:00:00+00:00,169.47,169.57,168.59,168.98,252460.62
2025-08-05 00:15:00+00:00,168.98,169.05,168.48,168.78,227945.12
2025-08-05 00:30:00+00:00,168.78,169.69,168.77,169.4,192369.03
2025-08-05 00:45:00+00:00,169.4,169.61,168.81,169.22,146089.1
2025-08-05 01:00:00+00:00,169.21,169.94,168.9,169.17,212827.98
2025-08-05 01:15:00+00:00,169.16,169.43,168.63,169.36,127635.18
2025-08-05 01:30:00+00:00,169.36,169.36,168.78,169.0,84209.03
2025-08-05 01:45:00+00:00,169.0,169.14,168.06,168.16,219692.3
2025-08-05 02:00:00+00:00,168.16,168.7,167.9,167.96,135213.3
2025-08-05 02:15:00+00:00,167.95,168.34,167.86,168.19,131324.5
2025-08-05 02:30:00+00:00,168.19,168.78,168.15,168.66,110234.56
2025-08-05 02:45:00+00:00,168.66,169.38,168.52,169.34,125986.27
2025-08-05 03:00:00+00:00,169.34,169.36,168.02,168.15,148289.64
2025-08-05 03:15:00+00:00,168.16,168.16,167.49,168.03,278962.45
2025-08-05 03:30:00+00:00,168.03,168.53,167.78,167.99,155448.87
2025-08-05 03:45:00+00:00,167.99,168.29,167.78,167.84,121023.12
2025-08-05 04:00:00+00:00,167.85,168.43,167.51,168.29,171095.87
2025-08-05 04:15:00+00:00,168.29,168.29,167.44,167.73,173729.46
2025-08-05 04:30:00+00:00,167.73,167.75,167.25,167.37,135345.33
2025-08-05 04:45:00+00:00,167.37,167.55,167.13,167.39,101786.13
2025-08-05 05:00:00+00:00,167.39,167.9,167.34,167.49,102666.11
2025-08-05 05:15:00+00:00,167.48,167.79,167.3,167.73,72716.47
2025-08-05 05:30:00+00:00,167.73,168.21,167.65,167.86,90847.42
2025-08-05 05:45:00+00:00,167.87,168.49,167.86,168.3,96173.53
2025-08-05 06:00:00+00:00,168.31,168.98,168.05,168.79,161167.21
2025-08-05 06:15:00+00:00,168.79,169.19,168.64,168.83,130889.24
2025-08-05 06:30:00+00:00,168.84,168.86,168.4,168.45,100295.21
2025-08-05 06:45:00+00:00,168.45,168.45,167.19,167.61,206112.49
2025-08-05 07:00:00+00:00,167.6,167.96,167.37,167.79,103320.64
2025-08-05 07:15:00+00:00,167.79,168.42,167.34,167.44,111031.2
2025-08-05 07:30:00+00:00,167.44,167.45,165.7,166.12,619158.49
2025-08-05 07:45:00+00:00,166.11,166.71,165.95,166.12,270075.66
2025-08-05 08:00:00+00:00,166.11,166.32,165.55,165.86,238785.01
2025-08-05 08:15:00+00:00,165.87,167.15,165.87,166.83,178176.28
2025-08-05 08:30:00+00:00,166.82,167.16,166.23,166.54,142732.1
2025-08-05 08:45:00+00:00,166.53,166.78,166.18,166.72,88465.9
2025-08-05 09:00:00+00:00,166.73,167.4,166.66,167.39,128596.38
2025-08-05 09:15:00+00:00,167.39,167.7,167.06,167.67,110354.08
2025-08-05 09:30:00+00:00,167.66,169.0,167.47,168.78,263378.41
2025-08-05 09:45:00+00:00,168.78,169.32,168.67,168.78,239546.87
2025-08-05 10:00:00+00:00,168.79,169.43,168.33,169.13,258192.42
2025-08-05 10:15:00+00:00,169.12,170.7,168.92,170.61,447354.4
2025-08-05 10:30:00+00:00,170.6,171.66,170.3,170.72,620106.3
2025-08-05 10:45:00+00:00,170.73,170.98,170.4,170.97,232910.12
2025-08-05 11:00:00+00:00,170.97,171.26,170.55,170.82,211548.94
2025-08-05 11:15:00+00:00,170.83,171.39,170.5,171.09,162822.58
2025-08-05 11:30:00+00:00,171.09,171.58,170.47,171.57,220582.03
2025-08-05 11:45:00+00:00,171.56,171.56,170.65,170.81,172864.68
2025-08-05 12:00:00+00:00,170.82,170.97,170.37,170.9,156059.07
2025-08-05 12:15:00+00:00,170.9,170.94,167.96,168.79,1038322.57
2025-08-05 12:30:00+00:00,168.8,168.86,166.68,167.51,753364.84
2025-08-05 12:45:00+00:00,167.51,168.05,166.91,167.11,491800.29
2025-08-05 13:00:00+00:00,167.12,167.46,166.68,166.97,344191.01
2025-08-05 13:15:00+00:00,166.97,167.71,166.85,167.21,287108.95
2025-08-05 13:30:00+00:00,167.22,168.04,166.51,167.16,504715.38
2025-08-05 13:45:00+00:00,167.16,168.03,167.14,167.64,273203.58
2025-08-05 14:00:00+00:00,167.63,167.69,165.29,165.68,723240.5
2025-08-05 14:15:00+00:00,165.68,165.7,163.76,164.51,1235569.55
2025-08-05 14:30:00+00:00,164.52,164.91,163.65,164.07,592937.71
2025-08-05 14:45:00+00:00,164.07,164.66,163.52,164.21,474778.64
2025-08-05 15:00:00+00:00,164.2,165.23,163.73,164.8,456772.65
2025-08-05 15:15:00+00:00,164.81,164.84,163.62,164.0,367968.92
2025-08-05 15:30:00+00:00,164.01,164.21,162.9,163.6,532757.63
2025-08-05 15:45:00+00:00,163.59,163.86,162.97,163.68,277849.78
2025-08-05 16:00:00+00:00,163.67,164.26,163.5,164.02,259818.2
2025-08-05 16:15:00+00:00,164.02,164.53,163.7,164.23,240226.3
2025-08-05 16:30:00+00:00,164.24,164.65,162.66,163.4,397649.13
2025-08-05 16:45:00+00:00,163.4,163.9,162.83,163.75,176027.06
2025-08-05 17:00:00+00:00,163.75,163.89,163.27,163.68,121027.05
2025-08-05 17:15:00+00:00,163.67,164.43,163.6,164.29,213283.96
2025-08-05 17:30:00+00:00,164.29,164.63,164.02,164.04,163321.5
2025-08-05 17:45:00+00:00,164.03,164.84,163.69,164.69,129877.82
2025-08-05 18:00:00+00:00,164.69,164.84,163.98,163.98,146525.89
2025-08-05 18:15:00+00:00,163.99,164.35,163.55,164.0,114707.45
2025-08-05 18:30:00+00:00,164.0,164.13,163.34,163.51,166655.06
2025-08-05 18:45:00+00:00,163.52,163.95,162.88,163.92,154158.06
2025-08-05 19:00:00+00:00,163.92,164.44,163.77,163.77,127449.94
2025-08-05 19:15:00+00:00,163.78,163.95,163.24,163.54,107540.87
2025-08-05 19:30:00+00:00,163.55,163.78,163.01,163.11,119541.69
2025-08-05 19:45:00+00:00,163.1,163.14,162.16,162.66,352529.03
2025-08-05 20:00:00+00:00,162.65,163.26,162.61,163.14,123516.26
2025-08-05 20:15:00+00:00,163.14,163.61,162.99,163.59,132422.84
2025-08-05 20:30:00+00:00,163.6,163.61,162.45,162.68,117168.81
2025-08-05 20:45:00+00:00,162.68,162.74,162.26,162.53,114716.93
2025-08-05 21:00:00+00:00,162.53,163.3,162.41,162.57,142414.26
2025-08-05 21:15:00+00:00,162.58,163.27,162.58,163.23,83515.79
2025-08-05 21:30:00+00:00,163.23,163.36,162.78,162.86,56857.41
2025-08-05 21:45:00+00:00,162.85,162.9,161.5,162.29,211927.55
2025-08-05 22:00:00+00:00,162.28,162.84,161.17,162.74,337736.85
2025-08-05 22:15:00+00:00,162.74,163.26,162.64,163.14,128387.13
2025-08-05 22:30:00+00:00,163.15,163.49,163.05,163.44,90226.56
2025-08-05 22:45:00+00:00,163.45,163.78,163.33,163.76,97816.37
2025-08-05 23:00:00+00:00,163.77,164.22,163.5,164.13,158615.21
2025-08-05 23:15:00+00:00,164.13,164.32,163.89,164.03,129915.15
2025-08-05 23:30:00+00:00,164.04,164.43,163.79,164.24,102852.45
2025-08-05 23:45:00+00:00,164.24,164.43,163.78,163.99,104840.14
2025-08-06 00:00:00+00:00,163.99,164.06,163.41,163.72,118101.05
2025-08-06 00:15:00+00:00,163.73,163.96,163.54,163.72,83210.3
2025-08-06 00:30:00+00:00,163.72,163.88,163.32,163.55,72353.84
2025-08-06 00:45:00+00:00,163.54,163.55,162.43,162.65,218298.76
2025-08-06 01:00:00+00:00,162.65,163.02,162.1,162.71,134734.03
2025-08-06 01:15:00+00:00,162.72,162.9,161.68,161.78,166855.54
2025-08-06 01:30:00+00:00,161.77,162.72,161.62,162.47,172282.2
2025-08-06 01:45:00+00:00,162.47,162.84,162.0,162.75,158257.68
2025-08-06 02:00:00+00:00,162.75,162.77,161.78,162.43,107746.63
2025-08-06 02:15:00+00:00,162.43,163.05,162.31,162.87,88538.21
2025-08-06 02:30:00+00:00,162.87,163.22,162.41,162.97,80988.33
2025-08-06 02:45:00+00:00,162.97,163.02,162.4,162.59,68810.86
2025-08-06 03:00:00+00:00,162.59,162.71,162.07,162.15,89166.43
2025-08-06 03:15:00+00:00,162.14,162.16,161.04,161.52,271938.27
2025-08-06 03:30:00+00:00,161.51,162.11,161.51,162.07,117982.47
2025-08-06 03:45:00+00:00,162.06,162.27,161.76,161.76,74564.57
2025-08-06 04:00:00+00:00,161.76,161.91,161.15,161.32,124664.74
2025-08-06 04:15:00+00:00,161.32,162.31,161.29,162.06,174959.19
2025-08-06 04:30:00+00:00,162.06,162.27,161.75,162.21,73169.41
2025-08-06 04:45:00+00:00,162.2,162.49,162.08,162.36,78228.27
2025-08-06 05:00:00+00:00,162.36,163.43,162.05,163.42,214421.36
2025-08-06 05:15:00+00:00,163.41,164.0,163.27,163.61,267790.36
2025-08-06 05:30:00+00:00,163.61,164.62,163.47,164.46,298612.55
2025-08-06 05:45:00+00:00,164.45,164.71,163.72,164.15,239599.32
2025-08-06 06:00:00+00:00,164.16,164.21,163.53,163.75,161905.27
2025-08-06 06:15:00+00:00,163.76,163.93,163.35,163.45,106561.86
2025-08-06 06:30:00+00:00,163.45,164.0,163.3,163.71,86134.09
2025-08-06 06:45:00+00:00,163.72,164.2,163.62,163.82,89650.1
2025-08-06 07:00:00+00:00,163.82,164.4,163.53,164.22,98919.89
2025-08-06 07:15:00+00:00,164.22,164.53,164.04,164.44,123649.91
2025-08-06 07:30:00+00:00,164.44,164.45,163.68,164.05,100339.89
2025-08-06 07:45:00+00:00,164.06,164.23,163.86,164.16,61951.67
2025-08-06 08:00:00+00:00,164.16,164.42,163.49,163.69,125544.08
2025-08-06 08:15:00+00:00,163.69,164.06,163.26,163.67,114447.08
2025-08-06 08:30:00+00:00,163.67,163.68,162.91,162.94,190228.33
2025-08-06 08:45:00+00:00,162.94,163.27,162.63,163.22,179284.82
2025-08-06 09:00:00+00:00,163.22,163.82,162.85,163.81,120607.64
2025-08-06 09:15:00+00:00,163.82,164.48,163.79,164.11,244795.83
2025-08-06 09:30:00+00:00,164.12,164.28,163.54,163.69,157187.86
2025-08-06 09:45:00+00:00,163.69,164.0,163.52,163.91,82461.35
2025-08-06 10:00:00+00:00,163.9,164.08,163.31,163.42,134043.16
2025-08-06 10:15:00+00:00,163.42,163.82,162.8,163.17,160088.67
2025-08-06 10:30:00+00:00,163.17,163.76,163.02,163.62,99835.98
2025-08-06 10:45:00+00:00,163.63,163.72,163.29,163.56,94516.28
2025-08-06 11:00:00+00:00,163.56,163.97,163.15,163.94,130664.51
2025-08-06 11:15:00+00:00,163.94,164.37,163.93,164.32,116198.66
2025-08-06 11:30:00+00:00,164.33,164.56,164.0,164.22,131084.2
2025-08-06 11:45:00+00:00,164.22,164.22,163.76,164.1,59199.42
2025-08-06 12:00:00+00:00,164.1,164.62,162.98,163.04,229744.72
2025-08-06 12:15:00+00:00,163.04,163.86,162.5,163.29,293186.24
2025-08-06 12:30:00+00:00,163.28,164.18,163.23,163.56,135458.48
2025-08-06 12:45:00+00:00,163.56,163.85,163.06,163.21,174673.85
2025-08-06 13:00:00+00:00,163.21,164.07,163.11,164.07,153673.17
2025-08-06 13:15:00+00:00,164.06,164.4,163.79,164.15,176806.53
2025-08-06 13:30:00+00:00,164.15,164.63,163.03,164.16,457467.3
2025-08-06 13:45:00+00:00,164.16,164.62,163.42,164.18,548255.17
2025-08-06 14:00:00+00:00,164.18,166.25,164.18,165.02,658051.37
2025-08-06 14:15:00+00:00,165.03,165.45,163.86,164.75,472897.61
2025-08-06 14:30:00+00:00,164.74,166.77,164.51,166.54,480739.07
2025-08-06 14:45:00+00:00,166.54,167.96,166.08,167.79,590465.74
2025-08-06 15:00:00+00:00,167.8,168.32,167.13,167.43,635806.53
2025-08-06 15:15:00+00:00,167.44,168.49,167.35,167.86,451730.6
2025-08-06 15:30:00+00:00,167.86,168.57,167.7,168.12,258664.15
2025-08-06 15:45:00+00:00,168.13,169.47,167.64,168.96,413993.29
2025-08-06 16:00:00+00:00,168.96,169.45,168.15,168.33,444814.55
2025-08-06 16:15:00+00:00,168.33,168.54,167.52,167.82,314671.64
2025-08-06 16:30:00+00:00,167.82,168.03,167.2,167.3,189788.36
2025-08-06 16:45:00+00:00,167.3,167.86,167.24,167.66,120688.9
2025-08-06 17:00:00+00:00,167.66,167.86,167.08,167.38,132453.25
2025-08-06 17:15:00+00:00,167.38,168.19,167.36,168.18,153342.55
2025-08-06 17:30:00+00:00,168.18,168.58,167.88,168.51,152952.78
2025-08-06 17:45:00+00:00,168.51,169.08,168.41,169.08,196904.59
2025-08-06 18:00:00+00:00,169.07,169.88,169.05,169.7,298285.32
2025-08-06 18:15:00+00:00,169.71,169.84,168.4,168.6,421137.79
2025-08-06 18:30:00+00:00,168.6,168.92,168.28,168.46,163537.62
2025-08-06 18:45:00+00:00,168.47,168.76,168.33,168.46,74313.31
2025-08-06 19:00:00+00:00,168.45,168.8,168.34,168.54,87028.37
2025-08-06 19:15:00+00:00,168.54,169.04,168.13,168.55,268598.13
2025-08-06 19:30:00+00:00,168.56,168.58,168.07,168.12,132156.87
2025-08-06 19:45:00+00:00,168.11,168.78,167.87,168.73,155803.83
2025-08-06 20:00:00+00:00,168.74,168.79,168.23,168.35,107710.41
2025-08-06 20:15:00+00:00,168.34,168.58,168.31,168.33,35429.75
2025-08-06 20:30:00+00:00,168.33,168.53,167.69,167.93,117085.87
2025-08-06 20:45:00+00:00,167.93,168.04,167.7,167.92,91045.33
2025-08-06 21:00:00+00:00,167.92,168.45,167.9,168.44,81383.46
2025-08-06 21:15:00+00:00,168.44,168.54,168.06,168.12,60630.33
2025-08-06 21:30:00+00:00,168.11,168.18,167.25,167.61,123218.06
2025-08-06 21:45:00+00:00,167.61,168.06,167.61,167.99,67282.41
2025-08-06 22:00:00+00:00,167.99,168.46,167.74,168.24,96175.03
2025-08-06 22:15:00+00:00,168.24,168.38,168.03,168.3,55037.75
2025-08-06 22:30:00+00:00,168.29,168.35,168.05,168.14,44195.66
2025-08-06 22:45:00+00:00,168.13,168.35,168.05,168.33,33104.71
2025-08-06 23:00:00+00:00,168.32,168.37,167.92,168.14,130113.93
2025-08-06 23:15:00+00:00,168.14,168.19,167.84,167.96,60648.55
2025-08-06 23:30:00+00:00,167.95,168.19,167.95,168.18,29582.6
2025-08-06 23:45:00+00:00,168.17,168.25,167.98,168.03,42551.97
2025-08-07 00:00:00+00:00,168.04,168.11,167.41,167.85,112983.23
2025-08-07 00:15:00+00:00,167.84,167.93,167.49,167.92,85325.66
2025-08-07 00:30:00+00:00,167.92,168.37,167.91,168.01,151974.7
2025-08-07 00:45:00+00:00,168.02,168.04,167.72,167.82,40352.74
2025-08-07 01:00:00+00:00,167.82,168.29,167.69,168.2,74988.26
2025-08-07 01:15:00+00:00,168.2,168.78,168.15,168.62,138988.66
2025-08-07 01:30:00+00:00,168.62,168.95,168.35,168.71,137504.48
2025-08-07 01:45:00+00:00,168.71,168.87,167.63,167.78,198590.24
2025-08-07 02:00:00+00:00,167.79,167.96,167.43,167.88,143972.9
2025-08-07 02:15:00+00:00,167.88,167.95,167.5,167.61,85608.32
2025-08-07 02:30:00+00:00,167.62,167.69,166.87,166.91,255592.36
2025-08-07 02:45:00+00:00,166.92,167.21,166.67,167.01,133139.06
2025-08-07 03:00:00+00:00,167.0,167.39,166.98,167.03,70480.49
2025-08-07 03:15:00+00:00,167.03,167.16,166.61,166.86,137772.81
2025-08-07 03:30:00+00:00,166.86,167.14,166.76,167.05,111615.45
2025-08-07 03:45:00+00:00,167.06,167.2,166.72,166.8,72113.04
2025-08-07 04:00:00+00:00,166.81,167.25,166.69,167.12,73540.05
2025-08-07 04:15:00+00:00,167.13,167.55,167.03,167.32,80650.95
2025-08-07 04:30:00+00:00,167.31,167.36,167.0,167.05,64736.05
2025-08-07 04:45:00+00:00,167.05,167.08,166.8,167.05,75819.69
2025-08-07 05:00:00+00:00,167.05,167.13,166.82,167.04,48111.09
2025-08-07 05:15:00+00:00,167.05,167.61,166.96,167.59,84036.35
2025-08-07 05:30:00+00:00,167.6,167.88,167.43,167.7,80893.28
2025-08-07 05:45:00+00:00,167.7,168.69,167.64,168.66,155307.29
2025-08-07 06:00:00+00:00,168.65,169.41,168.49,169.17,334584.95
2025-08-07 06:15:00+00:00,169.17,169.17,168.64,168.84,143004.58
2025-08-07 06:30:00+00:00,168.83,169.16,168.71,169.13,85928.87
2025-08-07 06:45:00+00:00,169.12,169.62,168.95,169.11,173215.11
2025-08-07 07:00:00+00:00,169.12,169.76,169.06,169.73,130143.88
2025-08-07 07:15:00+00:00,169.74,170.37,169.55,170.04,361545.31
2025-08-07 07:30:00+00:00,170.05,170.16,169.6,169.79,123727.51
2025-08-07 07:45:00+00:00,169.78,169.95,169.56,169.92,108922.71
2025-08-07 08:00:00+00:00,169.91,170.48,169.72,169.72,212144.69
2025-08-07 08:15:00+00:00,169.72,170.22,169.67,169.88,119676.85
2025-08-07 08:30:00+00:00,169.88,169.91,169.35,169.47,159135.83
2025-08-07 08:45:00+00:00,169.46,169.51,169.14,169.31,111949.99
2025-08-07 09:00:00+00:00,169.32,169.55,169.0,169.04,118871.36
2025-08-07 09:15:00+00:00,169.04,169.55,169.01,169.54,125255.57
2025-08-07 09:30:00+00:00,169.53,169.63,169.14,169.46,91249.49
2025-08-07 09:45:00+00:00,169.47,169.69,169.27,169.57,99703.09
2025-08-07 10:00:00+00:00,169.57,171.47,169.34,171.38,562971.11
2025-08-07 10:15:00+00:00,171.38,172.17,170.93,172.08,795427.33
2025-08-07 10:30:00+00:00,172.08,173.17,172.01,172.88,805001.22
2025-08-07 10:45:00+00:00,172.88,173.31,172.52,173.06,383752.98
2025-08-07 11:00:00+00:00,173.06,173.33,172.5,172.85,346935.09
2025-08-07 11:15:00+00:00,172.84,173.38,172.63,173.38,292911.82
2025-08-07 11:30:00+00:00,173.37,173.43,172.92,173.11,207905.96
2025-08-07 11:45:00+00:00,173.11,173.28,172.52,172.75,297959.95
2025-08-07 12:00:00+00:00,172.76,173.12,172.01,172.19,495577.21
2025-08-07 12:15:00+00:00,172.18,172.48,171.69,172.1,333381.37
2025-08-07 12:30:00+00:00,172.09,172.42,171.69,172.14,241439.3
2025-08-07 12:45:00+00:00,172.14,172.36,171.4,172.35,241987.41
2025-08-07 13:00:00+00:00,172.35,172.55,172.0,172.01,139178.57
2025-08-07 13:15:00+00:00,172.01,172.13,171.78,171.87,151911.49
2025-08-07 13:30:00+00:00,171.87,172.57,171.63,172.18,405576.51
2025-08-07 13:45:00+00:00,172.19,172.19,171.16,171.6,300028.17
2025-08-07 14:00:00+00:00,171.61,171.68,170.31,170.44,466847.92
2025-08-07 14:15:00+00:00,170.45,170.87,170.07,170.34,264930.72
2025-08-07 14:30:00+00:00,170.35,170.81,169.83,170.39,371550.25
2025-08-07 14:45:00+00:00,170.38,170.65,170.03,170.21,165794.14
2025-08-07 15:00:00+00:00,170.21,170.44,169.6,169.8,267659.94
2025-08-07 15:15:00+00:00,169.79,170.65,169.7,170.24,268781.32
2025-08-07 15:30:00+00:00,170.24,170.72,170.23,170.64,193803.27
2025-08-07 15:45:00+00:00,170.64,170.77,169.99,170.38,218062.15
2025-08-07 16:00:00+00:00,170.39,170.51,169.86,169.98,147482.68
2025-08-07 16:15:00+00:00,169.98,170.34,169.6,170.12,222514.14
2025-08-07 16:30:00+00:00,170.11,170.23,168.46,168.51,356159.9
2025-08-07 16:45:00+00:00,168.5,168.66,166.93,168.14,907120.43
2025-08-07 17:00:00+00:00,168.13,168.57,167.87,168.38,257281.76
2025-08-07 17:15:00+00:00,168.39,169.13,168.28,168.72,258137.67
2025-08-07 17:30:00+00:00,168.72,169.25,168.45,169.23,156664.85
2025-08-07 17:45:00+00:00,169.23,169.46,169.04,169.34,146343.38
2025-08-07 18:00:00+00:00,169.33,169.36,168.8,168.89,164241.05
2025-08-07 18:15:00+00:00,168.88,169.39,168.69,169.32,111937.1
2025-08-07 18:30:00+00:00,169.32,169.38,169.01,169.08,66357.73
2025-08-07 18:45:00+00:00,169.07,169.9,169.05,169.74,179021.23
2025-08-07 19:00:00+00:00,169.73,170.24,169.69,170.21,193763.4
2025-08-07 19:15:00+00:00,170.2,170.37,169.92,170.33,134580.86
2025-08-07 19:30:00+00:00,170.33,170.91,170.23,170.89,174480.61
2025-08-07 19:45:00+00:00,170.89,171.82,170.88,171.66,474894.38
2025-08-07 20:00:00+00:00,171.66,172.19,171.44,171.87,251439.43
2025-08-07 20:15:00+00:00,171.88,172.62,171.75,172.61,241194.77
2025-08-07 20:30:00+00:00,172.61,173.08,172.61,172.92,286193.87
2025-08-07 20:45:00+00:00,172.92,173.11,172.41,172.88,190125.61
2025-08-07 21:00:00+00:00,172.88,172.94,172.44,172.61,92168.85
2025-08-07 21:15:00+00:00,172.6,173.76,172.6,173.47,204582.93
2025-08-07 21:30:00+00:00,173.48,173.97,173.11,173.39,207598.65
2025-08-07 21:45:00+00:00,173.4,174.16,172.81,173.48,326546.14
2025-08-07 22:00:00+00:00,173.48,174.28,173.47,174.05,266984.93
2025-08-07 22:15:00+00:00,174.05,174.35,173.67,174.1,170250.43
2025-08-07 22:30:00+00:00,174.09,174.2,173.62,174.13,104016.31
2025-08-07 22:45:00+00:00,174.14,175.11,174.14,175.01,380485.15
2025-08-07 23:00:00+00:00,175.02,175.08,174.31,174.34,201213.38
2025-08-07 23:15:00+00:00,174.34,175.01,174.32,174.58,115108.67
2025-08-07 23:30:00+00:00,174.57,175.26,174.51,175.21,113047.36
2025-08-07 23:45:00+00:00,175.21,175.45,175.07,175.26,155453.53
2025-08-08 00:00:00+00:00,175.27,175.29,174.2,174.92,327822.05
2025-08-08 00:15:00+00:00,174.92,174.97,173.73,174.24,483769.0
2025-08-08 00:30:00+00:00,174.25,175.5,173.55,174.95,490671.34
2025-08-08 00:45:00+00:00,174.96,175.17,174.12,174.22,318640.97
2025-08-08 01:00:00+00:00,174.21,174.79,173.36,174.71,501546.94
2025-08-08 01:15:00+00:00,174.7,174.7,173.48,173.8,391768.6
2025-08-08 01:30:00+00:00,173.8,174.13,173.55,174.01,169814.41
2025-08-08 01:45:00+00:00,174.01,174.61,173.9,174.45,135166.04
2025-08-08 02:00:00+00:00,174.45,174.76,174.1,174.23,134776.5
2025-08-08 02:15:00+00:00,174.23,174.27,173.77,173.88,90192.08
2025-08-08 02:30:00+00:00,173.89,174.39,173.79,174.33,106430.04
2025-08-08 02:45:00+00:00,174.32,175.2,174.31,174.72,245605.62
2025-08-08 03:00:00+00:00,174.73,175.05,174.56,174.9,115151.75
2025-08-08 03:15:00+00:00,174.91,175.88,174.85,175.55,326384.24
2025-08-08 03:30:00+00:00,175.56,175.7,174.8,174.83,179181.69
2025-08-08 03:45:00+00:00,174.84,174.85,174.38,174.63,145415.24
2025-08-08 04:00:00+00:00,174.63,174.76,173.76,174.17,188782.47
2025-08-08 04:15:00+00:00,174.18,174.78,174.11,174.77,95399.25
2025-08-08 04:30:00+00:00,174.78,175.13,174.53,174.58,210810.31
2025-08-08 04:45:00+00:00,174.58,174.86,174.26,174.26,83352.15
2025-08-08 05:00:00+00:00,174.26,174.48,173.99,174.35,129327.48
2025-08-08 05:15:00+00:00,174.36,174.69,174.1,174.57,114246.2
2025-08-08 05:30:00+00:00,174.57,174.62,174.25,174.5,87892.91
2025-08-08 05:45:00+00:00,174.51,174.59,174.05,174.09,82506.34
2025-08-08 06:00:00+00:00,174.1,174.44,173.76,174.41,141923.53
2025-08-08 06:15:00+00:00,174.41,174.64,173.97,174.62,87449.68
2025-08-08 06:30:00+00:00,174.63,174.91,174.31,174.59,95435.44
2025-08-08 06:45:00+00:00,174.59,175.03,174.3,174.99,105584.25
2025-08-08 07:00:00+00:00,174.98,175.09,174.22,174.62,94679.25
2025-08-08 07:15:00+00:00,174.63,175.69,174.63,175.43,180789.27
2025-08-08 07:30:00+00:00,175.43,176.47,175.4,175.98,285281.26
2025-08-08 07:45:00+00:00,175.98,177.77,175.98,177.05,568795.65
2025-08-08 08:00:00+00:00,177.04,177.74,176.58,176.71,398118.54
2025-08-08 08:15:00+00:00,176.72,176.97,175.78,175.87,304911.75
2025-08-08 08:30:00+00:00,175.87,175.88,175.21,175.38,333489.57
2025-08-08 08:45:00+00:00,175.39,175.42,174.78,175.29,218981.02
2025-08-08 09:00:00+00:00,175.28,175.75,174.91,175.45,154248.76
2025-08-08 09:15:00+00:00,175.45,175.83,174.94,175.4,125426.21
2025-08-08 09:30:00+00:00,175.4,175.51,175.0,175.26,93908.91
2025-08-08 09:45:00+00:00,175.27,176.06,175.22,175.96,140220.35
2025-08-08 10:00:00+00:00,175.95,176.33,175.9,176.15,150461.24
2025-08-08 10:15:00+00:00,176.15,176.39,175.63,175.78,95969.38
2025-08-08 10:30:00+00:00,175.78,177.0,175.77,176.45,200894.28
2025-08-08 10:45:00+00:00,176.45,176.8,175.9,176.57,122029.52
2025-08-08 11:00:00+00:00,176.58,177.11,176.48,177.09,116999.34
2025-08-08 11:15:00+00:00,177.08,177.37,177.0,177.11,154372.44
2025-08-08 11:30:00+00:00,177.1,177.91,177.08,177.67,232904.24
2025-08-08 11:45:00+00:00,177.67,177.82,177.35,177.56,112933.09
2025-08-08 12:00:00+00:00,177.56,177.56,176.18,176.71,373940.87
2025-08-08 12:15:00+00:00,176.71,176.9,176.18,176.53,169016.74
2025-08-08 12:30:00+00:00,176.54,176.68,176.03,176.41,130138.05
2025-08-08 12:45:00+00:00,176.4,176.78,176.17,176.37,110476.13
2025-08-08 13:00:00+00:00,176.36,176.53,175.76,175.78,216602.9
2025-08-08 13:15:00+00:00,175.77,176.48,175.38,176.35,306972.9
2025-08-08 13:30:00+00:00,176.35,176.84,175.67,176.75,310130.35
2025-08-08 13:45:00+00:00,176.74,178.72,176.72,178.54,828494.14
2025-08-08 14:00:00+00:00,178.55,179.04,176.84,177.35,867634.54
2025-08-08 14:15:00+00:00,177.36,177.53,176.65,177.24,465598.99
2025-08-08 14:30:00+00:00,177.24,177.33,175.32,175.83,605593.55
2025-08-08 14:45:00+00:00,175.84,176.63,175.78,176.4,440574.33
2025-08-08 15:00:00+00:00,176.41,176.59,174.87,175.24,446198.63
2025-08-08 15:15:00+00:00,175.24,175.78,174.85,175.32,221092.57
2025-08-08 15:30:00+00:00,175.32,175.52,174.12,174.26,457701.76
2025-08-08 15:45:00+00:00,174.27,175.32,174.26,175.15,344869.95
2025-08-08 16:00:00+00:00,175.15,176.11,175.13,175.72,260330.51
2025-08-08 16:15:00+00:00,175.71,176.27,175.4,175.88,255783.62
2025-08-08 16:30:00+00:00,175.88,176.13,175.2,175.39,194055.3
2025-08-08 16:45:00+00:00,175.38,175.93,175.38,175.82,106548.32
2025-08-08 17:00:00+00:00,175.81,176.6,175.47,176.46,184578.82
2025-08-08 17:15:00+00:00,176.46,177.15,176.27,176.96,248719.89
2025-08-08 17:30:00+00:00,176.95,178.08,176.88,177.74,442504.05
2025-08-08 17:45:00+00:00,177.73,179.3,177.42,179.29,531301.58
2025-08-08 18:00:00+00:00,179.3,179.55,178.74,179.01,483031.06
2025-08-08 18:15:00+00:00,179.02,179.61,178.15,178.17,523415.24
2025-08-08 18:30:00+00:00,178.16,178.99,177.55,177.85,449140.91
2025-08-08 18:45:00+00:00,177.85,177.92,177.14,177.53,376207.8
2025-08-08 19:00:00+00:00,177.52,177.9,177.32,177.61,168410.26
2025-08-08 19:15:00+00:00,177.6,178.38,177.55,177.9,136039.43
2025-08-08 19:30:00+00:00,177.91,178.22,177.42,177.86,115354.7
2025-08-08 19:45:00+00:00,177.86,178.43,177.36,178.42,197583.01
2025-08-08 20:00:00+00:00,178.41,178.7,177.41,177.52,156272.76
2025-08-08 20:15:00+00:00,177.53,177.6,177.13,177.5,93886.27
2025-08-08 20:30:00+00:00,177.5,177.82,177.41,177.73,75348.83
2025-08-08 20:45:00+00:00,177.73,178.22,177.55,178.16,141353.38
2025-08-08 21:00:00+00:00,178.16,178.56,177.39,177.91,240339.27
2025-08-08 21:15:00+00:00,177.91,177.91,177.34,177.45,48857.91
2025-08-08 21:30:00+00:00,177.45,177.86,177.45,177.66,40676.62
2025-08-08 21:45:00+00:00,177.65,177.96,177.5,177.52,32186.43
2025-08-08 22:00:00+00:00,177.51,177.78,176.95,177.73,142828.63
2025-08-08 22:15:00+00:00,177.74,177.99,177.56,177.62,69615.73
2025-08-08 22:30:00+00:00,177.61,177.88,177.28,177.66,91988.68
2025-08-08 22:45:00+00:00,177.66,177.87,177.47,177.55,79865.03
2025-08-08 23:00:00+00:00,177.54,177.83,177.51,177.62,64762.92
2025-08-08 23:15:00+00:00,177.61,177.73,177.43,177.55,31692.87
2025-08-08 23:30:00+00:00,177.55,177.56,176.51,176.65,186121.3
2025-08-08 23:45:00+00:00,176.64,176.88,176.55,176.7,109212.91
2025-08-09 00:00:00+00:00,176.69,177.03,176.57,177.01,106322.87
2025-08-09 00:15:00+00:00,177.02,177.14,176.66,176.88,69520.86
2025-08-09 00:30:00+00:00,176.88,177.03,176.53,176.93,59643.4
2025-08-09 00:45:00+00:00,176.93,177.0,176.63,176.85,41129.44
2025-08-09 01:00:00+00:00,176.85,177.32,176.56,177.1,81913.82
2025-08-09 01:15:00+00:00,177.09,177.33,176.76,176.92,55050.67
2025-08-09 01:30:00+00:00,176.91,178.27,176.87,178.21,237835.73
2025-08-09 01:45:00+00:00,178.2,178.96,177.87,178.6,250671.99
2025-08-09 02:00:00+00:00,178.6,178.64,178.02,178.2,83841.54
2025-08-09 02:15:00+00:00,178.21,178.44,178.04,178.18,77736.04
2025-08-09 02:30:00+00:00,178.18,178.19,177.56,177.77,153570.77
2025-08-09 02:45:00+00:00,177.77,177.78,177.48,177.48,82617.13
2025-08-09 03:00:00+00:00,177.48,177.49,176.99,177.41,130612.31
2025-08-09 03:15:00+00:00,177.41,177.68,177.28,177.35,70379.09
2025-08-09 03:30:00+00:00,177.35,177.38,176.98,177.18,62257.93
2025-08-09 03:45:00+00:00,177.19,177.26,176.93,177.16,65621.27
2025-08-09 04:00:00+00:00,177.16,177.56,176.82,177.55,163548.11
2025-08-09 04:15:00+00:00,177.55,177.93,177.29,177.3,158047.0
2025-08-09 04:30:00+00:00,177.3,178.46,177.26,177.9,242320.89
2025-08-09 04:45:00+00:00,177.89,178.84,177.8,178.59,195105.21
2025-08-09 05:00:00+00:00,178.59,180.64,178.15,180.12,979258.98
2025-08-09 05:15:00+00:00,180.13,181.85,180.03,181.61,607980.0
2025-08-09 05:30:00+00:00,181.61,182.1,180.8,181.1,606468.0
2025-08-09 05:45:00+00:00,181.1,181.78,180.72,180.78,227009.8
2025-08-09 06:00:00+00:00,180.79,180.87,179.93,180.03,310561.04
2025-08-09 06:15:00+00:00,180.04,180.21,179.52,179.94,301262.4
2025-08-09 06:30:00+00:00,179.94,180.0,179.28,179.72,262645.31
2025-08-09 06:45:00+00:00,179.72,179.72,179.21,179.52,110074.26
2025-08-09 07:00:00+00:00,179.51,180.32,179.35,180.11,191816.9
2025-08-09 07:15:00+00:00,180.11,180.58,180.1,180.51,149652.76
2025-08-09 07:30:00+00:00,180.52,180.66,180.14,180.49,163577.78
2025-08-09 07:45:00+00:00,180.49,180.55,180.18,180.54,90078.59
2025-08-09 08:00:00+00:00,180.54,181.05,180.43,180.5,174825.06
2025-08-09 08:15:00+00:00,180.5,181.07,180.31,181.05,126961.73
2025-08-09 08:30:00+00:00,181.06,181.63,180.88,181.63,168294.9
2025-08-09 08:45:00+00:00,181.62,181.62,180.52,181.31,183667.09
2025-08-09 09:00:00+00:00,181.31,181.96,181.01,181.9,202132.42
2025-08-09 09:15:00+00:00,181.9,181.98,181.56,181.7,149157.77
2025-08-09 09:30:00+00:00,181.69,182.44,181.47,182.13,206638.45
2025-08-09 09:45:00+00:00,182.13,182.68,181.78,182.18,258156.69
2025-08-09 10:00:00+00:00,182.18,183.2,182.18,182.91,401789.33
2025-08-09 10:15:00+00:00,182.91,183.26,182.2,182.44,266817.45
2025-08-09 10:30:00+00:00,182.44,182.61,182.0,182.06,215840.57
2025-08-09 10:45:00+00:00,182.07,182.51,181.71,181.82,196558.06
2025-08-09 11:00:00+00:00,181.82,181.94,181.06,181.09,195133.86
2025-08-09 11:15:00+00:00,181.1,181.69,181.06,181.61,121837.95
2025-08-09 11:30:00+00:00,181.61,181.64,180.76,181.26,160125.77
2025-08-09 11:45:00+00:00,181.27,181.27,180.57,180.69,189616.16
2025-08-09 12:00:00+00:00,180.69,181.35,180.26,181.18,281694.07
2025-08-09 12:15:00+00:00,181.17,181.86,181.05,181.83,172938.67
2025-08-09 12:30:00+00:00,181.83,181.85,181.05,181.2,173628.04
2025-08-09 12:45:00+00:00,181.21,182.11,181.18,182.11,122094.57
2025-08-09 13:00:00+00:00,182.1,182.41,180.75,180.85,275107.56
2025-08-09 13:15:00+00:00,180.85,181.38,180.81,181.06,187252.16
2025-08-09 13:30:00+00:00,181.06,181.09,180.32,180.68,184192.3
2025-08-09 13:45:00+00:00,180.68,180.74,179.69,179.72,361356.57
2025-08-09 14:00:00+00:00,179.73,180.54,178.79,180.49,595277.51
2025-08-09 14:15:00+00:00,180.49,180.92,179.86,180.76,200092.81
2025-08-09 14:30:00+00:00,180.76,180.78,180.19,180.37,106679.4
2025-08-09 14:45:00+00:00,180.38,181.15,179.99,181.07,147446.43
2025-08-09 15:00:00+00:00,181.07,181.6,180.52,180.68,311992.23
2025-08-09 15:15:00+00:00,180.68,181.29,179.68,180.13,282690.15
2025-08-09 15:30:00+00:00,180.13,180.34,179.67,180.14,151596.41
2025-08-09 15:45:00+00:00,180.13,180.57,179.85,180.01,134644.52
2025-08-09 16:00:00+00:00,180.01,180.48,179.95,180.28,167713.31
2025-08-09 16:15:00+00:00,180.29,180.76,180.15,180.54,128565.0
2025-08-09 16:30:00+00:00,180.53,180.73,179.67,180.05,195098.43
2025-08-09 16:45:00+00:00,180.05,180.22,179.35,179.58,187465.37
2025-08-09 17:00:00+00:00,179.57,180.51,179.53,180.32,177440.07
2025-08-09 17:15:00+00:00,180.32,181.16,180.24,181.05,140037.02
2025-08-09 17:30:00+00:00,181.05,181.9,180.69,181.21,233399.98
2025-08-09 17:45:00+00:00,181.21,181.65,180.88,181.53,128825.32
2025-08-09 18:00:00+00:00,181.52,181.81,181.17,181.46,119458.94
2025-08-09 18:15:00+00:00,181.45,181.92,181.24,181.82,98277.52
2025-08-09 18:30:00+00:00,181.82,182.17,181.54,181.54,124832.92
2025-08-09 18:45:00+00:00,181.54,182.12,181.22,181.85,182712.53
2025-08-09 19:00:00+00:00,181.84,182.65,181.64,182.25,183947.02
2025-08-09 19:15:00+00:00,182.25,182.51,181.5,181.88,142715.48
2025-08-09 19:30:00+00:00,181.88,182.05,181.37,181.81,94658.15
2025-08-09 19:45:00+00:00,181.82,182.09,181.59,182.06,87681.74
2025-08-09 20:00:00+00:00,182.07,182.4,181.62,182.09,159896.55
2025-08-09 20:15:00+00:00,182.09,182.79,181.37,182.66,296876.63
2025-08-09 20:30:00+00:00,182.66,183.49,182.2,182.96,282167.07
2025-08-09 20:45:00+00:00,182.96,183.13,182.55,183.0,130477.59
2025-08-09 21:00:00+00:00,183.01,183.29,182.52,182.7,138840.48
2025-08-09 21:15:00+00:00,182.7,182.7,181.12,181.2,345684.82
2025-08-09 21:30:00+00:00,181.19,181.43,180.56,180.78,216381.99
2025-08-09 21:45:00+00:00,180.77,181.56,180.77,181.17,83756.57
2025-08-09 22:00:00+00:00,181.16,181.39,180.94,181.36,103038.61
2025-08-09 22:15:00+00:00,181.36,182.4,181.3,182.08,241206.17
2025-08-09 22:30:00+00:00,182.06,182.06,180.76,180.79,189287.77
2025-08-09 22:45:00+00:00,180.79,180.9,179.79,180.04,355232.05
2025-08-09 23:00:00+00:00,180.04,180.34,179.61,179.69,205965.05
2025-08-09 23:15:00+00:00,179.7,180.17,179.7,179.75,165747.05
2025-08-09 23:30:00+00:00,179.75,180.31,179.62,180.3,104337.88
2025-08-09 23:45:00+00:00,180.31,180.39,179.81,179.85,82081.95
2025-08-10 00:00:00+00:00,179.86,180.59,179.73,180.59,88412.73
2025-08-10 00:15:00+00:00,180.58,181.31,180.5,181.08,134480.08
2025-08-10 00:30:00+00:00,181.07,182.16,180.7,182.14,214621.65
2025-08-10 00:45:00+00:00,182.14,182.78,181.65,182.37,299305.28
2025-08-10 01:00:00+00:00,182.37,182.89,181.56,181.65,284066.22
2025-08-10 01:15:00+00:00,181.66,182.62,181.61,182.54,142622.97
2025-08-10 01:30:00+00:00,182.54,184.39,182.52,184.39,665294.77
2025-08-10 01:45:00+00:00,184.39,184.59,183.4,184.42,453533.38
2025-08-10 02:00:00+00:00,184.41,184.89,183.73,184.37,324288.22
2025-08-10 02:15:00+00:00,184.37,185.0,183.66,183.88,364467.12
2025-08-10 02:30:00+00:00,183.88,184.25,182.9,183.0,282419.02
2025-08-10 02:45:00+00:00,183.0,183.49,182.86,183.21,203783.9
2025-08-10 03:00:00+00:00,183.2,184.44,183.2,184.27,343276.19
2025-08-10 03:15:00+00:00,184.26,185.95,183.65,185.58,836821.51
2025-08-10 03:30:00+00:00,185.57,185.7,184.7,185.58,247202.13
2025-08-10 03:45:00+00:00,185.58,185.64,184.81,184.9,202412.63
2025-08-10 04:00:00+00:00,184.91,185.28,184.31,185.0,208768.85
2025-08-10 04:15:00+00:00,185.0,186.13,184.99,185.8,327411.15
2025-08-10 04:30:00+00:00,185.8,185.94,185.36,185.46,146486.41
2025-08-10 04:45:00+00:00,185.46,185.78,184.8,184.98,159355.07
2025-08-10 05:00:00+00:00,184.98,185.14,183.85,183.98,296130.03
2025-08-10 05:15:00+00:00,183.98,184.0,182.15,182.29,611145.27
2025-08-10 05:30:00+00:00,182.3,182.99,182.0,182.82,438042.81
2025-08-10 05:45:00+00:00,182.83,182.83,181.56,181.93,273654.2
2025-08-10 06:00:00+00:00,181.93,182.31,181.63,181.67,175025.12
2025-08-10 06:15:00+00:00,181.67,181.68,180.16,180.64,592127.31
2025-08-10 06:30:00+00:00,180.63,181.27,180.56,181.14,178350.45
2025-08-10 06:45:00+00:00,181.13,181.35,180.95,181.0,125055.53
2025-08-10 07:00:00+00:00,181.01,181.3,180.92,181.24,119295.51
2025-08-10 07:15:00+00:00,181.25,181.47,180.62,180.63,124286.59
2025-08-10 07:30:00+00:00,180.63,180.91,177.69,178.31,956960.23
2025-08-10 07:45:00+00:00,178.31,179.63,178.05,178.86,705190.92
2025-08-10 08:00:00+00:00,178.87,178.91,177.42,178.84,629953.11
2025-08-10 08:15:00+00:00,178.85,179.58,178.72,179.57,299191.04
2025-08-10 08:30:00+00:00,179.56,180.26,179.51,180.18,234037.32
2025-08-10 08:45:00+00:00,180.18,180.67,180.14,180.32,188531.06
2025-08-10 09:00:00+00:00,180.33,180.5,179.97,180.15,121171.21
2025-08-10 09:15:00+00:00,180.15,180.57,180.07,180.34,106531.77
2025-08-10 09:30:00+00:00,180.34,180.66,180.2,180.49,93972.71
2025-08-10 09:45:00+00:00,180.49,180.98,180.12,180.36,173121.18
2025-08-10 10:00:00+00:00,180.36,180.55,179.87,179.9,153062.83
2025-08-10 10:15:00+00:00,179.89,180.24,179.55,179.55,209537.78
2025-08-10 10:30:00+00:00,179.56,180.07,178.72,180.02,301927.81
2025-08-10 10:45:00+00:00,180.02,180.48,179.24,179.43,179575.35
2025-08-10 11:00:00+00:00,179.42,179.53,178.78,179.15,163847.97
2025-08-10 11:15:00+00:00,179.15,179.84,178.64,179.71,225378.73
2025-08-10 11:30:00+00:00,179.71,180.59,179.38,180.3,276637.6
2025-08-10 11:45:00+00:00,180.3,180.69,179.73,179.9,198913.02
2025-08-10 12:00:00+00:00,179.9,180.29,179.41,179.57,166343.05
2025-08-10 12:15:00+00:00,179.57,179.77,179.07,179.25,134493.95
2025-08-10 12:30:00+00:00,179.24,179.69,179.08,179.58,111050.23
2025-08-10 12:45:00+00:00,179.58,179.88,179.19,179.46,110104.94
2025-08-10 13:00:00+00:00,179.46,180.05,179.31,179.78,137871.46
2025-08-10 13:15:00+00:00,179.78,180.27,179.41,179.99,135651.46
2025-08-10 13:30:00+00:00,180.0,180.0,179.15,179.33,216879.64
2025-08-10 13:45:00+00:00,179.34,179.83,178.77,178.77,169668.14
2025-08-10 14:00:00+00:00,178.78,179.73,178.44,179.58,243168.25
2025-08-10 14:15:00+00:00,179.58,180.84,179.46,180.6,343447.1
2025-08-10 14:30:00+00:00,180.59,181.99,180.28,181.96,522843.22
2025-08-10 14:45:00+00:00,181.96,182.3,181.12,181.45,312515.24
2025-08-10 15:00:00+00:00,181.44,182.15,181.2,182.04,265276.88
2025-08-10 15:15:00+00:00,182.05,182.34,181.28,181.67,244001.64
2025-08-10 15:30:00+00:00,181.67,181.69,181.06,181.48,129535.42
2025-08-10 15:45:00+00:00,181.48,181.76,181.04,181.46,155490.2
2025-08-10 16:00:00+00:00,181.46,181.7,181.14,181.48,120036.06
2025-08-10 16:15:00+00:00,181.47,182.08,181.36,181.76,129389.19
2025-08-10 16:30:00+00:00,181.75,182.21,181.64,181.96,129237.27
2025-08-10 16:45:00+00:00,181.97,182.2,181.7,182.19,87177.64
2025-08-10 17:00:00+00:00,182.19,182.4,181.8,181.92,140495.05
2025-08-10 17:15:00+00:00,181.91,181.99,181.26,181.58,172604.32
2025-08-10 17:30:00+00:00,181.58,182.15,181.58,181.85,72607.29
2025-08-10 17:45:00+00:00,181.86,182.11,181.44,181.61,76808.6
2025-08-10 18:00:00+00:00,181.6,182.37,181.57,182.22,99351.41
2025-08-10 18:15:00+00:00,182.21,182.24,181.86,182.02,80419.84
2025-08-10 18:30:00+00:00,182.01,182.66,181.88,182.35,179704.77
2025-08-10 18:45:00+00:00,182.34,182.9,182.17,182.65,131993.98
2025-08-10 19:00:00+00:00,182.65,182.85,182.35,182.81,78746.28
2025-08-10 19:15:00+00:00,182.8,182.87,182.26,182.63,82348.02
2025-08-10 19:30:00+00:00,182.62,183.31,182.5,182.8,175689.01
2025-08-10 19:45:00+00:00,182.8,182.93,182.52,182.73,107800.06
2025-08-10 20:00:00+00:00,182.73,183.07,181.55,182.17,365724.24
2025-08-10 20:15:00+00:00,182.17,182.32,181.2,181.56,499831.73
2025-08-10 20:30:00+00:00,181.56,182.91,181.45,182.81,271716.31
2025-08-10 20:45:00+00:00,182.81,183.31,182.61,182.65,284843.66
2025-08-10 21:00:00+00:00,182.65,183.36,181.3,183.0,527943.48
2025-08-10 21:15:00+00:00,182.99,183.86,182.68,182.9,311801.34
2025-08-10 21:30:00+00:00,182.89,183.48,182.7,182.93,195319.45
2025-08-10 21:45:00+00:00,182.94,183.5,182.89,183.4,92256.81
2025-08-10 22:00:00+00:00,183.4,183.45,182.81,183.36,171583.47
2025-08-10 22:15:00+00:00,183.36,183.62,182.74,182.85,135007.69
2025-08-10 22:30:00+00:00,182.86,183.28,182.86,183.12,92366.61
2025-08-10 22:45:00+00:00,183.13,183.16,182.52,183.02,99572.3
2025-08-10 23:00:00+00:00,183.03,183.5,182.59,182.62,143367.03
2025-08-10 23:15:00+00:00,182.61,182.76,182.0,182.43,120377.35
2025-08-10 23:30:00+00:00,182.44,182.93,182.2,182.83,113050.57
2025-08-10 23:45:00+00:00,182.83,183.11,182.56,182.59,84034.06
2025-08-11 00:00:00+00:00,182.58,182.62,181.63,181.87,247640.01
2025-08-11 00:15:00+00:00,181.87,183.0,181.87,182.91,219352.49
2025-08-11 00:30:00+00:00,182.91,183.12,182.0,182.01,195753.09
2025-08-11 00:45:00+00:00,182.01,182.23,181.37,181.41,174676.57
2025-08-11 01:00:00+00:00,181.42,182.21,181.16,182.05,163582.33
2025-08-11 01:15:00+00:00,182.06,183.0,181.88,182.87,241292.09
2025-08-11 01:30:00+00:00,182.86,183.81,182.84,183.5,405612.4
2025-08-11 01:45:00+00:00,183.5,183.8,183.07,183.63,171630.29
2025-08-11 02:00:00+00:00,183.63,184.94,183.49,184.68,641647.05
2025-08-11 02:15:00+00:00,184.69,185.3,184.12,185.05,510386.47
2025-08-11 02:30:00+00:00,185.06,185.12,184.54,184.84,196136.24
2025-08-11 02:45:00+00:00,184.83,185.73,184.51,185.18,303240.0
2025-08-11 03:00:00+00:00,185.18,185.24,183.8,185.07,464189.11
2025-08-11 03:15:00+00:00,185.07,185.55,184.46,184.83,246063.33
2025-08-11 03:30:00+00:00,184.84,185.27,184.23,184.3,241700.69
2025-08-11 03:45:00+00:00,184.31,185.36,184.2,185.09,255257.83
2025-08-11 04:00:00+00:00,185.09,186.05,185.05,185.89,286385.49
2025-08-11 04:15:00+00:00,185.89,186.4,185.78,186.05,262413.81
2025-08-11 04:30:00+00:00,186.04,186.18,185.36,185.98,163372.52
2025-08-11 04:45:00+00:00,185.98,186.34,185.77,185.8,189888.35
2025-08-11 05:00:00+00:00,185.8,186.76,185.68,186.67,356244.79
2025-08-11 05:15:00+00:00,186.66,186.72,185.48,185.59,262174.17
2025-08-11 05:30:00+00:00,185.6,185.72,185.04,185.15,274186.45
2025-08-11 05:45:00+00:00,185.14,185.37,184.81,185.27,202093.96
2025-08-11 06:00:00+00:00,185.27,185.54,185.08,185.3,125321.75
2025-08-11 06:15:00+00:00,185.3,185.56,184.83,185.05,117399.87
2025-08-11 06:30:00+00:00,185.05,185.21,184.35,184.63,188182.91
2025-08-11 06:45:00+00:00,184.63,184.82,184.34,184.75,142160.6
2025-08-11 07:00:00+00:00,184.75,184.87,184.36,184.61,129968.75
2025-08-11 07:15:00+00:00,184.6,184.6,183.68,183.89,334735.16
2025-08-11 07:30:00+00:00,183.9,183.92,183.11,183.82,284466.05
2025-08-11 07:45:00+00:00,183.81,183.82,182.721,182.92,240988.31
2025-08-11 08:00:00+00:00,182.92,183.01,182.03,182.94,370783.63
2025-08-11 08:15:00+00:00,182.93,183.55,182.89,183.55,190038.96
2025-08-11 08:30:00+00:00,183.55,183.97,183.28,183.77,179554.75
2025-08-11 08:45:00+00:00,183.77,184.63,183.64,184.2,314803.89
2025-08-11 09:00:00+00:00,184.19,184.27,183.68,183.82,129882.7
2025-08-11 09:15:00+00:00,183.82,183.82,183.19,183.64,201708.44
2025-08-11 09:30:00+00:00,183.64,184.0,183.19,183.64,139973.04
2025-08-11 09:45:00+00:00,183.64,183.71,182.75,183.07,185669.58
2025-08-11 10:00:00+00:00,183.08,183.16,182.42,182.72,171036.75
2025-08-11 10:15:00+00:00,182.73,183.06,181.8,182.85,286912.35
2025-08-11 10:30:00+00:00,182.85,183.0,181.9,182.12,219096.02
2025-08-11 10:45:00+00:00,182.11,182.16,181.53,181.82,274865.1
2025-08-11 11:00:00+00:00,181.83,182.08,180.6,180.78,467376.45
2025-08-11 11:15:00+00:00,180.79,180.83,178.7,178.71,835981.25
2025-08-11 11:30:00+00:00,178.72,179.9,178.5,179.59,745632.02
2025-08-11 11:45:00+00:00,179.59,179.64,178.23,178.99,522622.29
2025-08-11 12:00:00+00:00,178.98,179.49,178.55,178.97,331792.99
2025-08-11 12:15:00+00:00,178.96,179.42,178.52,178.62,223397.44
2025-08-11 12:30:00+00:00,178.63,179.15,177.69,178.05,660756.06
2025-08-11 12:45:00+00:00,178.05,178.74,177.98,178.72,195758.6
2025-08-11 13:00:00+00:00,178.72,178.79,177.51,177.64,457299.65
2025-08-11 13:15:00+00:00,177.65,178.29,177.14,177.5,369789.76
2025-08-11 13:30:00+00:00,177.51,179.53,177.42,179.31,863520.14
2025-08-11 13:45:00+00:00,179.3,179.97,178.78,179.52,699764.91
2025-08-11 14:00:00+00:00,179.53,180.15,178.47,178.57,604994.76
2025-08-11 14:15:00+00:00,178.57,179.36,178.28,178.82,296251.12
2025-08-11 14:30:00+00:00,178.83,180.45,178.77,179.27,523565.35
2025-08-11 14:45:00+00:00,179.27,179.42,178.45,178.67,264733.99
2025-08-11 15:00:00+00:00,178.68,178.81,177.53,178.27,519914.56
2025-08-11 15:15:00+00:00,178.28,179.03,178.01,178.52,210556.64
2025-08-11 15:30:00+00:00,178.51,179.66,178.42,179.65,295734.7
2025-08-11 15:45:00+00:00,179.65,180.11,179.14,180.11,257996.64
2025-08-11 16:00:00+00:00,180.1,181.7,180.04,180.79,710211.63
2025-08-11 16:15:00+00:00,180.8,181.0,179.44,180.0,458225.45
2025-08-11 16:30:00+00:00,180.0,180.1,178.25,178.31,351367.26
2025-08-11 16:45:00+00:00,178.32,179.36,178.25,178.94,235414.97
2025-08-11 17:00:00+00:00,178.93,179.47,178.63,178.94,202271.9
2025-08-11 17:15:00+00:00,178.92,179.33,178.22,179.13,240575.28
2025-08-11 17:30:00+00:00,179.13,179.18,178.25,178.62,135899.63
2025-08-11 17:45:00+00:00,178.62,178.63,177.95,178.1,342653.79
2025-08-11 18:00:00+00:00,178.11,178.16,176.53,177.66,690807.88
2025-08-11 18:15:00+00:00,177.66,177.84,177.17,177.64,229041.72
2025-08-11 18:30:00+00:00,177.65,178.2,177.56,177.56,151984.01
2025-08-11 18:45:00+00:00,177.56,178.28,177.29,178.13,120446.61
2025-08-11 19:00:00+00:00,178.13,178.22,177.49,177.58,83934.61
2025-08-11 19:15:00+00:00,177.58,177.95,177.27,177.88,87694.37
2025-08-11 19:30:00+00:00,177.87,178.16,177.05,177.28,180742.19
2025-08-11 19:45:00+00:00,177.28,177.45,175.45,176.54,819103.2
2025-08-11 20:00:00+00:00,176.55,176.8,175.7,175.81,307276.47
2025-08-11 20:15:00+00:00,175.81,176.43,175.61,176.19,197855.57
2025-08-11 20:30:00+00:00,176.19,176.41,175.76,176.28,125334.39
2025-08-11 20:45:00+00:00,176.29,176.58,175.84,176.07,116035.06
2025-08-11 21:00:00+00:00,176.07,176.42,175.94,176.28,87576.18
2025-08-11 21:15:00+00:00,176.28,176.33,175.42,175.79,166289.18
2025-08-11 21:30:00+00:00,175.8,175.88,174.16,174.91,672298.38
2025-08-11 21:45:00+00:00,174.9,175.0,173.78,174.97,348310.52
2025-08-11 22:00:00+00:00,174.96,175.07,174.09,174.43,185250.17
2025-08-11 22:15:00+00:00,174.42,174.8,173.34,173.83,399845.31
2025-08-11 22:30:00+00:00,173.83,174.54,173.5,174.37,270454.99
2025-08-11 22:45:00+00:00,174.36,174.74,174.27,174.59,132567.88
2025-08-11 23:00:00+00:00,174.6,174.91,174.4,174.9,134874.56
2025-08-11 23:15:00+00:00,174.9,174.98,174.48,174.61,123861.32
2025-08-11 23:30:00+00:00,174.62,175.03,174.57,175.01,91096.21
2025-08-11 23:45:00+00:00,175.01,175.01,174.69,174.75,80187.04
2025-08-12 00:00:00+00:00,174.74,175.2,174.55,175.06,202938.89
2025-08-12 00:15:00+00:00,175.05,175.63,175.05,175.3,266819.39
2025-08-12 00:30:00+00:00,175.29,175.31,174.72,175.09,97912.88
2025-08-12 00:45:00+00:00,175.09,175.86,174.98,175.6,219501.8
2025-08-12 01:00:00+00:00,175.59,175.72,175.07,175.12,146068.0
2025-08-12 01:15:00+00:00,175.12,175.61,174.85,175.61,88334.94
2025-08-12 01:30:00+00:00,175.6,176.18,175.4,176.12,270971.4
2025-08-12 01:45:00+00:00,176.13,176.32,175.78,176.0,113686.02
2025-08-12 02:00:00+00:00,176.01,176.02,175.55,175.69,135221.48
2025-08-12 02:15:00+00:00,175.69,176.32,175.44,176.18,108299.96
2025-08-12 02:30:00+00:00,176.18,176.67,176.11,176.45,156127.65
2025-08-12 02:45:00+00:00,176.45,176.45,176.0,176.09,83730.87
2025-08-12 03:00:00+00:00,176.08,176.18,175.7,175.83,95725.13
2025-08-12 03:15:00+00:00,175.83,175.85,175.29,175.62,164675.38
2025-08-12 03:30:00+00:00,175.62,176.09,175.4,175.52,166753.25
2025-08-12 03:45:00+00:00,175.53,175.82,175.4,175.47,87710.29
2025-08-12 04:00:00+00:00,175.47,175.78,175.21,175.63,170020.01
2025-08-12 04:15:00+00:00,175.63,176.01,175.5,176.0,107370.23
2025-08-12 04:30:00+00:00,176.0,176.57,175.8,176.48,257366.7
2025-08-12 04:45:00+00:00,176.49,176.54,176.14,176.19,93659.91
2025-08-12 05:00:00+00:00,176.19,176.19,175.11,175.59,181131.12
2025-08-12 05:15:00+00:00,175.59,175.62,174.44,174.62,302450.28
2025-08-12 05:30:00+00:00,174.62,174.63,173.86,174.02,277177.74
2025-08-12 05:45:00+00:00,174.03,174.76,173.99,174.76,162812.56
2025-08-12 06:00:00+00:00,174.75,175.0,174.02,174.04,177938.9
2025-08-12 06:15:00+00:00,174.04,175.29,173.49,175.1,303045.77
2025-08-12 06:30:00+00:00,175.11,175.2,174.63,174.95,127661.65
2025-08-12 06:45:00+00:00,174.95,175.05,174.44,174.51,81711.54
2025-08-12 07:00:00+00:00,174.51,175.53,174.51,175.52,171956.27
2025-08-12 07:15:00+00:00,175.53,175.98,175.44,175.91,178384.9
2025-08-12 07:30:00+00:00,175.91,175.94,175.45,175.64,123535.47
2025-08-12 07:45:00+00:00,175.63,175.91,175.58,175.81,89895.22
2025-08-12 08:00:00+00:00,175.82,175.86,175.23,175.64,145535.56
2025-08-12 08:15:00+00:00,175.64,175.9,175.31,175.41,94434.56
2025-08-12 08:30:00+00:00,175.41,176.28,175.37,176.28,142197.12
2025-08-12 08:45:00+00:00,176.28,176.41,175.51,175.63,135478.58
2025-08-12 09:00:00+00:00,175.64,175.65,174.44,174.57,241234.24
2025-08-12 09:15:00+00:00,174.57,175.3,174.45,175.01,274402.54
2025-08-12 09:30:00+00:00,175.01,175.07,174.51,174.84,122735.0
2025-08-12 09:45:00+00:00,174.84,175.02,174.26,174.45,121393.17
2025-08-12 10:00:00+00:00,174.44,174.54,173.75,174.01,235890.08
2025-08-12 10:15:00+00:00,174.01,174.69,173.79,174.51,193848.59
2025-08-12 10:30:00+00:00,174.51,174.99,174.18,174.53,121589.04
2025-08-12 10:45:00+00:00,174.53,175.01,174.53,174.69,78956.03
2025-08-12 11:00:00+00:00,174.68,174.86,173.6,173.83,204015.8
2025-08-12 11:15:00+00:00,173.84,174.7,173.82,174.65,119380.91
2025-08-12 11:30:00+00:00,174.65,175.14,174.59,174.63,118163.68
2025-08-12 11:45:00+00:00,174.63,175.27,174.56,175.14,110421.62
2025-08-12 12:00:00+00:00,175.13,175.34,174.85,174.96,92719.94
2025-08-12 12:15:00+00:00,174.95,175.78,174.64,175.68,188998.65
2025-08-12 12:30:00+00:00,175.68,178.19,175.68,178.07,1697447.99
2025-08-12 12:45:00+00:00,178.07,178.65,177.38,177.86,685239.4
2025-08-12 13:00:00+00:00,177.86,178.03,176.2,177.45,586937.17
2025-08-12 13:15:00+00:00,177.44,178.08,176.98,178.07,299689.46
2025-08-12 13:30:00+00:00,178.08,178.46,177.08,177.14,554288.44
2025-08-12 13:45:00+00:00,177.14,177.57,175.84,176.44,771256.36
2025-08-12 14:00:00+00:00,176.44,177.7,176.14,177.56,314697.0
2025-08-12 14:15:00+00:00,177.57,178.3,177.1,178.2,255326.74
2025-08-12 14:30:00+00:00,178.19,178.92,177.97,178.9,392641.86
2025-08-12 14:45:00+00:00,178.91,179.66,178.13,179.51,432733.37
2025-08-12 15:00:00+00:00,179.5,179.98,179.16,179.19,384071.49
2025-08-12 15:15:00+00:00,179.2,181.3,179.17,181.22,632944.06
2025-08-12 15:30:00+00:00,181.21,181.83,180.58,180.72,575895.53
2025-08-12 15:45:00+00:00,180.71,182.0,180.52,181.61,480749.65
2025-08-12 16:00:00+00:00,181.61,181.95,180.9,181.02,388490.9
2025-08-12 16:15:00+00:00,181.02,182.7,180.68,182.7,481971.58
2025-08-12 16:30:00+00:00,182.69,185.35,182.21,184.58,1650974.08
2025-08-12 16:45:00+00:00,184.57,185.38,184.45,184.78,677756.15
2025-08-12 17:00:00+00:00,184.79,186.07,184.78,185.6,789539.74
2025-08-12 17:15:00+00:00,185.59,186.64,185.12,185.32,849084.21
2025-08-12 17:30:00+00:00,185.32,186.17,184.75,185.77,527919.43
2025-08-12 17:45:00+00:00,185.77,186.0,185.23,185.86,277836.88
2025-08-12 18:00:00+00:00,185.86,187.79,185.86,187.65,705405.82
2025-08-12 18:15:00+00:00,187.65,189.15,187.59,188.37,1105571.25
2025-08-12 18:30:00+00:00,188.36,188.6,187.44,188.45,484357.02
2025-08-12 18:45:00+00:00,188.45,189.0,187.73,188.15,387773.69
2025-08-12 19:00:00+00:00,188.15,188.83,188.09,188.75,219216.98
2025-08-12 19:15:00+00:00,188.75,189.56,188.74,189.53,359403.96
2025-08-12 19:30:00+00:00,189.52,190.99,189.21,189.47,646591.11
2025-08-12 19:45:00+00:00,189.46,191.1,189.36,190.61,373697.98
2025-08-12 20:00:00+00:00,190.62,190.88,189.57,190.33,326281.64
2025-08-12 20:15:00+00:00,190.33,191.68,190.06,190.24,571275.5
2025-08-12 20:30:00+00:00,190.23,190.87,190.13,190.86,203474.26
2025-08-12 20:45:00+00:00,190.87,191.65,190.7,191.54,330106.39
2025-08-12 21:00:00+00:00,191.55,192.09,190.44,192.01,408072.98
2025-08-12 21:15:00+00:00,192.0,192.59,191.53,191.78,471965.52
2025-08-12 21:30:00+00:00,191.78,193.65,191.35,193.52,591847.93
2025-08-12 21:45:00+00:00,193.52,193.79,191.9,192.49,385933.43
2025-08-12 22:00:00+00:00,192.49,192.78,191.31,192.25,587706.02
2025-08-12 22:15:00+00:00,192.25,193.21,191.75,192.66,372604.68
2025-08-12 22:30:00+00:00,192.66,193.29,191.88,191.9,334370.5
2025-08-12 22:45:00+00:00,191.91,191.97,191.0,191.68,404583.86
2025-08-12 23:00:00+00:00,191.68,192.0,191.25,191.37,318297.54
2025-08-12 23:15:00+00:00,191.36,192.22,191.21,191.87,186887.1
2025-08-12 23:30:00+00:00,191.88,192.82,191.71,192.64,182045.98
2025-08-12 23:45:00+00:00,192.63,192.96,191.66,191.76,268596.87
2025-08-13 00:00:00+00:00,191.77,192.15,191.47,192.14,276530.84
2025-08-13 00:15:00+00:00,192.13,192.59,191.87,192.23,191290.63
2025-08-13 00:30:00+00:00,192.23,194.66,192.11,194.55,761122.05
2025-08-13 00:45:00+00:00,194.54,194.77,193.66,193.96,525924.98
2025-08-13 01:00:00+00:00,193.96,194.0,191.99,192.11,713993.47
2025-08-13 01:15:00+00:00,192.12,195.04,192.12,194.67,778941.83
2025-08-13 01:30:00+00:00,194.66,195.01,192.96,193.31,491493.69
2025-08-13 01:45:00+00:00,193.31,194.63,192.97,194.26,391315.82
2025-08-13 02:00:00+00:00,194.26,194.28,193.34,193.6,290814.17
2025-08-13 02:15:00+00:00,193.6,195.06,193.6,194.96,405876.09
2025-08-13 02:30:00+00:00,194.95,197.65,194.26,196.96,1083242.78
2025-08-13 02:45:00+00:00,196.95,198.73,196.53,198.61,857846.97
2025-08-13 03:00:00+00:00,198.6,199.59,196.82,197.79,1255358.21
2025-08-13 03:15:00+00:00,197.78,199.49,197.75,198.5,690337.87
2025-08-13 03:30:00+00:00,198.49,199.44,197.94,199.11,574605.55
2025-08-13 03:45:00+00:00,199.1,199.1,197.61,197.73,427241.09
2025-08-13 04:00:00+00:00,197.74,199.17,197.2,199.17,475284.29
2025-08-13 04:15:00+00:00,199.18,200.15,198.4,198.42,672780.94
2025-08-13 04:30:00+00:00,198.43,199.22,197.88,198.14,401571.22
2025-08-13 04:45:00+00:00,198.14,199.09,197.8,198.75,317680.46
2025-08-13 05:00:00+00:00,198.74,198.8,197.8,197.87,240133.76
2025-08-13 05:15:00+00:00,197.88,198.12,197.41,197.79,258773.7
2025-08-13 05:30:00+00:00,197.78,197.84,196.59,197.46,554141.59
2025-08-13 05:45:00+00:00,197.46,197.57,196.05,196.56,565246.32
2025-08-13 06:00:00+00:00,196.55,196.83,195.6,196.73,451184.35
2025-08-13 06:15:00+00:00,196.73,196.74,195.65,195.92,242077.55
2025-08-13 06:30:00+00:00,195.92,196.59,195.22,195.28,300063.72
2025-08-13 06:45:00+00:00,195.29,196.31,195.2,195.84,219582.44
2025-08-13 07:00:00+00:00,195.84,196.78,195.81,196.51,368017.89
2025-08-13 07:15:00+00:00,196.5,197.56,196.23,197.21,393628.31
2025-08-13 07:30:00+00:00,197.21,197.57,196.46,197.35,290169.7
2025-08-13 07:45:00+00:00,197.34,198.86,197.15,198.79,378121.43
2025-08-13 08:00:00+00:00,198.79,199.07,198.19,198.38,493114.87
2025-08-13 08:15:00+00:00,198.37,198.39,197.65,197.84,276999.51
2025-08-13 08:30:00+00:00,197.85,198.67,197.75,198.3,243683.42
2025-08-13 08:45:00+00:00,198.29,199.03,197.96,198.99,189291.67
2025-08-13 09:00:00+00:00,198.99,200.4,198.96,200.36,630276.3
2025-08-13 09:15:00+00:00,200.36,202.0,199.5,201.16,1225155.3
2025-08-13 09:30:00+00:00,201.15,201.84,200.51,200.73,491719.03
2025-08-13 09:45:00+00:00,200.73,202.81,200.38,202.25,693329.19
2025-08-13 10:00:00+00:00,202.24,202.24,201.07,201.08,467661.55
2025-08-13 10:15:00+00:00,201.09,201.71,200.87,201.66,320006.38
2025-08-13 10:30:00+00:00,201.65,201.88,200.98,201.67,248034.21
2025-08-13 10:45:00+00:00,201.67,202.05,201.35,201.56,278521.18
2025-08-13 11:00:00+00:00,201.57,201.6,201.05,201.46,210462.14
2025-08-13 11:15:00+00:00,201.46,202.03,200.35,201.23,492985.28
2025-08-13 11:30:00+00:00,201.23,201.75,200.95,201.5,205582.6
2025-08-13 11:45:00+00:00,201.5,201.69,200.97,201.06,168646.23
2025-08-13 12:00:00+00:00,201.05,201.46,200.66,201.37,242937.07
2025-08-13 12:15:00+00:00,201.37,202.61,201.36,202.06,457064.22
2025-08-13 12:30:00+00:00,202.07,202.48,201.56,202.24,379410.53
2025-08-13 12:45:00+00:00,202.24,202.51,200.84,201.2,508516.56
2025-08-13 13:00:00+00:00,201.2,202.61,201.1,201.6,493683.45
2025-08-13 13:15:00+00:00,201.6,203.93,201.55,203.7,934784.54
2025-08-13 13:30:00+00:00,203.7,205.07,200.61,201.47,2329995.77
2025-08-13 13:45:00+00:00,201.46,204.42,201.28,202.6,1499992.41
2025-08-13 14:00:00+00:00,202.58,202.95,200.25,200.52,938040.98
2025-08-13 14:15:00+00:00,200.52,200.64,197.72,198.89,2082265.93
2025-08-13 14:30:00+00:00,198.9,199.23,197.51,199.1,786333.28
2025-08-13 14:45:00+00:00,199.09,199.17,196.05,196.29,1191129.82
2025-08-13 15:00:00+00:00,196.3,197.15,194.6,196.45,1308190.1
2025-08-13 15:15:00+00:00,196.45,197.15,195.1,196.67,768159.37
2025-08-13 15:30:00+00:00,196.66,198.68,196.0,198.26,765217.7
2025-08-13 15:45:00+00:00,198.27,198.29,196.98,197.49,502845.92
2025-08-13 16:00:00+00:00,197.49,198.22,197.06,198.15,317058.94
2025-08-13 16:15:00+00:00,198.16,199.96,198.03,199.6,730751.06
2025-08-13 16:30:00+00:00,199.6,199.88,197.63,198.04,725948.33
2025-08-13 16:45:00+00:00,198.04,198.45,197.65,198.02,274423.85
2025-08-13 17:00:00+00:00,198.01,199.09,197.96,198.81,273093.56
2025-08-13 17:15:00+00:00,198.8,200.16,198.7,199.94,344488.62
2025-08-13 17:30:00+00:00,199.94,200.07,198.54,198.67,268116.31
2025-08-13 17:45:00+00:00,198.66,199.63,198.28,199.06,235440.06
2025-08-13 18:00:00+00:00,199.06,200.75,198.96,200.41,415931.4
2025-08-13 18:15:00+00:00,200.41,200.51,198.45,198.81,424330.11
2025-08-13 18:30:00+00:00,198.82,199.5,197.81,198.87,447309.4
2025-08-13 18:45:00+00:00,198.87,199.7,198.38,199.45,257643.47
2025-08-13 19:00:00+00:00,199.45,200.1,198.93,199.17,279933.28
2025-08-13 19:15:00+00:00,199.17,200.57,199.15,200.5,315691.37
2025-08-13 19:30:00+00:00,200.5,200.93,200.21,200.82,224659.58
2025-08-13 19:45:00+00:00,200.82,202.3,200.66,202.15,520072.0
2025-08-13 20:00:00+00:00,202.14,202.29,200.06,200.85,418059.85
2025-08-13 20:15:00+00:00,200.85,201.18,199.86,200.04,191926.81
2025-08-13 20:30:00+00:00,200.03,201.17,200.03,200.65,189875.0
2025-08-13 20:45:00+00:00,200.66,200.68,199.93,200.38,132547.83
2025-08-13 21:00:00+00:00,200.38,201.53,200.18,201.02,194856.35
2025-08-13 21:15:00+00:00,201.02,201.53,200.63,200.7,145093.78
2025-08-13 21:30:00+00:00,200.71,201.29,200.58,200.59,107180.3
2025-08-13 21:45:00+00:00,200.58,201.11,200.14,201.02,159221.45
2025-08-13 22:00:00+00:00,201.03,201.44,200.39,200.52,157333.52
2025-08-13 22:15:00+00:00,200.52,201.21,200.18,200.6,132606.96
2025-08-13 22:30:00+00:00,200.61,202.18,200.4,202.17,251831.58
2025-08-13 22:45:00+00:00,202.17,202.87,200.29,200.58,650561.58
2025-08-13 23:00:00+00:00,200.57,202.03,200.44,201.16,320130.14
2025-08-13 23:15:00+00:00,201.16,202.0,201.03,201.9,157392.41
2025-08-13 23:30:00+00:00,201.91,203.41,201.91,202.35,406503.4
2025-08-13 23:45:00+00:00,202.34,202.4,201.21,201.58,248097.11
2025-08-14 00:00:00+00:00,201.57,202.55,201.21,202.41,307985.73
2025-08-14 00:15:00+00:00,202.42,203.97,202.0,203.67,466270.12
2025-08-14 00:30:00+00:00,203.67,204.0,201.6,202.14,544681.41
2025-08-14 00:45:00+00:00,202.13,202.24,200.74,201.53,435957.32
2025-08-14 01:00:00+00:00,201.52,202.01,200.64,201.74,346269.85
2025-08-14 01:15:00+00:00,201.75,203.38,201.58,203.38,424595.16
2025-08-14 01:30:00+00:00,203.37,204.8,202.82,204.26,536273.61
2025-08-14 01:45:00+00:00,204.27,204.82,202.56,202.71,439287.68
2025-08-14 02:00:00+00:00,202.7,203.64,202.34,203.14,332210.14
2025-08-14 02:15:00+00:00,203.14,203.17,201.82,202.54,295993.78
2025-08-14 02:30:00+00:00,202.54,205.34,202.32,205.31,596441.52
2025-08-14 02:45:00+00:00,205.31,208.3,205.07,207.31,1628253.51
2025-08-14 03:00:00+00:00,207.31,207.43,206.18,206.81,488649.06
2025-08-14 03:15:00+00:00,206.81,208.73,206.77,208.05,573198.42
2025-08-14 03:30:00+00:00,208.05,208.44,207.51,208.13,389160.48
2025-08-14 03:45:00+00:00,208.12,209.36,207.74,208.11,468349.26
2025-08-14 04:00:00+00:00,208.11,208.48,207.43,207.55,336628.61
2025-08-14 04:15:00+00:00,207.55,210.1,207.5,209.03,604385.41
2025-08-14 04:30:00+00:00,209.03,209.74,208.1,209.5,423071.94
2025-08-14 04:45:00+00:00,209.5,209.79,208.31,208.37,347596.15
2025-08-14 05:00:00+00:00,208.37,210.0,208.12,208.44,625269.83
2025-08-14 05:15:00+00:00,208.44,209.71,208.2,208.27,453059.68
2025-08-14 05:30:00+00:00,208.28,208.54,206.43,206.83,745082.85
2025-08-14 05:45:00+00:00,206.84,207.38,206.54,206.74,390074.21
2025-08-14 06:00:00+00:00,206.73,206.84,204.55,205.47,923926.42
2025-08-14 06:15:00+00:00,205.48,205.56,204.2,205.47,601548.44
2025-08-14 06:30:00+00:00,205.47,207.71,205.46,207.34,787159.46
2025-08-14 06:45:00+00:00,207.33,208.34,207.22,207.73,373396.28
2025-08-14 07:00:00+00:00,207.72,208.19,205.73,205.93,573213.19
2025-08-14 07:15:00+00:00,205.93,206.46,205.36,206.11,336160.71
2025-08-14 07:30:00+00:00,206.11,206.95,205.68,205.91,316358.15
2025-08-14 07:45:00+00:00,205.92,206.17,204.75,205.8,321370.04
2025-08-14 08:00:00+00:00,205.79,205.99,203.56,204.38,647082.26
2025-08-14 08:15:00+00:00,204.38,205.27,203.81,204.08,400253.74
2025-08-14 08:30:00+00:00,204.07,204.67,202.59,202.82,665180.86
2025-08-14 08:45:00+00:00,202.82,203.6,202.8,203.54,343612.32
2025-08-14 09:00:00+00:00,203.55,205.08,202.75,204.97,520307.2
2025-08-14 09:15:00+00:00,204.96,205.44,204.35,205.19,317403.79
2025-08-14 09:30:00+00:00,205.2,205.22,204.06,204.33,254043.82
2025-08-14 09:45:00+00:00,204.32,205.74,204.19,205.52,300440.97
2025-08-14 10:00:00+00:00,205.52,205.87,204.45,204.59,313676.15
2025-08-14 10:15:00+00:00,204.6,205.6,204.0,204.16,254247.03
2025-08-14 10:30:00+00:00,204.17,204.92,202.0,202.62,673275.38
2025-08-14 10:45:00+00:00,202.62,203.34,202.0,202.87,644549.75
2025-08-14 11:00:00+00:00,202.86,203.3,202.01,202.77,444552.46
2025-08-14 11:15:00+00:00,202.76,203.63,202.1,203.02,368250.65
2025-08-14 11:30:00+00:00,203.02,204.08,202.6,203.45,352744.79
2025-08-14 11:45:00+00:00,203.45,203.86,202.86,203.75,266398.98
2025-08-14 12:00:00+00:00,203.74,204.48,203.5,204.34,408007.49
2025-08-14 12:15:00+00:00,204.34,205.64,203.22,205.11,718844.24
2025-08-14 12:30:00+00:00,205.11,205.18,190.0,197.81,6394155.64
2025-08-14 12:45:00+00:00,197.81,197.91,193.6,194.44,2125619.92
2025-08-14 13:00:00+00:00,194.44,195.6,186.47,195.5,4469117.91
2025-08-14 13:15:00+00:00,195.49,195.58,191.13,193.09,1804682.59
2025-08-14 13:30:00+00:00,193.08,195.24,192.12,194.23,1376927.56
2025-08-14 13:45:00+00:00,194.23,196.86,193.96,194.86,1280436.86
2025-08-14 14:00:00+00:00,194.86,195.22,193.49,194.04,636284.84
2025-08-14 14:15:00+00:00,194.04,196.97,194.04,196.97,709945.34
2025-08-14 14:30:00+00:00,196.97,198.96,196.31,196.37,1543984.58
2025-08-14 14:45:00+00:00,196.38,197.77,196.03,196.56,604187.85
2025-08-14 15:00:00+00:00,196.56,196.81,195.31,195.81,529562.32
2025-08-14 15:15:00+00:00,195.8,196.49,194.82,195.69,798358.07
2025-08-14 15:30:00+00:00,195.69,196.25,194.5,195.41,535219.02
2025-08-14 15:45:00+00:00,195.41,195.87,194.77,194.84,393446.73
2025-08-14 16:00:00+00:00,194.84,195.05,192.1,192.1,930345.36
2025-08-14 16:15:00+00:00,192.11,192.94,190.5,191.56,989417.84
2025-08-14 16:30:00+00:00,191.56,192.85,190.93,192.5,513900.39
2025-08-14 16:45:00+00:00,192.5,193.78,192.0,193.31,507649.06
2025-08-14 17:00:00+00:00,193.32,193.37,191.53,192.51,446207.76
2025-08-14 17:15:00+00:00,192.52,195.5,191.94,195.27,562644.42
2025-08-14 17:30:00+00:00,195.26,195.35,193.67,193.8,434038.93
2025-08-14 17:45:00+00:00,193.79,194.18,192.72,193.78,321276.56
2025-08-14 18:00:00+00:00,193.77,193.93,192.42,192.58,212656.57
2025-08-14 18:15:00+00:00,192.59,193.5,191.28,193.25,494785.84
2025-08-14 18:30:00+00:00,193.25,194.6,192.82,194.5,331012.68
2025-08-14 18:45:00+00:00,194.49,194.58,193.41,193.53,181330.82
2025-08-14 19:00:00+00:00,193.54,194.28,193.33,193.74,166312.21
2025-08-14 19:15:00+00:00,193.74,194.76,193.31,194.51,235290.07
2025-08-14 19:30:00+00:00,194.51,195.1,194.12,194.8,153684.67
2025-08-14 19:45:00+00:00,194.8,195.11,192.75,192.89,384969.35
2025-08-14 20:00:00+00:00,192.89,193.0,191.62,191.88,452454.13
2025-08-14 20:15:00+00:00,191.89,192.66,191.58,192.56,251032.92
2025-08-14 20:30:00+00:00,192.56,193.21,191.64,192.24,217026.01
2025-08-14 20:45:00+00:00,192.25,192.65,191.56,192.18,174829.5
2025-08-14 21:00:00+00:00,192.17,192.17,190.84,191.6,324005.05
2025-08-14 21:15:00+00:00,191.6,191.69,188.3,188.97,874848.34
2025-08-14 21:30:00+00:00,188.97,189.38,187.25,189.11,798375.97
2025-08-14 21:45:00+00:00,189.11,190.47,188.92,190.2,294576.95
2025-08-14 22:00:00+00:00,190.21,190.25,189.25,190.21,320854.78
2025-08-14 22:15:00+00:00,190.2,190.89,189.73,190.84,288087.64
2025-08-14 22:30:00+00:00,190.84,191.53,190.74,191.2,336220.2
2025-08-14 22:45:00+00:00,191.2,191.95,191.14,191.77,166816.57
2025-08-14 23:00:00+00:00,191.78,192.2,191.62,192.13,144786.28
2025-08-14 23:15:00+00:00,192.14,192.91,192.01,192.91,219832.42
2025-08-14 23:30:00+00:00,192.9,192.98,192.3,192.55,174612.25
2025-08-14 23:45:00+00:00,192.54,193.09,192.07,192.39,189577.37
2025-08-15 00:00:00+00:00,192.4,193.51,192.29,193.43,225417.61
2025-08-15 00:15:00+00:00,193.43,193.62,192.21,192.58,240752.32
2025-08-15 00:30:00+00:00,192.59,193.28,191.87,193.18,260872.55
2025-08-15 00:45:00+00:00,193.17,193.93,192.56,192.63,265965.51
2025-08-15 01:00:00+00:00,192.64,193.08,192.18,192.42,223846.34
2025-08-15 01:15:00+00:00,192.42,193.75,192.01,193.25,232555.78
2025-08-15 01:30:00+00:00,193.25,193.99,192.83,193.92,327719.94
2025-08-15 01:45:00+00:00,193.92,194.25,193.59,193.61,314339.41
2025-08-15 02:00:00+00:00,193.61,194.32,193.3,193.99,254761.52
2025-08-15 02:15:00+00:00,193.99,194.23,193.56,193.89,137581.57
2025-08-15 02:30:00+00:00,193.9,193.9,193.16,193.27,149569.92
2025-08-15 02:45:00+00:00,193.28,193.77,193.01,193.3,138698.79
2025-08-15 03:00:00+00:00,193.3,194.38,192.85,194.08,216069.81
2025-08-15 03:15:00+00:00,194.07,194.5,193.93,194.38,193263.64
2025-08-15 03:30:00+00:00,194.38,195.58,194.2,194.98,331805.49
2025-08-15 03:45:00+00:00,194.97,195.25,194.67,195.09,156058.7
2025-08-15 04:00:00+00:00,195.09,195.76,194.46,195.61,248013.96
2025-08-15 04:15:00+00:00,195.61,195.75,195.03,195.65,213261.06
2025-08-15 04:30:00+00:00,195.65,195.69,195.08,195.25,187246.71
2025-08-15 04:45:00+00:00,195.25,195.25,194.45,194.9,219600.33
2025-08-15 05:00:00+00:00,194.9,195.57,194.58,194.63,187576.08
2025-08-15 05:15:00+00:00,194.63,195.25,194.33,194.88,154377.69
2025-08-15 05:30:00+00:00,194.87,195.85,194.67,195.3,226164.36
2025-08-15 05:45:00+00:00,195.3,196.42,195.21,196.42,205415.92
2025-08-15 06:00:00+00:00,196.41,197.74,196.2,196.71,651624.92
2025-08-15 06:15:00+00:00,196.72,197.65,196.25,197.37,272518.33
2025-08-15 06:30:00+00:00,197.37,197.73,196.8,197.16,276315.78
2025-08-15 06:45:00+00:00,197.16,197.98,196.83,197.29,245517.52
2025-08-15 07:00:00+00:00,197.3,197.77,196.88,196.88,185741.33
2025-08-15 07:15:00+00:00,196.89,197.33,196.48,197.05,171301.0
2025-08-15 07:30:00+00:00,197.05,197.41,196.7,196.83,151297.77
2025-08-15 07:45:00+00:00,196.82,197.0,196.15,196.88,229907.87
2025-08-15 08:00:00+00:00,196.87,197.3,196.37,196.5,172234.1
2025-08-15 08:15:00+00:00,196.5,197.54,196.3,197.21,164863.3
2025-08-15 08:30:00+00:00,197.2,197.43,196.65,197.32,128499.57
2025-08-15 08:45:00+00:00,197.31,197.32,196.42,196.5,157980.94
2025-08-15 09:00:00+00:00,196.49,197.11,196.45,196.71,141008.16
2025-08-15 09:15:00+00:00,196.71,196.76,194.9,194.95,446083.63
2025-08-15 09:30:00+00:00,194.95,195.63,194.61,194.95,311707.09
2025-08-15 09:45:00+00:00,194.95,195.13,193.59,194.17,462595.2
2025-08-15 10:00:00+00:00,194.17,195.43,194.1,194.98,299714.33
2025-08-15 10:15:00+00:00,194.99,195.95,194.9,195.58,208651.03
2025-08-15 10:30:00+00:00,195.58,195.63,194.89,195.5,143254.03
2025-08-15 10:45:00+00:00,195.49,195.62,194.44,194.6,149248.87
2025-08-15 11:00:00+00:00,194.6,195.29,194.59,195.03,130441.06
2025-08-15 11:15:00+00:00,195.02,195.1,193.75,193.75,205514.73
2025-08-15 11:30:00+00:00,193.76,194.72,193.66,194.53,199223.35
2025-08-15 11:45:00+00:00,194.54,194.92,194.19,194.24,136258.4
2025-08-15 12:00:00+00:00,194.25,194.91,193.85,194.67,175858.7
2025-08-15 12:15:00+00:00,194.67,194.68,192.53,193.07,581055.5
2025-08-15 12:30:00+00:00,193.06,196.1,192.41,193.77,1166575.79
2025-08-15 12:45:00+00:00,193.78,194.94,193.3,193.34,428222.88
2025-08-15 13:00:00+00:00,193.34,193.76,192.51,192.81,346441.92
2025-08-15 13:15:00+00:00,192.81,193.29,192.1,192.91,359154.08
2025-08-15 13:30:00+00:00,192.91,193.48,190.73,190.75,815096.92
2025-08-15 13:45:00+00:00,190.75,191.51,190.06,190.41,720698.36
2025-08-15 14:00:00+00:00,190.4,191.82,189.5,190.81,816392.13
2025-08-15 14:15:00+00:00,190.81,191.79,189.58,189.82,575178.12
2025-08-15 14:30:00+00:00,189.82,190.02,188.7,188.88,567260.7
2025-08-15 14:45:00+00:00,188.89,189.13,187.06,187.45,1360101.1
2025-08-15 15:00:00+00:00,187.46,187.64,185.69,187.23,1127064.88
2025-08-15 15:15:00+00:00,187.23,187.99,185.9,186.12,736616.98
2025-08-15 15:30:00+00:00,186.12,187.39,184.44,184.61,1229890.32
2025-08-15 15:45:00+00:00,184.62,186.08,184.27,185.45,868546.25
2025-08-15 16:00:00+00:00,185.44,185.62,183.23,184.06,924097.01
2025-08-15 16:15:00+00:00,184.05,184.65,183.31,184.07,637953.69
2025-08-15 16:30:00+00:00,184.07,185.76,184.0,184.9,668241.65
2025-08-15 16:45:00+00:00,184.9,185.91,184.88,185.43,402462.06
2025-08-15 17:00:00+00:00,185.44,185.56,184.06,184.32,331594.56
2025-08-15 17:15:00+00:00,184.33,186.83,183.85,186.18,691598.14
2025-08-15 17:30:00+00:00,186.17,186.75,185.04,186.48,503750.73
2025-08-15 17:45:00+00:00,186.47,186.55,185.13,185.76,288581.18
2025-08-15 18:00:00+00:00,185.76,186.18,184.73,185.12,287941.71
2025-08-15 18:15:00+00:00,185.12,185.45,184.55,184.6,159341.04
2025-08-15 18:30:00+00:00,184.61,185.58,184.21,184.51,204790.49
2025-08-15 18:45:00+00:00,184.51,185.3,183.25,184.1,437691.35
2025-08-15 19:00:00+00:00,184.1,185.47,183.27,185.33,421395.5
2025-08-15 19:15:00+00:00,185.33,185.81,183.97,184.18,329738.23
2025-08-15 19:30:00+00:00,184.19,184.35,183.41,184.17,239176.16
2025-08-15 19:45:00+00:00,184.18,184.48,183.51,183.8,213899.13
2025-08-15 20:00:00+00:00,183.8,184.41,183.26,184.17,222340.67
2025-08-15 20:15:00+00:00,184.17,184.29,183.7,184.17,161793.43
2025-08-15 20:30:00+00:00,184.17,184.91,184.08,184.43,168248.85
2025-08-15 20:45:00+00:00,184.43,184.87,184.01,184.7,132437.02
2025-08-15 21:00:00+00:00,184.69,185.3,184.38,184.39,174262.85
2025-08-15 21:15:00+00:00,184.39,185.29,183.83,184.83,207690.05
2025-08-15 21:30:00+00:00,184.83,185.11,184.34,185.06,96052.7
2025-08-15 21:45:00+00:00,185.07,185.58,185.06,185.51,114313.47
2025-08-15 22:00:00+00:00,185.51,185.98,185.1,185.17,185702.52
2025-08-15 22:15:00+00:00,185.16,185.9,185.1,185.65,107165.38
2025-08-15 22:30:00+00:00,185.64,186.26,185.44,186.2,194780.69
2025-08-15 22:45:00+00:00,186.2,187.8,186.18,187.6,541603.33
2025-08-15 23:00:00+00:00,187.61,188.18,185.59,185.6,591795.47
2025-08-15 23:15:00+00:00,185.59,185.72,184.04,185.36,394434.68
2025-08-15 23:30:00+00:00,185.36,185.65,184.77,184.96,164869.58
2025-08-15 23:45:00+00:00,184.95,185.8,184.73,185.62,132333.7
2025-08-16 00:00:00+00:00,185.61,186.63,185.21,186.55,217542.76
2025-08-16 00:15:00+00:00,186.54,186.79,185.65,186.09,141677.48
2025-08-16 00:30:00+00:00,186.08,187.46,186.0,187.25,239804.16
2025-08-16 00:45:00+00:00,187.26,187.69,187.09,187.35,197124.39
2025-08-16 01:00:00+00:00,187.35,187.49,186.55,187.3,182082.99
2025-08-16 01:15:00+00:00,187.3,187.41,186.39,186.86,174767.65
2025-08-16 01:30:00+00:00,186.86,187.79,186.79,187.66,138587.16
2025-08-16 01:45:00+00:00,187.66,188.06,187.49,187.84,177938.4
2025-08-16 02:00:00+00:00,187.83,187.98,187.19,187.6,147349.28
2025-08-16 02:15:00+00:00,187.61,187.8,187.16,187.3,67545.07
2025-08-16 02:30:00+00:00,187.29,187.69,186.91,187.05,186114.73
2025-08-16 02:45:00+00:00,187.06,187.47,186.76,186.8,211513.64
2025-08-16 03:00:00+00:00,186.81,187.78,186.61,187.65,159051.24
2025-08-16 03:15:00+00:00,187.65,188.25,187.24,187.87,185413.42
2025-08-16 03:30:00+00:00,187.86,188.19,187.6,187.64,114670.35
2025-08-16 03:45:00+00:00,187.65,187.98,186.83,187.02,164596.58
2025-08-16 04:00:00+00:00,187.03,187.43,186.7,186.86,136923.72
2025-08-16 04:15:00+00:00,186.85,187.8,186.77,187.74,97553.98
2025-08-16 04:30:00+00:00,187.73,187.94,187.25,187.45,115819.22
2025-08-16 04:45:00+00:00,187.44,188.0,187.41,187.99,55678.71
2025-08-16 05:00:00+00:00,187.99,188.04,187.49,187.86,83577.67
2025-08-16 05:15:00+00:00,187.85,187.88,186.88,187.09,114481.1
2025-08-16 05:30:00+00:00,187.08,187.28,186.1,186.35,237757.43
2025-08-16 05:45:00+00:00,186.35,186.7,186.01,186.06,159580.19
2025-08-16 06:00:00+00:00,186.06,186.48,186.05,186.18,116714.45
2025-08-16 06:15:00+00:00,186.19,186.81,186.09,186.61,127610.58
2025-08-16 06:30:00+00:00,186.61,186.89,186.15,186.79,132965.84
2025-08-16 06:45:00+00:00,186.79,187.58,186.7,187.27,252946.58
2025-08-16 07:00:00+00:00,187.28,187.84,187.11,187.77,199282.57
2025-08-16 07:15:00+00:00,187.77,188.35,187.28,188.32,159490.6
2025-08-16 07:30:00+00:00,188.32,189.53,188.29,189.02,538995.09
2025-08-16 07:45:00+00:00,189.02,189.51,188.79,189.02,223172.13
2025-08-16 08:00:00+00:00,189.02,189.16,188.14,188.39,256958.0
2025-08-16 08:15:00+00:00,188.39,188.62,188.04,188.05,116839.36
2025-08-16 08:30:00+00:00,188.04,188.2,187.55,188.2,243206.86
2025-08-16 08:45:00+00:00,188.2,188.47,188.15,188.29,119255.14
2025-08-16 09:00:00+00:00,188.28,188.35,187.62,188.0,120587.0
2025-08-16 09:15:00+00:00,187.99,188.46,187.67,188.04,92509.97
2025-08-16 09:30:00+00:00,188.04,188.23,187.87,187.96,67122.13
2025-08-16 09:45:00+00:00,187.95,188.07,185.75,185.94,577110.03
2025-08-16 10:00:00+00:00,185.94,186.85,185.28,186.22,510567.08
2025-08-16 10:15:00+00:00,186.22,186.55,185.5,186.27,331252.49
2025-08-16 10:30:00+00:00,186.27,186.43,185.83,186.21,130201.41
2025-08-16 10:45:00+00:00,186.2,186.57,186.06,186.48,117350.21
2025-08-16 11:00:00+00:00,186.48,187.23,186.48,186.92,160748.21
2025-08-16 11:15:00+00:00,186.91,187.08,186.6,186.73,118476.16
2025-08-16 11:30:00+00:00,186.73,186.99,186.19,186.2,130826.48
2025-08-16 11:45:00+00:00,186.2,186.58,185.43,185.66,181762.68
2025-08-16 12:00:00+00:00,185.66,186.0,185.3,185.86,176956.83
2025-08-16 12:15:00+00:00,185.87,186.2,185.09,186.14,218718.06
2025-08-16 12:30:00+00:00,186.14,186.85,185.83,186.1,231857.11
2025-08-16 12:45:00+00:00,186.1,186.7,185.77,186.56,135118.44
2025-08-16 13:00:00+00:00,186.55,187.75,186.5,187.68,301897.19
2025-08-16 13:15:00+00:00,187.67,188.41,187.51,187.89,272645.08
2025-08-16 13:30:00+00:00,187.89,188.19,187.39,187.42,214288.12
2025-08-16 13:45:00+00:00,187.42,187.6,187.12,187.32,180019.97
2025-08-16 14:00:00+00:00,187.32,187.83,186.82,187.37,185628.9
2025-08-16 14:15:00+00:00,187.37,189.14,186.83,188.45,396104.12
2025-08-16 14:30:00+00:00,188.45,188.45,187.73,188.14,255794.45
2025-08-16 14:45:00+00:00,188.14,188.88,188.14,188.73,197048.7
2025-08-16 15:00:00+00:00,188.72,189.3,188.24,189.02,244698.45
2025-08-16 15:15:00+00:00,189.02,189.39,188.74,189.12,226945.76
2025-08-16 15:30:00+00:00,189.12,189.18,188.33,188.59,301478.53
2025-08-16 15:45:00+00:00,188.59,188.81,188.28,188.72,128357.71
2025-08-16 16:00:00+00:00,188.72,189.09,188.6,189.05,151354.1
2025-08-16 16:15:00+00:00,189.05,189.31,188.2,188.54,158897.8
2025-08-16 16:30:00+00:00,188.54,188.64,187.88,188.24,161237.37
2025-08-16 16:45:00+00:00,188.23,188.4,187.79,187.88,83980.46
2025-08-16 17:00:00+00:00,187.88,188.0,187.21,187.39,194430.98
2025-08-16 17:15:00+00:00,187.39,187.71,187.0,187.61,191238.2
2025-08-16 17:30:00+00:00,187.6,187.86,187.24,187.54,80198.23
2025-08-16 17:45:00+00:00,187.55,187.96,187.38,187.9,76381.2
2025-08-16 18:00:00+00:00,187.9,188.22,187.51,188.21,72315.38
2025-08-16 18:15:00+00:00,188.21,188.6,187.76,187.77,127512.13
2025-08-16 18:30:00+00:00,187.77,187.86,187.56,187.58,70977.16
2025-08-16 18:45:00+00:00,187.58,188.08,187.52,188.07,79346.99
2025-08-16 19:00:00+00:00,188.07,188.29,187.96,188.25,81850.81
2025-08-16 19:15:00+00:00,188.26,188.67,188.08,188.65,120703.52
2025-08-16 19:30:00+00:00,188.65,189.13,188.65,188.92,137228.68
2025-08-16 19:45:00+00:00,188.91,188.99,188.59,188.59,64365.35
2025-08-16 20:00:00+00:00,188.6,188.79,188.28,188.79,91082.54
2025-08-16 20:15:00+00:00,188.8,189.15,188.51,188.52,82005.93
2025-08-16 20:30:00+00:00,188.53,188.68,188.32,188.67,90464.39
2025-08-16 20:45:00+00:00,188.67,189.05,188.65,189.02,82120.07
2025-08-16 21:00:00+00:00,189.02,189.02,188.15,188.26,67427.66
2025-08-16 21:15:00+00:00,188.26,188.8,188.19,188.78,59421.57
2025-08-16 21:30:00+00:00,188.78,188.82,188.34,188.53,53256.23
2025-08-16 21:45:00+00:00,188.53,188.71,188.21,188.3,28596.07
2025-08-16 22:00:00+00:00,188.31,188.45,187.83,188.26,100605.03
2025-08-16 22:15:00+00:00,188.26,188.63,188.2,188.52,46037.42
2025-08-16 22:30:00+00:00,188.52,189.06,188.45,188.89,66095.76
2025-08-16 22:45:00+00:00,188.89,189.21,188.84,188.99,84979.75
2025-08-16 23:00:00+00:00,188.99,189.24,188.83,189.06,75518.92
2025-08-16 23:15:00+00:00,189.06,189.24,188.61,188.62,99539.71
2025-08-16 23:30:00+00:00,188.61,189.03,188.45,189.03,101065.92
2025-08-16 23:45:00+00:00,189.02,190.0,189.0,189.52,257548.95
2025-08-17 00:00:00+00:00,189.53,189.6,188.94,188.98,126607.06
2025-08-17 00:15:00+00:00,188.98,189.0,188.51,188.61,117687.97
2025-08-17 00:30:00+00:00,188.6,188.88,188.31,188.56,138419.49
2025-08-17 00:45:00+00:00,188.56,188.56,188.01,188.1,104480.08
2025-08-17 01:00:00+00:00,188.09,188.12,187.42,187.8,178954.67
2025-08-17 01:15:00+00:00,187.8,187.86,187.26,187.64,149284.43
2025-08-17 01:30:00+00:00,187.63,188.6,187.55,187.96,153929.37
2025-08-17 01:45:00+00:00,187.96,188.36,187.51,188.28,103108.94
2025-08-17 02:00:00+00:00,188.28,188.74,188.1,188.2,108323.83
2025-08-17 02:15:00+00:00,188.19,189.47,187.86,189.47,234560.31
2025-08-17 02:30:00+00:00,189.47,191.44,189.11,191.4,561101.65
2025-08-17 02:45:00+00:00,191.4,191.54,190.8,191.45,414242.34
2025-08-17 03:00:00+00:00,191.46,191.82,190.73,190.79,240694.33
2025-08-17 03:15:00+00:00,190.8,191.05,190.21,190.59,161210.54
2025-08-17 03:30:00+00:00,190.58,191.68,190.44,191.67,333954.6
2025-08-17 03:45:00+00:00,191.68,191.9,191.45,191.54,205609.45
2025-08-17 04:00:00+00:00,191.53,192.94,191.41,192.32,396335.56
2025-08-17 04:15:00+00:00,192.32,192.48,192.09,192.26,194445.86
2025-08-17 04:30:00+00:00,192.25,192.59,192.04,192.29,120018.77
2025-08-17 04:45:00+00:00,192.28,193.44,192.17,193.3,329356.13
2025-08-17 05:00:00+00:00,193.31,193.4,192.76,192.99,262169.99
2025-08-17 05:15:00+00:00,192.98,193.16,192.5,192.69,241391.98
2025-08-17 05:30:00+00:00,192.68,193.12,192.4,192.96,156770.58
2025-08-17 05:45:00+00:00,192.95,193.15,192.47,192.55,95402.8
2025-08-17 06:00:00+00:00,192.54,192.85,192.48,192.76,72050.79
2025-08-17 06:15:00+00:00,192.76,192.83,192.53,192.6,71447.48
2025-08-17 06:30:00+00:00,192.6,192.6,191.82,192.41,221889.05
2025-08-17 06:45:00+00:00,192.41,192.41,191.8,191.86,123173.7
2025-08-17 07:00:00+00:00,191.87,192.29,191.33,192.15,247067.72
2025-08-17 07:15:00+00:00,192.15,192.43,191.59,191.65,166067.0
2025-08-17 07:30:00+00:00,191.65,191.97,191.22,191.95,164924.93
2025-08-17 07:45:00+00:00,191.95,192.05,191.76,191.79,110319.55
2025-08-17 08:00:00+00:00,191.8,192.04,191.62,191.83,96632.49
2025-08-17 08:15:00+00:00,191.83,192.15,191.69,192.09,108437.73
2025-08-17 08:30:00+00:00,192.08,192.34,191.83,192.24,139764.38
2025-08-17 08:45:00+00:00,192.23,193.44,192.2,193.32,424526.55
2025-08-17 09:00:00+00:00,193.31,193.57,192.48,192.67,382764.87
2025-08-17 09:15:00+00:00,192.68,192.94,192.37,192.54,217204.1
2025-08-17 09:30:00+00:00,192.55,192.68,191.43,191.65,355676.2
2025-08-17 09:45:00+00:00,191.65,192.31,191.62,192.2,179777.81
2025-08-17 10:00:00+00:00,192.2,192.42,191.58,191.86,199205.1
2025-08-17 10:15:00+00:00,191.87,192.0,191.68,191.76,107931.56
2025-08-17 10:30:00+00:00,191.77,192.35,191.64,192.33,112867.42
2025-08-17 10:45:00+00:00,192.33,193.1,192.15,193.01,255162.66
2025-08-17 11:00:00+00:00,193.0,193.09,192.29,192.48,185941.97
2025-08-17 11:15:00+00:00,192.48,193.45,192.45,192.95,214741.93
2025-08-17 11:30:00+00:00,192.95,193.39,192.89,193.26,144428.47
2025-08-17 11:45:00+00:00,193.26,193.56,193.26,193.46,147410.51
2025-08-17 12:00:00+00:00,193.46,193.7,192.91,193.06,155359.63
2025-08-17 12:15:00+00:00,193.07,193.2,192.41,192.5,210891.68
2025-08-17 12:30:00+00:00,192.51,192.74,192.21,192.31,113301.8
2025-08-17 12:45:00+00:00,192.31,192.37,191.87,192.13,137264.04
2025-08-17 13:00:00+00:00,192.14,192.24,191.81,191.89,169944.37
2025-08-17 13:15:00+00:00,191.89,192.46,191.89,192.11,179141.37
2025-08-17 13:30:00+00:00,192.11,192.76,191.84,192.76,136691.26
2025-08-17 13:45:00+00:00,192.75,193.51,192.72,193.12,326494.74
2025-08-17 14:00:00+00:00,193.13,193.37,192.86,193.0,126962.3
2025-08-17 14:15:00+00:00,193.01,193.32,192.33,193.3,177823.47
2025-08-17 14:30:00+00:00,193.29,194.37,193.12,193.93,434432.1
2025-08-17 14:45:00+00:00,193.93,194.25,193.56,193.67,158001.92
2025-08-17 15:00:00+00:00,193.67,193.93,193.49,193.89,145928.8
2025-08-17 15:15:00+00:00,193.89,194.59,193.58,194.56,199324.7
2025-08-17 15:30:00+00:00,194.55,195.12,194.3,194.78,355257.11
2025-08-17 15:45:00+00:00,194.79,195.42,194.48,195.38,296694.87
2025-08-17 16:00:00+00:00,195.38,195.75,194.21,194.33,320654.87
2025-08-17 16:15:00+00:00,194.33,194.43,193.7,193.8,326723.29
2025-08-17 16:30:00+00:00,193.8,194.08,193.39,193.63,230867.02
2025-08-17 16:45:00+00:00,193.62,193.81,192.8,193.14,331995.99
2025-08-17 17:00:00+00:00,193.13,193.65,192.99,193.21,177295.86
2025-08-17 17:15:00+00:00,193.2,193.33,192.7,193.04,217225.18
2025-08-17 17:30:00+00:00,193.04,193.38,192.83,193.16,79809.23
2025-08-17 17:45:00+00:00,193.16,193.46,192.95,193.28,88732.22
2025-08-17 18:00:00+00:00,193.28,193.43,192.73,192.95,193476.86
2025-08-17 18:15:00+00:00,192.95,193.14,192.38,192.65,180971.37
2025-08-17 18:30:00+00:00,192.65,193.08,192.47,192.84,110821.31
2025-08-17 18:45:00+00:00,192.83,193.0,190.34,192.05,768078.92
2025-08-17 19:00:00+00:00,192.06,193.36,191.93,192.64,351712.29
2025-08-17 19:15:00+00:00,192.64,192.93,192.44,192.52,102834.16
2025-08-17 19:30:00+00:00,192.52,192.6,191.7,191.8,239977.21
2025-08-17 19:45:00+00:00,191.81,191.99,190.75,191.13,459308.71
2025-08-17 20:00:00+00:00,191.12,191.45,190.88,191.37,160821.42
2025-08-17 20:15:00+00:00,191.37,191.56,191.14,191.4,97910.99
2025-08-17 20:30:00+00:00,191.4,191.93,191.37,191.92,77307.83
2025-08-17 20:45:00+00:00,191.93,191.93,191.01,191.05,94302.6
2025-08-17 21:00:00+00:00,191.06,191.5,190.82,191.45,122325.7
2025-08-17 21:15:00+00:00,191.44,191.54,190.91,191.19,83626.48
2025-08-17 21:30:00+00:00,191.19,191.37,190.86,191.36,87361.85
2025-08-17 21:45:00+00:00,191.36,191.52,191.1,191.15,68931.85
2025-08-17 22:00:00+00:00,191.14,192.17,191.01,191.61,235925.09
2025-08-17 22:15:00+00:00,191.61,192.4,191.37,192.2,237487.93
2025-08-17 22:30:00+00:00,192.19,193.08,192.15,193.07,157479.61
2025-08-17 22:45:00+00:00,193.07,193.34,192.79,192.99,151691.72
2025-08-17 23:00:00+00:00,193.0,193.21,192.45,192.58,136928.33
2025-08-17 23:15:00+00:00,192.59,192.61,191.51,191.6,184158.68
2025-08-17 23:30:00+00:00,191.61,192.04,191.42,191.84,100284.15
2025-08-17 23:45:00+00:00,191.84,191.93,190.78,190.92,209094.22
2025-08-18 00:00:00+00:00,190.92,191.26,190.43,191.02,209649.74
2025-08-18 00:15:00+00:00,191.01,191.01,189.64,189.93,433962.44
2025-08-18 00:30:00+00:00,189.94,190.27,189.52,189.94,265463.52
2025-08-18 00:45:00+00:00,189.95,190.3,189.52,190.09,215222.57
2025-08-18 01:00:00+00:00,190.08,190.37,189.4,189.53,223143.98
2025-08-18 01:15:00+00:00,189.53,189.95,187.78,187.8,539171.05
2025-08-18 01:30:00+00:00,187.81,188.7,187.0,187.46,818750.26
2025-08-18 01:45:00+00:00,187.47,187.92,186.43,186.49,414358.45
2025-08-18 02:00:00+00:00,186.5,186.71,184.87,185.66,920131.22
2025-08-18 02:15:00+00:00,185.67,185.84,184.22,184.7,561919.99
2025-08-18 02:30:00+00:00,184.69,185.43,183.75,185.03,600636.88
2025-08-18 02:45:00+00:00,185.03,185.15,183.3,183.86,517333.91
2025-08-18 03:00:00+00:00,183.85,184.47,183.69,183.86,365090.59
2025-08-18 03:15:00+00:00,183.86,184.29,183.42,183.63,266949.75
2025-08-18 03:30:00+00:00,183.63,183.78,182.1,182.44,777417.73
2025-08-18 03:45:00+00:00,182.45,183.05,181.71,182.56,597476.26
2025-08-18 04:00:00+00:00,182.57,182.61,181.48,182.33,509438.23
2025-08-18 04:15:00+00:00,182.33,182.7,181.75,182.64,284518.04
2025-08-18 04:30:00+00:00,182.65,183.33,182.56,182.56,405402.14
2025-08-18 04:45:00+00:00,182.57,183.1,182.39,182.8,181708.76
2025-08-18 05:00:00+00:00,182.8,183.39,182.77,183.19,253144.2
2025-08-18 05:15:00+00:00,183.19,183.19,182.45,182.56,178412.15
2025-08-18 05:30:00+00:00,182.56,182.62,181.01,181.76,621440.1
2025-08-18 05:45:00+00:00,181.75,182.87,181.15,182.81,481603.04
2025-08-18 06:00:00+00:00,182.8,182.82,182.0,182.05,200630.71
2025-08-18 06:15:00+00:00,182.04,182.29,180.64,181.28,642417.75
2025-08-18 06:30:00+00:00,181.28,181.72,180.36,180.79,395826.36
2025-08-18 06:45:00+00:00,180.79,181.57,180.2,181.26,428546.04
2025-08-18 07:00:00+00:00,181.25,181.49,180.95,181.14,233801.34
2025-08-18 07:15:00+00:00,181.15,181.37,180.15,180.47,309408.66
2025-08-18 07:30:00+00:00,180.47,181.01,180.12,180.49,184911.8
2025-08-18 07:45:00+00:00,180.48,180.64,180.21,180.54,142843.8
2025-08-18 08:00:00+00:00,180.53,181.31,180.45,180.48,305699.28
2025-08-18 08:15:00+00:00,180.48,181.5,180.35,181.4,246944.01
2025-08-18 08:30:00+00:00,181.39,181.45,181.03,181.08,136750.3
2025-08-18 08:45:00+00:00,181.08,181.2,180.6,180.72,150170.3
2025-08-18 09:00:00+00:00,180.73,180.73,180.15,180.36,188615.43
2025-08-18 09:15:00+00:00,180.35,180.61,179.84,180.27,310789.2
2025-08-18 09:30:00+00:00,180.26,181.51,179.97,181.21,611098.48
2025-08-18 09:45:00+00:00,181.2,181.9,180.91,181.1,400946.74
2025-08-18 10:00:00+00:00,181.1,181.3,180.51,180.56,200580.06
2025-08-18 10:15:00+00:00,180.56,181.16,180.44,180.46,138169.66
2025-08-18 10:30:00+00:00,180.46,181.2,180.45,181.2,117900.61
2025-08-18 10:45:00+00:00,181.2,181.3,180.47,180.65,105465.79
2025-08-18 11:00:00+00:00,180.66,180.83,180.43,180.64,111800.38
2025-08-18 11:15:00+00:00,180.64,180.84,180.45,180.72,87374.65
2025-08-18 11:30:00+00:00,180.72,180.95,180.26,180.9,157410.34
2025-08-18 11:45:00+00:00,180.9,181.37,180.67,181.24,168462.63
2025-08-18 12:00:00+00:00,181.24,181.99,181.0,181.69,237128.71
2025-08-18 12:15:00+00:00,181.69,182.37,181.54,182.06,232404.43
2025-08-18 12:30:00+00:00,182.06,182.48,181.8,182.28,252577.13
2025-08-18 12:45:00+00:00,182.27,183.1,181.95,183.09,292727.94
2025-08-18 13:00:00+00:00,183.09,183.23,182.01,182.22,368300.84
2025-08-18 13:15:00+00:00,182.21,183.14,182.01,182.63,287405.61
2025-08-18 13:30:00+00:00,182.63,183.23,181.13,181.65,438811.45
2025-08-18 13:45:00+00:00,181.66,181.99,180.39,180.45,525406.12
2025-08-18 14:00:00+00:00,180.45,181.72,180.45,181.55,347520.68
2025-08-18 14:15:00+00:00,181.56,182.4,180.88,181.86,327056.9
2025-08-18 14:30:00+00:00,181.86,182.13,181.2,181.44,202697.18
2025-08-18 14:45:00+00:00,181.45,182.54,180.8,182.46,283329.96
2025-08-18 15:00:00+00:00,182.47,182.75,181.67,181.72,198685.11
2025-08-18 15:15:00+00:00,181.72,181.93,181.15,181.6,172211.39
2025-08-18 15:30:00+00:00,181.6,182.61,181.09,182.07,273552.34
2025-08-18 15:45:00+00:00,182.08,183.05,182.07,182.98,291197.5
2025-08-18 16:00:00+00:00,182.99,184.34,182.9,183.37,582668.77
2025-08-18 16:15:00+00:00,183.37,183.51,182.77,182.93,316475.3
2025-08-18 16:30:00+00:00,182.93,183.1,181.66,182.21,288294.91
2025-08-18 16:45:00+00:00,182.21,182.77,181.7,181.97,195827.06
2025-08-18 17:00:00+00:00,181.97,183.07,181.87,183.03,167765.57
2025-08-18 17:15:00+00:00,183.03,184.49,183.02,184.15,379901.22
2025-08-18 17:30:00+00:00,184.16,185.6,184.14,184.9,589827.6
2025-08-18 17:45:00+00:00,184.89,185.31,184.51,184.54,231673.35
2025-08-18 18:00:00+00:00,184.54,184.67,183.22,183.24,314029.11
2025-08-18 18:15:00+00:00,183.24,183.89,182.88,183.49,270730.14
2025-08-18 18:30:00+00:00,183.49,184.15,183.47,183.97,189867.92
2025-08-18 18:45:00+00:00,183.97,184.44,183.79,184.27,115728.93
2025-08-18 19:00:00+00:00,184.28,184.47,183.09,183.17,225156.72
2025-08-18 19:15:00+00:00,183.17,183.91,182.93,183.6,156467.04
2025-08-18 19:30:00+00:00,183.59,183.71,183.12,183.15,87770.56
2025-08-18 19:45:00+00:00,183.16,183.39,182.65,183.08,180269.53
2025-08-18 20:00:00+00:00,183.08,183.65,182.58,183.62,143031.07
2025-08-18 20:15:00+00:00,183.62,183.71,183.01,183.53,79816.93
2025-08-18 20:30:00+00:00,183.54,183.6,181.97,182.56,173049.99
2025-08-18 20:45:00+00:00,182.56,183.25,182.35,182.91,89742.21
2025-08-18 21:00:00+00:00,182.92,183.4,182.57,183.37,76787.22
2025-08-18 21:15:00+00:00,183.37,183.66,183.07,183.55,84159.41
2025-08-18 21:30:00+00:00,183.54,183.68,182.91,182.94,68802.12
2025-08-18 21:45:00+00:00,182.93,184.16,182.87,183.7,143892.83
2025-08-18 22:00:00+00:00,183.71,184.78,183.66,184.55,352495.16
2025-08-18 22:15:00+00:00,184.55,184.9,184.38,184.79,150405.91
2025-08-18 22:30:00+00:00,184.79,184.86,184.2,184.3,176373.86
2025-08-18 22:45:00+00:00,184.3,184.51,183.89,184.09,182135.86
2025-08-18 23:00:00+00:00,184.1,184.52,184.01,184.16,153497.6
2025-08-18 23:15:00+00:00,184.16,184.43,183.82,184.16,157992.78
2025-08-18 23:30:00+00:00,184.15,184.29,182.75,182.87,289014.57
2025-08-18 23:45:00+00:00,182.86,183.03,182.31,182.84,194872.0
2025-08-19 00:00:00+00:00,182.84,183.36,182.57,183.32,154910.08
2025-08-19 00:15:00+00:00,183.32,183.39,181.8,181.86,339612.32
2025-08-19 00:30:00+00:00,181.86,183.24,181.1,182.82,479145.65
2025-08-19 00:45:00+00:00,182.82,184.95,182.75,184.9,377566.26
2025-08-19 01:00:00+00:00,184.89,185.79,184.55,184.65,467038.27
2025-08-19 01:15:00+00:00,184.64,185.19,184.05,184.08,233883.23
2025-08-19 01:30:00+00:00,184.08,184.12,183.02,183.21,281505.65
2025-08-19 01:45:00+00:00,183.21,183.38,182.52,183.02,183144.37
2025-08-19 02:00:00+00:00,183.02,183.17,182.28,182.7,148788.31
2025-08-19 02:15:00+00:00,182.7,182.98,181.91,182.54,157127.21
2025-08-19 02:30:00+00:00,182.54,182.95,182.01,182.36,134919.1
2025-08-19 02:45:00+00:00,182.37,183.05,181.84,182.09,176736.03
2025-08-19 03:00:00+00:00,182.1,182.14,181.04,181.58,310968.5
2025-08-19 03:15:00+00:00,181.57,181.93,180.62,180.65,288140.94
2025-08-19 03:30:00+00:00,180.66,180.93,178.15,179.17,1010200.15
2025-08-19 03:45:00+00:00,179.17,179.31,178.07,178.47,546728.48
2025-08-19 04:00:00+00:00,178.46,178.67,177.25,177.73,720176.71
2025-08-19 04:15:00+00:00,177.73,178.43,177.43,178.0,306637.4
2025-08-19 04:30:00+00:00,178.0,179.27,177.97,179.27,296289.51
2025-08-19 04:45:00+00:00,179.26,180.0,178.79,179.97,261449.84
2025-08-19 05:00:00+00:00,179.96,180.5,179.2,179.47,339523.02
2025-08-19 05:15:00+00:00,179.47,180.0,179.18,179.88,167816.45
2025-08-19 05:30:00+00:00,179.87,180.32,179.5,179.99,143046.61
2025-08-19 05:45:00+00:00,179.99,180.03,179.55,179.71,133281.09
2025-08-19 06:00:00+00:00,179.7,179.93,179.38,179.76,111550.92
2025-08-19 06:15:00+00:00,179.75,180.46,179.31,179.95,166619.64
2025-08-19 06:30:00+00:00,179.94,180.29,179.77,179.98,98286.1
2025-08-19 06:45:00+00:00,179.97,180.18,179.58,179.97,94316.13
2025-08-19 07:00:00+00:00,179.97,180.08,179.38,179.65,156269.34
2025-08-19 07:15:00+00:00,179.65,179.7,178.89,179.36,258870.89
2025-08-19 07:30:00+00:00,179.36,179.68,178.92,179.36,154457.5
2025-08-19 07:45:00+00:00,179.36,180.09,179.32,180.04,164822.31
2025-08-19 08:00:00+00:00,180.05,180.25,179.0,179.8,190872.86
2025-08-19 08:15:00+00:00,179.79,180.15,179.64,179.95,137572.06
2025-08-19 08:30:00+00:00,179.95,179.96,179.38,179.68,88937.89
2025-08-19 08:45:00+00:00,179.68,180.88,179.53,180.39,292272.94
2025-08-19 09:00:00+00:00,180.39,181.55,180.31,181.26,314248.39
2025-08-19 09:15:00+00:00,181.25,181.95,181.08,181.84,203121.42
2025-08-19 09:30:00+00:00,181.83,182.39,181.32,181.42,292147.61
2025-08-19 09:45:00+00:00,181.42,181.63,181.12,181.25,157831.71
2025-08-19 10:00:00+00:00,181.25,181.67,181.1,181.31,118915.24
2025-08-19 10:15:00+00:00,181.31,181.88,181.27,181.68,126388.06
2025-08-19 10:30:00+00:00,181.68,181.93,181.2,181.56,142037.52
2025-08-19 10:45:00+00:00,181.56,181.65,181.12,181.34,97716.9
2025-08-19 11:00:00+00:00,181.34,181.57,181.25,181.54,82167.61
2025-08-19 11:15:00+00:00,181.53,182.46,181.34,182.05,270391.83
2025-08-19 11:30:00+00:00,182.05,182.35,181.81,181.88,119532.86
2025-08-19 11:45:00+00:00,181.88,182.77,181.87,182.57,141447.16
2025-08-19 12:00:00+00:00,182.57,182.67,181.8,181.92,218012.87
2025-08-19 12:15:00+00:00,181.92,182.38,181.76,182.1,123389.62
2025-08-19 12:30:00+00:00,182.09,182.23,181.58,182.08,155536.92
2025-08-19 12:45:00+00:00,182.08,182.15,181.31,181.97,245026.31
2025-08-19 13:00:00+00:00,181.96,181.97,181.38,181.56,172103.17
2025-08-19 13:15:00+00:00,181.55,182.76,181.47,182.69,219414.56
2025-08-19 13:30:00+00:00,182.7,183.37,180.81,180.86,878305.83
2025-08-19 13:45:00+00:00,180.87,182.76,180.57,182.0,593912.39
2025-08-19 14:00:00+00:00,181.99,182.96,181.89,181.95,411387.92
2025-08-19 14:15:00+00:00,181.96,182.2,179.2,179.25,915186.77
2025-08-19 14:30:00+00:00,179.26,180.15,177.99,178.63,1069766.58
2025-08-19 14:45:00+00:00,178.63,179.41,178.27,178.49,534059.54
2025-08-19 15:00:00+00:00,178.48,178.9,177.32,177.98,676215.61
2025-08-19 15:15:00+00:00,177.97,179.73,177.62,179.7,590833.14
2025-08-19 15:30:00+00:00,179.7,179.79,178.57,179.04,284333.65
2025-08-19 15:45:00+00:00,179.04,179.09,177.63,177.9,339599.24
2025-08-19 16:00:00+00:00,177.9,178.47,177.62,177.81,243714.15
2025-08-19 16:15:00+00:00,177.8,178.35,177.75,177.8,187221.82
2025-08-19 16:30:00+00:00,177.8,178.43,177.01,177.87,468611.58
2025-08-19 16:45:00+00:00,177.86,177.94,176.66,177.06,502744.51
2025-08-19 17:00:00+00:00,177.05,178.05,176.23,178.05,541439.65
2025-08-19 17:15:00+00:00,178.06,178.44,177.54,178.36,287977.23
2025-08-19 17:30:00+00:00,178.35,178.67,177.82,177.91,159007.11
2025-08-19 17:45:00+00:00,177.9,178.27,177.45,178.06,148409.66
2025-08-19 18:00:00+00:00,178.05,178.59,177.57,178.28,194679.01
2025-08-19 18:15:00+00:00,178.28,178.73,177.93,178.17,226866.15
2025-08-19 18:30:00+00:00,178.17,178.68,177.0,177.03,267881.49
2025-08-19 18:45:00+00:00,177.04,177.4,175.71,176.64,576135.93
2025-08-19 19:00:00+00:00,176.63,176.65,175.57,176.11,402394.14
2025-08-19 19:15:00+00:00,176.11,178.21,175.81,177.97,434316.57
2025-08-19 19:30:00+00:00,177.96,178.15,177.34,177.85,313371.51
2025-08-19 19:45:00+00:00,177.86,178.07,176.51,176.64,276111.9
2025-08-19 20:00:00+00:00,176.65,177.22,175.89,175.92,228406.91
2025-08-19 20:15:00+00:00,175.92,177.58,175.84,177.21,229870.72
2025-08-19 20:30:00+00:00,177.22,177.93,177.2,177.82,162391.82
2025-08-19 20:45:00+00:00,177.82,178.6,177.82,178.58,149035.67
2025-08-19 21:00:00+00:00,178.58,179.28,178.14,178.97,195954.32
2025-08-19 21:15:00+00:00,178.97,178.97,178.19,178.8,134619.01
2025-08-19 21:30:00+00:00,178.81,179.11,178.52,178.74,88070.92
2025-08-19 21:45:00+00:00,178.75,179.14,178.72,179.01,60621.83
2025-08-19 22:00:00+00:00,179.01,179.01,178.02,178.15,232201.19
2025-08-19 22:15:00+00:00,178.14,178.79,177.74,178.68,148372.7
2025-08-19 22:30:00+00:00,178.68,179.05,178.58,178.95,93399.87
2025-08-19 22:45:00+00:00,178.95,179.44,178.52,179.0,103944.14
2025-08-19 23:00:00+00:00,179.0,179.23,178.41,178.65,121634.73
2025-08-19 23:15:00+00:00,178.65,178.69,177.39,177.58,236796.42
2025-08-19 23:30:00+00:00,177.57,178.05,176.63,177.3,315908.69
2025-08-19 23:45:00+00:00,177.29,177.37,175.76,176.13,437148.75
2025-08-20 00:00:00+00:00,176.12,177.45,176.11,176.73,361151.32
2025-08-20 00:15:00+00:00,176.73,177.3,175.92,176.41,271117.82
2025-08-20 00:30:00+00:00,176.42,178.26,176.33,178.05,302741.79
2025-08-20 00:45:00+00:00,178.06,178.52,177.73,178.06,200908.23
2025-08-20 01:00:00+00:00,178.06,178.73,177.57,177.76,246039.07
2025-08-20 01:15:00+00:00,177.76,179.07,177.45,177.86,272354.94
2025-08-20 01:30:00+00:00,177.87,178.23,176.89,177.33,335461.03
2025-08-20 01:45:00+00:00,177.33,179.72,177.33,179.46,488429.1
2025-08-20 02:00:00+00:00,179.46,180.67,179.1,180.56,400144.53
2025-08-20 02:15:00+00:00,180.55,180.89,180.17,180.86,275040.29
2025-08-20 02:30:00+00:00,180.86,181.26,180.43,181.18,230311.53
2025-08-20 02:45:00+00:00,181.17,181.29,180.6,180.71,240010.1
2025-08-20 03:00:00+00:00,180.71,180.99,180.0,180.12,201486.5
2025-08-20 03:15:00+00:00,180.13,181.21,180.0,181.08,156084.05
2025-08-20 03:30:00+00:00,181.09,181.4,180.38,180.59,200924.58
2025-08-20 03:45:00+00:00,180.59,180.6,180.22,180.42,104519.4
2025-08-20 04:00:00+00:00,180.42,181.3,180.33,180.84,186845.25
2025-08-20 04:15:00+00:00,180.84,181.34,180.73,181.3,105632.75
2025-08-20 04:30:00+00:00,181.3,181.72,180.33,180.58,291180.95
2025-08-20 04:45:00+00:00,180.58,180.87,180.27,180.53,104294.64
2025-08-20 05:00:00+00:00,180.54,180.6,180.01,180.11,130111.19
2025-08-20 05:15:00+00:00,180.12,180.39,179.75,180.06,183171.71
2025-08-20 05:30:00+00:00,180.06,180.76,179.97,180.76,142012.57
2025-08-20 05:45:00+00:00,180.75,181.08,180.53,181.01,101432.49
2025-08-20 06:00:00+00:00,181.0,181.23,180.36,180.36,138419.78
2025-08-20 06:15:00+00:00,180.36,180.76,180.08,180.37,82565.53
2025-08-20 06:30:00+00:00,180.36,181.16,180.29,180.98,110746.57
2025-08-20 06:45:00+00:00,180.97,181.01,180.42,180.93,102311.47
2025-08-20 07:00:00+00:00,180.94,181.44,180.83,181.37,143866.58
2025-08-20 07:15:00+00:00,181.38,181.58,181.07,181.1,121048.96
2025-08-20 07:30:00+00:00,181.1,181.15,180.53,180.86,156018.45
2025-08-20 07:45:00+00:00,180.87,181.12,180.24,180.45,108571.78
2025-08-20 08:00:00+00:00,180.46,180.95,180.18,180.86,157671.71
2025-08-20 08:15:00+00:00,180.87,181.35,180.66,181.34,178800.7
2025-08-20 08:30:00+00:00,181.34,181.95,181.3,181.72,323675.65
2025-08-20 08:45:00+00:00,181.72,182.23,181.29,181.96,248075.25
2025-08-20 09:00:00+00:00,181.97,182.14,181.44,181.95,241409.15
2025-08-20 09:15:00+00:00,181.96,182.16,181.43,181.47,159947.1
2025-08-20 09:30:00+00:00,181.47,181.92,181.32,181.62,132787.84
2025-08-20 09:45:00+00:00,181.63,181.95,180.79,180.85,210448.26
2025-08-20 10:00:00+00:00,180.85,181.43,180.85,180.97,165794.28
2025-08-20 10:15:00+00:00,180.97,181.66,180.75,180.84,112036.35
2025-08-20 10:30:00+00:00,180.83,181.11,180.72,180.99,71683.03
2025-08-20 10:45:00+00:00,181.0,181.23,180.88,180.92,61214.68
2025-08-20 11:00:00+00:00,180.93,181.25,180.45,180.47,161966.37
2025-08-20 11:15:00+00:00,180.47,180.55,180.0,180.05,196014.7
2025-08-20 11:30:00+00:00,180.05,180.11,178.26,178.63,679311.78
2025-08-20 11:45:00+00:00,178.63,180.26,178.25,180.21,395719.32
2025-08-20 12:00:00+00:00,180.2,181.72,180.19,180.86,445401.92
2025-08-20 12:15:00+00:00,180.86,181.17,180.1,180.7,202441.59
2025-08-20 12:30:00+00:00,180.7,182.1,180.6,181.84,317538.32
2025-08-20 12:45:00+00:00,181.83,182.25,181.39,181.82,236422.34
2025-08-20 13:00:00+00:00,181.82,181.82,180.31,180.31,267111.08
2025-08-20 13:15:00+00:00,180.32,180.88,180.12,180.75,231431.8
2025-08-20 13:30:00+00:00,180.76,181.67,179.74,180.46,640136.69
2025-08-20 13:45:00+00:00,180.47,180.65,178.6,178.71,803722.96
2025-08-20 14:00:00+00:00,178.71,179.32,177.48,178.3,819271.02
2025-08-20 14:15:00+00:00,178.3,179.81,177.44,179.51,615074.43
2025-08-20 14:30:00+00:00,179.51,182.36,179.51,181.53,1069669.08
2025-08-20 14:45:00+00:00,181.53,182.48,181.1,181.29,459465.15
2025-08-20 15:00:00+00:00,181.29,184.36,181.09,183.45,947575.32
2025-08-20 15:15:00+00:00,183.44,185.0,183.36,184.46,776814.1
2025-08-20 15:30:00+00:00,184.46,184.56,183.52,183.53,427768.51
2025-08-20 15:45:00+00:00,183.52,183.9,182.62,182.95,448602.14
2025-08-20 16:00:00+00:00,182.94,184.13,182.9,183.83,465639.62
2025-08-20 16:15:00+00:00,183.84,184.78,183.77,184.67,373690.97
2025-08-20 16:30:00+00:00,184.67,184.71,183.6,184.1,388546.78
2025-08-20 16:45:00+00:00,184.1,184.56,183.56,183.71,205056.99
2025-08-20 17:00:00+00:00,183.71,184.82,183.54,183.81,395617.8
2025-08-20 17:15:00+00:00,183.81,184.34,183.54,183.78,205342.52
2025-08-20 17:30:00+00:00,183.78,185.84,183.7,185.84,364333.07
2025-08-20 17:45:00+00:00,185.85,186.3,184.69,185.08,682688.41
2025-08-20 18:00:00+00:00,185.08,185.58,183.55,183.63,719639.55
2025-08-20 18:15:00+00:00,183.63,183.81,182.79,182.92,549066.61
2025-08-20 18:30:00+00:00,182.92,183.62,182.5,183.49,264723.73
2025-08-20 18:45:00+00:00,183.49,184.03,183.29,183.55,189685.2
2025-08-20 19:00:00+00:00,183.56,184.75,183.41,184.64,233057.27
2025-08-20 19:15:00+00:00,184.63,186.19,184.4,185.54,550674.34
2025-08-20 19:30:00+00:00,185.53,186.14,185.17,186.1,244153.38
2025-08-20 19:45:00+00:00,186.1,187.9,185.9,187.53,546534.9
2025-08-20 20:00:00+00:00,187.52,187.85,186.76,186.87,342851.85
2025-08-20 20:15:00+00:00,186.87,186.99,186.26,186.76,225504.39
2025-08-20 20:30:00+00:00,186.75,187.14,186.41,187.02,143617.99
2025-08-20 20:45:00+00:00,187.01,187.36,186.69,187.18,228221.52
2025-08-20 21:00:00+00:00,187.18,187.36,186.51,186.72,157771.23
2025-08-20 21:15:00+00:00,186.72,187.02,185.82,185.97,335619.87
2025-08-20 21:30:00+00:00,185.98,187.52,185.75,187.05,256604.47
2025-08-20 21:45:00+00:00,187.05,187.59,186.74,186.92,191419.34
2025-08-20 22:00:00+00:00,186.93,187.6,186.8,186.92,150059.0
2025-08-20 22:15:00+00:00,186.92,187.25,186.56,187.19,134830.06
2025-08-20 22:30:00+00:00,187.19,187.44,186.8,187.32,132131.0
2025-08-20 22:45:00+00:00,187.31,187.59,187.17,187.27,129689.47
2025-08-20 23:00:00+00:00,187.26,187.33,186.8,186.88,126359.64
2025-08-20 23:15:00+00:00,186.88,186.94,186.64,186.75,88354.87
2025-08-20 23:30:00+00:00,186.75,187.58,186.61,187.55,187611.65
2025-08-20 23:45:00+00:00,187.55,187.91,187.12,187.9,167036.25
2025-08-21 00:00:00+00:00,187.89,188.48,187.32,187.36,370239.22
2025-08-21 00:15:00+00:00,187.36,187.57,186.95,187.24,184258.17
2025-08-21 00:30:00+00:00,187.23,189.15,187.23,188.18,400478.51
2025-08-21 00:45:00+00:00,188.17,188.36,187.43,187.86,153331.67
2025-08-21 01:00:00+00:00,187.85,188.16,187.4,187.41,118240.52
2025-08-21 01:15:00+00:00,187.42,187.55,186.8,186.98,172288.08
2025-08-21 01:30:00+00:00,186.98,187.52,186.73,187.16,112425.35
2025-08-21 01:45:00+00:00,187.15,189.12,186.84,189.01,378541.91
2025-08-21 02:00:00+00:00,189.0,189.96,186.86,186.96,689344.67
2025-08-21 02:15:00+00:00,186.96,187.07,186.12,186.53,434753.74
2025-08-21 02:30:00+00:00,186.53,186.56,185.45,185.84,331728.72
2025-08-21 02:45:00+00:00,185.84,186.5,185.72,186.42,207253.76
2025-08-21 03:00:00+00:00,186.41,190.08,186.27,189.02,1275886.41
2025-08-21 03:15:00+00:00,189.02,189.35,188.31,188.61,333888.11
2025-08-21 03:30:00+00:00,188.6,188.82,187.96,188.57,246168.97
2025-08-21 03:45:00+00:00,188.58,188.9,188.09,188.36,258901.68
2025-08-21 04:00:00+00:00,188.35,188.58,187.61,187.7,237210.66
2025-08-21 04:15:00+00:00,187.7,187.85,187.12,187.37,183590.87
2025-08-21 04:30:00+00:00,187.36,188.25,187.17,188.05,289183.59
2025-08-21 04:45:00+00:00,188.04,188.64,187.66,187.68,178753.46
2025-08-21 05:00:00+00:00,187.69,187.8,186.7,186.9,269346.66
2025-08-21 05:15:00+00:00,186.89,187.19,186.55,187.05,157417.48
2025-08-21 05:30:00+00:00,187.06,187.65,187.02,187.65,131329.46
2025-08-21 05:45:00+00:00,187.64,188.1,187.38,188.02,171113.32
2025-08-21 06:00:00+00:00,188.02,188.04,186.7,186.78,195837.12
2025-08-21 06:15:00+00:00,186.78,187.15,186.52,186.64,165579.05
2025-08-21 06:30:00+00:00,186.64,187.42,186.64,187.29,102187.94
2025-08-21 06:45:00+00:00,187.29,187.33,186.41,186.52,120426.69
2025-08-21 07:00:00+00:00,186.51,187.13,186.18,186.38,192629.95
2025-08-21 07:15:00+00:00,186.37,186.73,185.8,186.5,275545.96
2025-08-21 07:30:00+00:00,186.5,187.36,186.35,186.79,227581.06
2025-08-21 07:45:00+00:00,186.78,187.11,186.52,186.93,110700.05
2025-08-21 08:00:00+00:00,186.93,186.98,186.41,186.93,115729.62
2025-08-21 08:15:00+00:00,186.93,186.94,185.64,185.98,271396.49
2025-08-21 08:30:00+00:00,185.99,186.19,185.7,186.05,190628.73
2025-08-21 08:45:00+00:00,186.05,186.35,185.57,185.59,119604.59
2025-08-21 09:00:00+00:00,185.59,185.67,184.43,184.55,573124.49
2025-08-21 09:15:00+00:00,184.55,184.75,184.02,184.67,303002.92
2025-08-21 09:30:00+00:00,184.67,185.29,184.55,185.22,253475.07
2025-08-21 09:45:00+00:00,185.22,185.33,184.74,184.85,158952.47
2025-08-21 10:00:00+00:00,184.85,185.22,184.18,184.64,217878.54
2025-08-21 10:15:00+00:00,184.64,184.89,183.77,184.18,280064.17
2025-08-21 10:30:00+00:00,184.19,184.58,183.79,184.33,214871.97
2025-08-21 10:45:00+00:00,184.33,184.69,184.06,184.25,110710.53
2025-08-21 11:00:00+00:00,184.24,184.88,184.1,184.54,167173.72
2025-08-21 11:15:00+00:00,184.53,184.8,184.41,184.57,115399.13
2025-08-21 11:30:00+00:00,184.57,184.8,183.57,184.08,282597.62
2025-08-21 11:45:00+00:00,184.08,184.13,183.36,183.95,297711.16
2025-08-21 12:00:00+00:00,183.94,184.24,183.5,183.89,155226.92
2025-08-21 12:15:00+00:00,183.89,183.98,183.1,183.57,298463.53
2025-08-21 12:30:00+00:00,183.56,184.8,183.47,184.13,387719.84
2025-08-21 12:45:00+00:00,184.13,184.22,182.66,183.67,433435.48
2025-08-21 13:00:00+00:00,183.67,184.49,183.27,184.22,252690.65
2025-08-21 13:15:00+00:00,184.21,184.85,183.97,184.85,225650.66
2025-08-21 13:30:00+00:00,184.84,185.71,184.01,185.33,578031.48
2025-08-21 13:45:00+00:00,185.33,185.42,183.91,183.98,549340.36
2025-08-21 14:00:00+00:00,183.99,185.58,183.56,185.35,555951.64
2025-08-21 14:15:00+00:00,185.35,186.36,185.2,186.21,542792.15
2025-08-21 14:30:00+00:00,186.21,186.24,183.58,184.66,672950.5
2025-08-21 14:45:00+00:00,184.67,185.18,184.01,184.69,271369.71
2025-08-21 15:00:00+00:00,184.69,184.98,182.8,182.8,651194.6
2025-08-21 15:15:00+00:00,182.8,183.93,182.7,183.05,411537.54
2025-08-21 15:30:00+00:00,183.05,183.59,182.17,183.21,434947.69
2025-08-21 15:45:00+00:00,183.21,183.22,181.35,181.57,600323.75
2025-08-21 16:00:00+00:00,181.58,181.97,180.85,181.88,510128.89
2025-08-21 16:15:00+00:00,181.88,182.29,181.19,181.58,334939.34
2025-08-21 16:30:00+00:00,181.57,182.17,181.02,181.34,263129.69
2025-08-21 16:45:00+00:00,181.35,181.55,180.7,180.89,288850.81
2025-08-21 17:00:00+00:00,180.89,180.96,179.82,180.4,578710.23
2025-08-21 17:15:00+00:00,180.39,180.66,180.18,180.44,233444.86
2025-08-21 17:30:00+00:00,180.44,181.54,180.36,181.03,371092.44
2025-08-21 17:45:00+00:00,181.04,181.36,180.64,181.1,192215.26
2025-08-21 18:00:00+00:00,181.11,181.43,180.62,181.14,171903.13
2025-08-21 18:15:00+00:00,181.13,181.92,180.91,181.62,188461.91
2025-08-21 18:30:00+00:00,181.62,181.66,180.99,181.0,133072.12
2025-08-21 18:45:00+00:00,181.0,182.23,180.45,182.07,310857.63
2025-08-21 19:00:00+00:00,182.07,182.81,182.03,182.07,308787.73
2025-08-21 19:15:00+00:00,182.07,182.11,180.77,181.05,424236.32
2025-08-21 19:30:00+00:00,181.04,181.07,180.14,180.14,264303.19
2025-08-21 19:45:00+00:00,180.14,180.34,179.88,180.06,303423.19
2025-08-21 20:00:00+00:00,180.06,180.4,179.91,180.19,148190.53
2025-08-21 20:15:00+00:00,180.19,180.66,180.11,180.32,366199.86
2025-08-21 20:30:00+00:00,180.31,180.48,179.33,180.19,419517.58
2025-08-21 20:45:00+00:00,180.2,181.4,180.11,180.75,197640.82
2025-08-21 21:00:00+00:00,180.75,180.95,179.87,180.82,213435.05
2025-08-21 21:15:00+00:00,180.83,181.33,180.15,181.16,123327.02
2025-08-21 21:30:00+00:00,181.16,181.54,180.66,180.84,121878.45
2025-08-21 21:45:00+00:00,180.84,181.25,180.75,181.09,46299.26
2025-08-21 22:00:00+00:00,181.09,181.58,180.82,181.55,101426.96
2025-08-21 22:15:00+00:00,181.54,181.81,181.33,181.65,106750.23
2025-08-21 22:30:00+00:00,181.64,181.8,181.12,181.22,85157.67
2025-08-21 22:45:00+00:00,181.23,181.76,181.1,181.69,100298.83
2025-08-21 23:00:00+00:00,181.69,181.69,180.71,180.72,77336.38
2025-08-21 23:15:00+00:00,180.72,180.96,180.33,180.9,103842.29
2025-08-21 23:30:00+00:00,180.9,180.92,179.75,179.9,142296.18
2025-08-21 23:45:00+00:00,179.91,180.39,179.85,180.25,76855.0
2025-08-22 00:00:00+00:00,180.24,181.15,180.17,180.92,198352.11
2025-08-22 00:15:00+00:00,180.92,181.49,180.68,181.26,158243.64
2025-08-22 00:30:00+00:00,181.27,181.75,181.22,181.49,163775.15
2025-08-22 00:45:00+00:00,181.49,181.54,180.77,181.05,106346.27
2025-08-22 01:00:00+00:00,181.06,181.48,179.9,180.15,191244.95
2025-08-22 01:15:00+00:00,180.15,181.44,180.13,181.26,153551.91
2025-08-22 01:30:00+00:00,181.26,181.94,181.11,181.85,191210.16
2025-08-22 01:45:00+00:00,181.86,182.05,181.6,181.89,119713.52
2025-08-22 02:00:00+00:00,181.88,182.78,181.61,182.78,301529.98
2025-08-22 02:15:00+00:00,182.78,183.46,182.44,183.2,353778.97
2025-08-22 02:30:00+00:00,183.2,183.21,182.3,182.55,279906.01
2025-08-22 02:45:00+00:00,182.56,182.9,182.24,182.54,150567.38
2025-08-22 03:00:00+00:00,182.55,183.39,182.13,183.12,200786.07
2025-08-22 03:15:00+00:00,183.12,183.16,182.15,182.16,118771.39
2025-08-22 03:30:00+00:00,182.16,182.2,181.31,181.58,280067.3
2025-08-22 03:45:00+00:00,181.59,181.91,181.33,181.67,121186.96
2025-08-22 04:00:00+00:00,181.67,182.59,181.65,182.53,165796.23
2025-08-22 04:15:00+00:00,182.52,183.16,182.51,182.75,223539.06
2025-08-22 04:30:00+00:00,182.74,183.32,182.47,182.86,167770.78
2025-08-22 04:45:00+00:00,182.86,183.08,182.35,182.83,125213.02
2025-08-22 05:00:00+00:00,182.83,183.29,182.66,183.25,160072.0
2025-08-22 05:15:00+00:00,183.26,183.38,182.85,183.06,98878.95
2025-08-22 05:30:00+00:00,183.07,183.74,182.6,183.05,146646.44
2025-08-22 05:45:00+00:00,183.05,183.85,183.0,183.58,105621.17
2025-08-22 06:00:00+00:00,183.59,183.76,183.06,183.7,98114.78
2025-08-22 06:15:00+00:00,183.7,184.06,183.54,183.79,153563.5
2025-08-22 06:30:00+00:00,183.79,183.94,182.43,182.58,222974.29
2025-08-22 06:45:00+00:00,182.58,183.09,182.3,182.86,129833.72
2025-08-22 07:00:00+00:00,182.87,183.95,182.72,183.63,209855.6
2025-08-22 07:15:00+00:00,183.63,183.98,183.37,183.89,145480.29
2025-08-22 07:30:00+00:00,183.88,184.17,183.59,183.79,153649.74
2025-08-22 07:45:00+00:00,183.78,184.29,183.47,183.88,177607.09
2025-08-22 08:00:00+00:00,183.88,184.64,183.88,184.55,184913.74
2025-08-22 08:15:00+00:00,184.55,185.0,184.49,184.92,235642.63
2025-08-22 08:30:00+00:00,184.93,184.99,184.26,184.63,162692.96
2025-08-22 08:45:00+00:00,184.63,184.63,183.66,183.71,272436.17
2025-08-22 09:00:00+00:00,183.71,183.98,183.18,183.18,210790.26
2025-08-22 09:15:00+00:00,183.19,183.52,182.79,182.98,163882.5
2025-08-22 09:30:00+00:00,182.97,183.33,182.36,182.66,155511.21
2025-08-22 09:45:00+00:00,182.66,183.22,182.52,182.85,135449.65
2025-08-22 10:00:00+00:00,182.86,182.88,181.97,182.03,191127.47
2025-08-22 10:15:00+00:00,182.04,182.06,181.49,181.79,243122.67
2025-08-22 10:30:00+00:00,181.79,181.89,181.07,181.18,194343.41
2025-08-22 10:45:00+00:00,181.19,181.52,180.8,181.1,243771.92
2025-08-22 11:00:00+00:00,181.11,181.23,180.19,180.26,327011.88
2025-08-22 11:15:00+00:00,180.27,180.48,180.03,180.05,276326.34
2025-08-22 11:30:00+00:00,180.05,180.26,179.8,180.02,267345.27
2025-08-22 11:45:00+00:00,180.02,180.47,179.5,179.54,213117.85
2025-08-22 12:00:00+00:00,179.55,179.74,178.2,178.51,812013.72
2025-08-22 12:15:00+00:00,178.51,178.75,178.05,178.18,367484.29
2025-08-22 12:30:00+00:00,178.18,178.28,177.14,178.28,769858.33
2025-08-22 12:45:00+00:00,178.27,179.46,178.0,178.36,774910.8
2025-08-22 13:00:00+00:00,178.36,179.34,178.25,178.57,441309.44
2025-08-22 13:15:00+00:00,178.58,178.93,178.11,178.57,230289.71
2025-08-22 13:30:00+00:00,178.57,181.09,177.84,180.23,785180.72
2025-08-22 13:45:00+00:00,180.24,181.18,179.45,180.14,769947.34
2025-08-22 14:00:00+00:00,180.13,190.42,180.11,190.42,4620804.13
2025-08-22 14:15:00+00:00,190.42,193.26,186.42,189.17,4208131.93
2025-08-22 14:30:00+00:00,189.17,191.63,189.11,190.71,1590772.43
2025-08-22 14:45:00+00:00,190.71,192.35,190.68,191.64,1134493.74
2025-08-22 15:00:00+00:00,191.64,193.75,191.6,192.84,1237255.2
2025-08-22 15:15:00+00:00,192.84,194.36,192.7,193.94,832231.86
2025-08-22 15:30:00+00:00,193.94,195.39,193.94,194.97,963017.16
2025-08-22 15:45:00+00:00,194.97,195.11,193.41,193.45,873680.37
2025-08-22 16:00:00+00:00,193.46,197.88,193.45,196.83,1761050.28
2025-08-22 16:15:00+00:00,196.82,196.82,195.51,196.38,657528.18
2025-08-22 16:30:00+00:00,196.38,196.56,195.38,196.0,509631.92
2025-08-22 16:45:00+00:00,196.0,196.0,194.5,194.86,621571.19
2025-08-22 17:00:00+00:00,194.85,197.17,194.85,197.17,807853.2
2025-08-22 17:15:00+00:00,197.17,198.11,196.59,197.88,714736.12
2025-08-22 17:30:00+00:00,197.88,197.95,196.16,196.77,579180.19
2025-08-22 17:45:00+00:00,196.76,197.02,196.12,196.86,291684.39
2025-08-22 18:00:00+00:00,196.85,197.57,196.72,196.99,440258.98
2025-08-22 18:15:00+00:00,196.98,197.06,195.65,196.39,506926.01
2025-08-22 18:30:00+00:00,196.39,197.2,196.37,197.01,230980.05
2025-08-22 18:45:00+00:00,197.0,197.37,196.35,196.81,387098.75
2025-08-22 19:00:00+00:00,196.81,197.33,196.57,197.13,215197.46
2025-08-22 19:15:00+00:00,197.13,198.2,196.93,198.11,373995.09
2025-08-22 19:30:00+00:00,198.12,198.43,197.5,198.23,404986.35
2025-08-22 19:45:00+00:00,198.24,199.74,198.13,198.96,816723.66
2025-08-22 20:00:00+00:00,198.97,199.47,198.5,198.78,334322.09
2025-08-22 20:15:00+00:00,198.78,199.03,198.55,198.86,162769.46
2025-08-22 20:30:00+00:00,198.86,199.22,198.37,198.75,169028.08
2025-08-22 20:45:00+00:00,198.76,199.63,198.48,199.63,292818.02
2025-08-22 21:00:00+00:00,199.62,202.09,199.42,200.59,1187779.93
2025-08-22 21:15:00+00:00,200.59,202.5,199.93,201.79,635907.53
2025-08-22 21:30:00+00:00,201.8,201.94,200.71,201.13,291634.38
2025-08-22 21:45:00+00:00,201.13,201.13,199.75,200.21,306941.38
2025-08-22 22:00:00+00:00,200.2,200.48,199.0,199.44,559234.65
2025-08-22 22:15:00+00:00,199.44,199.99,198.97,199.22,315218.89
2025-08-22 22:30:00+00:00,199.22,199.49,198.56,199.15,268428.27
2025-08-22 22:45:00+00:00,199.15,199.67,199.1,199.44,139312.16
2025-08-22 23:00:00+00:00,199.45,199.77,199.16,199.16,125491.53
2025-08-22 23:15:00+00:00,199.17,199.96,199.06,199.86,140222.21
2025-08-22 23:30:00+00:00,199.86,200.13,199.6,199.87,164278.95
2025-08-22 23:45:00+00:00,199.87,200.99,199.64,200.68,247114.9
2025-08-23 00:00:00+00:00,200.68,200.83,199.0,199.17,420553.7
2025-08-23 00:15:00+00:00,199.18,199.72,199.1,199.72,173831.57
2025-08-23 00:30:00+00:00,199.72,200.18,198.77,198.88,209263.03
2025-08-23 00:45:00+00:00,198.87,199.22,198.52,198.57,216840.46
2025-08-23 01:00:00+00:00,198.57,199.04,198.16,198.51,193035.04
2025-08-23 01:15:00+00:00,198.51,198.51,197.5,197.56,399068.73
2025-08-23 01:30:00+00:00,197.56,198.0,196.78,196.85,410758.99
2025-08-23 01:45:00+00:00,196.85,198.0,196.85,197.82,228614.07
2025-08-23 02:00:00+00:00,197.83,198.26,197.55,197.9,230754.14
2025-08-23 02:15:00+00:00,197.9,198.41,196.61,196.61,300701.08
2025-08-23 02:30:00+00:00,196.62,197.0,195.31,196.67,800736.0
2025-08-23 02:45:00+00:00,196.67,197.75,196.11,197.61,304699.33
2025-08-23 03:00:00+00:00,197.6,198.59,197.18,197.9,352852.7
2025-08-23 03:15:00+00:00,197.91,198.24,197.57,198.18,160039.17
2025-08-23 03:30:00+00:00,198.17,198.29,197.57,197.8,194191.44
2025-08-23 03:45:00+00:00,197.8,198.8,197.5,198.19,226422.38
2025-08-23 04:00:00+00:00,198.2,199.15,198.12,199.06,252542.19
2025-08-23 04:15:00+00:00,199.06,200.15,198.57,199.91,454291.87
2025-08-23 04:30:00+00:00,199.9,204.43,199.59,204.36,1385513.19
2025-08-23 04:45:00+00:00,204.36,205.0,203.51,204.68,863319.29
2025-08-23 05:00:00+00:00,204.68,207.2,204.34,206.73,975546.81
2025-08-23 05:15:00+00:00,206.72,208.82,206.3,207.43,1293231.88
2025-08-23 05:30:00+00:00,207.43,208.29,206.91,208.05,575551.34
2025-08-23 05:45:00+00:00,208.05,208.63,207.29,207.63,616165.73
2025-08-23 06:00:00+00:00,207.62,207.96,206.13,206.83,626244.41
2025-08-23 06:15:00+00:00,206.84,207.54,205.8,206.03,572262.25
2025-08-23 06:30:00+00:00,206.04,207.18,206.01,206.41,405356.12
2025-08-23 06:45:00+00:00,206.42,207.02,206.32,206.62,301614.61
2025-08-23 07:00:00+00:00,206.62,207.4,206.24,207.11,309322.9
2025-08-23 07:15:00+00:00,207.1,207.16,205.52,205.73,392885.94
2025-08-23 07:30:00+00:00,205.72,206.49,205.15,205.85,407247.58
2025-08-23 07:45:00+00:00,205.84,205.9,205.02,205.29,232346.54
2025-08-23 08:00:00+00:00,205.3,205.76,204.38,204.49,357254.7
2025-08-23 08:15:00+00:00,204.49,205.11,202.4,202.42,991666.52
2025-08-23 08:30:00+00:00,202.42,203.74,202.28,203.49,668623.94
2025-08-23 08:45:00+00:00,203.5,203.97,203.19,203.92,232965.48
2025-08-23 09:00:00+00:00,203.92,204.19,203.27,203.92,281004.07
2025-08-23 09:15:00+00:00,203.92,203.98,203.44,203.82,122772.2
2025-08-23 09:30:00+00:00,203.82,204.52,203.7,204.31,247739.66
2025-08-23 09:45:00+00:00,204.3,204.79,204.02,204.55,228003.03
2025-08-23 10:00:00+00:00,204.55,204.72,203.45,203.54,245906.39
2025-08-23 10:15:00+00:00,203.54,203.82,203.03,203.36,213567.71
2025-08-23 10:30:00+00:00,203.37,203.54,202.71,202.8,195022.91
2025-08-23 10:45:00+00:00,202.8,203.23,201.9,202.1,446296.49
2025-08-23 11:00:00+00:00,202.1,203.0,201.9,202.96,289605.12
2025-08-23 11:15:00+00:00,202.96,203.13,202.54,202.58,152029.5
2025-08-23 11:30:00+00:00,202.58,202.77,202.33,202.34,75093.79
2025-08-23 11:45:00+00:00,202.33,202.69,201.64,202.08,192514.24
2025-08-23 12:00:00+00:00,202.09,202.53,201.16,202.47,351860.92
2025-08-23 12:15:00+00:00,202.47,203.13,202.14,202.46,228599.05
2025-08-23 12:30:00+00:00,202.47,203.32,202.16,203.01,233741.24
2025-08-23 12:45:00+00:00,203.02,203.28,201.87,202.11,203041.41
2025-08-23 13:00:00+00:00,202.11,202.53,201.81,202.38,198398.04
2025-08-23 13:15:00+00:00,202.39,202.55,201.88,201.97,178502.3
2025-08-23 13:30:00+00:00,201.97,201.97,200.65,201.17,928921.74
2025-08-23 13:45:00+00:00,201.17,202.06,201.02,201.6,254635.42
2025-08-23 14:00:00+00:00,201.6,202.17,201.04,202.0,184863.37
2025-08-23 14:15:00+00:00,201.99,203.11,201.79,202.94,397890.47
2025-08-23 14:30:00+00:00,202.95,203.34,202.22,202.71,412750.25
2025-08-23 14:45:00+00:00,202.71,203.58,202.54,202.8,396097.58
2025-08-23 15:00:00+00:00,202.81,203.91,202.78,203.76,369663.89
2025-08-23 15:15:00+00:00,203.76,203.77,202.75,203.15,250555.45
2025-08-23 15:30:00+00:00,203.14,203.24,202.71,202.78,131138.99
2025-08-23 15:45:00+00:00,202.78,203.27,202.51,202.69,142382.86
2025-08-23 16:00:00+00:00,202.68,202.97,202.22,202.62,193469.71
2025-08-23 16:15:00+00:00,202.61,203.68,202.55,203.12,234611.84
2025-08-23 16:30:00+00:00,203.12,203.18,202.86,203.11,93885.75
2025-08-23 16:45:00+00:00,203.1,203.72,203.08,203.38,181726.75
2025-08-23 17:00:00+00:00,203.37,203.86,203.25,203.51,140575.82
2025-08-23 17:15:00+00:00,203.51,203.58,202.29,202.81,207292.51
2025-08-23 17:30:00+00:00,202.82,203.84,202.69,203.58,190575.8
2025-08-23 17:45:00+00:00,203.57,203.76,203.36,203.36,101183.63
2025-08-23 18:00:00+00:00,203.36,203.84,203.33,203.81,100190.08
2025-08-23 18:15:00+00:00,203.81,204.28,203.61,204.01,178906.8
2025-08-23 18:30:00+00:00,204.0,204.48,203.91,204.25,123202.87
2025-08-23 18:45:00+00:00,204.25,204.32,203.78,204.09,146448.75
2025-08-23 19:00:00+00:00,204.08,204.66,204.06,204.12,169321.39
2025-08-23 19:15:00+00:00,204.12,204.2,203.93,204.1,101614.79
2025-08-23 19:30:00+00:00,204.11,204.27,203.83,203.91,110175.01
2025-08-23 19:45:00+00:00,203.92,204.37,203.91,204.17,66277.22
2025-08-23 20:00:00+00:00,204.17,204.32,203.46,203.53,109802.16
2025-08-23 20:15:00+00:00,203.52,204.11,203.3,204.03,99726.7
2025-08-23 20:30:00+00:00,204.03,204.37,203.41,203.49,169726.68
2025-08-23 20:45:00+00:00,203.48,203.94,203.38,203.88,112163.6
2025-08-23 21:00:00+00:00,203.87,204.22,203.55,204.0,105430.32
2025-08-23 21:15:00+00:00,204.01,204.03,203.37,203.38,123142.09
2025-08-23 21:30:00+00:00,203.37,203.65,203.33,203.64,48206.71
2025-08-23 21:45:00+00:00,203.64,203.65,203.14,203.19,63653.56
2025-08-23 22:00:00+00:00,203.2,203.65,203.12,203.41,77761.59
2025-08-23 22:15:00+00:00,203.42,203.49,203.02,203.15,53462.54
2025-08-23 22:30:00+00:00,203.15,203.44,202.89,203.36,92383.46
2025-08-23 22:45:00+00:00,203.36,203.76,203.27,203.63,70316.65
2025-08-23 23:00:00+00:00,203.64,204.52,203.63,204.51,136428.85
2025-08-23 23:15:00+00:00,204.51,205.0,204.39,204.45,201678.46
2025-08-23 23:30:00+00:00,204.46,204.83,204.23,204.37,109179.9
2025-08-23 23:45:00+00:00,204.37,204.43,204.02,204.21,128159.81
2025-08-24 00:00:00+00:00,204.22,205.34,204.21,205.13,268525.88
2025-08-24 00:15:00+00:00,205.13,205.79,204.71,205.75,202751.48
2025-08-24 00:30:00+00:00,205.74,206.87,205.68,206.78,406546.87
2025-08-24 00:45:00+00:00,206.77,206.77,205.71,206.21,212987.53
2025-08-24 01:00:00+00:00,206.21,206.8,205.05,206.77,380445.85
2025-08-24 01:15:00+00:00,206.76,207.8,205.66,206.21,520573.33
2025-08-24 01:30:00+00:00,206.21,207.58,205.85,207.4,242969.0
2025-08-24 01:45:00+00:00,207.4,209.0,206.93,208.23,722838.42
2025-08-24 02:00:00+00:00,208.24,209.39,207.66,209.24,616909.52
2025-08-24 02:15:00+00:00,209.25,212.22,208.58,211.54,1341560.12
2025-08-24 02:30:00+00:00,211.53,211.7,209.83,210.02,668337.64
2025-08-24 02:45:00+00:00,210.03,210.03,208.49,208.92,587316.61
2025-08-24 03:00:00+00:00,208.91,209.22,207.87,207.94,469839.17
2025-08-24 03:15:00+00:00,207.94,208.57,207.32,208.53,431302.46
2025-08-24 03:30:00+00:00,208.52,209.18,208.3,208.45,320118.77
2025-08-24 03:45:00+00:00,208.45,209.59,208.17,209.21,270294.2
2025-08-24 04:00:00+00:00,209.2,210.0,208.96,209.5,283912.93
2025-08-24 04:15:00+00:00,209.49,210.82,209.49,209.79,338385.82
2025-08-24 04:30:00+00:00,209.79,210.17,208.71,208.83,386255.05
2025-08-24 04:45:00+00:00,208.84,210.87,208.51,210.81,439605.24
2025-08-24 05:00:00+00:00,210.81,210.9,209.73,210.04,369285.17
2025-08-24 05:15:00+00:00,210.05,210.28,209.29,209.36,257397.98
2025-08-24 05:30:00+00:00,209.35,209.93,209.09,209.59,223155.54
2025-08-24 05:45:00+00:00,209.59,209.79,208.19,208.67,382319.94
2025-08-24 06:00:00+00:00,208.68,208.98,208.23,208.5,276691.82
2025-08-24 06:15:00+00:00,208.51,208.59,207.77,208.25,363268.2
2025-08-24 06:30:00+00:00,208.25,208.38,207.6,208.25,242916.07
2025-08-24 06:45:00+00:00,208.25,208.25,207.19,207.49,339504.34
2025-08-24 07:00:00+00:00,207.49,208.19,207.48,208.16,229854.36
2025-08-24 07:15:00+00:00,208.15,208.25,207.25,208.08,174330.57
2025-08-24 07:30:00+00:00,208.08,208.38,207.32,207.48,184234.47
2025-08-24 07:45:00+00:00,207.48,207.63,206.72,206.79,322882.12
2025-08-24 08:00:00+00:00,206.79,207.6,206.13,207.4,420365.57
2025-08-24 08:15:00+00:00,207.4,208.1,207.18,207.82,260788.32
2025-08-24 08:30:00+00:00,207.82,208.34,207.61,208.03,171270.65
2025-08-24 08:45:00+00:00,208.04,208.37,207.81,208.25,109855.02
2025-08-24 09:00:00+00:00,208.25,208.76,207.73,207.96,243127.36
2025-08-24 09:15:00+00:00,207.95,209.16,207.95,208.77,248082.19
2025-08-24 09:30:00+00:00,208.77,209.1,208.3,208.58,221843.21
2025-08-24 09:45:00+00:00,208.58,208.83,208.03,208.32,145427.23
2025-08-24 10:00:00+00:00,208.32,208.37,207.51,207.6,261473.23
2025-08-24 10:15:00+00:00,207.6,207.77,206.21,206.56,406818.37
2025-08-24 10:30:00+00:00,206.55,206.56,204.6,205.49,902475.51
2025-08-24 10:45:00+00:00,205.5,205.82,204.66,204.93,456238.78
2025-08-24 11:00:00+00:00,204.93,205.49,204.08,204.68,522012.03
2025-08-24 11:15:00+00:00,204.68,205.07,203.55,204.25,624281.18
2025-08-24 11:30:00+00:00,204.26,204.83,203.48,203.65,290505.98
2025-08-24 11:45:00+00:00,203.65,204.88,203.64,204.62,246853.02
2025-08-24 12:00:00+00:00,204.63,205.1,204.32,204.75,264551.69
2025-08-24 12:15:00+00:00,204.74,205.0,204.0,204.27,182512.63
2025-08-24 12:30:00+00:00,204.28,204.6,203.87,204.05,140712.62
2025-08-24 12:45:00+00:00,204.05,204.68,203.67,204.5,212248.57
2025-08-24 13:00:00+00:00,204.49,205.26,204.32,204.95,292717.21
2025-08-24 13:15:00+00:00,204.94,205.67,204.81,205.09,294502.36
2025-08-24 13:30:00+00:00,205.1,205.77,204.84,205.01,287950.6
2025-08-24 13:45:00+00:00,205.02,205.3,204.51,204.83,152787.29
2025-08-24 14:00:00+00:00,204.84,204.92,204.06,204.36,313752.36
2025-08-24 14:15:00+00:00,204.37,206.14,204.26,205.55,554406.43
2025-08-24 14:30:00+00:00,205.55,205.97,205.02,205.2,192758.26
2025-08-24 14:45:00+00:00,205.2,206.6,205.15,206.16,360169.29
2025-08-24 15:00:00+00:00,206.15,208.8,205.84,207.72,927682.91
2025-08-24 15:15:00+00:00,207.73,209.48,207.29,208.53,672935.01
2025-08-24 15:30:00+00:00,208.54,208.82,206.69,207.13,531112.22
2025-08-24 15:45:00+00:00,207.13,207.22,205.4,205.74,559319.53
2025-08-24 16:00:00+00:00,205.73,206.85,205.64,206.69,532567.23
2025-08-24 16:15:00+00:00,206.69,206.85,205.83,206.07,324809.32
2025-08-24 16:30:00+00:00,206.08,207.4,206.0,206.82,224102.01
2025-08-24 16:45:00+00:00,206.81,207.2,206.26,206.68,182127.43
2025-08-24 17:00:00+00:00,206.67,208.68,206.57,208.46,376104.11
2025-08-24 17:15:00+00:00,208.46,208.71,207.25,207.91,295696.89
2025-08-24 17:30:00+00:00,207.91,209.8,207.8,209.8,416026.75
2025-08-24 17:45:00+00:00,209.79,209.93,208.43,209.46,529768.22
2025-08-24 18:00:00+00:00,209.47,210.1,208.92,210.02,379069.03
2025-08-24 18:15:00+00:00,210.02,210.73,209.83,210.65,450195.58
2025-08-24 18:30:00+00:00,210.65,212.09,210.33,211.91,910914.14
2025-08-24 18:45:00+00:00,211.9,212.1,211.04,211.38,489088.87
2025-08-24 19:00:00+00:00,211.38,211.4,210.38,210.66,355326.07
2025-08-24 19:15:00+00:00,210.65,212.09,210.45,210.74,447116.99
2025-08-24 19:30:00+00:00,210.75,210.84,201.37,206.67,3657429.34
2025-08-24 19:45:00+00:00,206.67,206.78,202.86,205.11,1725579.62
2025-08-24 20:00:00+00:00,205.11,205.21,201.01,202.45,1463368.16
2025-08-24 20:15:00+00:00,202.45,205.14,202.29,204.12,928300.95
2025-08-24 20:30:00+00:00,204.12,205.46,203.5,205.46,491410.6
2025-08-24 20:45:00+00:00,205.46,205.47,203.55,203.74,331530.73
2025-08-24 21:00:00+00:00,203.75,204.1,202.29,203.62,548621.87
2025-08-24 21:15:00+00:00,203.62,204.49,203.32,204.1,254169.96
2025-08-24 21:30:00+00:00,204.1,205.81,203.96,204.55,384989.03
2025-08-24 21:45:00+00:00,204.54,205.73,203.83,204.43,234438.69
2025-08-24 22:00:00+00:00,204.43,204.73,203.18,204.08,360348.61
2025-08-24 22:15:00+00:00,204.08,204.08,201.57,201.57,483935.13
2025-08-24 22:30:00+00:00,201.58,203.76,201.44,203.59,341053.0
2025-08-24 22:45:00+00:00,203.58,205.59,203.34,205.17,383220.6
2025-08-24 23:00:00+00:00,205.18,206.6,204.79,206.13,503850.94
2025-08-24 23:15:00+00:00,206.13,207.28,206.07,206.75,424658.49
2025-08-24 23:30:00+00:00,206.76,207.05,206.21,206.6,263091.7
2025-08-24 23:45:00+00:00,206.6,206.84,205.67,206.09,204218.06
2025-08-25 00:00:00+00:00,206.09,208.15,206.02,207.95,494064.91
2025-08-25 00:15:00+00:00,207.96,208.3,205.74,205.84,473681.14
2025-08-25 00:30:00+00:00,205.85,205.88,202.32,203.18,1053205.81
2025-08-25 00:45:00+00:00,203.18,204.46,203.02,203.58,586569.42
2025-08-25 01:00:00+00:00,203.58,204.63,203.52,204.45,221741.49
2025-08-25 01:15:00+00:00,204.45,209.0,203.71,207.82,1021253.25
2025-08-25 01:30:00+00:00,207.82,208.55,206.07,206.1,469391.26
2025-08-25 01:45:00+00:00,206.1,207.66,206.1,207.06,307721.08
2025-08-25 02:00:00+00:00,207.06,210.2,206.8,210.09,721797.58
2025-08-25 02:15:00+00:00,210.09,213.59,209.51,211.86,1492736.73
2025-08-25 02:30:00+00:00,211.85,213.66,211.69,212.23,686339.91
2025-08-25 02:45:00+00:00,212.23,213.15,212.04,212.66,379694.15
2025-08-25 03:00:00+00:00,212.67,213.08,210.77,211.09,606929.88
2025-08-25 03:15:00+00:00,211.1,211.92,209.56,210.28,573258.95
2025-08-25 03:30:00+00:00,210.27,210.76,209.3,210.36,509187.42
2025-08-25 03:45:00+00:00,210.37,210.94,208.82,209.37,458945.21
2025-08-25 04:00:00+00:00,209.37,209.82,207.53,207.59,670573.0
2025-08-25 04:15:00+00:00,207.6,208.5,207.14,207.81,576708.18
2025-08-25 04:30:00+00:00,207.8,208.16,206.84,207.46,315493.41
2025-08-25 04:45:00+00:00,207.45,208.02,207.05,207.41,302985.62
2025-08-25 05:00:00+00:00,207.42,208.1,205.46,205.59,725375.43
2025-08-25 05:15:00+00:00,205.6,206.68,205.36,205.8,460281.19
2025-08-25 05:30:00+00:00,205.81,206.0,204.48,204.99,410924.66
2025-08-25 05:45:00+00:00,204.99,205.33,203.54,203.76,554444.42
2025-08-25 06:00:00+00:00,203.77,204.58,203.32,203.86,501371.96
2025-08-25 06:15:00+00:00,203.86,204.75,202.74,203.62,538999.61
2025-08-25 06:30:00+00:00,203.62,203.78,202.57,202.9,541621.87
2025-08-25 06:45:00+00:00,202.91,203.39,201.83,201.99,736838.12
2025-08-25 07:00:00+00:00,202.0,204.49,201.91,203.47,1421547.4
2025-08-25 07:15:00+00:00,203.46,203.96,202.4,202.48,378445.29
2025-08-25 07:30:00+00:00,202.49,202.8,200.97,201.98,825949.62
2025-08-25 07:45:00+00:00,201.98,202.03,198.5,199.86,1426887.07
2025-08-25 08:00:00+00:00,199.86,200.18,198.2,199.52,955871.72
2025-08-25 08:15:00+00:00,199.53,200.85,199.44,200.01,681466.3
2025-08-25 08:30:00+00:00,200.02,200.88,199.3,199.67,459135.72
2025-08-25 08:45:00+00:00,199.67,200.71,199.47,199.93,328783.03
2025-08-25 09:00:00+00:00,199.93,200.26,198.6,199.25,426092.66
2025-08-25 09:15:00+00:00,199.25,199.74,198.68,198.71,214918.09
2025-08-25 09:30:00+00:00,198.72,199.48,198.13,199.28,474299.66
2025-08-25 09:45:00+00:00,199.27,199.5,198.67,199.5,188800.33
2025-08-25 10:00:00+00:00,199.49,199.49,197.16,197.7,780402.53
2025-08-25 10:15:00+00:00,197.69,198.07,195.23,196.15,1431492.06
2025-08-25 10:30:00+00:00,196.16,196.45,195.04,195.28,712720.01
2025-08-25 10:45:00+00:00,195.28,196.45,195.0,195.86,587173.0
2025-08-25 11:00:00+00:00,195.86,196.2,195.42,196.14,323485.56
2025-08-25 11:15:00+00:00,196.15,196.5,195.69,195.79,388101.62
2025-08-25 11:30:00+00:00,195.79,196.76,195.75,196.37,432786.54
2025-08-25 11:45:00+00:00,196.37,197.58,196.35,197.54,515439.49
2025-08-25 12:00:00+00:00,197.53,197.91,196.87,197.77,526332.25
2025-08-25 12:15:00+00:00,197.77,198.52,197.37,198.48,447980.28
2025-08-25 12:30:00+00:00,198.48,198.5,196.73,197.93,660180.41
2025-08-25 12:45:00+00:00,197.92,197.99,196.87,197.96,468074.82
2025-08-25 13:00:00+00:00,197.97,198.04,197.04,197.39,298737.67
2025-08-25 13:15:00+00:00,197.39,198.47,196.6,197.69,445295.13
2025-08-25 13:30:00+00:00,197.69,197.93,196.16,196.93,932963.62
2025-08-25 13:45:00+00:00,196.93,198.4,195.54,198.21,870563.57
2025-08-25 14:00:00+00:00,198.21,199.44,197.56,198.6,909023.17
2025-08-25 14:15:00+00:00,198.59,199.25,197.67,197.77,597255.18
2025-08-25 14:30:00+00:00,197.77,198.68,196.95,196.96,526001.57
2025-08-25 14:45:00+00:00,196.95,198.58,196.75,198.23,360075.73
2025-08-25 15:00:00+00:00,198.24,198.49,196.35,196.81,427396.99
2025-08-25 15:15:00+00:00,196.82,198.28,196.67,197.72,343077.11
2025-08-25 15:30:00+00:00,197.73,198.22,196.87,197.39,283258.11
2025-08-25 15:45:00+00:00,197.38,197.44,196.01,196.49,271223.09
2025-08-25 16:00:00+00:00,196.5,197.49,195.53,197.48,529758.36
2025-08-25 16:15:00+00:00,197.48,198.3,197.01,197.11,339715.25
2025-08-25 16:30:00+00:00,197.11,198.08,196.71,197.87,175568.78
2025-08-25 16:45:00+00:00,197.86,198.07,196.36,196.37,231114.75
2025-08-25 17:00:00+00:00,196.37,196.53,195.1,195.95,541874.21
2025-08-25 17:15:00+00:00,195.94,197.29,195.51,196.96,301691.33
2025-08-25 17:30:00+00:00,196.96,197.21,196.27,196.61,173163.31
2025-08-25 17:45:00+00:00,196.61,197.16,195.95,196.64,179976.57
2025-08-25 18:00:00+00:00,196.65,197.7,196.02,197.38,295976.98
2025-08-25 18:15:00+00:00,197.38,197.8,197.08,197.27,155289.16
2025-08-25 18:30:00+00:00,197.27,197.39,196.13,196.5,213366.77
2025-08-25 18:45:00+00:00,196.5,196.8,196.23,196.39,118597.88
2025-08-25 19:00:00+00:00,196.38,196.44,195.27,195.28,313444.74
2025-08-25 19:15:00+00:00,195.29,195.43,192.5,193.61,1451244.68
2025-08-25 19:30:00+00:00,193.62,193.88,192.0,192.37,830192.71
2025-08-25 19:45:00+00:00,192.38,192.69,190.92,191.42,715500.78
2025-08-25 20:00:00+00:00,191.42,192.06,188.27,189.53,1647860.36
2025-08-25 20:15:00+00:00,189.52,190.43,188.43,189.18,858838.72
2025-08-25 20:30:00+00:00,189.18,189.27,186.85,188.15,1413949.34
2025-08-25 20:45:00+00:00,188.16,188.66,186.17,186.19,638695.59
2025-08-25 21:00:00+00:00,186.2,187.79,185.85,186.56,820647.94
2025-08-25 21:15:00+00:00,186.56,187.86,186.56,186.86,408154.4
2025-08-25 21:30:00+00:00,186.87,187.94,186.14,187.08,369910.27
2025-08-25 21:45:00+00:00,187.09,188.35,186.27,186.27,272222.49
2025-08-25 22:00:00+00:00,186.28,187.26,186.03,186.11,311782.33
2025-08-25 22:15:00+00:00,186.11,187.27,185.12,187.27,530292.0
2025-08-25 22:30:00+00:00,187.26,188.42,187.08,188.32,408332.0
2025-08-25 22:45:00+00:00,188.32,188.34,186.62,186.93,269685.45
2025-08-25 23:00:00+00:00,186.92,187.15,186.32,186.78,286431.27
2025-08-25 23:15:00+00:00,186.77,187.11,185.6,186.37,334809.67
2025-08-25 23:30:00+00:00,186.37,187.05,186.17,187.02,175914.07
2025-08-25 23:45:00+00:00,187.02,187.51,186.5,187.09,183531.28
2025-08-26 00:00:00+00:00,187.08,187.47,186.51,187.43,352496.91
2025-08-26 00:15:00+00:00,187.44,188.2,186.76,187.62,362573.09
2025-08-26 00:30:00+00:00,187.62,188.55,186.21,186.26,539849.4
2025-08-26 00:45:00+00:00,186.26,187.18,185.44,186.2,628665.91
2025-08-26 01:00:00+00:00,186.19,187.67,185.57,186.86,467415.39
2025-08-26 01:15:00+00:00,186.86,187.89,186.75,187.68,209267.06
2025-08-26 01:30:00+00:00,187.69,188.13,187.09,187.64,282218.64
2025-08-26 01:45:00+00:00,187.64,188.89,187.62,188.13,410897.96
2025-08-26 02:00:00+00:00,188.13,189.22,187.76,189.04,442809.23
2025-08-26 02:15:00+00:00,189.03,189.14,187.5,188.4,259838.12
2025-08-26 02:30:00+00:00,188.4,188.44,187.5,187.91,172657.75
2025-08-26 02:45:00+00:00,187.9,188.39,186.8,187.42,370838.37
2025-08-26 03:00:00+00:00,187.43,187.55,186.5,186.69,237850.87
2025-08-26 03:15:00+00:00,186.69,187.67,186.34,187.05,250226.83
2025-08-26 03:30:00+00:00,187.06,187.9,186.97,187.78,118779.0
2025-08-26 03:45:00+00:00,187.79,187.81,186.58,186.84,179313.63
2025-08-26 04:00:00+00:00,186.84,187.91,186.84,187.88,267043.28
2025-08-26 04:15:00+00:00,187.88,188.43,187.06,187.34,255883.66
2025-08-26 04:30:00+00:00,187.34,188.08,187.34,187.69,147179.58
2025-08-26 04:45:00+00:00,187.69,188.23,187.41,187.79,146589.99
2025-08-26 05:00:00+00:00,187.79,188.74,187.78,188.56,213617.46
2025-08-26 05:15:00+00:00,188.55,188.81,188.21,188.71,174959.23
2025-08-26 05:30:00+00:00,188.72,189.15,188.35,189.15,311608.36
2025-08-26 05:45:00+00:00,189.14,189.48,188.63,188.63,204474.42
2025-08-26 06:00:00+00:00,188.63,189.45,188.2,189.03,209586.41
2025-08-26 06:15:00+00:00,189.03,189.5,187.6,187.79,349077.35
2025-08-26 06:30:00+00:00,187.8,188.25,187.61,187.86,120557.27
2025-08-26 06:45:00+00:00,187.87,188.09,187.27,187.82,153963.74
2025-08-26 07:00:00+00:00,187.83,188.28,187.09,187.43,219607.68
2025-08-26 07:15:00+00:00,187.43,188.19,187.25,187.9,158211.82
2025-08-26 07:30:00+00:00,187.9,189.85,187.78,189.06,478432.76
2025-08-26 07:45:00+00:00,189.05,189.55,188.6,188.81,323520.43
2025-08-26 08:00:00+00:00,188.8,189.77,188.72,189.68,230529.94
2025-08-26 08:15:00+00:00,189.68,190.26,188.53,188.71,320385.52
2025-08-26 08:30:00+00:00,188.7,188.76,188.05,188.75,226824.3
2025-08-26 08:45:00+00:00,188.74,189.17,188.36,188.63,121629.31
2025-08-26 09:00:00+00:00,188.62,189.02,187.46,188.24,257476.22
2025-08-26 09:15:00+00:00,188.24,189.26,188.19,188.78,205618.27
2025-08-26 09:30:00+00:00,188.78,189.13,187.42,187.52,303735.53
2025-08-26 09:45:00+00:00,187.51,187.98,187.41,187.94,195137.14
2025-08-26 10:00:00+00:00,187.93,188.47,187.93,188.35,122522.57
2025-08-26 10:15:00+00:00,188.35,188.66,187.7,187.9,161737.28
2025-08-26 10:30:00+00:00,187.91,188.63,187.87,188.58,130638.27
2025-08-26 10:45:00+00:00,188.57,188.86,187.98,188.52,188506.4
2025-08-26 11:00:00+00:00,188.52,188.97,188.08,188.39,208742.62
2025-08-26 11:15:00+00:00,188.38,188.39,187.14,187.54,277865.88
2025-08-26 11:30:00+00:00,187.54,187.64,186.54,187.29,351722.0
2025-08-26 11:45:00+00:00,187.29,187.88,187.04,187.87,150827.06
2025-08-26 12:00:00+00:00,187.88,187.96,187.1,187.19,166672.92
2025-08-26 12:15:00+00:00,187.19,187.74,187.06,187.62,147012.43
2025-08-26 12:30:00+00:00,187.61,191.65,187.59,190.74,1213369.73
2025-08-26 12:45:00+00:00,190.73,192.18,188.32,190.44,1459781.41
2025-08-26 13:00:00+00:00,190.44,190.48,188.83,189.39,534130.99
2025-08-26 13:15:00+00:00,189.4,189.74,188.77,189.14,300280.7
2025-08-26 13:30:00+00:00,189.14,191.0,188.71,189.3,871853.23
2025-08-26 13:45:00+00:00,189.3,189.71,187.62,189.35,829624.98
2025-08-26 14:00:00+00:00,189.34,189.95,188.31,188.82,472753.97
2025-08-26 14:15:00+00:00,188.82,190.66,188.65,189.89,470361.29
2025-08-26 14:30:00+00:00,189.89,190.48,189.54,190.29,314942.26
2025-08-26 14:45:00+00:00,190.29,191.74,189.76,191.41,573940.01
2025-08-26 15:00:00+00:00,191.41,192.28,191.0,191.01,656642.62
2025-08-26 15:15:00+00:00,191.02,192.47,190.61,191.28,399338.61
2025-08-26 15:30:00+00:00,191.28,191.34,189.86,189.97,463579.14
2025-08-26 15:45:00+00:00,189.98,190.94,189.97,190.68,218289.42
2025-08-26 16:00:00+00:00,190.68,191.27,190.5,190.71,221486.08
2025-08-26 16:15:00+00:00,190.71,191.97,190.71,191.8,282026.63
2025-08-26 16:30:00+00:00,191.79,192.8,191.45,192.57,356274.84
2025-08-26 16:45:00+00:00,192.57,193.67,192.23,193.59,425561.05
2025-08-26 17:00:00+00:00,193.58,193.83,192.92,193.81,356302.17
2025-08-26 17:15:00+00:00,193.81,194.18,193.38,193.74,276858.53
2025-08-26 17:30:00+00:00,193.74,193.81,192.17,192.45,428316.92
2025-08-26 17:45:00+00:00,192.45,193.65,192.18,193.64,345870.1
2025-08-26 18:00:00+00:00,193.64,194.05,193.41,193.77,249035.02
2025-08-26 18:15:00+00:00,193.77,194.47,193.63,194.37,256286.86
2025-08-26 18:30:00+00:00,194.37,195.14,193.92,194.8,418195.56
2025-08-26 18:45:00+00:00,194.8,195.33,194.46,194.77,240194.33
2025-08-26 19:00:00+00:00,194.78,195.08,194.23,195.04,208841.03
2025-08-26 19:15:00+00:00,195.04,196.35,194.79,196.32,386747.77
2025-08-26 19:30:00+00:00,196.32,196.35,195.52,195.65,208880.52
2025-08-26 19:45:00+00:00,195.65,197.55,195.63,197.37,496325.96
2025-08-26 20:00:00+00:00,197.36,197.36,196.32,197.09,273722.46
2025-08-26 20:15:00+00:00,197.08,197.66,196.86,197.46,225563.61
2025-08-26 20:30:00+00:00,197.45,197.51,196.26,196.47,197660.47
2025-08-26 20:45:00+00:00,196.47,196.74,195.78,196.26,206453.13
2025-08-26 21:00:00+00:00,196.27,196.29,195.51,195.66,232702.9
2025-08-26 21:15:00+00:00,195.67,196.05,195.31,195.42,151638.02
2025-08-26 21:30:00+00:00,195.43,196.64,195.42,195.68,205412.29
2025-08-26 21:45:00+00:00,195.68,196.79,195.57,196.72,125667.1
2025-08-26 22:00:00+00:00,196.71,196.94,196.11,196.54,218219.21
2025-08-26 22:15:00+00:00,196.55,197.22,195.96,196.17,171059.75
2025-08-26 22:30:00+00:00,196.17,196.62,195.74,195.87,186292.93
2025-08-26 22:45:00+00:00,195.88,196.67,195.67,196.65,102747.3
2025-08-26 23:00:00+00:00,196.64,198.07,196.35,197.63,347684.12
2025-08-26 23:15:00+00:00,197.62,197.62,196.61,196.64,176208.14
2025-08-26 23:30:00+00:00,196.64,196.72,195.66,196.15,391064.9
2025-08-26 23:45:00+00:00,196.15,196.15,195.52,195.77,101566.63
2025-08-27 00:00:00+00:00,195.78,195.86,195.06,195.33,182229.46
2025-08-27 00:15:00+00:00,195.33,195.8,195.02,195.1,143740.61
2025-08-27 00:30:00+00:00,195.11,196.17,195.11,195.46,155047.8
2025-08-27 00:45:00+00:00,195.46,195.6,194.27,194.57,432479.88
2025-08-27 01:00:00+00:00,194.57,194.75,193.71,194.49,434901.82
2025-08-27 01:15:00+00:00,194.5,195.07,194.06,195.03,245119.36
2025-08-27 01:30:00+00:00,195.03,196.06,194.89,195.1,249733.33
2025-08-27 01:45:00+00:00,195.11,196.77,195.0,196.21,334853.66
2025-08-27 02:00:00+00:00,196.22,196.45,195.55,196.14,188899.79
2025-08-27 02:15:00+00:00,196.15,199.37,196.08,198.19,940338.36
2025-08-27 02:30:00+00:00,198.19,199.72,198.07,199.28,480414.98
2025-08-27 02:45:00+00:00,199.27,199.27,198.01,198.23,307472.74
2025-08-27 03:00:00+00:00,198.23,198.74,197.75,197.81,248458.4
2025-08-27 03:15:00+00:00,197.82,197.98,196.86,197.53,312131.13
2025-08-27 03:30:00+00:00,197.53,199.0,197.49,198.64,337338.73
2025-08-27 03:45:00+00:00,198.65,202.88,198.65,201.91,1282680.36
2025-08-27 04:00:00+00:00,201.9,205.86,201.66,204.56,1215858.23
2025-08-27 04:15:00+00:00,204.56,205.6,204.11,204.33,735447.54
2025-08-27 04:30:00+00:00,204.33,205.41,204.18,205.25,429732.99
2025-08-27 04:45:00+00:00,205.24,205.67,204.5,205.14,463054.62
2025-08-27 05:00:00+00:00,205.15,205.33,203.45,204.13,538479.47
2025-08-27 05:15:00+00:00,204.13,204.78,202.83,203.01,451984.51
2025-08-27 05:30:00+00:00,203.02,203.42,202.5,203.07,372413.97
2025-08-27 05:45:00+00:00,203.08,203.63,202.66,202.84,319037.93
2025-08-27 06:00:00+00:00,202.84,203.35,202.3,203.07,284904.4
2025-08-27 06:15:00+00:00,203.06,203.62,202.6,203.36,265657.48
2025-08-27 06:30:00+00:00,203.35,204.12,202.95,202.99,356984.61
2025-08-27 06:45:00+00:00,202.98,203.09,201.82,202.18,401146.84
2025-08-27 07:00:00+00:00,202.18,202.68,201.88,202.28,301357.08
2025-08-27 07:15:00+00:00,202.27,202.34,200.79,201.14,472720.73
2025-08-27 07:30:00+00:00,201.14,201.83,200.73,201.36,427364.96
2025-08-27 07:45:00+00:00,201.37,202.63,201.14,202.37,413153.38
2025-08-27 08:00:00+00:00,202.38,203.34,201.94,202.19,379461.45
2025-08-27 08:15:00+00:00,202.19,202.41,201.55,201.91,231752.21
2025-08-27 08:30:00+00:00,201.9,202.48,201.66,202.06,155641.93
2025-08-27 08:45:00+00:00,202.06,203.67,201.49,203.44,455353.04
2025-08-27 09:00:00+00:00,203.44,204.36,203.02,203.81,448396.34
2025-08-27 09:15:00+00:00,203.81,204.6,203.78,204.5,295927.74
2025-08-27 09:30:00+00:00,204.49,205.13,203.6,203.98,351647.87
2025-08-27 09:45:00+00:00,203.98,204.42,203.7,203.85,174657.38
2025-08-27 10:00:00+00:00,203.86,204.71,203.77,204.63,190767.59
2025-08-27 10:15:00+00:00,204.63,205.37,204.02,204.5,633088.83
2025-08-27 10:30:00+00:00,204.51,204.85,203.22,203.78,396513.18
2025-08-27 10:45:00+00:00,203.78,204.47,203.5,204.03,225740.01
2025-08-27 11:00:00+00:00,204.02,205.31,204.02,204.92,291165.55
2025-08-27 11:15:00+00:00,204.91,205.18,204.25,204.56,193153.45
2025-08-27 11:30:00+00:00,204.56,205.16,204.37,204.6,200110.03
2025-08-27 11:45:00+00:00,204.6,205.32,204.57,204.95,237997.39
2025-08-27 12:00:00+00:00,204.94,205.58,203.6,204.37,455993.81
2025-08-27 12:15:00+00:00,204.38,204.52,203.83,203.94,218054.15
2025-08-27 12:30:00+00:00,203.94,204.65,203.08,203.32,339076.49
2025-08-27 12:45:00+00:00,203.33,204.76,203.26,204.59,305892.03
2025-08-27 13:00:00+00:00,204.59,204.69,203.8,204.05,236219.24
2025-08-27 13:15:00+00:00,204.05,204.2,203.65,203.7,182785.78
2025-08-27 13:30:00+00:00,203.7,205.79,202.48,204.57,1004105.09
2025-08-27 13:45:00+00:00,204.56,205.95,204.19,204.38,710775.24
2025-08-27 14:00:00+00:00,204.38,204.99,203.26,204.46,442508.93
2025-08-27 14:15:00+00:00,204.45,205.92,204.06,205.8,479944.18
2025-08-27 14:30:00+00:00,205.8,207.97,205.63,207.02,1283614.27
2025-08-27 14:45:00+00:00,207.02,207.94,205.79,206.67,879894.84
2025-08-27 15:00:00+00:00,206.68,208.94,206.2,208.71,854023.8
2025-08-27 15:15:00+00:00,208.71,209.43,206.81,207.36,827729.46
2025-08-27 15:30:00+00:00,207.36,207.71,206.3,207.6,545300.67
2025-08-27 15:45:00+00:00,207.6,208.82,207.41,208.6,464999.86
2025-08-27 16:00:00+00:00,208.61,208.94,207.5,207.98,329347.45
2025-08-27 16:15:00+00:00,207.98,208.93,207.14,207.58,482562.6
2025-08-27 16:30:00+00:00,207.58,207.7,206.55,207.52,447460.35
2025-08-27 16:45:00+00:00,207.5,209.07,207.2,207.88,388408.74
2025-08-27 17:00:00+00:00,207.87,208.19,207.37,207.94,263823.34
2025-08-27 17:15:00+00:00,207.95,209.16,207.59,208.71,304706.66
2025-08-27 17:30:00+00:00,208.71,209.86,208.65,209.84,434732.31
2025-08-27 17:45:00+00:00,209.85,209.98,208.99,209.13,251098.85
2025-08-27 18:00:00+00:00,209.12,210.32,208.83,210.02,408721.97
2025-08-27 18:15:00+00:00,210.02,211.75,209.8,211.07,710317.28
2025-08-27 18:30:00+00:00,211.07,212.11,210.52,210.89,577626.97
2025-08-27 18:45:00+00:00,210.89,211.33,208.15,208.35,670790.54
2025-08-27 19:00:00+00:00,208.35,209.3,205.95,206.31,1578695.76
2025-08-27 19:15:00+00:00,206.32,207.85,206.12,207.02,551264.24
2025-08-27 19:30:00+00:00,207.02,208.11,206.93,207.08,345556.99
2025-08-27 19:45:00+00:00,207.08,207.17,206.23,206.38,493277.89
2025-08-27 20:00:00+00:00,206.38,206.58,203.04,204.85,1795781.02
2025-08-27 20:15:00+00:00,204.84,208.0,202.95,206.22,2873371.32
2025-08-27 20:30:00+00:00,206.22,209.42,205.92,208.17,1684425.08
2025-08-27 20:45:00+00:00,208.17,208.72,206.93,208.54,574956.85
2025-08-27 21:00:00+00:00,208.55,208.73,207.37,207.77,404227.37
2025-08-27 21:15:00+00:00,207.78,208.26,205.64,206.23,519730.62
2025-08-27 21:30:00+00:00,206.23,206.88,204.85,206.1,320164.21
2025-08-27 21:45:00+00:00,206.09,206.35,204.79,205.59,246844.69
2025-08-27 22:00:00+00:00,205.6,205.72,203.34,204.04,702826.34
2025-08-27 22:15:00+00:00,204.04,204.82,203.67,204.22,320131.06
2025-08-27 22:30:00+00:00,204.21,205.46,204.1,205.36,404002.69
2025-08-27 22:45:00+00:00,205.37,205.39,204.09,204.31,215767.29
2025-08-27 23:00:00+00:00,204.3,205.37,204.09,204.51,252620.37
2025-08-27 23:15:00+00:00,204.51,204.86,203.72,204.36,228247.93
2025-08-27 23:30:00+00:00,204.35,204.8,202.65,202.77,384979.68
2025-08-27 23:45:00+00:00,202.77,203.46,202.5,202.94,315195.98
2025-08-28 00:00:00+00:00,202.94,204.5,202.8,204.39,382604.08
2025-08-28 00:15:00+00:00,204.38,204.88,202.88,203.69,477759.04
2025-08-28 00:30:00+00:00,203.69,203.81,201.66,203.71,629600.29
2025-08-28 00:45:00+00:00,203.7,205.1,202.6,203.92,691902.04
2025-08-28 01:00:00+00:00,203.92,204.34,203.15,204.0,367954.66
2025-08-28 01:15:00+00:00,204.0,205.13,203.93,204.38,393979.99
2025-08-28 01:30:00+00:00,204.38,205.94,204.38,205.31,386247.35
2025-08-28 01:45:00+00:00,205.32,206.37,204.93,205.83,230558.04
2025-08-28 02:00:00+00:00,205.84,206.6,205.2,205.33,301803.8
2025-08-28 02:15:00+00:00,205.32,207.82,205.25,207.38,465118.41
2025-08-28 02:30:00+00:00,207.37,207.58,206.46,206.57,235218.51
2025-08-28 02:45:00+00:00,206.58,206.96,205.88,206.17,157344.51
2025-08-28 03:00:00+00:00,206.17,207.59,205.95,207.19,258709.71
2025-08-28 03:15:00+00:00,207.18,207.51,206.61,207.35,143318.8
2025-08-28 03:30:00+00:00,207.34,207.96,207.12,207.34,242021.73
2025-08-28 03:45:00+00:00,207.35,208.28,206.93,208.07,262459.7
2025-08-28 04:00:00+00:00,208.07,208.79,207.39,208.78,363909.22
2025-08-28 04:15:00+00:00,208.79,209.48,208.24,209.22,409083.27
2025-08-28 04:30:00+00:00,209.21,210.76,209.09,210.19,536208.62
2025-08-28 04:45:00+00:00,210.18,212.46,210.09,212.0,1099697.52
2025-08-28 05:00:00+00:00,212.0,213.21,211.3,211.54,739892.32
2025-08-28 05:15:00+00:00,211.54,212.36,210.85,211.76,648021.66
2025-08-28 05:30:00+00:00,211.76,212.3,211.36,211.38,309256.27
2025-08-28 05:45:00+00:00,211.39,211.88,210.66,211.58,465419.38
2025-08-28 06:00:00+00:00,211.58,211.67,209.68,210.08,462466.52
2025-08-28 06:15:00+00:00,210.08,210.75,209.7,210.75,331222.55
2025-08-28 06:30:00+00:00,210.74,211.16,210.07,210.87,331216.38
2025-08-28 06:45:00+00:00,210.87,211.91,210.38,211.61,464838.82
2025-08-28 07:00:00+00:00,211.61,212.3,211.2,211.74,382062.0
2025-08-28 07:15:00+00:00,211.73,212.28,210.43,211.17,469611.92
2025-08-28 07:30:00+00:00,211.18,211.52,210.5,211.29,200698.62
2025-08-28 07:45:00+00:00,211.29,213.36,211.22,213.04,473097.17
2025-08-28 08:00:00+00:00,213.03,216.23,213.0,215.57,1930911.03
2025-08-28 08:15:00+00:00,215.57,216.49,214.32,214.45,757283.79
2025-08-28 08:30:00+00:00,214.48,215.36,214.05,214.1,424849.5
2025-08-28 08:45:00+00:00,214.11,214.21,213.33,214.18,549234.9
2025-08-28 09:00:00+00:00,214.17,214.26,212.73,212.99,520567.15
2025-08-28 09:15:00+00:00,213.0,213.25,212.58,213.09,314604.46
2025-08-28 09:30:00+00:00,213.09,213.15,212.33,212.49,255484.62
2025-08-28 09:45:00+00:00,212.49,212.72,211.45,211.58,505006.43
2025-08-28 10:00:00+00:00,211.59,212.68,211.34,212.6,443129.18
2025-08-28 10:15:00+00:00,212.59,212.61,211.7,212.6,248740.35
2025-08-28 10:30:00+00:00,212.6,213.75,212.3,213.33,521738.6
2025-08-28 10:45:00+00:00,213.32,213.88,212.82,213.86,225680.45
2025-08-28 11:00:00+00:00,213.87,213.9,212.42,212.55,253329.4
2025-08-28 11:15:00+00:00,212.55,213.6,212.5,213.54,176964.35
2025-08-28 11:30:00+00:00,213.54,213.72,212.57,212.72,251490.93
2025-08-28 11:45:00+00:00,212.72,213.13,212.31,213.07,318592.51
2025-08-28 12:00:00+00:00,213.08,213.48,212.45,212.69,193454.68
2025-08-28 12:15:00+00:00,212.69,213.19,211.86,212.37,341641.45
2025-08-28 12:30:00+00:00,212.38,214.28,211.94,213.83,765434.17
2025-08-28 12:45:00+00:00,213.82,214.2,212.95,213.06,464795.41
2025-08-28 13:00:00+00:00,213.06,213.85,212.42,213.85,351097.77
2025-08-28 13:15:00+00:00,213.84,215.99,213.62,215.27,853882.7
2025-08-28 13:30:00+00:00,215.27,216.87,214.75,215.0,1390827.75
2025-08-28 13:45:00+00:00,215.01,215.13,212.11,212.66,1409186.9
2025-08-28 14:00:00+00:00,212.67,215.07,211.58,214.25,1153667.07
2025-08-28 14:15:00+00:00,214.25,214.9,212.95,213.03,565343.26
2025-08-28 14:30:00+00:00,213.04,215.22,212.59,214.44,702914.99
2025-08-28 14:45:00+00:00,214.45,215.92,214.09,215.52,518001.26
2025-08-28 15:00:00+00:00,215.53,215.97,214.16,214.26,496129.42
2025-08-28 15:15:00+00:00,214.26,215.0,211.85,212.17,1054415.22
2025-08-28 15:30:00+00:00,212.17,212.66,210.49,211.09,1008100.56
2025-08-28 15:45:00+00:00,211.09,211.18,210.1,210.99,921005.35
2025-08-28 16:00:00+00:00,210.99,212.4,210.9,212.39,615531.58
2025-08-28 16:15:00+00:00,212.4,213.91,212.34,212.85,744420.45
2025-08-28 16:30:00+00:00,212.85,213.09,211.86,212.21,314343.23
2025-08-28 16:45:00+00:00,212.2,212.35,207.03,207.4,1328686.38
2025-08-28 17:00:00+00:00,207.4,209.3,207.22,208.9,1014575.4
2025-08-28 17:15:00+00:00,208.9,210.28,208.56,210.01,530600.94
2025-08-28 17:30:00+00:00,210.0,210.59,209.1,210.46,319738.08
2025-08-28 17:45:00+00:00,210.46,210.56,209.79,210.31,269908.03
2025-08-28 18:00:00+00:00,210.31,210.7,209.5,209.88,314076.18
2025-08-28 18:15:00+00:00,209.88,211.63,209.41,211.47,400701.91
2025-08-28 18:30:00+00:00,211.47,212.12,211.11,211.46,309549.48
2025-08-28 18:45:00+00:00,211.45,212.68,210.93,211.98,493290.4
2025-08-28 19:00:00+00:00,211.97,212.96,211.75,212.23,282641.88
2025-08-28 19:15:00+00:00,212.23,212.23,211.19,211.85,367881.7
2025-08-28 19:30:00+00:00,211.85,212.05,209.95,210.26,486755.0
2025-08-28 19:45:00+00:00,210.26,210.96,209.7,209.88,426343.42
2025-08-28 20:00:00+00:00,209.88,211.44,209.56,211.3,411913.96
2025-08-28 20:15:00+00:00,211.29,212.55,211.14,212.2,365623.83
2025-08-28 20:30:00+00:00,212.2,213.05,211.65,212.85,278018.56
2025-08-28 20:45:00+00:00,212.84,213.59,212.23,213.13,386891.01
2025-08-28 21:00:00+00:00,213.14,213.89,212.95,213.19,227071.76
2025-08-28 21:15:00+00:00,213.18,213.3,211.89,212.17,385841.23
2025-08-28 21:30:00+00:00,212.17,212.62,211.79,212.5,130959.77
2025-08-28 21:45:00+00:00,212.49,213.66,212.27,213.62,148288.83
2025-08-28 22:00:00+00:00,213.62,214.72,213.46,213.86,309614.39
2025-08-28 22:15:00+00:00,213.85,214.99,213.72,214.88,247714.46
2025-08-28 22:30:00+00:00,214.87,215.73,214.13,214.5,385184.26
2025-08-28 22:45:00+00:00,214.5,214.91,213.91,214.13,158200.01
2025-08-28 23:00:00+00:00,214.12,215.22,213.87,214.17,256465.35
2025-08-28 23:15:00+00:00,214.18,214.64,213.62,213.9,250696.09
2025-08-28 23:30:00+00:00,213.9,215.12,213.6,214.56,350678.24
2025-08-28 23:45:00+00:00,214.55,215.0,213.82,214.29,201406.41
2025-08-29 00:00:00+00:00,214.3,215.84,213.95,215.28,420277.07
2025-08-29 00:15:00+00:00,215.28,217.95,214.57,217.3,940495.91
2025-08-29 00:30:00+00:00,217.3,217.52,214.8,215.02,697640.74
2025-08-29 00:45:00+00:00,215.02,215.36,214.17,214.96,332172.4
2025-08-29 01:00:00+00:00,214.97,215.34,213.26,213.73,451685.24
2025-08-29 01:15:00+00:00,213.73,213.86,212.0,212.6,549499.47
2025-08-29 01:30:00+00:00,212.6,214.69,212.6,214.68,564531.49
2025-08-29 01:45:00+00:00,214.68,214.89,213.33,213.36,324840.04
2025-08-29 02:00:00+00:00,213.37,216.37,212.67,216.1,541072.17
2025-08-29 02:15:00+00:00,216.1,217.46,215.0,216.55,682439.7
2025-08-29 02:30:00+00:00,216.55,216.84,215.6,216.16,446058.15
2025-08-29 02:45:00+00:00,216.17,216.43,215.17,215.24,318142.02
2025-08-29 03:00:00+00:00,215.25,215.82,214.11,214.56,427915.43
2025-08-29 03:15:00+00:00,214.56,216.39,214.5,215.86,270953.82
2025-08-29 03:30:00+00:00,215.86,217.17,215.18,216.55,360028.33
2025-08-29 03:45:00+00:00,216.56,217.77,216.24,216.77,441900.74
2025-08-29 04:00:00+00:00,216.76,217.36,216.11,216.16,284277.3
2025-08-29 04:15:00+00:00,216.17,217.86,216.11,217.45,373977.7
2025-08-29 04:30:00+00:00,217.45,217.79,217.0,217.55,244336.64
2025-08-29 04:45:00+00:00,217.56,217.78,215.9,217.0,464980.63
2025-08-29 05:00:00+00:00,217.0,217.13,215.7,215.86,350019.64
2025-08-29 05:15:00+00:00,215.86,215.94,214.54,214.98,471771.81
2025-08-29 05:30:00+00:00,214.98,215.82,214.56,215.44,368675.83
2025-08-29 05:45:00+00:00,215.45,216.42,215.08,215.71,324149.52
2025-08-29 06:00:00+00:00,215.7,216.12,213.78,213.85,473135.97
2025-08-29 06:15:00+00:00,213.86,214.02,213.04,213.14,249494.92
2025-08-29 06:30:00+00:00,213.14,216.3,213.03,215.33,603442.39
2025-08-29 06:45:00+00:00,215.31,215.31,212.62,212.63,643393.32
2025-08-29 07:00:00+00:00,212.63,212.63,208.52,208.61,2049028.22
2025-08-29 07:15:00+00:00,208.62,210.0,207.73,208.92,1241190.78
2025-08-29 07:30:00+00:00,208.92,210.39,208.38,209.06,1125842.63
2025-08-29 07:45:00+00:00,209.06,209.69,207.9,208.73,658313.71
2025-08-29 08:00:00+00:00,208.73,209.96,207.65,207.85,732902.15
2025-08-29 08:15:00+00:00,207.85,208.41,206.55,207.84,928811.71
2025-08-29 08:30:00+00:00,207.85,208.94,207.54,208.27,704136.82
2025-08-29 08:45:00+00:00,208.27,208.67,206.01,206.75,692765.9
2025-08-29 09:00:00+00:00,206.75,206.78,205.24,206.06,849206.24
2025-08-29 09:15:00+00:00,206.06,207.8,205.85,207.27,637130.0
2025-08-29 09:30:00+00:00,207.27,207.39,206.26,206.52,327158.5
2025-08-29 09:45:00+00:00,206.51,207.79,206.42,207.6,388596.27
2025-08-29 10:00:00+00:00,207.6,208.84,207.35,208.2,533179.71
2025-08-29 10:15:00+00:00,208.2,209.32,207.84,208.86,356199.43
2025-08-29 10:30:00+00:00,208.87,208.87,207.59,207.81,513447.06
2025-08-29 10:45:00+00:00,207.8,208.05,206.77,207.47,360696.22
2025-08-29 11:00:00+00:00,207.47,209.2,206.61,208.7,533033.39
2025-08-29 11:15:00+00:00,208.7,208.8,207.75,208.16,302211.2
2025-08-29 11:30:00+00:00,208.16,208.24,207.0,207.05,344502.98
2025-08-29 11:45:00+00:00,207.05,207.69,207.05,207.55,175370.72
2025-08-29 12:00:00+00:00,207.55,208.57,207.03,208.55,314263.33
2025-08-29 12:15:00+00:00,208.54,209.36,207.92,209.28,537643.72
2025-08-29 12:30:00+00:00,209.28,215.0,209.27,210.93,2970193.52
2025-08-29 12:45:00+00:00,210.93,212.22,210.53,211.8,673741.77
2025-08-29 13:00:00+00:00,211.79,211.9,210.32,211.28,395788.26
2025-08-29 13:15:00+00:00,211.27,211.56,209.81,210.87,442272.67
2025-08-29 13:30:00+00:00,210.86,211.88,209.66,209.85,1255113.31
2025-08-29 13:45:00+00:00,209.85,210.67,207.6,208.91,1530656.07
2025-08-29 14:00:00+00:00,208.92,210.94,206.64,208.47,1598995.6
2025-08-29 14:15:00+00:00,208.47,210.45,207.59,209.37,1024383.67
2025-08-29 14:30:00+00:00,209.37,210.43,208.75,209.04,642649.76
2025-08-29 14:45:00+00:00,209.03,210.11,206.93,207.42,854803.78
2025-08-29 15:00:00+00:00,207.42,209.3,207.09,208.45,461311.79
2025-08-29 15:15:00+00:00,208.45,210.45,208.44,208.94,626710.8
2025-08-29 15:30:00+00:00,208.95,209.53,207.61,208.06,642170.38
2025-08-29 15:45:00+00:00,208.05,208.55,203.67,204.33,1525487.84
2025-08-29 16:00:00+00:00,204.34,205.36,202.64,204.87,1816571.12
2025-08-29 16:15:00+00:00,204.88,205.2,203.77,204.64,585871.53
2025-08-29 16:30:00+00:00,204.63,205.4,204.21,204.74,330391.15
2025-08-29 16:45:00+00:00,204.74,205.11,203.92,204.74,285636.46
2025-08-29 17:00:00+00:00,204.73,204.82,202.75,202.95,592858.96
2025-08-29 17:15:00+00:00,202.95,203.81,201.93,202.78,862474.12
2025-08-29 17:30:00+00:00,202.79,203.72,202.53,203.71,317567.36
2025-08-29 17:45:00+00:00,203.72,204.19,202.35,202.4,320371.0
2025-08-29 18:00:00+00:00,202.4,203.16,201.61,202.47,430705.24
2025-08-29 18:15:00+00:00,202.47,202.79,201.22,201.69,496451.79
2025-08-29 18:30:00+00:00,201.68,202.3,201.28,202.11,306589.69
2025-08-29 18:45:00+00:00,202.1,202.46,201.7,202.01,301575.16
2025-08-29 19:00:00+00:00,202.01,203.48,201.56,203.01,414499.17
2025-08-29 19:15:00+00:00,203.01,204.44,202.92,204.02,442466.5
2025-08-29 19:30:00+00:00,204.03,204.35,202.98,203.91,265415.74
2025-08-29 19:45:00+00:00,203.9,204.45,202.6,202.87,443504.95
2025-08-29 20:00:00+00:00,202.87,203.44,201.7,202.04,459796.79
2025-08-29 20:15:00+00:00,202.04,202.64,201.47,201.52,416925.41
2025-08-29 20:30:00+00:00,201.51,201.95,200.61,201.63,468602.67
2025-08-29 20:45:00+00:00,201.63,202.18,200.67,200.94,382593.76
2025-08-29 21:00:00+00:00,200.94,201.52,199.74,201.1,638884.54
2025-08-29 21:15:00+00:00,201.1,201.89,200.32,201.86,261306.27
2025-08-29 21:30:00+00:00,201.87,203.83,201.87,203.62,532915.24
2025-08-29 21:45:00+00:00,203.62,203.96,203.01,203.66,222104.7
2025-08-29 22:00:00+00:00,203.66,203.81,202.47,202.47,174092.32
2025-08-29 22:15:00+00:00,202.47,203.4,202.32,203.36,150523.13
2025-08-29 22:30:00+00:00,203.37,203.88,202.74,202.75,195023.48
2025-08-29 22:45:00+00:00,202.75,203.09,202.43,203.04,108407.65
2025-08-29 23:00:00+00:00,203.04,204.12,203.03,204.08,268489.7
2025-08-29 23:15:00+00:00,204.09,204.93,204.01,204.55,452547.84
2025-08-29 23:30:00+00:00,204.56,204.98,204.36,204.66,217015.17
2025-08-29 23:45:00+00:00,204.65,205.42,204.26,204.98,319315.45
2025-08-30 00:00:00+00:00,204.97,205.06,204.13,204.3,253772.07
2025-08-30 00:15:00+00:00,204.31,205.29,204.07,204.51,180153.28
2025-08-30 00:30:00+00:00,204.52,204.64,203.43,203.76,405249.99
2025-08-30 00:45:00+00:00,203.76,205.01,203.76,204.91,277851.37
2025-08-30 01:00:00+00:00,204.9,205.08,204.44,204.67,163022.49
2025-08-30 01:15:00+00:00,204.66,204.99,203.45,203.56,232837.48
2025-08-30 01:30:00+00:00,203.56,204.1,203.16,203.43,244290.67
2025-08-30 01:45:00+00:00,203.43,203.49,200.93,201.09,754496.75
2025-08-30 02:00:00+00:00,201.1,202.7,200.6,202.57,603391.72
2025-08-30 02:15:00+00:00,202.57,203.0,201.93,202.56,206144.35
2025-08-30 02:30:00+00:00,202.56,203.37,202.5,203.24,184155.49
2025-08-30 02:45:00+00:00,203.24,203.6,202.94,203.23,172290.98
2025-08-30 03:00:00+00:00,203.24,204.94,203.08,204.83,335259.35
2025-08-30 03:15:00+00:00,204.84,206.5,204.67,205.88,628663.49
2025-08-30 03:30:00+00:00,205.87,206.57,205.5,205.72,434440.25
2025-08-30 03:45:00+00:00,205.72,206.36,205.22,205.52,320694.8
2025-08-30 04:00:00+00:00,205.52,206.09,205.12,205.75,192207.79
2025-08-30 04:15:00+00:00,205.75,206.33,205.52,206.26,175445.67
2025-08-30 04:30:00+00:00,206.26,206.46,205.24,205.42,194197.79
2025-08-30 04:45:00+00:00,205.42,205.66,204.58,204.59,237135.71
2025-08-30 05:00:00+00:00,204.58,205.58,204.3,205.06,290364.54
2025-08-30 05:15:00+00:00,205.05,205.77,204.99,205.41,135124.48
2025-08-30 05:30:00+00:00,205.4,206.99,205.25,206.68,406939.91
2025-08-30 05:45:00+00:00,206.67,206.8,205.96,206.02,295919.3
2025-08-30 06:00:00+00:00,206.02,206.59,205.59,205.68,182725.58
2025-08-30 06:15:00+00:00,205.67,205.89,205.21,205.39,179919.95
2025-08-30 06:30:00+00:00,205.39,206.1,205.26,206.06,132854.86
2025-08-30 06:45:00+00:00,206.06,206.17,204.89,204.98,335553.85
2025-08-30 07:00:00+00:00,204.99,205.43,204.64,205.34,199640.38
2025-08-30 07:15:00+00:00,205.34,205.56,204.55,204.88,178991.96
2025-08-30 07:30:00+00:00,204.87,205.32,204.34,205.31,182304.71
2025-08-30 07:45:00+00:00,205.3,205.34,204.65,205.0,189699.34
2025-08-30 08:00:00+00:00,205.0,205.2,204.46,204.93,178785.15
2025-08-30 08:15:00+00:00,204.94,205.1,204.54,204.97,149872.06
2025-08-30 08:30:00+00:00,204.97,205.46,204.55,204.69,223429.25
2025-08-30 08:45:00+00:00,204.68,204.7,202.5,202.92,672344.19
2025-08-30 09:00:00+00:00,202.92,203.27,202.21,202.3,335670.45
2025-08-30 09:15:00+00:00,202.3,202.91,202.3,202.47,164475.18
2025-08-30 09:30:00+00:00,202.48,202.53,201.53,201.84,364678.59
2025-08-30 09:45:00+00:00,201.84,202.78,201.56,202.31,242342.1
2025-08-30 10:00:00+00:00,202.32,203.17,202.1,202.68,257519.64
2025-08-30 10:15:00+00:00,202.67,203.19,202.57,202.6,190165.99
2025-08-30 10:30:00+00:00,202.59,202.76,201.65,202.14,229718.84
2025-08-30 10:45:00+00:00,202.15,202.65,201.96,202.64,146558.84
2025-08-30 11:00:00+00:00,202.64,202.78,202.16,202.69,111237.09
2025-08-30 11:15:00+00:00,202.7,202.7,202.16,202.3,121201.18
2025-08-30 11:30:00+00:00,202.3,202.4,201.62,202.22,216454.45
2025-08-30 11:45:00+00:00,202.21,202.77,202.14,202.52,118563.54
2025-08-30 12:00:00+00:00,202.52,202.61,201.91,202.13,109830.62
2025-08-30 12:15:00+00:00,202.14,202.14,200.73,200.98,432388.52
2025-08-30 12:30:00+00:00,200.99,201.05,199.16,199.99,945785.64
2025-08-30 12:45:00+00:00,199.98,200.75,199.91,200.51,379769.84
2025-08-30 13:00:00+00:00,200.51,200.56,197.43,197.96,1239748.92
2025-08-30 13:15:00+00:00,197.96,198.65,197.5,198.65,390072.03
2025-08-30 13:30:00+00:00,198.65,199.11,198.04,198.19,321725.61
2025-08-30 13:45:00+00:00,198.19,199.29,197.87,199.04,291664.03
2025-08-30 14:00:00+00:00,199.04,199.22,198.32,198.43,197830.45
2025-08-30 14:15:00+00:00,198.43,198.94,198.13,198.91,203347.18
2025-08-30 14:30:00+00:00,198.9,199.58,198.86,199.38,301399.88
2025-08-30 14:45:00+00:00,199.37,200.43,199.24,199.84,425824.15
2025-08-30 15:00:00+00:00,199.84,200.12,199.36,199.96,166795.79
2025-08-30 15:15:00+00:00,199.96,200.66,199.89,200.23,321753.56
2025-08-30 15:30:00+00:00,200.24,201.16,199.65,201.15,357111.72
2025-08-30 15:45:00+00:00,201.15,201.59,200.49,200.94,295966.92
2025-08-30 16:00:00+00:00,200.95,200.95,199.8,199.97,324653.49
2025-08-30 16:15:00+00:00,199.97,200.13,199.64,199.96,151639.85
2025-08-30 16:30:00+00:00,199.97,200.76,199.8,200.55,165965.08
2025-08-30 16:45:00+00:00,200.55,200.9,200.18,200.26,129196.52
2025-08-30 17:00:00+00:00,200.27,201.29,200.15,201.27,229589.91
2025-08-30 17:15:00+00:00,201.27,201.49,200.56,201.02,198809.09
2025-08-30 17:30:00+00:00,201.02,201.15,200.36,200.39,171672.45
2025-08-30 17:45:00+00:00,200.39,200.99,199.89,200.82,170769.13
2025-08-30 18:00:00+00:00,200.82,201.51,200.72,201.03,202242.24
2025-08-30 18:15:00+00:00,201.03,201.11,200.41,201.03,139519.25
2025-08-30 18:30:00+00:00,201.03,201.13,200.46,200.87,87149.46
2025-08-30 18:45:00+00:00,200.87,201.4,200.82,200.94,87430.31
2025-08-30 19:00:00+00:00,200.94,201.23,200.83,201.02,70404.88
2025-08-30 19:15:00+00:00,201.02,201.32,200.53,201.16,92401.08
2025-08-30 19:30:00+00:00,201.17,201.36,200.6,201.22,91300.89
2025-08-30 19:45:00+00:00,201.22,201.24,200.72,201.16,57761.11
2025-08-30 20:00:00+00:00,201.16,201.22,200.2,200.42,136407.12
2025-08-30 20:15:00+00:00,200.43,200.57,200.03,200.38,104240.61
2025-08-30 20:30:00+00:00,200.37,200.42,199.62,200.1,120049.41
2025-08-30 20:45:00+00:00,200.1,200.59,199.78,200.57,66807.19
2025-08-30 21:00:00+00:00,200.57,201.2,200.13,201.09,119543.61
2025-08-30 21:15:00+00:00,201.09,201.1,200.07,200.48,177956.68
2025-08-30 21:30:00+00:00,200.47,200.62,200.23,200.6,43423.27
2025-08-30 21:45:00+00:00,200.61,200.85,200.41,200.53,31189.69
2025-08-30 22:00:00+00:00,200.53,200.62,199.96,200.19,88373.74
2025-08-30 22:15:00+00:00,200.18,201.03,200.18,200.9,115697.6
2025-08-30 22:30:00+00:00,200.9,201.04,200.6,200.86,61602.81
2025-08-30 22:45:00+00:00,200.86,201.38,200.84,201.34,72958.85
2025-08-30 23:00:00+00:00,201.35,202.09,201.26,201.84,244313.77
2025-08-30 23:15:00+00:00,201.84,203.21,201.76,202.76,354573.31
2025-08-30 23:30:00+00:00,202.77,203.1,202.5,202.85,217677.93
2025-08-30 23:45:00+00:00,202.85,202.86,202.33,202.59,113253.48
2025-08-31 00:00:00+00:00,202.59,203.57,202.58,203.26,309939.21
2025-08-31 00:15:00+00:00,203.26,203.75,202.68,203.66,235971.75
2025-08-31 00:30:00+00:00,203.67,204.66,203.53,204.62,512842.67
2025-08-31 00:45:00+00:00,204.62,205.85,204.22,205.32,668667.53
2025-08-31 01:00:00+00:00,205.33,205.58,204.13,204.29,316163.28
2025-08-31 01:15:00+00:00,204.29,204.86,204.1,204.7,236288.4
2025-08-31 01:30:00+00:00,204.7,206.29,204.63,206.2,613345.87
2025-08-31 01:45:00+00:00,206.21,206.64,205.91,206.29,268882.24
2025-08-31 02:00:00+00:00,206.29,206.56,205.45,205.59,230845.95
2025-08-31 02:15:00+00:00,205.59,205.96,205.5,205.7,127756.39
2025-08-31 02:30:00+00:00,205.7,205.83,205.01,205.04,185185.06
2025-08-31 02:45:00+00:00,205.04,205.3,204.79,204.96,126809.48
2025-08-31 03:00:00+00:00,204.97,205.52,204.96,205.04,186536.03
2025-08-31 03:15:00+00:00,205.04,205.17,204.74,204.8,170698.04
2025-08-31 03:30:00+00:00,204.79,205.51,204.72,205.37,126166.57
2025-08-31 03:45:00+00:00,205.37,205.59,205.03,205.48,120503.71
2025-08-31 04:00:00+00:00,205.48,205.57,205.0,205.27,158662.8
2025-08-31 04:15:00+00:00,205.27,205.27,204.22,204.23,255046.69
2025-08-31 04:30:00+00:00,204.23,204.52,203.68,203.82,282389.54
2025-08-31 04:45:00+00:00,203.83,204.36,203.36,204.34,279804.1
2025-08-31 05:00:00+00:00,204.33,204.84,203.87,204.62,196497.56
2025-08-31 05:15:00+00:00,204.61,204.71,203.83,203.86,130709.3
2025-08-31 05:30:00+00:00,203.85,204.54,203.83,204.35,75087.04
2025-08-31 05:45:00+00:00,204.34,204.55,203.95,204.55,74609.97
2025-08-31 06:00:00+00:00,204.55,204.78,204.37,204.51,82027.41
2025-08-31 06:15:00+00:00,204.51,204.52,203.5,203.65,176093.71
2025-08-31 06:30:00+00:00,203.65,203.9,203.16,203.49,212864.77
2025-08-31 06:45:00+00:00,203.5,203.5,202.66,202.88,221917.65
2025-08-31 07:00:00+00:00,202.88,203.82,202.85,203.56,171934.99
2025-08-31 07:15:00+00:00,203.57,203.76,203.31,203.75,91088.19
2025-08-31 07:30:00+00:00,203.75,203.84,203.23,203.7,70116.23
2025-08-31 07:45:00+00:00,203.7,203.7,203.32,203.44,61579.92
2025-08-31 08:00:00+00:00,203.44,204.22,203.41,203.89,147429.52
2025-08-31 08:15:00+00:00,203.89,204.73,203.88,204.34,251067.48
2025-08-31 08:30:00+00:00,204.33,204.91,204.0,204.88,132433.09
2025-08-31 08:45:00+00:00,204.89,205.77,204.59,205.71,293051.68
2025-08-31 09:00:00+00:00,205.7,205.74,204.89,204.94,171561.0
2025-08-31 09:15:00+00:00,204.93,205.41,204.65,204.86,194209.03
2025-08-31 09:30:00+00:00,204.85,205.33,204.65,204.72,185978.19
2025-08-31 09:45:00+00:00,204.73,204.73,203.79,203.96,284313.67
2025-08-31 10:00:00+00:00,203.96,204.44,203.48,203.72,170138.43
2025-08-31 10:15:00+00:00,203.71,203.86,203.12,203.57,208427.53
2025-08-31 10:30:00+00:00,203.56,203.76,202.83,202.99,175364.55
2025-08-31 10:45:00+00:00,203.0,203.77,202.64,203.46,221975.98
2025-08-31 11:00:00+00:00,203.46,203.7,203.0,203.14,101783.74
2025-08-31 11:15:00+00:00,203.14,203.55,202.06,203.42,341167.74
2025-08-31 11:30:00+00:00,203.41,203.76,202.78,203.33,182615.35
2025-08-31 11:45:00+00:00,203.32,203.67,203.02,203.55,117012.25
2025-08-31 12:00:00+00:00,203.56,203.72,202.58,202.69,137095.13
2025-08-31 12:15:00+00:00,202.68,203.04,202.33,202.45,155039.89
2025-08-31 12:30:00+00:00,202.44,203.23,202.37,203.13,304735.9
2025-08-31 12:45:00+00:00,203.13,203.56,202.62,203.3,132387.86
2025-08-31 13:00:00+00:00,203.29,203.73,202.63,202.7,258946.3
2025-08-31 13:15:00+00:00,202.69,203.54,202.56,202.72,143843.65
2025-08-31 13:30:00+00:00,202.72,202.98,201.71,202.28,302300.21
2025-08-31 13:45:00+00:00,202.27,202.59,201.6,202.01,241495.39
2025-08-31 14:00:00+00:00,202.01,202.44,201.39,201.94,269336.35
2025-08-31 14:15:00+00:00,201.94,202.5,201.65,202.39,140610.47
2025-08-31 14:30:00+00:00,202.4,203.27,202.35,203.26,292483.83
2025-08-31 14:45:00+00:00,203.27,203.86,203.16,203.65,237262.24
2025-08-31 15:00:00+00:00,203.65,204.8,203.52,204.05,441143.18
2025-08-31 15:15:00+00:00,204.04,204.45,203.69,203.97,202256.79
2025-08-31 15:30:00+00:00,203.97,204.46,203.49,204.38,265997.15
2025-08-31 15:45:00+00:00,204.37,204.58,204.04,204.48,159215.68
2025-08-31 16:00:00+00:00,204.49,204.51,203.74,204.4,292175.67
2025-08-31 16:15:00+00:00,204.39,204.51,203.59,203.97,204115.9
2025-08-31 16:30:00+00:00,203.97,204.87,203.62,204.87,235378.15
2025-08-31 16:45:00+00:00,204.87,205.24,204.38,205.02,212627.38
2025-08-31 17:00:00+00:00,205.02,205.21,204.62,205.02,115634.03
2025-08-31 17:15:00+00:00,205.02,205.45,204.4,205.32,282435.01
2025-08-31 17:30:00+00:00,205.31,205.54,204.84,204.95,112565.19
2025-08-31 17:45:00+00:00,204.95,205.25,204.73,204.85,75965.82
2025-08-31 18:00:00+00:00,204.85,205.1,204.55,205.08,91725.64
2025-08-31 18:15:00+00:00,205.08,205.3,204.82,205.0,91559.7
2025-08-31 18:30:00+00:00,204.99,205.52,204.79,205.17,154402.96
2025-08-31 18:45:00+00:00,205.17,205.6,205.16,205.56,111006.97
2025-08-31 19:00:00+00:00,205.55,205.97,204.84,204.87,248347.63
2025-08-31 19:15:00+00:00,204.87,205.1,204.52,204.58,209709.98
2025-08-31 19:30:00+00:00,204.58,204.98,204.5,204.82,79503.94
2025-08-31 19:45:00+00:00,204.82,204.82,204.33,204.53,73733.45
2025-08-31 20:00:00+00:00,204.53,205.13,204.22,204.69,135994.48
2025-08-31 20:15:00+00:00,204.7,204.94,204.46,204.89,70288.33
2025-08-31 20:30:00+00:00,204.89,205.06,204.52,204.54,49848.59
2025-08-31 20:45:00+00:00,204.54,204.81,204.37,204.75,42705.27
2025-08-31 21:00:00+00:00,204.75,204.75,204.18,204.65,74985.25
2025-08-31 21:15:00+00:00,204.66,205.04,204.48,204.78,57020.87
2025-08-31 21:30:00+00:00,204.78,205.12,204.66,205.08,70398.22
2025-08-31 21:45:00+00:00,205.09,205.35,204.91,205.29,50012.9
2025-08-31 22:00:00+00:00,205.3,205.42,204.31,204.95,169847.7
2025-08-31 22:15:00+00:00,204.95,205.72,204.88,205.41,109703.54
2025-08-31 22:30:00+00:00,205.41,205.47,203.68,203.76,226197.82
2025-08-31 22:45:00+00:00,203.76,204.11,203.3,203.64,253050.63
2025-08-31 23:00:00+00:00,203.65,203.82,203.04,203.4,258766.38
2025-08-31 23:15:00+00:00,203.41,203.41,202.24,202.35,363684.74
2025-08-31 23:30:00+00:00,202.36,202.38,200.51,200.6,773470.32
2025-08-31 23:45:00+00:00,200.6,201.11,200.2,200.57,383655.13
2025-09-01 00:00:00+00:00,200.57,200.81,199.1,199.95,716651.21
2025-09-01 00:15:00+00:00,199.95,200.43,198.52,198.98,581549.37
2025-09-01 00:30:00+00:00,198.99,200.38,198.39,200.13,538472.82
2025-09-01 00:45:00+00:00,200.14,201.3,199.68,200.35,494737.21
2025-09-01 01:00:00+00:00,200.35,201.0,199.78,200.41,309201.11
2025-09-01 01:15:00+00:00,200.41,201.92,199.8,201.82,291398.79
2025-09-01 01:30:00+00:00,201.83,202.43,201.27,201.89,426492.56
2025-09-01 01:45:00+00:00,201.89,202.26,200.58,200.86,320600.62
2025-09-01 02:00:00+00:00,200.87,201.18,199.88,200.15,361576.87
2025-09-01 02:15:00+00:00,200.16,200.19,197.62,198.89,916188.05
2025-09-01 02:30:00+00:00,198.9,198.95,197.8,198.26,456512.01
2025-09-01 02:45:00+00:00,198.26,198.51,195.81,197.44,1213899.33
2025-09-01 03:00:00+00:00,197.44,198.09,196.9,197.08,377917.59
2025-09-01 03:15:00+00:00,197.08,197.92,196.81,197.91,306989.31
2025-09-01 03:30:00+00:00,197.91,198.44,197.32,198.23,258932.59
2025-09-01 03:45:00+00:00,198.22,198.65,197.72,198.3,277109.06
2025-09-01 04:00:00+00:00,198.3,198.39,197.5,198.04,230921.94
2025-09-01 04:15:00+00:00,198.05,198.25,197.16,197.9,307003.31
2025-09-01 04:30:00+00:00,197.9,197.96,196.81,196.99,369623.74
2025-09-01 04:45:00+00:00,197.0,197.69,196.69,197.44,191206.42
2025-09-01 05:00:00+00:00,197.44,197.89,196.55,197.1,239184.39
2025-09-01 05:15:00+00:00,197.1,198.17,196.69,197.96,239377.76
2025-09-01 05:30:00+00:00,197.96,198.87,197.8,198.71,291995.88
2025-09-01 05:45:00+00:00,198.7,198.84,198.18,198.31,149514.87
2025-09-01 06:00:00+00:00,198.31,198.51,197.42,198.02,238202.84
2025-09-01 06:15:00+00:00,198.02,199.08,197.67,198.74,425817.41
2025-09-01 06:30:00+00:00,198.74,199.28,198.39,199.27,224162.4
2025-09-01 06:45:00+00:00,199.28,199.37,198.67,198.69,157049.03
2025-09-01 07:00:00+00:00,198.68,199.19,197.87,197.95,324787.07
2025-09-01 07:15:00+00:00,197.95,200.0,197.74,199.81,519570.57
2025-09-01 07:30:00+00:00,199.8,201.21,199.69,200.52,587346.72
2025-09-01 07:45:00+00:00,200.52,202.85,200.51,202.84,770423.16
2025-09-01 08:00:00+00:00,202.83,204.45,202.81,203.12,1136204.32
2025-09-01 08:15:00+00:00,203.11,203.4,202.3,202.35,502518.48
2025-09-01 08:30:00+00:00,202.36,203.0,202.32,202.84,194054.06
2025-09-01 08:45:00+00:00,202.84,203.5,202.57,203.0,201777.61
2025-09-01 09:00:00+00:00,202.99,203.66,202.83,203.62,260187.69
2025-09-01 09:15:00+00:00,203.63,203.67,202.62,202.7,150277.04
2025-09-01 09:30:00+00:00,202.69,202.94,201.74,201.99,380599.25
2025-09-01 09:45:00+00:00,201.98,202.03,200.88,200.93,410692.66
2025-09-01 10:00:00+00:00,200.93,201.5,200.55,201.29,338081.75
2025-09-01 10:15:00+00:00,201.28,201.39,200.13,200.25,213438.63
2025-09-01 10:30:00+00:00,200.26,200.3,198.23,199.01,655134.75
2025-09-01 10:45:00+00:00,199.0,199.4,198.4,199.39,298690.03
2025-09-01 11:00:00+00:00,199.39,199.57,198.89,199.01,277256.15
2025-09-01 11:15:00+00:00,199.02,199.39,198.81,199.1,177393.82
2025-09-01 11:30:00+00:00,199.1,199.23,198.55,198.58,203754.97
2025-09-01 11:45:00+00:00,198.59,199.38,198.59,199.29,148871.38
2025-09-01 12:00:00+00:00,199.3,199.79,198.68,199.61,225105.09
2025-09-01 12:15:00+00:00,199.62,200.22,199.27,199.89,176355.12
2025-09-01 12:30:00+00:00,199.89,200.39,199.51,199.54,230772.29
2025-09-01 12:45:00+00:00,199.55,200.0,199.16,199.52,177057.72
2025-09-01 13:00:00+00:00,199.53,200.27,198.96,199.82,270836.97
2025-09-01 13:15:00+00:00,199.82,201.08,199.26,200.69,362791.78
2025-09-01 13:30:00+00:00,200.69,200.78,199.53,199.6,222117.69
2025-09-01 13:45:00+00:00,199.6,200.12,198.81,199.6,260717.83
2025-09-01 14:00:00+00:00,199.6,200.65,199.47,200.42,278011.09
2025-09-01 14:15:00+00:00,200.41,200.61,199.76,200.0,124741.04
2025-09-01 14:30:00+00:00,200.0,200.15,199.17,199.72,146526.54
2025-09-01 14:45:00+00:00,199.72,200.35,198.97,200.14,221510.59
2025-09-01 15:00:00+00:00,200.14,200.82,199.36,199.81,249303.22
2025-09-01 15:15:00+00:00,199.82,200.17,198.75,199.06,235307.71
2025-09-01 15:30:00+00:00,199.06,199.28,198.25,198.32,274532.95
2025-09-01 15:45:00+00:00,198.32,198.86,197.55,198.26,348098.87
2025-09-01 16:00:00+00:00,198.25,198.6,197.34,198.58,283913.61
2025-09-01 16:15:00+00:00,198.59,198.91,197.95,198.4,173818.13
2025-09-01 16:30:00+00:00,198.41,198.6,197.57,198.25,211984.63
2025-09-01 16:45:00+00:00,198.25,198.83,197.91,198.46,137869.29
2025-09-01 17:00:00+00:00,198.46,199.04,197.33,197.91,284694.18
2025-09-01 17:15:00+00:00,197.91,198.51,197.41,198.01,195853.96
2025-09-01 17:30:00+00:00,198.01,198.28,197.2,197.92,259327.77
2025-09-01 17:45:00+00:00,197.91,198.75,197.41,198.46,219304.33
2025-09-01 18:00:00+00:00,198.46,199.18,198.33,199.0,231742.97
2025-09-01 18:15:00+00:00,199.0,199.28,198.53,198.74,141948.32
2025-09-01 18:30:00+00:00,198.75,199.2,198.36,199.02,92399.94
2025-09-01 18:45:00+00:00,199.03,199.44,198.8,199.14,103574.94
2025-09-01 19:00:00+00:00,199.14,199.69,199.04,199.52,117444.52
2025-09-01 19:15:00+00:00,199.53,199.79,199.09,199.09,112335.43
2025-09-01 19:30:00+00:00,199.09,199.9,199.08,199.83,89700.91
2025-09-01 19:45:00+00:00,199.84,200.09,199.52,200.08,102340.1
2025-09-01 20:00:00+00:00,200.08,200.1,199.39,199.6,109151.34
2025-09-01 20:15:00+00:00,199.61,199.69,199.23,199.59,108877.31
2025-09-01 20:30:00+00:00,199.59,199.73,196.32,196.43,619003.38
2025-09-01 20:45:00+00:00,196.42,197.7,196.02,197.63,764161.49
2025-09-01 21:00:00+00:00,197.64,197.7,196.43,197.0,394412.34
2025-09-01 21:15:00+00:00,197.01,197.4,195.63,195.93,468192.86
2025-09-01 21:30:00+00:00,195.94,196.1,194.5,194.57,671674.12
2025-09-01 21:45:00+00:00,194.56,195.46,194.31,194.97,348563.34
2025-09-01 22:00:00+00:00,194.97,195.11,194.33,194.58,379596.57
2025-09-01 22:15:00+00:00,194.58,195.44,194.48,194.59,255140.56
2025-09-01 22:30:00+00:00,194.59,195.2,194.06,194.21,268577.42
2025-09-01 22:45:00+00:00,194.2,195.88,194.06,195.67,338131.42
2025-09-01 23:00:00+00:00,195.66,196.45,195.65,196.23,412471.81
2025-09-01 23:15:00+00:00,196.22,196.25,195.57,196.19,155278.74
2025-09-01 23:30:00+00:00,196.19,196.4,195.38,196.38,137328.28
2025-09-01 23:45:00+00:00,196.38,197.37,196.3,197.22,318424.96
2025-09-02 00:00:00+00:00,197.21,197.45,196.67,196.89,219847.69
2025-09-02 00:15:00+00:00,196.88,197.85,196.82,197.13,200381.37
2025-09-02 00:30:00+00:00,197.13,197.92,196.94,197.03,154557.01
2025-09-02 00:45:00+00:00,197.04,197.91,196.9,197.64,137438.33
2025-09-02 01:00:00+00:00,197.64,198.15,197.28,197.66,171243.77
2025-09-02 01:15:00+00:00,197.66,198.62,197.13,198.14,353243.68
2025-09-02 01:30:00+00:00,198.13,199.63,197.56,199.52,434921.46
2025-09-02 01:45:00+00:00,199.53,199.95,199.09,199.17,464647.25
2025-09-02 02:00:00+00:00,199.16,199.95,198.86,199.48,215574.66
2025-09-02 02:15:00+00:00,199.48,200.47,198.74,199.78,423803.56
2025-09-02 02:30:00+00:00,199.77,200.38,199.34,200.2,200104.54
2025-09-02 02:45:00+00:00,200.2,202.33,200.14,202.15,536794.6
2025-09-02 03:00:00+00:00,202.16,202.93,201.72,202.7,578046.3
2025-09-02 03:15:00+00:00,202.69,203.3,202.0,202.21,403091.99
2025-09-02 03:30:00+00:00,202.22,202.34,201.51,201.83,322113.67
2025-09-02 03:45:00+00:00,201.83,202.35,201.72,201.78,242357.03
2025-09-02 04:00:00+00:00,201.79,202.13,201.33,201.98,241599.46
2025-09-02 04:15:00+00:00,201.97,202.55,201.72,202.3,241112.63
2025-09-02 04:30:00+00:00,202.3,202.83,202.19,202.51,191825.91
2025-09-02 04:45:00+00:00,202.5,203.1,202.12,202.92,158095.92
2025-09-02 05:00:00+00:00,202.92,203.07,201.84,202.54,254807.95
2025-09-02 05:15:00+00:00,202.54,202.93,202.34,202.61,146449.17
2025-09-02 05:30:00+00:00,202.62,203.0,202.53,202.66,134646.5
2025-09-02 05:45:00+00:00,202.66,203.44,202.65,203.19,225357.69
2025-09-02 06:00:00+00:00,203.19,204.37,203.05,203.87,538994.11
2025-09-02 06:15:00+00:00,203.86,204.26,203.57,203.78,173212.3
2025-09-02 06:30:00+00:00,203.78,204.36,203.59,204.06,162047.18
2025-09-02 06:45:00+00:00,204.06,204.2,203.75,204.02,147805.63
2025-09-02 07:00:00+00:00,204.02,204.1,203.05,203.13,373258.89
2025-09-02 07:15:00+00:00,203.12,203.49,202.52,202.97,333514.11
2025-09-02 07:30:00+00:00,202.97,203.36,202.56,202.68,203069.74
2025-09-02 07:45:00+00:00,202.67,203.03,201.76,202.03,439896.09
2025-09-02 08:00:00+00:00,202.03,202.89,201.95,202.65,297681.77
2025-09-02 08:15:00+00:00,202.65,203.5,202.58,203.36,277510.48
2025-09-02 08:30:00+00:00,203.36,203.56,202.89,203.31,213199.88
2025-09-02 08:45:00+00:00,203.31,203.85,202.97,203.02,287383.73
2025-09-02 09:00:00+00:00,203.02,204.11,202.72,203.73,278438.98
2025-09-02 09:15:00+00:00,203.72,203.97,203.12,203.26,174836.81
2025-09-02 09:30:00+00:00,203.27,204.21,202.99,204.06,236261.0
2025-09-02 09:45:00+00:00,204.07,204.3,203.73,204.29,133036.62
2025-09-02 10:00:00+00:00,204.3,204.36,203.55,203.96,174263.11
2025-09-02 10:15:00+00:00,203.97,204.16,203.47,203.56,209914.44
2025-09-02 10:30:00+00:00,203.56,203.84,203.3,203.72,145500.45
2025-09-02 10:45:00+00:00,203.72,203.83,203.42,203.61,107267.12
2025-09-02 11:00:00+00:00,203.61,203.68,202.52,202.55,260093.9
2025-09-02 11:15:00+00:00,202.54,203.01,202.34,202.46,318817.07
2025-09-02 11:30:00+00:00,202.46,203.02,202.46,202.7,186449.15
2025-09-02 11:45:00+00:00,202.71,202.86,201.6,201.9,337087.89
2025-09-02 12:00:00+00:00,201.9,202.17,200.35,200.46,661447.52
2025-09-02 12:15:00+00:00,200.46,200.95,200.11,200.66,378871.95
2025-09-02 12:30:00+00:00,200.65,200.91,198.56,198.83,638516.33
2025-09-02 12:45:00+00:00,198.84,198.88,197.25,197.86,1032705.85
2025-09-02 13:00:00+00:00,197.86,199.54,197.71,198.91,639199.58
2025-09-02 13:15:00+00:00,198.91,200.06,198.45,199.31,498846.06
2025-09-02 13:30:00+00:00,199.3,202.42,198.35,202.03,1766954.34
2025-09-02 13:45:00+00:00,202.03,204.22,201.74,203.99,1335406.51
2025-09-02 14:00:00+00:00,203.99,205.06,202.6,203.26,1200456.73
2025-09-02 14:15:00+00:00,203.25,204.62,202.65,204.48,588889.14
2025-09-02 14:30:00+00:00,204.48,204.94,203.69,204.06,598191.87
2025-09-02 14:45:00+00:00,204.06,204.5,203.29,204.28,588739.09
2025-09-02 15:00:00+00:00,204.28,204.53,202.58,203.75,528750.47
2025-09-02 15:15:00+00:00,203.75,204.1,202.4,203.27,416351.39
2025-09-02 15:30:00+00:00,203.27,203.34,201.44,201.77,479652.25
2025-09-02 15:45:00+00:00,201.76,202.21,199.66,200.2,914288.4
2025-09-02 16:00:00+00:00,200.19,201.62,200.15,201.23,526048.38
2025-09-02 16:15:00+00:00,201.24,201.92,199.37,199.63,453165.02
2025-09-02 16:30:00+00:00,199.62,201.07,199.61,200.68,381973.38
2025-09-02 16:45:00+00:00,200.68,201.55,200.25,201.41,298281.2
2025-09-02 17:00:00+00:00,201.41,202.66,201.4,201.92,461048.12
2025-09-02 17:15:00+00:00,201.91,204.15,201.81,203.93,511252.75
2025-09-02 17:30:00+00:00,203.93,205.32,203.9,204.65,688337.41
2025-09-02 17:45:00+00:00,204.65,205.14,204.32,204.75,319950.49
2025-09-02 18:00:00+00:00,204.74,204.97,203.63,204.22,516114.05
2025-09-02 18:15:00+00:00,204.23,204.38,203.65,204.0,241389.87
2025-09-02 18:30:00+00:00,204.0,204.33,203.22,204.08,324261.29
2025-09-02 18:45:00+00:00,204.07,206.5,203.3,205.57,869197.07
2025-09-02 19:00:00+00:00,205.57,206.99,205.44,205.46,608991.79
2025-09-02 19:15:00+00:00,205.46,206.12,204.63,204.93,498172.76
2025-09-02 19:30:00+00:00,204.93,205.47,204.32,205.01,252044.18
2025-09-02 19:45:00+00:00,205.01,206.04,204.84,205.44,303372.76
2025-09-02 20:00:00+00:00,205.44,206.14,204.82,206.13,188949.07
2025-09-02 20:15:00+00:00,206.14,208.18,206.1,207.05,671986.81
2025-09-02 20:30:00+00:00,207.05,208.14,206.63,207.55,400777.74
2025-09-02 20:45:00+00:00,207.55,207.55,206.64,206.67,235610.42
2025-09-02 21:00:00+00:00,206.66,207.85,206.57,207.64,188658.64
2025-09-02 21:15:00+00:00,207.65,207.65,206.76,207.06,189956.71
2025-09-02 21:30:00+00:00,207.05,208.02,206.94,207.92,156659.56
2025-09-02 21:45:00+00:00,207.92,207.96,207.03,207.18,117854.87
2025-09-02 22:00:00+00:00,207.19,207.52,206.52,207.51,302811.24
2025-09-02 22:15:00+00:00,207.52,207.79,207.05,207.12,107898.8
2025-09-02 22:30:00+00:00,207.11,208.34,206.79,208.23,238095.85
2025-09-02 22:45:00+00:00,208.23,208.79,207.51,208.57,360976.22
2025-09-02 23:00:00+00:00,208.56,209.55,207.87,208.9,350974.33
2025-09-02 23:15:00+00:00,208.9,209.59,208.34,208.74,356917.55
2025-09-02 23:30:00+00:00,208.75,209.28,208.37,208.62,216621.16
2025-09-02 23:45:00+00:00,208.63,209.57,208.58,209.54,207174.91
2025-09-03 00:00:00+00:00,209.54,210.48,208.77,210.2,500767.48
2025-09-03 00:15:00+00:00,210.2,210.2,209.12,209.4,314735.22
2025-09-03 00:30:00+00:00,209.4,209.82,208.4,209.07,351673.85
2025-09-03 00:45:00+00:00,209.06,209.06,207.83,208.29,413253.89
2025-09-03 01:00:00+00:00,208.3,208.73,207.69,207.83,308018.81
2025-09-03 01:15:00+00:00,207.83,208.68,207.29,207.42,288966.36
2025-09-03 01:30:00+00:00,207.42,208.13,207.42,208.07,198910.37
2025-09-03 01:45:00+00:00,208.07,211.78,207.53,211.38,907639.48
2025-09-03 02:00:00+00:00,211.38,211.91,210.5,211.15,669191.84
2025-09-03 02:15:00+00:00,211.15,211.88,210.66,211.05,405750.07
2025-09-03 02:30:00+00:00,211.04,211.09,210.22,210.53,390118.71
2025-09-03 02:45:00+00:00,210.54,211.65,210.53,211.18,265099.79
2025-09-03 03:00:00+00:00,211.18,211.76,210.73,210.82,268972.88
2025-09-03 03:15:00+00:00,210.83,211.0,210.19,210.27,262778.09
2025-09-03 03:30:00+00:00,210.28,210.41,209.22,209.39,409893.03
2025-09-03 03:45:00+00:00,209.39,210.32,209.34,209.94,232149.35
2025-09-03 04:00:00+00:00,209.93,210.31,209.12,209.41,193818.33
2025-09-03 04:15:00+00:00,209.42,210.1,209.1,209.61,181454.26
2025-09-03 04:30:00+00:00,209.61,210.22,209.55,209.93,132477.81
2025-09-03 04:45:00+00:00,209.93,210.37,209.71,210.16,96710.99
2025-09-03 05:00:00+00:00,210.17,210.39,209.55,210.18,164106.55
2025-09-03 05:15:00+00:00,210.17,210.19,208.81,208.99,279500.76
2025-09-03 05:30:00+00:00,208.99,209.46,208.97,209.21,144638.71
2025-09-03 05:45:00+00:00,209.2,209.4,208.81,208.94,159568.99
2025-09-03 06:00:00+00:00,208.94,209.07,207.84,208.37,490525.7
2025-09-03 06:15:00+00:00,208.38,208.86,208.1,208.73,166916.44
2025-09-03 06:30:00+00:00,208.73,209.33,208.47,208.67,201630.91
2025-09-03 06:45:00+00:00,208.67,208.91,208.04,208.36,140097.77
2025-09-03 07:00:00+00:00,208.37,208.84,208.0,208.64,162904.5
2025-09-03 07:15:00+00:00,208.63,208.64,207.93,208.49,197021.63
2025-09-03 07:30:00+00:00,208.49,209.07,208.24,208.98,176426.15
2025-09-03 07:45:00+00:00,208.98,209.32,208.67,209.25,219937.29
2025-09-03 08:00:00+00:00,209.25,210.25,209.17,210.16,303210.91
2025-09-03 08:15:00+00:00,210.15,210.7,209.48,209.86,283833.68
2025-09-03 08:30:00+00:00,209.85,210.02,209.28,209.76,173736.21
2025-09-03 08:45:00+00:00,209.75,209.88,208.8,209.29,234078.86
2025-09-03 09:00:00+00:00,209.29,209.49,208.14,208.19,422464.74
2025-09-03 09:15:00+00:00,208.2,208.84,208.03,208.55,271727.17
2025-09-03 09:30:00+00:00,208.55,209.23,208.32,209.07,186100.83
2025-09-03 09:45:00+00:00,209.07,209.58,208.62,209.5,242820.79
2025-09-03 10:00:00+00:00,209.49,209.65,208.81,209.33,138527.9
2025-09-03 10:15:00+00:00,209.33,210.22,209.29,210.09,280873.96
2025-09-03 10:30:00+00:00,210.1,210.28,209.7,210.15,274016.73
2025-09-03 10:45:00+00:00,210.15,210.18,209.6,209.8,129968.57
2025-09-03 11:00:00+00:00,209.79,210.78,209.52,210.64,375162.14
2025-09-03 11:15:00+00:00,210.64,210.79,210.21,210.58,250496.64
2025-09-03 11:30:00+00:00,210.58,211.26,210.04,210.81,259448.4
2025-09-03 11:45:00+00:00,210.81,210.88,210.23,210.25,113464.45
2025-09-03 12:00:00+00:00,210.26,211.29,210.26,210.79,315283.45
2025-09-03 12:15:00+00:00,210.78,211.08,210.09,210.22,220587.23
2025-09-03 12:30:00+00:00,210.22,211.0,209.16,209.17,437694.86
2025-09-03 12:45:00+00:00,209.16,209.6,208.68,209.01,476948.64
2025-09-03 13:00:00+00:00,209.01,210.67,208.98,210.5,504308.88
2025-09-03 13:15:00+00:00,210.5,210.95,209.97,210.08,271448.83
2025-09-03 13:30:00+00:00,210.08,212.39,210.08,211.92,789591.38
2025-09-03 13:45:00+00:00,211.92,212.95,211.18,211.51,837967.16
2025-09-03 14:00:00+00:00,211.51,212.57,210.34,210.45,597566.74
2025-09-03 14:15:00+00:00,210.46,211.36,210.22,211.0,474452.12
2025-09-03 14:30:00+00:00,211.0,212.53,210.69,212.23,575023.54
2025-09-03 14:45:00+00:00,212.22,212.38,211.5,211.98,294743.26
2025-09-03 15:00:00+00:00,211.98,212.73,211.52,212.02,531709.77
2025-09-03 15:15:00+00:00,212.03,212.22,211.36,211.47,204783.85
2025-09-03 15:30:00+00:00,211.46,212.14,211.37,211.81,198853.25
2025-09-03 15:45:00+00:00,211.82,211.96,210.79,211.27,287316.71
2025-09-03 16:00:00+00:00,211.26,211.88,210.64,211.08,250897.1
2025-09-03 16:15:00+00:00,211.09,211.16,210.1,210.11,235038.38
2025-09-03 16:30:00+00:00,210.12,210.55,209.62,209.73,261000.1
2025-09-03 16:45:00+00:00,209.72,210.05,209.37,209.85,237274.96
2025-09-03 17:00:00+00:00,209.85,210.86,209.82,210.77,212375.22
2025-09-03 17:15:00+00:00,210.77,211.1,210.51,211.06,174422.69
2025-09-03 17:30:00+00:00,211.07,211.49,210.36,210.43,195080.36
2025-09-03 17:45:00+00:00,210.44,211.27,210.21,210.73,120764.92
2025-09-03 18:00:00+00:00,210.72,211.07,210.5,210.98,104450.82
2025-09-03 18:15:00+00:00,210.97,210.97,209.8,209.89,165234.23
2025-09-03 18:30:00+00:00,209.89,210.24,209.05,209.14,231206.61
2025-09-03 18:45:00+00:00,209.15,209.56,208.72,209.54,269220.07
2025-09-03 19:00:00+00:00,209.54,209.95,209.18,209.5,232840.13
2025-09-03 19:15:00+00:00,209.49,209.83,209.18,209.49,80785.23
2025-09-03 19:30:00+00:00,209.48,209.9,209.24,209.44,103256.15
2025-09-03 19:45:00+00:00,209.44,210.42,209.39,210.29,219028.72
2025-09-03 20:00:00+00:00,210.29,210.38,209.77,209.81,119530.98
2025-09-03 20:15:00+00:00,209.8,209.94,209.22,209.27,119725.17
2025-09-03 20:30:00+00:00,209.27,209.7,209.1,209.59,119094.64
2025-09-03 20:45:00+00:00,209.6,209.88,209.15,209.33,89291.11
2025-09-03 21:00:00+00:00,209.34,209.39,209.04,209.19,50361.74
2025-09-03 21:15:00+00:00,209.19,209.44,208.92,209.11,62108.59
2025-09-03 21:30:00+00:00,209.1,209.13,208.32,208.69,168543.0
2025-09-03 21:45:00+00:00,208.69,209.03,208.28,208.79,100997.98
2025-09-03 22:00:00+00:00,208.78,208.9,208.4,208.79,171598.98
2025-09-03 22:15:00+00:00,208.78,209.35,208.7,208.95,148487.36
2025-09-03 22:30:00+00:00,208.94,209.3,208.73,209.27,70024.09
2025-09-03 22:45:00+00:00,209.26,209.79,209.04,209.79,120094.4
2025-09-03 23:00:00+00:00,209.78,210.13,209.53,209.69,130487.54
2025-09-03 23:15:00+00:00,209.69,210.59,209.61,210.54,121272.62
2025-09-03 23:30:00+00:00,210.54,210.86,209.74,209.91,261682.29
2025-09-03 23:45:00+00:00,209.9,210.72,209.87,210.65,179811.52
2025-09-04 00:00:00+00:00,210.65,211.73,210.35,211.55,252482.11
2025-09-04 00:15:00+00:00,211.54,211.87,211.0,211.29,197091.56
2025-09-04 00:30:00+00:00,211.29,211.31,210.79,210.9,128972.88
2025-09-04 00:45:00+00:00,210.89,211.43,210.69,211.13,117365.14
2025-09-04 01:00:00+00:00,211.13,211.15,210.17,210.18,161896.89
2025-09-04 01:15:00+00:00,210.17,210.26,209.64,209.9,166575.73
2025-09-04 01:30:00+00:00,209.89,210.88,209.81,210.62,201620.67
2025-09-04 01:45:00+00:00,210.62,210.66,210.02,210.3,98755.29
2025-09-04 02:00:00+00:00,210.29,210.46,209.71,209.85,112770.74
2025-09-04 02:15:00+00:00,209.84,209.85,208.08,208.14,412243.29
2025-09-04 02:30:00+00:00,208.14,208.69,207.36,208.36,621325.5
2025-09-04 02:45:00+00:00,208.37,208.76,207.97,208.17,160821.28
2025-09-04 03:00:00+00:00,208.17,208.31,207.53,208.06,248308.21
2025-09-04 03:15:00+00:00,208.07,208.58,207.61,207.68,173391.23
2025-09-04 03:30:00+00:00,207.68,208.15,207.47,208.1,239325.53
2025-09-04 03:45:00+00:00,208.1,208.36,207.76,208.1,137252.79
2025-09-04 04:00:00+00:00,208.09,208.45,207.53,207.95,191432.96
2025-09-04 04:15:00+00:00,207.94,208.31,207.42,207.47,134319.17
2025-09-04 04:30:00+00:00,207.48,207.89,207.45,207.45,132908.05
2025-09-04 04:45:00+00:00,207.45,207.92,206.77,207.06,313054.68
2025-09-04 05:00:00+00:00,207.06,207.09,206.12,206.5,447247.0
2025-09-04 05:15:00+00:00,206.5,206.69,205.56,206.15,551483.99
2025-09-04 05:30:00+00:00,206.16,206.69,205.89,206.03,210992.35
2025-09-04 05:45:00+00:00,206.02,206.77,205.86,206.7,187532.13
2025-09-04 06:00:00+00:00,206.7,207.15,206.3,206.94,236300.41
2025-09-04 06:15:00+00:00,206.93,207.1,206.49,207.06,192353.24
2025-09-04 06:30:00+00:00,207.05,207.08,206.55,206.94,105671.34
2025-09-04 06:45:00+00:00,206.95,206.97,206.21,206.22,182038.79
2025-09-04 07:00:00+00:00,206.23,207.1,206.13,207.08,166319.71
2025-09-04 07:15:00+00:00,207.08,207.37,206.67,206.74,130242.39
2025-09-04 07:30:00+00:00,206.75,206.84,206.33,206.54,92329.46
2025-09-04 07:45:00+00:00,206.54,206.88,206.36,206.55,99826.24
2025-09-04 08:00:00+00:00,206.56,207.67,206.47,207.37,247297.07
2025-09-04 08:15:00+00:00,207.37,207.89,207.2,207.81,202943.48
2025-09-04 08:30:00+00:00,207.81,208.08,207.39,207.44,172951.77
2025-09-04 08:45:00+00:00,207.44,207.48,206.88,206.94,128582.66
2025-09-04 09:00:00+00:00,206.95,208.04,206.94,207.8,189863.9
2025-09-04 09:15:00+00:00,207.8,207.89,207.4,207.48,78787.46
2025-09-04 09:30:00+00:00,207.48,207.85,207.42,207.71,66188.87
2025-09-04 09:45:00+00:00,207.71,208.0,207.5,207.97,83122.32
2025-09-04 10:00:00+00:00,207.98,208.67,207.7,208.37,252845.23
2025-09-04 10:15:00+00:00,208.37,208.5,207.98,207.98,172553.11
2025-09-04 10:30:00+00:00,207.98,208.69,207.91,208.25,131754.6
2025-09-04 10:45:00+00:00,208.25,208.4,207.42,207.42,221217.6
2025-09-04 11:00:00+00:00,207.43,208.0,206.84,207.96,239137.04
2025-09-04 11:15:00+00:00,207.97,208.34,207.42,207.58,115022.44
2025-09-04 11:30:00+00:00,207.58,208.02,207.38,207.76,95948.66
2025-09-04 11:45:00+00:00,207.77,207.95,207.09,207.12,124617.17
2025-09-04 12:00:00+00:00,207.12,207.92,206.95,207.92,170069.2
2025-09-04 12:15:00+00:00,207.91,208.41,207.18,208.02,212136.98
2025-09-04 12:30:00+00:00,208.02,208.4,206.87,207.18,290158.95
2025-09-04 12:45:00+00:00,207.18,208.32,207.06,208.3,191310.98
2025-09-04 13:00:00+00:00,208.29,208.35,207.57,207.67,179940.98
2025-09-04 13:15:00+00:00,207.67,208.39,207.41,207.83,252950.63
2025-09-04 13:30:00+00:00,207.83,208.24,206.9,207.29,445127.47
2025-09-04 13:45:00+00:00,207.29,207.42,206.22,206.98,367817.67
2025-09-04 14:00:00+00:00,206.97,207.65,204.57,205.11,1186385.61
2025-09-04 14:15:00+00:00,205.11,206.23,204.58,206.06,405402.32
2025-09-04 14:30:00+00:00,206.06,206.79,205.63,206.25,316398.96
2025-09-04 14:45:00+00:00,206.25,206.4,205.27,205.28,260609.24
2025-09-04 15:00:00+00:00,205.29,205.34,203.56,204.02,867642.5
2025-09-04 15:15:00+00:00,204.02,204.5,203.6,203.97,497829.93
2025-09-04 15:30:00+00:00,203.97,204.13,203.28,203.76,396951.64
2025-09-04 15:45:00+00:00,203.76,204.29,203.63,203.71,287648.83
2025-09-04 16:00:00+00:00,203.68,204.38,203.55,204.13,282162.07
2025-09-04 16:15:00+00:00,204.13,204.17,203.47,203.69,195147.09
2025-09-04 16:30:00+00:00,203.69,204.1,203.43,203.97,200879.5
2025-09-04 16:45:00+00:00,203.98,204.8,203.92,204.52,265436.24
2025-09-04 17:00:00+00:00,204.51,205.08,204.33,204.39,238274.8
2025-09-04 17:15:00+00:00,204.39,205.02,204.33,204.89,158300.22
2025-09-04 17:30:00+00:00,204.89,204.92,203.94,203.95,114317.76
2025-09-04 17:45:00+00:00,203.95,204.42,203.79,203.85,141242.69
2025-09-04 18:00:00+00:00,203.86,204.59,203.82,204.02,210997.08
2025-09-04 18:15:00+00:00,204.03,204.4,203.01,203.06,254652.89
2025-09-04 18:30:00+00:00,203.06,203.73,202.15,203.08,600171.15
2025-09-04 18:45:00+00:00,203.08,203.33,202.7,202.98,127398.21
2025-09-04 19:00:00+00:00,202.98,203.55,202.8,203.54,110787.57
2025-09-04 19:15:00+00:00,203.53,203.57,202.82,203.34,108175.97
2025-09-04 19:30:00+00:00,203.33,203.45,202.26,202.27,216709.89
2025-09-04 19:45:00+00:00,202.27,202.57,201.7,202.03,388371.62
2025-09-04 20:00:00+00:00,202.02,203.02,201.8,202.88,254583.4
2025-09-04 20:15:00+00:00,202.88,203.66,202.56,203.66,251315.19
2025-09-04 20:30:00+00:00,203.66,203.66,202.84,202.84,123491.52
2025-09-04 20:45:00+00:00,202.85,202.85,202.32,202.52,108947.08
2025-09-04 21:00:00+00:00,202.52,203.27,202.36,203.08,123033.43
2025-09-04 21:15:00+00:00,203.07,203.34,202.78,202.9,100018.92
2025-09-04 21:30:00+00:00,202.91,203.66,202.66,203.55,168147.55
2025-09-04 21:45:00+00:00,203.55,203.92,203.16,203.69,111348.01
2025-09-04 22:00:00+00:00,203.69,204.06,202.93,203.07,208022.48
2025-09-04 22:15:00+00:00,203.07,203.58,202.66,203.47,256617.98
2025-09-04 22:30:00+00:00,203.46,203.7,203.1,203.13,117964.81
2025-09-04 22:45:00+00:00,203.14,204.71,203.1,204.09,259077.1
2025-09-04 23:00:00+00:00,204.09,204.78,203.87,204.24,318413.86
2025-09-04 23:15:00+00:00,204.23,204.3,203.72,203.78,122684.84
2025-09-04 23:30:00+00:00,203.78,203.8,202.9,203.11,161458.57
2025-09-04 23:45:00+00:00,203.12,203.2,202.09,202.23,269414.4
2025-09-05 00:00:00+00:00,202.22,202.7,202.03,202.57,192565.49
2025-09-05 00:15:00+00:00,202.57,202.84,201.61,202.43,192723.52
2025-09-05 00:30:00+00:00,202.44,202.69,201.8,202.01,190007.82
2025-09-05 00:45:00+00:00,202.01,202.13,200.8,201.09,399180.11
2025-09-05 01:00:00+00:00,201.08,201.79,200.85,201.57,224734.13
2025-09-05 01:15:00+00:00,201.58,202.54,201.4,202.45,180417.44
2025-09-05 01:30:00+00:00,202.45,203.48,202.33,203.47,228144.64
2025-09-05 01:45:00+00:00,203.48,203.68,203.09,203.36,165435.77
2025-09-05 02:00:00+00:00,203.36,203.83,203.14,203.25,129611.32
2025-09-05 02:15:00+00:00,203.24,203.51,202.54,203.13,183479.33
2025-09-05 02:30:00+00:00,203.12,203.89,202.93,203.36,254025.98
2025-09-05 02:45:00+00:00,203.37,203.99,203.22,203.92,123750.46
2025-09-05 03:00:00+00:00,203.92,203.93,203.07,203.13,144861.13
2025-09-05 03:15:00+00:00,203.12,203.22,202.5,202.67,139684.25
2025-09-05 03:30:00+00:00,202.66,202.98,202.41,202.96,97418.71
2025-09-05 03:45:00+00:00,202.97,203.57,202.8,203.46,117303.6
2025-09-05 04:00:00+00:00,203.47,203.51,202.95,203.0,58019.23
2025-09-05 04:15:00+00:00,202.99,203.59,202.92,203.27,72820.15
2025-09-05 04:30:00+00:00,203.27,203.7,203.26,203.66,108050.01
2025-09-05 04:45:00+00:00,203.66,204.5,203.6,204.01,250961.82
2025-09-05 05:00:00+00:00,204.01,204.3,203.83,204.2,126621.62
2025-09-05 05:15:00+00:00,204.21,204.61,203.83,204.13,198553.85
2025-09-05 05:30:00+00:00,204.14,204.59,203.81,204.57,188827.41
2025-09-05 05:45:00+00:00,204.56,204.8,204.29,204.56,234571.97
2025-09-05 06:00:00+00:00,204.57,204.61,204.07,204.18,164988.56
2025-09-05 06:15:00+00:00,204.18,204.45,203.76,203.86,150606.32
2025-09-05 06:30:00+00:00,203.87,204.4,203.85,204.33,75719.47
2025-09-05 06:45:00+00:00,204.33,204.74,204.3,204.73,95106.59
2025-09-05 07:00:00+00:00,204.73,205.75,204.63,205.45,454614.36
2025-09-05 07:15:00+00:00,205.45,207.18,205.42,207.13,578552.83
2025-09-05 07:30:00+00:00,207.12,208.0,206.75,207.67,563103.23
2025-09-05 07:45:00+00:00,207.68,208.36,207.56,207.77,587866.59
2025-09-05 08:00:00+00:00,207.77,207.88,206.81,207.08,473275.16
2025-09-05 08:15:00+00:00,207.08,207.29,206.41,207.11,314180.96
2025-09-05 08:30:00+00:00,207.12,207.22,206.5,206.63,183743.62
2025-09-05 08:45:00+00:00,206.63,206.86,206.4,206.47,134028.48
2025-09-05 09:00:00+00:00,206.47,206.85,206.11,206.31,330803.77
2025-09-05 09:15:00+00:00,206.32,206.33,204.59,204.73,478037.96
2025-09-05 09:30:00+00:00,204.73,205.6,204.43,205.31,510340.89
2025-09-05 09:45:00+00:00,205.31,205.77,205.23,205.76,173523.14
2025-09-05 10:00:00+00:00,205.77,206.56,205.6,205.88,349455.81
2025-09-05 10:15:00+00:00,205.88,206.27,205.81,206.02,85897.69
2025-09-05 10:30:00+00:00,206.02,206.47,205.82,205.99,120747.73
2025-09-05 10:45:00+00:00,205.99,206.18,205.7,205.91,88137.69
2025-09-05 11:00:00+00:00,205.91,206.91,205.87,206.42,200910.88
2025-09-05 11:15:00+00:00,206.41,206.89,206.19,206.8,131779.77
2025-09-05 11:30:00+00:00,206.8,206.94,206.48,206.83,158333.26
2025-09-05 11:45:00+00:00,206.83,206.89,206.47,206.55,117678.15
2025-09-05 12:00:00+00:00,206.55,206.7,206.25,206.49,138007.21
2025-09-05 12:15:00+00:00,206.5,207.84,206.49,207.81,426257.06
2025-09-05 12:30:00+00:00,207.81,209.71,204.83,207.46,2411509.59
2025-09-05 12:45:00+00:00,207.45,209.3,206.88,208.94,805902.92
2025-09-05 13:00:00+00:00,208.94,209.29,208.27,208.78,490037.9
2025-09-05 13:15:00+00:00,208.78,209.26,208.38,209.11,326224.09
2025-09-05 13:30:00+00:00,209.1,209.95,208.44,209.37,683658.11
2025-09-05 13:45:00+00:00,209.38,209.95,208.71,209.57,456123.64
2025-09-05 14:00:00+00:00,209.58,209.58,207.67,207.74,624512.44
2025-09-05 14:15:00+00:00,207.75,207.85,204.72,205.05,1753738.93
2025-09-05 14:30:00+00:00,205.04,205.49,202.19,202.94,1752493.97
2025-09-05 14:45:00+00:00,202.94,203.28,201.55,202.13,1125401.39
2025-09-05 15:00:00+00:00,202.13,203.0,201.5,202.69,634299.53
2025-09-05 15:15:00+00:00,202.68,204.2,202.29,203.7,677517.21
2025-09-05 15:30:00+00:00,203.7,204.35,202.66,204.31,434388.68
2025-09-05 15:45:00+00:00,204.32,204.32,203.15,203.43,291873.07
2025-09-05 16:00:00+00:00,203.44,203.45,202.4,203.32,404216.37
2025-09-05 16:15:00+00:00,203.32,203.38,202.4,202.85,188379.14
2025-09-05 16:30:00+00:00,202.86,203.77,202.85,203.76,135929.63
2025-09-05 16:45:00+00:00,203.77,203.99,203.23,203.66,112322.44
2025-09-05 17:00:00+00:00,203.67,203.71,202.88,203.18,163093.91
2025-09-05 17:15:00+00:00,203.18,203.54,202.7,202.73,131969.56
2025-09-05 17:30:00+00:00,202.73,203.3,202.1,202.52,346363.58
2025-09-05 17:45:00+00:00,202.52,202.91,202.2,202.33,153148.46
2025-09-05 18:00:00+00:00,202.33,202.65,201.81,202.01,253022.91
2025-09-05 18:15:00+00:00,202.01,202.96,201.97,202.94,157328.72
2025-09-05 18:30:00+00:00,202.93,203.72,202.69,203.67,255417.97
2025-09-05 18:45:00+00:00,203.67,204.67,203.58,204.25,318290.27
2025-09-05 19:00:00+00:00,204.24,204.83,203.77,204.59,234351.27
2025-09-05 19:15:00+00:00,204.59,205.48,204.5,205.3,376422.76
2025-09-05 19:30:00+00:00,205.31,205.45,204.59,204.7,226455.23
2025-09-05 19:45:00+00:00,204.7,205.38,204.56,205.36,178008.56
2025-09-05 20:00:00+00:00,205.36,205.65,204.33,204.84,314211.13
2025-09-05 20:15:00+00:00,204.84,205.09,204.33,204.96,92400.31
2025-09-05 20:30:00+00:00,204.96,205.49,204.47,205.21,124956.64
2025-09-05 20:45:00+00:00,205.22,205.51,204.82,205.49,90829.64
2025-09-05 21:00:00+00:00,205.48,205.6,204.65,204.99,123451.15
2025-09-05 21:15:00+00:00,205.0,205.12,202.85,204.07,561893.72
2025-09-05 21:30:00+00:00,204.07,204.71,203.45,204.01,178111.34
2025-09-05 21:45:00+00:00,204.0,204.1,202.87,203.03,166785.24
2025-09-05 22:00:00+00:00,203.02,203.43,202.6,202.95,164516.89
2025-09-05 22:15:00+00:00,202.96,203.41,202.93,203.04,53859.14
2025-09-05 22:30:00+00:00,203.03,204.15,202.93,204.1,128467.42
2025-09-05 22:45:00+00:00,204.11,204.3,203.9,204.06,75991.54
2025-09-05 23:00:00+00:00,204.05,204.42,203.91,204.19,51133.98
2025-09-05 23:15:00+00:00,204.19,204.38,203.82,203.82,68151.71
2025-09-05 23:30:00+00:00,203.82,203.85,203.44,203.75,79112.65
2025-09-05 23:45:00+00:00,203.74,203.75,203.21,203.3,44212.97
2025-09-06 00:00:00+00:00,203.29,203.8,203.1,203.74,90164.65
2025-09-06 00:15:00+00:00,203.74,204.22,203.64,203.96,83538.65
2025-09-06 00:30:00+00:00,203.96,204.18,203.7,203.71,75846.74
2025-09-06 00:45:00+00:00,203.72,204.1,203.57,203.81,63747.97
2025-09-06 01:00:00+00:00,203.81,203.81,203.41,203.76,53076.35
2025-09-06 01:15:00+00:00,203.76,204.01,203.59,203.67,59863.46
2025-09-06 01:30:00+00:00,203.68,204.24,203.5,204.2,74944.79
2025-09-06 01:45:00+00:00,204.21,204.59,204.14,204.32,88922.28
2025-09-06 02:00:00+00:00,204.33,204.6,203.8,203.82,57024.3
2025-09-06 02:15:00+00:00,203.81,203.88,203.05,203.51,190087.92
2025-09-06 02:30:00+00:00,203.5,203.77,203.27,203.52,61919.83
2025-09-06 02:45:00+00:00,203.53,204.29,203.5,204.25,68601.92
2025-09-06 03:00:00+00:00,204.25,204.29,203.88,203.89,44942.7
2025-09-06 03:15:00+00:00,203.88,204.5,203.88,204.33,76275.73
2025-09-06 03:30:00+00:00,204.33,204.36,203.92,204.14,61091.22
2025-09-06 03:45:00+00:00,204.13,204.13,203.74,203.98,48903.21
2025-09-06 04:00:00+00:00,203.99,203.99,203.32,203.45,69706.77
2025-09-06 04:15:00+00:00,203.46,203.72,203.28,203.6,61195.15
2025-09-06 04:30:00+00:00,203.6,203.62,203.1,203.12,108318.9
2025-09-06 04:45:00+00:00,203.13,203.48,203.1,203.14,76732.3
2025-09-06 05:00:00+00:00,203.14,203.27,203.02,203.2,80660.24
2025-09-06 05:15:00+00:00,203.21,203.22,202.6,202.69,140003.15
2025-09-06 05:30:00+00:00,202.68,202.87,202.22,202.31,137794.19
2025-09-06 05:45:00+00:00,202.32,202.42,202.02,202.16,172468.88
2025-09-06 06:00:00+00:00,202.17,202.6,202.04,202.56,95161.18
2025-09-06 06:15:00+00:00,202.56,202.56,202.1,202.3,98255.87
2025-09-06 06:30:00+00:00,202.31,202.55,202.19,202.32,80183.04
2025-09-06 06:45:00+00:00,202.31,202.5,202.29,202.39,34986.41
2025-09-06 07:00:00+00:00,202.38,202.76,202.31,202.75,53740.14
2025-09-06 07:15:00+00:00,202.75,202.9,202.52,202.9,78790.59
2025-09-06 07:30:00+00:00,202.89,203.17,202.76,203.14,85657.82
2025-09-06 07:45:00+00:00,203.14,203.15,202.79,202.92,54080.42
2025-09-06 08:00:00+00:00,202.92,203.09,202.54,202.63,98480.85
2025-09-06 08:15:00+00:00,202.64,203.09,202.58,202.99,50518.03
2025-09-06 08:30:00+00:00,203.0,203.39,203.0,203.3,84827.19
2025-09-06 08:45:00+00:00,203.29,203.48,203.14,203.39,54055.16
2025-09-06 09:00:00+00:00,203.38,203.38,202.89,202.89,101123.6
2025-09-06 09:15:00+00:00,202.89,203.24,202.82,202.84,57781.89
2025-09-06 09:30:00+00:00,202.83,203.15,202.73,203.15,52473.43
2025-09-06 09:45:00+00:00,203.15,203.2,202.56,202.6,98992.5
2025-09-06 10:00:00+00:00,202.59,202.84,202.41,202.58,76731.06
2025-09-06 10:15:00+00:00,202.58,202.71,202.32,202.53,64964.3
2025-09-06 10:30:00+00:00,202.52,203.05,202.45,202.98,84141.18
2025-09-06 10:45:00+00:00,202.99,203.0,202.7,202.8,93391.1
2025-09-06 11:00:00+00:00,202.79,202.8,202.5,202.74,64905.02
2025-09-06 11:15:00+00:00,202.73,202.84,202.02,202.3,139483.14
2025-09-06 11:30:00+00:00,202.31,202.33,201.8,202.08,170540.32
2025-09-06 11:45:00+00:00,202.08,202.49,202.07,202.29,73144.51
2025-09-06 12:00:00+00:00,202.3,202.63,202.13,202.46,76036.92
2025-09-06 12:15:00+00:00,202.47,202.71,202.4,202.65,53003.24
2025-09-06 12:30:00+00:00,202.65,202.79,202.12,202.33,94913.98
2025-09-06 12:45:00+00:00,202.33,202.56,202.12,202.2,65175.75
2025-09-06 13:00:00+00:00,202.19,202.41,201.91,202.03,87895.33
2025-09-06 13:15:00+00:00,202.04,202.25,201.91,201.95,67439.3
2025-09-06 13:30:00+00:00,201.95,201.95,201.29,201.55,333250.54
2025-09-06 13:45:00+00:00,201.54,202.36,201.5,202.21,150267.84
2025-09-06 14:00:00+00:00,202.21,202.56,202.01,202.05,122730.1
2025-09-06 14:15:00+00:00,202.05,202.24,201.76,202.21,117081.76
2025-09-06 14:30:00+00:00,202.22,202.42,202.05,202.31,59424.81
2025-09-06 14:45:00+00:00,202.31,202.31,201.76,201.94,72338.17
2025-09-06 15:00:00+00:00,201.95,202.02,201.4,201.4,164793.29
2025-09-06 15:15:00+00:00,201.41,202.19,201.39,202.06,110432.09
2025-09-06 15:30:00+00:00,202.06,202.14,201.54,201.65,120976.3
2025-09-06 15:45:00+00:00,201.66,201.66,200.82,201.15,285829.79
2025-09-06 16:00:00+00:00,201.15,201.63,200.93,201.28,235247.53
2025-09-06 16:15:00+00:00,201.27,201.55,200.64,201.52,261017.94
2025-09-06 16:30:00+00:00,201.52,201.87,201.4,201.68,163659.0
2025-09-06 16:45:00+00:00,201.68,202.27,201.42,201.52,199053.38
2025-09-06 17:00:00+00:00,201.52,201.71,201.31,201.51,91983.17
2025-09-06 17:15:00+00:00,201.51,201.58,201.05,201.07,99893.62
2025-09-06 17:30:00+00:00,201.06,201.25,199.74,199.94,553060.91
2025-09-06 17:45:00+00:00,199.95,200.23,199.5,200.04,295797.95
2025-09-06 18:00:00+00:00,200.04,200.69,199.79,200.49,200885.19
2025-09-06 18:15:00+00:00,200.5,200.59,200.16,200.31,108967.75
2025-09-06 18:30:00+00:00,200.32,200.33,199.51,199.54,192727.41
2025-09-06 18:45:00+00:00,199.54,200.11,199.13,199.92,328383.57
2025-09-06 19:00:00+00:00,199.93,200.05,199.58,199.76,117630.3
2025-09-06 19:15:00+00:00,199.77,200.17,199.67,199.92,88368.24
2025-09-06 19:30:00+00:00,199.91,200.18,199.5,199.64,106075.48
2025-09-06 19:45:00+00:00,199.65,199.84,199.24,199.65,121129.24
2025-09-06 20:00:00+00:00,199.64,200.1,199.61,200.09,79954.4
2025-09-06 20:15:00+00:00,200.09,200.35,200.05,200.22,76934.75
2025-09-06 20:30:00+00:00,200.22,200.4,199.92,200.38,154119.26
2025-09-06 20:45:00+00:00,200.39,200.71,200.36,200.71,109087.21
2025-09-06 21:00:00+00:00,200.72,200.75,200.3,200.3,61858.12
2025-09-06 21:15:00+00:00,200.3,200.66,200.24,200.53,63706.59
2025-09-06 21:30:00+00:00,200.54,201.13,200.49,201.03,125763.97
2025-09-06 21:45:00+00:00,201.03,201.04,200.59,200.68,122795.52
2025-09-06 22:00:00+00:00,200.67,200.99,200.33,200.42,125064.1
2025-09-06 22:15:00+00:00,200.43,200.79,200.31,200.36,81591.44
2025-09-06 22:30:00+00:00,200.36,200.44,199.98,200.08,65107.55
2025-09-06 22:45:00+00:00,200.09,200.29,199.91,200.26,100710.5
2025-09-06 23:00:00+00:00,200.27,200.47,199.82,200.44,117525.19
2025-09-06 23:15:00+00:00,200.44,200.94,200.36,200.59,119721.11
2025-09-06 23:30:00+00:00,200.59,200.62,200.08,200.16,63408.48
2025-09-06 23:45:00+00:00,200.15,200.19,199.9,200.06,90530.03
2025-09-07 00:00:00+00:00,200.06,200.76,200.0,200.71,117354.38
2025-09-07 00:15:00+00:00,200.71,200.75,200.39,200.6,82686.84
2025-09-07 00:30:00+00:00,200.6,200.94,200.4,200.93,102985.93
2025-09-07 00:45:00+00:00,200.94,201.28,200.86,201.06,131876.63
2025-09-07 01:00:00+00:00,201.06,202.11,200.99,201.75,268723.93
2025-09-07 01:15:00+00:00,201.76,202.2,201.51,202.17,170887.07
2025-09-07 01:30:00+00:00,202.17,202.44,202.05,202.36,203220.37
2025-09-07 01:45:00+00:00,202.37,203.1,202.34,202.61,316559.55
2025-09-07 02:00:00+00:00,202.62,202.67,202.03,202.13,163460.07
2025-09-07 02:15:00+00:00,202.12,202.3,201.9,202.23,124564.92
2025-09-07 02:30:00+00:00,202.23,202.63,202.01,202.2,110179.81
2025-09-07 02:45:00+00:00,202.2,202.87,202.17,202.71,102465.29
2025-09-07 03:00:00+00:00,202.71,202.83,202.46,202.53,70338.33
2025-09-07 03:15:00+00:00,202.54,203.17,202.48,202.88,113272.01
2025-09-07 03:30:00+00:00,202.88,202.99,202.51,202.66,69239.59
2025-09-07 03:45:00+00:00,202.66,202.8,202.5,202.76,44908.72
2025-09-07 04:00:00+00:00,202.76,202.94,202.43,202.43,73600.77
2025-09-07 04:15:00+00:00,202.44,202.55,202.27,202.29,80169.12
2025-09-07 04:30:00+00:00,202.28,202.58,202.22,202.56,48964.48
2025-09-07 04:45:00+00:00,202.56,203.0,202.55,202.98,69858.22
2025-09-07 05:00:00+00:00,202.98,203.17,202.79,203.0,73723.55
2025-09-07 05:15:00+00:00,203.0,203.07,202.6,203.04,67528.38
2025-09-07 05:30:00+00:00,203.04,203.07,202.77,202.86,53863.17
2025-09-07 05:45:00+00:00,202.85,202.86,202.68,202.74,54530.37
2025-09-07 06:00:00+00:00,202.75,202.89,202.65,202.65,45700.4
2025-09-07 06:15:00+00:00,202.66,202.75,202.43,202.45,56753.07
2025-09-07 06:30:00+00:00,202.45,202.53,202.15,202.35,81231.48
2025-09-07 06:45:00+00:00,202.35,202.55,202.14,202.2,93533.76
2025-09-07 07:00:00+00:00,202.19,202.54,202.14,202.5,50629.4
2025-09-07 07:15:00+00:00,202.5,202.6,202.21,202.5,53596.87
2025-09-07 07:30:00+00:00,202.49,203.23,202.49,202.95,154072.3
2025-09-07 07:45:00+00:00,202.95,203.11,202.64,202.9,92085.77
2025-09-07 08:00:00+00:00,202.9,203.24,202.88,202.98,128332.56
2025-09-07 08:15:00+00:00,202.99,203.75,202.95,203.58,233440.54
2025-09-07 08:30:00+00:00,203.58,203.87,203.43,203.52,230692.13
2025-09-07 08:45:00+00:00,203.51,203.64,203.2,203.41,141931.29
2025-09-07 09:00:00+00:00,203.41,203.76,203.24,203.62,78276.86
2025-09-07 09:15:00+00:00,203.61,203.85,203.36,203.41,70780.85
2025-09-07 09:30:00+00:00,203.41,203.42,202.69,202.7,139001.59
2025-09-07 09:45:00+00:00,202.69,203.08,202.65,203.08,106928.17
2025-09-07 10:00:00+00:00,203.08,203.23,202.9,203.17,58547.31
2025-09-07 10:15:00+00:00,203.17,203.18,202.76,202.87,94439.53
2025-09-07 10:30:00+00:00,202.87,203.23,202.87,203.13,55548.66
2025-09-07 10:45:00+00:00,203.13,203.26,202.98,203.26,35695.56
2025-09-07 11:00:00+00:00,203.26,203.48,203.16,203.19,79580.98
2025-09-07 11:15:00+00:00,203.19,203.19,203.0,203.08,62405.88
2025-09-07 11:30:00+00:00,203.07,203.5,203.04,203.44,77042.67
2025-09-07 11:45:00+00:00,203.43,203.9,203.32,203.87,137550.68
2025-09-07 12:00:00+00:00,203.87,203.95,203.48,203.66,121341.07
2025-09-07 12:15:00+00:00,203.67,203.67,203.24,203.39,109918.7
2025-09-07 12:30:00+00:00,203.39,203.73,203.27,203.5,49954.3
2025-09-07 12:45:00+00:00,203.49,203.73,203.37,203.67,39591.4
2025-09-07 13:00:00+00:00,203.67,203.7,203.4,203.4,49719.0
2025-09-07 13:15:00+00:00,203.41,203.41,203.0,203.18,107535.67
2025-09-07 13:30:00+00:00,203.19,203.68,203.12,203.34,111381.0
2025-09-07 13:45:00+00:00,203.35,203.47,203.03,203.32,84792.33
2025-09-07 14:00:00+00:00,203.32,203.9,203.05,203.56,159544.04
2025-09-07 14:15:00+00:00,203.56,203.8,203.26,203.51,89797.6
2025-09-07 14:30:00+00:00,203.51,203.86,203.31,203.81,82702.25
2025-09-07 14:45:00+00:00,203.8,203.87,203.46,203.57,70735.45
2025-09-07 15:00:00+00:00,203.57,203.8,203.36,203.51,64833.37
2025-09-07 15:15:00+00:00,203.5,204.1,203.44,204.01,239825.18
2025-09-07 15:30:00+00:00,204.0,205.33,203.9,205.15,450753.87
2025-09-07 15:45:00+00:00,205.16,205.45,204.76,205.09,360689.96
2025-09-07 16:00:00+00:00,205.08,205.41,204.5,204.71,282379.71
2025-09-07 16:15:00+00:00,204.7,204.86,204.03,204.17,258299.64
2025-09-07 16:30:00+00:00,204.17,204.32,203.75,204.15,203484.88
2025-09-07 16:45:00+00:00,204.15,204.21,203.34,203.38,198869.26
2025-09-07 17:00:00+00:00,203.39,203.62,202.86,202.96,206821.74
2025-09-07 17:15:00+00:00,202.96,203.09,201.71,201.71,542987.43
2025-09-07 17:30:00+00:00,201.72,202.64,201.63,202.41,235213.18
2025-09-07 17:45:00+00:00,202.41,202.45,201.81,201.9,118525.67
2025-09-07 18:00:00+00:00,201.91,202.15,201.7,201.92,101614.08
2025-09-07 18:15:00+00:00,201.92,202.2,201.72,201.72,94566.81
2025-09-07 18:30:00+00:00,201.73,201.99,201.36,201.83,151680.97
2025-09-07 18:45:00+00:00,201.84,202.19,201.65,202.06,100011.53
2025-09-07 19:00:00+00:00,202.06,202.47,201.82,201.91,119150.6
2025-09-07 19:15:00+00:00,201.91,202.45,201.76,201.98,188488.52
2025-09-07 19:30:00+00:00,201.98,202.82,201.91,202.71,172190.7
2025-09-07 19:45:00+00:00,202.72,202.99,202.57,202.98,116277.76
2025-09-07 20:00:00+00:00,202.98,203.44,202.59,202.59,218398.9
2025-09-07 20:15:00+00:00,202.58,203.03,202.5,202.88,71271.09
2025-09-07 20:30:00+00:00,202.89,203.17,202.83,203.14,88728.23
2025-09-07 20:45:00+00:00,203.15,204.87,203.12,204.83,261562.8
2025-09-07 21:00:00+00:00,204.83,205.0,204.5,204.69,261481.85
2025-09-07 21:15:00+00:00,204.68,204.9,204.31,204.84,169787.09
2025-09-07 21:30:00+00:00,204.84,205.08,204.43,204.47,160670.68
2025-09-07 21:45:00+00:00,204.48,205.08,204.47,204.58,88477.53
2025-09-07 22:00:00+00:00,204.58,205.07,204.25,205.0,178785.31
2025-09-07 22:15:00+00:00,205.0,205.71,204.71,205.21,358479.68
2025-09-07 22:30:00+00:00,205.21,205.92,204.62,205.85,258734.5
2025-09-07 22:45:00+00:00,205.86,207.4,205.85,207.03,634393.67
2025-09-07 23:00:00+00:00,207.03,207.86,207.02,207.25,427909.2
2025-09-07 23:15:00+00:00,207.25,207.93,207.22,207.44,324903.2
2025-09-07 23:30:00+00:00,207.45,207.53,206.87,207.06,290781.12
2025-09-07 23:45:00+00:00,207.07,207.25,206.17,206.29,324642.75
2025-09-08 00:00:00+00:00,206.28,206.57,205.72,205.98,376674.19
2025-09-08 00:15:00+00:00,205.97,207.1,205.61,206.97,219114.96
2025-09-08 00:30:00+00:00,206.96,207.05,206.38,206.44,225446.76
2025-09-08 00:45:00+00:00,206.45,206.49,205.57,205.6,186743.29
2025-09-08 01:00:00+00:00,205.6,206.27,205.53,206.09,155246.96
2025-09-08 01:15:00+00:00,206.09,206.66,205.72,205.76,138519.15
2025-09-08 01:30:00+00:00,205.75,207.33,205.73,206.83,250815.1
2025-09-08 01:45:00+00:00,206.84,207.07,206.54,206.8,123203.7
2025-09-08 02:00:00+00:00,206.81,207.06,206.4,206.95,120835.3
2025-09-08 02:15:00+00:00,206.96,207.1,206.09,206.58,175119.46
2025-09-08 02:30:00+00:00,206.58,207.88,206.39,207.36,288481.76
2025-09-08 02:45:00+00:00,207.36,207.81,207.28,207.77,178542.12
2025-09-08 03:00:00+00:00,207.77,208.44,207.59,207.99,290612.1
2025-09-08 03:15:00+00:00,207.98,208.17,207.4,207.64,174431.3
2025-09-08 03:30:00+00:00,207.64,208.95,207.63,208.03,324999.4
2025-09-08 03:45:00+00:00,208.03,208.13,207.44,207.56,212598.51
2025-09-08 04:00:00+00:00,207.56,207.76,206.87,207.39,271860.41
2025-09-08 04:15:00+00:00,207.4,208.13,207.33,208.06,197191.27
2025-09-08 04:30:00+00:00,208.06,208.59,207.83,208.02,207913.71
2025-09-08 04:45:00+00:00,208.02,208.28,207.6,207.76,155014.72
2025-09-08 05:00:00+00:00,207.76,207.89,207.22,207.35,203203.0
2025-09-08 05:15:00+00:00,207.35,207.83,207.09,207.28,126397.34
2025-09-08 05:30:00+00:00,207.28,207.28,206.6,206.69,200156.85
2025-09-08 05:45:00+00:00,206.7,207.4,206.67,207.25,141771.07
2025-09-08 06:00:00+00:00,207.25,207.53,206.54,206.88,217273.59
2025-09-08 06:15:00+00:00,206.88,207.46,206.62,207.29,129905.82
2025-09-08 06:30:00+00:00,207.29,207.62,207.07,207.54,70572.69
2025-09-08 06:45:00+00:00,207.53,207.55,207.02,207.03,62857.22
2025-09-08 07:00:00+00:00,207.02,208.09,206.93,208.03,210148.2
2025-09-08 07:15:00+00:00,208.03,208.5,207.82,208.36,257233.66
2025-09-08 07:30:00+00:00,208.36,208.83,207.91,208.42,298162.39
2025-09-08 07:45:00+00:00,208.42,208.5,207.75,207.85,139835.75
2025-09-08 08:00:00+00:00,207.85,208.03,207.31,207.47,149335.54
2025-09-08 08:15:00+00:00,207.47,209.14,207.31,208.74,535486.9
2025-09-08 08:30:00+00:00,208.73,209.49,208.6,209.04,356092.02
2025-09-08 08:45:00+00:00,209.04,209.26,208.58,208.84,231495.92
2025-09-08 09:00:00+00:00,208.83,209.23,208.58,209.1,230996.81
2025-09-08 09:15:00+00:00,209.1,209.71,209.04,209.26,355709.37
2025-09-08 09:30:00+00:00,209.27,209.81,209.13,209.7,261809.78
2025-09-08 09:45:00+00:00,209.7,210.92,209.65,210.84,566961.13
2025-09-08 10:00:00+00:00,210.84,212.87,210.35,212.14,1306764.93
2025-09-08 10:15:00+00:00,212.14,214.46,212.11,213.57,1031275.83
2025-09-08 10:30:00+00:00,213.58,214.52,212.95,214.39,614954.79
2025-09-08 10:45:00+00:00,214.39,215.78,214.18,215.15,952010.5
2025-09-08 11:00:00+00:00,215.16,215.26,213.38,213.55,931716.61
2025-09-08 11:15:00+00:00,213.55,214.09,213.2,213.22,406067.49
2025-09-08 11:30:00+00:00,213.23,213.69,212.9,213.5,417662.5
2025-09-08 11:45:00+00:00,213.5,214.52,213.46,214.21,355027.64
2025-09-08 12:00:00+00:00,214.22,214.81,213.61,214.13,329404.11
2025-09-08 12:15:00+00:00,214.13,214.2,213.49,213.87,208368.59
2025-09-08 12:30:00+00:00,213.88,214.63,213.83,214.63,230317.74
2025-09-08 12:45:00+00:00,214.62,214.83,214.19,214.43,143154.37
2025-09-08 13:00:00+00:00,214.44,216.29,214.42,215.94,683583.03
2025-09-08 13:15:00+00:00,215.94,216.09,214.57,214.72,459120.56
2025-09-08 13:30:00+00:00,214.72,215.18,213.2,213.83,715336.49
2025-09-08 13:45:00+00:00,213.84,214.63,212.92,213.27,507753.91
2025-09-08 14:00:00+00:00,213.27,214.46,212.97,214.08,387526.81
2025-09-08 14:15:00+00:00,214.08,214.59,213.58,214.53,256920.85
2025-09-08 14:30:00+00:00,214.52,215.79,214.49,214.93,462621.06
2025-09-08 14:45:00+00:00,214.94,215.31,214.75,215.22,195031.66
2025-09-08 15:00:00+00:00,215.22,215.95,214.6,214.99,420528.07
2025-09-08 15:15:00+00:00,214.99,216.63,214.99,216.55,613906.2
2025-09-08 15:30:00+00:00,216.55,216.56,215.42,215.95,381329.12
2025-09-08 15:45:00+00:00,215.96,216.0,214.67,214.97,511530.16
2025-09-08 16:00:00+00:00,214.97,215.07,213.96,214.2,341040.81
2025-09-08 16:15:00+00:00,214.2,215.4,213.88,215.29,367915.94
2025-09-08 16:30:00+00:00,215.29,215.29,213.77,214.51,295235.16
2025-09-08 16:45:00+00:00,214.51,214.86,213.96,214.85,157303.6
2025-09-08 17:00:00+00:00,214.85,214.85,213.89,214.28,192751.84
2025-09-08 17:15:00+00:00,214.28,216.89,214.28,216.66,645062.52
2025-09-08 17:30:00+00:00,216.66,216.66,215.07,215.09,366778.78
2025-09-08 17:45:00+00:00,215.1,215.98,214.6,215.32,309411.69
2025-09-08 18:00:00+00:00,215.33,216.16,214.7,215.34,363810.78
2025-09-08 18:15:00+00:00,215.34,215.91,215.28,215.69,166549.74
2025-09-08 18:30:00+00:00,215.68,215.86,215.11,215.62,113389.92
2025-09-08 18:45:00+00:00,215.62,216.85,215.57,216.57,402916.44
2025-09-08 19:00:00+00:00,216.57,216.97,215.74,215.96,343606.72
2025-09-08 19:15:00+00:00,215.96,216.65,215.05,215.47,497306.28
2025-09-08 19:30:00+00:00,215.48,215.79,214.65,215.02,259568.11
2025-09-08 19:45:00+00:00,215.02,216.03,215.02,216.03,271970.84
2025-09-08 20:00:00+00:00,216.03,216.12,215.1,215.29,194299.6
2025-09-08 20:15:00+00:00,215.29,215.39,214.05,214.52,371260.26
2025-09-08 20:30:00+00:00,214.52,215.03,214.13,214.14,148522.13
2025-09-08 20:45:00+00:00,214.15,214.65,213.79,214.39,282791.44
2025-09-08 21:00:00+00:00,214.38,214.69,214.16,214.6,101965.25
2025-09-08 21:15:00+00:00,214.59,215.61,214.41,215.42,239812.35
2025-09-08 21:30:00+00:00,215.42,215.76,215.01,215.34,94191.42
2025-09-08 21:45:00+00:00,215.34,215.63,214.8,214.99,98623.58
2025-09-08 22:00:00+00:00,214.99,215.44,214.49,215.21,176809.89
2025-09-08 22:15:00+00:00,215.2,215.36,214.63,214.8,72249.73
2025-09-08 22:30:00+00:00,214.79,215.28,214.56,215.14,82956.2
2025-09-08 22:45:00+00:00,215.13,215.21,214.35,214.61,95491.14
2025-09-08 23:00:00+00:00,214.61,215.16,214.56,214.75,76811.6
2025-09-08 23:15:00+00:00,214.74,215.0,213.82,213.97,143585.91
2025-09-08 23:30:00+00:00,213.97,214.01,213.42,213.7,183195.14
2025-09-08 23:45:00+00:00,213.7,214.28,213.54,214.02,108230.09
2025-09-09 00:00:00+00:00,214.02,214.83,214.01,214.39,164055.22
2025-09-09 00:15:00+00:00,214.39,214.57,213.05,213.29,286739.11
2025-09-09 00:30:00+00:00,213.28,213.31,212.1,212.8,577251.73
2025-09-09 00:45:00+00:00,212.8,213.79,212.44,213.12,212292.88
2025-09-09 01:00:00+00:00,213.13,213.92,213.07,213.43,141707.04
2025-09-09 01:15:00+00:00,213.42,213.51,212.4,212.85,194190.0
2025-09-09 01:30:00+00:00,212.84,213.29,212.07,213.17,286405.54
2025-09-09 01:45:00+00:00,213.17,213.3,212.59,213.15,140153.61
2025-09-09 02:00:00+00:00,213.15,213.45,212.41,212.42,163238.37
2025-09-09 02:15:00+00:00,212.41,212.66,211.77,212.04,290799.77
2025-09-09 02:30:00+00:00,212.03,212.83,211.83,212.21,186693.27
2025-09-09 02:45:00+00:00,212.21,212.21,210.8,211.59,527455.72
2025-09-09 03:00:00+00:00,211.59,212.4,211.34,212.29,210912.32
2025-09-09 03:15:00+00:00,212.28,212.79,211.82,212.72,146549.29
2025-09-09 03:30:00+00:00,212.72,213.7,212.66,213.54,281687.1
2025-09-09 03:45:00+00:00,213.55,214.76,213.28,214.52,310692.97
2025-09-09 04:00:00+00:00,214.53,214.53,213.87,214.06,177082.64
2025-09-09 04:15:00+00:00,214.05,215.43,214.03,215.02,420803.47
2025-09-09 04:30:00+00:00,215.01,215.6,214.69,214.93,305046.55
2025-09-09 04:45:00+00:00,214.93,215.07,214.14,214.75,373608.05
2025-09-09 05:00:00+00:00,214.75,214.79,214.17,214.39,152312.93
2025-09-09 05:15:00+00:00,214.39,214.56,213.91,214.35,112472.93
2025-09-09 05:30:00+00:00,214.35,214.5,214.08,214.49,77831.33
2025-09-09 05:45:00+00:00,214.5,215.4,214.49,215.1,178418.43
2025-09-09 06:00:00+00:00,215.1,217.39,214.92,217.03,616607.46
2025-09-09 06:15:00+00:00,217.02,218.71,217.0,217.96,1138861.5
2025-09-09 06:30:00+00:00,217.96,219.73,217.86,218.85,841971.58
2025-09-09 06:45:00+00:00,218.86,219.4,218.3,218.36,412041.62
2025-09-09 07:00:00+00:00,218.37,219.37,218.3,219.1,375809.01
2025-09-09 07:15:00+00:00,219.09,219.56,218.83,219.54,381995.75
2025-09-09 07:30:00+00:00,219.53,219.74,218.53,218.57,402706.17
2025-09-09 07:45:00+00:00,218.57,219.45,218.29,219.2,408267.25
2025-09-09 08:00:00+00:00,219.2,219.4,218.55,218.81,197174.43
2025-09-09 08:15:00+00:00,218.82,219.18,218.44,219.02,145375.8
2025-09-09 08:30:00+00:00,219.03,219.47,218.92,219.08,171531.81
2025-09-09 08:45:00+00:00,219.07,219.18,218.51,218.97,168319.62
2025-09-09 09:00:00+00:00,218.98,219.06,218.45,218.65,148000.71
2025-09-09 09:15:00+00:00,218.66,219.16,218.58,219.11,136321.86
2025-09-09 09:30:00+00:00,219.11,219.26,218.8,219.07,114957.99
2025-09-09 09:45:00+00:00,219.06,219.17,218.63,218.94,140481.06
2025-09-09 10:00:00+00:00,218.94,219.16,218.8,218.95,104606.1
2025-09-09 10:15:00+00:00,218.94,219.0,218.21,218.22,203243.71
2025-09-09 10:30:00+00:00,218.21,218.58,217.81,218.41,414542.72
2025-09-09 10:45:00+00:00,218.41,218.44,217.34,217.71,285627.55
2025-09-09 11:00:00+00:00,217.7,217.88,217.44,217.54,130793.73
2025-09-09 11:15:00+00:00,217.54,217.69,216.9,217.45,234384.39
2025-09-09 11:30:00+00:00,217.45,217.73,217.03,217.62,145792.04
2025-09-09 11:45:00+00:00,217.62,218.0,217.13,217.19,186831.54
2025-09-09 12:00:00+00:00,217.19,218.0,216.48,217.84,448892.12
2025-09-09 12:15:00+00:00,217.84,218.37,217.67,218.16,272183.88
2025-09-09 12:30:00+00:00,218.16,218.22,216.77,216.91,344648.27
2025-09-09 12:45:00+00:00,216.92,217.6,216.87,217.56,130165.39
2025-09-09 13:00:00+00:00,217.56,217.82,216.2,217.12,392714.7
2025-09-09 13:15:00+00:00,217.12,217.39,216.2,217.2,295069.55
2025-09-09 13:30:00+00:00,217.19,218.0,217.04,217.72,405606.0
2025-09-09 13:45:00+00:00,217.71,218.39,217.7,217.92,319605.97
2025-09-09 14:00:00+00:00,217.93,218.47,215.26,217.67,1460902.04
2025-09-09 14:15:00+00:00,217.67,217.7,215.67,216.21,527513.09
2025-09-09 14:30:00+00:00,216.2,216.2,213.12,214.42,1359342.35
2025-09-09 14:45:00+00:00,214.43,215.75,214.26,215.42,477073.74
2025-09-09 15:00:00+00:00,215.42,215.76,213.63,213.74,556442.18
2025-09-09 15:15:00+00:00,213.75,214.15,213.29,213.46,590158.3
2025-09-09 15:30:00+00:00,213.46,213.53,211.69,212.13,751683.61
2025-09-09 15:45:00+00:00,212.13,213.3,211.66,212.98,661488.94
2025-09-09 16:00:00+00:00,212.98,214.1,212.9,214.05,443949.9
2025-09-09 16:15:00+00:00,214.04,214.61,213.38,213.71,419265.16
2025-09-09 16:30:00+00:00,213.7,214.86,213.58,214.52,276464.58
2025-09-09 16:45:00+00:00,214.51,214.74,213.93,214.09,203302.71
2025-09-09 17:00:00+00:00,214.09,215.62,214.03,215.33,424920.23
2025-09-09 17:15:00+00:00,215.33,215.43,214.21,214.24,212578.95
2025-09-09 17:30:00+00:00,214.24,214.79,213.94,214.6,219185.54
2025-09-09 17:45:00+00:00,214.6,215.15,214.56,214.85,101154.87
2025-09-09 18:00:00+00:00,214.85,215.02,214.36,214.85,143848.02
2025-09-09 18:15:00+00:00,214.86,216.77,214.8,216.73,415300.24
2025-09-09 18:30:00+00:00,216.73,216.75,215.7,216.14,258403.95
2025-09-09 18:45:00+00:00,216.13,216.8,216.0,216.34,190457.08
2025-09-09 19:00:00+00:00,216.34,216.43,216.0,216.03,121452.66
2025-09-09 19:15:00+00:00,216.03,216.73,215.74,216.58,224266.72
2025-09-09 19:30:00+00:00,216.58,216.92,216.08,216.24,111483.02
2025-09-09 19:45:00+00:00,216.23,216.57,216.18,216.26,100667.68
2025-09-09 20:00:00+00:00,216.25,216.31,215.51,215.61,271344.11
2025-09-09 20:15:00+00:00,215.62,215.87,215.17,215.2,166557.65
2025-09-09 20:30:00+00:00,215.2,216.0,215.2,215.74,84813.92
2025-09-09 20:45:00+00:00,215.74,216.23,215.57,216.22,96509.81
2025-09-09 21:00:00+00:00,216.22,216.52,215.65,216.36,141774.35
2025-09-09 21:15:00+00:00,216.36,216.38,215.35,215.38,101611.03
2025-09-09 21:30:00+00:00,215.38,215.88,215.32,215.56,103875.56
2025-09-09 21:45:00+00:00,215.56,215.81,215.02,215.08,166163.26
2025-09-09 22:00:00+00:00,215.07,216.19,214.88,216.05,194074.55
2025-09-09 22:15:00+00:00,216.05,216.29,215.68,215.92,133699.78
2025-09-09 22:30:00+00:00,215.92,216.86,215.81,216.7,208507.15
2025-09-09 22:45:00+00:00,216.7,217.3,216.31,217.1,232761.97
2025-09-09 23:00:00+00:00,217.1,217.7,216.68,217.48,218533.76
2025-09-09 23:15:00+00:00,217.48,217.59,216.82,217.09,130232.06
2025-09-09 23:30:00+00:00,217.1,217.43,216.5,217.09,125675.7
2025-09-09 23:45:00+00:00,217.09,217.57,216.95,217.11,104278.25
2025-09-10 00:00:00+00:00,217.11,217.44,216.52,216.81,91253.27
2025-09-10 00:15:00+00:00,216.81,216.81,215.69,216.05,422886.41
2025-09-10 00:30:00+00:00,216.04,216.46,215.54,216.16,207254.11
2025-09-10 00:45:00+00:00,216.17,216.22,215.02,215.14,226364.65
2025-09-10 01:00:00+00:00,215.14,215.58,215.06,215.41,126075.01
2025-09-10 01:15:00+00:00,215.41,216.33,215.32,215.78,203363.16
2025-09-10 01:30:00+00:00,215.77,216.47,215.67,215.9,121019.85
2025-09-10 01:45:00+00:00,215.9,216.25,215.48,216.23,95061.91
2025-09-10 02:00:00+00:00,216.23,218.25,216.22,217.88,644458.83
2025-09-10 02:15:00+00:00,217.88,219.41,217.17,218.74,690754.48
2025-09-10 02:30:00+00:00,218.74,219.5,218.53,219.36,389319.52
2025-09-10 02:45:00+00:00,219.36,219.58,218.82,219.11,243052.0
2025-09-10 03:00:00+00:00,219.11,219.11,218.39,219.02,312573.3
2025-09-10 03:15:00+00:00,219.01,219.47,217.91,218.09,294019.23
2025-09-10 03:30:00+00:00,218.09,218.93,218.0,218.91,183767.72
2025-09-10 03:45:00+00:00,218.91,219.19,218.75,219.13,164304.11
2025-09-10 04:00:00+00:00,219.13,219.13,218.41,218.77,151762.95
2025-09-10 04:15:00+00:00,218.77,218.93,218.46,218.78,127724.67
2025-09-10 04:30:00+00:00,218.78,219.09,217.74,217.83,196260.92
2025-09-10 04:45:00+00:00,217.83,218.52,217.78,218.34,175772.99
2025-09-10 05:00:00+00:00,218.34,218.6,217.8,218.57,133129.06
2025-09-10 05:15:00+00:00,218.58,218.73,217.97,218.58,112644.29
2025-09-10 05:30:00+00:00,218.58,219.0,218.24,218.88,138786.9
2025-09-10 05:45:00+00:00,218.88,219.2,217.8,218.55,268531.03
2025-09-10 06:00:00+00:00,218.54,218.7,217.9,218.48,137664.42
2025-09-10 06:15:00+00:00,218.49,219.3,218.45,219.16,251203.53
2025-09-10 06:30:00+00:00,219.15,219.5,218.68,219.33,272287.74
2025-09-10 06:45:00+00:00,219.32,219.58,219.01,219.13,201382.29
2025-09-10 07:00:00+00:00,219.13,219.91,219.03,219.84,256970.07
2025-09-10 07:15:00+00:00,219.84,221.94,219.83,221.55,1123430.58
2025-09-10 07:30:00+00:00,221.55,222.83,221.18,222.24,1052530.21
2025-09-10 07:45:00+00:00,222.23,222.87,221.8,222.15,490591.23
2025-09-10 08:00:00+00:00,222.14,222.4,221.45,222.01,464354.05
2025-09-10 08:15:00+00:00,222.01,222.29,221.1,221.24,407945.32
2025-09-10 08:30:00+00:00,221.24,221.39,220.4,220.54,357554.82
2025-09-10 08:45:00+00:00,220.55,220.89,220.36,220.7,202103.55
2025-09-10 09:00:00+00:00,220.71,221.19,219.8,220.58,317042.42
2025-09-10 09:15:00+00:00,220.59,221.0,220.08,220.81,173406.88
2025-09-10 09:30:00+00:00,220.82,221.23,220.52,220.57,191271.02
2025-09-10 09:45:00+00:00,220.57,220.95,220.39,220.4,190811.01
2025-09-10 10:00:00+00:00,220.39,220.59,219.6,219.89,341570.38
2025-09-10 10:15:00+00:00,219.89,219.9,218.72,219.49,463498.19
2025-09-10 10:30:00+00:00,219.5,220.37,219.49,220.26,346347.17
2025-09-10 10:45:00+00:00,220.25,220.36,219.68,220.02,140432.39
2025-09-10 11:00:00+00:00,220.02,220.37,219.84,220.04,155673.86
2025-09-10 11:15:00+00:00,220.03,220.3,219.58,219.88,145495.42
2025-09-10 11:30:00+00:00,219.88,219.88,218.81,219.06,374626.48
2025-09-10 11:45:00+00:00,219.05,220.23,219.05,220.15,268484.66
2025-09-10 12:00:00+00:00,220.14,220.23,219.75,219.94,161919.23
2025-09-10 12:15:00+00:00,219.95,220.76,219.63,220.71,421901.53
2025-09-10 12:30:00+00:00,220.72,225.0,220.65,223.77,2640582.74
2025-09-10 12:45:00+00:00,223.76,223.92,222.39,223.33,501023.74
2025-09-10 13:00:00+00:00,223.34,224.63,223.1,224.2,701645.44
2025-09-10 13:15:00+00:00,224.21,224.58,222.77,223.54,583963.56
2025-09-10 13:30:00+00:00,223.54,224.34,222.48,224.2,618952.56
2025-09-10 13:45:00+00:00,224.21,225.95,223.43,224.07,1109097.16
2025-09-10 14:00:00+00:00,224.06,224.98,223.52,223.69,531507.16
2025-09-10 14:15:00+00:00,223.7,224.04,223.02,223.06,380476.33
2025-09-10 14:30:00+00:00,223.05,223.53,222.15,223.5,461833.6
2025-09-10 14:45:00+00:00,223.49,223.54,222.47,222.61,287486.43
2025-09-10 15:00:00+00:00,222.61,223.99,222.61,223.61,334603.42
2025-09-10 15:15:00+00:00,223.61,223.7,222.77,223.5,241966.16
2025-09-10 15:30:00+00:00,223.49,223.96,222.91,223.94,234074.75
2025-09-10 15:45:00+00:00,223.93,223.95,222.5,223.05,394961.03
2025-09-10 16:00:00+00:00,223.04,223.14,222.4,222.8,244189.69
2025-09-10 16:15:00+00:00,222.8,223.36,222.72,223.12,284753.69
2025-09-10 16:30:00+00:00,223.12,223.18,222.32,222.61,210607.51
2025-09-10 16:45:00+00:00,222.6,223.88,222.4,223.64,274423.45
2025-09-10 17:00:00+00:00,223.63,224.1,223.22,223.35,178524.93
2025-09-10 17:15:00+00:00,223.35,223.68,221.54,221.75,434857.66
2025-09-10 17:30:00+00:00,221.75,222.49,221.39,222.48,262896.96
2025-09-10 17:45:00+00:00,222.49,222.93,222.16,222.57,126806.71
2025-09-10 18:00:00+00:00,222.57,223.04,222.2,222.46,118141.63
2025-09-10 18:15:00+00:00,222.45,222.46,221.11,221.56,264098.1
2025-09-10 18:30:00+00:00,221.55,222.4,221.38,222.15,153898.56
2025-09-10 18:45:00+00:00,222.14,222.78,221.6,222.73,168383.57
2025-09-10 19:00:00+00:00,222.74,222.79,221.64,221.69,193262.09
2025-09-10 19:15:00+00:00,221.68,222.12,220.81,221.2,288557.33
2025-09-10 19:30:00+00:00,221.2,221.54,220.42,221.43,282994.68
2025-09-10 19:45:00+00:00,221.43,221.89,220.8,221.14,241991.52
2025-09-10 20:00:00+00:00,221.14,221.88,220.83,221.68,205464.87
2025-09-10 20:15:00+00:00,221.68,222.2,221.41,221.86,129498.65
2025-09-10 20:30:00+00:00,221.86,222.07,221.43,222.03,90314.32
2025-09-10 20:45:00+00:00,222.02,222.54,221.95,222.43,113808.73
2025-09-10 21:00:00+00:00,222.44,223.16,222.27,222.72,231011.06
2025-09-10 21:15:00+00:00,222.71,223.09,222.61,222.96,73651.15
2025-09-10 21:30:00+00:00,222.96,223.66,222.8,222.99,127536.18
2025-09-10 21:45:00+00:00,222.98,223.64,222.98,223.35,101959.44
2025-09-10 22:00:00+00:00,223.35,223.72,223.11,223.72,129066.22
2025-09-10 22:15:00+00:00,223.71,223.82,223.04,223.67,119882.89
2025-09-10 22:30:00+00:00,223.68,223.74,223.3,223.5,85945.84
2025-09-10 22:45:00+00:00,223.49,224.59,223.38,224.39,182246.63
2025-09-10 23:00:00+00:00,224.39,224.52,224.01,224.13,127036.52
2025-09-10 23:15:00+00:00,224.12,224.4,223.76,223.84,71918.29
2025-09-10 23:30:00+00:00,223.83,224.36,223.65,223.78,125887.36
2025-09-10 23:45:00+00:00,223.78,224.13,223.52,223.94,150847.62
2025-09-11 00:00:00+00:00,223.94,224.43,223.71,224.12,134870.61
2025-09-11 00:15:00+00:00,224.12,225.27,224.11,225.14,337689.76
2025-09-11 00:30:00+00:00,225.15,225.2,224.22,224.6,181385.41
2025-09-11 00:45:00+00:00,224.59,225.36,224.5,224.87,166320.2
2025-09-11 01:00:00+00:00,224.88,225.42,224.5,225.3,259713.74
2025-09-11 01:15:00+00:00,225.31,225.38,224.33,224.87,199880.6
2025-09-11 01:30:00+00:00,224.88,225.47,224.87,225.4,149997.46
2025-09-11 01:45:00+00:00,225.4,225.4,224.66,224.71,125316.54
2025-09-11 02:00:00+00:00,224.71,224.96,224.39,224.67,159571.5
2025-09-11 02:15:00+00:00,224.67,224.67,223.74,223.78,247649.01
2025-09-11 02:30:00+00:00,223.78,223.79,223.02,223.39,295212.92
2025-09-11 02:45:00+00:00,223.4,223.57,222.8,222.89,154101.79
2025-09-11 03:00:00+00:00,222.9,223.72,222.88,223.49,142450.71
2025-09-11 03:15:00+00:00,223.49,224.46,223.49,224.31,200482.68
2025-09-11 03:30:00+00:00,224.31,224.37,223.75,223.98,124728.14
2025-09-11 03:45:00+00:00,223.98,224.46,223.92,224.04,164486.43
2025-09-11 04:00:00+00:00,224.05,224.17,222.76,222.88,326853.43
2025-09-11 04:15:00+00:00,222.88,223.26,222.55,222.99,263677.22
2025-09-11 04:30:00+00:00,222.99,223.69,222.45,223.69,225263.01
2025-09-11 04:45:00+00:00,223.69,223.69,223.15,223.39,130276.65
2025-09-11 05:00:00+00:00,223.4,223.87,222.79,223.18,133081.96
2025-09-11 05:15:00+00:00,223.19,223.32,222.32,222.53,208492.82
2025-09-11 05:30:00+00:00,222.53,222.8,221.64,222.04,383373.97
2025-09-11 05:45:00+00:00,222.03,222.29,221.59,222.15,175548.26
2025-09-11 06:00:00+00:00,222.15,222.47,221.81,222.43,183779.27
2025-09-11 06:15:00+00:00,222.44,223.14,221.83,222.87,286124.12
2025-09-11 06:30:00+00:00,222.87,223.33,222.75,223.11,150546.96
2025-09-11 06:45:00+00:00,223.12,223.49,223.04,223.21,116385.63
2025-09-11 07:00:00+00:00,223.21,223.22,221.8,222.43,290413.85
2025-09-11 07:15:00+00:00,222.43,222.64,221.93,222.3,118237.73
2025-09-11 07:30:00+00:00,222.3,223.0,222.12,222.87,144701.97
2025-09-11 07:45:00+00:00,222.87,223.41,222.84,223.08,165027.55
2025-09-11 08:00:00+00:00,223.09,223.46,222.72,223.09,134894.77
2025-09-11 08:15:00+00:00,223.09,223.11,222.31,222.53,137029.44
2025-09-11 08:30:00+00:00,222.53,222.86,222.17,222.84,133528.15
2025-09-11 08:45:00+00:00,222.85,223.42,222.72,223.41,198266.65
2025-09-11 09:00:00+00:00,223.42,224.69,223.35,223.94,672727.71
2025-09-11 09:15:00+00:00,223.94,225.18,223.76,224.55,539375.84
2025-09-11 09:30:00+00:00,224.54,224.93,224.22,224.39,233427.68
2025-09-11 09:45:00+00:00,224.4,224.44,223.86,224.37,165252.95
2025-09-11 10:00:00+00:00,224.38,225.66,224.25,224.78,567740.49
2025-09-11 10:15:00+00:00,224.77,224.83,224.33,224.63,135795.92
2025-09-11 10:30:00+00:00,224.63,225.25,224.49,224.99,141227.92
2025-09-11 10:45:00+00:00,224.99,225.75,224.72,225.64,266041.87
2025-09-11 11:00:00+00:00,225.64,225.64,224.92,225.28,176150.56
2025-09-11 11:15:00+00:00,225.28,225.33,224.69,224.86,109067.66
2025-09-11 11:30:00+00:00,224.86,225.15,224.4,224.88,137750.24
2025-09-11 11:45:00+00:00,224.88,225.1,224.63,224.94,114821.38
2025-09-11 12:00:00+00:00,224.93,228.57,224.73,227.77,1399560.77
2025-09-11 12:15:00+00:00,227.78,228.28,226.71,228.27,624575.54
2025-09-11 12:30:00+00:00,228.26,229.0,222.0,226.96,2338130.42
2025-09-11 12:45:00+00:00,226.96,228.13,226.27,226.65,811710.33
2025-09-11 13:00:00+00:00,226.64,226.8,224.3,224.4,936179.29
2025-09-11 13:15:00+00:00,224.41,226.24,224.13,225.93,525538.26
2025-09-11 13:30:00+00:00,225.94,228.9,225.94,227.39,1266030.32
2025-09-11 13:45:00+00:00,227.39,228.46,227.03,228.12,541281.65
2025-09-11 14:00:00+00:00,228.12,228.19,226.27,226.67,482562.33
2025-09-11 14:15:00+00:00,226.68,226.71,225.56,225.78,518204.25
2025-09-11 14:30:00+00:00,225.78,227.3,225.64,227.14,358223.51
2025-09-11 14:45:00+00:00,227.13,227.23,226.31,226.96,192892.6
2025-09-11 15:00:00+00:00,226.95,227.14,225.83,225.99,358322.1
2025-09-11 15:15:00+00:00,226.0,226.91,225.22,225.63,276889.11
2025-09-11 15:30:00+00:00,225.63,226.27,225.53,225.96,177758.55
2025-09-11 15:45:00+00:00,225.95,227.0,225.93,226.69,251170.19
2025-09-11 16:00:00+00:00,226.69,228.29,226.66,227.9,560489.42
2025-09-11 16:15:00+00:00,227.89,228.11,226.54,226.6,339477.86
2025-09-11 16:30:00+00:00,226.6,226.96,226.09,226.68,282330.45
2025-09-11 16:45:00+00:00,226.69,226.69,225.15,225.77,343460.14
2025-09-11 17:00:00+00:00,225.76,226.97,225.54,226.75,245353.83
2025-09-11 17:15:00+00:00,226.75,227.4,226.65,226.92,252994.19
2025-09-11 17:30:00+00:00,226.92,227.64,226.8,227.39,208476.98
2025-09-11 17:45:00+00:00,227.4,227.58,226.79,227.36,195280.38
2025-09-11 18:00:00+00:00,227.37,227.62,226.97,227.01,126501.74
2025-09-11 18:15:00+00:00,227.01,227.21,225.9,226.34,251884.89
2025-09-11 18:30:00+00:00,226.33,226.58,225.81,226.14,268123.24
2025-09-11 18:45:00+00:00,226.14,226.46,225.85,226.17,131744.48
2025-09-11 19:00:00+00:00,226.16,226.41,225.73,226.04,213466.6
2025-09-11 19:15:00+00:00,226.05,226.7,225.86,226.48,107505.99
2025-09-11 19:30:00+00:00,226.47,226.73,226.15,226.37,124182.37
2025-09-11 19:45:00+00:00,226.38,226.7,226.11,226.51,149613.84
2025-09-11 20:00:00+00:00,226.51,226.57,225.69,225.72,125883.6
2025-09-11 20:15:00+00:00,225.73,226.0,225.32,225.7,201606.54
2025-09-11 20:30:00+00:00,225.7,226.0,225.38,225.97,76935.79
2025-09-11 20:45:00+00:00,225.97,226.1,225.38,225.42,78474.26
2025-09-11 21:00:00+00:00,225.41,226.39,225.4,226.17,83848.31
2025-09-11 21:15:00+00:00,226.16,226.33,225.96,226.25,58060.92
2025-09-11 21:30:00+00:00,226.25,226.65,225.81,226.59,133452.88
2025-09-11 21:45:00+00:00,226.59,226.93,226.15,226.6,131493.04
2025-09-11 22:00:00+00:00,226.59,227.49,226.24,227.38,256982.26
2025-09-11 22:15:00+00:00,227.37,228.48,227.22,228.41,448449.29
2025-09-11 22:30:00+00:00,228.4,228.41,227.09,227.77,299150.7
2025-09-11 22:45:00+00:00,227.77,228.49,227.67,227.94,176393.42
2025-09-11 23:00:00+00:00,227.94,228.56,227.81,228.5,170645.95
2025-09-11 23:15:00+00:00,228.5,228.61,228.07,228.18,149200.4
2025-09-11 23:30:00+00:00,228.18,228.84,228.15,228.76,164437.33
2025-09-11 23:45:00+00:00,228.76,228.85,228.3,228.62,130109.66
2025-09-12 00:00:00+00:00,228.61,228.7,228.01,228.15,175544.33
2025-09-12 00:15:00+00:00,228.14,229.61,228.0,229.34,370215.73
2025-09-12 00:30:00+00:00,229.35,233.43,229.3,232.86,1020973.67
2025-09-12 00:45:00+00:00,232.86,235.0,231.31,232.93,1791449.33
2025-09-12 01:00:00+00:00,232.92,233.88,232.29,233.25,413525.54
2025-09-12 01:15:00+00:00,233.26,233.52,232.4,232.61,271722.4
2025-09-12 01:30:00+00:00,232.61,232.7,231.4,232.36,415142.91
2025-09-12 01:45:00+00:00,232.35,232.4,231.6,232.14,227897.14
2025-09-12 02:00:00+00:00,232.14,233.18,232.04,232.99,327652.05
2025-09-12 02:15:00+00:00,233.0,233.75,232.72,233.05,296448.87
2025-09-12 02:30:00+00:00,233.05,233.32,232.33,232.98,221492.44
2025-09-12 02:45:00+00:00,232.98,233.05,232.34,232.57,151346.56
2025-09-12 03:00:00+00:00,232.57,232.88,232.08,232.87,140939.69
2025-09-12 03:15:00+00:00,232.86,233.68,232.66,233.35,308395.42
2025-09-12 03:30:00+00:00,233.36,234.32,233.16,234.04,409917.83
2025-09-12 03:45:00+00:00,234.05,235.72,233.97,234.95,717280.96
2025-09-12 04:00:00+00:00,234.96,235.23,234.06,234.64,513306.77
2025-09-12 04:15:00+00:00,234.63,237.14,234.54,236.64,697910.83
2025-09-12 04:30:00+00:00,236.64,237.65,236.21,236.68,895623.51
2025-09-12 04:45:00+00:00,236.69,238.1,236.35,237.25,530176.54
2025-09-12 05:00:00+00:00,237.26,238.53,236.9,238.05,665756.58
2025-09-12 05:15:00+00:00,238.05,239.69,238.0,238.27,802611.21
2025-09-12 05:30:00+00:00,238.26,239.01,237.81,238.85,473367.62
2025-09-12 05:45:00+00:00,238.84,239.4,238.43,238.49,393346.72
2025-09-12 06:00:00+00:00,238.49,238.5,237.42,237.81,484704.59
2025-09-12 06:15:00+00:00,237.81,238.19,237.23,237.28,250078.06
2025-09-12 06:30:00+00:00,237.29,237.99,237.12,237.9,273411.8
2025-09-12 06:45:00+00:00,237.89,238.22,237.4,238.02,195892.96
2025-09-12 07:00:00+00:00,238.02,238.82,237.74,238.16,315122.88
2025-09-12 07:15:00+00:00,238.16,238.49,237.52,237.67,205231.16
2025-09-12 07:30:00+00:00,237.66,237.74,237.19,237.57,242923.25
2025-09-12 07:45:00+00:00,237.56,237.83,236.78,237.24,237668.77
2025-09-12 08:00:00+00:00,237.24,237.65,236.8,237.19,272191.73
2025-09-12 08:15:00+00:00,237.2,238.25,236.59,237.93,364683.75
2025-09-12 08:30:00+00:00,237.94,238.09,237.5,237.56,178912.2
2025-09-12 08:45:00+00:00,237.56,237.94,237.29,237.62,154706.78
2025-09-12 09:00:00+00:00,237.62,238.41,237.38,238.32,278862.18
2025-09-12 09:15:00+00:00,238.31,238.41,237.58,237.92,215075.95
2025-09-12 09:30:00+00:00,237.91,238.08,237.31,237.93,210291.0
2025-09-12 09:45:00+00:00,237.93,238.5,237.84,238.38,215420.61
2025-09-12 10:00:00+00:00,238.38,238.41,237.41,237.72,251002.02
2025-09-12 10:15:00+00:00,237.72,238.2,237.56,238.07,144955.64
2025-09-12 10:30:00+00:00,238.07,238.45,238.0,238.39,160514.72
2025-09-12 10:45:00+00:00,238.4,239.18,238.18,238.91,303797.03
2025-09-12 11:00:00+00:00,238.92,239.22,238.36,239.1,287058.76
2025-09-12 11:15:00+00:00,239.1,239.43,238.75,239.18,251961.86
2025-09-12 11:30:00+00:00,239.19,239.21,238.45,238.92,201005.85
2025-09-12 11:45:00+00:00,238.92,239.25,238.62,239.03,155879.5
2025-09-12 12:00:00+00:00,239.03,239.05,237.46,237.59,595835.06
2025-09-12 12:15:00+00:00,237.6,238.3,237.56,238.09,231739.14
2025-09-12 12:30:00+00:00,238.09,238.64,237.77,238.64,164663.3
2025-09-12 12:45:00+00:00,238.64,240.63,238.58,239.22,843408.39
2025-09-12 13:00:00+00:00,239.22,239.88,238.87,239.81,283746.32
2025-09-12 13:15:00+00:00,239.8,240.0,239.1,239.6,274029.7
2025-09-12 13:30:00+00:00,239.6,239.89,237.84,238.36,611781.95
2025-09-12 13:45:00+00:00,238.35,239.63,238.1,239.46,413499.99
2025-09-12 14:00:00+00:00,239.45,241.72,238.9,240.07,1165856.47
2025-09-12 14:15:00+00:00,240.08,241.76,239.82,241.16,672761.73
2025-09-12 14:30:00+00:00,241.16,241.22,239.21,239.24,553296.71
2025-09-12 14:45:00+00:00,239.25,240.5,239.23,240.13,311450.82
2025-09-12 15:00:00+00:00,240.12,240.21,238.35,238.59,522371.36
2025-09-12 15:15:00+00:00,238.58,239.16,238.4,238.83,275623.2
2025-09-12 15:30:00+00:00,238.83,239.32,238.48,238.91,174024.09
2025-09-12 15:45:00+00:00,238.9,239.66,238.9,239.2,216297.04
2025-09-12 16:00:00+00:00,239.21,239.26,237.85,238.68,375176.78
2025-09-12 16:15:00+00:00,238.68,238.89,238.19,238.74,208897.09
2025-09-12 16:30:00+00:00,238.75,239.34,238.18,238.44,203662.15
2025-09-12 16:45:00+00:00,238.43,238.82,238.05,238.7,193686.18
2025-09-12 17:00:00+00:00,238.7,239.23,238.15,239.22,227168.48
2025-09-12 17:15:00+00:00,239.23,240.03,239.23,239.66,326548.38
2025-09-12 17:30:00+00:00,239.66,240.97,239.14,240.69,466792.06
2025-09-12 17:45:00+00:00,240.69,241.23,239.58,240.14,469871.75
2025-09-12 18:00:00+00:00,240.15,240.78,239.74,240.59,281331.44
2025-09-12 18:15:00+00:00,240.58,241.13,240.42,241.08,301823.92
2025-09-12 18:30:00+00:00,241.09,241.4,240.39,240.42,355933.83
2025-09-12 18:45:00+00:00,240.43,240.74,240.07,240.6,227077.44
2025-09-12 19:00:00+00:00,240.61,240.67,239.58,239.73,204460.95
2025-09-12 19:15:00+00:00,239.73,240.21,239.45,240.12,187895.94
2025-09-12 19:30:00+00:00,240.12,240.63,239.66,240.5,156754.15
2025-09-12 19:45:00+00:00,240.49,241.14,240.44,240.87,380612.24
2025-09-12 20:00:00+00:00,240.86,241.13,239.86,240.04,387131.16
2025-09-12 20:15:00+00:00,240.04,240.11,238.81,239.24,414292.8
2025-09-12 20:30:00+00:00,239.24,239.9,238.95,239.71,190212.11
2025-09-12 20:45:00+00:00,239.71,240.5,239.34,239.58,267938.26
2025-09-12 21:00:00+00:00,239.58,239.6,238.2,238.74,272318.53
2025-09-12 21:15:00+00:00,238.75,240.15,238.56,240.14,272623.77
2025-09-12 21:30:00+00:00,240.15,240.2,239.33,239.34,117292.42
2025-09-12 21:45:00+00:00,239.33,240.17,239.15,239.99,99262.64
2025-09-12 22:00:00+00:00,239.98,241.96,239.98,241.82,503818.11
2025-09-12 22:15:00+00:00,241.81,244.0,241.77,243.2,979842.77
2025-09-12 22:30:00+00:00,243.2,243.49,241.72,242.08,369210.89
2025-09-12 22:45:00+00:00,242.08,242.11,240.7,241.0,312679.8
2025-09-12 23:00:00+00:00,241.0,241.11,239.79,240.28,258323.86
2025-09-12 23:15:00+00:00,240.28,241.64,240.13,241.48,301951.11
2025-09-12 23:30:00+00:00,241.49,242.62,241.17,242.19,372336.52
2025-09-12 23:45:00+00:00,242.2,242.43,241.74,242.07,179949.29
2025-09-13 00:00:00+00:00,242.07,243.14,241.52,243.05,257833.42
2025-09-13 00:15:00+00:00,243.04,243.64,242.39,242.82,293000.43
2025-09-13 00:30:00+00:00,242.81,243.22,242.64,242.7,186206.4
2025-09-13 00:45:00+00:00,242.7,243.69,242.69,243.03,286576.91
2025-09-13 01:00:00+00:00,243.04,244.0,242.87,243.5,371175.26
2025-09-13 01:15:00+00:00,243.51,243.93,242.52,242.64,241050.85
2025-09-13 01:30:00+00:00,242.64,243.39,242.64,242.99,204995.99
2025-09-13 01:45:00+00:00,242.99,242.99,241.45,241.49,238387.48
2025-09-13 02:00:00+00:00,241.49,242.21,240.56,242.12,410146.97
2025-09-13 02:15:00+00:00,242.13,242.81,241.8,242.27,160675.87
2025-09-13 02:30:00+00:00,242.27,242.47,241.9,242.24,145809.55
2025-09-13 02:45:00+00:00,242.24,242.45,241.85,242.39,105593.53
2025-09-13 03:00:00+00:00,242.39,242.5,241.68,242.05,137568.44
2025-09-13 03:15:00+00:00,242.06,242.63,241.87,242.56,114142.7
2025-09-13 03:30:00+00:00,242.56,242.93,242.15,242.92,163329.92
2025-09-13 03:45:00+00:00,242.91,244.0,242.63,243.49,365606.45
2025-09-13 04:00:00+00:00,243.49,243.49,242.78,243.01,196657.71
2025-09-13 04:15:00+00:00,243.0,243.33,242.38,242.97,156346.11
2025-09-13 04:30:00+00:00,242.98,243.46,242.77,243.44,126257.32
2025-09-13 04:45:00+00:00,243.44,243.61,242.69,242.9,114573.62
2025-09-13 05:00:00+00:00,242.91,243.05,242.46,242.85,117635.42
2025-09-13 05:15:00+00:00,242.85,243.27,242.13,242.44,188800.34
2025-09-13 05:30:00+00:00,242.44,242.44,241.35,241.71,294749.56
2025-09-13 05:45:00+00:00,241.72,241.72,241.14,241.57,155551.37
2025-09-13 06:00:00+00:00,241.58,242.35,241.57,241.85,137474.1
2025-09-13 06:15:00+00:00,241.86,242.32,241.69,242.2,119053.77
2025-09-13 06:30:00+00:00,242.2,242.42,241.67,242.33,126099.09
2025-09-13 06:45:00+00:00,242.33,242.74,242.16,242.56,123504.54
2025-09-13 07:00:00+00:00,242.57,242.76,242.23,242.65,81129.88
2025-09-13 07:15:00+00:00,242.65,242.78,242.42,242.77,59860.12
2025-09-13 07:30:00+00:00,242.78,243.1,242.63,242.74,93399.5
2025-09-13 07:45:00+00:00,242.74,243.03,242.33,242.34,107730.11
2025-09-13 08:00:00+00:00,242.35,242.66,241.88,242.06,148418.78
2025-09-13 08:15:00+00:00,242.06,242.78,242.05,242.43,95007.74
2025-09-13 08:30:00+00:00,242.44,243.02,242.44,242.92,100334.5
2025-09-13 08:45:00+00:00,242.92,243.4,242.63,243.4,131503.36
2025-09-13 09:00:00+00:00,243.39,243.49,242.82,243.11,207025.95
2025-09-13 09:15:00+00:00,243.11,243.15,242.61,242.75,127575.61
2025-09-13 09:30:00+00:00,242.75,243.0,242.61,242.91,86014.65
2025-09-13 09:45:00+00:00,242.91,243.68,242.77,243.33,243831.43
2025-09-13 10:00:00+00:00,243.34,243.34,242.82,242.82,175669.73
2025-09-13 10:15:00+00:00,242.82,243.22,242.51,242.57,151180.33
2025-09-13 10:30:00+00:00,242.58,242.92,242.05,242.38,218004.96
2025-09-13 10:45:00+00:00,242.39,242.55,242.08,242.53,113082.54
2025-09-13 11:00:00+00:00,242.52,242.52,241.3,241.4,252963.18
2025-09-13 11:15:00+00:00,241.39,242.03,241.13,241.86,206105.97
2025-09-13 11:30:00+00:00,241.86,242.38,241.65,242.31,112853.03
2025-09-13 11:45:00+00:00,242.31,242.31,241.73,241.79,93906.76
2025-09-13 12:00:00+00:00,241.79,241.8,241.24,241.69,164181.56
2025-09-13 12:15:00+00:00,241.69,242.09,241.68,241.95,106442.0
2025-09-13 12:30:00+00:00,241.95,242.32,241.91,242.21,83132.43
2025-09-13 12:45:00+00:00,242.22,242.45,242.12,242.33,87998.49
2025-09-13 13:00:00+00:00,242.34,242.45,241.81,242.43,101601.13
2025-09-13 13:15:00+00:00,242.44,243.02,242.17,242.71,162676.9
2025-09-13 13:30:00+00:00,242.7,242.71,241.34,241.55,192106.65
2025-09-13 13:45:00+00:00,241.55,241.72,237.69,239.94,1356680.81
2025-09-13 14:00:00+00:00,239.94,240.03,238.45,239.49,835156.66
2025-09-13 14:15:00+00:00,239.48,240.99,239.3,240.79,396765.53
2025-09-13 14:30:00+00:00,240.79,240.89,239.43,239.89,339566.29
2025-09-13 14:45:00+00:00,239.89,240.55,239.7,240.24,168693.25
2025-09-13 15:00:00+00:00,240.24,240.76,240.1,240.5,191796.5
2025-09-13 15:15:00+00:00,240.51,240.75,239.75,240.08,209913.13
2025-09-13 15:30:00+00:00,240.08,240.14,238.39,238.97,441888.51
2025-09-13 15:45:00+00:00,238.97,239.51,238.77,239.38,272992.28
2025-09-13 16:00:00+00:00,239.38,239.62,238.0,238.78,438223.44
2025-09-13 16:15:00+00:00,238.78,238.97,238.0,238.71,378019.15
2025-09-13 16:30:00+00:00,238.71,239.27,237.16,238.39,451967.26
2025-09-13 16:45:00+00:00,238.4,238.64,237.2,237.47,434612.07
2025-09-13 17:00:00+00:00,237.47,237.64,235.54,236.13,995897.63
2025-09-13 17:15:00+00:00,236.13,237.45,236.01,237.01,364219.02
2025-09-13 17:30:00+00:00,237.01,237.8,236.82,237.69,202887.65
2025-09-13 17:45:00+00:00,237.69,238.31,237.52,237.67,175540.45
2025-09-13 18:00:00+00:00,237.66,238.08,237.0,238.01,158258.6
2025-09-13 18:15:00+00:00,238.0,238.68,237.73,238.45,130354.22
2025-09-13 18:30:00+00:00,238.46,238.75,238.0,238.53,112832.42
2025-09-13 18:45:00+00:00,238.52,238.54,238.12,238.29,85516.8
2025-09-13 19:00:00+00:00,238.3,238.84,237.94,238.7,150247.08
2025-09-13 19:15:00+00:00,238.71,238.95,238.39,238.64,81449.95
2025-09-13 19:30:00+00:00,238.64,239.17,238.52,239.01,105731.84
2025-09-13 19:45:00+00:00,239.02,239.15,238.69,238.84,80242.55
2025-09-13 20:00:00+00:00,238.83,239.88,238.71,239.8,231933.83
2025-09-13 20:15:00+00:00,239.8,239.97,239.29,239.65,120575.68
2025-09-13 20:30:00+00:00,239.65,240.07,239.54,239.6,102066.92
2025-09-13 20:45:00+00:00,239.61,240.28,239.61,240.08,96402.58
2025-09-13 21:00:00+00:00,240.08,240.69,240.05,240.48,103849.29
2025-09-13 21:15:00+00:00,240.48,241.44,240.29,240.93,198168.47
2025-09-13 21:30:00+00:00,240.94,240.94,240.12,240.34,110524.86
2025-09-13 21:45:00+00:00,240.35,240.36,239.73,239.98,80744.51
2025-09-13 22:00:00+00:00,239.98,241.22,239.83,241.09,106475.77
2025-09-13 22:15:00+00:00,241.09,241.15,240.56,241.1,85323.3
2025-09-13 22:30:00+00:00,241.1,241.19,240.7,240.98,75264.55
2025-09-13 22:45:00+00:00,240.98,241.91,240.98,241.75,169413.49
2025-09-13 23:00:00+00:00,241.75,242.47,241.53,242.38,238743.13
2025-09-13 23:15:00+00:00,242.38,243.1,241.87,242.06,380842.49
2025-09-13 23:30:00+00:00,242.05,242.33,241.73,242.31,115162.63
2025-09-13 23:45:00+00:00,242.32,242.74,242.15,242.25,76949.75
2025-09-14 00:00:00+00:00,242.24,243.04,242.15,242.72,217014.35
2025-09-14 00:15:00+00:00,242.71,243.42,242.06,243.06,235426.18
2025-09-14 00:30:00+00:00,243.06,243.93,242.51,242.96,282508.21
2025-09-14 00:45:00+00:00,242.96,244.11,242.12,243.42,327063.26
2025-09-14 01:00:00+00:00,243.41,244.16,242.68,242.76,364103.41
2025-09-14 01:15:00+00:00,242.76,243.82,242.69,243.47,228796.7
2025-09-14 01:30:00+00:00,243.48,243.87,242.99,243.43,145907.34
2025-09-14 01:45:00+00:00,243.43,246.53,243.34,245.68,912666.51
2025-09-14 02:00:00+00:00,245.69,247.16,245.63,246.97,595774.99
2025-09-14 02:15:00+00:00,246.98,247.17,246.22,246.79,247974.93
2025-09-14 02:30:00+00:00,246.8,247.72,245.9,247.7,462201.85
2025-09-14 02:45:00+00:00,247.7,249.19,247.19,248.6,752365.94
2025-09-14 03:00:00+00:00,248.6,249.55,247.96,248.01,519775.75
2025-09-14 03:15:00+00:00,248.0,248.35,247.43,247.96,262823.69
2025-09-14 03:30:00+00:00,247.95,248.59,247.59,247.63,196381.23
2025-09-14 03:45:00+00:00,247.62,247.99,246.71,246.81,260766.4
2025-09-14 04:00:00+00:00,246.8,247.58,245.91,245.98,393846.19
2025-09-14 04:15:00+00:00,245.99,247.29,244.38,246.93,681311.33
2025-09-14 04:30:00+00:00,246.92,247.89,246.87,247.52,231392.29
2025-09-14 04:45:00+00:00,247.53,247.58,245.84,246.16,205584.9
2025-09-14 05:00:00+00:00,246.16,246.81,245.93,246.52,146335.18
2025-09-14 05:15:00+00:00,246.52,246.85,246.08,246.59,111773.77
2025-09-14 05:30:00+00:00,246.59,247.74,246.3,247.67,212471.61
2025-09-14 05:45:00+00:00,247.68,247.96,247.39,247.57,118747.64
2025-09-14 06:00:00+00:00,247.57,248.27,246.91,247.32,249955.27
2025-09-14 06:15:00+00:00,247.32,247.71,246.66,247.08,107416.61
2025-09-14 06:30:00+00:00,247.08,247.08,246.3,246.43,131471.11
2025-09-14 06:45:00+00:00,246.43,246.95,246.1,246.93,131676.45
2025-09-14 07:00:00+00:00,246.94,247.12,246.18,246.85,163344.32
2025-09-14 07:15:00+00:00,246.86,246.99,246.48,246.52,93583.1
2025-09-14 07:30:00+00:00,246.53,246.92,246.05,246.57,150147.55
2025-09-14 07:45:00+00:00,246.57,246.95,245.56,246.26,181337.06
2025-09-14 08:00:00+00:00,246.26,246.79,245.72,246.64,169121.02
2025-09-14 08:15:00+00:00,246.64,246.69,245.96,246.06,100403.36
2025-09-14 08:30:00+00:00,246.06,246.74,246.01,246.71,93727.92
2025-09-14 08:45:00+00:00,246.7,247.0,246.12,246.27,104101.87
2025-09-14 09:00:00+00:00,246.27,246.7,246.0,246.48,96263.16
2025-09-14 09:15:00+00:00,246.47,247.37,246.35,246.99,157549.27
2025-09-14 09:30:00+00:00,247.0,247.6,246.99,247.22,128753.82
2025-09-14 09:45:00+00:00,247.22,247.65,247.15,247.65,95247.07
2025-09-14 10:00:00+00:00,247.64,247.97,247.15,247.15,173290.82
2025-09-14 10:15:00+00:00,247.16,247.68,246.85,246.96,139769.86
2025-09-14 10:30:00+00:00,246.95,247.73,246.93,247.67,101227.27
2025-09-14 10:45:00+00:00,247.68,247.89,247.36,247.52,80218.94
2025-09-14 11:00:00+00:00,247.52,247.83,247.04,247.25,132909.85
2025-09-14 11:15:00+00:00,247.25,247.4,246.18,246.26,227089.93
2025-09-14 11:30:00+00:00,246.26,246.6,245.43,245.46,349104.14
2025-09-14 11:45:00+00:00,245.45,246.32,245.44,245.99,238272.97
2025-09-14 12:00:00+00:00,245.99,246.69,245.62,245.73,195777.46
2025-09-14 12:15:00+00:00,245.74,246.49,245.63,246.35,124580.41
2025-09-14 12:30:00+00:00,246.35,246.63,245.4,245.62,166125.27
2025-09-14 12:45:00+00:00,245.62,245.83,244.51,245.14,463556.24
2025-09-14 13:00:00+00:00,245.15,245.66,244.32,245.56,258268.68
2025-09-14 13:15:00+00:00,245.56,245.74,244.55,244.88,215222.61
2025-09-14 13:30:00+00:00,244.88,245.74,244.58,245.42,186297.14
2025-09-14 13:45:00+00:00,245.42,245.47,243.06,243.65,525345.62
2025-09-14 14:00:00+00:00,243.64,244.99,243.55,244.39,307286.5
2025-09-14 14:15:00+00:00,244.39,244.44,242.65,242.76,454736.62
2025-09-14 14:30:00+00:00,242.77,243.6,241.55,242.13,687825.52
2025-09-14 14:45:00+00:00,242.13,243.28,241.42,243.13,604342.93
2025-09-14 15:00:00+00:00,243.14,243.48,241.77,242.59,492445.77
2025-09-14 15:15:00+00:00,242.59,243.89,242.59,243.55,338934.66
2025-09-14 15:30:00+00:00,243.54,244.17,242.77,243.54,248076.59
2025-09-14 15:45:00+00:00,243.53,244.2,243.35,243.7,199658.29
2025-09-14 16:00:00+00:00,243.7,245.32,243.3,244.44,436797.43
2025-09-14 16:15:00+00:00,244.43,245.56,244.01,245.46,246858.05
2025-09-14 16:30:00+00:00,245.45,245.74,244.93,245.64,228428.84
2025-09-14 16:45:00+00:00,245.64,245.64,244.69,245.03,162937.64
2025-09-14 17:00:00+00:00,245.02,245.55,244.4,245.43,186414.45
2025-09-14 17:15:00+00:00,245.43,247.19,245.18,246.73,407604.17
2025-09-14 17:30:00+00:00,246.72,247.72,246.72,247.55,346661.67
2025-09-14 17:45:00+00:00,247.55,248.36,247.35,247.8,352635.09
2025-09-14 18:00:00+00:00,247.8,247.84,246.87,247.45,235678.89
2025-09-14 18:15:00+00:00,247.45,247.46,246.49,246.81,238221.1
2025-09-14 18:30:00+00:00,246.8,247.04,246.27,246.49,129961.45
2025-09-14 18:45:00+00:00,246.49,246.5,244.5,244.52,310497.87
2025-09-14 19:00:00+00:00,244.52,245.03,243.09,244.87,473572.31
2025-09-14 19:15:00+00:00,244.87,245.16,244.05,244.34,256860.68
2025-09-14 19:30:00+00:00,244.33,244.53,243.14,243.28,245464.46
2025-09-14 19:45:00+00:00,243.27,243.62,241.95,242.4,351155.4
2025-09-14 20:00:00+00:00,242.4,243.27,242.17,243.0,198122.7
2025-09-14 20:15:00+00:00,243.0,243.34,242.41,242.8,166243.31
2025-09-14 20:30:00+00:00,242.81,242.82,240.82,241.94,341887.57
2025-09-14 20:45:00+00:00,241.95,242.59,241.41,242.33,153868.62
2025-09-14 21:00:00+00:00,242.34,242.82,240.29,241.5,303073.32
2025-09-14 21:15:00+00:00,241.5,242.58,241.43,241.98,148686.83
2025-09-14 21:30:00+00:00,241.98,244.0,241.97,243.71,202201.86
2025-09-14 21:45:00+00:00,243.71,244.6,243.16,244.01,276029.61
2025-09-14 22:00:00+00:00,244.02,244.18,241.27,241.31,356215.19
2025-09-14 22:15:00+00:00,241.32,241.68,240.64,241.47,249628.86
2025-09-14 22:30:00+00:00,241.48,242.64,241.27,242.59,207076.46
2025-09-14 22:45:00+00:00,242.59,243.43,242.35,242.82,191565.01
2025-09-14 23:00:00+00:00,242.83,242.83,240.88,241.28,256885.04
2025-09-14 23:15:00+00:00,241.27,241.9,240.79,240.93,143000.0
2025-09-14 23:30:00+00:00,240.93,241.0,240.02,240.32,222036.32
2025-09-14 23:45:00+00:00,240.32,240.54,239.07,239.63,394824.19
2025-09-15 00:00:00+00:00,239.62,241.2,239.54,240.82,229391.98
2025-09-15 00:15:00+00:00,240.81,242.08,240.17,241.77,216018.94
2025-09-15 00:30:00+00:00,241.77,241.86,240.44,240.58,163346.55
2025-09-15 00:45:00+00:00,240.59,241.39,240.52,240.58,120276.97
2025-09-15 01:00:00+00:00,240.58,240.58,239.51,239.73,261860.41
2025-09-15 01:15:00+00:00,239.74,241.24,239.0,240.72,370658.66
2025-09-15 01:30:00+00:00,240.72,241.7,240.55,240.76,235872.87
2025-09-15 01:45:00+00:00,240.76,241.48,240.68,241.01,112963.03
2025-09-15 02:00:00+00:00,241.01,242.19,240.89,241.72,259642.83
2025-09-15 02:15:00+00:00,241.72,242.25,241.44,241.58,148735.06
2025-09-15 02:30:00+00:00,241.57,242.02,240.24,242.02,281049.45
2025-09-15 02:45:00+00:00,242.02,242.69,241.78,241.98,190938.42
2025-09-15 03:00:00+00:00,241.99,243.2,241.89,242.96,248031.83
2025-09-15 03:15:00+00:00,242.96,243.3,242.23,242.32,183776.33
2025-09-15 03:30:00+00:00,242.32,242.66,241.9,242.36,101457.08
2025-09-15 03:45:00+00:00,242.35,242.96,242.35,242.51,124331.42
2025-09-15 04:00:00+00:00,242.51,242.85,242.1,242.17,146425.55
2025-09-15 04:15:00+00:00,242.18,243.39,241.93,242.92,288855.69
2025-09-15 04:30:00+00:00,242.91,243.38,242.64,243.12,140912.9
2025-09-15 04:45:00+00:00,243.12,243.38,242.5,242.69,145432.6
2025-09-15 05:00:00+00:00,242.7,243.1,242.46,242.88,71758.13
2025-09-15 05:15:00+00:00,242.89,243.68,242.59,243.46,169462.21
2025-09-15 05:30:00+00:00,243.46,243.5,243.06,243.17,83655.37
2025-09-15 05:45:00+00:00,243.17,243.88,243.04,243.83,165345.31
2025-09-15 06:00:00+00:00,243.84,243.92,243.14,243.44,150746.73
2025-09-15 06:15:00+00:00,243.44,243.64,241.87,241.98,258337.05
2025-09-15 06:30:00+00:00,241.99,242.34,240.85,241.23,326499.17
2025-09-15 06:45:00+00:00,241.23,241.23,239.48,240.2,479309.33
2025-09-15 07:00:00+00:00,240.2,240.86,240.15,240.75,161665.18
2025-09-15 07:15:00+00:00,240.75,241.19,239.5,239.63,219914.61
2025-09-15 07:30:00+00:00,239.62,239.63,236.0,237.4,1407391.55
2025-09-15 07:45:00+00:00,237.4,238.12,236.97,237.87,373966.23
2025-09-15 08:00:00+00:00,237.87,238.0,234.39,237.23,1196121.48
2025-09-15 08:15:00+00:00,237.24,237.24,235.65,236.17,650870.41
2025-09-15 08:30:00+00:00,236.17,236.67,234.8,235.42,544101.93
2025-09-15 08:45:00+00:00,235.42,235.44,231.81,232.01,1832776.55
2025-09-15 09:00:00+00:00,232.0,233.68,231.5,233.26,955431.61
2025-09-15 09:15:00+00:00,233.26,235.06,232.67,234.54,719281.53
2025-09-15 09:30:00+00:00,234.54,235.12,234.32,234.84,367296.63
2025-09-15 09:45:00+00:00,234.83,235.5,234.46,235.48,278267.35
2025-09-15 10:00:00+00:00,235.48,235.53,233.98,234.5,412840.26
2025-09-15 10:15:00+00:00,234.5,235.2,234.31,235.0,172299.02
2025-09-15 10:30:00+00:00,234.99,236.6,234.72,236.55,349290.38
2025-09-15 10:45:00+00:00,236.55,236.78,235.9,236.1,378072.2
2025-09-15 11:00:00+00:00,236.1,236.46,235.21,236.38,326520.83
2025-09-15 11:15:00+00:00,236.37,236.91,235.48,235.92,306902.04
2025-09-15 11:30:00+00:00,235.92,236.39,235.5,235.77,132005.12
2025-09-15 11:45:00+00:00,235.76,236.46,235.08,236.33,269821.47
2025-09-15 12:00:00+00:00,236.32,236.63,234.78,236.14,624399.31
2025-09-15 12:15:00+00:00,236.14,238.05,235.66,235.71,753457.32
2025-09-15 12:30:00+00:00,235.72,236.31,235.26,235.69,313073.75
2025-09-15 12:45:00+00:00,235.69,235.84,234.29,234.71,467679.61
2025-09-15 13:00:00+00:00,234.73,235.33,234.01,235.07,359939.58
2025-09-15 13:15:00+00:00,235.07,235.91,234.54,235.75,258419.12
2025-09-15 13:30:00+00:00,235.74,236.98,234.81,234.87,700115.18
2025-09-15 13:45:00+00:00,234.87,236.23,234.68,235.1,427460.47
2025-09-15 14:00:00+00:00,235.09,235.2,232.52,234.15,742792.95
2025-09-15 14:15:00+00:00,234.14,235.5,233.59,235.41,307334.71
2025-09-15 14:30:00+00:00,235.41,235.47,234.07,234.46,243872.62
2025-09-15 14:45:00+00:00,234.46,234.65,233.13,233.34,234882.68
2025-09-15 15:00:00+00:00,233.34,234.08,232.53,232.85,353432.75
2025-09-15 15:15:00+00:00,232.85,234.29,232.26,233.78,563139.01
2025-09-15 15:30:00+00:00,233.78,233.79,232.52,232.58,264880.78
2025-09-15 15:45:00+00:00,232.58,233.35,231.82,232.88,381275.15
2025-09-15 16:00:00+00:00,232.88,233.26,231.52,233.24,536949.52
2025-09-15 16:15:00+00:00,233.25,233.6,232.01,232.19,208276.43
2025-09-15 16:30:00+00:00,232.18,233.34,231.91,233.34,199210.1
2025-09-15 16:45:00+00:00,233.33,233.34,230.51,231.3,497287.54
2025-09-15 17:00:00+00:00,231.29,231.89,230.68,230.99,369029.84
2025-09-15 17:15:00+00:00,230.99,231.29,230.02,231.12,422424.9
2025-09-15 17:30:00+00:00,231.12,232.64,230.9,232.18,410604.01
2025-09-15 17:45:00+00:00,232.18,233.32,231.74,233.19,337002.82
2025-09-15 18:00:00+00:00,233.19,233.29,232.14,232.47,268275.31
2025-09-15 18:15:00+00:00,232.47,233.55,232.31,232.73,159471.59
2025-09-15 18:30:00+00:00,232.73,233.3,232.49,232.55,115450.23
2025-09-15 18:45:00+00:00,232.56,233.54,232.22,233.16,190546.6
2025-09-15 19:00:00+00:00,233.16,234.58,233.05,233.64,314350.37
2025-09-15 19:15:00+00:00,233.65,233.68,232.28,232.48,230320.94
2025-09-15 19:30:00+00:00,232.47,233.76,231.84,233.53,219755.13
2025-09-15 19:45:00+00:00,233.53,233.71,232.22,232.9,199990.71
2025-09-15 20:00:00+00:00,232.9,233.89,232.66,233.33,109445.16
2025-09-15 20:15:00+00:00,233.33,233.76,233.19,233.41,77601.56
2025-09-15 20:30:00+00:00,233.41,233.72,233.15,233.56,77709.04
2025-09-15 20:45:00+00:00,233.57,234.36,233.36,234.23,126046.32
2025-09-15 21:00:00+00:00,234.24,234.38,233.59,234.24,99946.51
2025-09-15 21:15:00+00:00,234.24,234.54,233.93,234.18,135261.99
2025-09-15 21:30:00+00:00,234.17,234.9,233.97,234.89,121638.98
2025-09-15 21:45:00+00:00,234.89,235.35,234.56,235.09,155176.85
2025-09-15 22:00:00+00:00,235.09,235.27,234.06,234.59,215529.54
2025-09-15 22:15:00+00:00,234.59,235.18,234.3,234.77,81069.26
2025-09-15 22:30:00+00:00,234.78,234.88,233.54,234.04,128992.42
2025-09-15 22:45:00+00:00,234.04,234.05,233.61,233.82,86167.17
2025-09-15 23:00:00+00:00,233.82,233.96,232.9,233.63,135265.44
2025-09-15 23:15:00+00:00,233.64,234.27,233.54,234.1,105933.84
2025-09-15 23:30:00+00:00,234.1,234.25,233.23,233.36,103890.42
2025-09-15 23:45:00+00:00,233.36,234.41,233.19,234.18,123541.86
2025-09-16 00:00:00+00:00,234.19,234.27,233.87,234.13,115899.28
2025-09-16 00:15:00+00:00,234.14,234.59,233.12,233.26,284037.48
2025-09-16 00:30:00+00:00,233.26,234.04,233.2,233.73,88334.23
2025-09-16 00:45:00+00:00,233.73,233.86,232.74,233.74,198130.88
2025-09-16 01:00:00+00:00,233.73,235.33,233.71,234.92,347263.34
2025-09-16 01:15:00+00:00,234.93,235.64,234.86,234.97,253398.7
2025-09-16 01:30:00+00:00,234.96,235.34,234.18,234.87,179064.25
2025-09-16 01:45:00+00:00,234.87,235.34,233.73,233.85,157327.22
2025-09-16 02:00:00+00:00,233.86,234.76,233.78,234.59,128014.48
2025-09-16 02:15:00+00:00,234.6,234.96,234.11,234.3,63343.06
2025-09-16 02:30:00+00:00,234.3,234.91,234.17,234.42,68421.21
2025-09-16 02:45:00+00:00,234.42,234.6,233.7,233.76,94247.04
2025-09-16 03:00:00+00:00,233.76,234.61,233.74,234.36,148620.39
2025-09-16 03:15:00+00:00,234.36,235.19,234.14,234.95,129339.26
2025-09-16 03:30:00+00:00,234.94,235.73,234.89,235.31,226850.57
2025-09-16 03:45:00+00:00,235.31,235.43,234.79,234.99,134214.99
2025-09-16 04:00:00+00:00,234.99,235.19,233.82,233.95,163164.29
2025-09-16 04:15:00+00:00,233.95,234.46,232.83,234.34,274083.83
2025-09-16 04:30:00+00:00,234.34,234.56,233.52,233.84,118968.39
2025-09-16 04:45:00+00:00,233.83,234.64,233.53,234.43,189089.85
2025-09-16 05:00:00+00:00,234.42,235.71,234.29,235.45,315904.32
2025-09-16 05:15:00+00:00,235.45,235.78,234.53,235.05,192794.78
2025-09-16 05:30:00+00:00,235.05,235.99,234.94,235.91,178556.09
2025-09-16 05:45:00+00:00,235.9,236.49,235.64,236.44,273300.25
2025-09-16 06:00:00+00:00,236.45,236.9,236.09,236.72,294822.33
2025-09-16 06:15:00+00:00,236.73,236.93,235.67,235.8,185974.88
2025-09-16 06:30:00+00:00,235.8,235.84,234.59,235.1,302440.46
2025-09-16 06:45:00+00:00,235.09,235.82,234.84,235.71,155613.61
2025-09-16 07:00:00+00:00,235.71,236.18,235.7,235.92,127056.68
2025-09-16 07:15:00+00:00,235.91,236.3,235.8,236.0,91334.62
2025-09-16 07:30:00+00:00,236.0,236.26,235.2,235.77,127284.29
2025-09-16 07:45:00+00:00,235.76,236.17,235.32,235.68,79986.72
2025-09-16 08:00:00+00:00,235.68,236.76,235.67,236.66,201385.38
2025-09-16 08:15:00+00:00,236.65,236.82,235.62,235.77,157512.01
2025-09-16 08:30:00+00:00,235.76,235.77,235.01,235.14,162008.99
2025-09-16 08:45:00+00:00,235.13,236.25,235.08,235.98,114486.72
2025-09-16 09:00:00+00:00,235.98,236.24,235.53,235.62,110383.21
2025-09-16 09:15:00+00:00,235.63,236.14,235.54,235.57,71060.24
2025-09-16 09:30:00+00:00,235.57,235.79,234.92,234.93,141920.59
2025-09-16 09:45:00+00:00,234.94,235.35,234.71,235.18,105881.07
2025-09-16 10:00:00+00:00,235.18,235.47,234.63,234.99,123693.15
2025-09-16 10:15:00+00:00,235.0,235.56,234.75,235.44,100878.02
2025-09-16 10:30:00+00:00,235.45,235.89,235.06,235.48,124001.79
2025-09-16 10:45:00+00:00,235.49,235.88,235.11,235.14,131626.49
2025-09-16 11:00:00+00:00,235.13,235.45,234.68,235.26,184302.04
2025-09-16 11:15:00+00:00,235.26,235.64,235.01,235.46,95233.39
2025-09-16 11:30:00+00:00,235.46,235.84,235.38,235.51,83372.82
2025-09-16 11:45:00+00:00,235.52,235.75,235.1,235.29,93490.83
2025-09-16 12:00:00+00:00,235.28,235.65,235.07,235.45,84531.47
2025-09-16 12:15:00+00:00,235.45,235.8,234.89,235.06,122330.8
2025-09-16 12:30:00+00:00,235.06,235.62,234.84,235.01,137987.73
2025-09-16 12:45:00+00:00,235.01,235.25,234.31,235.17,205108.96
2025-09-16 13:00:00+00:00,235.16,235.43,234.54,234.61,151996.48
2025-09-16 13:15:00+00:00,234.61,235.53,234.49,235.39,201285.22
2025-09-16 13:30:00+00:00,235.4,235.48,233.11,233.24,546237.24
2025-09-16 13:45:00+00:00,233.23,233.27,231.3,232.98,1234741.49
2025-09-16 14:00:00+00:00,232.98,232.98,231.18,231.76,522992.22
2025-09-16 14:15:00+00:00,231.75,232.71,231.61,232.43,316733.07
2025-09-16 14:30:00+00:00,232.44,233.27,232.0,233.04,303164.31
2025-09-16 14:45:00+00:00,233.04,234.27,233.0,234.03,344555.63
2025-09-16 15:00:00+00:00,234.04,235.03,232.96,234.37,559841.91
2025-09-16 15:15:00+00:00,234.37,235.5,234.1,234.73,337515.8
2025-09-16 15:30:00+00:00,234.73,236.16,234.49,236.09,365263.82
2025-09-16 15:45:00+00:00,236.08,237.97,235.63,237.66,714283.72
2025-09-16 16:00:00+00:00,237.66,239.19,237.19,237.53,1018712.62
2025-09-16 16:15:00+00:00,237.53,237.55,236.11,237.14,831072.93
2025-09-16 16:30:00+00:00,237.13,238.17,237.09,237.31,419694.51
2025-09-16 16:45:00+00:00,237.31,238.3,237.3,238.1,175084.15
2025-09-16 17:00:00+00:00,238.1,239.55,237.95,239.35,502553.39
2025-09-16 17:15:00+00:00,239.34,240.87,239.32,240.12,622065.81
2025-09-16 17:30:00+00:00,240.11,240.12,238.13,238.36,568416.32
2025-09-16 17:45:00+00:00,238.36,238.88,237.71,238.02,327074.05
2025-09-16 18:00:00+00:00,238.02,238.8,237.99,238.59,267687.5
2025-09-16 18:15:00+00:00,238.6,238.97,237.78,237.97,147164.34
2025-09-16 18:30:00+00:00,237.96,238.17,236.72,237.2,379743.72
2025-09-16 18:45:00+00:00,237.21,237.78,237.0,237.49,112550.16
2025-09-16 19:00:00+00:00,237.5,237.91,237.21,237.91,116614.15
2025-09-16 19:15:00+00:00,237.91,238.05,237.31,237.48,108963.32
2025-09-16 19:30:00+00:00,237.49,237.65,236.97,237.4,88137.92
2025-09-16 19:45:00+00:00,237.4,238.24,237.4,237.69,257256.16
2025-09-16 20:00:00+00:00,237.69,238.05,237.17,237.85,126386.03
2025-09-16 20:15:00+00:00,237.85,238.11,237.38,237.79,86522.04
2025-09-16 20:30:00+00:00,237.78,237.87,237.45,237.86,57681.13
2025-09-16 20:45:00+00:00,237.86,238.26,237.83,238.15,65377.32
2025-09-16 21:00:00+00:00,238.14,238.66,237.44,237.61,124505.35
2025-09-16 21:15:00+00:00,237.62,238.05,237.02,237.35,109286.64
2025-09-16 21:30:00+00:00,237.35,237.91,237.35,237.79,82457.84
2025-09-16 21:45:00+00:00,237.79,238.58,237.76,238.39,68918.7
2025-09-16 22:00:00+00:00,238.4,238.87,238.11,238.49,105759.11
2025-09-16 22:15:00+00:00,238.49,238.49,237.57,237.75,123399.21
2025-09-16 22:30:00+00:00,237.75,238.19,237.24,238.13,103971.46
2025-09-16 22:45:00+00:00,238.13,238.41,237.75,237.8,81577.59
2025-09-16 23:00:00+00:00,237.81,238.0,237.37,237.81,74256.15
2025-09-16 23:15:00+00:00,237.82,238.11,237.31,237.51,65028.83
2025-09-16 23:30:00+00:00,237.5,237.78,237.09,237.27,68712.0
2025-09-16 23:45:00+00:00,237.27,237.91,236.35,236.86,314255.7
2025-09-17 00:00:00+00:00,236.86,236.96,235.74,235.91,237529.34
2025-09-17 00:15:00+00:00,235.91,236.63,235.91,236.2,140596.71
2025-09-17 00:30:00+00:00,236.2,236.38,235.86,236.28,91371.11
2025-09-17 00:45:00+00:00,236.29,236.37,235.51,236.12,139182.05
2025-09-17 01:00:00+00:00,236.13,236.6,236.07,236.51,87794.19
2025-09-17 01:15:00+00:00,236.52,236.87,236.04,236.66,104715.35
2025-09-17 01:30:00+00:00,236.66,236.7,235.84,236.1,78704.3
2025-09-17 01:45:00+00:00,236.09,236.32,235.79,236.25,80918.89
2025-09-17 02:00:00+00:00,236.25,236.42,235.73,236.38,102618.3
2025-09-17 02:15:00+00:00,236.38,236.56,236.0,236.46,74015.9
2025-09-17 02:30:00+00:00,236.46,237.27,236.3,237.15,210891.9
2025-09-17 02:45:00+00:00,237.15,237.75,236.22,236.23,416785.57
2025-09-17 03:00:00+00:00,236.22,236.37,235.62,236.1,228479.18
2025-09-17 03:15:00+00:00,236.1,236.42,235.79,235.9,128422.49
2025-09-17 03:30:00+00:00,235.9,235.95,234.63,234.82,269679.43
2025-09-17 03:45:00+00:00,234.82,234.91,233.74,233.99,547742.59
2025-09-17 04:00:00+00:00,233.99,234.63,233.88,234.41,202194.59
2025-09-17 04:15:00+00:00,234.41,234.55,233.88,234.25,145002.05
2025-09-17 04:30:00+00:00,234.25,234.54,233.97,234.17,80500.72
2025-09-17 04:45:00+00:00,234.17,234.17,233.31,233.67,237021.21
2025-09-17 05:00:00+00:00,233.68,234.21,233.62,234.08,163061.17
2025-09-17 05:15:00+00:00,234.09,234.27,233.01,233.42,260292.12
2025-09-17 05:30:00+00:00,233.42,234.2,233.35,233.97,136143.48
2025-09-17 05:45:00+00:00,233.98,235.32,233.27,234.93,377902.1
2025-09-17 06:00:00+00:00,234.93,235.44,234.6,235.14,235667.18
2025-09-17 06:15:00+00:00,235.14,235.21,234.76,234.88,109475.6
2025-09-17 06:30:00+00:00,234.88,236.47,234.74,236.37,229006.46
2025-09-17 06:45:00+00:00,236.37,236.58,235.8,235.96,186453.54
2025-09-17 07:00:00+00:00,235.96,236.41,235.62,236.39,142916.95
2025-09-17 07:15:00+00:00,236.39,237.79,236.37,237.12,417839.51
2025-09-17 07:30:00+00:00,237.11,238.02,237.05,237.66,247126.32
2025-09-17 07:45:00+00:00,237.66,237.93,237.43,237.63,138432.59
2025-09-17 08:00:00+00:00,237.62,237.64,235.52,235.84,534352.51
2025-09-17 08:15:00+00:00,235.84,236.28,235.68,235.76,150625.69
2025-09-17 08:30:00+00:00,235.75,235.76,235.0,235.26,292072.86
2025-09-17 08:45:00+00:00,235.26,236.0,235.09,235.74,163568.38
2025-09-17 09:00:00+00:00,235.73,236.23,235.48,235.97,105418.84
2025-09-17 09:15:00+00:00,235.97,236.1,235.43,235.75,88774.21
2025-09-17 09:30:00+00:00,235.76,235.84,235.22,235.25,85886.08
2025-09-17 09:45:00+00:00,235.24,235.5,235.08,235.1,70417.02
2025-09-17 10:00:00+00:00,235.1,236.32,235.1,235.47,424739.43
2025-09-17 10:15:00+00:00,235.47,235.48,233.7,234.14,375294.6
2025-09-17 10:30:00+00:00,234.14,234.6,234.03,234.52,160408.74
2025-09-17 10:45:00+00:00,234.52,234.66,233.56,234.06,216803.58
2025-09-17 11:00:00+00:00,234.06,234.5,233.8,234.43,122365.2
2025-09-17 11:15:00+00:00,234.43,234.61,233.95,234.32,95919.76
2025-09-17 11:30:00+00:00,234.32,234.33,233.94,233.95,60426.61
2025-09-17 11:45:00+00:00,233.95,234.28,233.9,234.1,83062.05
2025-09-17 12:00:00+00:00,234.09,234.52,233.84,234.36,116518.46
2025-09-17 12:15:00+00:00,234.36,234.72,233.92,234.7,102704.85
2025-09-17 12:30:00+00:00,234.7,235.21,234.04,234.51,177008.99
2025-09-17 12:45:00+00:00,234.52,234.76,234.05,234.65,78331.19
2025-09-17 13:00:00+00:00,234.65,235.11,234.45,234.98,86877.4
2025-09-17 13:15:00+00:00,234.99,235.52,234.86,235.18,133144.23
2025-09-17 13:30:00+00:00,235.18,235.64,234.04,234.35,274397.4
2025-09-17 13:45:00+00:00,234.36,235.89,234.07,235.36,265099.52
2025-09-17 14:00:00+00:00,235.37,235.82,234.84,235.29,178142.07
2025-09-17 14:15:00+00:00,235.29,235.43,234.25,234.63,187651.73
2025-09-17 14:30:00+00:00,234.64,235.14,234.1,234.33,194549.52
2025-09-17 14:45:00+00:00,234.34,234.53,233.44,233.85,299546.46
2025-09-17 15:00:00+00:00,233.86,234.9,233.66,234.7,199002.92
2025-09-17 15:15:00+00:00,234.7,235.07,233.57,233.65,150959.43
2025-09-17 15:30:00+00:00,233.66,234.25,233.55,233.98,211882.67
2025-09-17 15:45:00+00:00,233.97,234.08,233.55,233.79,104817.81
2025-09-17 16:00:00+00:00,233.79,233.79,232.6,232.87,339375.32
2025-09-17 16:15:00+00:00,232.88,233.25,232.15,233.19,284711.52
2025-09-17 16:30:00+00:00,233.19,234.05,232.88,233.98,173820.21
2025-09-17 16:45:00+00:00,233.97,234.68,233.69,233.97,233711.97
2025-09-17 17:00:00+00:00,233.97,234.35,233.02,233.34,180389.83
2025-09-17 17:15:00+00:00,233.35,233.75,232.7,233.56,203495.09
2025-09-17 17:30:00+00:00,233.57,236.33,233.48,235.34,454967.39
2025-09-17 17:45:00+00:00,235.34,236.95,231.76,232.44,890281.28
2025-09-17 18:00:00+00:00,232.44,238.38,231.53,234.19,2909059.48
2025-09-17 18:15:00+00:00,234.19,237.11,232.9,236.85,937528.82
2025-09-17 18:30:00+00:00,236.85,236.97,233.01,233.2,942920.04
2025-09-17 18:45:00+00:00,233.2,235.47,232.45,233.55,1036788.51
2025-09-17 19:00:00+00:00,233.55,236.67,233.4,235.58,993770.64
2025-09-17 19:15:00+00:00,235.59,238.0,235.43,237.76,661061.14
2025-09-17 19:30:00+00:00,237.76,239.0,237.02,238.76,747525.8
2025-09-17 19:45:00+00:00,238.75,238.85,237.76,238.62,501417.88
2025-09-17 20:00:00+00:00,238.62,241.12,238.6,240.85,722557.51
2025-09-17 20:15:00+00:00,240.85,241.07,239.14,239.37,434576.93
2025-09-17 20:30:00+00:00,239.36,240.21,238.18,238.58,373415.75
2025-09-17 20:45:00+00:00,238.58,239.07,237.48,237.9,259792.81
2025-09-17 21:00:00+00:00,237.9,237.96,235.87,237.94,497971.24
2025-09-17 21:15:00+00:00,237.94,239.44,237.87,238.65,318103.64
2025-09-17 21:30:00+00:00,238.66,240.46,238.66,240.18,235162.82
2025-09-17 21:45:00+00:00,240.17,240.59,239.53,240.15,248953.63
2025-09-17 22:00:00+00:00,240.15,243.38,240.15,242.97,796697.69
2025-09-17 22:15:00+00:00,242.96,244.13,242.41,243.95,577841.31
2025-09-17 22:30:00+00:00,243.95,244.98,243.8,244.03,456822.84
2025-09-17 22:45:00+00:00,244.03,245.64,243.72,244.79,484666.11
2025-09-17 23:00:00+00:00,244.78,246.55,244.73,245.31,523626.25
2025-09-17 23:15:00+00:00,245.3,245.42,244.1,244.51,455401.99
2025-09-17 23:30:00+00:00,244.51,244.98,243.74,243.89,233314.51
2025-09-17 23:45:00+00:00,243.89,245.17,243.83,244.75,210509.85
2025-09-18 00:00:00+00:00,244.74,245.06,244.0,245.0,211990.67
2025-09-18 00:15:00+00:00,245.0,246.0,244.78,245.03,326447.15
2025-09-18 00:30:00+00:00,245.03,245.52,244.73,245.26,176346.4
2025-09-18 00:45:00+00:00,245.26,245.46,244.39,244.65,187021.36
2025-09-18 01:00:00+00:00,244.65,245.89,244.41,245.74,237971.79
2025-09-18 01:15:00+00:00,245.73,246.15,245.27,245.59,183012.91
2025-09-18 01:30:00+00:00,245.6,246.62,245.46,246.51,199554.11
2025-09-18 01:45:00+00:00,246.51,247.41,246.05,246.2,453515.06
2025-09-18 02:00:00+00:00,246.21,246.51,245.41,245.87,304683.01
2025-09-18 02:15:00+00:00,245.87,246.08,245.01,245.19,157001.67
2025-09-18 02:30:00+00:00,245.19,245.73,245.11,245.28,110153.73
2025-09-18 02:45:00+00:00,245.28,246.42,245.24,246.32,172746.15
2025-09-18 03:00:00+00:00,246.32,247.34,246.01,247.21,289220.22
2025-09-18 03:15:00+00:00,247.2,247.78,246.67,246.8,303558.44
2025-09-18 03:30:00+00:00,246.79,246.87,246.2,246.41,213062.1
2025-09-18 03:45:00+00:00,246.4,247.1,246.28,246.62,272969.63
2025-09-18 04:00:00+00:00,246.62,246.96,246.02,246.47,183479.54
2025-09-18 04:15:00+00:00,246.48,246.73,245.55,245.64,252982.91
2025-09-18 04:30:00+00:00,245.64,246.14,245.5,245.78,215661.68
2025-09-18 04:45:00+00:00,245.77,246.2,245.43,246.14,153266.67
2025-09-18 05:00:00+00:00,246.14,246.26,245.6,245.66,99106.49
2025-09-18 05:15:00+00:00,245.66,245.91,244.8,244.9,193349.26
2025-09-18 05:30:00+00:00,244.89,245.05,244.23,244.68,254852.72
2025-09-18 05:45:00+00:00,244.67,244.88,244.34,244.84,97326.96
2025-09-18 06:00:00+00:00,244.85,244.98,243.2,243.52,349873.51
2025-09-18 06:15:00+00:00,243.52,244.06,242.7,242.85,335320.88
2025-09-18 06:30:00+00:00,242.85,243.8,242.48,243.72,373085.88
2025-09-18 06:45:00+00:00,243.72,244.28,243.39,244.19,245215.69
2025-09-18 07:00:00+00:00,244.19,244.81,244.19,244.69,195436.96
2025-09-18 07:15:00+00:00,244.68,245.0,244.37,244.69,139635.57
2025-09-18 07:30:00+00:00,244.7,245.18,244.58,245.12,140451.99
2025-09-18 07:45:00+00:00,245.11,245.18,244.45,244.65,141169.78
2025-09-18 08:00:00+00:00,244.65,245.6,244.25,245.53,203300.27
2025-09-18 08:15:00+00:00,245.54,246.2,245.04,246.05,283017.77
2025-09-18 08:30:00+00:00,246.05,247.2,245.86,246.4,333937.53
2025-09-18 08:45:00+00:00,246.4,247.06,246.13,246.9,167306.34
2025-09-18 09:00:00+00:00,246.9,246.9,246.16,246.21,200068.09
2025-09-18 09:15:00+00:00,246.2,246.8,246.2,246.61,93245.51
2025-09-18 09:30:00+00:00,246.6,246.7,246.0,246.2,119849.92
2025-09-18 09:45:00+00:00,246.21,247.06,246.12,247.01,142046.97
2025-09-18 10:00:00+00:00,247.01,247.04,246.02,246.39,196354.43
2025-09-18 10:15:00+00:00,246.4,246.5,245.19,245.36,324999.09
2025-09-18 10:30:00+00:00,245.35,245.96,245.3,245.72,112720.76
2025-09-18 10:45:00+00:00,245.72,246.27,245.56,245.9,96571.09
2025-09-18 11:00:00+00:00,245.91,246.79,245.9,246.49,191350.19
2025-09-18 11:15:00+00:00,246.48,246.93,246.48,246.81,138595.35
2025-09-18 11:30:00+00:00,246.81,246.85,246.0,246.17,112349.8
2025-09-18 11:45:00+00:00,246.16,246.22,245.49,245.84,136565.03
2025-09-18 12:00:00+00:00,245.84,246.79,245.69,246.75,147880.44
2025-09-18 12:15:00+00:00,246.75,246.76,246.39,246.6,124328.34
2025-09-18 12:30:00+00:00,246.61,246.61,245.69,246.14,150950.37
2025-09-18 12:45:00+00:00,246.14,246.5,245.84,245.9,94416.54
2025-09-18 13:00:00+00:00,245.89,246.6,245.56,246.6,176904.54
2025-09-18 13:15:00+00:00,246.59,247.33,246.31,247.15,399745.05
2025-09-18 13:30:00+00:00,247.16,248.31,245.22,245.7,994093.09
2025-09-18 13:45:00+00:00,245.7,246.65,244.83,246.03,677757.1
2025-09-18 14:00:00+00:00,246.02,247.16,245.98,246.58,388201.21
2025-09-18 14:15:00+00:00,246.58,247.93,246.26,247.37,360633.34
2025-09-18 14:30:00+00:00,247.38,247.83,246.45,246.87,277297.63
2025-09-18 14:45:00+00:00,246.86,248.07,246.34,247.59,403184.58
2025-09-18 15:00:00+00:00,247.6,248.45,247.28,247.36,352615.73
2025-09-18 15:15:00+00:00,247.35,248.93,247.16,248.29,561344.67
2025-09-18 15:30:00+00:00,248.28,248.74,247.84,247.96,196646.7
2025-09-18 15:45:00+00:00,247.96,248.46,247.86,248.12,162521.49
2025-09-18 16:00:00+00:00,248.11,249.18,248.07,248.64,288470.72
2025-09-18 16:15:00+00:00,248.63,249.18,248.08,248.41,262423.6
2025-09-18 16:30:00+00:00,248.41,249.01,247.48,248.86,305261.29
2025-09-18 16:45:00+00:00,248.86,250.22,248.81,249.77,861044.61
2025-09-18 17:00:00+00:00,249.76,253.3,249.18,252.41,1697493.48
2025-09-18 17:15:00+00:00,252.4,253.49,251.3,251.47,634564.69
2025-09-18 17:30:00+00:00,251.47,251.79,250.64,250.95,347872.99
2025-09-18 17:45:00+00:00,250.95,252.05,250.81,251.29,246479.53
2025-09-18 18:00:00+00:00,251.3,251.36,249.97,250.63,280238.74
2025-09-18 18:15:00+00:00,250.62,250.93,250.14,250.58,199678.02
2025-09-18 18:30:00+00:00,250.58,250.68,249.75,250.22,177102.06
2025-09-18 18:45:00+00:00,250.22,250.67,250.07,250.33,159909.15
2025-09-18 19:00:00+00:00,250.34,250.4,248.41,248.46,396661.75
2025-09-18 19:15:00+00:00,248.47,248.79,247.91,248.09,236005.71
2025-09-18 19:30:00+00:00,248.09,248.73,247.25,248.37,357153.17
2025-09-18 19:45:00+00:00,248.37,249.01,248.0,248.25,341357.94
2025-09-18 20:00:00+00:00,248.24,248.82,247.78,248.39,173436.0
2025-09-18 20:15:00+00:00,248.38,248.58,247.89,248.37,81956.64
2025-09-18 20:30:00+00:00,248.38,249.09,248.16,248.46,118127.84
2025-09-18 20:45:00+00:00,248.46,249.05,248.19,248.22,121396.69
2025-09-18 21:00:00+00:00,248.21,248.41,247.75,247.83,72580.47
2025-09-18 21:15:00+00:00,247.82,248.15,247.5,248.05,107467.32
2025-09-18 21:30:00+00:00,248.05,248.41,247.91,248.14,68427.86
2025-09-18 21:45:00+00:00,248.13,248.56,247.32,247.54,147973.3
2025-09-18 22:00:00+00:00,247.54,247.69,246.74,247.05,367023.84
2025-09-18 22:15:00+00:00,247.06,247.92,247.0,247.79,120885.72
2025-09-18 22:30:00+00:00,247.8,248.1,247.56,247.57,97829.41
2025-09-18 22:45:00+00:00,247.57,247.73,246.79,246.98,212675.82
2025-09-18 23:00:00+00:00,246.98,246.99,245.94,246.65,282176.48
2025-09-18 23:15:00+00:00,246.65,246.65,245.77,246.38,158788.41
2025-09-18 23:30:00+00:00,246.39,247.07,246.39,246.87,126169.32
2025-09-18 23:45:00+00:00,246.88,247.59,246.87,247.34,140179.25
2025-09-19 00:00:00+00:00,247.35,247.9,247.07,247.09,139860.66
2025-09-19 00:15:00+00:00,247.09,248.04,247.03,247.97,167594.44
2025-09-19 00:30:00+00:00,247.97,248.21,247.56,248.08,125396.35
2025-09-19 00:45:00+00:00,248.07,248.2,247.52,248.04,123009.75
2025-09-19 01:00:00+00:00,248.04,248.42,247.41,247.52,180659.92
2025-09-19 01:15:00+00:00,247.52,247.86,246.88,247.42,161804.88
2025-09-19 01:30:00+00:00,247.43,247.7,246.79,247.17,112305.04
2025-09-19 01:45:00+00:00,247.18,247.61,246.66,247.34,100064.34
2025-09-19 02:00:00+00:00,247.33,247.93,246.5,246.66,159025.13
2025-09-19 02:15:00+00:00,246.65,246.88,246.36,246.61,115384.56
2025-09-19 02:30:00+00:00,246.61,247.05,246.29,246.86,66688.05
2025-09-19 02:45:00+00:00,246.86,247.16,246.52,246.61,54879.82
2025-09-19 03:00:00+00:00,246.61,247.34,246.48,247.2,87152.61
2025-09-19 03:15:00+00:00,247.2,247.67,246.73,246.9,114091.01
2025-09-19 03:30:00+00:00,246.91,246.94,245.43,245.75,425185.21
2025-09-19 03:45:00+00:00,245.75,245.87,244.59,244.93,409848.28
2025-09-19 04:00:00+00:00,244.93,244.93,242.76,243.02,768697.51
2025-09-19 04:15:00+00:00,243.03,244.71,243.02,244.71,374147.82
2025-09-19 04:30:00+00:00,244.71,245.26,244.38,244.97,266858.01
2025-09-19 04:45:00+00:00,244.98,245.36,244.55,244.91,209815.8
2025-09-19 05:00:00+00:00,244.92,245.2,244.23,245.13,126148.59
2025-09-19 05:15:00+00:00,245.13,245.61,244.27,244.43,220685.38
2025-09-19 05:30:00+00:00,244.43,245.12,244.15,244.88,124400.28
2025-09-19 05:45:00+00:00,244.88,245.65,244.88,245.54,138514.85
2025-09-19 06:00:00+00:00,245.55,245.58,244.92,244.98,83032.07
2025-09-19 06:15:00+00:00,244.99,245.48,244.53,244.95,112965.09
2025-09-19 06:30:00+00:00,244.96,245.06,244.38,244.62,124915.57
2025-09-19 06:45:00+00:00,244.61,244.91,243.4,243.56,228546.14
2025-09-19 07:00:00+00:00,243.55,244.13,243.03,243.75,236346.9
2025-09-19 07:15:00+00:00,243.74,244.37,243.68,244.21,131841.38
2025-09-19 07:30:00+00:00,244.2,244.77,243.86,244.35,184818.78
2025-09-19 07:45:00+00:00,244.35,244.54,243.69,243.7,112512.29
2025-09-19 08:00:00+00:00,243.69,244.4,243.61,244.23,106635.03
2025-09-19 08:15:00+00:00,244.23,244.77,244.2,244.3,126457.37
2025-09-19 08:30:00+00:00,244.31,244.33,243.33,243.69,126050.72
2025-09-19 08:45:00+00:00,243.7,243.84,243.43,243.69,53497.84
2025-09-19 09:00:00+00:00,243.68,244.25,243.39,244.03,113424.8
2025-09-19 09:15:00+00:00,244.02,244.03,242.55,242.81,240051.41
2025-09-19 09:30:00+00:00,242.82,243.28,242.32,242.61,170752.51
2025-09-19 09:45:00+00:00,242.61,242.89,242.01,242.75,280579.57
2025-09-19 10:00:00+00:00,242.76,242.9,241.43,242.18,487947.05
2025-09-19 10:15:00+00:00,242.18,242.35,241.86,242.01,111904.15
2025-09-19 10:30:00+00:00,242.0,242.48,241.74,242.42,98841.67
2025-09-19 10:45:00+00:00,242.42,242.54,242.04,242.21,107200.4
2025-09-19 11:00:00+00:00,242.21,242.31,241.16,241.5,228414.82
2025-09-19 11:15:00+00:00,241.49,241.7,240.58,240.71,397879.95
2025-09-19 11:30:00+00:00,240.71,240.94,240.1,240.2,335571.31
2025-09-19 11:45:00+00:00,240.2,241.1,240.16,240.84,233716.58
2025-09-19 12:00:00+00:00,240.84,241.86,240.78,241.62,211936.15
2025-09-19 12:15:00+00:00,241.62,242.01,240.5,240.74,259675.08
2025-09-19 12:30:00+00:00,240.73,240.98,240.33,240.91,222498.58
2025-09-19 12:45:00+00:00,240.91,240.95,240.55,240.72,116252.37
2025-09-19 13:00:00+00:00,240.72,241.47,240.6,241.25,230695.92
2025-09-19 13:15:00+00:00,241.25,241.7,240.88,241.1,227820.73
2025-09-19 13:30:00+00:00,241.1,241.74,240.51,241.46,252936.37
2025-09-19 13:45:00+00:00,241.47,242.18,241.15,241.97,318531.51
2025-09-19 14:00:00+00:00,241.96,242.46,241.78,242.16,297585.08
2025-09-19 14:15:00+00:00,242.15,242.59,241.86,241.91,219603.62
2025-09-19 14:30:00+00:00,241.92,242.26,241.08,241.17,213371.53
2025-09-19 14:45:00+00:00,241.17,241.44,239.3,239.49,930592.49
2025-09-19 15:00:00+00:00,239.5,239.5,235.68,236.78,2419222.75
2025-09-19 15:15:00+00:00,236.78,237.87,236.36,237.55,704903.72
2025-09-19 15:30:00+00:00,237.56,237.96,236.6,237.72,337776.01
2025-09-19 15:45:00+00:00,237.71,237.99,237.05,237.37,226070.8
2025-09-19 16:00:00+00:00,237.37,238.26,237.06,238.21,316122.66
2025-09-19 16:15:00+00:00,238.2,238.61,237.87,238.58,223424.36
2025-09-19 16:30:00+00:00,238.57,238.67,237.87,238.53,156674.6
2025-09-19 16:45:00+00:00,238.54,238.74,238.3,238.49,143994.33
2025-09-19 17:00:00+00:00,238.5,238.57,237.4,237.66,178203.61
2025-09-19 17:15:00+00:00,237.66,238.07,237.33,237.48,184825.76
2025-09-19 17:30:00+00:00,237.48,237.48,236.35,237.05,292677.55
2025-09-19 17:45:00+00:00,237.06,237.18,236.45,236.53,148144.46
2025-09-19 18:00:00+00:00,236.52,236.75,234.97,236.0,612272.94
2025-09-19 18:15:00+00:00,236.0,236.52,235.45,236.32,218952.92
2025-09-19 18:30:00+00:00,236.33,236.93,236.18,236.71,172488.82
2025-09-19 18:45:00+00:00,236.72,236.96,236.17,236.85,142186.43
2025-09-19 19:00:00+00:00,236.86,237.56,236.81,237.24,283053.88
2025-09-19 19:15:00+00:00,237.25,237.8,237.25,237.69,160860.47
2025-09-19 19:30:00+00:00,237.69,237.7,237.02,237.13,163593.1
2025-09-19 19:45:00+00:00,237.13,237.28,235.73,235.85,306494.33
2025-09-19 20:00:00+00:00,235.85,236.56,235.84,236.54,181170.46
2025-09-19 20:15:00+00:00,236.54,237.38,236.26,237.32,155130.63
2025-09-19 20:30:00+00:00,237.32,237.66,237.22,237.66,133833.21
2025-09-19 20:45:00+00:00,237.65,237.68,236.84,236.89,109363.78
2025-09-19 21:00:00+00:00,236.89,237.22,236.33,237.12,154654.38
2025-09-19 21:15:00+00:00,237.12,237.59,237.0,237.55,99811.33
2025-09-19 21:30:00+00:00,237.56,238.1,237.51,238.0,160051.07
2025-09-19 21:45:00+00:00,238.0,238.3,237.6,238.26,119028.6
2025-09-19 22:00:00+00:00,238.27,238.68,238.18,238.66,90611.14
2025-09-19 22:15:00+00:00,238.66,238.74,238.36,238.4,58202.63
2025-09-19 22:30:00+00:00,238.4,238.49,238.23,238.25,59165.96
2025-09-19 22:45:00+00:00,238.25,238.64,238.23,238.38,71620.78
2025-09-19 23:00:00+00:00,238.39,238.41,237.83,237.89,76281.82
2025-09-19 23:15:00+00:00,237.89,238.01,236.78,236.83,160620.21
2025-09-19 23:30:00+00:00,236.83,237.52,236.67,237.52,74866.89
2025-09-19 23:45:00+00:00,237.51,238.4,237.51,238.4,114200.15
2025-09-20 00:00:00+00:00,238.39,238.79,238.17,238.62,87512.78
2025-09-20 00:15:00+00:00,238.62,238.93,238.1,238.53,164696.81
2025-09-20 00:30:00+00:00,238.54,239.18,238.44,239.11,151185.59
2025-09-20 00:45:00+00:00,239.11,239.6,239.07,239.52,178835.43
2025-09-20 01:00:00+00:00,239.52,239.55,238.97,239.07,149515.55
2025-09-20 01:15:00+00:00,239.06,239.9,238.92,239.46,114563.97
2025-09-20 01:30:00+00:00,239.46,239.46,238.57,238.86,108606.94
2025-09-20 01:45:00+00:00,238.86,238.94,238.25,238.25,93916.51
2025-09-20 02:00:00+00:00,238.26,238.4,237.71,237.78,134693.81
2025-09-20 02:15:00+00:00,237.77,238.2,237.23,238.07,200051.98
2025-09-20 02:30:00+00:00,238.06,238.22,237.31,238.05,108403.61
2025-09-20 02:45:00+00:00,238.04,238.36,237.88,238.26,77880.34
2025-09-20 03:00:00+00:00,238.27,238.28,237.63,237.99,92742.83
2025-09-20 03:15:00+00:00,237.98,238.25,237.89,237.94,55424.39
2025-09-20 03:30:00+00:00,237.94,238.27,237.81,238.24,54553.35
2025-09-20 03:45:00+00:00,238.24,238.28,237.7,237.96,62006.49
2025-09-20 04:00:00+00:00,237.96,238.2,237.62,238.17,74704.53
2025-09-20 04:15:00+00:00,238.17,238.22,237.95,238.06,66509.17
2025-09-20 04:30:00+00:00,238.05,238.74,237.98,238.71,84499.96
2025-09-20 04:45:00+00:00,238.71,238.78,238.38,238.55,72752.74
2025-09-20 05:00:00+00:00,238.56,238.79,238.33,238.78,78553.56
2025-09-20 05:15:00+00:00,238.78,239.19,238.69,239.06,106487.38
2025-09-20 05:30:00+00:00,239.06,239.37,238.85,239.07,101311.48
2025-09-20 05:45:00+00:00,239.07,239.31,239.01,239.3,66166.46
2025-09-20 06:00:00+00:00,239.29,239.29,238.57,238.67,86390.96
2025-09-20 06:15:00+00:00,238.67,239.11,238.6,239.01,39999.17
2025-09-20 06:30:00+00:00,239.01,239.27,239.0,239.05,50305.46
2025-09-20 06:45:00+00:00,239.05,239.29,238.89,238.98,63380.98
2025-09-20 07:00:00+00:00,238.98,239.48,238.93,239.26,175916.44
2025-09-20 07:15:00+00:00,239.25,239.4,238.88,238.96,65468.98
2025-09-20 07:30:00+00:00,238.97,239.42,238.83,239.36,79398.47
2025-09-20 07:45:00+00:00,239.36,239.68,239.21,239.64,95756.68
2025-09-20 08:00:00+00:00,239.63,239.63,239.07,239.13,79585.11
2025-09-20 08:15:00+00:00,239.14,239.21,238.42,238.48,104156.02
2025-09-20 08:30:00+00:00,238.49,238.76,238.36,238.53,67670.95
2025-09-20 08:45:00+00:00,238.52,238.52,237.27,237.48,210241.93
2025-09-20 09:00:00+00:00,237.47,237.93,237.27,237.87,114946.74
2025-09-20 09:15:00+00:00,237.87,237.95,237.68,237.69,61202.33
2025-09-20 09:30:00+00:00,237.69,237.73,237.0,237.47,155077.0
2025-09-20 09:45:00+00:00,237.48,237.64,237.03,237.08,83759.73
2025-09-20 10:00:00+00:00,237.08,237.59,237.07,237.54,74295.57
2025-09-20 10:15:00+00:00,237.55,237.71,237.12,237.13,67510.76
2025-09-20 10:30:00+00:00,237.12,237.38,236.72,237.29,152478.04
2025-09-20 10:45:00+00:00,237.29,237.46,236.97,237.18,72814.08
2025-09-20 11:00:00+00:00,237.18,238.16,237.18,238.0,124873.09
2025-09-20 11:15:00+00:00,238.0,238.08,237.39,237.5,81675.46
2025-09-20 11:30:00+00:00,237.5,237.99,237.5,237.91,55918.68
2025-09-20 11:45:00+00:00,237.91,238.31,237.91,238.03,65646.21
2025-09-20 12:00:00+00:00,238.03,238.1,237.69,237.73,63698.77
2025-09-20 12:15:00+00:00,237.72,237.76,237.16,237.31,88885.26
2025-09-20 12:30:00+00:00,237.3,237.6,237.22,237.32,46483.19
2025-09-20 12:45:00+00:00,237.32,237.58,237.16,237.57,44269.25
2025-09-20 13:00:00+00:00,237.57,237.83,237.33,237.6,49697.72
2025-09-20 13:15:00+00:00,237.6,238.0,237.53,237.87,49157.22
2025-09-20 13:30:00+00:00,237.86,237.95,237.45,237.77,62609.02
2025-09-20 13:45:00+00:00,237.78,237.93,237.24,237.33,69937.66
2025-09-20 14:00:00+00:00,237.33,237.45,236.91,237.15,90888.57
2025-09-20 14:15:00+00:00,237.15,237.6,237.09,237.52,47866.59
2025-09-20 14:30:00+00:00,237.52,238.04,237.39,238.03,80335.38
2025-09-20 14:45:00+00:00,238.03,238.86,237.93,238.6,247278.55
2025-09-20 15:00:00+00:00,238.6,239.83,238.6,239.68,301965.64
2025-09-20 15:15:00+00:00,239.69,241.13,239.68,240.65,497514.75
2025-09-20 15:30:00+00:00,240.65,240.7,240.01,240.29,223904.95
2025-09-20 15:45:00+00:00,240.28,240.29,239.34,240.0,196083.63
2025-09-20 16:00:00+00:00,240.0,240.99,239.93,240.39,225762.38
2025-09-20 16:15:00+00:00,240.4,240.41,239.1,239.47,207104.17
2025-09-20 16:30:00+00:00,239.46,240.37,239.17,240.18,151174.58
2025-09-20 16:45:00+00:00,240.17,240.33,239.78,240.29,77609.25
2025-09-20 17:00:00+00:00,240.29,240.45,239.56,239.63,117648.23
2025-09-20 17:15:00+00:00,239.63,240.05,239.33,239.35,160494.56
2025-09-20 17:30:00+00:00,239.36,239.58,238.8,239.09,108905.43
2025-09-20 17:45:00+00:00,239.08,239.32,238.77,238.98,80771.69
2025-09-20 18:00:00+00:00,238.98,238.99,238.13,238.58,186200.37
2025-09-20 18:15:00+00:00,238.59,238.96,238.24,238.82,72031.32
2025-09-20 18:30:00+00:00,238.81,238.82,238.07,238.52,88886.75
2025-09-20 18:45:00+00:00,238.53,238.53,238.11,238.27,56778.79
2025-09-20 19:00:00+00:00,238.28,238.51,237.84,238.48,86708.01
2025-09-20 19:15:00+00:00,238.48,238.94,238.47,238.81,66172.59
2025-09-20 19:30:00+00:00,238.82,238.91,238.26,238.27,50054.84
2025-09-20 19:45:00+00:00,238.26,238.54,238.06,238.51,41216.86
2025-09-20 20:00:00+00:00,238.51,238.9,238.32,238.77,57936.26
2025-09-20 20:15:00+00:00,238.77,239.14,238.56,239.12,54766.86
2025-09-20 20:30:00+00:00,239.12,239.45,239.04,239.31,68146.72
2025-09-20 20:45:00+00:00,239.31,239.75,239.29,239.61,82149.6
2025-09-20 21:00:00+00:00,239.62,239.79,239.34,239.79,66103.39
2025-09-20 21:15:00+00:00,239.79,239.94,239.49,239.94,61297.9
2025-09-20 21:30:00+00:00,239.93,240.19,239.77,240.16,49632.23
2025-09-20 21:45:00+00:00,240.15,240.16,239.55,239.67,52334.69
2025-09-20 22:00:00+00:00,239.67,239.78,239.41,239.78,48836.9
2025-09-20 22:15:00+00:00,239.78,239.89,239.6,239.8,26719.65
2025-09-20 22:30:00+00:00,239.8,239.8,239.22,239.42,60189.56
2025-09-20 22:45:00+00:00,239.43,240.1,239.43,239.99,53208.91
2025-09-20 23:00:00+00:00,239.99,240.08,239.52,239.58,42098.35
2025-09-20 23:15:00+00:00,239.58,239.6,239.03,239.21,71359.47
2025-09-20 23:30:00+00:00,239.2,239.34,238.89,239.09,66691.89
2025-09-20 23:45:00+00:00,239.08,239.45,238.98,239.38,30694.78
2025-09-21 00:00:00+00:00,239.37,239.55,239.06,239.5,49421.82
2025-09-21 00:15:00+00:00,239.51,239.67,239.12,239.28,55144.65
2025-09-21 00:30:00+00:00,239.28,239.75,238.83,239.71,91538.86
2025-09-21 00:45:00+00:00,239.71,240.61,239.56,240.57,175005.66
2025-09-21 01:00:00+00:00,240.57,240.66,239.96,240.39,137267.33
2025-09-21 01:15:00+00:00,240.39,240.57,240.01,240.04,86389.57
2025-09-21 01:30:00+00:00,240.04,240.37,239.77,240.08,70669.57
2025-09-21 01:45:00+00:00,240.09,240.19,239.77,239.99,50753.23
2025-09-21 02:00:00+00:00,239.99,240.79,239.93,240.73,101588.27
2025-09-21 02:15:00+00:00,240.73,240.91,239.74,240.43,124173.82
2025-09-21 02:30:00+00:00,240.43,240.77,240.23,240.56,63405.5
2025-09-21 02:45:00+00:00,240.56,241.0,240.44,241.0,63502.52
2025-09-21 03:00:00+00:00,240.99,241.23,240.42,240.65,92090.48
2025-09-21 03:15:00+00:00,240.65,240.99,240.36,240.83,61969.85
2025-09-21 03:30:00+00:00,240.83,241.07,240.53,240.91,41567.5
2025-09-21 03:45:00+00:00,240.91,241.7,240.88,241.69,105650.02
2025-09-21 04:00:00+00:00,241.69,241.73,240.88,240.97,108402.49
2025-09-21 04:15:00+00:00,240.97,241.37,240.97,241.15,69363.11
2025-09-21 04:30:00+00:00,241.15,241.26,240.55,240.61,81650.76
2025-09-21 04:45:00+00:00,240.62,240.62,240.24,240.4,90230.77
2025-09-21 05:00:00+00:00,240.39,240.78,240.05,240.08,89446.7
2025-09-21 05:15:00+00:00,240.08,240.45,240.05,240.16,50773.55
2025-09-21 05:30:00+00:00,240.16,240.35,240.06,240.19,59733.4
2025-09-21 05:45:00+00:00,240.2,240.55,240.1,240.28,58486.31
2025-09-21 06:00:00+00:00,240.29,240.65,240.07,240.63,66693.89
2025-09-21 06:15:00+00:00,240.62,240.8,240.25,240.41,65667.25
2025-09-21 06:30:00+00:00,240.41,240.96,240.19,240.95,71875.04
2025-09-21 06:45:00+00:00,240.96,240.96,240.18,240.2,64322.17
2025-09-21 07:00:00+00:00,240.21,240.22,239.29,239.64,197693.17
2025-09-21 07:15:00+00:00,239.65,240.08,239.45,239.91,69206.55
2025-09-21 07:30:00+00:00,239.91,240.08,239.79,239.88,52810.34
2025-09-21 07:45:00+00:00,239.88,240.1,239.6,239.75,73775.5
2025-09-21 08:00:00+00:00,239.75,239.98,239.2,239.32,89478.72
2025-09-21 08:15:00+00:00,239.31,239.33,238.48,238.64,180559.97
2025-09-21 08:30:00+00:00,238.64,238.96,238.39,238.89,130001.54
2025-09-21 08:45:00+00:00,238.88,238.9,238.53,238.72,54408.65
2025-09-21 09:00:00+00:00,238.71,238.93,238.02,238.18,111062.35
2025-09-21 09:15:00+00:00,238.18,238.24,237.4,237.64,273754.22
2025-09-21 09:30:00+00:00,237.64,237.94,236.99,237.9,389549.98
2025-09-21 09:45:00+00:00,237.9,238.42,237.53,238.38,161243.02
2025-09-21 10:00:00+00:00,238.38,238.57,238.13,238.3,95533.66
2025-09-21 10:15:00+00:00,238.31,238.8,237.9,238.63,130951.85
2025-09-21 10:30:00+00:00,238.63,239.15,238.5,238.53,118985.02
2025-09-21 10:45:00+00:00,238.52,238.53,238.09,238.26,54145.72
2025-09-21 11:00:00+00:00,238.25,238.92,238.08,238.83,88853.23
2025-09-21 11:15:00+00:00,238.83,238.83,238.34,238.54,83124.39
2025-09-21 11:30:00+00:00,238.55,238.98,238.4,238.77,55796.95
2025-09-21 11:45:00+00:00,238.77,238.81,238.42,238.51,42759.16
2025-09-21 12:00:00+00:00,238.52,239.46,238.42,239.32,104858.77
2025-09-21 12:15:00+00:00,239.32,239.94,239.24,239.67,159844.82
2025-09-21 12:30:00+00:00,239.68,239.9,239.32,239.45,84471.86
2025-09-21 12:45:00+00:00,239.45,239.8,239.15,239.39,73779.88
2025-09-21 13:00:00+00:00,239.38,239.8,239.24,239.67,68053.93
2025-09-21 13:15:00+00:00,239.67,239.9,239.48,239.86,44606.49
2025-09-21 13:30:00+00:00,239.85,240.19,239.04,239.32,151017.64
2025-09-21 13:45:00+00:00,239.31,239.5,239.2,239.38,46608.8
2025-09-21 14:00:00+00:00,239.39,239.64,239.1,239.4,68648.03
2025-09-21 14:15:00+00:00,239.41,239.46,238.84,238.84,78620.66
2025-09-21 14:30:00+00:00,238.84,239.46,238.71,239.46,85126.49
2025-09-21 14:45:00+00:00,239.46,239.8,238.27,238.44,133726.84
2025-09-21 15:00:00+00:00,238.43,238.59,238.2,238.37,146611.29
2025-09-21 15:15:00+00:00,238.36,238.37,237.65,237.87,165091.6
2025-09-21 15:30:00+00:00,237.88,238.2,237.54,238.16,126277.93
2025-09-21 15:45:00+00:00,238.16,238.35,237.55,237.78,160138.15
2025-09-21 16:00:00+00:00,237.77,238.27,237.77,238.07,100872.15
2025-09-21 16:15:00+00:00,238.07,238.22,236.94,237.56,273865.96
2025-09-21 16:30:00+00:00,237.55,237.63,236.12,236.23,388858.13
2025-09-21 16:45:00+00:00,236.23,237.0,235.89,236.89,263446.95
2025-09-21 17:00:00+00:00,236.89,237.25,236.47,236.8,139904.86
2025-09-21 17:15:00+00:00,236.8,236.98,236.26,236.58,110148.59
2025-09-21 17:30:00+00:00,236.57,237.01,236.11,236.99,85104.9
2025-09-21 17:45:00+00:00,236.99,237.74,236.88,237.67,110676.1
2025-09-21 18:00:00+00:00,237.67,237.79,237.15,237.46,119812.22
2025-09-21 18:15:00+00:00,237.46,237.74,237.06,237.17,77014.86
2025-09-21 18:30:00+00:00,237.18,237.63,237.11,237.57,53657.34
2025-09-21 18:45:00+00:00,237.56,238.0,237.48,238.0,58063.95
2025-09-21 19:00:00+00:00,238.0,238.05,236.99,237.25,114922.44
2025-09-21 19:15:00+00:00,237.25,237.75,237.04,237.75,45113.37
2025-09-21 19:30:00+00:00,237.75,237.8,237.16,237.4,48942.44
2025-09-21 19:45:00+00:00,237.41,237.99,237.31,237.88,58536.0
2025-09-21 20:00:00+00:00,237.88,237.88,237.11,237.28,61114.07
2025-09-21 20:15:00+00:00,237.29,237.9,237.2,237.87,57176.23
2025-09-21 20:30:00+00:00,237.87,237.9,237.44,237.49,38815.62
2025-09-21 20:45:00+00:00,237.49,237.74,237.21,237.53,37956.1
2025-09-21 21:00:00+00:00,237.54,237.65,236.89,237.17,62107.68
2025-09-21 21:15:00+00:00,237.16,237.16,236.64,236.67,55030.85
2025-09-21 21:30:00+00:00,236.67,237.52,236.55,237.43,49131.73
2025-09-21 21:45:00+00:00,237.43,237.45,237.11,237.17,20552.42
2025-09-21 22:00:00+00:00,237.17,237.45,235.59,235.66,250366.78
2025-09-21 22:15:00+00:00,235.65,236.11,235.22,236.0,188643.33
2025-09-21 22:30:00+00:00,235.99,236.7,235.73,236.7,88549.0
2025-09-21 22:45:00+00:00,236.7,238.0,236.63,237.79,212387.36
2025-09-21 23:00:00+00:00,237.78,237.8,235.92,236.23,200769.04
2025-09-21 23:15:00+00:00,236.24,236.52,235.84,236.49,108000.83
2025-09-21 23:30:00+00:00,236.48,236.82,236.1,236.72,90015.95
2025-09-21 23:45:00+00:00,236.72,236.78,236.03,236.05,56116.8
2025-09-22 00:00:00+00:00,236.04,236.87,235.74,236.22,174128.49
2025-09-22 00:15:00+00:00,236.21,236.22,234.22,234.65,530126.74
2025-09-22 00:30:00+00:00,234.64,234.64,232.13,232.81,1662542.3
2025-09-22 00:45:00+00:00,232.81,233.15,231.15,232.13,805189.51
2025-09-22 01:00:00+00:00,232.14,234.06,231.95,233.2,679618.52
2025-09-22 01:15:00+00:00,233.2,233.91,232.29,233.61,430771.6
2025-09-22 01:30:00+00:00,233.61,234.68,233.23,234.13,255077.9
2025-09-22 01:45:00+00:00,234.13,234.36,233.06,233.1,198897.25
2025-09-22 02:00:00+00:00,233.1,233.9,232.68,232.71,221534.01
2025-09-22 02:15:00+00:00,232.7,232.99,231.8,232.42,321506.2
2025-09-22 02:30:00+00:00,232.42,232.47,230.38,230.9,784194.63
2025-09-22 02:45:00+00:00,230.9,231.97,230.8,231.63,249172.12
2025-09-22 03:00:00+00:00,231.64,232.38,231.56,231.88,185689.01
2025-09-22 03:15:00+00:00,231.87,232.67,231.68,232.67,127326.55
2025-09-22 03:30:00+00:00,232.66,232.69,231.81,231.88,142607.33
2025-09-22 03:45:00+00:00,231.89,233.0,231.88,232.72,186927.9
2025-09-22 04:00:00+00:00,232.71,233.09,232.0,232.08,156618.97
2025-09-22 04:15:00+00:00,232.08,232.36,231.7,232.06,106027.8
2025-09-22 04:30:00+00:00,232.06,232.39,231.74,231.99,91259.71
2025-09-22 04:45:00+00:00,231.98,232.09,231.5,231.64,109786.08
2025-09-22 05:00:00+00:00,231.64,231.87,231.15,231.39,146672.24
2025-09-22 05:15:00+00:00,231.38,231.76,231.04,231.46,98992.99
2025-09-22 05:30:00+00:00,231.47,231.47,230.58,230.63,166080.47
2025-09-22 05:45:00+00:00,230.63,231.02,224.68,224.93,1359397.14
2025-09-22 06:00:00+00:00,224.93,225.29,212.29,223.16,4979544.42
2025-09-22 06:15:00+00:00,223.16,225.13,222.53,223.76,1454359.99
2025-09-22 06:30:00+00:00,223.76,225.07,223.29,224.75,646812.19
2025-09-22 06:45:00+00:00,224.75,224.84,223.67,224.29,382943.87
2025-09-22 07:00:00+00:00,224.28,224.37,222.86,222.98,663713.86
2025-09-22 07:15:00+00:00,222.98,223.5,222.58,223.19,358585.32
2025-09-22 07:30:00+00:00,223.2,223.94,221.84,222.38,517569.2
2025-09-22 07:45:00+00:00,222.39,222.68,221.71,221.81,367022.04
2025-09-22 08:00:00+00:00,221.82,222.68,221.2,222.15,511238.84
2025-09-22 08:15:00+00:00,222.15,222.32,221.11,221.36,326966.37
2025-09-22 08:30:00+00:00,221.36,222.05,220.81,221.82,297375.9
2025-09-22 08:45:00+00:00,221.83,222.36,221.05,221.37,284868.57
2025-09-22 09:00:00+00:00,221.38,221.55,219.61,219.87,677535.97
2025-09-22 09:15:00+00:00,219.87,220.68,219.39,220.4,398744.62
2025-09-22 09:30:00+00:00,220.4,220.87,219.97,220.82,374191.6
2025-09-22 09:45:00+00:00,220.83,220.97,219.22,220.38,601008.54
2025-09-22 10:00:00+00:00,220.39,221.47,219.82,221.08,329029.01
2025-09-22 10:15:00+00:00,221.08,221.52,220.76,221.33,204583.52
2025-09-22 10:30:00+00:00,221.32,221.32,219.78,220.29,431248.64
2025-09-22 10:45:00+00:00,220.29,222.53,220.25,222.24,467875.66
2025-09-22 11:00:00+00:00,222.23,222.65,221.7,221.75,298475.0
2025-09-22 11:15:00+00:00,221.75,222.08,220.93,221.25,221042.01
2025-09-22 11:30:00+00:00,221.26,221.47,221.02,221.37,81559.25
2025-09-22 11:45:00+00:00,221.37,221.86,221.2,221.36,97947.84
2025-09-22 12:00:00+00:00,221.35,221.41,220.47,220.74,180943.68
2025-09-22 12:15:00+00:00,220.74,221.89,220.57,221.55,155574.36
2025-09-22 12:30:00+00:00,221.54,221.85,221.29,221.57,103994.7
2025-09-22 12:45:00+00:00,221.57,222.87,221.56,222.76,260552.22
2025-09-22 13:00:00+00:00,222.76,223.87,222.44,223.86,327686.5
2025-09-22 13:15:00+00:00,223.85,223.91,222.68,223.08,276849.5
2025-09-22 13:30:00+00:00,223.08,223.23,221.6,221.73,411799.31
2025-09-22 13:45:00+00:00,221.73,223.65,221.21,223.61,436450.99
2025-09-22 14:00:00+00:00,223.6,223.89,222.85,222.93,332631.99
2025-09-22 14:15:00+00:00,222.93,223.72,222.65,223.7,290030.17
2025-09-22 14:30:00+00:00,223.69,223.9,222.0,222.09,335602.22
2025-09-22 14:45:00+00:00,222.08,222.2,220.8,221.27,476380.88
2025-09-22 15:00:00+00:00,221.26,221.65,220.28,220.29,360291.9
2025-09-22 15:15:00+00:00,220.29,221.21,219.82,221.21,326728.32
2025-09-22 15:30:00+00:00,221.2,221.24,220.04,220.19,328630.89
2025-09-22 15:45:00+00:00,220.19,220.83,219.82,220.63,217771.54
2025-09-22 16:00:00+00:00,220.63,221.33,220.39,221.25,231580.0
2025-09-22 16:15:00+00:00,221.25,221.4,220.5,220.97,200792.55
2025-09-22 16:30:00+00:00,220.97,221.29,220.01,220.31,215726.14
2025-09-22 16:45:00+00:00,220.31,220.56,219.07,219.62,449595.07
2025-09-22 17:00:00+00:00,219.63,219.67,217.66,219.13,924229.26
2025-09-22 17:15:00+00:00,219.14,220.84,219.0,220.66,305045.3
2025-09-22 17:30:00+00:00,220.66,221.3,220.54,220.95,388995.5
2025-09-22 17:45:00+00:00,220.95,221.24,220.64,220.95,179687.16
2025-09-22 18:00:00+00:00,220.96,221.11,220.6,220.69,146384.49
2025-09-22 18:15:00+00:00,220.69,220.74,220.08,220.35,127850.04
2025-09-22 18:30:00+00:00,220.35,220.93,220.01,220.02,118515.24
2025-09-22 18:45:00+00:00,220.01,220.33,219.37,219.37,162290.32
2025-09-22 19:00:00+00:00,219.38,219.49,218.38,218.75,246569.22
2025-09-22 19:15:00+00:00,218.75,219.05,217.66,218.13,260544.09
2025-09-22 19:30:00+00:00,218.14,218.18,215.98,217.61,1074797.5
2025-09-22 19:45:00+00:00,217.61,217.94,216.66,217.03,531510.44
2025-09-22 20:00:00+00:00,217.02,217.26,216.34,217.09,436337.7
2025-09-22 20:15:00+00:00,217.09,217.82,216.57,217.76,230479.04
2025-09-22 20:30:00+00:00,217.76,219.49,217.7,219.32,284599.46
2025-09-22 20:45:00+00:00,219.31,219.66,218.96,219.35,196202.77
2025-09-22 21:00:00+00:00,219.35,219.73,218.85,219.73,133049.5
2025-09-22 21:15:00+00:00,219.73,220.61,219.64,220.18,199903.59
2025-09-22 21:30:00+00:00,220.18,220.78,220.11,220.55,122471.04
2025-09-22 21:45:00+00:00,220.54,220.98,219.96,220.79,140172.49
2025-09-22 22:00:00+00:00,220.78,220.78,220.04,220.34,124781.24
2025-09-22 22:15:00+00:00,220.34,220.45,219.79,219.83,103780.45
2025-09-22 22:30:00+00:00,219.82,220.22,219.73,220.2,85943.51
2025-09-22 22:45:00+00:00,220.21,220.29,219.6,219.72,76728.46
2025-09-22 23:00:00+00:00,219.72,220.08,219.62,219.91,66628.19
2025-09-22 23:15:00+00:00,219.92,220.44,219.64,220.01,88287.52
2025-09-22 23:30:00+00:00,220.01,220.4,219.64,220.09,69997.58
2025-09-22 23:45:00+00:00,220.09,220.48,219.85,220.28,90288.06
2025-09-23 00:00:00+00:00,220.28,220.78,219.6,220.11,222779.36
2025-09-23 00:15:00+00:00,220.11,221.17,220.11,220.89,223945.63
2025-09-23 00:30:00+00:00,220.9,221.28,220.14,220.19,138343.03
2025-09-23 00:45:00+00:00,220.2,220.24,219.29,219.59,161988.18
2025-09-23 01:00:00+00:00,219.58,219.82,218.19,218.3,239805.54
2025-09-23 01:15:00+00:00,218.31,219.05,218.14,219.04,179702.1
2025-09-23 01:30:00+00:00,219.04,219.1,217.3,217.7,214930.87
2025-09-23 01:45:00+00:00,217.7,218.26,216.51,216.54,336869.06
2025-09-23 02:00:00+00:00,216.54,217.78,216.24,217.35,363696.22
2025-09-23 02:15:00+00:00,217.34,217.45,215.25,215.29,370376.58
2025-09-23 02:30:00+00:00,215.29,216.28,215.21,215.93,319578.5
2025-09-23 02:45:00+00:00,215.93,216.03,213.8,214.03,586700.15
2025-09-23 03:00:00+00:00,214.03,214.06,212.28,213.63,1186600.09
2025-09-23 03:15:00+00:00,213.62,216.79,213.46,216.53,704669.05
2025-09-23 03:30:00+00:00,216.54,217.78,216.41,216.79,612238.47
2025-09-23 03:45:00+00:00,216.78,217.66,216.48,216.84,315271.73
2025-09-23 04:00:00+00:00,216.84,217.35,215.71,215.81,282174.65
2025-09-23 04:15:00+00:00,215.81,216.27,214.92,214.93,173973.02
2025-09-23 04:30:00+00:00,214.93,215.47,213.87,215.18,492914.75
2025-09-23 04:45:00+00:00,215.19,215.89,214.72,215.7,182428.23
2025-09-23 05:00:00+00:00,215.71,216.43,214.58,216.21,314331.45
2025-09-23 05:15:00+00:00,216.21,216.81,215.83,216.64,170111.99
2025-09-23 05:30:00+00:00,216.63,217.69,216.63,217.51,296621.51
2025-09-23 05:45:00+00:00,217.52,217.75,216.83,216.84,240810.68
2025-09-23 06:00:00+00:00,216.83,218.46,216.81,217.97,297138.32
2025-09-23 06:15:00+00:00,217.97,218.72,217.88,218.62,246768.62
2025-09-23 06:30:00+00:00,218.63,220.26,218.4,219.22,858394.45
2025-09-23 06:45:00+00:00,219.22,219.49,218.72,219.1,238468.37
2025-09-23 07:00:00+00:00,219.1,219.24,218.56,218.82,150430.62
2025-09-23 07:15:00+00:00,218.82,219.37,218.53,218.76,146528.2
2025-09-23 07:30:00+00:00,218.76,219.24,218.47,218.82,153613.48
2025-09-23 07:45:00+00:00,218.82,219.19,218.71,218.86,85065.99
2025-09-23 08:00:00+00:00,218.87,219.36,218.3,218.97,216405.84
2025-09-23 08:15:00+00:00,218.97,220.12,218.91,219.86,236658.2
2025-09-23 08:30:00+00:00,219.87,220.26,219.56,220.09,161995.08
2025-09-23 08:45:00+00:00,220.08,220.16,219.62,219.91,95379.59
2025-09-23 09:00:00+00:00,219.92,220.73,219.54,220.61,231119.26
2025-09-23 09:15:00+00:00,220.61,220.62,219.05,219.16,213918.55
2025-09-23 09:30:00+00:00,219.17,219.33,218.85,218.94,150999.52
2025-09-23 09:45:00+00:00,218.94,218.97,218.08,218.54,217558.58
2025-09-23 10:00:00+00:00,218.54,218.69,218.14,218.64,121563.27
2025-09-23 10:15:00+00:00,218.65,218.94,218.12,218.45,88800.28
2025-09-23 10:30:00+00:00,218.44,218.92,218.29,218.55,101710.65
2025-09-23 10:45:00+00:00,218.56,219.17,218.55,218.95,94623.34
2025-09-23 11:00:00+00:00,218.95,218.98,217.75,217.91,188676.32
2025-09-23 11:15:00+00:00,217.91,218.42,217.81,218.25,96954.12
2025-09-23 11:30:00+00:00,218.25,219.15,218.07,219.1,90842.15
2025-09-23 11:45:00+00:00,219.1,219.56,218.82,219.22,114974.27
2025-09-23 12:00:00+00:00,219.21,219.62,218.77,219.36,177823.88
2025-09-23 12:15:00+00:00,219.36,219.59,218.6,218.81,173098.69
2025-09-23 12:30:00+00:00,218.82,219.92,218.63,219.85,179836.02
2025-09-23 12:45:00+00:00,219.85,220.52,219.41,219.74,308940.62
2025-09-23 13:00:00+00:00,219.75,219.84,219.35,219.57,102970.54
2025-09-23 13:15:00+00:00,219.56,219.59,218.73,219.15,104534.84
2025-09-23 13:30:00+00:00,219.16,220.12,218.85,219.17,263946.16
2025-09-23 13:45:00+00:00,219.18,220.08,218.5,218.93,305797.61
2025-09-23 14:00:00+00:00,218.94,220.58,218.61,219.94,357471.97
2025-09-23 14:15:00+00:00,219.93,220.09,218.89,219.42,309910.82
2025-09-23 14:30:00+00:00,219.41,219.6,217.58,218.63,437568.86
2025-09-23 14:45:00+00:00,218.62,218.68,217.49,217.61,247318.48
2025-09-23 15:00:00+00:00,217.61,219.72,216.86,219.02,584361.98
2025-09-23 15:15:00+00:00,219.02,219.8,218.17,219.41,286424.27
2025-09-23 15:30:00+00:00,219.41,219.77,218.69,218.88,197989.71
2025-09-23 15:45:00+00:00,218.89,219.63,218.64,219.17,126924.09
2025-09-23 16:00:00+00:00,219.16,219.56,217.71,218.2,224900.91
2025-09-23 16:15:00+00:00,218.2,219.35,217.85,219.2,150608.77
2025-09-23 16:30:00+00:00,219.2,219.29,218.04,218.41,251115.23
2025-09-23 16:45:00+00:00,218.42,221.66,218.39,220.29,554075.31
2025-09-23 17:00:00+00:00,220.28,220.5,218.17,218.24,270527.23
2025-09-23 17:15:00+00:00,218.24,218.57,217.64,217.64,220208.64
2025-09-23 17:30:00+00:00,217.64,218.0,216.03,216.26,432987.66
2025-09-23 17:45:00+00:00,216.27,217.26,215.73,216.63,348456.03
2025-09-23 18:00:00+00:00,216.64,217.1,215.78,216.67,379383.31
2025-09-23 18:15:00+00:00,216.68,217.03,215.93,216.47,174242.43
2025-09-23 18:30:00+00:00,216.46,217.07,216.03,216.16,162521.67
2025-09-23 18:45:00+00:00,216.17,216.3,215.12,215.67,250415.82
2025-09-23 19:00:00+00:00,215.67,216.63,215.62,216.49,207958.19
2025-09-23 19:15:00+00:00,216.5,217.1,215.92,216.11,217064.78
2025-09-23 19:30:00+00:00,216.11,216.19,214.81,214.99,260808.91
2025-09-23 19:45:00+00:00,215.0,215.25,214.22,214.41,410001.53
2025-09-23 20:00:00+00:00,214.41,215.13,214.06,214.42,250788.52
2025-09-23 20:15:00+00:00,214.41,214.54,213.38,213.4,258253.94
2025-09-23 20:30:00+00:00,213.41,214.7,213.17,214.56,294117.59
2025-09-23 20:45:00+00:00,214.56,215.24,213.93,215.19,200394.41
2025-09-23 21:00:00+00:00,215.19,215.19,214.36,214.65,102222.37
2025-09-23 21:15:00+00:00,214.66,215.58,214.36,215.5,119294.64
2025-09-23 21:30:00+00:00,215.5,216.63,215.35,216.34,183151.19
2025-09-23 21:45:00+00:00,216.34,216.38,215.67,215.73,99852.0
2025-09-23 22:00:00+00:00,215.73,216.35,215.14,215.99,181508.02
2025-09-23 22:15:00+00:00,216.0,216.29,214.62,214.79,160586.77
2025-09-23 22:30:00+00:00,214.78,215.62,214.78,215.3,74634.85
2025-09-23 22:45:00+00:00,215.31,215.4,214.85,215.18,61754.59
2025-09-23 23:00:00+00:00,215.18,215.86,214.91,215.39,160562.99
2025-09-23 23:15:00+00:00,215.39,215.61,213.56,213.82,168816.19
2025-09-23 23:30:00+00:00,213.81,214.98,213.7,214.63,119600.45
2025-09-23 23:45:00+00:00,214.63,214.69,213.1,213.18,144230.51
2025-09-24 00:00:00+00:00,213.18,214.06,213.18,214.03,226178.73
2025-09-24 00:15:00+00:00,214.03,215.53,213.95,215.11,288456.27
2025-09-24 00:30:00+00:00,215.11,215.15,213.62,213.8,200553.43
2025-09-24 00:45:00+00:00,213.79,214.41,213.25,213.37,163171.68
2025-09-24 01:00:00+00:00,213.37,214.63,212.71,214.59,313533.04
2025-09-24 01:15:00+00:00,214.59,215.67,214.42,215.54,226852.13
2025-09-24 01:30:00+00:00,215.53,216.2,215.03,215.74,169980.98
2025-09-24 01:45:00+00:00,215.74,216.34,215.61,216.09,146236.15
2025-09-24 02:00:00+00:00,216.1,216.35,213.9,214.04,239358.57
2025-09-24 02:15:00+00:00,214.04,214.55,213.41,214.51,301180.84
2025-09-24 02:30:00+00:00,214.52,214.8,213.88,214.33,135370.12
2025-09-24 02:45:00+00:00,214.33,214.49,213.16,214.16,526081.66
2025-09-24 03:00:00+00:00,214.15,214.55,212.94,213.43,265110.38
2025-09-24 03:15:00+00:00,213.44,213.6,207.0,208.45,2066859.55
2025-09-24 03:30:00+00:00,208.45,209.98,208.08,208.66,1405635.69
2025-09-24 03:45:00+00:00,208.66,209.0,208.09,208.37,401076.27
2025-09-24 04:00:00+00:00,208.37,208.45,204.73,206.92,1958612.97
2025-09-24 04:15:00+00:00,206.91,207.96,205.54,207.78,839495.3
2025-09-24 04:30:00+00:00,207.79,209.1,207.79,208.79,765604.95
2025-09-24 04:45:00+00:00,208.79,208.97,207.64,207.92,346879.48
2025-09-24 05:00:00+00:00,207.93,208.76,207.7,207.99,228124.23
2025-09-24 05:15:00+00:00,207.99,208.94,207.83,208.7,226985.37
2025-09-24 05:30:00+00:00,208.7,209.8,208.2,209.68,305154.98
2025-09-24 05:45:00+00:00,209.68,210.45,209.24,209.66,344678.86
2025-09-24 06:00:00+00:00,209.67,209.79,209.15,209.43,206507.78
2025-09-24 06:15:00+00:00,209.42,209.77,208.53,209.11,288404.18
2025-09-24 06:30:00+00:00,209.1,209.9,208.97,209.89,139975.74
2025-09-24 06:45:00+00:00,209.88,211.33,209.88,210.88,515440.69
2025-09-24 07:00:00+00:00,210.87,210.91,209.87,210.07,241880.11
2025-09-24 07:15:00+00:00,210.08,210.88,209.43,209.65,245789.48
2025-09-24 07:30:00+00:00,209.64,210.82,209.48,210.53,197391.66
2025-09-24 07:45:00+00:00,210.53,210.96,210.19,210.54,144277.14
2025-09-24 08:00:00+00:00,210.54,211.1,210.35,210.95,165721.74
2025-09-24 08:15:00+00:00,210.96,211.13,209.91,209.98,262643.52
2025-09-24 08:30:00+00:00,209.98,210.6,209.97,210.5,93836.82
2025-09-24 08:45:00+00:00,210.51,210.82,210.2,210.79,105128.32
2025-09-24 09:00:00+00:00,210.79,210.8,209.92,210.04,100171.25
2025-09-24 09:15:00+00:00,210.03,210.36,209.7,210.28,100393.36
2025-09-24 09:30:00+00:00,210.28,211.09,210.27,210.57,175507.52
2025-09-24 09:45:00+00:00,210.58,210.94,210.36,210.88,99958.38
2025-09-24 10:00:00+00:00,210.87,211.4,210.6,210.83,227844.62
2025-09-24 10:15:00+00:00,210.83,211.26,210.11,210.14,192924.78
2025-09-24 10:30:00+00:00,210.15,210.71,210.02,210.23,129271.97
2025-09-24 10:45:00+00:00,210.23,210.94,210.12,210.8,98697.45
2025-09-24 11:00:00+00:00,210.81,212.42,210.63,212.05,310958.36
2025-09-24 11:15:00+00:00,212.06,212.47,211.78,211.92,259406.9
2025-09-24 11:30:00+00:00,211.92,212.46,211.47,212.04,399131.89
2025-09-24 11:45:00+00:00,212.04,212.5,211.73,212.23,196776.36
2025-09-24 12:00:00+00:00,212.23,213.37,212.21,212.7,342173.61
2025-09-24 12:15:00+00:00,212.7,212.87,212.02,212.12,157596.32
2025-09-24 12:30:00+00:00,212.13,212.77,212.12,212.44,120939.8
2025-09-24 12:45:00+00:00,212.44,212.62,211.65,211.83,143833.08
2025-09-24 13:00:00+00:00,211.83,212.16,211.35,211.69,150796.74
2025-09-24 13:15:00+00:00,211.69,212.27,211.45,211.85,120355.57
2025-09-24 13:30:00+00:00,211.85,213.08,211.58,212.33,416754.68
2025-09-24 13:45:00+00:00,212.32,212.93,211.36,211.53,363755.95
2025-09-24 14:00:00+00:00,211.53,212.49,211.33,212.28,242910.37
2025-09-24 14:15:00+00:00,212.28,213.74,212.27,213.32,285020.99
2025-09-24 14:30:00+00:00,213.31,214.11,213.04,214.04,304336.3
2025-09-24 14:45:00+00:00,214.05,216.15,213.73,215.48,942631.35
2025-09-24 15:00:00+00:00,215.48,215.96,214.31,214.55,466344.08
2025-09-24 15:15:00+00:00,214.54,215.41,214.54,215.05,272551.17
2025-09-24 15:30:00+00:00,215.05,215.25,214.27,214.32,352737.43
2025-09-24 15:45:00+00:00,214.32,214.39,213.18,213.47,513744.34
2025-09-24 16:00:00+00:00,213.47,213.73,213.08,213.24,333113.14
2025-09-24 16:15:00+00:00,213.23,214.0,213.14,213.76,201554.69
2025-09-24 16:30:00+00:00,213.76,214.37,213.36,214.04,188489.29
2025-09-24 16:45:00+00:00,214.04,214.12,213.54,213.75,100687.5
2025-09-24 17:00:00+00:00,213.75,214.76,213.36,214.44,158331.39
2025-09-24 17:15:00+00:00,214.44,214.46,214.03,214.33,118317.1
2025-09-24 17:30:00+00:00,214.32,215.34,214.23,215.09,202635.53
2025-09-24 17:45:00+00:00,215.09,215.14,214.5,215.02,124944.71
2025-09-24 18:00:00+00:00,215.02,215.06,213.88,213.94,164429.45
2025-09-24 18:15:00+00:00,213.93,214.18,213.29,214.06,161940.87
2025-09-24 18:30:00+00:00,214.05,214.22,213.75,213.75,78714.77
2025-09-24 18:45:00+00:00,213.75,213.9,213.17,213.78,100160.3
2025-09-24 19:00:00+00:00,213.77,214.09,213.55,213.8,66342.71
2025-09-24 19:15:00+00:00,213.8,214.04,213.32,213.4,74624.01
2025-09-24 19:30:00+00:00,213.4,213.42,212.27,212.54,305301.83
2025-09-24 19:45:00+00:00,212.54,213.58,212.37,213.05,214785.07
2025-09-24 20:00:00+00:00,213.05,213.1,212.14,212.63,139155.94
2025-09-24 20:15:00+00:00,212.63,212.85,212.22,212.3,135031.33
2025-09-24 20:30:00+00:00,212.3,212.32,210.59,211.68,502549.49
2025-09-24 20:45:00+00:00,211.69,212.44,211.65,211.98,122882.56
2025-09-24 21:00:00+00:00,211.98,212.3,211.72,212.23,96613.71
2025-09-24 21:15:00+00:00,212.22,212.39,211.76,212.39,62166.36
2025-09-24 21:30:00+00:00,212.38,212.49,211.54,211.59,89010.88
2025-09-24 21:45:00+00:00,211.59,211.95,210.59,211.13,114428.83
2025-09-24 22:00:00+00:00,211.14,212.12,210.79,212.08,162045.06
2025-09-24 22:15:00+00:00,212.08,212.19,210.98,211.23,117193.55
2025-09-24 22:30:00+00:00,211.23,211.67,211.05,211.34,91945.95
2025-09-24 22:45:00+00:00,211.33,211.7,211.01,211.6,74924.2
2025-09-24 23:00:00+00:00,211.6,212.08,211.36,211.98,87369.45
2025-09-24 23:15:00+00:00,211.97,212.11,211.38,211.63,86082.62
2025-09-24 23:30:00+00:00,211.63,211.94,211.2,211.46,104172.59
2025-09-24 23:45:00+00:00,211.46,211.8,211.15,211.45,85279.75
2025-09-25 00:00:00+00:00,211.44,212.33,211.19,212.05,142592.07
2025-09-25 00:15:00+00:00,212.05,212.09,210.26,210.41,328020.98
2025-09-25 00:30:00+00:00,210.42,211.4,210.22,210.99,226822.95
2025-09-25 00:45:00+00:00,210.98,211.32,210.13,210.59,259041.06
2025-09-25 01:00:00+00:00,210.58,211.1,209.45,210.69,424271.32
2025-09-25 01:15:00+00:00,210.69,210.99,210.19,210.54,264134.96
2025-09-25 01:30:00+00:00,210.55,210.94,208.5,208.9,590843.61
2025-09-25 01:45:00+00:00,208.91,209.39,207.41,208.11,596734.36
2025-09-25 02:00:00+00:00,208.11,209.73,208.04,208.75,285168.1
2025-09-25 02:15:00+00:00,208.76,208.81,206.7,208.19,542747.86
2025-09-25 02:30:00+00:00,208.18,211.87,208.12,209.82,785375.0
2025-09-25 02:45:00+00:00,209.82,210.53,209.66,209.93,193431.61
2025-09-25 03:00:00+00:00,209.92,210.0,208.77,208.98,237110.94
2025-09-25 03:15:00+00:00,208.97,209.14,206.12,206.32,761823.9
2025-09-25 03:30:00+00:00,206.32,207.09,205.84,206.58,503855.25
2025-09-25 03:45:00+00:00,206.58,207.29,206.28,207.16,222860.82
2025-09-25 04:00:00+00:00,207.15,207.47,205.55,205.83,385521.45
2025-09-25 04:15:00+00:00,205.83,206.03,202.6,204.3,1541155.24
2025-09-25 04:30:00+00:00,204.3,204.64,203.23,204.54,527137.22
2025-09-25 04:45:00+00:00,204.54,204.76,203.01,204.21,735324.68
2025-09-25 05:00:00+00:00,204.2,204.99,203.04,204.52,473923.66
2025-09-25 05:15:00+00:00,204.52,205.79,204.14,205.72,381037.92
2025-09-25 05:30:00+00:00,205.71,205.75,204.73,205.41,187484.64
2025-09-25 05:45:00+00:00,205.42,205.8,204.78,205.32,166997.72
2025-09-25 06:00:00+00:00,205.32,205.62,203.89,204.05,293820.82
2025-09-25 06:15:00+00:00,204.05,204.46,203.28,203.71,351626.6
2025-09-25 06:30:00+00:00,203.71,204.65,203.25,203.44,253407.09
2025-09-25 06:45:00+00:00,203.44,204.12,203.38,203.56,181159.51
2025-09-25 07:00:00+00:00,203.56,204.57,203.2,203.9,290385.84
2025-09-25 07:15:00+00:00,203.9,205.13,203.73,204.81,257830.55
2025-09-25 07:30:00+00:00,204.82,204.99,204.15,204.85,150987.29
2025-09-25 07:45:00+00:00,204.85,204.99,203.7,204.1,203840.84
2025-09-25 08:00:00+00:00,204.09,205.44,203.99,205.31,283418.74
2025-09-25 08:15:00+00:00,205.3,205.48,204.57,205.24,163807.31
2025-09-25 08:30:00+00:00,205.23,205.23,203.95,204.14,175974.8
2025-09-25 08:45:00+00:00,204.15,204.29,203.46,204.21,254289.1
2025-09-25 09:00:00+00:00,204.21,205.25,203.88,205.24,179497.34
2025-09-25 09:15:00+00:00,205.25,205.78,204.72,205.41,304966.74
2025-09-25 09:30:00+00:00,205.42,205.8,203.79,203.84,549878.18
2025-09-25 09:45:00+00:00,203.84,203.85,201.4,202.11,1337710.61
2025-09-25 10:00:00+00:00,202.11,203.27,201.79,203.01,362639.31
2025-09-25 10:15:00+00:00,203.01,203.6,202.75,202.91,227857.74
2025-09-25 10:30:00+00:00,202.92,203.53,202.57,202.85,222940.05
2025-09-25 10:45:00+00:00,202.85,203.02,201.81,201.9,260602.55
2025-09-25 11:00:00+00:00,201.89,202.4,201.04,201.5,528682.39
2025-09-25 11:15:00+00:00,201.5,201.64,200.47,201.14,683709.9
2025-09-25 11:30:00+00:00,201.13,201.5,200.77,201.16,377854.32
2025-09-25 11:45:00+00:00,201.16,201.4,200.76,201.26,258915.42
2025-09-25 12:00:00+00:00,201.26,202.45,201.09,202.18,342396.64
2025-09-25 12:15:00+00:00,202.17,202.18,196.4,198.22,1138058.99
2025-09-25 12:30:00+00:00,198.22,200.64,196.8,199.93,1743089.39
2025-09-25 12:45:00+00:00,199.93,200.2,198.06,198.47,676255.68
2025-09-25 13:00:00+00:00,198.47,199.5,197.48,199.33,735861.72
2025-09-25 13:15:00+00:00,199.33,201.2,199.0,201.04,819189.43
2025-09-25 13:30:00+00:00,201.04,201.55,198.9,199.45,836488.31
2025-09-25 13:45:00+00:00,199.45,200.82,199.35,200.72,573617.45
2025-09-25 14:00:00+00:00,200.72,202.26,200.71,202.03,656906.54
2025-09-25 14:15:00+00:00,202.03,203.25,202.02,202.49,735495.24
2025-09-25 14:30:00+00:00,202.5,204.08,202.47,202.93,664311.26
2025-09-25 14:45:00+00:00,202.94,203.04,202.15,202.54,241265.99
2025-09-25 15:00:00+00:00,202.54,203.12,201.88,202.08,449767.8
2025-09-25 15:15:00+00:00,202.08,202.35,200.82,200.95,366845.48
2025-09-25 15:30:00+00:00,200.96,201.46,200.65,200.71,270043.0
2025-09-25 15:45:00+00:00,200.7,201.2,200.27,201.04,271905.99
2025-09-25 16:00:00+00:00,201.05,201.94,200.64,201.5,364033.75
2025-09-25 16:15:00+00:00,201.5,201.51,198.56,199.03,829030.96
2025-09-25 16:30:00+00:00,199.04,199.87,198.88,199.33,258170.69
2025-09-25 16:45:00+00:00,199.32,199.76,198.26,198.62,340449.97
2025-09-25 17:00:00+00:00,198.61,198.88,196.83,196.85,584927.11
2025-09-25 17:15:00+00:00,196.83,197.9,195.55,196.87,1340727.15
2025-09-25 17:30:00+00:00,196.86,197.43,194.11,196.02,1327615.99
2025-09-25 17:45:00+00:00,196.03,196.69,193.43,194.79,1541164.61
2025-09-25 18:00:00+00:00,194.8,196.29,194.39,196.15,1083987.31
2025-09-25 18:15:00+00:00,196.15,198.19,195.55,197.77,878791.57
2025-09-25 18:30:00+00:00,197.78,198.45,197.1,197.97,455941.5
2025-09-25 18:45:00+00:00,197.97,199.52,197.5,199.38,490476.51
2025-09-25 19:00:00+00:00,199.38,199.72,198.87,198.97,273900.04
2025-09-25 19:15:00+00:00,198.98,200.83,198.71,200.29,380494.0
2025-09-25 19:30:00+00:00,200.3,200.82,198.54,199.15,373447.99
2025-09-25 19:45:00+00:00,199.15,199.2,197.25,198.06,558590.31
2025-09-25 20:00:00+00:00,198.06,198.43,197.46,198.12,236825.58
2025-09-25 20:15:00+00:00,198.13,198.63,196.76,197.05,249919.04
2025-09-25 20:30:00+00:00,197.04,197.07,195.8,196.4,310353.09
2025-09-25 20:45:00+00:00,196.39,196.8,195.15,196.17,296153.93
2025-09-25 21:00:00+00:00,196.17,197.3,195.6,196.23,356527.2
2025-09-25 21:15:00+00:00,196.24,197.0,195.4,195.8,229677.22
2025-09-25 21:30:00+00:00,195.81,196.07,194.64,195.48,247139.1
2025-09-25 21:45:00+00:00,195.48,196.63,195.48,196.25,118049.72
2025-09-25 22:00:00+00:00,196.25,197.2,195.71,197.16,158050.39
2025-09-25 22:15:00+00:00,197.16,197.47,195.92,196.01,170916.26
2025-09-25 22:30:00+00:00,196.01,196.15,195.04,195.2,160920.14
2025-09-25 22:45:00+00:00,195.21,195.22,193.78,194.5,419004.43
2025-09-25 23:00:00+00:00,194.51,195.96,194.41,194.96,299999.32
2025-09-25 23:15:00+00:00,194.97,195.18,193.8,194.35,254199.25
2025-09-25 23:30:00+00:00,194.36,194.37,191.12,192.46,1160636.01
2025-09-25 23:45:00+00:00,192.46,192.71,191.57,192.6,362507.1
2025-09-26 00:00:00+00:00,192.6,194.79,192.5,194.43,681255.93
2025-09-26 00:15:00+00:00,194.43,195.64,194.36,194.88,302536.67
2025-09-26 00:30:00+00:00,194.87,194.89,192.5,192.58,304554.78
2025-09-26 00:45:00+00:00,192.58,195.87,192.44,195.62,473329.61
2025-09-26 01:00:00+00:00,195.61,196.88,195.22,196.54,459511.07
2025-09-26 01:15:00+00:00,196.54,197.09,195.91,195.98,299806.93
2025-09-26 01:30:00+00:00,195.98,196.43,195.04,195.62,443539.96
2025-09-26 01:45:00+00:00,195.62,196.4,195.2,195.78,399952.89
2025-09-26 02:00:00+00:00,195.79,197.3,195.4,196.16,503259.73
2025-09-26 02:15:00+00:00,196.16,197.2,195.75,195.88,207132.96
2025-09-26 02:30:00+00:00,195.88,196.64,195.3,196.52,155164.87
2025-09-26 02:45:00+00:00,196.51,197.46,196.12,196.34,193425.76
2025-09-26 03:00:00+00:00,196.35,196.8,195.31,196.69,224240.17
2025-09-26 03:15:00+00:00,196.7,197.25,196.28,196.36,173599.62
2025-09-26 03:30:00+00:00,196.35,196.5,195.02,195.87,232431.63
2025-09-26 03:45:00+00:00,195.87,196.61,195.24,196.39,158254.99
2025-09-26 04:00:00+00:00,196.39,196.8,195.7,196.5,161097.64
2025-09-26 04:15:00+00:00,196.5,197.32,196.2,196.47,180690.67
2025-09-26 04:30:00+00:00,196.47,196.5,194.94,195.21,224375.77
2025-09-26 04:45:00+00:00,195.21,195.95,195.1,195.64,129805.1
2025-09-26 05:00:00+00:00,195.63,196.74,195.51,196.53,181310.42
2025-09-26 05:15:00+00:00,196.53,197.2,196.48,196.93,172899.83
2025-09-26 05:30:00+00:00,196.92,196.96,195.62,195.78,149999.5
2025-09-26 05:45:00+00:00,195.78,196.0,194.28,194.98,405274.76
2025-09-26 06:00:00+00:00,194.99,195.7,193.64,194.7,515363.05
2025-09-26 06:15:00+00:00,194.7,196.89,194.68,196.14,366056.16
2025-09-26 06:30:00+00:00,196.13,196.42,195.63,196.03,132358.31
2025-09-26 06:45:00+00:00,196.03,196.05,194.85,195.09,313355.28
2025-09-26 07:00:00+00:00,195.08,196.6,195.01,196.42,272852.44
2025-09-26 07:15:00+00:00,196.42,196.77,195.62,195.63,225092.88
2025-09-26 07:30:00+00:00,195.62,195.63,193.92,194.74,469243.17
2025-09-26 07:45:00+00:00,194.73,196.33,194.54,196.22,285456.95
2025-09-26 08:00:00+00:00,196.22,196.85,196.05,196.4,359158.9
2025-09-26 08:15:00+00:00,196.4,196.91,195.68,196.3,185960.25
2025-09-26 08:30:00+00:00,196.29,196.53,195.75,196.31,131340.38
2025-09-26 08:45:00+00:00,196.32,196.54,195.78,196.07,141217.84
2025-09-26 09:00:00+00:00,196.08,196.5,195.42,196.25,147126.68
2025-09-26 09:15:00+00:00,196.26,196.3,195.35,195.45,138978.05
2025-09-26 09:30:00+00:00,195.45,195.71,193.61,194.14,457106.2
2025-09-26 09:45:00+00:00,194.14,194.83,193.91,194.55,214178.61
2025-09-26 10:00:00+00:00,194.54,194.62,192.21,192.44,484140.68
2025-09-26 10:15:00+00:00,192.45,192.96,192.03,192.47,318857.36
2025-09-26 10:30:00+00:00,192.47,192.98,191.68,192.18,409549.48
2025-09-26 10:45:00+00:00,192.17,192.41,191.84,192.01,188996.42
2025-09-26 11:00:00+00:00,192.01,192.28,190.72,190.9,509635.83
2025-09-26 11:15:00+00:00,190.89,191.8,190.76,191.58,311371.57
2025-09-26 11:30:00+00:00,191.59,193.13,191.58,192.85,319918.07
2025-09-26 11:45:00+00:00,192.86,193.92,192.55,193.36,387200.38
2025-09-26 12:00:00+00:00,193.35,193.35,192.03,192.06,272927.88
2025-09-26 12:15:00+00:00,192.07,194.49,192.06,194.13,323531.92
2025-09-26 12:30:00+00:00,194.14,198.18,192.83,197.0,1775703.27
2025-09-26 12:45:00+00:00,197.0,197.23,195.54,196.55,477242.05
2025-09-26 13:00:00+00:00,196.56,196.84,195.14,195.63,309731.94
2025-09-26 13:15:00+00:00,195.63,196.21,194.54,194.94,323790.26
2025-09-26 13:30:00+00:00,194.94,196.83,194.31,196.05,568941.8
2025-09-26 13:45:00+00:00,196.04,197.27,195.58,196.99,634498.77
2025-09-26 14:00:00+00:00,197.0,197.21,195.32,195.78,485700.09
2025-09-26 14:15:00+00:00,195.77,196.57,194.36,195.06,449226.18
2025-09-26 14:30:00+00:00,195.06,195.13,193.18,194.0,554707.78
2025-09-26 14:45:00+00:00,193.99,194.73,193.59,194.31,299458.83
2025-09-26 15:00:00+00:00,194.31,195.7,194.08,194.97,266156.7
2025-09-26 15:15:00+00:00,194.97,196.58,194.75,196.36,304630.59
2025-09-26 15:30:00+00:00,196.35,196.73,195.83,196.31,211424.28
2025-09-26 15:45:00+00:00,196.32,196.56,195.66,195.92,186432.77
2025-09-26 16:00:00+00:00,195.92,198.96,195.69,197.68,558101.43
2025-09-26 16:15:00+00:00,197.68,199.24,197.55,198.3,523165.85
2025-09-26 16:30:00+00:00,198.29,199.15,197.88,199.01,329277.89
2025-09-26 16:45:00+00:00,199.02,199.66,198.67,199.45,416598.4
2025-09-26 17:00:00+00:00,199.45,200.33,199.03,199.74,391336.83
2025-09-26 17:15:00+00:00,199.74,201.99,199.44,201.5,725457.04
2025-09-26 17:30:00+00:00,201.49,201.56,200.28,200.6,456512.44
2025-09-26 17:45:00+00:00,200.6,201.4,200.42,201.25,352478.49
2025-09-26 18:00:00+00:00,201.25,201.93,200.72,201.57,306669.04
2025-09-26 18:15:00+00:00,201.57,202.48,201.51,202.03,403885.51
2025-09-26 18:30:00+00:00,202.03,202.42,201.45,201.66,266843.72
2025-09-26 18:45:00+00:00,201.66,202.05,201.23,201.68,186199.6
2025-09-26 19:00:00+00:00,201.67,201.76,200.58,201.19,369961.44
2025-09-26 19:15:00+00:00,201.2,201.83,200.0,200.16,391951.87
2025-09-26 19:30:00+00:00,200.15,200.47,198.73,199.43,664954.12
2025-09-26 19:45:00+00:00,199.43,200.95,199.41,200.54,294692.5
2025-09-26 20:00:00+00:00,200.54,200.78,199.63,200.68,177212.49
2025-09-26 20:15:00+00:00,200.69,200.77,199.72,200.04,163381.54
2025-09-26 20:30:00+00:00,200.03,200.33,199.46,199.52,108933.35
2025-09-26 20:45:00+00:00,199.52,200.14,199.41,199.81,118211.1
2025-09-26 21:00:00+00:00,199.81,200.49,199.61,200.42,106881.07
2025-09-26 21:15:00+00:00,200.42,201.36,199.78,201.16,379644.88
2025-09-26 21:30:00+00:00,201.16,202.34,200.81,201.38,399012.94
2025-09-26 21:45:00+00:00,201.38,202.38,201.31,202.2,164686.89
2025-09-26 22:00:00+00:00,202.21,203.54,201.74,203.36,402625.14
2025-09-26 22:15:00+00:00,203.37,203.87,202.87,203.04,283365.07
2025-09-26 22:30:00+00:00,203.04,203.88,202.87,203.3,223818.09
2025-09-26 22:45:00+00:00,203.31,203.81,203.08,203.42,207836.24
2025-09-26 23:00:00+00:00,203.42,203.42,202.7,202.88,171952.54
2025-09-26 23:15:00+00:00,202.89,203.78,202.7,203.76,151008.64
2025-09-26 23:30:00+00:00,203.77,204.57,203.53,204.45,296887.28
2025-09-26 23:45:00+00:00,204.46,205.34,204.27,205.01,339385.99
2025-09-27 00:00:00+00:00,205.0,205.02,203.91,204.07,335850.79
2025-09-27 00:15:00+00:00,204.08,204.85,203.91,204.2,158591.04
2025-09-27 00:30:00+00:00,204.2,204.68,204.1,204.61,117490.72
2025-09-27 00:45:00+00:00,204.6,205.2,204.24,205.04,161267.73
2025-09-27 01:00:00+00:00,205.03,205.3,204.23,204.64,198322.82
2025-09-27 01:15:00+00:00,204.64,204.91,203.71,203.92,212116.14
2025-09-27 01:30:00+00:00,203.92,203.99,203.47,203.69,144949.77
2025-09-27 01:45:00+00:00,203.69,204.38,203.66,204.25,101621.03
2025-09-27 02:00:00+00:00,204.24,204.64,203.97,204.63,125254.48
2025-09-27 02:15:00+00:00,204.63,204.69,203.67,203.74,107746.58
2025-09-27 02:30:00+00:00,203.75,204.26,203.58,204.21,74852.35
2025-09-27 02:45:00+00:00,204.2,204.3,203.56,203.62,79809.24
2025-09-27 03:00:00+00:00,203.61,204.19,203.58,203.67,124559.2
2025-09-27 03:15:00+00:00,203.67,204.66,203.55,204.48,127245.45
2025-09-27 03:30:00+00:00,204.47,205.0,204.41,204.64,164788.41
2025-09-27 03:45:00+00:00,204.63,204.78,203.72,203.81,167176.93
2025-09-27 04:00:00+00:00,203.81,203.81,203.1,203.33,264351.28
2025-09-27 04:15:00+00:00,203.33,203.99,203.24,203.96,125664.78
2025-09-27 04:30:00+00:00,203.96,204.03,203.38,203.39,118958.22
2025-09-27 04:45:00+00:00,203.39,203.62,203.11,203.56,76599.15
2025-09-27 05:00:00+00:00,203.56,203.57,202.27,202.31,222356.17
2025-09-27 05:15:00+00:00,202.3,202.63,202.15,202.44,129626.11
2025-09-27 05:30:00+00:00,202.44,202.77,202.28,202.71,58510.5
2025-09-27 05:45:00+00:00,202.72,202.77,202.19,202.39,83044.64
2025-09-27 06:00:00+00:00,202.39,202.53,202.03,202.18,68163.22
2025-09-27 06:15:00+00:00,202.17,202.2,201.67,201.86,129262.54
2025-09-27 06:30:00+00:00,201.85,202.14,201.66,202.06,85825.24
2025-09-27 06:45:00+00:00,202.07,202.55,202.02,202.54,75367.92
2025-09-27 07:00:00+00:00,202.55,203.06,202.54,202.86,175244.04
2025-09-27 07:15:00+00:00,202.86,202.93,202.29,202.38,82432.58
2025-09-27 07:30:00+00:00,202.38,202.45,201.84,201.9,109530.2
2025-09-27 07:45:00+00:00,201.9,202.05,201.41,201.97,178722.38
2025-09-27 08:00:00+00:00,201.97,202.13,201.07,201.27,212017.02
2025-09-27 08:15:00+00:00,201.27,201.81,201.17,201.73,116968.81
2025-09-27 08:30:00+00:00,201.73,201.79,201.33,201.4,84404.97
2025-09-27 08:45:00+00:00,201.4,201.65,200.75,200.84,152360.87
2025-09-27 09:00:00+00:00,200.83,201.16,199.77,200.1,390520.14
2025-09-27 09:15:00+00:00,200.09,200.5,199.87,200.06,237049.55
2025-09-27 09:30:00+00:00,200.05,201.16,200.01,200.99,208916.66
2025-09-27 09:45:00+00:00,200.98,201.4,200.93,201.09,114076.58
2025-09-27 10:00:00+00:00,201.09,201.2,200.64,200.9,95632.6
2025-09-27 10:15:00+00:00,200.89,200.96,200.38,200.63,100970.04
2025-09-27 10:30:00+00:00,200.63,201.93,200.57,201.66,256971.94
2025-09-27 10:45:00+00:00,201.67,201.95,201.37,201.51,161607.66
2025-09-27 11:00:00+00:00,201.5,201.69,201.27,201.39,50355.17
2025-09-27 11:15:00+00:00,201.38,201.9,201.36,201.83,70006.57
2025-09-27 11:30:00+00:00,201.83,201.91,201.41,201.42,77800.68
2025-09-27 11:45:00+00:00,201.43,201.61,201.18,201.6,71277.54
2025-09-27 12:00:00+00:00,201.6,201.6,200.85,201.2,136753.99
2025-09-27 12:15:00+00:00,201.21,201.42,200.9,201.17,92629.77
2025-09-27 12:30:00+00:00,201.16,202.1,201.11,202.05,132916.83
2025-09-27 12:45:00+00:00,202.05,202.84,201.91,202.33,287763.1
2025-09-27 13:00:00+00:00,202.32,202.61,202.03,202.04,137226.98
2025-09-27 13:15:00+00:00,202.04,202.85,202.04,202.67,171592.31
2025-09-27 13:30:00+00:00,202.68,203.18,202.54,203.11,137995.9
2025-09-27 13:45:00+00:00,203.12,203.3,202.47,202.79,163286.14
2025-09-27 14:00:00+00:00,202.78,203.49,202.46,203.26,133601.45
2025-09-27 14:15:00+00:00,203.26,203.28,202.92,203.22,77074.73
2025-09-27 14:30:00+00:00,203.21,203.66,202.86,202.86,121392.87
2025-09-27 14:45:00+00:00,202.86,202.86,202.21,202.6,163495.84
2025-09-27 15:00:00+00:00,202.59,202.6,201.66,202.19,242033.08
2025-09-27 15:15:00+00:00,202.2,202.75,202.15,202.6,119807.26
2025-09-27 15:30:00+00:00,202.61,203.2,202.27,203.01,104916.77
2025-09-27 15:45:00+00:00,203.01,203.62,202.92,203.42,148464.11
2025-09-27 16:00:00+00:00,203.41,203.5,202.86,203.07,136571.72
2025-09-27 16:15:00+00:00,203.06,203.39,202.79,202.9,74072.99
2025-09-27 16:30:00+00:00,202.9,203.35,202.6,203.19,118546.62
2025-09-27 16:45:00+00:00,203.19,203.48,202.65,202.82,114452.23
2025-09-27 17:00:00+00:00,202.82,202.86,201.72,201.79,265805.44
2025-09-27 17:15:00+00:00,201.78,201.81,200.75,200.98,340422.31
2025-09-27 17:30:00+00:00,200.98,201.68,200.82,201.48,130752.17
2025-09-27 17:45:00+00:00,201.48,201.87,201.09,201.73,91991.68
2025-09-27 18:00:00+00:00,201.73,202.08,201.29,201.51,122534.83
2025-09-27 18:15:00+00:00,201.51,201.65,201.12,201.61,61014.16
2025-09-27 18:30:00+00:00,201.62,201.74,200.81,201.05,111580.6
2025-09-27 18:45:00+00:00,201.05,201.57,201.05,201.57,41733.35
2025-09-27 19:00:00+00:00,201.57,201.65,201.16,201.37,47484.25
2025-09-27 19:15:00+00:00,201.36,201.93,201.22,201.89,82480.58
2025-09-27 19:30:00+00:00,201.88,201.94,201.52,201.68,43521.86
2025-09-27 19:45:00+00:00,201.69,202.26,201.63,202.1,59215.08
2025-09-27 20:00:00+00:00,202.09,202.42,201.91,202.06,52094.62
2025-09-27 20:15:00+00:00,202.06,202.42,201.79,202.38,46666.58
2025-09-27 20:30:00+00:00,202.37,202.81,202.12,202.39,77701.72
2025-09-27 20:45:00+00:00,202.39,202.55,202.18,202.54,39685.23
2025-09-27 21:00:00+00:00,202.54,202.6,202.18,202.33,48164.03
2025-09-27 21:15:00+00:00,202.33,202.85,202.28,202.81,46911.75
2025-09-27 21:30:00+00:00,202.81,203.66,202.64,203.59,132250.35
2025-09-27 21:45:00+00:00,203.58,203.97,203.58,203.75,106894.86
2025-09-27 22:00:00+00:00,203.76,204.35,203.6,204.2,107640.28
2025-09-27 22:15:00+00:00,204.2,204.84,204.04,204.66,131169.39
2025-09-27 22:30:00+00:00,204.67,204.68,203.78,203.87,194608.77
2025-09-27 22:45:00+00:00,203.88,203.97,203.31,203.8,143791.8
2025-09-27 23:00:00+00:00,203.8,204.2,203.33,203.85,107144.53
2025-09-27 23:15:00+00:00,203.85,203.95,203.22,203.43,96698.33
2025-09-27 23:30:00+00:00,203.44,203.72,203.1,203.32,72654.23
2025-09-27 23:45:00+00:00,203.31,203.66,203.21,203.32,58494.9
2025-09-28 00:00:00+00:00,203.33,203.6,202.42,202.6,171984.18
2025-09-28 00:15:00+00:00,202.6,203.88,202.46,203.74,145869.22
2025-09-28 00:30:00+00:00,203.73,203.96,202.89,203.43,113380.13
2025-09-28 00:45:00+00:00,203.44,203.5,202.62,202.83,110557.4
2025-09-28 01:00:00+00:00,202.83,203.1,201.62,201.7,245074.48
2025-09-28 01:15:00+00:00,201.69,202.34,201.65,201.8,148514.42
2025-09-28 01:30:00+00:00,201.79,202.01,200.88,201.19,203493.85
2025-09-28 01:45:00+00:00,201.19,201.35,200.9,201.02,115718.38
2025-09-28 02:00:00+00:00,201.02,201.73,200.94,201.33,116451.39
2025-09-28 02:15:00+00:00,201.32,201.83,201.24,201.68,91471.0
2025-09-28 02:30:00+00:00,201.68,201.95,201.13,201.25,71460.06
2025-09-28 02:45:00+00:00,201.25,201.45,200.89,201.34,66886.43
2025-09-28 03:00:00+00:00,201.35,201.75,201.31,201.67,63393.11
2025-09-28 03:15:00+00:00,201.67,201.86,201.3,201.41,49994.26
2025-09-28 03:30:00+00:00,201.4,201.62,200.66,201.09,115366.44
2025-09-28 03:45:00+00:00,201.08,201.38,200.81,201.29,66180.71
2025-09-28 04:00:00+00:00,201.28,201.61,201.06,201.36,77225.45
2025-09-28 04:15:00+00:00,201.35,201.67,201.29,201.34,51416.91
2025-09-28 04:30:00+00:00,201.33,201.81,201.3,201.8,48937.89
2025-09-28 04:45:00+00:00,201.79,201.88,201.45,201.78,76094.39
2025-09-28 05:00:00+00:00,201.78,202.37,201.18,201.26,216261.87
2025-09-28 05:15:00+00:00,201.26,201.82,201.24,201.82,59368.15
2025-09-28 05:30:00+00:00,201.82,202.15,201.35,201.45,57288.97
2025-09-28 05:45:00+00:00,201.45,201.53,201.05,201.2,68223.48
2025-09-28 06:00:00+00:00,201.2,201.56,201.11,201.11,48989.74
2025-09-28 06:15:00+00:00,201.11,201.37,200.39,200.45,155623.25
2025-09-28 06:30:00+00:00,200.45,201.72,200.26,201.4,265930.57
2025-09-28 06:45:00+00:00,201.4,201.62,200.95,201.62,63289.12
2025-09-28 07:00:00+00:00,201.61,201.77,201.05,201.44,69525.06
2025-09-28 07:15:00+00:00,201.45,201.95,201.38,201.65,79808.17
2025-09-28 07:30:00+00:00,201.65,202.05,201.4,201.75,83199.21
2025-09-28 07:45:00+00:00,201.74,202.24,201.61,202.0,107969.56
2025-09-28 08:00:00+00:00,202.0,202.3,201.75,201.88,110795.91
2025-09-28 08:15:00+00:00,201.88,201.95,201.37,201.69,124509.12
2025-09-28 08:30:00+00:00,201.7,201.89,201.29,201.76,91596.71
2025-09-28 08:45:00+00:00,201.76,202.64,201.69,201.71,203427.58
2025-09-28 09:00:00+00:00,201.7,201.93,201.08,201.27,179445.0
2025-09-28 09:15:00+00:00,201.27,201.46,200.55,200.94,266418.3
2025-09-28 09:30:00+00:00,200.93,201.44,200.93,201.34,99652.14
2025-09-28 09:45:00+00:00,201.34,201.35,200.56,200.6,108536.91
2025-09-28 10:00:00+00:00,200.59,200.64,200.1,200.35,172341.25
2025-09-28 10:15:00+00:00,200.34,200.66,200.31,200.58,74449.61
2025-09-28 10:30:00+00:00,200.57,200.97,200.26,200.6,96364.19
2025-09-28 10:45:00+00:00,200.59,200.95,200.5,200.73,58487.63
2025-09-28 11:00:00+00:00,200.73,200.79,200.26,200.28,72076.15
2025-09-28 11:15:00+00:00,200.27,200.54,199.42,199.6,278125.5
2025-09-28 11:30:00+00:00,199.6,200.26,199.2,199.47,178048.76
2025-09-28 11:45:00+00:00,199.47,199.92,199.13,199.75,180384.46
2025-09-28 12:00:00+00:00,199.76,199.88,199.2,199.63,243906.52
2025-09-28 12:15:00+00:00,199.62,199.8,199.33,199.74,101439.08
2025-09-28 12:30:00+00:00,199.74,199.77,198.09,198.38,362058.28
2025-09-28 12:45:00+00:00,198.37,198.62,197.85,198.35,339153.24
2025-09-28 13:00:00+00:00,198.35,199.21,198.21,199.05,178784.71
2025-09-28 13:15:00+00:00,199.06,199.79,198.92,199.56,197238.92
2025-09-28 13:30:00+00:00,199.57,200.3,199.3,200.18,228014.14
2025-09-28 13:45:00+00:00,200.17,201.32,199.87,201.07,309879.11
2025-09-28 14:00:00+00:00,201.07,201.26,200.31,200.63,162654.2
2025-09-28 14:15:00+00:00,200.62,201.53,200.46,201.35,167038.88
2025-09-28 14:30:00+00:00,201.35,201.38,200.94,201.23,97766.52
2025-09-28 14:45:00+00:00,201.24,201.88,201.02,201.75,176934.3
2025-09-28 15:00:00+00:00,201.74,202.82,201.73,202.44,391460.75
2025-09-28 15:15:00+00:00,202.44,202.69,202.26,202.67,148459.44
2025-09-28 15:30:00+00:00,202.68,202.9,202.12,202.47,183163.47
2025-09-28 15:45:00+00:00,202.47,203.46,202.32,203.33,230979.67
2025-09-28 16:00:00+00:00,203.33,204.68,203.14,203.67,517663.6
2025-09-28 16:15:00+00:00,203.67,204.0,203.13,203.68,313166.57
2025-09-28 16:30:00+00:00,203.68,203.94,203.15,203.8,135889.04
2025-09-28 16:45:00+00:00,203.8,204.04,203.52,203.95,96856.59
2025-09-28 17:00:00+00:00,203.95,205.38,203.87,205.04,409534.35
2025-09-28 17:15:00+00:00,205.05,205.1,203.88,204.35,215586.46
2025-09-28 17:30:00+00:00,204.36,205.28,204.32,204.87,143829.18
2025-09-28 17:45:00+00:00,204.86,205.77,204.72,204.92,238129.34
2025-09-28 18:00:00+00:00,204.92,205.38,204.7,204.95,149703.47
2025-09-28 18:15:00+00:00,204.96,205.48,204.85,205.33,143622.47
2025-09-28 18:30:00+00:00,205.32,205.89,205.27,205.78,131282.64
2025-09-28 18:45:00+00:00,205.78,206.3,205.68,206.03,192156.75
2025-09-28 19:00:00+00:00,206.04,206.58,205.32,205.41,198142.31
2025-09-28 19:15:00+00:00,205.4,206.13,205.35,205.98,102878.84
2025-09-28 19:30:00+00:00,205.97,206.34,205.85,206.02,72318.36
2025-09-28 19:45:00+00:00,206.01,206.51,205.93,206.09,79315.28
2025-09-28 20:00:00+00:00,206.09,206.4,205.92,206.08,76380.05
2025-09-28 20:15:00+00:00,206.07,207.71,205.92,207.41,357474.6
2025-09-28 20:30:00+00:00,207.41,207.71,206.87,206.98,276783.03
2025-09-28 20:45:00+00:00,206.99,207.49,206.58,206.71,191902.93
2025-09-28 21:00:00+00:00,206.72,207.19,206.69,207.03,96553.58
2025-09-28 21:15:00+00:00,207.04,207.24,206.66,206.91,100366.0
2025-09-28 21:30:00+00:00,206.91,206.91,206.41,206.55,121060.52
2025-09-28 21:45:00+00:00,206.54,207.16,206.43,207.14,68840.97
2025-09-28 22:00:00+00:00,207.14,209.47,207.14,208.71,694631.17
2025-09-28 22:15:00+00:00,208.72,209.71,208.59,209.1,315188.06
2025-09-28 22:30:00+00:00,209.1,209.7,209.1,209.69,192060.63
2025-09-28 22:45:00+00:00,209.69,209.89,209.19,209.42,195568.57
2025-09-28 23:00:00+00:00,209.43,210.52,209.43,209.93,352637.63
2025-09-28 23:15:00+00:00,209.93,210.35,209.52,210.09,159792.77
2025-09-28 23:30:00+00:00,210.09,210.7,209.88,210.48,171333.62
2025-09-28 23:45:00+00:00,210.49,210.88,210.17,210.7,186160.97
2025-09-29 00:00:00+00:00,210.7,210.79,209.64,209.72,282933.25
2025-09-29 00:15:00+00:00,209.71,210.47,209.46,210.05,238110.04
2025-09-29 00:30:00+00:00,210.05,210.1,209.19,209.51,244242.61
2025-09-29 00:45:00+00:00,209.5,209.94,208.93,209.12,154377.87
2025-09-29 01:00:00+00:00,209.12,209.63,209.0,209.21,134205.23
2025-09-29 01:15:00+00:00,209.21,209.55,208.71,208.83,170258.84
2025-09-29 01:30:00+00:00,208.82,209.87,208.82,209.67,164525.79
2025-09-29 01:45:00+00:00,209.67,209.67,209.08,209.35,198067.59
2025-09-29 02:00:00+00:00,209.34,209.69,208.84,209.61,208058.57
2025-09-29 02:15:00+00:00,209.6,210.75,209.42,210.27,294873.05
2025-09-29 02:30:00+00:00,210.26,210.49,209.54,209.64,139688.52
2025-09-29 02:45:00+00:00,209.64,209.84,209.23,209.61,171796.39
2025-09-29 03:00:00+00:00,209.62,209.66,209.05,209.12,126412.34
2025-09-29 03:15:00+00:00,209.12,209.53,209.0,209.4,96524.66
2025-09-29 03:30:00+00:00,209.41,209.73,209.3,209.5,103300.97
2025-09-29 03:45:00+00:00,209.5,210.27,209.42,210.19,146718.17
2025-09-29 04:00:00+00:00,210.19,210.5,210.04,210.2,198430.88
2025-09-29 04:15:00+00:00,210.21,210.6,209.75,209.85,149491.46
2025-09-29 04:30:00+00:00,209.86,210.39,209.8,210.19,94519.06
2025-09-29 04:45:00+00:00,210.19,210.31,209.95,209.97,46756.01
2025-09-29 05:00:00+00:00,209.97,210.11,209.03,209.41,228892.38
2025-09-29 05:15:00+00:00,209.4,209.41,208.84,209.13,182602.66
2025-09-29 05:30:00+00:00,209.12,209.33,208.67,209.29,116433.67
2025-09-29 05:45:00+00:00,209.29,209.41,209.0,209.04,62512.04
2025-09-29 06:00:00+00:00,209.03,209.11,207.78,207.99,296792.68
2025-09-29 06:15:00+00:00,207.99,208.5,207.82,207.98,140463.46
2025-09-29 06:30:00+00:00,207.97,208.55,207.71,208.5,159867.15
2025-09-29 06:45:00+00:00,208.5,208.77,208.03,208.06,121873.16
2025-09-29 07:00:00+00:00,208.06,208.25,207.62,207.86,151752.54
2025-09-29 07:15:00+00:00,207.85,207.86,207.26,207.78,222229.8
2025-09-29 07:30:00+00:00,207.77,209.05,207.73,208.76,216302.06
2025-09-29 07:45:00+00:00,208.75,209.2,208.59,208.85,141981.59
2025-09-29 08:00:00+00:00,208.85,209.4,208.49,208.52,206447.47
2025-09-29 08:15:00+00:00,208.52,208.92,208.15,208.81,152104.98
2025-09-29 08:30:00+00:00,208.82,209.1,208.55,209.07,101937.41
2025-09-29 08:45:00+00:00,209.07,209.6,208.79,208.79,186498.35
2025-09-29 09:00:00+00:00,208.79,209.03,208.56,208.57,159526.41
2025-09-29 09:15:00+00:00,208.58,208.88,208.28,208.7,103288.5
2025-09-29 09:30:00+00:00,208.69,208.72,207.91,207.94,126395.53
2025-09-29 09:45:00+00:00,207.93,208.16,207.75,208.12,104175.09
2025-09-29 10:00:00+00:00,208.11,208.25,207.78,207.94,106867.18
2025-09-29 10:15:00+00:00,207.94,208.19,207.72,208.16,95079.58
2025-09-29 10:30:00+00:00,208.17,208.24,206.61,206.79,298804.89
2025-09-29 10:45:00+00:00,206.79,207.11,206.31,206.52,174233.44
2025-09-29 11:00:00+00:00,206.51,206.6,205.89,206.22,444436.8
2025-09-29 11:15:00+00:00,206.21,207.16,206.18,207.01,237874.39
2025-09-29 11:30:00+00:00,207.01,207.37,206.8,207.01,122467.99
2025-09-29 11:45:00+00:00,207.0,207.18,206.73,206.98,84038.53
2025-09-29 12:00:00+00:00,206.97,206.99,206.4,206.99,169232.72
2025-09-29 12:15:00+00:00,206.98,207.6,206.83,207.59,191320.61
2025-09-29 12:30:00+00:00,207.58,207.93,206.0,206.41,303210.79
2025-09-29 12:45:00+00:00,206.41,206.98,205.06,205.22,612557.89
2025-09-29 13:00:00+00:00,205.22,205.95,204.46,205.89,849508.85
2025-09-29 13:15:00+00:00,205.9,206.37,205.54,206.23,303974.41
2025-09-29 13:30:00+00:00,206.23,208.82,205.87,208.75,664236.79
2025-09-29 13:45:00+00:00,208.76,209.39,207.84,208.7,935742.89
2025-09-29 14:00:00+00:00,208.71,210.73,208.52,210.57,630763.42
2025-09-29 14:15:00+00:00,210.56,212.11,210.07,210.41,766466.87
2025-09-29 14:30:00+00:00,210.41,211.55,210.06,211.1,492280.19
2025-09-29 14:45:00+00:00,211.09,212.79,211.02,212.24,770692.46
2025-09-29 15:00:00+00:00,212.24,213.4,211.24,211.54,687064.69
2025-09-29 15:15:00+00:00,211.54,211.88,210.59,211.07,448483.58
2025-09-29 15:30:00+00:00,211.07,211.64,210.59,211.0,247956.52
2025-09-29 15:45:00+00:00,211.0,211.05,209.66,209.96,396492.72
2025-09-29 16:00:00+00:00,209.97,210.99,209.96,210.88,281863.58
2025-09-29 16:15:00+00:00,210.87,211.48,209.87,209.91,194553.09
2025-09-29 16:30:00+00:00,209.92,210.76,209.16,209.32,242171.39
2025-09-29 16:45:00+00:00,209.31,209.56,208.19,208.6,330897.47
2025-09-29 17:00:00+00:00,208.59,208.89,207.51,208.44,488639.18
2025-09-29 17:15:00+00:00,208.43,208.9,207.67,208.7,282541.99
2025-09-29 17:30:00+00:00,208.7,209.24,208.27,209.23,188283.88
2025-09-29 17:45:00+00:00,209.22,210.2,209.0,210.03,275871.11
2025-09-29 18:00:00+00:00,210.02,210.1,209.16,209.51,190014.87
2025-09-29 18:15:00+00:00,209.52,209.82,208.95,209.63,136870.3
2025-09-29 18:30:00+00:00,209.63,210.07,209.5,209.85,97854.44
2025-09-29 18:45:00+00:00,209.85,210.63,209.83,210.61,120335.96
2025-09-29 19:00:00+00:00,210.62,211.73,210.27,211.55,247473.71
2025-09-29 19:15:00+00:00,211.55,211.96,210.58,211.66,178369.64
2025-09-29 19:30:00+00:00,211.66,212.11,211.0,212.1,170867.13
2025-09-29 19:45:00+00:00,212.09,213.39,211.78,212.82,342149.69
2025-09-29 20:00:00+00:00,212.82,213.94,212.34,213.83,323358.95
2025-09-29 20:15:00+00:00,213.82,214.26,212.93,213.27,296674.16
2025-09-29 20:30:00+00:00,213.26,214.41,213.08,214.22,273665.25
2025-09-29 20:45:00+00:00,214.22,214.38,213.63,214.29,208816.6
2025-09-29 21:00:00+00:00,214.28,214.68,213.54,213.76,211972.14
2025-09-29 21:15:00+00:00,213.77,214.38,213.61,214.02,111964.54
2025-09-29 21:30:00+00:00,214.03,214.29,213.83,214.24,100906.66
2025-09-29 21:45:00+00:00,214.24,214.35,213.61,214.06,80349.33
2025-09-29 22:00:00+00:00,214.06,214.2,213.18,213.45,279231.46
2025-09-29 22:15:00+00:00,213.45,213.5,212.93,213.47,150431.03
2025-09-29 22:30:00+00:00,213.48,213.87,213.0,213.17,105416.36
2025-09-29 22:45:00+00:00,213.17,213.76,213.11,213.48,81303.13
2025-09-29 23:00:00+00:00,213.47,213.87,212.72,212.99,152759.77
2025-09-29 23:15:00+00:00,212.99,213.3,212.76,212.91,99530.71
2025-09-29 23:30:00+00:00,212.91,213.07,212.53,212.57,73219.61
2025-09-29 23:45:00+00:00,212.56,212.96,212.31,212.59,289815.39
2025-09-30 00:00:00+00:00,212.59,213.52,212.34,212.96,235779.12
2025-09-30 00:15:00+00:00,212.95,212.95,211.4,211.6,432546.56
2025-09-30 00:30:00+00:00,211.61,212.47,211.37,212.19,255158.18
2025-09-30 00:45:00+00:00,212.18,213.22,211.07,211.17,380393.58
2025-09-30 01:00:00+00:00,211.16,212.46,210.81,212.44,277966.51
2025-09-30 01:15:00+00:00,212.44,212.84,211.68,211.69,266580.09
2025-09-30 01:30:00+00:00,211.68,211.68,210.41,210.42,541459.31
2025-09-30 01:45:00+00:00,210.43,210.44,209.63,210.43,620484.87
2025-09-30 02:00:00+00:00,210.43,210.56,209.9,210.17,223344.93
2025-09-30 02:15:00+00:00,210.16,210.66,209.81,210.4,204001.37
2025-09-30 02:30:00+00:00,210.4,210.95,210.23,210.7,131297.4
2025-09-30 02:45:00+00:00,210.7,211.09,210.25,210.38,138223.58
2025-09-30 03:00:00+00:00,210.38,210.85,209.96,210.39,125170.5
2025-09-30 03:15:00+00:00,210.39,210.92,210.22,210.66,72732.96
2025-09-30 03:30:00+00:00,210.65,211.28,210.4,211.28,65687.46
2025-09-30 03:45:00+00:00,211.27,211.33,210.29,210.54,96063.79
2025-09-30 04:00:00+00:00,210.54,211.29,210.45,210.85,89606.12
2025-09-30 04:15:00+00:00,210.84,211.57,210.8,211.35,118916.5
2025-09-30 04:30:00+00:00,211.35,211.4,210.92,211.04,70084.06
2025-09-30 04:45:00+00:00,211.04,211.1,210.06,210.09,96753.57
2025-09-30 05:00:00+00:00,210.08,210.62,209.84,210.44,141213.5
2025-09-30 05:15:00+00:00,210.45,210.46,209.69,210.04,130519.42
2025-09-30 05:30:00+00:00,210.04,210.17,209.39,209.42,145061.86
2025-09-30 05:45:00+00:00,209.41,210.29,208.79,209.85,283403.73
2025-09-30 06:00:00+00:00,209.86,210.07,209.36,209.79,122365.93
2025-09-30 06:15:00+00:00,209.8,210.4,209.72,210.22,118037.01
2025-09-30 06:30:00+00:00,210.22,210.78,210.14,210.76,138850.35
2025-09-30 06:45:00+00:00,210.77,210.78,209.95,210.19,83910.63
2025-09-30 07:00:00+00:00,210.19,210.68,209.96,210.35,92252.7
2025-09-30 07:15:00+00:00,210.34,210.39,209.91,210.07,82229.15
2025-09-30 07:30:00+00:00,210.07,210.07,208.5,208.57,271437.45
2025-09-30 07:45:00+00:00,208.57,209.2,208.4,208.9,167544.83
2025-09-30 08:00:00+00:00,208.9,208.9,208.16,208.71,172022.56
2025-09-30 08:15:00+00:00,208.72,208.79,208.25,208.38,110308.21
2025-09-30 08:30:00+00:00,208.39,208.46,207.73,207.9,238174.91
2025-09-30 08:45:00+00:00,207.9,208.17,207.57,207.68,165623.82
2025-09-30 09:00:00+00:00,207.68,207.84,206.08,206.21,476920.58
2025-09-30 09:15:00+00:00,206.21,207.33,206.0,207.31,252180.79
2025-09-30 09:30:00+00:00,207.31,207.6,206.35,206.43,198538.67
2025-09-30 09:45:00+00:00,206.42,206.42,205.48,205.8,324279.74
2025-09-30 10:00:00+00:00,205.79,206.4,205.44,206.09,314111.3
2025-09-30 10:15:00+00:00,206.09,206.62,205.83,206.12,237602.77
2025-09-30 10:30:00+00:00,206.12,206.66,205.88,206.48,126877.7
2025-09-30 10:45:00+00:00,206.48,206.91,206.37,206.45,229217.36
2025-09-30 11:00:00+00:00,206.45,206.54,205.89,205.98,178726.56
2025-09-30 11:15:00+00:00,205.97,206.29,205.77,206.13,99319.94
2025-09-30 11:30:00+00:00,206.13,206.73,206.01,206.66,238978.3
2025-09-30 11:45:00+00:00,206.65,207.14,206.54,206.93,345618.11
2025-09-30 12:00:00+00:00,206.93,207.16,206.36,206.37,206702.47
2025-09-30 12:15:00+00:00,206.37,207.08,206.26,206.71,129217.95
2025-09-30 12:30:00+00:00,206.71,207.34,206.5,207.11,214329.97
2025-09-30 12:45:00+00:00,207.11,207.15,205.81,206.06,206892.03
2025-09-30 13:00:00+00:00,206.06,206.52,205.54,206.5,308613.62
2025-09-30 13:15:00+00:00,206.5,207.87,206.35,207.79,435560.55
2025-09-30 13:30:00+00:00,207.78,209.46,206.77,209.17,698289.03
2025-09-30 13:45:00+00:00,209.17,209.58,207.3,207.59,581198.34
2025-09-30 14:00:00+00:00,207.58,208.0,205.96,206.9,484266.72
2025-09-30 14:15:00+00:00,206.91,207.58,206.07,206.63,255099.7
2025-09-30 14:30:00+00:00,206.63,207.56,206.27,207.01,223721.29
2025-09-30 14:45:00+00:00,207.02,208.79,206.92,208.69,299094.2
2025-09-30 15:00:00+00:00,208.68,208.69,206.37,206.98,313148.57
2025-09-30 15:15:00+00:00,206.97,207.1,204.39,205.47,612666.89
2025-09-30 15:30:00+00:00,205.48,206.38,204.84,205.24,391126.43
2025-09-30 15:45:00+00:00,205.24,206.2,204.7,205.92,247785.08
2025-09-30 16:00:00+00:00,205.91,205.97,204.92,205.22,224164.99
2025-09-30 16:15:00+00:00,205.23,206.23,204.82,205.39,224027.83
2025-09-30 16:30:00+00:00,205.38,205.55,204.17,204.71,342321.12
2025-09-30 16:45:00+00:00,204.72,205.39,204.6,205.04,233795.73
2025-09-30 17:00:00+00:00,205.04,205.88,204.9,205.79,152829.52
2025-09-30 17:15:00+00:00,205.79,205.8,204.88,205.23,181207.53
2025-09-30 17:30:00+00:00,205.23,206.23,204.63,205.54,289106.44
2025-09-30 17:45:00+00:00,205.53,206.0,205.23,205.56,138227.64
2025-09-30 18:00:00+00:00,205.57,206.79,205.23,206.65,181102.0
2025-09-30 18:15:00+00:00,206.64,207.43,206.26,207.12,198796.0
2025-09-30 18:30:00+00:00,207.11,207.24,206.54,207.17,112591.32
2025-09-30 18:45:00+00:00,207.17,207.75,207.08,207.46,141709.43
2025-09-30 19:00:00+00:00,207.47,208.19,207.02,207.88,190550.51
2025-09-30 19:15:00+00:00,207.88,208.06,207.21,207.99,137242.91
2025-09-30 19:30:00+00:00,207.99,208.6,207.72,207.82,265540.8
2025-09-30 19:45:00+00:00,207.82,209.12,207.8,208.81,298831.48
2025-09-30 20:00:00+00:00,208.81,209.09,208.07,208.34,207200.93
2025-09-30 20:15:00+00:00,208.34,209.34,208.33,208.99,152839.17
2025-09-30 20:30:00+00:00,209.0,209.1,208.69,208.98,73874.92
2025-09-30 20:45:00+00:00,208.98,210.14,208.91,209.77,201916.09
2025-09-30 21:00:00+00:00,209.78,210.64,209.31,209.39,223213.29
2025-09-30 21:15:00+00:00,209.39,210.89,209.39,209.58,385236.14
2025-09-30 21:30:00+00:00,209.59,210.28,209.14,210.27,193511.53
2025-09-30 21:45:00+00:00,210.28,210.81,209.49,209.53,220071.66
2025-09-30 22:00:00+00:00,209.53,210.87,209.52,210.24,246666.01
2025-09-30 22:15:00+00:00,210.23,210.49,209.62,209.71,123340.28
2025-09-30 22:30:00+00:00,209.71,210.0,208.76,208.95,287823.67
2025-09-30 22:45:00+00:00,208.94,209.16,207.72,207.99,234086.61
2025-09-30 23:00:00+00:00,207.99,208.3,207.31,208.01,293309.89
2025-09-30 23:15:00+00:00,208.01,208.85,207.82,208.37,180828.15
2025-09-30 23:30:00+00:00,208.38,208.71,208.19,208.47,64433.1
2025-09-30 23:45:00+00:00,208.48,208.74,208.36,208.6,81120.16
2025-10-01 00:00:00+00:00,208.61,209.34,208.42,208.47,195368.58
2025-10-01 00:15:00+00:00,208.47,208.47,207.45,207.53,179106.59
2025-10-01 00:30:00+00:00,207.52,207.78,206.31,206.57,233949.39
2025-10-01 00:45:00+00:00,206.57,207.55,206.38,207.45,180117.87
2025-10-01 01:00:00+00:00,207.46,208.19,207.05,207.95,143391.17
2025-10-01 01:15:00+00:00,207.94,209.0,207.26,208.91,340171.09
2025-10-01 01:30:00+00:00,208.91,209.95,208.28,209.78,292498.58
2025-10-01 01:45:00+00:00,209.77,210.66,209.6,210.52,259750.83
2025-10-01 02:00:00+00:00,210.52,210.83,210.04,210.26,214422.31
2025-10-01 02:15:00+00:00,210.27,210.45,209.96,210.1,130858.12
2025-10-01 02:30:00+00:00,210.1,210.35,209.5,209.56,167130.92
2025-10-01 02:45:00+00:00,209.56,209.79,209.08,209.13,137486.6
2025-10-01 03:00:00+00:00,209.12,209.54,208.89,209.42,139469.29
2025-10-01 03:15:00+00:00,209.41,209.48,208.59,208.76,153190.97
2025-10-01 03:30:00+00:00,208.76,209.29,207.81,207.85,153943.81
2025-10-01 03:45:00+00:00,207.85,207.87,206.52,206.64,456888.53
2025-10-01 04:00:00+00:00,206.63,208.16,206.26,208.05,375172.04
2025-10-01 04:15:00+00:00,208.06,208.95,208.02,208.95,259865.75
2025-10-01 04:30:00+00:00,208.95,209.44,208.7,209.0,219405.06
2025-10-01 04:45:00+00:00,208.99,209.28,208.08,208.43,147091.01
2025-10-01 05:00:00+00:00,208.44,209.94,208.38,209.47,184783.76
2025-10-01 05:15:00+00:00,209.47,209.84,208.78,209.16,121607.25
2025-10-01 05:30:00+00:00,209.17,209.59,208.74,209.3,116632.49
2025-10-01 05:45:00+00:00,209.3,209.48,208.86,208.89,77720.69
2025-10-01 06:00:00+00:00,208.89,209.2,208.56,208.89,149783.44
2025-10-01 06:15:00+00:00,208.9,209.43,207.74,208.52,256199.94
2025-10-01 06:30:00+00:00,208.53,209.14,208.33,208.85,100089.38
2025-10-01 06:45:00+00:00,208.86,208.97,207.79,207.88,163998.45
2025-10-01 07:00:00+00:00,207.88,208.78,207.75,208.57,124275.97
2025-10-01 07:15:00+00:00,208.56,209.44,208.53,209.36,132411.57
2025-10-01 07:30:00+00:00,209.36,210.06,209.33,209.97,251824.19
2025-10-01 07:45:00+00:00,209.96,210.26,209.69,210.06,127315.07
2025-10-01 08:00:00+00:00,210.05,210.59,209.75,210.39,241535.94
2025-10-01 08:15:00+00:00,210.4,211.68,209.89,211.53,359993.77
2025-10-01 08:30:00+00:00,211.52,215.35,211.52,215.15,1352401.18
2025-10-01 08:45:00+00:00,215.15,217.5,214.56,216.49,1661065.1
2025-10-01 09:00:00+00:00,216.49,217.0,215.7,216.35,619781.88
2025-10-01 09:15:00+00:00,216.36,217.38,215.83,217.38,455624.68
2025-10-01 09:30:00+00:00,217.37,217.869,216.88,217.76,506304.87
2025-10-01 09:45:00+00:00,217.75,217.89,217.33,217.48,252563.49
2025-10-01 10:00:00+00:00,217.48,217.67,216.09,216.1,468059.44
2025-10-01 10:15:00+00:00,216.11,216.92,216.08,216.3,197732.38
2025-10-01 10:30:00+00:00,216.31,216.54,216.01,216.43,202866.43
2025-10-01 10:45:00+00:00,216.43,216.87,216.27,216.53,134791.58
2025-10-01 11:00:00+00:00,216.52,217.5,216.49,217.46,266013.4
2025-10-01 11:15:00+00:00,217.47,217.77,217.17,217.52,185371.81
2025-10-01 11:30:00+00:00,217.52,217.71,217.0,217.08,168181.86
2025-10-01 11:45:00+00:00,217.08,217.77,216.75,217.64,165790.98
2025-10-01 12:00:00+00:00,217.64,217.95,217.05,217.59,291670.0
2025-10-01 12:15:00+00:00,217.6,219.22,217.11,218.48,586468.48
2025-10-01 12:30:00+00:00,218.49,219.3,218.3,218.47,383601.12
2025-10-01 12:45:00+00:00,218.47,218.74,218.07,218.4,295107.87
2025-10-01 13:00:00+00:00,218.4,219.46,218.36,219.22,364518.36
2025-10-01 13:15:00+00:00,219.22,219.35,218.93,219.04,229364.74
2025-10-01 13:30:00+00:00,219.03,219.84,218.7,219.0,413856.9
2025-10-01 13:45:00+00:00,218.99,219.34,218.21,219.21,420914.43
2025-10-01 14:00:00+00:00,219.21,220.38,218.71,219.05,603901.95
2025-10-01 14:15:00+00:00,219.06,219.98,218.93,219.63,304666.41
2025-10-01 14:30:00+00:00,219.64,220.54,219.36,220.27,410011.91
2025-10-01 14:45:00+00:00,220.28,220.31,219.1,219.38,367363.0
2025-10-01 15:00:00+00:00,219.39,219.74,218.61,219.05,297974.89
2025-10-01 15:15:00+00:00,219.06,220.05,218.99,219.66,196423.0
2025-10-01 15:30:00+00:00,219.65,220.13,219.1,220.01,222008.49
2025-10-01 15:45:00+00:00,220.0,220.16,219.23,220.13,297169.22
2025-10-01 16:00:00+00:00,220.13,220.59,219.9,220.47,328076.28
2025-10-01 16:15:00+00:00,220.47,220.89,219.94,220.11,239509.0
2025-10-01 16:30:00+00:00,220.11,220.4,219.69,220.14,254812.01
2025-10-01 16:45:00+00:00,220.13,220.27,218.79,219.0,311240.49
2025-10-01 17:00:00+00:00,219.0,219.66,218.48,218.55,306256.64
2025-10-01 17:15:00+00:00,218.56,219.46,218.55,219.25,194890.25
2025-10-01 17:30:00+00:00,219.25,219.44,218.82,218.99,135884.53
2025-10-01 17:45:00+00:00,218.99,219.08,217.26,217.33,575975.38
2025-10-01 18:00:00+00:00,217.34,218.49,217.33,218.43,246990.51
2025-10-01 18:15:00+00:00,218.43,218.45,217.75,218.3,116476.38
2025-10-01 18:30:00+00:00,218.29,219.12,218.28,218.78,163199.35
2025-10-01 18:45:00+00:00,218.78,219.59,218.73,219.03,150672.25
2025-10-01 19:00:00+00:00,219.04,219.47,218.91,219.38,95194.51
2025-10-01 19:15:00+00:00,219.37,220.08,219.3,220.08,137673.53
2025-10-01 19:30:00+00:00,220.08,220.11,219.43,219.57,153940.45
2025-10-01 19:45:00+00:00,219.56,220.38,219.53,219.96,223345.1
2025-10-01 20:00:00+00:00,219.96,220.18,219.27,219.54,206509.25
2025-10-01 20:15:00+00:00,219.53,220.13,219.48,219.78,138155.27
2025-10-01 20:30:00+00:00,219.78,219.84,219.44,219.65,50346.69
2025-10-01 20:45:00+00:00,219.65,219.7,219.13,219.41,82888.02
2025-10-01 21:00:00+00:00,219.41,219.41,218.52,218.72,166909.94
2025-10-01 21:15:00+00:00,218.72,219.04,218.34,218.96,91536.67
2025-10-01 21:30:00+00:00,218.95,218.97,218.47,218.68,83892.93
2025-10-01 21:45:00+00:00,218.68,219.18,218.37,218.95,52508.11
2025-10-01 22:00:00+00:00,218.94,219.78,218.93,219.48,151621.62
2025-10-01 22:15:00+00:00,219.48,219.67,219.18,219.66,65171.52
2025-10-01 22:30:00+00:00,219.67,219.76,219.12,219.35,59361.29
2025-10-01 22:45:00+00:00,219.34,219.89,219.26,219.45,82617.4
2025-10-01 23:00:00+00:00,219.44,219.68,219.33,219.61,53434.27
2025-10-01 23:15:00+00:00,219.61,220.68,219.56,220.55,240438.73
2025-10-01 23:30:00+00:00,220.55,220.76,220.0,220.48,122685.71
2025-10-01 23:45:00+00:00,220.48,222.69,220.38,221.91,552496.78
2025-10-02 00:00:00+00:00,221.92,222.3,221.33,222.16,677554.77
2025-10-02 00:15:00+00:00,222.16,222.32,220.68,220.83,325892.13
2025-10-02 00:30:00+00:00,220.83,220.86,219.73,219.86,328427.99
2025-10-02 00:45:00+00:00,219.86,220.18,219.58,219.69,138193.13
2025-10-02 01:00:00+00:00,219.69,220.82,219.38,220.68,228497.28
2025-10-02 01:15:00+00:00,220.67,221.49,220.15,221.07,140432.64
2025-10-02 01:30:00+00:00,221.06,222.33,221.06,222.22,182313.05
2025-10-02 01:45:00+00:00,222.21,222.91,222.15,222.68,281351.53
2025-10-02 02:00:00+00:00,222.68,223.34,221.26,222.13,410253.66
2025-10-02 02:15:00+00:00,222.13,222.35,221.43,221.81,190706.05
2025-10-02 02:30:00+00:00,221.8,223.8,221.71,223.5,306227.32
2025-10-02 02:45:00+00:00,223.49,224.0,222.52,223.13,307004.48
2025-10-02 03:00:00+00:00,223.14,223.89,222.72,223.66,212880.82
2025-10-02 03:15:00+00:00,223.65,223.95,223.09,223.8,178838.71
2025-10-02 03:30:00+00:00,223.8,224.97,223.8,224.46,371988.67
2025-10-02 03:45:00+00:00,224.46,224.47,223.36,223.65,261333.17
2025-10-02 04:00:00+00:00,223.65,224.84,223.17,224.76,272030.2
2025-10-02 04:15:00+00:00,224.77,224.8,223.21,223.26,189471.25
2025-10-02 04:30:00+00:00,223.26,223.37,222.51,223.37,291084.77
2025-10-02 04:45:00+00:00,223.37,223.72,222.94,223.67,123413.05
2025-10-02 05:00:00+00:00,223.67,224.17,223.67,223.78,126614.34
2025-10-02 05:15:00+00:00,223.79,226.89,223.72,225.83,457161.82
2025-10-02 05:30:00+00:00,225.83,226.03,224.11,224.34,430570.91
2025-10-02 05:45:00+00:00,224.34,224.44,223.72,224.01,150997.75
2025-10-02 06:00:00+00:00,224.01,224.23,223.52,223.76,161815.47
2025-10-02 06:15:00+00:00,223.77,224.17,223.41,223.93,128208.46
2025-10-02 06:30:00+00:00,223.94,225.72,223.81,225.18,411708.06
2025-10-02 06:45:00+00:00,225.19,225.2,224.46,224.82,176766.94
2025-10-02 07:00:00+00:00,224.81,225.15,224.37,224.62,134205.53
2025-10-02 07:15:00+00:00,224.61,224.81,223.67,223.99,174730.66
2025-10-02 07:30:00+00:00,223.98,224.1,223.11,223.2,165450.2
2025-10-02 07:45:00+00:00,223.19,223.49,222.3,222.81,273769.28
2025-10-02 08:00:00+00:00,222.82,223.3,222.56,222.85,204919.28
2025-10-02 08:15:00+00:00,222.86,223.94,222.84,223.87,137406.14
2025-10-02 08:30:00+00:00,223.87,224.39,223.52,224.32,108867.61
2025-10-02 08:45:00+00:00,224.33,224.61,224.21,224.6,105427.49
2025-10-02 09:00:00+00:00,224.6,224.6,223.84,224.04,127265.14
2025-10-02 09:15:00+00:00,224.03,225.62,224.03,225.06,203920.89
2025-10-02 09:30:00+00:00,225.05,225.12,224.31,224.73,140354.53
2025-10-02 09:45:00+00:00,224.72,225.23,224.69,225.03,146664.8
2025-10-02 10:00:00+00:00,225.02,225.35,224.68,225.14,104564.07
2025-10-02 10:15:00+00:00,225.14,225.3,224.68,224.76,103177.67
2025-10-02 10:30:00+00:00,224.77,225.67,224.71,225.21,176606.79
2025-10-02 10:45:00+00:00,225.21,225.38,224.86,224.97,77869.48
2025-10-02 11:00:00+00:00,224.98,225.35,224.61,224.98,104435.81
2025-10-02 11:15:00+00:00,224.97,225.39,224.72,225.11,93404.86
2025-10-02 11:30:00+00:00,225.1,225.51,225.06,225.48,93042.65
2025-10-02 11:45:00+00:00,225.49,226.5,225.01,225.11,442537.5
2025-10-02 12:00:00+00:00,225.12,226.4,224.84,225.94,263376.94
2025-10-02 12:15:00+00:00,225.94,226.3,225.83,226.06,176388.01
2025-10-02 12:30:00+00:00,226.06,226.79,225.7,226.55,267117.07
2025-10-02 12:45:00+00:00,226.54,227.34,226.14,227.14,260297.86
2025-10-02 13:00:00+00:00,227.14,227.3,225.66,225.67,377321.97
2025-10-02 13:15:00+00:00,225.66,226.03,224.51,225.61,537353.96
2025-10-02 13:30:00+00:00,225.62,226.21,225.0,225.56,290660.73
2025-10-02 13:45:00+00:00,225.56,226.79,225.47,226.38,434148.55
2025-10-02 14:00:00+00:00,226.38,226.59,224.96,225.4,281571.53
2025-10-02 14:15:00+00:00,225.41,226.21,225.04,226.14,168950.22
2025-10-02 14:30:00+00:00,226.14,226.58,224.2,224.38,381681.76
2025-10-02 14:45:00+00:00,224.37,224.83,223.0,223.5,702473.14
2025-10-02 15:00:00+00:00,223.5,225.23,222.53,224.95,806827.45
2025-10-02 15:15:00+00:00,224.95,226.29,224.61,226.04,402747.9
2025-10-02 15:30:00+00:00,226.04,226.45,224.84,226.17,349801.79
2025-10-02 15:45:00+00:00,226.17,227.2,225.88,227.1,335253.54
2025-10-02 16:00:00+00:00,227.09,229.2,226.68,228.38,802798.69
2025-10-02 16:15:00+00:00,228.37,228.67,227.68,227.96,398104.65
2025-10-02 16:30:00+00:00,227.96,228.3,226.11,226.8,401828.26
2025-10-02 16:45:00+00:00,226.79,228.02,226.72,227.86,193047.85
2025-10-02 17:00:00+00:00,227.85,228.62,227.24,228.53,210283.68
2025-10-02 17:15:00+00:00,228.53,229.13,227.79,228.91,266705.61
2025-10-02 17:30:00+00:00,228.91,230.3,228.67,229.58,446127.69
2025-10-02 17:45:00+00:00,229.58,230.16,229.29,229.66,243132.35
2025-10-02 18:00:00+00:00,229.67,231.58,229.6,230.93,543794.02
2025-10-02 18:15:00+00:00,230.93,231.68,230.44,231.59,251233.97
2025-10-02 18:30:00+00:00,231.6,231.89,231.02,231.53,265502.92
2025-10-02 18:45:00+00:00,231.53,233.08,231.36,232.19,517917.48
2025-10-02 19:00:00+00:00,232.18,233.62,231.71,233.57,469908.66
2025-10-02 19:15:00+00:00,233.57,233.57,231.82,231.97,396182.34
2025-10-02 19:30:00+00:00,231.97,232.24,231.39,232.2,264015.67
2025-10-02 19:45:00+00:00,232.2,233.0,231.75,232.12,309259.01
2025-10-02 20:00:00+00:00,232.11,232.41,231.6,232.19,213010.43
2025-10-02 20:15:00+00:00,232.19,232.22,231.06,231.45,203495.1
2025-10-02 20:30:00+00:00,231.45,232.09,230.67,232.02,332472.47
2025-10-02 20:45:00+00:00,232.03,232.5,231.47,232.48,132080.7
2025-10-02 21:00:00+00:00,232.48,233.77,232.27,233.6,223108.16
2025-10-02 21:15:00+00:00,233.6,233.86,232.66,233.18,238340.27
2025-10-02 21:30:00+00:00,233.18,233.19,232.41,232.47,159321.01
2025-10-02 21:45:00+00:00,232.46,233.22,232.43,232.47,102144.89
2025-10-02 22:00:00+00:00,232.48,233.78,232.4,233.3,192484.56
2025-10-02 22:15:00+00:00,233.3,233.35,231.92,232.65,489213.88
2025-10-02 22:30:00+00:00,232.66,233.08,232.27,232.51,116575.21
2025-10-02 22:45:00+00:00,232.51,232.95,232.23,232.94,151039.78
2025-10-02 23:00:00+00:00,232.95,233.73,232.8,233.48,162322.84
2025-10-02 23:15:00+00:00,233.47,234.58,233.32,234.07,377026.3
2025-10-02 23:30:00+00:00,234.07,234.65,233.72,233.98,194346.3
2025-10-02 23:45:00+00:00,233.98,234.91,233.58,234.6,279820.56
2025-10-03 00:00:00+00:00,234.61,234.68,232.31,232.84,431647.88
2025-10-03 00:15:00+00:00,232.84,233.55,232.75,233.39,169530.48
2025-10-03 00:30:00+00:00,233.4,233.4,232.05,232.27,137176.19
2025-10-03 00:45:00+00:00,232.27,232.52,231.74,231.78,171309.74
2025-10-03 01:00:00+00:00,231.79,232.65,231.65,231.86,221342.27
2025-10-03 01:15:00+00:00,231.86,232.12,230.77,231.31,324906.43
2025-10-03 01:30:00+00:00,231.31,231.8,231.15,231.32,141439.32
2025-10-03 01:45:00+00:00,231.32,231.58,230.4,230.86,221509.87
2025-10-03 02:00:00+00:00,230.86,231.88,230.7,231.87,221485.43
2025-10-03 02:15:00+00:00,231.88,232.15,231.17,231.23,158444.95
2025-10-03 02:30:00+00:00,231.23,232.08,231.11,231.89,147922.2
2025-10-03 02:45:00+00:00,231.88,233.34,231.6,233.19,197508.26
2025-10-03 03:00:00+00:00,233.18,234.77,232.91,233.62,411421.46
2025-10-03 03:15:00+00:00,233.62,234.21,232.67,232.87,222363.15
2025-10-03 03:30:00+00:00,232.87,233.34,232.57,232.8,145789.81
2025-10-03 03:45:00+00:00,232.8,233.48,231.91,232.14,173837.56
2025-10-03 04:00:00+00:00,232.15,232.66,231.83,232.65,180722.09
2025-10-03 04:15:00+00:00,232.66,233.14,232.54,232.82,76127.9
2025-10-03 04:30:00+00:00,232.81,232.82,231.0,231.75,293387.35
2025-10-03 04:45:00+00:00,231.75,231.98,231.28,231.96,117459.5
2025-10-03 05:00:00+00:00,231.96,232.08,230.9,231.32,179713.97
2025-10-03 05:15:00+00:00,231.32,231.37,230.87,230.94,127708.47
2025-10-03 05:30:00+00:00,230.94,231.21,230.21,230.31,180518.2
2025-10-03 05:45:00+00:00,230.31,231.37,230.23,231.08,175475.05
2025-10-03 06:00:00+00:00,231.08,231.35,230.77,231.03,123704.21
2025-10-03 06:15:00+00:00,231.03,231.45,230.91,231.14,69107.31
2025-10-03 06:30:00+00:00,231.14,231.27,230.62,230.72,76954.69
2025-10-03 06:45:00+00:00,230.73,230.73,227.42,229.25,836941.25
2025-10-03 07:00:00+00:00,229.25,229.59,228.76,229.25,238733.59
2025-10-03 07:15:00+00:00,229.24,229.64,228.6,228.73,272372.54
2025-10-03 07:30:00+00:00,228.74,229.17,228.58,228.63,187862.17
2025-10-03 07:45:00+00:00,228.63,229.44,228.5,229.33,192262.73
2025-10-03 08:00:00+00:00,229.33,229.6,228.7,228.8,196645.64
2025-10-03 08:15:00+00:00,228.8,229.31,227.75,229.3,446401.54
2025-10-03 08:30:00+00:00,229.31,230.33,229.11,230.15,312033.06
2025-10-03 08:45:00+00:00,230.15,231.15,230.05,230.92,261561.92
2025-10-03 09:00:00+00:00,230.92,231.37,230.64,230.81,257903.93
2025-10-03 09:15:00+00:00,230.81,231.7,230.57,231.59,243295.12
2025-10-03 09:30:00+00:00,231.58,231.66,230.55,230.75,244020.85
2025-10-03 09:45:00+00:00,230.74,231.1,230.63,230.81,125177.72
2025-10-03 10:00:00+00:00,230.82,230.82,230.27,230.6,155780.63
2025-10-03 10:15:00+00:00,230.6,230.92,230.39,230.89,101600.08
2025-10-03 10:30:00+00:00,230.89,231.33,230.68,231.14,120562.99
2025-10-03 10:45:00+00:00,231.14,231.59,231.09,231.15,146392.41
2025-10-03 11:00:00+00:00,231.16,231.22,230.02,230.12,167892.26
2025-10-03 11:15:00+00:00,230.13,230.52,229.44,230.3,244744.36
2025-10-03 11:30:00+00:00,230.3,230.87,229.81,230.72,110313.66
2025-10-03 11:45:00+00:00,230.71,231.2,230.39,230.68,143249.23
2025-10-03 12:00:00+00:00,230.69,230.78,230.08,230.75,137926.26
2025-10-03 12:15:00+00:00,230.76,231.15,229.75,229.76,102523.85
2025-10-03 12:30:00+00:00,229.76,230.85,229.59,229.98,197675.71
2025-10-03 12:45:00+00:00,229.97,230.44,229.7,229.96,143396.9
2025-10-03 13:00:00+00:00,229.95,229.96,228.53,228.9,467700.19
2025-10-03 13:15:00+00:00,228.9,230.56,228.82,230.35,253634.58
2025-10-03 13:30:00+00:00,230.35,230.97,229.19,229.62,355751.02
2025-10-03 13:45:00+00:00,229.62,230.33,229.52,229.62,198193.37
2025-10-03 14:00:00+00:00,229.62,229.62,228.02,228.33,478346.2
2025-10-03 14:15:00+00:00,228.33,229.3,227.0,229.14,743255.36
2025-10-03 14:30:00+00:00,229.13,229.58,228.48,229.23,243955.5
2025-10-03 14:45:00+00:00,229.22,230.99,229.22,230.39,378619.6
2025-10-03 15:00:00+00:00,230.38,230.38,229.39,229.75,196295.99
2025-10-03 15:15:00+00:00,229.74,232.1,229.74,231.11,489807.29
2025-10-03 15:30:00+00:00,231.11,233.79,231.07,233.38,733270.85
2025-10-03 15:45:00+00:00,233.38,234.88,232.94,234.67,700253.66
2025-10-03 16:00:00+00:00,234.67,236.46,234.66,235.16,995795.31
2025-10-03 16:15:00+00:00,235.16,235.82,233.77,235.31,620296.75
2025-10-03 16:30:00+00:00,235.31,236.86,234.86,236.84,569902.3
2025-10-03 16:45:00+00:00,236.84,236.88,233.61,233.81,730037.66
2025-10-03 17:00:00+00:00,233.8,233.92,227.72,233.37,2044696.94
2025-10-03 17:15:00+00:00,233.37,233.44,231.17,231.84,726269.33
2025-10-03 17:30:00+00:00,231.84,232.89,230.97,232.21,402622.16
2025-10-03 17:45:00+00:00,232.22,232.31,229.46,229.99,590053.99
2025-10-03 18:00:00+00:00,229.99,230.85,228.98,230.69,471164.35
2025-10-03 18:15:00+00:00,230.69,233.09,230.61,232.98,464474.37
2025-10-03 18:30:00+00:00,232.98,233.28,232.12,232.55,335637.1
2025-10-03 18:45:00+00:00,232.54,233.55,232.33,233.54,247431.32
2025-10-03 19:00:00+00:00,233.53,233.65,232.67,233.05,144128.09
2025-10-03 19:15:00+00:00,233.04,234.99,233.04,234.58,442096.72
2025-10-03 19:30:00+00:00,234.57,235.44,234.13,234.26,264303.69
2025-10-03 19:45:00+00:00,234.25,234.26,232.85,233.1,256628.42
2025-10-03 20:00:00+00:00,233.1,233.12,230.62,231.82,493687.8
2025-10-03 20:15:00+00:00,231.83,232.94,231.76,232.41,192803.67
2025-10-03 20:30:00+00:00,232.41,233.22,232.39,233.21,116960.0
2025-10-03 20:45:00+00:00,233.21,233.34,232.53,232.92,79571.6
2025-10-03 21:00:00+00:00,232.92,233.32,232.7,233.1,91420.21
2025-10-03 21:15:00+00:00,233.1,233.2,232.57,233.01,70140.93
2025-10-03 21:30:00+00:00,233.01,233.16,231.8,232.29,107958.43
2025-10-03 21:45:00+00:00,232.3,232.76,231.79,232.55,83357.23
2025-10-03 22:00:00+00:00,232.54,232.92,232.53,232.85,98879.7
2025-10-03 22:15:00+00:00,232.84,233.9,232.56,233.44,152606.75
2025-10-03 22:30:00+00:00,233.45,233.73,233.05,233.06,76925.97
2025-10-03 22:45:00+00:00,233.06,233.4,232.78,233.11,103972.24
2025-10-03 23:00:00+00:00,233.11,233.17,232.39,232.49,67259.54
2025-10-03 23:15:00+00:00,232.49,233.2,232.45,232.73,82684.69
2025-10-03 23:30:00+00:00,232.73,233.38,232.28,233.16,78822.73
2025-10-03 23:45:00+00:00,233.16,233.32,232.57,232.74,80824.95
2025-10-04 00:00:00+00:00,232.74,233.8,232.63,233.41,207988.38
2025-10-04 00:15:00+00:00,233.41,233.98,232.3,232.33,178820.68
2025-10-04 00:30:00+00:00,232.33,232.71,231.41,231.65,253049.21
2025-10-04 00:45:00+00:00,231.66,232.16,231.5,231.89,108999.37
2025-10-04 01:00:00+00:00,231.89,232.03,230.86,231.1,185703.45
2025-10-04 01:15:00+00:00,231.09,231.19,230.51,230.55,161579.2
2025-10-04 01:30:00+00:00,230.56,230.88,230.35,230.47,158345.51
2025-10-04 01:45:00+00:00,230.48,230.52,229.49,230.23,287412.97
2025-10-04 02:00:00+00:00,230.23,231.0,228.5,229.25,426946.21
2025-10-04 02:15:00+00:00,229.26,229.38,228.17,229.29,383017.93
2025-10-04 02:30:00+00:00,229.29,229.72,229.1,229.53,165408.72
2025-10-04 02:45:00+00:00,229.53,230.28,229.39,229.75,149460.85
2025-10-04 03:00:00+00:00,229.75,229.94,227.83,228.25,556112.67
2025-10-04 03:15:00+00:00,228.25,228.83,227.76,228.77,266499.96
2025-10-04 03:30:00+00:00,228.77,228.97,228.49,228.91,101840.21
2025-10-04 03:45:00+00:00,228.92,229.27,228.62,229.11,103652.07
2025-10-04 04:00:00+00:00,229.11,229.51,228.96,229.38,104302.05
2025-10-04 04:15:00+00:00,229.38,229.41,228.9,228.95,104717.73
2025-10-04 04:30:00+00:00,228.96,229.79,228.85,229.59,91808.39
2025-10-04 04:45:00+00:00,229.59,229.7,229.32,229.44,78931.71
2025-10-04 05:00:00+00:00,229.44,230.06,229.32,230.02,118417.81
2025-10-04 05:15:00+00:00,230.02,230.19,229.71,229.75,99880.97
2025-10-04 05:30:00+00:00,229.75,229.8,229.22,229.28,108530.17
2025-10-04 05:45:00+00:00,229.28,229.88,229.03,229.85,127874.09
2025-10-04 06:00:00+00:00,229.84,230.06,229.62,229.83,116460.31
2025-10-04 06:15:00+00:00,229.83,230.43,229.77,229.9,251034.97
2025-10-04 06:30:00+00:00,229.9,230.15,229.67,229.72,67757.5
2025-10-04 06:45:00+00:00,229.73,229.85,229.5,229.73,54162.12
2025-10-04 07:00:00+00:00,229.74,229.79,229.43,229.51,54106.08
2025-10-04 07:15:00+00:00,229.5,229.61,229.14,229.35,79042.61
2025-10-04 07:30:00+00:00,229.34,229.49,229.17,229.25,66202.18
2025-10-04 07:45:00+00:00,229.25,229.27,228.63,229.0,136574.56
2025-10-04 08:00:00+00:00,229.0,229.36,229.0,229.12,136340.18
2025-10-04 08:15:00+00:00,229.11,229.19,228.5,228.72,212540.92
2025-10-04 08:30:00+00:00,228.73,228.86,228.08,228.35,130374.4
2025-10-04 08:45:00+00:00,228.34,228.98,228.1,228.77,112591.74
2025-10-04 09:00:00+00:00,228.77,229.32,228.46,229.26,107798.25
2025-10-04 09:15:00+00:00,229.26,229.36,228.8,228.95,52005.27
2025-10-04 09:30:00+00:00,228.95,229.18,228.79,229.07,69483.5
2025-10-04 09:45:00+00:00,229.08,229.1,228.17,228.35,100712.6
2025-10-04 10:00:00+00:00,228.35,229.44,228.2,229.35,122319.47
2025-10-04 10:15:00+00:00,229.34,229.8,229.16,229.78,129157.46
2025-10-04 10:30:00+00:00,229.79,229.81,228.49,228.8,115446.22
2025-10-04 10:45:00+00:00,228.8,229.17,228.52,229.03,83403.16
2025-10-04 11:00:00+00:00,229.03,229.38,228.81,228.91,67858.24
2025-10-04 11:15:00+00:00,228.91,229.34,228.6,229.33,79578.72
2025-10-04 11:30:00+00:00,229.34,229.5,228.52,229.1,80480.59
2025-10-04 11:45:00+00:00,229.11,229.34,228.91,229.08,52053.74
2025-10-04 12:00:00+00:00,229.08,229.35,228.68,228.97,69560.53
2025-10-04 12:15:00+00:00,228.98,228.98,228.58,228.6,89407.33
2025-10-04 12:30:00+00:00,228.59,228.98,228.5,228.61,68952.01
2025-10-04 12:45:00+00:00,228.61,228.61,227.8,228.03,165398.44
2025-10-04 13:00:00+00:00,228.02,229.72,227.79,228.99,265834.66
2025-10-04 13:15:00+00:00,228.98,229.39,228.72,228.72,139078.0
2025-10-04 13:30:00+00:00,228.73,229.47,228.66,229.2,73535.07
2025-10-04 13:45:00+00:00,229.2,229.48,228.61,228.68,69712.1
2025-10-04 14:00:00+00:00,228.67,229.31,228.29,229.28,174342.41
2025-10-04 14:15:00+00:00,229.28,229.4,228.63,228.76,81448.71
2025-10-04 14:30:00+00:00,228.76,228.82,228.37,228.37,74837.54
2025-10-04 14:45:00+00:00,228.37,228.42,226.43,226.72,490228.39
2025-10-04 15:00:00+00:00,226.71,227.37,226.4,226.56,395047.49
2025-10-04 15:15:00+00:00,226.56,226.65,224.0,224.85,926057.38
2025-10-04 15:30:00+00:00,224.86,225.44,224.58,225.2,548599.31
2025-10-04 15:45:00+00:00,225.2,225.9,224.37,224.78,492976.26
2025-10-04 16:00:00+00:00,224.8,225.34,224.55,224.7,283261.73
2025-10-04 16:15:00+00:00,224.71,225.03,224.06,224.6,307587.11
2025-10-04 16:30:00+00:00,224.61,225.5,224.57,225.18,357022.49
2025-10-04 16:45:00+00:00,225.18,225.6,224.63,225.57,217680.91
2025-10-04 17:00:00+00:00,225.57,226.43,225.34,226.07,281108.93
2025-10-04 17:15:00+00:00,226.07,226.87,225.89,226.78,145853.85
2025-10-04 17:30:00+00:00,226.78,226.91,225.73,226.17,175118.06
2025-10-04 17:45:00+00:00,226.17,226.47,225.95,226.46,85640.54
2025-10-04 18:00:00+00:00,226.47,226.88,226.37,226.72,73293.19
2025-10-04 18:15:00+00:00,226.72,226.86,226.45,226.62,75069.69
2025-10-04 18:30:00+00:00,226.63,226.65,225.93,226.2,118255.18
2025-10-04 18:45:00+00:00,226.21,226.3,225.72,225.96,74846.89
2025-10-04 19:00:00+00:00,225.96,226.37,225.88,226.31,57183.95
2025-10-04 19:15:00+00:00,226.3,226.57,225.99,226.46,44054.92
2025-10-04 19:30:00+00:00,226.47,226.7,226.24,226.28,136860.13
2025-10-04 19:45:00+00:00,226.28,226.81,226.22,226.8,53780.02
2025-10-04 20:00:00+00:00,226.8,227.32,226.8,227.32,134585.17
2025-10-04 20:15:00+00:00,227.31,227.88,227.2,227.7,145952.77
2025-10-04 20:30:00+00:00,227.7,227.86,227.39,227.67,83673.56
2025-10-04 20:45:00+00:00,227.67,227.79,227.2,227.2,100282.04
2025-10-04 21:00:00+00:00,227.21,227.81,227.14,227.61,103627.57
2025-10-04 21:15:00+00:00,227.62,228.18,227.56,228.08,117325.8
2025-10-04 21:30:00+00:00,228.09,228.19,227.61,227.68,113479.8
2025-10-04 21:45:00+00:00,227.69,227.71,227.14,227.15,53250.83
2025-10-04 22:00:00+00:00,227.14,227.61,227.14,227.36,90540.79
2025-10-04 22:15:00+00:00,227.37,227.44,226.78,227.3,87852.19
2025-10-04 22:30:00+00:00,227.31,227.8,227.3,227.59,46624.72
2025-10-04 22:45:00+00:00,227.6,227.88,227.54,227.6,56406.95
2025-10-04 23:00:00+00:00,227.61,227.66,227.11,227.17,39746.47
2025-10-04 23:15:00+00:00,227.16,227.32,226.95,227.31,48935.77
2025-10-04 23:30:00+00:00,227.32,227.9,227.31,227.89,73138.57
2025-10-04 23:45:00+00:00,227.9,228.11,227.62,227.72,71810.41
2025-10-05 00:00:00+00:00,227.72,227.95,227.02,227.22,103185.49
2025-10-05 00:15:00+00:00,227.22,228.15,227.03,228.09,76288.77
2025-10-05 00:30:00+00:00,228.1,228.15,227.21,227.29,70089.19
2025-10-05 00:45:00+00:00,227.3,227.38,226.38,226.7,187088.74
2025-10-05 01:00:00+00:00,226.71,227.46,226.59,227.23,74800.8
2025-10-05 01:15:00+00:00,227.23,227.35,226.46,226.93,81306.46
2025-10-05 01:30:00+00:00,226.93,227.48,226.85,227.44,76041.21
2025-10-05 01:45:00+00:00,227.44,227.73,227.06,227.63,84182.41
2025-10-05 02:00:00+00:00,227.63,227.87,227.19,227.72,74318.48
2025-10-05 02:15:00+00:00,227.71,228.01,227.42,228.01,94462.44
2025-10-05 02:30:00+00:00,228.01,231.36,228.01,229.13,1381042.31
2025-10-05 02:45:00+00:00,229.13,231.26,229.11,231.04,460395.46
2025-10-05 03:00:00+00:00,231.04,232.11,230.68,230.71,495455.49
2025-10-05 03:15:00+00:00,230.71,231.22,230.04,230.94,323089.62
2025-10-05 03:30:00+00:00,230.93,232.19,230.9,231.75,292754.59
2025-10-05 03:45:00+00:00,231.75,231.96,230.59,230.8,148578.48
2025-10-05 04:00:00+00:00,230.79,231.84,230.79,231.37,168963.57
2025-10-05 04:15:00+00:00,231.36,231.86,231.07,231.54,88272.08
2025-10-05 04:30:00+00:00,231.54,232.32,231.24,232.11,212438.01
2025-10-05 04:45:00+00:00,232.1,234.89,232.03,233.72,1067060.5
2025-10-05 05:00:00+00:00,233.72,234.84,233.23,233.78,471759.9
2025-10-05 05:15:00+00:00,233.79,234.88,233.26,234.7,274793.88
2025-10-05 05:30:00+00:00,234.71,234.84,234.04,234.37,190013.71
2025-10-05 05:45:00+00:00,234.37,234.44,233.82,234.43,142997.64
2025-10-05 06:00:00+00:00,234.44,235.28,234.36,235.25,330473.27
2025-10-05 06:15:00+00:00,235.26,235.87,234.72,235.41,359922.4
2025-10-05 06:30:00+00:00,235.41,235.78,234.7,235.68,325885.24
2025-10-05 06:45:00+00:00,235.67,235.68,234.75,235.07,179873.24
2025-10-05 07:00:00+00:00,235.08,236.5,234.96,236.19,514848.18
2025-10-05 07:15:00+00:00,236.19,236.9,235.47,235.53,493455.13
2025-10-05 07:30:00+00:00,235.53,235.88,235.27,235.69,140448.42
2025-10-05 07:45:00+00:00,235.7,236.76,235.7,236.48,246323.49
2025-10-05 08:00:00+00:00,236.49,237.24,235.91,235.93,330769.91
2025-10-05 08:15:00+00:00,235.93,236.4,235.61,235.92,181044.92
2025-10-05 08:30:00+00:00,235.91,235.91,234.93,235.55,249587.42
2025-10-05 08:45:00+00:00,235.54,235.55,235.05,235.07,131876.93
2025-10-05 09:00:00+00:00,235.07,235.41,234.9,235.3,153542.23
2025-10-05 09:15:00+00:00,235.29,235.7,234.62,234.93,188843.7
2025-10-05 09:30:00+00:00,234.94,235.03,232.6,232.89,916545.44
2025-10-05 09:45:00+00:00,232.9,234.18,232.0,233.32,488657.08
2025-10-05 10:00:00+00:00,233.32,233.5,230.95,231.95,664496.17
2025-10-05 10:15:00+00:00,231.95,233.16,231.75,232.0,330742.82
2025-10-05 10:30:00+00:00,231.99,232.03,230.62,231.56,322113.11
2025-10-05 10:45:00+00:00,231.56,232.23,231.55,231.9,166351.12
2025-10-05 11:00:00+00:00,231.9,232.37,230.66,230.86,316776.66
2025-10-05 11:15:00+00:00,230.86,232.47,230.76,232.19,255909.63
2025-10-05 11:30:00+00:00,232.18,232.28,231.68,232.08,107136.71
2025-10-05 11:45:00+00:00,232.08,232.75,231.99,232.52,217162.3
2025-10-05 12:00:00+00:00,232.52,232.54,230.58,231.39,361469.54
2025-10-05 12:15:00+00:00,231.4,231.98,231.02,231.59,160027.37
2025-10-05 12:30:00+00:00,231.6,231.93,231.12,231.17,144472.61
2025-10-05 12:45:00+00:00,231.16,231.87,231.11,231.2,89412.08
2025-10-05 13:00:00+00:00,231.19,231.71,231.15,231.35,81204.64
2025-10-05 13:15:00+00:00,231.34,231.48,230.25,231.12,229699.49
2025-10-05 13:30:00+00:00,231.12,231.92,230.76,231.65,214279.45
2025-10-05 13:45:00+00:00,231.66,231.92,231.13,231.54,118159.83
2025-10-05 14:00:00+00:00,231.54,231.92,231.48,231.81,89725.25
2025-10-05 14:15:00+00:00,231.81,231.88,231.2,231.36,71680.37
2025-10-05 14:30:00+00:00,231.36,231.47,230.07,230.35,290450.84
2025-10-05 14:45:00+00:00,230.34,230.35,228.21,229.98,622221.57
2025-10-05 15:00:00+00:00,229.98,230.2,229.64,230.12,162111.36
2025-10-05 15:15:00+00:00,230.12,230.79,230.04,230.32,138056.67
2025-10-05 15:30:00+00:00,230.31,230.31,229.66,229.68,128911.9
2025-10-05 15:45:00+00:00,229.68,230.2,229.64,230.02,77048.73
2025-10-05 16:00:00+00:00,230.03,230.62,229.61,230.5,143161.07
2025-10-05 16:15:00+00:00,230.5,230.54,229.9,230.03,102559.9
2025-10-05 16:30:00+00:00,230.04,230.38,229.78,229.86,111601.33
2025-10-05 16:45:00+00:00,229.86,231.18,228.68,230.99,400803.96
2025-10-05 17:00:00+00:00,230.99,231.35,230.23,230.4,231753.67
2025-10-05 17:15:00+00:00,230.4,230.94,230.24,230.6,98768.19
2025-10-05 17:30:00+00:00,230.59,230.6,229.51,229.91,152774.51
2025-10-05 17:45:00+00:00,229.9,229.98,229.18,229.57,73136.69
2025-10-05 18:00:00+00:00,229.57,229.78,227.19,228.17,777196.05
2025-10-05 18:15:00+00:00,228.17,228.64,227.76,228.49,205046.8
2025-10-05 18:30:00+00:00,228.49,229.15,228.45,228.6,112680.75
2025-10-05 18:45:00+00:00,228.59,229.03,228.5,228.85,77743.3
2025-10-05 19:00:00+00:00,228.84,228.87,226.58,227.33,322777.85
2025-10-05 19:15:00+00:00,227.33,228.05,226.94,227.74,124949.69
2025-10-05 19:30:00+00:00,227.74,227.97,227.28,227.54,107036.94
2025-10-05 19:45:00+00:00,227.53,227.65,226.58,226.96,156661.65
2025-10-05 20:00:00+00:00,226.96,227.75,226.57,227.38,154739.61
2025-10-05 20:15:00+00:00,227.38,227.7,227.04,227.65,78866.26
2025-10-05 20:30:00+00:00,227.65,228.83,227.61,228.53,243385.95
2025-10-05 20:45:00+00:00,228.52,228.89,227.87,227.88,100766.13
2025-10-05 21:00:00+00:00,227.88,228.21,227.36,228.05,103981.19
2025-10-05 21:15:00+00:00,228.06,228.35,227.67,228.02,64475.85
2025-10-05 21:30:00+00:00,228.03,228.44,227.71,228.44,49380.7
2025-10-05 21:45:00+00:00,228.43,228.68,228.2,228.57,50612.34
2025-10-05 22:00:00+00:00,228.58,229.15,227.21,227.34,215856.87
2025-10-05 22:15:00+00:00,227.34,228.02,226.93,227.6,154829.52
2025-10-05 22:30:00+00:00,227.61,227.94,227.5,227.85,64788.14
2025-10-05 22:45:00+00:00,227.85,228.33,227.73,228.18,74420.45
2025-10-05 23:00:00+00:00,228.18,228.99,228.05,228.45,167921.72
2025-10-05 23:15:00+00:00,228.45,228.71,227.96,228.39,70951.21
2025-10-05 23:30:00+00:00,228.4,229.02,228.4,228.6,101281.93
2025-10-05 23:45:00+00:00,228.61,228.78,228.0,228.45,170503.56
2025-10-06 00:00:00+00:00,228.45,228.68,227.4,228.47,278258.41
2025-10-06 00:15:00+00:00,228.47,230.21,227.73,228.37,589051.12
2025-10-06 00:30:00+00:00,228.37,229.09,227.96,229.0,194158.77
2025-10-06 00:45:00+00:00,229.01,229.18,227.66,228.57,197832.16
2025-10-06 01:00:00+00:00,228.57,228.92,227.62,228.69,141314.95
2025-10-06 01:15:00+00:00,228.69,230.87,228.19,230.55,373868.55
2025-10-06 01:30:00+00:00,230.55,231.71,230.03,230.56,497581.14
2025-10-06 01:45:00+00:00,230.56,231.42,230.2,231.29,208069.42
2025-10-06 02:00:00+00:00,231.29,231.58,230.6,231.19,199041.79
2025-10-06 02:15:00+00:00,231.18,231.41,230.45,230.65,157494.27
2025-10-06 02:30:00+00:00,230.66,231.16,229.63,231.09,335270.34
2025-10-06 02:45:00+00:00,231.08,232.98,231.08,232.25,431647.31
2025-10-06 03:00:00+00:00,232.25,232.32,231.63,232.31,182933.82
2025-10-06 03:15:00+00:00,232.31,232.97,232.15,232.9,133445.49
2025-10-06 03:30:00+00:00,232.89,233.19,231.99,232.15,123671.66
2025-10-06 03:45:00+00:00,232.16,232.32,231.6,232.12,137996.64
2025-10-06 04:00:00+00:00,232.12,232.18,231.17,231.69,157125.05
2025-10-06 04:15:00+00:00,231.69,232.16,231.49,232.08,91141.2
2025-10-06 04:30:00+00:00,232.07,232.25,230.84,231.04,209785.98
2025-10-06 04:45:00+00:00,231.04,231.53,230.48,230.56,213375.33
2025-10-06 05:00:00+00:00,230.55,230.75,230.05,230.12,162714.41
2025-10-06 05:15:00+00:00,230.11,231.38,230.06,231.34,117335.56
2025-10-06 05:30:00+00:00,231.34,231.63,230.96,231.63,90451.94
2025-10-06 05:45:00+00:00,231.63,232.38,231.57,232.21,144536.27
2025-10-06 06:00:00+00:00,232.2,233.47,232.2,233.39,262140.88
2025-10-06 06:15:00+00:00,233.39,234.14,232.7,233.81,416911.71
2025-10-06 06:30:00+00:00,233.8,234.77,233.74,234.14,305468.19
2025-10-06 06:45:00+00:00,234.15,234.27,233.29,233.82,215617.89
2025-10-06 07:00:00+00:00,233.82,234.15,233.2,233.96,194888.52
2025-10-06 07:15:00+00:00,233.95,234.11,233.34,233.5,106302.08
2025-10-06 07:30:00+00:00,233.5,233.58,231.02,231.3,456641.75
2025-10-06 07:45:00+00:00,231.3,231.31,230.51,231.23,317536.92
2025-10-06 08:00:00+00:00,231.24,232.9,231.24,232.47,244215.17
2025-10-06 08:15:00+00:00,232.46,232.88,232.04,232.66,126108.97
2025-10-06 08:30:00+00:00,232.67,233.71,232.66,233.09,239761.26
2025-10-06 08:45:00+00:00,233.08,233.82,232.98,233.57,126760.44
2025-10-06 09:00:00+00:00,233.57,234.05,233.04,233.17,139981.61
2025-10-06 09:15:00+00:00,233.16,233.35,232.69,233.26,174418.91
2025-10-06 09:30:00+00:00,233.26,233.33,232.83,232.83,110631.16
2025-10-06 09:45:00+00:00,232.84,233.68,232.75,233.37,131618.91
2025-10-06 10:00:00+00:00,233.37,233.64,232.59,232.75,156183.29
2025-10-06 10:15:00+00:00,232.74,233.0,232.28,232.71,132548.64
2025-10-06 10:30:00+00:00,232.71,232.92,232.18,232.52,108372.88
2025-10-06 10:45:00+00:00,232.53,233.1,232.5,232.54,106690.76
2025-10-06 11:00:00+00:00,232.54,232.54,231.64,232.07,206607.52
2025-10-06 11:15:00+00:00,232.07,233.5,231.94,233.44,203235.5
2025-10-06 11:30:00+00:00,233.45,233.77,232.48,233.2,245104.0
2025-10-06 11:45:00+00:00,233.21,233.44,232.76,232.89,99336.59
2025-10-06 12:00:00+00:00,232.9,233.49,232.81,233.37,129612.61
2025-10-06 12:15:00+00:00,233.38,234.33,233.36,233.89,258628.77
2025-10-06 12:30:00+00:00,233.9,234.26,233.21,233.38,249198.2
2025-10-06 12:45:00+00:00,233.38,234.11,233.34,233.98,130559.83
2025-10-06 13:00:00+00:00,233.97,234.45,233.5,233.82,180183.56
2025-10-06 13:15:00+00:00,233.82,234.41,233.37,234.3,178160.72
2025-10-06 13:30:00+00:00,234.3,235.06,233.06,233.57,656868.07
2025-10-06 13:45:00+00:00,233.57,234.78,232.55,234.64,491902.46
2025-10-06 14:00:00+00:00,234.64,235.65,234.09,234.32,459962.77
2025-10-06 14:15:00+00:00,234.32,234.97,233.13,233.88,326366.19
2025-10-06 14:30:00+00:00,233.87,235.2,233.75,233.94,319461.7
2025-10-06 14:45:00+00:00,233.95,234.47,232.65,233.24,274222.26
2025-10-06 15:00:00+00:00,233.23,234.46,233.18,234.39,236584.2
2025-10-06 15:15:00+00:00,234.4,236.38,234.39,236.23,677103.03
2025-10-06 15:30:00+00:00,236.23,236.32,235.33,235.89,300996.56
2025-10-06 15:45:00+00:00,235.89,236.62,235.5,235.56,272793.61
2025-10-06 16:00:00+00:00,235.55,236.19,234.4,234.65,355035.08
2025-10-06 16:15:00+00:00,234.66,235.31,233.95,234.22,259256.96
2025-10-06 16:30:00+00:00,234.21,235.63,234.03,235.61,176413.23
2025-10-06 16:45:00+00:00,235.6,235.78,235.04,235.6,114117.4
2025-10-06 17:00:00+00:00,235.59,235.88,235.33,235.7,161138.11
2025-10-06 17:15:00+00:00,235.7,237.23,235.47,237.09,485908.78
2025-10-06 17:30:00+00:00,237.08,237.74,235.39,236.01,444434.99
2025-10-06 17:45:00+00:00,236.01,236.84,235.55,236.31,217650.27
2025-10-06 18:00:00+00:00,236.31,236.96,235.8,236.19,187622.32
2025-10-06 18:15:00+00:00,236.18,236.31,235.42,235.48,169706.37
2025-10-06 18:30:00+00:00,235.48,235.83,234.7,235.37,270073.82
2025-10-06 18:45:00+00:00,235.36,237.05,235.27,236.68,235941.44
2025-10-06 19:00:00+00:00,236.69,236.9,235.72,236.0,202975.92
2025-10-06 19:15:00+00:00,236.0,236.16,235.13,235.38,191945.52
2025-10-06 19:30:00+00:00,235.38,235.76,234.56,234.9,165197.44
2025-10-06 19:45:00+00:00,234.9,235.42,234.6,235.22,194574.81
2025-10-06 20:00:00+00:00,235.23,236.03,234.58,234.85,264042.0
2025-10-06 20:15:00+00:00,234.85,234.86,232.96,234.2,655693.12
2025-10-06 20:30:00+00:00,234.2,234.64,233.56,233.68,164350.89
2025-10-06 20:45:00+00:00,233.69,233.96,233.43,233.45,108424.07
2025-10-06 21:00:00+00:00,233.46,234.31,233.44,233.88,129407.58
2025-10-06 21:15:00+00:00,233.89,234.03,232.66,233.22,263186.12
2025-10-06 21:30:00+00:00,233.22,234.0,232.87,233.9,109071.39
2025-10-06 21:45:00+00:00,233.9,234.14,233.53,234.13,64897.06
2025-10-06 22:00:00+00:00,234.13,234.5,233.81,234.34,162382.85
2025-10-06 22:15:00+00:00,234.35,234.91,234.33,234.86,137946.6
2025-10-06 22:30:00+00:00,234.86,234.87,234.0,234.25,105281.2
2025-10-06 22:45:00+00:00,234.25,234.79,234.23,234.52,82348.65
2025-10-06 23:00:00+00:00,234.52,234.67,233.39,233.42,119153.68
2025-10-06 23:15:00+00:00,233.41,233.6,231.32,233.22,495106.38
2025-10-06 23:30:00+00:00,233.23,233.26,232.38,232.9,108934.15
2025-10-06 23:45:00+00:00,232.89,232.94,232.21,232.27,134350.7
2025-10-07 00:00:00+00:00,232.27,232.92,231.83,231.98,244379.66
2025-10-07 00:15:00+00:00,231.97,232.12,231.18,231.21,283474.68
2025-10-07 00:30:00+00:00,231.21,232.33,231.05,232.32,148248.01
2025-10-07 00:45:00+00:00,232.32,232.43,231.54,232.38,148159.56
2025-10-07 01:00:00+00:00,232.38,233.01,232.3,232.45,168233.42
2025-10-07 01:15:00+00:00,232.45,232.46,230.79,231.58,304930.12
2025-10-07 01:30:00+00:00,231.58,232.57,231.14,232.5,180470.2
2025-10-07 01:45:00+00:00,232.51,232.68,231.98,232.58,92563.92
2025-10-07 02:00:00+00:00,232.59,232.99,232.3,232.53,143529.55
2025-10-07 02:15:00+00:00,232.53,233.38,231.9,233.34,166881.21
2025-10-07 02:30:00+00:00,233.34,233.76,232.76,233.12,159537.16
2025-10-07 02:45:00+00:00,233.13,233.5,233.03,233.32,88160.04
2025-10-07 03:00:00+00:00,233.33,233.76,232.99,233.69,78905.45
2025-10-07 03:15:00+00:00,233.69,233.69,232.94,233.01,134453.86
2025-10-07 03:30:00+00:00,233.01,233.46,232.79,233.46,74307.55
2025-10-07 03:45:00+00:00,233.47,233.88,233.28,233.81,91777.18
2025-10-07 04:00:00+00:00,233.81,233.88,232.92,233.17,136550.73
2025-10-07 04:15:00+00:00,233.17,233.78,232.87,233.77,112152.72
2025-10-07 04:30:00+00:00,233.77,234.79,233.72,234.4,257511.4
2025-10-07 04:45:00+00:00,234.41,235.17,234.31,234.71,222444.02
2025-10-07 05:00:00+00:00,234.72,234.88,233.96,234.49,175684.94
2025-10-07 05:15:00+00:00,234.49,234.95,234.07,234.64,88598.3
2025-10-07 05:30:00+00:00,234.65,234.92,234.08,234.59,143352.44
2025-10-07 05:45:00+00:00,234.59,234.67,233.04,233.37,309687.08
2025-10-07 06:00:00+00:00,233.37,233.54,232.67,232.79,192918.93
2025-10-07 06:15:00+00:00,232.78,232.84,231.27,231.37,362949.38
2025-10-07 06:30:00+00:00,231.37,231.77,229.13,230.36,898116.79
2025-10-07 06:45:00+00:00,230.37,230.63,229.91,230.28,315794.36
2025-10-07 07:00:00+00:00,230.28,230.96,230.12,230.2,211137.05
2025-10-07 07:15:00+00:00,230.2,230.85,229.35,230.78,319277.03
2025-10-07 07:30:00+00:00,230.78,230.86,230.26,230.64,150000.02
2025-10-07 07:45:00+00:00,230.64,230.92,230.41,230.88,93553.53
2025-10-07 08:00:00+00:00,230.88,230.89,228.59,228.96,614144.76
2025-10-07 08:15:00+00:00,228.96,229.56,228.1,229.12,584561.67
2025-10-07 08:30:00+00:00,229.11,230.06,228.53,230.03,230108.61
2025-10-07 08:45:00+00:00,230.03,230.21,229.36,229.86,190117.32
2025-10-07 09:00:00+00:00,229.85,230.44,229.73,230.17,173604.14
2025-10-07 09:15:00+00:00,230.17,230.35,229.55,229.9,126589.34
2025-10-07 09:30:00+00:00,229.9,230.24,229.65,229.93,93970.28
2025-10-07 09:45:00+00:00,229.94,230.4,229.84,230.2,110925.03
2025-10-07 10:00:00+00:00,230.19,231.25,229.58,231.14,216172.54
2025-10-07 10:15:00+00:00,231.14,231.53,230.64,230.86,180605.86
2025-10-07 10:30:00+00:00,230.86,231.21,230.6,230.62,88518.42
2025-10-07 10:45:00+00:00,230.61,230.89,230.44,230.69,79023.05
2025-10-07 11:00:00+00:00,230.69,231.04,230.2,230.28,106997.28
2025-10-07 11:15:00+00:00,230.28,230.6,230.12,230.16,81125.31
2025-10-07 11:30:00+00:00,230.16,230.81,229.92,229.98,183802.08
2025-10-07 11:45:00+00:00,229.97,230.65,229.97,230.31,132346.46
2025-10-07 12:00:00+00:00,230.31,230.43,229.71,229.94,123749.73
2025-10-07 12:15:00+00:00,229.93,230.08,229.33,229.62,182164.6
2025-10-07 12:30:00+00:00,229.63,229.75,229.11,229.4,179293.16
2025-10-07 12:45:00+00:00,229.41,231.39,229.41,231.37,380321.49
2025-10-07 13:00:00+00:00,231.38,231.5,230.53,231.01,233394.79
2025-10-07 13:15:00+00:00,231.02,231.47,230.57,231.35,200718.71
2025-10-07 13:30:00+00:00,231.35,231.41,226.12,227.37,1362661.96
2025-10-07 13:45:00+00:00,227.37,227.93,226.2,227.82,867122.76
2025-10-07 14:00:00+00:00,227.81,228.01,224.34,224.98,1458480.65
2025-10-07 14:15:00+00:00,224.97,226.68,224.44,225.33,595642.82
2025-10-07 14:30:00+00:00,225.32,226.27,224.8,226.26,557935.57
2025-10-07 14:45:00+00:00,226.25,226.63,225.07,225.19,385449.35
2025-10-07 15:00:00+00:00,225.19,225.79,221.27,223.31,2106723.14
2025-10-07 15:15:00+00:00,223.32,224.57,223.05,223.56,510068.68
2025-10-07 15:30:00+00:00,223.56,223.64,221.44,222.2,814030.3
2025-10-07 15:45:00+00:00,222.2,223.68,221.99,223.65,532827.87
2025-10-07 16:00:00+00:00,223.66,223.71,222.48,222.73,591730.38
2025-10-07 16:15:00+00:00,222.73,223.64,221.76,222.85,735748.98
2025-10-07 16:30:00+00:00,222.85,224.62,222.84,224.0,603979.46
2025-10-07 16:45:00+00:00,223.99,225.17,223.79,224.28,438163.97
2025-10-07 17:00:00+00:00,224.28,224.73,223.6,223.79,254988.95
2025-10-07 17:15:00+00:00,223.79,223.85,222.92,223.49,238957.24
2025-10-07 17:30:00+00:00,223.49,223.68,222.97,223.62,160609.51
2025-10-07 17:45:00+00:00,223.62,224.15,222.47,222.57,239245.45
2025-10-07 18:00:00+00:00,222.58,223.17,222.35,222.63,232948.72
2025-10-07 18:15:00+00:00,222.64,222.85,221.75,222.64,278973.3
2025-10-07 18:30:00+00:00,222.64,222.88,221.64,222.22,205109.09
2025-10-07 18:45:00+00:00,222.21,222.36,221.23,221.36,245380.97
2025-10-07 19:00:00+00:00,221.35,222.65,221.06,221.68,304216.7
2025-10-07 19:15:00+00:00,221.68,222.03,221.15,221.26,136999.97
2025-10-07 19:30:00+00:00,221.26,222.06,220.5,221.4,246210.54
2025-10-07 19:45:00+00:00,221.4,222.72,221.13,221.55,333562.0
2025-10-07 20:00:00+00:00,221.55,223.57,221.38,223.26,307471.25
2025-10-07 20:15:00+00:00,223.25,223.72,222.65,223.6,156327.43
2025-10-07 20:30:00+00:00,223.59,223.95,223.31,223.38,178082.43
2025-10-07 20:45:00+00:00,223.37,224.05,223.21,223.35,127683.95
2025-10-07 21:00:00+00:00,223.34,223.88,222.77,223.57,145485.02
2025-10-07 21:15:00+00:00,223.57,224.12,223.41,223.93,82645.36
2025-10-07 21:30:00+00:00,223.94,224.06,223.0,223.31,93988.99
2025-10-07 21:45:00+00:00,223.32,223.32,222.26,222.99,126794.77
2025-10-07 22:00:00+00:00,223.0,223.02,221.86,222.65,124398.92
2025-10-07 22:15:00+00:00,222.65,223.55,222.59,223.12,123482.5
2025-10-07 22:30:00+00:00,223.13,223.41,222.12,222.39,97093.04
2025-10-07 22:45:00+00:00,222.39,222.54,221.97,222.37,55897.8
2025-10-07 23:00:00+00:00,222.38,222.42,221.44,221.56,135677.67
2025-10-07 23:15:00+00:00,221.56,221.83,220.27,220.96,380802.23
2025-10-07 23:30:00+00:00,220.96,221.17,220.4,220.98,217803.48
2025-10-07 23:45:00+00:00,220.98,221.22,219.57,219.84,368459.18
2025-10-08 00:00:00+00:00,219.84,220.89,219.66,220.14,253647.16
2025-10-08 00:15:00+00:00,220.15,221.08,220.11,220.16,170598.28
2025-10-08 00:30:00+00:00,220.16,221.43,217.82,221.01,743820.74
2025-10-08 00:45:00+00:00,221.02,221.68,220.81,220.87,252782.34
2025-10-08 01:00:00+00:00,220.88,221.19,220.41,220.52,161475.46
2025-10-08 01:15:00+00:00,220.52,221.98,220.35,221.47,156544.16
2025-10-08 01:30:00+00:00,221.47,221.98,221.22,221.51,85498.02
2025-10-08 01:45:00+00:00,221.51,222.21,221.43,221.93,109395.94
2025-10-08 02:00:00+00:00,221.93,221.98,221.32,221.74,133429.11
2025-10-08 02:15:00+00:00,221.74,222.69,221.72,222.35,160355.7
2025-10-08 02:30:00+00:00,222.35,222.37,221.42,221.45,123354.62
2025-10-08 02:45:00+00:00,221.44,221.84,221.03,221.46,120798.72
2025-10-08 03:00:00+00:00,221.46,221.47,219.97,220.01,200034.88
2025-10-08 03:15:00+00:00,220.01,220.37,218.43,218.75,406716.24
2025-10-08 03:30:00+00:00,218.75,219.37,218.5,218.77,195894.42
2025-10-08 03:45:00+00:00,218.77,219.26,217.82,218.2,255399.08
2025-10-08 04:00:00+00:00,218.2,219.26,217.2,219.03,458717.47
2025-10-08 04:15:00+00:00,219.03,219.83,219.0,219.39,225647.56
2025-10-08 04:30:00+00:00,219.39,220.19,219.36,220.0,153053.05
2025-10-08 04:45:00+00:00,220.01,220.44,219.78,220.29,103158.03
2025-10-08 05:00:00+00:00,220.29,220.3,219.54,219.66,127870.12
2025-10-08 05:15:00+00:00,219.66,219.75,218.44,218.88,219854.55
2025-10-08 05:30:00+00:00,218.89,219.3,218.67,218.68,136806.77
2025-10-08 05:45:00+00:00,218.67,219.62,218.27,219.41,130534.64
2025-10-08 06:00:00+00:00,219.41,219.8,218.5,219.53,151568.82
2025-10-08 06:15:00+00:00,219.52,219.82,218.89,219.1,117149.16
2025-10-08 06:30:00+00:00,219.11,219.61,218.8,219.39,110356.58
2025-10-08 06:45:00+00:00,219.39,220.35,219.39,220.16,114350.78
2025-10-08 07:00:00+00:00,220.16,220.5,219.55,219.69,143810.04
2025-10-08 07:15:00+00:00,219.68,220.0,219.32,219.83,92251.94
2025-10-08 07:30:00+00:00,219.83,220.22,219.38,220.02,79297.14
2025-10-08 07:45:00+00:00,220.02,220.88,219.64,220.85,127809.7
2025-10-08 08:00:00+00:00,220.85,221.36,220.7,221.0,195075.82
2025-10-08 08:15:00+00:00,220.99,221.65,220.8,221.22,164845.25
2025-10-08 08:30:00+00:00,221.22,222.5,221.04,222.43,349515.65
2025-10-08 08:45:00+00:00,222.43,222.52,221.26,221.48,227146.83
2025-10-08 09:00:00+00:00,221.48,221.98,221.1,221.24,199301.27
2025-10-08 09:15:00+00:00,221.24,221.29,220.67,220.94,168351.89
2025-10-08 09:30:00+00:00,220.94,221.37,220.6,221.11,115476.79
2025-10-08 09:45:00+00:00,221.11,221.31,220.6,221.31,78302.9
2025-10-08 10:00:00+00:00,221.31,221.98,220.91,221.04,111189.28
2025-10-08 10:15:00+00:00,221.04,221.53,220.89,221.1,126898.74
2025-10-08 10:30:00+00:00,221.09,221.89,220.96,221.77,132473.11
2025-10-08 10:45:00+00:00,221.77,222.08,221.56,221.99,113981.64
2025-10-08 11:00:00+00:00,222.0,222.43,221.66,222.11,151984.9
2025-10-08 11:15:00+00:00,222.12,222.13,221.04,221.31,167066.29
2025-10-08 11:30:00+00:00,221.3,221.33,220.52,220.57,159780.97
2025-10-08 11:45:00+00:00,220.57,221.19,220.51,221.04,90780.76
2025-10-08 12:00:00+00:00,221.04,222.1,220.96,221.77,187962.79
2025-10-08 12:15:00+00:00,221.76,222.06,221.03,222.06,169695.93
2025-10-08 12:30:00+00:00,222.05,222.31,221.34,222.17,158261.14
2025-10-08 12:45:00+00:00,222.17,222.46,221.53,222.18,112973.32
2025-10-08 13:00:00+00:00,222.18,222.64,221.7,222.24,156478.07
2025-10-08 13:15:00+00:00,222.24,222.32,221.53,221.68,87496.8
2025-10-08 13:30:00+00:00,221.68,222.0,219.46,219.9,490151.72
2025-10-08 13:45:00+00:00,219.89,221.5,218.72,221.35,506406.01
2025-10-08 14:00:00+00:00,221.34,224.09,221.32,222.31,869201.41
2025-10-08 14:15:00+00:00,222.31,223.4,221.7,221.8,386612.99
2025-10-08 14:30:00+00:00,221.8,222.58,220.42,220.8,406351.96
2025-10-08 14:45:00+00:00,220.81,221.12,219.33,219.96,392020.59
2025-10-08 15:00:00+00:00,219.96,221.06,219.77,220.69,225064.2
2025-10-08 15:15:00+00:00,220.7,222.75,220.47,222.28,375709.25
2025-10-08 15:30:00+00:00,222.27,222.32,221.48,221.57,144834.8
2025-10-08 15:45:00+00:00,221.57,221.58,220.43,221.08,190661.32
2025-10-08 16:00:00+00:00,221.09,222.14,220.57,222.14,193312.11
2025-10-08 16:15:00+00:00,222.14,222.34,221.51,221.93,170468.9
2025-10-08 16:30:00+00:00,221.93,222.08,221.34,222.01,130383.02
2025-10-08 16:45:00+00:00,222.01,223.61,221.88,223.44,250323.31
2025-10-08 17:00:00+00:00,223.43,225.0,223.24,224.99,476555.42
2025-10-08 17:15:00+00:00,224.99,226.57,224.58,226.3,673214.69
2025-10-08 17:30:00+00:00,226.3,226.95,225.7,225.88,381997.49
2025-10-08 17:45:00+00:00,225.88,227.56,225.64,226.75,431368.99
2025-10-08 18:00:00+00:00,226.75,227.74,226.26,227.23,345171.56
2025-10-08 18:15:00+00:00,227.24,228.21,227.02,227.17,578238.6
2025-10-08 18:30:00+00:00,227.16,228.83,226.68,227.38,615932.24
2025-10-08 18:45:00+00:00,227.39,229.69,227.29,228.59,686445.02
2025-10-08 19:00:00+00:00,228.59,228.79,227.52,227.67,269143.74
2025-10-08 19:15:00+00:00,227.67,228.45,227.43,228.07,171918.62
2025-10-08 19:30:00+00:00,228.08,229.07,228.07,228.46,207570.97
2025-10-08 19:45:00+00:00,228.46,229.51,228.16,229.23,251336.8
2025-10-08 20:00:00+00:00,229.22,229.59,228.55,229.01,215356.24
2025-10-08 20:15:00+00:00,229.01,229.61,228.93,229.27,167259.45
2025-10-08 20:30:00+00:00,229.27,229.45,228.4,228.75,147962.07
2025-10-08 20:45:00+00:00,228.75,228.8,227.37,227.63,239834.24
2025-10-08 21:00:00+00:00,227.62,228.23,227.35,227.55,125614.3
2025-10-08 21:15:00+00:00,227.54,228.5,227.54,228.39,75400.96
2025-10-08 21:30:00+00:00,228.39,229.06,228.34,228.58,87867.81
2025-10-08 21:45:00+00:00,228.57,228.58,227.71,228.4,103054.33
2025-10-08 22:00:00+00:00,228.39,229.39,228.38,229.1,143042.91
2025-10-08 22:15:00+00:00,229.09,229.64,228.73,229.05,173458.33
2025-10-08 22:30:00+00:00,229.05,229.25,228.78,228.97,54703.2
2025-10-08 22:45:00+00:00,228.97,229.09,228.46,228.53,77761.29
2025-10-08 23:00:00+00:00,228.54,228.7,227.85,227.92,145183.93
2025-10-08 23:15:00+00:00,227.92,228.69,227.81,228.56,70938.71
2025-10-08 23:30:00+00:00,228.57,229.3,228.57,228.83,99137.13
2025-10-08 23:45:00+00:00,228.82,229.05,228.62,228.95,60584.04
2025-10-09 00:00:00+00:00,228.96,229.23,227.92,228.19,183282.93
2025-10-09 00:15:00+00:00,228.18,229.61,228.06,228.6,184473.2
2025-10-09 00:30:00+00:00,228.59,229.15,228.02,228.5,157687.4
2025-10-09 00:45:00+00:00,228.5,228.92,228.18,228.26,99005.88
2025-10-09 01:00:00+00:00,228.25,228.53,227.12,227.12,295213.42
2025-10-09 01:15:00+00:00,227.12,227.8,226.45,226.65,343935.58
2025-10-09 01:30:00+00:00,226.65,226.76,225.86,226.03,329231.93
2025-10-09 01:45:00+00:00,226.04,228.61,226.02,228.37,237503.15
2025-10-09 02:00:00+00:00,228.37,228.68,226.54,227.24,269281.08
2025-10-09 02:15:00+00:00,227.24,227.38,225.96,226.99,267924.01
2025-10-09 02:30:00+00:00,226.99,227.55,225.21,225.54,359968.42
2025-10-09 02:45:00+00:00,225.54,226.0,223.76,224.35,562886.97
2025-10-09 03:00:00+00:00,224.34,225.75,224.32,225.39,286160.5
2025-10-09 03:15:00+00:00,225.4,226.41,225.33,225.67,216995.84
2025-10-09 03:30:00+00:00,225.66,226.2,225.14,225.33,168946.27
2025-10-09 03:45:00+00:00,225.33,226.3,225.25,226.1,102706.66
2025-10-09 04:00:00+00:00,226.1,226.33,225.34,225.38,141628.44
2025-10-09 04:15:00+00:00,225.37,227.05,225.37,226.99,163957.07
2025-10-09 04:30:00+00:00,226.98,227.16,226.5,226.58,115846.82
2025-10-09 04:45:00+00:00,226.57,227.48,226.5,227.4,104955.72
2025-10-09 05:00:00+00:00,227.4,228.0,227.03,227.04,204876.52
2025-10-09 05:15:00+00:00,227.04,227.71,226.62,227.69,155118.36
2025-10-09 05:30:00+00:00,227.68,228.67,227.28,227.3,306879.56
2025-10-09 05:45:00+00:00,227.3,227.73,226.95,227.72,132764.63
2025-10-09 06:00:00+00:00,227.73,227.86,227.0,227.26,186974.25
2025-10-09 06:15:00+00:00,227.26,227.85,226.65,227.65,144729.58
2025-10-09 06:30:00+00:00,227.66,228.33,227.32,227.47,159949.13
2025-10-09 06:45:00+00:00,227.46,227.95,226.2,226.45,205657.72
2025-10-09 07:00:00+00:00,226.44,226.8,225.53,225.59,240858.84
2025-10-09 07:15:00+00:00,225.59,225.95,224.51,224.98,340008.52
2025-10-09 07:30:00+00:00,224.99,225.0,224.04,224.28,208498.39
2025-10-09 07:45:00+00:00,224.28,225.35,224.2,224.38,295794.4
2025-10-09 08:00:00+00:00,224.39,224.72,223.03,223.08,385343.32
2025-10-09 08:15:00+00:00,223.09,223.5,220.6,220.69,1099709.44
2025-10-09 08:30:00+00:00,220.7,221.85,219.71,220.2,872000.27
2025-10-09 08:45:00+00:00,220.2,220.86,219.25,219.88,434089.67
2025-10-09 09:00:00+00:00,219.88,221.13,219.76,220.92,430215.22
2025-10-09 09:15:00+00:00,220.92,221.68,220.63,221.4,349091.49
2025-10-09 09:30:00+00:00,221.39,221.92,221.04,221.3,256347.98
2025-10-09 09:45:00+00:00,221.31,222.05,221.19,221.86,171310.66
2025-10-09 10:00:00+00:00,221.87,222.32,221.46,222.09,167441.97
2025-10-09 10:15:00+00:00,222.09,222.16,220.82,221.19,153226.92
2025-10-09 10:30:00+00:00,221.19,222.63,221.19,222.27,207122.01
2025-10-09 10:45:00+00:00,222.27,222.83,221.73,222.15,170018.67
2025-10-09 11:00:00+00:00,222.14,222.92,222.13,222.5,189520.37
2025-10-09 11:15:00+00:00,222.5,223.57,222.48,223.37,224803.68
2025-10-09 11:30:00+00:00,223.37,223.87,222.71,223.76,209802.14
2025-10-09 11:45:00+00:00,223.76,223.77,222.9,223.0,125259.05
2025-10-09 12:00:00+00:00,223.0,224.29,222.78,223.81,285223.52
2025-10-09 12:15:00+00:00,223.81,224.55,223.59,224.06,252416.14
2025-10-09 12:30:00+00:00,224.05,225.99,223.41,225.59,436248.75
2025-10-09 12:45:00+00:00,225.58,226.2,224.95,225.83,263422.17
2025-10-09 13:00:00+00:00,225.83,226.08,224.6,224.65,383171.09
2025-10-09 13:15:00+00:00,224.65,225.69,224.56,225.26,267767.48
2025-10-09 13:30:00+00:00,225.26,225.27,223.23,223.69,637598.72
2025-10-09 13:45:00+00:00,223.7,224.63,221.7,222.18,709650.81
2025-10-09 14:00:00+00:00,222.18,223.21,221.36,222.93,698728.28
2025-10-09 14:15:00+00:00,222.93,223.09,220.9,220.98,467290.58
2025-10-09 14:30:00+00:00,220.99,221.02,219.46,219.98,739446.62
2025-10-09 14:45:00+00:00,219.98,221.39,219.26,220.77,486525.35
2025-10-09 15:00:00+00:00,220.78,222.11,220.78,221.29,493061.56
2025-10-09 15:15:00+00:00,221.28,221.91,219.69,219.8,308749.87
2025-10-09 15:30:00+00:00,219.81,220.47,218.56,218.91,565080.17
2025-10-09 15:45:00+00:00,218.91,219.85,218.68,219.01,401522.51
2025-10-09 16:00:00+00:00,219.01,220.06,218.46,218.52,333490.36
2025-10-09 16:15:00+00:00,218.52,219.42,217.64,219.08,576524.61
2025-10-09 16:30:00+00:00,219.09,219.45,218.22,219.07,332683.05
2025-10-09 16:45:00+00:00,219.07,219.33,216.17,217.16,647667.57
2025-10-09 17:00:00+00:00,217.15,218.4,216.61,218.11,463648.21
2025-10-09 17:15:00+00:00,218.12,219.02,217.39,217.64,272536.01
2025-10-09 17:30:00+00:00,217.65,218.58,217.4,218.02,193941.1
2025-10-09 17:45:00+00:00,218.02,219.49,217.8,219.21,252409.6
2025-10-09 18:00:00+00:00,219.21,219.39,218.21,218.67,235966.95
2025-10-09 18:15:00+00:00,218.67,219.43,218.3,218.33,171346.15
2025-10-09 18:30:00+00:00,218.32,218.47,217.25,217.55,217212.05
2025-10-09 18:45:00+00:00,217.56,217.88,217.06,217.43,138613.67
2025-10-09 19:00:00+00:00,217.44,218.13,217.29,217.89,124208.26
2025-10-09 19:15:00+00:00,217.9,218.75,217.56,218.68,125327.14
2025-10-09 19:30:00+00:00,218.69,218.85,218.13,218.44,121159.21
2025-10-09 19:45:00+00:00,218.45,218.57,217.28,218.18,315120.0
2025-10-09 20:00:00+00:00,218.18,219.14,217.5,217.54,264193.75
2025-10-09 20:15:00+00:00,217.53,218.35,217.46,218.0,118325.06
2025-10-09 20:30:00+00:00,218.01,218.37,217.94,218.35,61640.89
2025-10-09 20:45:00+00:00,218.35,218.85,218.15,218.82,123160.9
2025-10-09 21:00:00+00:00,218.82,219.47,218.41,219.47,182848.32
2025-10-09 21:15:00+00:00,219.46,219.88,219.04,219.14,177445.55
2025-10-09 21:30:00+00:00,219.14,219.87,218.75,219.69,101866.24
2025-10-09 21:45:00+00:00,219.68,220.34,219.58,220.15,107700.6
2025-10-09 22:00:00+00:00,220.16,220.63,219.76,220.47,154804.72
2025-10-09 22:15:00+00:00,220.47,220.81,220.24,220.71,93666.21
2025-10-09 22:30:00+00:00,220.72,221.53,220.53,221.4,130848.61
2025-10-09 22:45:00+00:00,221.4,221.55,220.84,221.11,116046.27
2025-10-09 23:00:00+00:00,221.11,221.19,220.07,220.27,162324.26
2025-10-09 23:15:00+00:00,220.27,220.36,219.72,220.09,129869.93
2025-10-09 23:30:00+00:00,220.1,220.62,220.0,220.43,90591.18
2025-10-09 23:45:00+00:00,220.43,220.85,220.2,220.8,72749.38
2025-10-10 00:00:00+00:00,220.81,221.54,220.64,221.37,203614.61
2025-10-10 00:15:00+00:00,221.37,221.83,220.92,221.75,116919.0
2025-10-10 00:30:00+00:00,221.74,221.94,221.22,221.28,100211.07
2025-10-10 00:45:00+00:00,221.28,221.37,220.84,221.11,105661.35
2025-10-10 01:00:00+00:00,221.11,221.99,221.01,221.91,128362.73
2025-10-10 01:15:00+00:00,221.9,221.95,221.53,221.95,64703.66
2025-10-10 01:30:00+00:00,221.95,221.99,220.7,220.88,139754.25
2025-10-10 01:45:00+00:00,220.89,221.13,220.39,220.88,157337.67
2025-10-10 02:00:00+00:00,220.88,220.96,220.22,220.66,164565.74
2025-10-10 02:15:00+00:00,220.66,221.8,220.61,221.02,139340.05
2025-10-10 02:30:00+00:00,221.01,221.16,220.28,220.54,187096.07
2025-10-10 02:45:00+00:00,220.55,220.58,219.78,220.25,181389.64
2025-10-10 03:00:00+00:00,220.25,220.44,219.42,219.89,206472.23
2025-10-10 03:15:00+00:00,219.89,221.56,219.76,221.55,222357.06
2025-10-10 03:30:00+00:00,221.55,222.63,221.53,222.41,320144.92
2025-10-10 03:45:00+00:00,222.42,222.79,221.065,221.54,212009.69
2025-10-10 04:00:00+00:00,221.54,222.79,221.5,222.6,202953.14
2025-10-10 04:15:00+00:00,222.61,222.67,221.75,221.8,159591.63
2025-10-10 04:30:00+00:00,221.8,222.26,220.77,221.37,251345.07
2025-10-10 04:45:00+00:00,221.36,221.37,220.83,221.11,80174.62
2025-10-10 05:00:00+00:00,221.11,221.18,219.92,220.3,222039.65
2025-10-10 05:15:00+00:00,220.3,221.21,220.24,220.89,160621.51
2025-10-10 05:30:00+00:00,220.89,220.95,220.23,220.88,98351.01
2025-10-10 05:45:00+00:00,220.88,221.69,220.8,221.57,124551.34
2025-10-10 06:00:00+00:00,221.56,222.34,221.45,221.75,179352.46
2025-10-10 06:15:00+00:00,221.76,222.05,221.02,221.13,85378.49
2025-10-10 06:30:00+00:00,221.13,221.4,220.36,220.88,133558.14
2025-10-10 06:45:00+00:00,220.88,221.3,219.15,219.25,260400.56
2025-10-10 07:00:00+00:00,219.25,219.47,218.05,218.68,342700.82
2025-10-10 07:15:00+00:00,218.68,218.73,217.83,218.49,214226.31
2025-10-10 07:30:00+00:00,218.48,219.18,218.01,219.01,155420.29
2025-10-10 07:45:00+00:00,219.0,219.01,217.77,217.98,239082.03
2025-10-10 08:00:00+00:00,217.99,218.59,217.24,218.32,345925.65
2025-10-10 08:15:00+00:00,218.32,219.24,218.3,218.92,158357.91
2025-10-10 08:30:00+00:00,218.92,219.22,218.25,218.43,132188.17
2025-10-10 08:45:00+00:00,218.44,219.96,218.44,219.92,202209.56
2025-10-10 09:00:00+00:00,219.92,219.99,219.0,219.24,168761.18
2025-10-10 09:15:00+00:00,219.23,220.63,219.08,220.45,160457.33
2025-10-10 09:30:00+00:00,220.44,220.5,219.95,220.18,136622.92
2025-10-10 09:45:00+00:00,220.17,220.35,218.82,218.83,226690.69
2025-10-10 10:00:00+00:00,218.82,219.69,218.6,219.59,149928.76
2025-10-10 10:15:00+00:00,219.59,219.83,219.28,219.41,101194.07
2025-10-10 10:30:00+00:00,219.41,219.85,219.2,219.73,81652.51
2025-10-10 10:45:00+00:00,219.73,220.53,219.53,220.29,132458.61
2025-10-10 11:00:00+00:00,220.29,221.33,220.29,220.62,290150.04
2025-10-10 11:15:00+00:00,220.61,221.01,220.18,220.71,148603.48
2025-10-10 11:30:00+00:00,220.71,221.29,220.62,221.28,142094.43
2025-10-10 11:45:00+00:00,221.27,221.48,220.93,221.06,117842.07
2025-10-10 12:00:00+00:00,221.06,221.71,220.74,220.95,153297.41
2025-10-10 12:15:00+00:00,220.94,221.64,220.64,221.4,115056.72
2025-10-10 12:30:00+00:00,221.39,221.57,220.85,220.96,94513.23
2025-10-10 12:45:00+00:00,220.96,221.67,220.77,221.67,86799.82
2025-10-10 13:00:00+00:00,221.66,222.27,221.44,221.73,198242.85
2025-10-10 13:15:00+00:00,221.73,222.58,221.41,222.4,182359.11
2025-10-10 13:30:00+00:00,222.39,224.35,222.27,223.91,736638.53
2025-10-10 13:45:00+00:00,223.92,224.12,222.03,223.31,588053.93
2025-10-10 14:00:00+00:00,223.32,224.32,222.63,223.79,514127.33
2025-10-10 14:15:00+00:00,223.79,224.0,221.75,222.06,468713.99
2025-10-10 14:30:00+00:00,222.07,223.27,221.97,222.35,249649.77
2025-10-10 14:45:00+00:00,222.35,223.25,219.57,219.69,750927.56
2025-10-10 15:00:00+00:00,219.69,220.02,217.18,218.31,1711880.91
2025-10-10 15:15:00+00:00,218.32,218.73,212.63,213.07,2514278.73
2025-10-10 15:30:00+00:00,213.07,213.43,208.74,213.27,3568842.26
2025-10-10 15:45:00+00:00,213.27,213.38,209.8,210.58,1050758.78
2025-10-10 16:00:00+00:00,210.57,212.23,209.87,211.26,921098.75
2025-10-10 16:15:00+00:00,211.26,212.11,210.17,211.27,537424.13
2025-10-10 16:30:00+00:00,211.26,212.85,210.96,211.39,502752.68
2025-10-10 16:45:00+00:00,211.39,211.82,210.61,211.11,544564.3
2025-10-10 17:00:00+00:00,211.11,211.38,209.39,209.82,603957.51
2025-10-10 17:15:00+00:00,209.82,211.29,209.78,210.81,328809.44
2025-10-10 17:30:00+00:00,210.81,211.01,209.18,209.43,309094.75
2025-10-10 17:45:00+00:00,209.42,210.22,208.64,209.55,379395.03
2025-10-10 18:00:00+00:00,209.55,209.6,208.08,208.71,489828.27
2025-10-10 18:15:00+00:00,208.71,209.95,207.92,209.03,350570.74
2025-10-10 18:30:00+00:00,209.03,209.33,207.79,208.27,317271.73
2025-10-10 18:45:00+00:00,208.28,208.95,207.31,207.36,399680.32
2025-10-10 19:00:00+00:00,207.36,208.1,206.37,206.88,575602.37
2025-10-10 19:15:00+00:00,206.87,207.08,203.14,203.46,1226993.15
2025-10-10 19:30:00+00:00,203.47,206.44,203.26,206.41,917219.22
2025-10-10 19:45:00+00:00,206.41,207.09,205.1,205.16,753830.91
2025-10-10 20:00:00+00:00,205.16,206.86,205.04,206.37,408539.33
2025-10-10 20:15:00+00:00,206.37,207.58,206.05,207.44,362340.17
2025-10-10 20:30:00+00:00,207.44,207.61,206.63,207.35,274349.96
2025-10-10 20:45:00+00:00,207.36,207.54,192.72,196.88,3399598.67
2025-10-10 21:00:00+00:00,196.85,198.61,175.84,185.16,5443127.56
2025-10-10 21:15:00+00:00,185.16,185.67,141.28,174.06,8160153.92
2025-10-10 21:30:00+00:00,174.06,203.84,173.4,194.33,2522100.04
2025-10-10 21:45:00+00:00,194.33,198.97,182.59,190.7,2563007.58
2025-10-10 22:00:00+00:00,190.69,191.15,185.95,188.71,2094251.47
2025-10-10 22:15:00+00:00,188.68,189.44,182.55,184.23,1421897.77
2025-10-10 22:30:00+00:00,184.25,189.0,183.67,187.53,986109.29
2025-10-10 22:45:00+00:00,187.53,191.41,185.61,188.46,1000254.98
2025-10-10 23:00:00+00:00,188.46,189.65,186.55,188.44,722728.12
2025-10-10 23:15:00+00:00,188.44,192.57,188.16,191.46,768484.91
2025-10-10 23:30:00+00:00,191.47,192.97,189.95,192.27,816369.56
2025-10-10 23:45:00+00:00,192.28,192.32,186.33,187.65,996089.39
2025-10-11 00:00:00+00:00,187.66,189.8,186.16,188.72,690006.38
2025-10-11 00:15:00+00:00,188.73,189.1,184.14,187.63,854783.25
2025-10-11 00:30:00+00:00,187.63,189.31,185.3,189.18,554024.04
2025-10-11 00:45:00+00:00,189.18,190.24,187.5,187.68,430872.92
2025-10-11 01:00:00+00:00,187.68,187.92,185.36,186.04,447630.33
2025-10-11 01:15:00+00:00,186.04,186.2,183.62,184.12,563562.3
2025-10-11 01:30:00+00:00,184.12,185.36,182.15,182.89,712037.72
2025-10-11 01:45:00+00:00,182.9,184.48,182.0,182.77,558820.83
2025-10-11 02:00:00+00:00,182.78,185.96,182.6,185.58,612572.03
2025-10-11 02:15:00+00:00,185.58,188.06,185.05,187.9,568678.18
2025-10-11 02:30:00+00:00,187.91,190.64,187.76,190.56,510695.11
2025-10-11 02:45:00+00:00,190.55,190.55,188.11,188.13,422478.04
2025-10-11 03:00:00+00:00,188.13,188.72,184.61,185.3,599665.5
2025-10-11 03:15:00+00:00,185.32,185.33,183.1,183.45,466269.64
2025-10-11 03:30:00+00:00,183.46,183.84,182.0,182.3,485525.87
2025-10-11 03:45:00+00:00,182.3,184.34,182.1,184.0,427999.2
2025-10-11 04:00:00+00:00,184.01,185.84,183.7,185.35,377192.08
2025-10-11 04:15:00+00:00,185.36,186.24,184.53,185.6,375872.91
2025-10-11 04:30:00+00:00,185.59,185.75,183.52,184.4,290522.85
2025-10-11 04:45:00+00:00,184.4,185.73,183.35,185.63,310964.98
2025-10-11 05:00:00+00:00,185.62,185.89,184.43,184.86,245038.14
2025-10-11 05:15:00+00:00,184.86,184.97,180.21,180.58,564924.83
2025-10-11 05:30:00+00:00,180.58,181.5,179.21,180.11,619702.92
2025-10-11 05:45:00+00:00,180.12,182.95,179.99,181.78,379418.66
2025-10-11 06:00:00+00:00,181.78,183.59,181.58,183.42,324913.54
2025-10-11 06:15:00+00:00,183.42,185.23,182.85,185.02,426496.04
2025-10-11 06:30:00+00:00,185.01,185.6,184.56,184.68,326028.19
2025-10-11 06:45:00+00:00,184.68,185.63,182.24,182.76,407693.9
2025-10-11 07:00:00+00:00,182.77,183.51,182.0,182.79,398420.68
2025-10-11 07:15:00+00:00,182.78,183.58,181.77,181.88,434234.08
2025-10-11 07:30:00+00:00,181.89,182.77,181.34,182.67,423971.34
2025-10-11 07:45:00+00:00,182.68,183.33,182.03,182.57,388121.09
2025-10-11 08:00:00+00:00,182.57,182.8,181.72,182.49,328840.76
2025-10-11 08:15:00+00:00,182.5,185.91,182.34,184.9,613239.24
2025-10-11 08:30:00+00:00,184.9,185.27,183.65,184.53,292456.13
2025-10-11 08:45:00+00:00,184.53,186.95,184.48,186.17,418236.23
2025-10-11 09:00:00+00:00,186.17,187.8,185.56,186.47,577733.49
2025-10-11 09:15:00+00:00,186.48,187.3,185.8,187.04,305003.47
2025-10-11 09:30:00+00:00,187.04,187.13,185.2,185.87,304917.87
2025-10-11 09:45:00+00:00,185.87,185.89,183.63,184.02,452757.2
2025-10-11 10:00:00+00:00,184.02,185.1,183.81,184.93,271094.98
2025-10-11 10:15:00+00:00,184.93,185.55,184.37,185.37,256171.65
2025-10-11 10:30:00+00:00,185.37,185.49,182.73,183.16,447380.2
2025-10-11 10:45:00+00:00,183.16,183.48,182.5,183.48,303467.85
2025-10-11 11:00:00+00:00,183.48,183.64,181.77,182.28,317177.39
2025-10-11 11:15:00+00:00,182.29,183.27,181.21,183.27,404141.6
2025-10-11 11:30:00+00:00,183.27,183.43,182.41,182.86,211782.53
2025-10-11 11:45:00+00:00,182.85,183.79,182.61,183.34,230258.59
2025-10-11 12:00:00+00:00,183.33,183.49,181.96,182.45,284605.96
2025-10-11 12:15:00+00:00,182.45,184.31,181.99,184.16,318790.46
2025-10-11 12:30:00+00:00,184.15,184.16,182.22,182.97,324091.61
2025-10-11 12:45:00+00:00,182.99,183.08,181.13,182.66,376255.18
2025-10-11 13:00:00+00:00,182.65,183.09,181.22,182.96,312585.24
2025-10-11 13:15:00+00:00,182.96,183.09,181.5,181.95,343441.84
2025-10-11 13:30:00+00:00,181.96,182.76,180.18,182.11,745342.12
2025-10-11 13:45:00+00:00,182.11,184.14,181.76,183.83,553488.35
2025-10-11 14:00:00+00:00,183.83,184.36,183.02,183.31,337961.91
2025-10-11 14:15:00+00:00,183.31,183.9,181.25,181.64,381930.83
2025-10-11 14:30:00+00:00,181.64,182.7,181.59,182.43,238282.06
2025-10-11 14:45:00+00:00,182.42,182.99,181.68,182.35,210827.0
2025-10-11 15:00:00+00:00,182.36,184.85,182.26,184.32,455053.54
2025-10-11 15:15:00+00:00,184.31,184.57,183.68,184.12,258669.73
2025-10-11 15:30:00+00:00,184.11,184.4,182.62,182.66,266787.35
2025-10-11 15:45:00+00:00,182.65,184.3,182.61,183.59,228676.84
2025-10-11 16:00:00+00:00,183.58,184.13,182.58,183.82,359855.65
2025-10-11 16:15:00+00:00,183.83,184.47,183.04,183.18,274651.37
2025-10-11 16:30:00+00:00,183.19,183.74,181.53,181.96,442888.54
2025-10-11 16:45:00+00:00,181.96,182.87,181.84,182.44,144403.28
2025-10-11 17:00:00+00:00,182.44,183.61,182.39,183.35,176706.77
2025-10-11 17:15:00+00:00,183.35,184.5,183.1,184.05,301010.78
2025-10-11 17:30:00+00:00,184.06,184.28,182.69,183.08,219776.6
2025-10-11 17:45:00+00:00,183.09,183.22,182.21,182.86,223183.66
2025-10-11 18:00:00+00:00,182.87,182.89,182.14,182.23,180570.17
2025-10-11 18:15:00+00:00,182.24,182.78,182.21,182.5,139404.23
2025-10-11 18:30:00+00:00,182.5,182.92,182.16,182.81,134541.33
2025-10-11 18:45:00+00:00,182.82,182.85,182.09,182.4,111581.98
2025-10-11 19:00:00+00:00,182.4,182.47,180.04,180.6,520115.63
2025-10-11 19:15:00+00:00,180.6,180.71,177.15,178.84,1033739.92
2025-10-11 19:30:00+00:00,178.84,178.93,177.25,177.49,439742.03
2025-10-11 19:45:00+00:00,177.49,178.18,176.18,177.25,551391.26
2025-10-11 20:00:00+00:00,177.26,177.83,175.85,175.98,406200.58
2025-10-11 20:15:00+00:00,175.98,177.18,175.81,176.37,545193.46
2025-10-11 20:30:00+00:00,176.38,176.39,174.46,175.09,681387.53
2025-10-11 20:45:00+00:00,175.09,176.86,173.7,175.3,544820.54
2025-10-11 21:00:00+00:00,175.3,175.6,172.32,174.03,754297.06
2025-10-11 21:15:00+00:00,174.03,177.3,173.55,175.84,718640.1
2025-10-11 21:30:00+00:00,175.85,176.58,175.2,175.75,272797.44
2025-10-11 21:45:00+00:00,175.76,176.86,175.64,176.58,141320.58
2025-10-11 22:00:00+00:00,176.58,177.2,176.02,176.48,270322.69
2025-10-11 22:15:00+00:00,176.47,176.71,175.54,176.29,270586.13
2025-10-11 22:30:00+00:00,176.29,177.8,176.1,176.85,263774.91
2025-10-11 22:45:00+00:00,176.85,177.33,176.58,176.99,225043.65
2025-10-11 23:00:00+00:00,177.0,177.59,176.37,177.33,421649.06
2025-10-11 23:15:00+00:00,177.33,178.42,176.87,177.85,262458.52
2025-10-11 23:30:00+00:00,177.84,178.08,177.02,177.43,237766.99
2025-10-11 23:45:00+00:00,177.43,178.13,177.11,177.22,199001.5
2025-10-12 00:00:00+00:00,177.23,177.36,175.74,175.87,359642.11
2025-10-12 00:15:00+00:00,175.87,176.67,174.63,174.64,379367.44
2025-10-12 00:30:00+00:00,174.65,176.49,174.43,174.56,357299.18
2025-10-12 00:45:00+00:00,174.57,174.95,172.6,172.93,353278.65
2025-10-12 01:00:00+00:00,172.93,174.09,172.79,173.96,316132.93
2025-10-12 01:15:00+00:00,173.96,175.12,173.35,173.71,368011.6
2025-10-12 01:30:00+00:00,173.71,174.43,173.04,174.26,266627.25
2025-10-12 01:45:00+00:00,174.25,175.09,173.33,173.7,257918.27
2025-10-12 02:00:00+00:00,173.71,174.2,173.11,173.71,306032.33
2025-10-12 02:15:00+00:00,173.7,175.87,173.62,175.6,357370.56
2025-10-12 02:30:00+00:00,175.59,176.3,174.45,175.0,393380.54
2025-10-12 02:45:00+00:00,174.99,175.44,173.24,174.52,368427.12
2025-10-12 03:00:00+00:00,174.52,177.36,174.08,176.39,676754.54
2025-10-12 03:15:00+00:00,176.38,178.03,176.04,177.1,443918.72
2025-10-12 03:30:00+00:00,177.1,178.37,176.91,177.44,367729.19
2025-10-12 03:45:00+00:00,177.44,177.73,176.54,176.79,210861.86
2025-10-12 04:00:00+00:00,176.79,178.82,176.32,178.68,324971.66
2025-10-12 04:15:00+00:00,178.68,179.81,178.53,179.02,403464.17
2025-10-12 04:30:00+00:00,179.02,180.3,178.95,179.66,412855.51
2025-10-12 04:45:00+00:00,179.66,180.47,179.16,179.71,562093.63
2025-10-12 05:00:00+00:00,179.72,180.08,179.19,179.91,408868.95
2025-10-12 05:15:00+00:00,179.91,181.18,179.89,181.0,679865.21
2025-10-12 05:30:00+00:00,181.01,181.2,180.24,180.89,572086.93
2025-10-12 05:45:00+00:00,180.89,181.7,180.58,181.05,509049.96
2025-10-12 06:00:00+00:00,181.05,181.73,180.45,181.38,423365.78
2025-10-12 06:15:00+00:00,181.39,182.12,180.95,181.8,397340.35
2025-10-12 06:30:00+00:00,181.79,182.05,180.94,182.03,496250.75
2025-10-12 06:45:00+00:00,182.02,182.38,181.57,182.28,498564.9
2025-10-12 07:00:00+00:00,182.28,182.64,181.62,181.71,608348.0
2025-10-12 07:15:00+00:00,181.72,182.54,181.18,181.62,558405.49
2025-10-12 07:30:00+00:00,181.62,182.23,181.35,182.13,320429.45
2025-10-12 07:45:00+00:00,182.13,182.81,181.79,182.31,349536.84
2025-10-12 08:00:00+00:00,182.31,182.39,181.69,182.13,352316.08
2025-10-12 08:15:00+00:00,182.12,182.48,181.97,181.99,284874.37
2025-10-12 08:30:00+00:00,182.0,182.3,181.37,181.7,418095.71
2025-10-12 08:45:00+00:00,181.7,181.9,181.11,181.53,446241.87
2025-10-12 09:00:00+00:00,181.54,181.56,180.14,180.29,806094.2
2025-10-12 09:15:00+00:00,180.28,181.38,180.1,180.24,284760.45
2025-10-12 09:30:00+00:00,180.24,181.04,180.05,180.88,200517.8
2025-10-12 09:45:00+00:00,180.88,181.99,180.33,181.75,480902.83
2025-10-12 10:00:00+00:00,181.76,182.5,181.0,181.37,529802.73
2025-10-12 10:15:00+00:00,181.36,181.44,180.46,180.95,409860.47
2025-10-12 10:30:00+00:00,180.95,181.42,180.51,180.79,298465.81
2025-10-12 10:45:00+00:00,180.79,181.12,180.36,180.46,296963.85
2025-10-12 11:00:00+00:00,180.46,181.71,180.3,181.21,434432.55
2025-10-12 11:15:00+00:00,181.2,181.34,180.33,180.98,340499.48
2025-10-12 11:30:00+00:00,180.98,181.43,180.43,180.94,433535.72
2025-10-12 11:45:00+00:00,180.95,181.17,180.26,180.75,300743.29
2025-10-12 12:00:00+00:00,180.75,182.17,180.56,182.0,628079.92
2025-10-12 12:15:00+00:00,181.99,183.0,181.39,182.73,500388.04
2025-10-12 12:30:00+00:00,182.72,183.0,181.69,181.96,585308.87
2025-10-12 12:45:00+00:00,181.95,182.0,180.88,181.52,481629.18
2025-10-12 13:00:00+00:00,181.53,181.65,180.89,181.24,474110.06
2025-10-12 13:15:00+00:00,181.23,181.57,180.21,180.8,527706.62
2025-10-12 13:30:00+00:00,180.81,180.85,178.41,179.42,1124581.42
2025-10-12 13:45:00+00:00,179.42,179.49,178.02,179.03,664246.16
2025-10-12 14:00:00+00:00,179.04,180.31,178.91,179.88,625242.81
2025-10-12 14:15:00+00:00,179.88,180.4,179.43,180.1,452297.77
2025-10-12 14:30:00+00:00,180.09,180.56,179.01,179.79,571476.62
2025-10-12 14:45:00+00:00,179.79,188.82,179.73,186.16,3898424.8
2025-10-12 15:00:00+00:00,186.16,189.5,185.37,189.11,1754095.16
2025-10-12 15:15:00+00:00,189.11,191.51,188.1,190.6,1515382.41
2025-10-12 15:30:00+00:00,190.61,190.76,187.53,188.7,1230761.47
2025-10-12 15:45:00+00:00,188.69,191.61,188.67,190.96,979654.89
2025-10-12 16:00:00+00:00,190.96,194.91,190.96,193.53,1576554.99
2025-10-12 16:15:00+00:00,193.54,193.67,192.11,192.97,1028760.07
2025-10-12 16:30:00+00:00,192.97,194.11,191.0,193.85,1228574.08
2025-10-12 16:45:00+00:00,193.85,195.36,191.85,193.51,1191439.7
2025-10-12 17:00:00+00:00,193.51,195.77,192.97,195.21,627598.02
2025-10-12 17:15:00+00:00,195.21,195.76,194.39,194.87,545001.52
2025-10-12 17:30:00+00:00,194.87,195.29,193.89,194.91,253102.4
2025-10-12 17:45:00+00:00,194.91,195.43,193.03,194.22,354445.72
2025-10-12 18:00:00+00:00,194.23,195.25,194.03,194.59,201615.73
2025-10-12 18:15:00+00:00,194.59,194.95,193.34,193.36,222157.18
2025-10-12 18:30:00+00:00,193.37,193.7,191.98,192.24,531334.57
2025-10-12 18:45:00+00:00,192.23,193.58,191.43,193.5,395330.41
2025-10-12 19:00:00+00:00,193.5,195.04,193.14,194.9,287295.42
2025-10-12 19:15:00+00:00,194.9,196.36,194.76,195.58,464002.87
2025-10-12 19:30:00+00:00,195.59,195.9,194.94,195.43,193979.18
2025-10-12 19:45:00+00:00,195.42,195.91,195.13,195.66,126629.87
2025-10-12 20:00:00+00:00,195.66,196.46,195.12,195.39,242584.92
2025-10-12 20:15:00+00:00,195.38,196.83,195.14,196.44,263064.64
2025-10-12 20:30:00+00:00,196.43,197.3,195.57,197.23,381764.52
2025-10-12 20:45:00+00:00,197.23,198.83,195.74,196.56,534164.26
2025-10-12 21:00:00+00:00,196.55,197.83,195.46,197.14,489942.3
2025-10-12 21:15:00+00:00,197.14,197.34,194.5,195.73,624187.61
2025-10-12 21:30:00+00:00,195.72,195.82,192.86,194.21,528442.7
2025-10-12 21:45:00+00:00,194.21,195.46,194.21,195.44,164614.13
2025-10-12 22:00:00+00:00,195.43,197.25,195.31,196.84,681266.16
2025-10-12 22:15:00+00:00,196.84,197.74,195.6,196.39,357470.54
2025-10-12 22:30:00+00:00,196.39,197.91,196.3,197.47,314922.58
2025-10-12 22:45:00+00:00,197.47,197.9,196.75,197.29,269356.62
2025-10-12 23:00:00+00:00,197.28,197.32,195.56,196.58,358134.69
2025-10-12 23:15:00+00:00,196.57,196.91,195.4,196.25,196957.66
2025-10-12 23:30:00+00:00,196.25,196.93,195.01,196.22,266140.16
2025-10-12 23:45:00+00:00,196.22,197.33,195.89,196.88,272681.17
2025-10-13 00:00:00+00:00,196.88,197.16,195.77,197.07,445361.5
2025-10-13 00:15:00+00:00,197.08,199.14,197.08,197.32,642506.08
2025-10-13 00:30:00+00:00,197.31,197.33,195.69,196.24,408805.17
2025-10-13 00:45:00+00:00,196.24,197.6,195.58,197.09,269837.55
2025-10-13 01:00:00+00:00,197.08,197.27,195.83,196.22,266845.51
2025-10-13 01:15:00+00:00,196.22,198.46,196.0,197.78,332732.24
2025-10-13 01:30:00+00:00,197.79,198.98,197.26,198.23,334878.48
2025-10-13 01:45:00+00:00,198.23,199.4,197.81,199.29,269284.78
2025-10-13 02:00:00+00:00,199.29,199.88,196.46,196.63,623845.27
2025-10-13 02:15:00+00:00,196.62,196.79,195.47,195.92,700795.86
2025-10-13 02:30:00+00:00,195.93,196.84,195.44,196.22,437396.88
2025-10-13 02:45:00+00:00,196.23,196.76,196.0,196.24,338607.13
2025-10-13 03:00:00+00:00,196.24,196.95,195.78,196.09,507276.68
2025-10-13 03:15:00+00:00,196.1,196.4,195.23,195.69,454743.43
2025-10-13 03:30:00+00:00,195.68,195.91,194.32,194.97,616543.31
2025-10-13 03:45:00+00:00,194.97,195.17,194.12,194.63,456563.37
2025-10-13 04:00:00+00:00,194.63,195.11,194.14,194.47,408274.66
2025-10-13 04:15:00+00:00,194.46,194.88,194.07,194.66,308830.85
2025-10-13 04:30:00+00:00,194.65,195.9,194.6,195.4,448234.22
2025-10-13 04:45:00+00:00,195.39,196.33,195.17,196.08,399462.21
2025-10-13 05:00:00+00:00,196.07,196.18,194.56,194.71,405408.25
2025-10-13 05:15:00+00:00,194.71,195.3,193.55,194.38,710659.03
2025-10-13 05:30:00+00:00,194.37,194.69,193.63,193.66,355530.88
2025-10-13 05:45:00+00:00,193.66,194.07,193.56,193.95,281673.52
2025-10-13 06:00:00+00:00,193.94,194.98,192.75,194.78,617701.91
2025-10-13 06:15:00+00:00,194.78,196.2,194.71,196.03,468938.91
2025-10-13 06:30:00+00:00,196.02,197.18,195.76,196.15,520250.04
2025-10-13 06:45:00+00:00,196.15,197.3,195.78,196.97,470920.39
2025-10-13 07:00:00+00:00,196.96,198.26,196.35,198.12,574139.0
2025-10-13 07:15:00+00:00,198.12,199.44,197.62,199.23,537537.79
2025-10-13 07:30:00+00:00,199.23,199.37,197.79,197.84,537819.2
2025-10-13 07:45:00+00:00,197.84,197.84,195.78,196.62,841639.99
2025-10-13 08:00:00+00:00,196.62,197.04,195.98,196.91,555912.65
2025-10-13 08:15:00+00:00,196.91,197.5,196.61,197.17,380738.37
2025-10-13 08:30:00+00:00,197.18,198.47,197.15,197.56,389392.61
2025-10-13 08:45:00+00:00,197.56,198.5,197.53,198.07,390070.59
2025-10-13 09:00:00+00:00,198.06,198.06,196.55,196.71,491069.57
2025-10-13 09:15:00+00:00,196.71,197.4,196.61,196.93,366067.85
2025-10-13 09:30:00+00:00,196.93,197.77,196.91,197.13,312265.39
2025-10-13 09:45:00+00:00,197.13,197.5,196.5,196.87,312839.44
2025-10-13 10:00:00+00:00,196.88,196.93,195.55,195.89,518201.0
2025-10-13 10:15:00+00:00,195.9,196.31,195.1,195.72,418723.24
2025-10-13 10:30:00+00:00,195.72,195.9,195.01,195.32,455153.14
2025-10-13 10:45:00+00:00,195.32,195.81,194.75,195.31,394568.74
2025-10-13 11:00:00+00:00,195.3,195.44,193.22,194.32,1076759.42
2025-10-13 11:15:00+00:00,194.31,194.31,190.0,190.03,1096923.06
2025-10-13 11:30:00+00:00,190.09,192.79,190.01,192.51,1115072.22
2025-10-13 11:45:00+00:00,192.51,193.32,191.9,192.48,620737.45
2025-10-13 12:00:00+00:00,192.47,193.69,191.26,193.22,801690.46
2025-10-13 12:15:00+00:00,193.21,193.7,192.52,193.54,558823.42
2025-10-13 12:30:00+00:00,193.53,194.36,192.82,193.17,595301.02
2025-10-13 12:45:00+00:00,193.16,193.64,191.28,191.76,703411.98
2025-10-13 13:00:00+00:00,191.76,192.62,191.21,191.5,645755.21
2025-10-13 13:15:00+00:00,191.5,192.49,191.38,192.41,581451.11
2025-10-13 13:30:00+00:00,192.41,196.89,192.36,194.68,2227340.94
2025-10-13 13:45:00+00:00,194.68,196.44,193.3,196.09,984886.15
2025-10-13 14:00:00+00:00,196.09,196.69,194.78,194.87,834211.69
2025-10-13 14:15:00+00:00,194.87,195.48,192.46,193.53,889059.17
2025-10-13 14:30:00+00:00,193.53,195.7,192.32,194.53,1037376.54
2025-10-13 14:45:00+00:00,194.53,194.77,192.62,193.25,768538.84
2025-10-13 15:00:00+00:00,193.26,196.13,193.11,195.3,843680.05
2025-10-13 15:15:00+00:00,195.3,196.32,195.12,195.78,693120.15
2025-10-13 15:30:00+00:00,195.79,196.99,195.79,196.25,615025.85
2025-10-13 15:45:00+00:00,196.25,197.6,196.19,196.32,651814.71
2025-10-13 16:00:00+00:00,196.32,197.57,196.12,196.77,706563.72
2025-10-13 16:15:00+00:00,196.77,198.87,196.39,198.05,1104735.71
2025-10-13 16:30:00+00:00,198.05,200.29,197.73,197.87,1275784.2
2025-10-13 16:45:00+00:00,197.88,200.28,197.56,200.0,926000.53
2025-10-13 17:00:00+00:00,199.99,202.79,199.92,201.47,1474519.27
2025-10-13 17:15:00+00:00,201.46,201.92,200.15,201.64,628273.15
2025-10-13 17:30:00+00:00,201.65,202.35,200.79,200.83,501322.99
2025-10-13 17:45:00+00:00,200.83,205.91,200.11,204.93,980572.61
2025-10-13 18:00:00+00:00,204.94,206.07,203.84,204.63,994984.09
2025-10-13 18:15:00+00:00,204.63,206.59,204.62,206.11,700685.53
2025-10-13 18:30:00+00:00,206.11,206.52,204.79,205.75,748486.52
2025-10-13 18:45:00+00:00,205.75,206.15,204.94,205.83,528611.35
2025-10-13 19:00:00+00:00,205.83,207.0,205.44,206.79,550245.11
2025-10-13 19:15:00+00:00,206.79,207.2,206.16,206.83,440761.15
2025-10-13 19:30:00+00:00,206.83,207.89,206.73,207.78,364089.52
2025-10-13 19:45:00+00:00,207.79,208.65,205.76,206.99,808234.46
2025-10-13 20:00:00+00:00,206.99,207.68,206.73,207.19,378884.9
2025-10-13 20:15:00+00:00,207.19,207.52,206.74,207.22,268145.43
2025-10-13 20:30:00+00:00,207.21,207.96,206.68,207.61,275827.27
2025-10-13 20:45:00+00:00,207.61,208.69,207.31,208.46,307389.56
2025-10-13 21:00:00+00:00,208.46,209.0,207.69,207.84,398484.28
2025-10-13 21:15:00+00:00,207.84,208.44,207.6,207.66,198729.75
2025-10-13 21:30:00+00:00,207.65,208.22,207.62,208.13,149013.74
2025-10-13 21:45:00+00:00,208.13,208.21,207.69,207.89,94243.28
2025-10-13 22:00:00+00:00,207.89,209.22,207.77,207.86,465689.1
2025-10-13 22:15:00+00:00,207.85,208.59,207.64,207.66,157158.05
2025-10-13 22:30:00+00:00,207.65,208.5,207.54,208.22,159229.22
2025-10-13 22:45:00+00:00,208.23,208.64,207.93,208.32,247272.35
2025-10-13 23:00:00+00:00,208.31,208.7,207.92,208.14,221684.87
2025-10-13 23:15:00+00:00,208.15,208.84,208.07,208.66,155833.17
2025-10-13 23:30:00+00:00,208.66,209.11,207.59,207.92,273840.42
2025-10-13 23:45:00+00:00,207.92,208.61,207.17,208.57,269507.01
2025-10-14 00:00:00+00:00,208.58,208.93,207.94,208.82,304892.62
2025-10-14 00:15:00+00:00,208.83,210.86,208.6,209.77,655283.32
2025-10-14 00:30:00+00:00,209.77,211.29,209.5,210.26,489498.36
2025-10-14 00:45:00+00:00,210.25,210.33,208.63,209.19,454598.63
2025-10-14 01:00:00+00:00,209.18,209.36,207.71,208.58,603772.59
2025-10-14 01:15:00+00:00,208.57,210.05,208.51,209.5,364476.21
2025-10-14 01:30:00+00:00,209.49,209.66,208.62,209.38,303203.46
2025-10-14 01:45:00+00:00,209.37,209.42,208.06,208.32,317190.67
2025-10-14 02:00:00+00:00,208.32,208.5,207.02,207.14,608568.64
2025-10-14 02:15:00+00:00,207.14,208.02,206.17,207.63,588917.11
2025-10-14 02:30:00+00:00,207.64,208.11,206.63,206.86,335424.57
2025-10-14 02:45:00+00:00,206.85,207.34,205.7,206.21,559362.21
2025-10-14 03:00:00+00:00,206.2,206.42,205.0,206.0,674991.02
2025-10-14 03:15:00+00:00,206.0,206.87,204.85,205.02,423245.54
2025-10-14 03:30:00+00:00,205.03,206.16,205.02,205.7,328984.54
2025-10-14 03:45:00+00:00,205.7,206.87,205.51,205.62,365461.07
2025-10-14 04:00:00+00:00,205.61,205.76,203.75,204.21,585668.88
2025-10-14 04:15:00+00:00,204.21,205.05,203.69,204.75,405814.03
2025-10-14 04:30:00+00:00,204.75,204.77,202.56,203.02,520702.25
2025-10-14 04:45:00+00:00,203.01,203.08,201.0,202.03,882379.48
2025-10-14 05:00:00+00:00,202.04,203.69,201.59,203.39,635138.9
2025-10-14 05:15:00+00:00,203.39,203.77,202.29,202.5,462517.81
2025-10-14 05:30:00+00:00,202.51,202.75,198.89,199.36,1080798.73
2025-10-14 05:45:00+00:00,199.36,200.74,199.0,199.62,648561.67
2025-10-14 06:00:00+00:00,199.62,200.7,199.03,199.1,511312.35
2025-10-14 06:15:00+00:00,199.1,199.51,198.14,198.3,621135.14
2025-10-14 06:30:00+00:00,198.29,199.15,194.64,195.08,1525987.04
2025-10-14 06:45:00+00:00,195.09,196.37,192.0,195.25,1860936.29
2025-10-14 07:00:00+00:00,195.24,196.72,194.58,196.04,906340.61
2025-10-14 07:15:00+00:00,196.03,197.17,194.84,195.86,722170.92
2025-10-14 07:30:00+00:00,195.86,195.95,193.75,194.48,877226.83
2025-10-14 07:45:00+00:00,194.48,194.67,193.23,194.34,783415.71
2025-10-14 08:00:00+00:00,194.35,194.75,193.06,194.26,862314.25
2025-10-14 08:15:00+00:00,194.26,195.77,193.2,195.72,690591.43
2025-10-14 08:30:00+00:00,195.72,196.92,195.4,196.75,746500.7
2025-10-14 08:45:00+00:00,196.74,196.85,195.22,196.04,487878.18
2025-10-14 09:00:00+00:00,196.03,196.8,195.67,195.93,405400.22
2025-10-14 09:15:00+00:00,195.94,197.43,195.68,196.91,506443.91
2025-10-14 09:30:00+00:00,196.91,197.34,195.58,195.77,416491.68
2025-10-14 09:45:00+00:00,195.77,196.06,193.96,194.73,604243.72
2025-10-14 10:00:00+00:00,194.73,194.77,192.96,193.54,431085.97
2025-10-14 10:15:00+00:00,193.54,193.57,191.26,192.56,887229.27
2025-10-14 10:30:00+00:00,192.57,194.59,190.95,193.17,936806.39
2025-10-14 10:45:00+00:00,193.16,194.24,192.59,194.13,488916.96
2025-10-14 11:00:00+00:00,194.13,197.0,193.9,195.86,782533.93
2025-10-14 11:15:00+00:00,195.86,196.1,195.19,195.68,329133.65
2025-10-14 11:30:00+00:00,195.68,196.22,195.01,195.03,291881.46
2025-10-14 11:45:00+00:00,195.02,196.0,194.81,195.22,256318.46
2025-10-14 12:00:00+00:00,195.22,195.28,193.48,194.42,555428.23
2025-10-14 12:15:00+00:00,194.43,194.47,192.61,193.58,385853.18
2025-10-14 12:30:00+00:00,193.57,193.7,192.3,193.07,452028.31
2025-10-14 12:45:00+00:00,193.06,194.13,192.53,193.25,415153.59
2025-10-14 13:00:00+00:00,193.25,194.12,192.06,193.12,444801.02
2025-10-14 13:15:00+00:00,193.13,193.96,191.8,193.68,460899.84
2025-10-14 13:30:00+00:00,193.67,194.59,191.4,193.53,1084900.51
2025-10-14 13:45:00+00:00,193.52,195.6,192.86,194.94,945428.29
2025-10-14 14:00:00+00:00,194.94,196.77,194.27,196.73,603684.1
2025-10-14 14:15:00+00:00,196.74,198.73,196.48,197.9,1454986.18
2025-10-14 14:30:00+00:00,197.89,197.9,194.78,197.15,796531.43
2025-10-14 14:45:00+00:00,197.15,198.4,195.7,195.76,511319.68
2025-10-14 15:00:00+00:00,195.76,196.93,194.56,194.93,463148.96
2025-10-14 15:15:00+00:00,194.93,196.11,194.4,195.79,371692.86
2025-10-14 15:30:00+00:00,195.78,198.86,195.67,198.46,635907.12
2025-10-14 15:45:00+00:00,198.46,202.52,198.37,202.06,1337806.72
2025-10-14 16:00:00+00:00,202.06,202.23,199.8,201.53,906523.52
2025-10-14 16:15:00+00:00,201.53,206.44,201.25,203.66,1474178.03
2025-10-14 16:30:00+00:00,203.66,204.33,200.99,202.93,822190.79
2025-10-14 16:45:00+00:00,202.93,204.95,201.57,202.39,722580.38
2025-10-14 17:00:00+00:00,202.38,204.54,199.03,203.62,1423711.08
2025-10-14 17:15:00+00:00,203.62,203.91,202.21,202.74,499306.96
2025-10-14 17:30:00+00:00,202.75,203.45,200.91,202.06,501407.19
2025-10-14 17:45:00+00:00,202.07,202.66,201.32,201.58,264396.05
2025-10-14 18:00:00+00:00,201.58,203.79,201.16,203.44,313530.18
2025-10-14 18:15:00+00:00,203.44,204.07,202.7,203.16,295757.15
2025-10-14 18:30:00+00:00,203.17,204.0,201.52,202.0,295725.19
2025-10-14 18:45:00+00:00,202.0,202.89,200.38,201.38,323017.42
2025-10-14 19:00:00+00:00,201.39,202.84,201.23,202.8,224350.38
2025-10-14 19:15:00+00:00,202.8,203.63,202.59,203.0,271191.87
2025-10-14 19:30:00+00:00,203.0,203.15,196.93,197.79,1520781.46
2025-10-14 19:45:00+00:00,197.79,200.13,197.46,198.41,896463.55
2025-10-14 20:00:00+00:00,198.41,199.82,198.02,198.85,392035.31
2025-10-14 20:15:00+00:00,198.86,200.1,198.74,199.69,193498.81
2025-10-14 20:30:00+00:00,199.69,200.36,199.17,200.12,170161.76
2025-10-14 20:45:00+00:00,200.13,200.52,199.69,200.51,120063.6
2025-10-14 21:00:00+00:00,200.51,200.63,198.5,198.69,158906.47
2025-10-14 21:15:00+00:00,198.68,199.92,198.2,199.62,166327.21
2025-10-14 21:30:00+00:00,199.62,200.47,199.62,200.3,103546.6
2025-10-14 21:45:00+00:00,200.29,201.46,200.01,201.13,106918.57
2025-10-14 22:00:00+00:00,201.13,202.07,201.13,201.41,239041.18
2025-10-14 22:15:00+00:00,201.41,201.58,200.8,200.9,71336.62
2025-10-14 22:30:00+00:00,200.89,201.36,200.45,201.19,90873.12
2025-10-14 22:45:00+00:00,201.19,201.75,200.18,201.36,106127.44
2025-10-14 23:00:00+00:00,201.37,202.92,201.35,202.48,174592.53
2025-10-14 23:15:00+00:00,202.47,203.2,202.29,202.86,128115.83
2025-10-14 23:30:00+00:00,202.87,203.32,202.54,202.61,125057.6
2025-10-14 23:45:00+00:00,202.6,203.26,201.92,202.34,133453.37
2025-10-15 00:00:00+00:00,202.35,203.14,201.47,201.51,239420.2
2025-10-15 00:15:00+00:00,201.51,202.85,201.24,202.05,215836.68
2025-10-15 00:30:00+00:00,202.04,202.93,201.12,201.93,196030.48
2025-10-15 00:45:00+00:00,201.93,203.96,201.84,203.88,236525.4
2025-10-15 01:00:00+00:00,203.89,204.0,201.37,202.29,341895.55
2025-10-15 01:15:00+00:00,202.29,202.93,201.71,201.75,150904.24
2025-10-15 01:30:00+00:00,201.75,201.98,201.02,201.92,225460.26
2025-10-15 01:45:00+00:00,201.92,203.88,201.81,203.6,276128.18
2025-10-15 02:00:00+00:00,203.59,205.0,202.95,204.7,280092.59
2025-10-15 02:15:00+00:00,204.69,205.76,204.03,205.54,325133.54
2025-10-15 02:30:00+00:00,205.53,205.66,203.66,203.76,245218.33
2025-10-15 02:45:00+00:00,203.77,204.18,203.21,203.3,159169.74
2025-10-15 03:00:00+00:00,203.3,203.63,202.24,202.59,318895.1
2025-10-15 03:15:00+00:00,202.59,202.83,201.2,202.57,289883.85
2025-10-15 03:30:00+00:00,202.56,202.61,201.01,201.42,191036.78
2025-10-15 03:45:00+00:00,201.42,202.08,200.79,201.56,197838.25
2025-10-15 04:00:00+00:00,201.56,201.69,200.37,201.3,261343.99
2025-10-15 04:15:00+00:00,201.3,202.37,201.13,202.14,153375.94
2025-10-15 04:30:00+00:00,202.14,202.6,201.84,202.18,111534.5
2025-10-15 04:45:00+00:00,202.18,203.48,201.97,203.36,200532.84
2025-10-15 05:00:00+00:00,203.36,203.92,203.14,203.89,221200.62
2025-10-15 05:15:00+00:00,203.89,204.41,203.05,203.28,214266.78
2025-10-15 05:30:00+00:00,203.27,204.77,202.69,204.42,217791.15
2025-10-15 05:45:00+00:00,204.42,204.75,203.87,204.36,113639.85
2025-10-15 06:00:00+00:00,204.35,205.3,203.16,203.75,304818.15
2025-10-15 06:15:00+00:00,203.74,204.02,202.0,202.53,329011.93
2025-10-15 06:30:00+00:00,202.52,205.3,201.82,203.87,515906.97
2025-10-15 06:45:00+00:00,203.88,204.59,203.73,204.56,172025.6
2025-10-15 07:00:00+00:00,204.55,204.91,203.49,204.52,197957.57
2025-10-15 07:15:00+00:00,204.52,205.0,203.93,203.96,171036.57
2025-10-15 07:30:00+00:00,203.96,204.31,203.21,203.45,150635.83
2025-10-15 07:45:00+00:00,203.45,204.66,203.09,204.56,170124.07
2025-10-15 08:00:00+00:00,204.55,206.11,204.34,205.98,349968.5
2025-10-15 08:15:00+00:00,205.97,207.71,205.52,207.42,611551.91
2025-10-15 08:30:00+00:00,207.41,208.85,206.5,206.51,801862.95
2025-10-15 08:45:00+00:00,206.51,206.55,205.35,206.05,340582.79
2025-10-15 09:00:00+00:00,206.05,207.01,205.58,206.72,315060.33
2025-10-15 09:15:00+00:00,206.72,207.06,205.57,206.22,216027.25
2025-10-15 09:30:00+00:00,206.22,207.08,205.21,206.7,261158.12
2025-10-15 09:45:00+00:00,206.7,207.33,205.5,205.91,213210.67
2025-10-15 10:00:00+00:00,205.91,206.28,205.0,206.05,252407.46
2025-10-15 10:15:00+00:00,206.04,206.07,204.67,205.02,206431.92
2025-10-15 10:30:00+00:00,205.02,205.22,203.54,204.09,407068.56
2025-10-15 10:45:00+00:00,204.08,204.29,203.36,203.8,232131.42
2025-10-15 11:00:00+00:00,203.8,204.72,203.55,203.64,228839.63
2025-10-15 11:15:00+00:00,203.65,203.8,201.91,202.89,521144.77
2025-10-15 11:30:00+00:00,202.88,203.18,202.0,203.16,215551.0
2025-10-15 11:45:00+00:00,203.17,203.17,202.4,202.48,127182.81
2025-10-15 12:00:00+00:00,202.48,203.15,201.86,202.92,282267.4
2025-10-15 12:15:00+00:00,202.92,203.52,201.5,201.71,301526.18
2025-10-15 12:30:00+00:00,201.71,202.9,201.63,202.86,230265.73
2025-10-15 12:45:00+00:00,202.86,203.68,202.58,202.95,263774.9
2025-10-15 13:00:00+00:00,202.95,202.95,200.86,201.85,319137.96
2025-10-15 13:15:00+00:00,201.84,202.48,201.5,201.54,164447.49
2025-10-15 13:30:00+00:00,201.53,204.28,200.46,201.58,883828.82
2025-10-15 13:45:00+00:00,201.59,202.05,197.96,201.08,1248668.35
2025-10-15 14:00:00+00:00,201.07,204.68,200.91,203.95,745441.28
2025-10-15 14:15:00+00:00,203.94,204.84,202.39,202.78,450421.59
2025-10-15 14:30:00+00:00,202.77,202.85,199.89,200.5,583300.59
2025-10-15 14:45:00+00:00,200.51,200.54,198.31,199.43,772241.27
2025-10-15 15:00:00+00:00,199.43,200.26,197.45,198.59,743654.26
2025-10-15 15:15:00+00:00,198.6,200.07,197.6,198.71,499364.41
2025-10-15 15:30:00+00:00,198.71,199.04,196.4,197.11,719025.66
2025-10-15 15:45:00+00:00,197.11,197.49,196.11,197.07,616945.46
2025-10-15 16:00:00+00:00,197.06,198.28,196.94,197.6,494850.35
2025-10-15 16:15:00+00:00,197.61,198.67,196.77,198.18,263310.51
2025-10-15 16:30:00+00:00,198.18,198.48,197.09,197.38,203777.89
2025-10-15 16:45:00+00:00,197.39,198.23,196.95,197.3,170744.47
2025-10-15 17:00:00+00:00,197.3,197.38,195.56,195.66,520789.09
2025-10-15 17:15:00+00:00,195.66,196.72,195.3,195.78,463237.49
2025-10-15 17:30:00+00:00,195.77,196.64,195.1,196.27,262277.71
2025-10-15 17:45:00+00:00,196.27,198.08,196.27,198.06,363882.2
2025-10-15 18:00:00+00:00,198.06,198.2,196.73,197.02,200476.44
2025-10-15 18:15:00+00:00,197.02,198.21,196.9,197.16,176361.98
2025-10-15 18:30:00+00:00,197.16,197.24,196.18,196.71,174463.81
2025-10-15 18:45:00+00:00,196.7,198.19,196.3,197.92,163144.37
2025-10-15 19:00:00+00:00,197.92,197.98,195.42,195.84,266116.18
2025-10-15 19:15:00+00:00,195.84,197.12,195.59,196.55,213669.43
2025-10-15 19:30:00+00:00,196.55,196.78,194.6,195.31,369635.34
2025-10-15 19:45:00+00:00,195.3,195.39,194.07,194.69,374375.72
2025-10-15 20:00:00+00:00,194.7,195.77,194.61,195.19,209034.89
2025-10-15 20:15:00+00:00,195.18,196.5,193.81,194.14,315818.21
2025-10-15 20:30:00+00:00,194.14,195.08,192.1,194.99,892870.71
2025-10-15 20:45:00+00:00,195.0,195.52,193.86,194.11,246173.14
2025-10-15 21:00:00+00:00,194.1,194.55,192.28,193.18,322688.08
2025-10-15 21:15:00+00:00,193.17,194.48,192.34,194.13,196622.54
2025-10-15 21:30:00+00:00,194.12,195.16,193.61,193.79,269416.27
2025-10-15 21:45:00+00:00,193.79,193.99,191.91,192.79,217754.97
2025-10-15 22:00:00+00:00,192.79,193.88,192.46,193.77,203554.69
2025-10-15 22:15:00+00:00,193.78,194.49,193.45,193.63,187680.0
2025-10-15 22:30:00+00:00,193.63,194.49,193.51,193.89,105597.53
2025-10-15 22:45:00+00:00,193.9,194.02,192.63,193.21,183925.99
2025-10-15 23:00:00+00:00,193.21,194.04,192.87,193.77,151722.71
2025-10-15 23:15:00+00:00,193.76,194.2,193.2,193.92,131719.35
2025-10-15 23:30:00+00:00,193.93,194.72,193.7,194.39,176699.52
2025-10-15 23:45:00+00:00,194.38,194.52,193.52,193.73,91017.55
2025-10-16 00:00:00+00:00,193.73,194.4,193.03,193.07,173369.15
2025-10-16 00:15:00+00:00,193.07,194.5,193.03,194.27,138886.89
2025-10-16 00:30:00+00:00,194.27,194.31,193.3,193.76,150429.19
2025-10-16 00:45:00+00:00,193.76,194.35,193.61,193.78,73322.26
2025-10-16 01:00:00+00:00,193.78,195.33,193.7,194.69,211086.31
2025-10-16 01:15:00+00:00,194.68,194.96,193.71,194.05,150592.12
2025-10-16 01:30:00+00:00,194.05,194.74,193.77,194.31,133844.61
2025-10-16 01:45:00+00:00,194.31,195.36,193.94,194.99,165204.48
2025-10-16 02:00:00+00:00,195.0,196.12,194.37,195.39,272753.07
2025-10-16 02:15:00+00:00,195.39,195.84,195.08,195.74,121636.91
2025-10-16 02:30:00+00:00,195.74,195.79,194.08,194.34,199699.7
2025-10-16 02:45:00+00:00,194.34,195.44,194.12,195.37,155651.84
2025-10-16 03:00:00+00:00,195.37,195.72,194.69,194.99,142243.65
2025-10-16 03:15:00+00:00,194.98,195.97,194.68,195.56,118782.19
2025-10-16 03:30:00+00:00,195.56,195.57,194.13,194.59,164759.62
2025-10-16 03:45:00+00:00,194.58,194.97,193.3,193.52,152641.48
2025-10-16 04:00:00+00:00,193.52,194.25,193.27,194.03,199433.95
2025-10-16 04:15:00+00:00,194.03,194.47,193.91,194.26,105122.53
2025-10-16 04:30:00+00:00,194.26,194.52,193.03,193.09,111439.34
2025-10-16 04:45:00+00:00,193.09,193.34,192.2,192.36,285492.84
2025-10-16 05:00:00+00:00,192.36,193.2,192.11,193.05,172023.58
2025-10-16 05:15:00+00:00,193.05,193.35,192.42,192.59,133050.22
2025-10-16 05:30:00+00:00,192.59,194.32,192.57,193.66,184775.04
2025-10-16 05:45:00+00:00,193.66,193.93,191.08,192.38,408706.05
2025-10-16 06:00:00+00:00,192.38,193.37,192.34,192.75,199253.71
2025-10-16 06:15:00+00:00,192.76,194.16,192.7,194.07,137704.59
2025-10-16 06:30:00+00:00,194.06,194.76,193.93,194.27,240378.32
2025-10-16 06:45:00+00:00,194.27,195.49,194.27,195.1,234333.77
2025-10-16 07:00:00+00:00,195.1,195.25,193.84,194.23,188513.37
2025-10-16 07:15:00+00:00,194.23,194.24,192.43,192.55,255814.37
2025-10-16 07:30:00+00:00,192.54,193.1,192.21,193.08,171471.51
2025-10-16 07:45:00+00:00,193.08,193.3,192.44,192.79,203062.0
2025-10-16 08:00:00+00:00,192.79,193.21,192.0,193.17,162923.28
2025-10-16 08:15:00+00:00,193.16,193.36,192.23,192.55,152929.95
2025-10-16 08:30:00+00:00,192.55,192.99,191.78,192.41,182195.79
2025-10-16 08:45:00+00:00,192.41,192.64,192.03,192.35,99122.76
2025-10-16 09:00:00+00:00,192.35,193.29,191.9,192.62,279282.31
2025-10-16 09:15:00+00:00,192.63,193.8,192.43,192.46,322014.24
2025-10-16 09:30:00+00:00,192.45,192.46,184.77,192.18,2361377.79
2025-10-16 09:45:00+00:00,192.19,194.58,192.18,193.78,1120325.5
2025-10-16 10:00:00+00:00,193.77,195.3,193.53,194.96,505203.49
2025-10-16 10:15:00+00:00,194.95,196.39,194.63,195.33,535890.84
2025-10-16 10:30:00+00:00,195.32,196.6,195.12,196.24,275210.09
2025-10-16 10:45:00+00:00,196.24,196.52,195.49,195.64,236888.99
2025-10-16 11:00:00+00:00,195.64,197.09,195.25,195.99,559439.9
2025-10-16 11:15:00+00:00,195.99,196.13,194.7,194.9,206247.09
2025-10-16 11:30:00+00:00,194.9,195.86,194.38,195.62,268889.64
2025-10-16 11:45:00+00:00,195.63,196.8,195.49,196.7,209754.64
2025-10-16 12:00:00+00:00,196.7,197.93,196.1,196.14,449501.51
2025-10-16 12:15:00+00:00,196.13,196.72,195.86,196.21,186746.64
2025-10-16 12:30:00+00:00,196.21,197.36,195.86,197.09,279272.92
2025-10-16 12:45:00+00:00,197.09,197.68,196.82,196.9,181900.67
2025-10-16 13:00:00+00:00,196.89,197.26,196.3,196.92,216211.99
2025-10-16 13:15:00+00:00,196.93,197.2,195.99,196.63,204359.23
2025-10-16 13:30:00+00:00,196.63,198.34,196.28,197.53,515107.69
2025-10-16 13:45:00+00:00,197.54,197.9,195.05,195.69,400118.71
2025-10-16 14:00:00+00:00,195.69,195.94,193.56,193.81,690734.39
2025-10-16 14:15:00+00:00,193.81,194.6,191.27,192.93,1175779.43
2025-10-16 14:30:00+00:00,192.94,196.51,192.6,195.99,740477.19
2025-10-16 14:45:00+00:00,195.99,196.12,193.6,193.91,483518.11
2025-10-16 15:00:00+00:00,193.91,194.2,192.31,193.66,382643.75
2025-10-16 15:15:00+00:00,193.65,193.89,190.51,190.97,610917.44
2025-10-16 15:30:00+00:00,190.96,191.69,189.0,189.49,978313.96
2025-10-16 15:45:00+00:00,189.48,189.54,186.43,187.49,1301797.82
2025-10-16 16:00:00+00:00,187.5,188.61,186.26,187.84,1094044.71
2025-10-16 16:15:00+00:00,187.84,188.33,186.63,187.54,739259.62
2025-10-16 16:30:00+00:00,187.55,188.76,186.35,187.8,664012.73
2025-10-16 16:45:00+00:00,187.8,192.19,187.51,192.18,843848.54
2025-10-16 17:00:00+00:00,192.19,192.22,189.15,189.21,767471.66
2025-10-16 17:15:00+00:00,189.21,191.51,189.15,190.46,391713.53
2025-10-16 17:30:00+00:00,190.45,191.07,188.78,189.15,305374.19
2025-10-16 17:45:00+00:00,189.15,189.64,188.74,189.54,226049.34
2025-10-16 18:00:00+00:00,189.55,189.71,186.76,187.52,537267.19
2025-10-16 18:15:00+00:00,187.51,188.43,187.01,187.58,200486.88
2025-10-16 18:30:00+00:00,187.59,189.65,187.24,189.13,363094.61
2025-10-16 18:45:00+00:00,189.14,189.76,188.22,189.22,227478.22
2025-10-16 19:00:00+00:00,189.23,189.41,187.24,187.42,267714.33
2025-10-16 19:15:00+00:00,187.43,187.74,185.6,186.37,484973.04
2025-10-16 19:30:00+00:00,186.37,186.69,183.25,185.07,875005.8
2025-10-16 19:45:00+00:00,185.07,186.64,183.92,184.9,694432.8
2025-10-16 20:00:00+00:00,184.91,186.0,183.95,184.11,315179.26
2025-10-16 20:15:00+00:00,184.11,185.17,183.43,184.16,276247.24
2025-10-16 20:30:00+00:00,184.17,184.39,181.93,182.4,759358.1
2025-10-16 20:45:00+00:00,182.4,183.6,182.4,182.72,325283.66
2025-10-16 21:00:00+00:00,182.71,184.33,182.66,184.18,247340.46
2025-10-16 21:15:00+00:00,184.18,184.46,183.52,184.14,143838.37
2025-10-16 21:30:00+00:00,184.13,184.96,183.94,184.67,206295.88
2025-10-16 21:45:00+00:00,184.67,185.66,184.53,185.51,118582.5
2025-10-16 22:00:00+00:00,185.51,185.84,184.34,184.43,218483.06
2025-10-16 22:15:00+00:00,184.44,184.97,184.22,184.63,121973.3
2025-10-16 22:30:00+00:00,184.64,184.85,183.79,183.81,162285.6
2025-10-16 22:45:00+00:00,183.8,183.98,183.0,183.04,172204.71
2025-10-16 23:00:00+00:00,183.03,183.72,182.81,183.38,160519.46
2025-10-16 23:15:00+00:00,183.38,185.13,183.38,184.57,406228.13
2025-10-16 23:30:00+00:00,184.57,184.79,183.72,184.18,158190.79
2025-10-16 23:45:00+00:00,184.19,184.83,184.15,184.76,116505.38
2025-10-17 00:00:00+00:00,184.76,185.61,184.17,185.46,205339.45
2025-10-17 00:15:00+00:00,185.47,185.62,184.91,185.53,146810.81
2025-10-17 00:30:00+00:00,185.52,186.35,185.16,185.77,270478.63
2025-10-17 00:45:00+00:00,185.78,186.19,185.06,186.19,182319.29
2025-10-17 01:00:00+00:00,186.2,187.43,185.71,186.62,311356.04
2025-10-17 01:15:00+00:00,186.63,187.02,185.72,186.21,138044.36
2025-10-17 01:30:00+00:00,186.21,186.51,185.27,185.55,114140.79
2025-10-17 01:45:00+00:00,185.56,185.8,184.66,185.59,252367.54
2025-10-17 02:00:00+00:00,185.59,185.97,184.9,185.28,196051.51
2025-10-17 02:15:00+00:00,185.29,185.41,184.56,185.02,152105.64
2025-10-17 02:30:00+00:00,185.03,186.62,184.76,186.41,314222.61
2025-10-17 02:45:00+00:00,186.42,187.3,185.86,186.67,224604.58
2025-10-17 03:00:00+00:00,186.67,187.38,186.47,186.88,257694.01
2025-10-17 03:15:00+00:00,186.89,187.18,186.28,186.63,142411.91
2025-10-17 03:30:00+00:00,186.64,187.0,186.16,186.37,140917.1
2025-10-17 03:45:00+00:00,186.36,187.19,186.33,187.02,112159.67
2025-10-17 04:00:00+00:00,187.02,187.23,186.45,186.73,103938.87
2025-10-17 04:15:00+00:00,186.74,186.94,186.26,186.43,112528.76
2025-10-17 04:30:00+00:00,186.43,187.17,186.37,186.7,160928.7
2025-10-17 04:45:00+00:00,186.71,187.39,186.53,186.99,251415.34
2025-10-17 05:00:00+00:00,186.98,187.39,186.8,186.91,197708.05
2025-10-17 05:15:00+00:00,186.92,187.27,186.22,187.14,189497.67
2025-10-17 05:30:00+00:00,187.14,187.37,185.8,185.97,289919.04
2025-10-17 05:45:00+00:00,185.97,186.14,185.31,185.61,295014.21
2025-10-17 06:00:00+00:00,185.61,186.41,185.41,185.59,174655.06
2025-10-17 06:15:00+00:00,185.6,185.85,183.66,183.74,447838.45
2025-10-17 06:30:00+00:00,183.74,184.13,180.57,181.01,1257725.47
2025-10-17 06:45:00+00:00,181.02,181.76,179.58,180.32,1032422.63
2025-10-17 07:00:00+00:00,180.33,180.76,178.2,178.86,1319518.42
2025-10-17 07:15:00+00:00,178.86,179.67,178.45,178.64,588070.76
2025-10-17 07:30:00+00:00,178.64,179.6,177.31,178.85,850097.42
2025-10-17 07:45:00+00:00,178.85,179.26,177.26,177.7,524189.34
2025-10-17 08:00:00+00:00,177.7,178.91,176.63,177.28,736247.56
2025-10-17 08:15:00+00:00,177.29,177.99,175.67,177.13,1091726.43
2025-10-17 08:30:00+00:00,177.12,178.66,176.53,176.59,641066.2
2025-10-17 08:45:00+00:00,176.58,176.99,175.35,175.49,499911.61
2025-10-17 09:00:00+00:00,175.5,177.08,175.32,176.98,496322.91
2025-10-17 09:15:00+00:00,176.98,177.65,176.35,177.65,342572.81
2025-10-17 09:30:00+00:00,177.64,180.39,177.55,178.08,890463.56
2025-10-17 09:45:00+00:00,178.08,178.5,176.62,176.71,412026.27
2025-10-17 10:00:00+00:00,176.72,177.92,175.79,176.57,467313.21
2025-10-17 10:15:00+00:00,176.58,176.69,174.0,174.81,915865.55
2025-10-17 10:30:00+00:00,174.81,176.61,174.51,175.7,631065.76
2025-10-17 10:45:00+00:00,175.69,177.61,175.54,177.37,512995.65
2025-10-17 11:00:00+00:00,177.36,181.33,177.18,181.01,1216174.09
2025-10-17 11:15:00+00:00,181.01,182.63,180.72,181.49,1326855.34
2025-10-17 11:30:00+00:00,181.49,181.96,180.01,181.38,673447.69
2025-10-17 11:45:00+00:00,181.38,182.38,180.6,181.36,410848.7
2025-10-17 12:00:00+00:00,181.36,182.54,180.8,181.3,504080.75
2025-10-17 12:15:00+00:00,181.3,182.25,180.67,181.16,334326.63
2025-10-17 12:30:00+00:00,181.15,181.87,180.18,181.19,339073.55
2025-10-17 12:45:00+00:00,181.19,181.26,179.87,179.99,270318.51
2025-10-17 13:00:00+00:00,179.99,181.63,179.96,180.0,332735.4
2025-10-17 13:15:00+00:00,180.0,181.63,179.38,180.44,817520.48
2025-10-17 13:30:00+00:00,180.45,182.07,178.54,179.03,859757.57
2025-10-17 13:45:00+00:00,179.03,181.76,177.89,180.59,846649.0
2025-10-17 14:00:00+00:00,180.58,180.96,178.85,180.11,571390.51
2025-10-17 14:15:00+00:00,180.11,180.43,178.65,178.89,276956.5
2025-10-17 14:30:00+00:00,178.88,178.98,176.16,178.54,1055352.1
2025-10-17 14:45:00+00:00,178.54,180.03,177.77,178.33,640567.72
2025-10-17 15:00:00+00:00,178.32,179.68,177.94,178.4,406526.15
2025-10-17 15:15:00+00:00,178.4,180.41,178.18,179.94,340708.31
2025-10-17 15:30:00+00:00,179.95,180.81,178.26,180.1,401982.04
2025-10-17 15:45:00+00:00,180.11,182.74,180.04,182.65,586522.76
2025-10-17 16:00:00+00:00,182.64,184.95,182.16,183.01,1008319.67
2025-10-17 16:15:00+00:00,183.0,184.7,182.88,183.39,437857.43
2025-10-17 16:30:00+00:00,183.39,183.82,182.37,182.85,348813.18
2025-10-17 16:45:00+00:00,182.86,183.45,181.68,182.26,393244.96
2025-10-17 17:00:00+00:00,182.26,183.64,182.02,183.57,256668.17
2025-10-17 17:15:00+00:00,183.57,183.89,182.16,182.79,187336.7
2025-10-17 17:30:00+00:00,182.79,183.89,182.33,183.45,198056.09
2025-10-17 17:45:00+00:00,183.45,184.47,182.56,183.63,331741.34
2025-10-17 18:00:00+00:00,183.63,184.37,183.15,183.2,260048.52
2025-10-17 18:15:00+00:00,183.21,184.47,183.11,184.23,188555.64
2025-10-17 18:30:00+00:00,184.22,185.31,184.01,184.03,297972.18
2025-10-17 18:45:00+00:00,184.04,184.35,183.09,183.34,168817.99
2025-10-17 19:00:00+00:00,183.35,184.08,183.12,183.55,151553.88
2025-10-17 19:15:00+00:00,183.54,183.78,182.63,182.82,156682.26
2025-10-17 19:30:00+00:00,182.82,182.82,181.29,181.8,421155.41
2025-10-17 19:45:00+00:00,181.8,182.19,181.46,181.86,222987.44
2025-10-17 20:00:00+00:00,181.86,182.55,181.35,182.38,136899.86
2025-10-17 20:15:00+00:00,182.39,183.82,182.25,183.55,198618.39
2025-10-17 20:30:00+00:00,183.54,183.79,182.94,183.27,107063.22
2025-10-17 20:45:00+00:00,183.26,183.93,183.19,183.56,93050.48
2025-10-17 21:00:00+00:00,183.58,185.41,183.35,185.31,264897.61
2025-10-17 21:15:00+00:00,185.32,186.0,184.86,185.02,255841.82
2025-10-17 21:30:00+00:00,185.02,185.54,184.56,185.26,132949.71
2025-10-17 21:45:00+00:00,185.26,185.56,184.93,185.28,72409.65
2025-10-17 22:00:00+00:00,185.29,185.84,184.15,184.22,243991.71
2025-10-17 22:15:00+00:00,184.23,184.52,183.68,183.92,127508.09
2025-10-17 22:30:00+00:00,183.92,183.96,183.05,183.31,138837.04
2025-10-17 22:45:00+00:00,183.31,184.06,183.31,183.84,122094.55
2025-10-17 23:00:00+00:00,183.85,183.87,182.56,182.75,121637.12
2025-10-17 23:15:00+00:00,182.75,183.0,182.05,182.12,123155.72
2025-10-17 23:30:00+00:00,182.13,182.41,181.81,182.16,124798.52
2025-10-17 23:45:00+00:00,182.17,182.31,181.71,181.89,97557.15
2025-10-18 00:00:00+00:00,181.89,182.19,181.66,182.13,157110.86
2025-10-18 00:15:00+00:00,182.12,183.27,181.8,182.94,247252.81
2025-10-18 00:30:00+00:00,182.94,183.45,182.5,183.32,138271.74
2025-10-18 00:45:00+00:00,183.33,183.34,182.36,182.78,88277.24
2025-10-18 01:00:00+00:00,182.79,183.66,182.55,183.63,147895.7
2025-10-18 01:15:00+00:00,183.63,184.78,183.5,184.6,163635.58
2025-10-18 01:30:00+00:00,184.61,184.72,184.05,184.41,137492.5
2025-10-18 01:45:00+00:00,184.41,184.71,183.92,184.55,117019.4
2025-10-18 02:00:00+00:00,184.54,185.44,183.81,184.06,211492.77
2025-10-18 02:15:00+00:00,184.07,184.85,183.71,184.6,116938.51
2025-10-18 02:30:00+00:00,184.61,184.85,183.82,183.89,122582.36
2025-10-18 02:45:00+00:00,183.89,184.0,183.3,183.63,113361.29
2025-10-18 03:00:00+00:00,183.62,184.6,183.59,184.46,92961.92
2025-10-18 03:15:00+00:00,184.47,184.99,184.33,184.81,97874.34
2025-10-18 03:30:00+00:00,184.81,185.39,184.6,184.7,130910.63
2025-10-18 03:45:00+00:00,184.71,185.03,184.5,184.73,115576.03
2025-10-18 04:00:00+00:00,184.72,184.72,183.93,184.39,167505.62
2025-10-18 04:15:00+00:00,184.38,184.45,183.73,184.1,138807.14
2025-10-18 04:30:00+00:00,184.09,184.2,183.08,183.14,118029.19
2025-10-18 04:45:00+00:00,183.15,183.47,183.01,183.33,88871.99
2025-10-18 05:00:00+00:00,183.34,184.3,183.33,184.23,164743.38
2025-10-18 05:15:00+00:00,184.24,184.69,184.07,184.21,98531.02
2025-10-18 05:30:00+00:00,184.22,184.38,183.62,184.08,98392.22
2025-10-18 05:45:00+00:00,184.07,184.73,184.07,184.45,95444.2
2025-10-18 06:00:00+00:00,184.45,185.73,184.13,185.44,242703.41
2025-10-18 06:15:00+00:00,185.45,185.8,185.15,185.44,106963.69
2025-10-18 06:30:00+00:00,185.45,185.59,185.05,185.3,95482.81
2025-10-18 06:45:00+00:00,185.29,186.52,185.14,186.24,221382.28
2025-10-18 07:00:00+00:00,186.24,188.21,186.11,187.82,627929.14
2025-10-18 07:15:00+00:00,187.82,187.93,186.87,187.37,276408.53
2025-10-18 07:30:00+00:00,187.36,187.65,186.97,187.33,183682.61
2025-10-18 07:45:00+00:00,187.33,187.53,185.77,186.17,292315.27
2025-10-18 08:00:00+00:00,186.17,187.06,185.94,186.75,186918.68
2025-10-18 08:15:00+00:00,186.75,187.06,186.2,186.3,140462.53
2025-10-18 08:30:00+00:00,186.3,186.58,186.05,186.2,89735.42
2025-10-18 08:45:00+00:00,186.2,186.43,185.63,185.81,140929.58
2025-10-18 09:00:00+00:00,185.81,186.21,185.27,185.59,173777.98
2025-10-18 09:15:00+00:00,185.59,186.55,185.31,186.16,162580.53
2025-10-18 09:30:00+00:00,186.16,186.29,185.35,185.75,104873.25
2025-10-18 09:45:00+00:00,185.75,186.09,185.24,185.81,127863.76
2025-10-18 10:00:00+00:00,185.81,185.9,185.25,185.39,75958.04
2025-10-18 10:15:00+00:00,185.39,185.73,185.07,185.6,94208.12
2025-10-18 10:30:00+00:00,185.6,186.13,185.43,185.95,164171.1
2025-10-18 10:45:00+00:00,185.94,185.95,184.27,185.03,302001.0
2025-10-18 11:00:00+00:00,185.03,185.11,184.5,185.09,138616.2
2025-10-18 11:15:00+00:00,185.09,185.51,184.53,184.62,133339.72
2025-10-18 11:30:00+00:00,184.62,185.86,184.5,185.81,151496.04
2025-10-18 11:45:00+00:00,185.81,186.05,185.45,186.02,102564.24
2025-10-18 12:00:00+00:00,186.02,186.71,185.72,186.55,186820.89
2025-10-18 12:15:00+00:00,186.56,187.28,185.93,186.09,211980.33
2025-10-18 12:30:00+00:00,186.09,186.11,185.6,186.0,117306.38
2025-10-18 12:45:00+00:00,186.01,186.18,185.81,185.97,61608.8
2025-10-18 13:00:00+00:00,185.97,186.04,185.19,185.49,136154.64
2025-10-18 13:15:00+00:00,185.49,185.51,184.73,185.26,148665.18
2025-10-18 13:30:00+00:00,185.26,185.58,184.67,185.13,117824.9
2025-10-18 13:45:00+00:00,185.12,185.57,184.75,185.14,121892.59
2025-10-18 14:00:00+00:00,185.13,185.63,183.87,183.89,252767.81
2025-10-18 14:15:00+00:00,183.89,184.74,183.88,184.68,178903.74
2025-10-18 14:30:00+00:00,184.67,186.14,184.67,185.43,223265.05
2025-10-18 14:45:00+00:00,185.43,185.86,185.1,185.64,145879.21
2025-10-18 15:00:00+00:00,185.65,185.88,185.01,185.15,157531.53
2025-10-18 15:15:00+00:00,185.14,185.67,185.09,185.11,80299.09
2025-10-18 15:30:00+00:00,185.1,185.1,184.49,185.0,158367.98
2025-10-18 15:45:00+00:00,185.0,185.48,184.93,184.93,89593.74
2025-10-18 16:00:00+00:00,184.93,185.47,184.42,184.58,179625.28
2025-10-18 16:15:00+00:00,184.59,184.76,183.7,184.08,226325.1
2025-10-18 16:30:00+00:00,184.07,184.09,183.23,183.54,338794.0
2025-10-18 16:45:00+00:00,183.54,184.28,183.45,184.17,136643.01
2025-10-18 17:00:00+00:00,184.16,184.49,183.7,184.49,132852.12
2025-10-18 17:15:00+00:00,184.49,185.58,184.4,185.44,196798.46
2025-10-18 17:30:00+00:00,185.44,185.7,184.91,185.01,121704.01
2025-10-18 17:45:00+00:00,185.01,186.06,184.85,185.88,127295.2
2025-10-18 18:00:00+00:00,185.88,186.1,185.26,185.29,117774.44
2025-10-18 18:15:00+00:00,185.29,185.72,185.18,185.67,73587.13
2025-10-18 18:30:00+00:00,185.66,186.01,185.48,185.63,51684.86
2025-10-18 18:45:00+00:00,185.62,185.97,185.34,185.76,57091.8
2025-10-18 19:00:00+00:00,185.75,186.37,185.57,185.89,119862.98
2025-10-18 19:15:00+00:00,185.89,186.07,185.67,185.93,51591.31
2025-10-18 19:30:00+00:00,185.93,185.99,185.68,185.88,45000.03
2025-10-18 19:45:00+00:00,185.88,186.29,185.82,186.29,52632.5
2025-10-18 20:00:00+00:00,186.28,186.82,186.05,186.5,110866.4
2025-10-18 20:15:00+00:00,186.5,187.24,186.36,187.22,131035.66
2025-10-18 20:30:00+00:00,187.22,187.63,186.75,186.99,143586.81
2025-10-18 20:45:00+00:00,186.99,187.46,186.51,186.52,103798.02
2025-10-18 21:00:00+00:00,186.51,186.88,185.81,186.05,153231.61
2025-10-18 21:15:00+00:00,186.04,186.86,185.82,186.85,79087.0
2025-10-18 21:30:00+00:00,186.85,187.13,186.68,186.85,72577.42
2025-10-18 21:45:00+00:00,186.85,187.19,186.75,187.05,40788.79
2025-10-18 22:00:00+00:00,187.05,187.29,186.7,186.92,63242.86
2025-10-18 22:15:00+00:00,186.91,187.78,186.85,187.7,110207.93
2025-10-18 22:30:00+00:00,187.71,187.71,187.18,187.27,54936.94
2025-10-18 22:45:00+00:00,187.27,187.29,186.95,187.17,40447.84
2025-10-18 23:00:00+00:00,187.16,187.53,186.97,187.27,88117.33
2025-10-18 23:15:00+00:00,187.28,187.4,186.83,187.2,52680.94
2025-10-18 23:30:00+00:00,187.2,187.49,187.08,187.34,52205.18
2025-10-18 23:45:00+00:00,187.34,187.66,187.24,187.47,54048.42
2025-10-19 00:00:00+00:00,187.47,187.79,186.51,186.61,180756.17
2025-10-19 00:15:00+00:00,186.61,186.97,186.33,186.4,116339.41
2025-10-19 00:30:00+00:00,186.4,186.44,185.6,185.69,160693.65
2025-10-19 00:45:00+00:00,185.68,185.75,185.17,185.68,208988.06
2025-10-19 01:00:00+00:00,185.68,185.68,184.8,185.17,137655.87
2025-10-19 01:15:00+00:00,185.18,185.72,185.08,185.38,108559.69
2025-10-19 01:30:00+00:00,185.38,185.47,184.92,185.19,67758.92
2025-10-19 01:45:00+00:00,185.19,185.82,185.11,185.77,101644.26
2025-10-19 02:00:00+00:00,185.77,185.8,185.28,185.35,116288.69
2025-10-19 02:15:00+00:00,185.35,185.87,185.16,185.61,86259.68
2025-10-19 02:30:00+00:00,185.61,185.82,185.39,185.44,54308.34
2025-10-19 02:45:00+00:00,185.43,185.76,185.2,185.7,44760.82
2025-10-19 03:00:00+00:00,185.69,185.7,184.89,185.08,92251.09
2025-10-19 03:15:00+00:00,185.07,186.26,185.07,186.02,117602.64
2025-10-19 03:30:00+00:00,186.02,186.75,185.92,186.58,158364.79
2025-10-19 03:45:00+00:00,186.59,187.07,186.53,186.95,122351.2
2025-10-19 04:00:00+00:00,186.95,187.06,186.34,186.58,125136.59
2025-10-19 04:15:00+00:00,186.58,186.7,186.25,186.57,65950.95
2025-10-19 04:30:00+00:00,186.57,186.92,186.56,186.72,62475.98
2025-10-19 04:45:00+00:00,186.71,186.82,186.49,186.73,36763.01
2025-10-19 05:00:00+00:00,186.74,187.03,186.56,186.73,59491.75
2025-10-19 05:15:00+00:00,186.72,187.62,186.63,187.08,132208.89
2025-10-19 05:30:00+00:00,187.08,187.23,186.57,186.72,68347.6
2025-10-19 05:45:00+00:00,186.71,186.71,186.22,186.44,89536.76
2025-10-19 06:00:00+00:00,186.44,186.82,186.21,186.22,88098.19
2025-10-19 06:15:00+00:00,186.22,186.36,185.9,186.03,95824.98
2025-10-19 06:30:00+00:00,186.03,186.05,185.07,185.41,236343.86
2025-10-19 06:45:00+00:00,185.41,185.59,185.12,185.48,102375.55
2025-10-19 07:00:00+00:00,185.48,185.71,185.14,185.59,83484.81
2025-10-19 07:15:00+00:00,185.6,185.91,185.34,185.57,88979.15
2025-10-19 07:30:00+00:00,185.58,186.06,185.43,185.65,91462.41
2025-10-19 07:45:00+00:00,185.64,185.91,185.47,185.82,46008.83
2025-10-19 08:00:00+00:00,185.82,186.29,185.8,185.88,108725.08
2025-10-19 08:15:00+00:00,185.88,187.55,183.42,185.18,891819.57
2025-10-19 08:30:00+00:00,185.18,185.19,183.79,184.07,280442.6
2025-10-19 08:45:00+00:00,184.08,184.6,183.75,184.08,222744.52
2025-10-19 09:00:00+00:00,184.08,184.1,183.06,183.89,315934.59
2025-10-19 09:15:00+00:00,183.89,184.35,183.34,183.46,197111.82
2025-10-19 09:30:00+00:00,183.46,186.21,183.39,185.89,458320.46
2025-10-19 09:45:00+00:00,185.89,188.66,185.62,187.12,1108480.38
2025-10-19 10:00:00+00:00,187.13,188.09,186.63,187.16,332186.58
2025-10-19 10:15:00+00:00,187.15,189.92,186.88,189.36,504000.31
2025-10-19 10:30:00+00:00,189.37,189.47,188.37,188.93,300367.94
2025-10-19 10:45:00+00:00,188.93,189.05,188.16,189.01,160900.18
2025-10-19 11:00:00+00:00,189.01,189.99,188.92,189.67,352114.38
2025-10-19 11:15:00+00:00,189.66,189.93,188.56,188.85,206986.76
2025-10-19 11:30:00+00:00,188.84,189.29,188.66,188.83,128958.55
2025-10-19 11:45:00+00:00,188.84,189.04,188.52,188.92,151728.54
2025-10-19 12:00:00+00:00,188.92,189.3,188.2,188.48,180156.13
2025-10-19 12:15:00+00:00,188.48,188.68,188.04,188.43,136801.05
2025-10-19 12:30:00+00:00,188.42,189.06,188.24,188.5,112091.05
2025-10-19 12:45:00+00:00,188.5,188.87,188.25,188.77,69157.05
2025-10-19 13:00:00+00:00,188.78,189.06,188.24,188.51,156519.03
2025-10-19 13:15:00+00:00,188.52,188.77,188.25,188.69,84251.59
2025-10-19 13:30:00+00:00,188.69,190.35,188.62,190.04,269922.76
2025-10-19 13:45:00+00:00,190.04,190.95,189.49,190.5,493938.41
2025-10-19 14:00:00+00:00,190.5,190.74,189.67,190.26,275697.67
2025-10-19 14:15:00+00:00,190.26,191.59,190.01,191.26,363153.86
2025-10-19 14:30:00+00:00,191.25,191.41,190.33,190.76,296308.34
2025-10-19 14:45:00+00:00,190.77,191.65,190.53,191.44,149530.22
2025-10-19 15:00:00+00:00,191.43,191.57,190.38,190.53,349054.43
2025-10-19 15:15:00+00:00,190.53,190.95,190.24,190.46,186352.47
2025-10-19 15:30:00+00:00,190.47,190.55,190.11,190.17,145521.44
2025-10-19 15:45:00+00:00,190.17,190.71,190.17,190.66,65102.68
2025-10-19 16:00:00+00:00,190.66,190.78,190.1,190.16,110654.02
2025-10-19 16:15:00+00:00,190.17,190.65,189.83,190.41,136629.97
2025-10-19 16:30:00+00:00,190.42,191.52,190.12,191.41,155000.45
2025-10-19 16:45:00+00:00,191.41,191.46,190.68,190.76,149056.75
2025-10-19 17:00:00+00:00,190.76,192.15,190.7,191.84,304921.36
2025-10-19 17:15:00+00:00,191.85,192.15,190.91,190.92,253534.01
2025-10-19 17:30:00+00:00,190.92,191.3,190.68,190.91,116264.86
2025-10-19 17:45:00+00:00,190.91,190.92,189.59,189.93,322527.28
2025-10-19 18:00:00+00:00,189.93,190.29,189.09,189.44,294927.51
2025-10-19 18:15:00+00:00,189.43,189.85,189.04,189.61,185737.97
2025-10-19 18:30:00+00:00,189.6,189.92,189.27,189.88,92558.95
2025-10-19 18:45:00+00:00,189.87,190.1,189.63,189.81,104804.43
2025-10-19 19:00:00+00:00,189.81,189.82,188.61,188.87,178731.14
2025-10-19 19:15:00+00:00,188.86,189.04,188.72,188.94,84295.7
2025-10-19 19:30:00+00:00,188.94,189.14,188.47,188.7,82242.82
2025-10-19 19:45:00+00:00,188.7,188.82,188.24,188.81,105158.96
2025-10-19 20:00:00+00:00,188.8,189.1,188.59,188.75,100374.62
2025-10-19 20:15:00+00:00,188.76,189.21,188.52,189.18,68481.94
2025-10-19 20:30:00+00:00,189.18,189.53,188.94,189.49,120969.89
2025-10-19 20:45:00+00:00,189.49,189.78,189.21,189.55,102182.12
2025-10-19 21:00:00+00:00,189.55,189.71,188.84,188.86,107117.93
2025-10-19 21:15:00+00:00,188.87,189.0,188.33,188.38,120406.35
2025-10-19 21:30:00+00:00,188.38,189.26,188.24,189.16,81876.32
2025-10-19 21:45:00+00:00,189.16,189.31,188.85,189.18,48187.13
2025-10-19 22:00:00+00:00,189.19,189.45,188.81,189.23,157950.58
2025-10-19 22:15:00+00:00,189.22,189.74,189.07,189.43,109815.92
2025-10-19 22:30:00+00:00,189.44,189.91,189.34,189.67,96091.43
2025-10-19 22:45:00+00:00,189.67,190.06,189.48,189.72,108562.03
2025-10-19 23:00:00+00:00,189.72,189.73,188.57,188.7,120683.83
2025-10-19 23:15:00+00:00,188.7,188.91,188.31,188.45,106393.23
2025-10-19 23:30:00+00:00,188.44,188.59,186.77,187.01,438485.75
2025-10-19 23:45:00+00:00,187.0,187.81,186.8,187.78,161679.64
2025-10-20 00:00:00+00:00,187.78,187.78,186.18,186.28,255287.14
2025-10-20 00:15:00+00:00,186.29,186.54,184.13,184.51,603552.77
2025-10-20 00:30:00+00:00,184.5,185.36,183.68,184.86,469828.08
2025-10-20 00:45:00+00:00,184.86,185.63,184.59,185.5,203486.22
2025-10-20 01:00:00+00:00,185.5,185.95,184.84,185.37,197677.76
2025-10-20 01:15:00+00:00,185.37,185.83,185.02,185.62,117993.59
2025-10-20 01:30:00+00:00,185.62,186.25,185.31,185.73,169706.88
2025-10-20 01:45:00+00:00,185.73,186.04,185.3,185.54,139112.14
2025-10-20 02:00:00+00:00,185.54,185.54,184.01,184.51,285699.3
2025-10-20 02:15:00+00:00,184.51,186.12,184.36,185.63,256789.83
2025-10-20 02:30:00+00:00,185.63,186.66,185.03,186.47,376356.96
2025-10-20 02:45:00+00:00,186.46,187.27,186.36,186.79,269793.23
2025-10-20 03:00:00+00:00,186.79,186.84,185.75,186.58,248734.43
2025-10-20 03:15:00+00:00,186.59,187.3,186.38,186.73,143582.61
2025-10-20 03:30:00+00:00,186.73,188.29,186.51,187.97,217926.32
2025-10-20 03:45:00+00:00,187.97,191.7,187.82,191.14,833701.84
2025-10-20 04:00:00+00:00,191.14,192.42,191.14,191.5,473372.64
2025-10-20 04:15:00+00:00,191.5,191.79,190.52,190.91,295928.59
2025-10-20 04:30:00+00:00,190.92,191.86,190.91,191.7,195737.64
2025-10-20 04:45:00+00:00,191.7,192.2,191.46,192.1,162614.55
2025-10-20 05:00:00+00:00,192.1,192.24,191.46,192.04,243566.85
2025-10-20 05:15:00+00:00,192.03,192.87,191.63,192.51,250906.29
2025-10-20 05:30:00+00:00,192.5,193.0,192.12,192.5,229878.86
2025-10-20 05:45:00+00:00,192.5,193.3,192.2,192.91,217179.58
2025-10-20 06:00:00+00:00,192.92,193.33,192.67,192.85,227162.51
2025-10-20 06:15:00+00:00,192.86,193.43,192.76,193.33,188439.93
2025-10-20 06:30:00+00:00,193.32,193.97,193.31,193.73,193264.27
2025-10-20 06:45:00+00:00,193.74,194.23,193.06,193.81,222311.3
2025-10-20 07:00:00+00:00,193.81,193.81,193.11,193.69,192104.62
2025-10-20 07:15:00+00:00,193.68,194.44,193.54,193.73,153168.01
2025-10-20 07:30:00+00:00,193.73,193.74,193.13,193.34,193643.33
2025-10-20 07:45:00+00:00,193.33,193.39,192.7,192.93,215869.17
2025-10-20 08:00:00+00:00,192.92,193.11,192.5,192.8,187828.26
2025-10-20 08:15:00+00:00,192.79,193.07,192.11,193.02,240971.58
2025-10-20 08:30:00+00:00,193.02,194.1,193.0,193.55,278839.42
2025-10-20 08:45:00+00:00,193.56,193.97,192.85,192.9,129731.43
2025-10-20 09:00:00+00:00,192.89,193.55,192.6,193.4,139650.07
2025-10-20 09:15:00+00:00,193.41,193.5,192.47,192.91,191216.37
2025-10-20 09:30:00+00:00,192.91,193.2,192.53,192.88,99157.3
2025-10-20 09:45:00+00:00,192.88,193.24,192.49,193.13,121414.92
2025-10-20 10:00:00+00:00,193.13,193.58,192.35,192.96,137707.16
2025-10-20 10:15:00+00:00,192.97,193.68,192.95,193.28,180728.5
2025-10-20 10:30:00+00:00,193.28,193.54,192.46,192.51,128724.8
2025-10-20 10:45:00+00:00,192.51,192.62,191.3,191.54,324252.21
2025-10-20 11:00:00+00:00,191.54,191.64,190.89,191.09,248109.55
2025-10-20 11:15:00+00:00,191.09,191.94,190.96,191.76,181311.89
2025-10-20 11:30:00+00:00,191.75,191.75,191.16,191.5,121555.4
2025-10-20 11:45:00+00:00,191.51,192.2,191.37,192.11,164235.06
2025-10-20 12:00:00+00:00,192.11,192.12,191.56,191.74,122259.37
2025-10-20 12:15:00+00:00,191.75,192.3,191.62,192.19,158114.77
2025-10-20 12:30:00+00:00,192.19,192.4,191.58,191.83,223345.15
2025-10-20 12:45:00+00:00,191.83,192.68,191.73,192.68,153000.61
2025-10-20 13:00:00+00:00,192.68,192.91,191.6,191.61,268958.09
2025-10-20 13:15:00+00:00,191.6,192.12,191.48,192.0,128664.28
2025-10-20 13:30:00+00:00,191.99,192.94,191.94,192.51,305644.59
2025-10-20 13:45:00+00:00,192.51,192.81,191.95,192.32,165913.64
2025-10-20 14:00:00+00:00,192.32,192.51,191.72,191.77,149705.31
2025-10-20 14:15:00+00:00,191.77,191.97,190.64,191.92,513476.52
2025-10-20 14:30:00+00:00,191.92,191.96,190.74,191.24,261873.58
2025-10-20 14:45:00+00:00,191.25,191.71,190.95,191.3,274643.03
2025-10-20 15:00:00+00:00,191.3,192.25,190.88,190.9,262679.81
2025-10-20 15:15:00+00:00,190.89,191.53,190.67,191.48,198042.25
2025-10-20 15:30:00+00:00,191.48,191.79,191.28,191.59,100927.44
2025-10-20 15:45:00+00:00,191.59,192.09,190.31,190.4,337424.11
2025-10-20 16:00:00+00:00,190.4,190.44,187.81,189.09,1217588.14
2025-10-20 16:15:00+00:00,189.08,189.5,188.37,188.58,318503.52
2025-10-20 16:30:00+00:00,188.57,188.62,187.06,187.24,504207.08
2025-10-20 16:45:00+00:00,187.24,187.89,186.61,187.44,434488.94
2025-10-20 17:00:00+00:00,187.43,188.37,186.95,187.09,365241.84
2025-10-20 17:15:00+00:00,187.09,187.41,186.71,186.89,137521.98
2025-10-20 17:30:00+00:00,186.9,187.09,185.48,186.1,503269.62
2025-10-20 17:45:00+00:00,186.1,188.6,186.02,187.57,516940.57
2025-10-20 18:00:00+00:00,187.57,188.17,187.38,187.78,216592.32
2025-10-20 18:15:00+00:00,187.78,187.89,187.1,187.55,121746.07
2025-10-20 18:30:00+00:00,187.55,187.88,187.24,187.83,109149.07
2025-10-20 18:45:00+00:00,187.83,188.45,187.73,188.1,178556.25
2025-10-20 19:00:00+00:00,188.11,188.43,187.49,187.87,135235.08
2025-10-20 19:15:00+00:00,187.88,188.32,187.4,188.2,83154.28
2025-10-20 19:30:00+00:00,188.19,188.85,188.0,188.8,161548.77
2025-10-20 19:45:00+00:00,188.8,189.37,188.54,188.71,272189.5
2025-10-20 20:00:00+00:00,188.7,189.38,188.13,189.12,169243.76
2025-10-20 20:15:00+00:00,189.12,189.67,188.93,189.15,175410.18
2025-10-20 20:30:00+00:00,189.15,189.73,188.94,189.73,94146.85
2025-10-20 20:45:00+00:00,189.73,190.44,189.51,190.44,167765.63
2025-10-20 21:00:00+00:00,190.43,191.07,190.2,190.25,177052.78
2025-10-20 21:15:00+00:00,190.25,190.27,189.37,189.74,141204.81
2025-10-20 21:30:00+00:00,189.74,189.93,189.22,189.47,88326.34
2025-10-20 21:45:00+00:00,189.47,189.49,188.66,188.89,108639.64
2025-10-20 22:00:00+00:00,188.9,190.07,188.68,189.98,163149.87
2025-10-20 22:15:00+00:00,189.99,190.3,189.82,189.9,89098.37
2025-10-20 22:30:00+00:00,189.91,190.72,189.82,190.68,90053.6
2025-10-20 22:45:00+00:00,190.69,190.8,190.29,190.65,83403.54
2025-10-20 23:00:00+00:00,190.66,190.76,189.63,189.83,149421.47
2025-10-20 23:15:00+00:00,189.83,190.16,189.64,190.15,58778.65
2025-10-20 23:30:00+00:00,190.16,190.57,189.95,190.15,118777.43
2025-10-20 23:45:00+00:00,190.16,190.35,189.39,189.63,121791.09
2025-10-21 00:00:00+00:00,189.63,189.63,188.6,188.74,227038.12
2025-10-21 00:15:00+00:00,188.73,189.64,188.73,189.33,110267.85
2025-10-21 00:30:00+00:00,189.34,190.15,188.8,189.96,124648.48
2025-10-21 00:45:00+00:00,189.96,190.07,188.9,188.9,111535.64
2025-10-21 01:00:00+00:00,188.89,189.16,186.97,187.85,591942.82
2025-10-21 01:15:00+00:00,187.85,188.39,187.8,188.22,94745.27
2025-10-21 01:30:00+00:00,188.21,188.27,187.41,187.5,130570.03
2025-10-21 01:45:00+00:00,187.5,187.73,186.0,186.64,288721.04
2025-10-21 02:00:00+00:00,186.65,186.84,185.52,186.13,313896.54
2025-10-21 02:15:00+00:00,186.13,186.45,185.37,186.15,270268.7
2025-10-21 02:30:00+00:00,186.14,186.65,185.9,186.11,189669.05
2025-10-21 02:45:00+00:00,186.1,186.43,185.77,185.97,125393.59
2025-10-21 03:00:00+00:00,185.97,186.36,185.81,186.09,104749.21
2025-10-21 03:15:00+00:00,186.09,186.48,185.9,186.25,91429.43
2025-10-21 03:30:00+00:00,186.25,186.52,186.09,186.14,87904.22
2025-10-21 03:45:00+00:00,186.14,186.14,185.15,185.46,221478.16
2025-10-21 04:00:00+00:00,185.46,185.56,183.05,184.13,1031988.52
2025-10-21 04:15:00+00:00,184.13,184.45,183.51,184.29,303550.39
2025-10-21 04:30:00+00:00,184.3,184.31,183.35,183.6,247564.12
2025-10-21 04:45:00+00:00,183.6,184.13,183.27,183.66,243917.99
2025-10-21 05:00:00+00:00,183.66,184.15,182.65,183.81,387577.71
2025-10-21 05:15:00+00:00,183.82,184.29,183.34,184.11,264335.49
2025-10-21 05:30:00+00:00,184.12,184.13,183.37,183.64,193764.35
2025-10-21 05:45:00+00:00,183.64,184.18,183.55,183.76,135788.07
2025-10-21 06:00:00+00:00,183.76,183.76,183.05,183.56,178450.57
2025-10-21 06:15:00+00:00,183.57,184.87,183.47,184.76,345115.58
2025-10-21 06:30:00+00:00,184.76,184.93,184.09,184.13,196543.36
2025-10-21 06:45:00+00:00,184.13,184.49,183.94,184.36,138110.63
2025-10-21 07:00:00+00:00,184.35,184.46,183.57,183.64,122664.95
2025-10-21 07:15:00+00:00,183.64,184.72,183.64,184.71,119245.52
2025-10-21 07:30:00+00:00,184.72,184.95,184.58,184.61,140394.98
2025-10-21 07:45:00+00:00,184.62,185.08,184.55,184.88,133817.5
2025-10-21 08:00:00+00:00,184.87,184.88,183.89,184.02,145522.0
2025-10-21 08:15:00+00:00,184.03,184.44,183.86,184.29,80466.05
2025-10-21 08:30:00+00:00,184.29,184.3,183.66,183.9,148666.25
2025-10-21 08:45:00+00:00,183.91,184.41,183.64,184.16,140042.34
2025-10-21 09:00:00+00:00,184.16,184.37,183.64,184.28,105701.96
2025-10-21 09:15:00+00:00,184.27,184.43,183.94,184.16,77227.86
2025-10-21 09:30:00+00:00,184.16,184.3,183.86,184.15,70137.44
2025-10-21 09:45:00+00:00,184.16,184.35,184.03,184.27,52531.25
2025-10-21 10:00:00+00:00,184.27,185.05,184.09,184.96,304406.03
2025-10-21 10:15:00+00:00,184.96,185.08,184.47,184.84,120338.03
2025-10-21 10:30:00+00:00,184.85,186.14,184.79,185.42,338783.44
2025-10-21 10:45:00+00:00,185.42,186.65,185.42,185.81,355299.81
2025-10-21 11:00:00+00:00,185.8,185.84,184.91,185.31,210944.68
2025-10-21 11:15:00+00:00,185.3,185.79,185.2,185.52,91758.75
2025-10-21 11:30:00+00:00,185.51,186.13,185.18,185.93,139548.05
2025-10-21 11:45:00+00:00,185.93,186.44,185.93,186.18,84069.37
2025-10-21 12:00:00+00:00,186.17,186.49,185.8,186.12,129695.5
2025-10-21 12:15:00+00:00,186.12,187.63,186.08,186.75,346830.2
2025-10-21 12:30:00+00:00,186.74,187.66,186.23,187.46,222189.0
2025-10-21 12:45:00+00:00,187.45,187.51,186.28,186.38,231489.42
2025-10-21 13:00:00+00:00,186.38,186.88,185.14,186.11,375876.68
2025-10-21 13:15:00+00:00,186.12,186.37,185.72,186.2,185321.42
2025-10-21 13:30:00+00:00,186.19,186.73,185.33,185.73,322543.56
2025-10-21 13:45:00+00:00,185.73,185.73,183.84,185.02,645614.69
2025-10-21 14:00:00+00:00,185.03,188.47,184.89,188.42,743276.26
2025-10-21 14:15:00+00:00,188.43,189.5,187.5,187.75,736422.75
2025-10-21 14:30:00+00:00,187.75,189.14,187.6,188.92,281933.01
2025-10-21 14:45:00+00:00,188.92,192.73,188.57,192.64,1265623.94
2025-10-21 15:00:00+00:00,192.64,194.25,191.83,193.54,1356028.7
2025-10-21 15:15:00+00:00,193.54,194.87,192.91,194.12,697492.27
2025-10-21 15:30:00+00:00,194.11,196.83,193.5,196.65,848328.24
2025-10-21 15:45:00+00:00,196.66,197.13,195.31,196.18,583752.38
2025-10-21 16:00:00+00:00,196.17,197.08,195.72,196.9,504666.04
2025-10-21 16:15:00+00:00,196.9,197.69,196.7,197.03,413287.33
2025-10-21 16:30:00+00:00,197.04,197.39,195.91,196.2,492864.55
2025-10-21 16:45:00+00:00,196.2,196.79,192.01,192.57,1297413.44
2025-10-21 17:00:00+00:00,192.56,194.6,192.19,193.77,976640.97
2025-10-21 17:15:00+00:00,193.78,194.15,192.01,193.87,830887.54
2025-10-21 17:30:00+00:00,193.87,195.4,193.37,195.14,390643.25
2025-10-21 17:45:00+00:00,195.13,195.34,194.3,194.79,306629.62
2025-10-21 18:00:00+00:00,194.79,195.4,193.45,193.86,350571.04
2025-10-21 18:15:00+00:00,193.86,194.91,193.59,194.3,219260.09
2025-10-21 18:30:00+00:00,194.3,194.53,193.53,193.77,198609.1
2025-10-21 18:45:00+00:00,193.76,194.56,193.74,194.11,135833.72
2025-10-21 19:00:00+00:00,194.1,194.47,193.94,194.32,94557.37
2025-10-21 19:15:00+00:00,194.32,194.41,193.01,193.5,142874.28
2025-10-21 19:30:00+00:00,193.5,194.34,193.16,194.12,132447.8
2025-10-21 19:45:00+00:00,194.11,194.5,193.69,193.93,119704.47
2025-10-21 20:00:00+00:00,193.93,194.16,192.32,192.65,267304.11
2025-10-21 20:15:00+00:00,192.65,192.85,190.56,191.75,502131.49
2025-10-21 20:30:00+00:00,191.75,191.94,191.05,191.5,137663.38
2025-10-21 20:45:00+00:00,191.5,191.87,191.17,191.37,131987.94
2025-10-21 21:00:00+00:00,191.37,191.72,190.97,191.25,143736.6
2025-10-21 21:15:00+00:00,191.25,191.4,187.8,189.64,804676.68
2025-10-21 21:30:00+00:00,189.63,191.25,189.04,190.85,220775.9
2025-10-21 21:45:00+00:00,190.86,191.44,190.7,191.21,79599.34
2025-10-21 22:00:00+00:00,191.21,191.45,189.9,190.56,162398.66
2025-10-21 22:15:00+00:00,190.57,190.8,188.8,188.98,191583.47
2025-10-21 22:30:00+00:00,188.98,189.45,187.67,188.59,517919.33
2025-10-21 22:45:00+00:00,188.59,189.32,188.21,188.49,162718.1
2025-10-21 23:00:00+00:00,188.49,188.86,188.05,188.12,157703.28
2025-10-21 23:15:00+00:00,188.11,188.33,187.3,187.48,236362.15
2025-10-21 23:30:00+00:00,187.47,187.47,185.01,185.39,574151.58
2025-10-21 23:45:00+00:00,185.39,186.03,185.07,185.54,335641.2
2025-10-22 00:00:00+00:00,185.53,186.5,185.3,186.26,281341.05
2025-10-22 00:15:00+00:00,186.26,186.26,184.26,184.69,329659.67
2025-10-22 00:30:00+00:00,184.7,185.54,184.03,184.99,458473.13
2025-10-22 00:45:00+00:00,184.99,185.73,184.85,185.6,384710.96
2025-10-22 01:00:00+00:00,185.6,186.86,185.52,186.84,502544.62
2025-10-22 01:15:00+00:00,186.84,186.84,185.49,186.2,314923.74
2025-10-22 01:30:00+00:00,186.2,186.5,185.61,186.36,139491.85
2025-10-22 01:45:00+00:00,186.37,187.1,186.12,186.87,171760.97
2025-10-22 02:00:00+00:00,186.87,187.29,186.54,187.11,228223.26
2025-10-22 02:15:00+00:00,187.11,187.36,186.66,186.89,179375.57
2025-10-22 02:30:00+00:00,186.89,186.9,186.08,186.12,143141.57
2025-10-22 02:45:00+00:00,186.13,186.16,185.73,185.8,198678.58
2025-10-22 03:00:00+00:00,185.8,185.82,184.65,184.74,245059.93
2025-10-22 03:15:00+00:00,184.74,185.78,184.62,185.55,180600.31
2025-10-22 03:30:00+00:00,185.56,185.88,184.39,184.65,263421.93
2025-10-22 03:45:00+00:00,184.65,185.4,184.57,185.15,123827.19
2025-10-22 04:00:00+00:00,185.14,186.17,184.94,185.4,193081.94
2025-10-22 04:15:00+00:00,185.41,185.77,185.24,185.44,117034.08
2025-10-22 04:30:00+00:00,185.45,186.21,185.31,185.88,130713.34
2025-10-22 04:45:00+00:00,185.88,185.9,185.43,185.77,88964.87
2025-10-22 05:00:00+00:00,185.77,185.86,185.03,185.11,123170.33
2025-10-22 05:15:00+00:00,185.11,185.38,183.13,183.89,688738.99
2025-10-22 05:30:00+00:00,183.88,184.28,183.56,184.2,194889.96
2025-10-22 05:45:00+00:00,184.2,184.59,184.0,184.46,135634.79
2025-10-22 06:00:00+00:00,184.47,184.47,183.78,184.26,125870.41
2025-10-22 06:15:00+00:00,184.27,184.61,183.93,184.03,136878.16
2025-10-22 06:30:00+00:00,184.04,184.81,184.0,184.61,132487.38
2025-10-22 06:45:00+00:00,184.61,184.71,183.91,183.96,127494.87
2025-10-22 07:00:00+00:00,183.97,184.07,183.29,183.32,259667.2
2025-10-22 07:15:00+00:00,183.32,184.37,183.31,184.07,172268.29
2025-10-22 07:30:00+00:00,184.08,184.89,183.97,184.52,125282.82
2025-10-22 07:45:00+00:00,184.52,185.05,184.41,184.9,122392.63
2025-10-22 08:00:00+00:00,184.89,184.92,184.15,184.18,113304.51
2025-10-22 08:15:00+00:00,184.17,184.82,184.11,184.58,98817.1
2025-10-22 08:30:00+00:00,184.58,184.91,184.21,184.83,78061.65
2025-10-22 08:45:00+00:00,184.82,185.1,184.5,184.58,89231.91
2025-10-22 09:00:00+00:00,184.58,184.8,183.83,183.91,122096.66
2025-10-22 09:15:00+00:00,183.9,184.34,183.5,184.29,173310.42
2025-10-22 09:30:00+00:00,184.3,184.49,183.43,183.47,142006.47
2025-10-22 09:45:00+00:00,183.48,184.11,183.24,183.91,171825.17
2025-10-22 10:00:00+00:00,183.92,184.4,183.57,184.11,133046.63
2025-10-22 10:15:00+00:00,184.11,184.33,183.66,183.87,130729.99
2025-10-22 10:30:00+00:00,183.88,184.03,183.23,183.34,125751.36
2025-10-22 10:45:00+00:00,183.33,183.74,183.08,183.46,154703.9
2025-10-22 11:00:00+00:00,183.45,185.17,181.44,184.85,1118070.74
2025-10-22 11:15:00+00:00,184.85,185.87,184.41,184.72,573980.47
2025-10-22 11:30:00+00:00,184.71,185.72,184.71,185.11,287544.91
2025-10-22 11:45:00+00:00,185.11,185.45,184.51,184.95,236200.24
2025-10-22 12:00:00+00:00,184.95,185.24,184.34,185.04,207919.2
2025-10-22 12:15:00+00:00,185.04,186.48,185.04,186.0,334863.31
2025-10-22 12:30:00+00:00,186.0,186.8,185.89,186.17,194022.24
2025-10-22 12:45:00+00:00,186.16,186.19,185.41,185.69,218961.4
2025-10-22 13:00:00+00:00,185.7,186.39,185.0,186.05,305974.33
2025-10-22 13:15:00+00:00,186.04,186.05,185.49,185.65,150284.73
2025-10-22 13:30:00+00:00,185.64,186.07,184.03,185.3,667480.16
2025-10-22 13:45:00+00:00,185.3,186.92,184.32,186.48,520318.19
2025-10-22 14:00:00+00:00,186.47,186.55,184.46,184.9,457803.17
2025-10-22 14:15:00+00:00,184.91,185.23,182.16,182.44,1041292.95
2025-10-22 14:30:00+00:00,182.45,183.93,181.13,182.61,1049563.76
2025-10-22 14:45:00+00:00,182.62,185.43,181.95,185.39,607053.39
2025-10-22 15:00:00+00:00,185.4,185.96,183.61,183.73,670106.75
2025-10-22 15:15:00+00:00,183.73,183.78,182.23,182.8,401017.68
2025-10-22 15:30:00+00:00,182.8,184.3,182.43,184.29,415785.96
2025-10-22 15:45:00+00:00,184.28,184.96,183.54,183.91,278853.17
2025-10-22 16:00:00+00:00,183.91,184.62,183.23,183.56,234323.65
2025-10-22 16:15:00+00:00,183.56,184.2,182.65,183.97,225129.59
2025-10-22 16:30:00+00:00,183.97,184.93,182.46,184.17,690779.65
2025-10-22 16:45:00+00:00,184.17,184.88,183.39,183.57,228231.55
2025-10-22 17:00:00+00:00,183.57,184.16,183.35,183.73,135281.36
2025-10-22 17:15:00+00:00,183.74,183.77,182.79,183.04,166778.85
2025-10-22 17:30:00+00:00,183.04,183.67,181.92,182.17,244247.82
2025-10-22 17:45:00+00:00,182.16,182.57,181.24,181.59,282586.45
2025-10-22 18:00:00+00:00,181.59,182.25,180.0,180.87,413062.31
2025-10-22 18:15:00+00:00,180.88,181.3,180.1,181.03,455519.05
2025-10-22 18:30:00+00:00,181.03,181.43,180.31,180.45,245382.7
2025-10-22 18:45:00+00:00,180.44,181.0,180.3,180.81,342704.26
2025-10-22 19:00:00+00:00,180.81,182.48,180.72,181.72,362070.8
2025-10-22 19:15:00+00:00,181.71,181.99,181.19,181.26,202990.82
2025-10-22 19:30:00+00:00,181.27,181.47,180.3,180.49,218479.2
2025-10-22 19:45:00+00:00,180.49,181.23,177.0,180.1,1312317.15
2025-10-22 20:00:00+00:00,180.09,180.63,179.62,180.07,447685.04
2025-10-22 20:15:00+00:00,180.07,180.09,179.04,179.39,210124.56
2025-10-22 20:30:00+00:00,179.39,180.69,179.12,180.49,201584.11
2025-10-22 20:45:00+00:00,180.48,180.49,179.59,180.07,191742.2
2025-10-22 21:00:00+00:00,180.06,180.18,176.85,178.85,865876.69
2025-10-22 21:15:00+00:00,178.86,179.66,177.66,177.68,336611.33
2025-10-22 21:30:00+00:00,177.67,178.62,177.25,177.81,289561.79
2025-10-22 21:45:00+00:00,177.8,178.85,177.65,178.31,137371.86
2025-10-22 22:00:00+00:00,178.31,179.49,178.16,178.89,223728.89
2025-10-22 22:15:00+00:00,178.88,178.99,177.68,177.8,189155.67
2025-10-22 22:30:00+00:00,177.79,179.04,177.77,178.88,161956.52
2025-10-22 22:45:00+00:00,178.88,179.13,178.18,178.74,125498.51
2025-10-22 23:00:00+00:00,178.74,179.84,178.64,179.57,217074.24
2025-10-22 23:15:00+00:00,179.56,180.3,179.39,179.47,214528.13
2025-10-22 23:30:00+00:00,179.48,180.4,179.47,179.65,163888.36
2025-10-22 23:45:00+00:00,179.64,180.23,179.62,180.01,93411.45
2025-10-23 00:00:00+00:00,180.0,180.29,179.7,180.2,152002.11
2025-10-23 00:15:00+00:00,180.19,180.49,179.54,179.79,152900.98
2025-10-23 00:30:00+00:00,179.8,180.8,179.7,180.42,184830.42
2025-10-23 00:45:00+00:00,180.42,181.02,180.38,180.9,114339.89
2025-10-23 01:00:00+00:00,180.89,181.84,180.66,181.67,222471.99
2025-10-23 01:15:00+00:00,181.66,181.95,180.51,180.8,261786.74
2025-10-23 01:30:00+00:00,180.8,181.84,180.68,181.81,180096.4
2025-10-23 01:45:00+00:00,181.8,181.9,181.5,181.69,93199.98
2025-10-23 02:00:00+00:00,181.7,181.74,181.31,181.63,79285.39
2025-10-23 02:15:00+00:00,181.64,182.09,181.63,181.92,101642.74
2025-10-23 02:30:00+00:00,181.92,182.39,181.83,181.99,109499.79
2025-10-23 02:45:00+00:00,181.99,182.26,181.7,182.18,140920.66
2025-10-23 03:00:00+00:00,182.18,182.56,182.02,182.44,151827.44
2025-10-23 03:15:00+00:00,182.45,183.18,182.44,183.11,209857.88
2025-10-23 03:30:00+00:00,183.12,183.29,182.58,182.58,126245.23
2025-10-23 03:45:00+00:00,182.58,182.9,182.33,182.76,81738.95
2025-10-23 04:00:00+00:00,182.77,183.0,182.57,182.68,79256.35
2025-10-23 04:15:00+00:00,182.68,183.89,182.66,183.52,189439.98
2025-10-23 04:30:00+00:00,183.53,184.2,183.27,184.06,130921.27
2025-10-23 04:45:00+00:00,184.06,184.12,183.74,183.92,89374.19
2025-10-23 05:00:00+00:00,183.93,184.53,183.87,184.46,147319.94
2025-10-23 05:15:00+00:00,184.47,184.47,183.92,184.0,81757.34
2025-10-23 05:30:00+00:00,184.0,184.23,183.79,183.8,68022.04
2025-10-23 05:45:00+00:00,183.8,184.74,183.71,184.72,132308.94
2025-10-23 06:00:00+00:00,184.72,185.46,184.43,185.26,192426.98
2025-10-23 06:15:00+00:00,185.26,187.0,185.23,186.17,543544.09
2025-10-23 06:30:00+00:00,186.17,186.46,185.86,186.26,204816.48
2025-10-23 06:45:00+00:00,186.26,187.5,186.2,187.34,307228.88
2025-10-23 07:00:00+00:00,187.33,187.62,186.51,186.55,272008.34
2025-10-23 07:15:00+00:00,186.55,187.19,186.1,187.07,240280.76
2025-10-23 07:30:00+00:00,187.07,187.94,186.75,187.18,426696.11
2025-10-23 07:45:00+00:00,187.18,187.76,187.03,187.4,212345.86
2025-10-23 08:00:00+00:00,187.41,188.45,187.41,188.04,325698.54
2025-10-23 08:15:00+00:00,188.03,188.65,187.76,187.92,223847.46
2025-10-23 08:30:00+00:00,187.91,188.03,187.52,187.84,145768.14
2025-10-23 08:45:00+00:00,187.83,188.33,187.52,187.91,195366.44
2025-10-23 09:00:00+00:00,187.92,188.24,187.38,187.48,226638.97
2025-10-23 09:15:00+00:00,187.49,188.85,187.48,188.5,239023.55
2025-10-23 09:30:00+00:00,188.5,188.54,187.74,188.09,94692.03
2025-10-23 09:45:00+00:00,188.1,188.57,187.96,188.33,125434.39
2025-10-23 10:00:00+00:00,188.34,188.75,188.18,188.37,136540.72
2025-10-23 10:15:00+00:00,188.36,189.3,188.35,188.98,343656.79
2025-10-23 10:30:00+00:00,188.97,189.03,188.46,188.65,154952.48
2025-10-23 10:45:00+00:00,188.65,188.76,188.17,188.21,188469.95
2025-10-23 11:00:00+00:00,188.2,189.17,188.03,188.64,304186.21
2025-10-23 11:15:00+00:00,188.64,189.47,188.32,188.96,234522.49
2025-10-23 11:30:00+00:00,188.97,189.1,187.87,188.12,326760.42
2025-10-23 11:45:00+00:00,188.12,188.13,187.45,187.92,339889.15
2025-10-23 12:00:00+00:00,187.93,188.04,186.5,187.4,612188.59
2025-10-23 12:15:00+00:00,187.39,189.3,187.17,188.9,498164.89
2025-10-23 12:30:00+00:00,188.91,188.99,187.98,188.64,317360.55
2025-10-23 12:45:00+00:00,188.65,189.34,188.35,189.26,223997.24
2025-10-23 13:00:00+00:00,189.27,189.77,188.33,189.6,319606.94
2025-10-23 13:15:00+00:00,189.61,190.43,189.01,190.32,460574.08
2025-10-23 13:30:00+00:00,190.33,192.52,190.0,190.88,1093570.08
2025-10-23 13:45:00+00:00,190.88,191.35,189.86,190.31,354389.01
2025-10-23 14:00:00+00:00,190.32,190.45,188.37,188.51,523732.17
2025-10-23 14:15:00+00:00,188.5,189.6,188.0,189.25,540973.62
2025-10-23 14:30:00+00:00,189.26,191.25,189.12,189.94,398194.37
2025-10-23 14:45:00+00:00,189.93,190.29,189.21,189.69,294305.65
2025-10-23 15:00:00+00:00,189.7,191.58,189.35,190.79,409771.38
2025-10-23 15:15:00+00:00,190.79,191.12,189.94,190.7,292339.06
2025-10-23 15:30:00+00:00,190.71,191.8,190.7,191.08,420957.11
2025-10-23 15:45:00+00:00,191.07,191.79,190.87,190.98,233070.28
2025-10-23 16:00:00+00:00,190.98,191.46,190.34,190.83,225836.01
2025-10-23 16:15:00+00:00,190.83,191.36,190.53,191.0,187063.36
2025-10-23 16:30:00+00:00,191.0,191.49,190.8,191.2,149422.19
2025-10-23 16:45:00+00:00,191.2,192.38,191.13,191.87,346936.83
2025-10-23 17:00:00+00:00,191.87,191.92,190.41,190.45,512451.81
2025-10-23 17:15:00+00:00,190.46,191.29,189.99,191.08,305009.11
2025-10-23 17:30:00+00:00,191.09,193.44,191.08,192.75,602283.4
2025-10-23 17:45:00+00:00,192.75,193.4,192.28,192.4,276238.96
2025-10-23 18:00:00+00:00,192.41,192.8,191.38,191.5,294294.46
2025-10-23 18:15:00+00:00,191.49,191.96,191.34,191.47,185564.03
2025-10-23 18:30:00+00:00,191.48,191.89,191.21,191.38,136626.17
2025-10-23 18:45:00+00:00,191.39,191.62,190.76,191.45,152831.75
2025-10-23 19:00:00+00:00,191.45,191.49,190.5,191.22,212024.17
2025-10-23 19:15:00+00:00,191.23,191.79,190.67,191.7,118969.34
2025-10-23 19:30:00+00:00,191.71,191.72,191.08,191.1,102785.7
2025-10-23 19:45:00+00:00,191.09,191.71,191.02,191.02,129202.48
2025-10-23 20:00:00+00:00,191.02,191.21,189.5,189.87,381538.91
2025-10-23 20:15:00+00:00,189.87,190.41,189.83,190.16,168081.97
2025-10-23 20:30:00+00:00,190.16,190.42,189.78,189.92,82476.26
2025-10-23 20:45:00+00:00,189.91,189.95,188.2,188.75,391136.6
2025-10-23 21:00:00+00:00,188.75,189.41,188.44,189.16,207751.85
2025-10-23 21:15:00+00:00,189.16,189.34,188.62,189.21,113240.86
2025-10-23 21:30:00+00:00,189.22,189.29,188.62,188.71,87708.64
2025-10-23 21:45:00+00:00,188.7,189.17,188.61,188.71,58973.29
2025-10-23 22:00:00+00:00,188.71,189.69,188.6,189.24,163485.11
2025-10-23 22:15:00+00:00,189.24,189.48,188.86,189.45,98185.71
2025-10-23 22:30:00+00:00,189.45,190.25,189.43,190.03,204332.62
2025-10-23 22:45:00+00:00,190.03,190.54,189.82,190.32,96079.72
2025-10-23 23:00:00+00:00,190.33,190.68,190.31,190.67,102990.39
2025-10-23 23:15:00+00:00,190.68,191.36,190.36,191.03,151958.35
2025-10-23 23:30:00+00:00,191.03,191.26,190.62,190.97,97253.28
2025-10-23 23:45:00+00:00,190.98,191.44,190.9,191.27,116222.24
2025-10-24 00:00:00+00:00,191.27,192.19,190.87,192.11,334992.71
2025-10-24 00:15:00+00:00,192.11,192.28,191.43,191.62,189547.37
2025-10-24 00:30:00+00:00,191.62,192.6,191.56,192.28,234436.75
2025-10-24 00:45:00+00:00,192.29,194.0,192.24,192.45,457307.7
2025-10-24 01:00:00+00:00,192.46,192.96,192.27,192.53,197088.7
2025-10-24 01:15:00+00:00,192.53,192.95,192.11,192.24,137329.73
2025-10-24 01:30:00+00:00,192.24,193.08,192.05,192.91,118551.01
2025-10-24 01:45:00+00:00,192.9,193.34,192.7,192.88,124512.55
2025-10-24 02:00:00+00:00,192.88,192.91,192.12,192.25,120496.31
2025-10-24 02:15:00+00:00,192.24,192.49,191.33,191.56,212158.31
2025-10-24 02:30:00+00:00,191.56,192.9,191.55,192.74,164045.71
2025-10-24 02:45:00+00:00,192.73,193.04,192.09,192.14,142432.75
2025-10-24 03:00:00+00:00,192.14,192.31,191.71,191.85,96853.73
2025-10-24 03:15:00+00:00,191.84,191.97,191.37,191.48,98934.89
2025-10-24 03:30:00+00:00,191.48,191.6,190.82,191.19,147714.0
2025-10-24 03:45:00+00:00,191.18,191.36,190.75,191.24,174862.51
2025-10-24 04:00:00+00:00,191.24,191.66,190.69,191.62,142006.47
2025-10-24 04:15:00+00:00,191.62,193.02,191.36,192.74,251950.85
2025-10-24 04:30:00+00:00,192.74,194.59,192.64,193.79,529127.48
2025-10-24 04:45:00+00:00,193.79,194.21,193.32,193.45,193871.23
2025-10-24 05:00:00+00:00,193.45,193.86,192.87,193.37,225818.18
2025-10-24 05:15:00+00:00,193.36,193.82,193.1,193.37,148560.9
2025-10-24 05:30:00+00:00,193.36,193.65,193.01,193.18,126309.18
2025-10-24 05:45:00+00:00,193.18,193.58,192.98,193.22,108304.33
2025-10-24 06:00:00+00:00,193.22,193.64,192.49,192.85,223624.73
2025-10-24 06:15:00+00:00,192.85,193.22,192.55,193.14,122436.16
2025-10-24 06:30:00+00:00,193.13,193.4,192.96,193.08,111003.72
2025-10-24 06:45:00+00:00,193.08,193.41,192.9,193.22,80502.06
2025-10-24 07:00:00+00:00,193.22,193.35,192.55,192.55,132025.52
2025-10-24 07:15:00+00:00,192.55,193.09,192.22,193.07,171422.17
2025-10-24 07:30:00+00:00,193.07,193.13,192.23,192.26,124788.0
2025-10-24 07:45:00+00:00,192.25,192.29,191.24,192.1,267920.23
2025-10-24 08:00:00+00:00,192.09,192.66,191.66,192.38,147583.4
2025-10-24 08:15:00+00:00,192.39,192.53,191.99,192.34,103606.59
2025-10-24 08:30:00+00:00,192.34,193.29,192.25,193.29,141480.02
2025-10-24 08:45:00+00:00,193.28,193.39,192.83,192.88,126778.36
2025-10-24 09:00:00+00:00,192.88,193.31,192.72,193.19,140384.81
2025-10-24 09:15:00+00:00,193.19,193.26,192.78,192.85,68866.44
2025-10-24 09:30:00+00:00,192.86,192.9,192.33,192.61,112534.6
2025-10-24 09:45:00+00:00,192.6,192.7,191.75,192.03,137926.85
2025-10-24 10:00:00+00:00,192.03,192.04,191.5,191.86,196677.12
2025-10-24 10:15:00+00:00,191.87,191.88,191.31,191.47,109094.48
2025-10-24 10:30:00+00:00,191.47,192.1,191.47,191.73,97246.43
2025-10-24 10:45:00+00:00,191.74,191.93,191.55,191.69,58492.85
2025-10-24 11:00:00+00:00,191.7,192.0,191.46,191.71,72964.42
2025-10-24 11:15:00+00:00,191.7,191.73,191.12,191.58,119844.12
2025-10-24 11:30:00+00:00,191.58,191.6,190.5,191.5,207568.62
2025-10-24 11:45:00+00:00,191.49,192.14,191.22,192.02,197050.05
2025-10-24 12:00:00+00:00,192.03,192.98,192.03,192.78,225475.68
2025-10-24 12:15:00+00:00,192.78,192.98,192.35,192.91,170903.36
2025-10-24 12:30:00+00:00,192.91,196.8,192.24,193.95,1742913.46
2025-10-24 12:45:00+00:00,193.96,194.1,192.95,193.57,415373.39
2025-10-24 13:00:00+00:00,193.58,194.23,193.31,193.64,267994.12
2025-10-24 13:15:00+00:00,193.63,193.94,193.22,193.24,157709.95
2025-10-24 13:30:00+00:00,193.24,193.33,191.52,191.63,532859.48
2025-10-24 13:45:00+00:00,191.62,192.42,190.76,192.37,643402.14
2025-10-24 14:00:00+00:00,192.37,192.37,191.04,191.68,262703.48
2025-10-24 14:15:00+00:00,191.69,191.79,189.42,190.26,684228.64
2025-10-24 14:30:00+00:00,190.26,190.8,189.75,190.75,340634.8
2025-10-24 14:45:00+00:00,190.75,190.84,189.82,190.08,313630.43
2025-10-24 15:00:00+00:00,190.08,190.81,189.71,190.27,405381.35
2025-10-24 15:15:00+00:00,190.27,190.66,189.52,189.7,568113.83
2025-10-24 15:30:00+00:00,189.7,189.74,188.9,189.34,320156.59
2025-10-24 15:45:00+00:00,189.34,189.61,188.67,189.3,247890.14
2025-10-24 16:00:00+00:00,189.31,189.75,188.66,189.73,195059.34
2025-10-24 16:15:00+00:00,189.72,190.21,189.55,190.01,200371.41
2025-10-24 16:30:00+00:00,190.0,190.05,189.41,189.66,87154.43
2025-10-24 16:45:00+00:00,189.66,190.62,189.61,190.56,215902.87
2025-10-24 17:00:00+00:00,190.57,191.4,190.3,190.67,251730.74
2025-10-24 17:15:00+00:00,190.66,191.65,190.62,191.5,139423.77
2025-10-24 17:30:00+00:00,191.5,191.6,191.09,191.15,97930.07
2025-10-24 17:45:00+00:00,191.15,191.41,190.76,191.05,115707.4
2025-10-24 18:00:00+00:00,191.05,191.6,190.89,191.29,119418.38
2025-10-24 18:15:00+00:00,191.29,191.86,191.01,191.24,155109.18
2025-10-24 18:30:00+00:00,191.23,191.51,191.0,191.34,131216.55
2025-10-24 18:45:00+00:00,191.35,191.77,191.26,191.7,120719.45
2025-10-24 19:00:00+00:00,191.71,192.73,191.69,192.47,238707.13
2025-10-24 19:15:00+00:00,192.47,193.07,192.43,193.05,150247.56
2025-10-24 19:30:00+00:00,193.05,193.54,193.0,193.39,220736.09
2025-10-24 19:45:00+00:00,193.39,193.4,192.74,192.99,159892.52
2025-10-24 20:00:00+00:00,193.0,193.77,192.71,193.46,136897.19
2025-10-24 20:15:00+00:00,193.45,193.88,193.45,193.59,60677.24
2025-10-24 20:30:00+00:00,193.6,194.11,193.33,193.5,138981.3
2025-10-24 20:45:00+00:00,193.49,193.86,193.11,193.53,109600.15
2025-10-24 21:00:00+00:00,193.52,193.94,193.19,193.39,130078.13
2025-10-24 21:15:00+00:00,193.38,193.79,193.19,193.37,70065.14
2025-10-24 21:30:00+00:00,193.37,193.62,193.19,193.4,39256.44
2025-10-24 21:45:00+00:00,193.41,193.87,193.23,193.7,64138.2
2025-10-24 22:00:00+00:00,193.69,193.77,193.1,193.22,84905.66
2025-10-24 22:15:00+00:00,193.22,193.94,193.2,193.82,78116.81
2025-10-24 22:30:00+00:00,193.83,194.11,193.52,193.57,66021.04
2025-10-24 22:45:00+00:00,193.57,193.77,193.38,193.72,48086.41
2025-10-24 23:00:00+00:00,193.71,193.72,193.17,193.2,66710.45
2025-10-24 23:15:00+00:00,193.19,193.42,193.01,193.37,60164.13
2025-10-24 23:30:00+00:00,193.36,193.62,193.2,193.22,51487.09
2025-10-24 23:45:00+00:00,193.22,193.56,193.19,193.5,31672.63
2025-10-25 00:00:00+00:00,193.49,193.56,192.78,192.88,127648.85
2025-10-25 00:15:00+00:00,192.88,192.94,192.45,192.69,145817.72
2025-10-25 00:30:00+00:00,192.69,192.89,192.35,192.77,102922.44
2025-10-25 00:45:00+00:00,192.78,193.41,192.49,192.91,119750.44
2025-10-25 01:00:00+00:00,192.91,193.44,192.78,193.33,71542.85
2025-10-25 01:15:00+00:00,193.33,194.49,193.22,193.81,202963.6
2025-10-25 01:30:00+00:00,193.81,194.43,193.5,193.54,102988.78
2025-10-25 01:45:00+00:00,193.54,193.8,193.44,193.68,32450.53
2025-10-25 02:00:00+00:00,193.68,193.8,193.37,193.43,42359.67
2025-10-25 02:15:00+00:00,193.44,193.76,193.37,193.68,58024.52
2025-10-25 02:30:00+00:00,193.67,193.7,193.26,193.41,54822.75
2025-10-25 02:45:00+00:00,193.4,194.12,193.35,193.79,83925.54
2025-10-25 03:00:00+00:00,193.79,193.88,193.22,193.45,96129.32
2025-10-25 03:15:00+00:00,193.45,193.96,193.42,193.59,63992.59
2025-10-25 03:30:00+00:00,193.58,193.7,193.4,193.66,33878.76
2025-10-25 03:45:00+00:00,193.66,193.67,193.3,193.4,34678.48
2025-10-25 04:00:00+00:00,193.39,193.8,193.35,193.76,69792.41
2025-10-25 04:15:00+00:00,193.76,194.2,193.68,193.82,103009.95
2025-10-25 04:30:00+00:00,193.82,193.93,193.43,193.57,60506.89
2025-10-25 04:45:00+00:00,193.57,194.43,193.51,194.14,125822.28
2025-10-25 05:00:00+00:00,194.14,194.25,193.41,193.75,104924.09
2025-10-25 05:15:00+00:00,193.75,194.11,193.65,194.0,54471.47
2025-10-25 05:30:00+00:00,194.0,194.26,193.81,194.21,51156.97
2025-10-25 05:45:00+00:00,194.21,194.7,194.08,194.41,123472.3
2025-10-25 06:00:00+00:00,194.42,194.68,194.12,194.3,82666.05
2025-10-25 06:15:00+00:00,194.29,194.5,194.16,194.49,64598.38
2025-10-25 06:30:00+00:00,194.48,194.52,194.04,194.09,66801.6
2025-10-25 06:45:00+00:00,194.08,194.4,193.91,193.99,58746.34
2025-10-25 07:00:00+00:00,193.99,194.17,193.89,194.08,48914.95
2025-10-25 07:15:00+00:00,194.09,194.62,194.08,194.46,70945.08
2025-10-25 07:30:00+00:00,194.45,194.86,193.7,193.94,126827.85
2025-10-25 07:45:00+00:00,193.93,193.98,193.7,193.87,54758.8
2025-10-25 08:00:00+00:00,193.87,194.25,193.8,194.14,61672.22
2025-10-25 08:15:00+00:00,194.13,195.17,194.1,195.05,220173.43
2025-10-25 08:30:00+00:00,195.05,195.18,194.39,194.5,123118.26
2025-10-25 08:45:00+00:00,194.5,194.86,194.44,194.77,74940.68
2025-10-25 09:00:00+00:00,194.77,194.81,194.38,194.49,76940.59
2025-10-25 09:15:00+00:00,194.48,194.48,193.45,193.69,204772.48
2025-10-25 09:30:00+00:00,193.69,193.7,193.25,193.54,103394.84
2025-10-25 09:45:00+00:00,193.54,193.54,192.2,192.52,353285.57
2025-10-25 10:00:00+00:00,192.52,192.7,191.0,191.63,355394.63
2025-10-25 10:15:00+00:00,191.63,192.04,191.6,191.64,137539.79
2025-10-25 10:30:00+00:00,191.64,192.17,191.59,191.84,132573.59
2025-10-25 10:45:00+00:00,191.84,192.05,191.69,191.9,83283.21
2025-10-25 11:00:00+00:00,191.9,192.0,191.61,191.9,61768.9
2025-10-25 11:15:00+00:00,191.9,192.59,191.88,192.54,157851.2
2025-10-25 11:30:00+00:00,192.53,192.68,192.23,192.42,96725.06
2025-10-25 11:45:00+00:00,192.43,192.83,192.35,192.63,67615.53
2025-10-25 12:00:00+00:00,192.62,193.3,192.49,193.24,124282.53
2025-10-25 12:15:00+00:00,193.24,193.6,193.18,193.31,125284.95
2025-10-25 12:30:00+00:00,193.31,193.86,193.03,193.83,92184.31
2025-10-25 12:45:00+00:00,193.83,194.16,193.58,193.82,121141.21
2025-10-25 13:00:00+00:00,193.83,193.86,193.03,193.18,139128.7
2025-10-25 13:15:00+00:00,193.18,193.4,192.63,192.93,110680.89
2025-10-25 13:30:00+00:00,192.92,193.06,192.51,192.66,74513.77
2025-10-25 13:45:00+00:00,192.66,192.85,192.36,192.8,96505.59
2025-10-25 14:00:00+00:00,192.8,192.82,191.94,192.19,133864.95
2025-10-25 14:15:00+00:00,192.19,192.69,192.15,192.49,119295.14
2025-10-25 14:30:00+00:00,192.49,192.8,192.16,192.63,60395.41
2025-10-25 14:45:00+00:00,192.64,192.64,192.37,192.51,36141.59
2025-10-25 15:00:00+00:00,192.51,192.52,191.75,191.87,111614.45
2025-10-25 15:15:00+00:00,191.88,192.29,191.82,192.2,76743.94
2025-10-25 15:30:00+00:00,192.19,192.52,191.87,192.2,89548.08
2025-10-25 15:45:00+00:00,192.2,192.23,191.7,191.8,99052.85
2025-10-25 16:00:00+00:00,191.79,191.9,191.5,191.61,133120.62
2025-10-25 16:15:00+00:00,191.61,191.86,191.33,191.42,90116.08
2025-10-25 16:30:00+00:00,191.43,191.69,191.39,191.57,59856.69
2025-10-25 16:45:00+00:00,191.58,192.02,191.41,191.82,76125.11
2025-10-25 17:00:00+00:00,191.83,192.33,191.73,192.28,76193.74
2025-10-25 17:15:00+00:00,192.29,192.29,192.0,192.02,34537.59
2025-10-25 17:30:00+00:00,192.03,192.32,192.02,192.31,26371.89
2025-10-25 17:45:00+00:00,192.31,192.42,192.15,192.27,34126.22
2025-10-25 18:00:00+00:00,192.27,193.27,192.2,193.19,125726.57
2025-10-25 18:15:00+00:00,193.2,193.94,192.71,193.87,255518.44
2025-10-25 18:30:00+00:00,193.87,194.19,193.65,193.93,190195.14
2025-10-25 18:45:00+00:00,193.93,194.31,193.74,194.15,92816.49
2025-10-25 19:00:00+00:00,194.16,194.18,193.81,194.01,59145.7
2025-10-25 19:15:00+00:00,194.01,194.5,194.01,194.24,116793.79
2025-10-25 19:30:00+00:00,194.24,194.54,194.21,194.32,56608.46
2025-10-25 19:45:00+00:00,194.32,194.56,194.3,194.42,70046.46
2025-10-25 20:00:00+00:00,194.43,194.52,194.25,194.26,62668.96
2025-10-25 20:15:00+00:00,194.26,194.54,194.2,194.37,66705.83
2025-10-25 20:30:00+00:00,194.37,194.38,193.65,194.07,151188.8
2025-10-25 20:45:00+00:00,194.08,194.85,194.01,194.05,145605.19
2025-10-25 21:00:00+00:00,194.06,194.64,194.0,194.53,74059.01
2025-10-25 21:15:00+00:00,194.53,194.7,194.23,194.32,61601.0
2025-10-25 21:30:00+00:00,194.33,194.39,193.81,193.81,58104.33
2025-10-25 21:45:00+00:00,193.81,194.3,193.73,194.29,47446.25
2025-10-25 22:00:00+00:00,194.29,194.31,193.88,193.99,80758.7
2025-10-25 22:15:00+00:00,194.0,194.28,193.83,194.03,62700.24
2025-10-25 22:30:00+00:00,194.04,194.34,194.02,194.25,41168.32
2025-10-25 22:45:00+00:00,194.25,194.65,194.16,194.4,39743.58
2025-10-25 23:00:00+00:00,194.4,194.66,194.18,194.59,50218.76
2025-10-25 23:15:00+00:00,194.59,194.64,194.02,194.16,77328.82
2025-10-25 23:30:00+00:00,194.16,194.17,193.89,193.92,39217.03
2025-10-25 23:45:00+00:00,193.92,194.09,193.7,193.72,97342.37
2025-10-26 00:00:00+00:00,193.71,193.79,193.01,193.4,180114.73
2025-10-26 00:15:00+00:00,193.41,194.0,193.41,193.97,80958.9
2025-10-26 00:30:00+00:00,193.96,194.28,193.88,194.09,81050.27
2025-10-26 00:45:00+00:00,194.08,194.25,193.15,193.22,124155.53
2025-10-26 01:00:00+00:00,193.21,193.59,193.07,193.49,68535.82
2025-10-26 01:15:00+00:00,193.5,193.67,193.26,193.33,34781.29
2025-10-26 01:30:00+00:00,193.34,193.58,193.23,193.44,26904.61
2025-10-26 01:45:00+00:00,193.44,193.59,192.12,192.74,160431.56
2025-10-26 02:00:00+00:00,192.75,192.89,192.36,192.67,76253.21
2025-10-26 02:15:00+00:00,192.68,193.0,192.51,192.91,59565.14
2025-10-26 02:30:00+00:00,192.92,193.05,192.44,192.48,76219.51
2025-10-26 02:45:00+00:00,192.47,192.56,191.75,192.16,137696.53
2025-10-26 03:00:00+00:00,192.16,192.29,191.93,192.2,61970.19
2025-10-26 03:15:00+00:00,192.19,192.93,192.12,192.92,97081.06
2025-10-26 03:30:00+00:00,192.91,192.99,192.57,192.63,48586.18
2025-10-26 03:45:00+00:00,192.63,192.93,192.52,192.88,37909.13
2025-10-26 04:00:00+00:00,192.88,193.32,192.74,193.27,55735.03
2025-10-26 04:15:00+00:00,193.26,193.43,193.11,193.16,72325.36
2025-10-26 04:30:00+00:00,193.15,193.26,193.01,193.11,25796.0
2025-10-26 04:45:00+00:00,193.12,193.27,192.72,192.81,65218.55
2025-10-26 05:00:00+00:00,192.8,193.1,192.63,193.02,61209.78
2025-10-26 05:15:00+00:00,193.03,193.3,192.92,193.25,25895.43
2025-10-26 05:30:00+00:00,193.24,193.59,193.11,193.52,55518.69
2025-10-26 05:45:00+00:00,193.51,193.69,193.5,193.52,33930.21
2025-10-26 06:00:00+00:00,193.52,193.68,193.4,193.6,59247.66
2025-10-26 06:15:00+00:00,193.6,193.97,193.39,193.97,62357.53
2025-10-26 06:30:00+00:00,193.96,194.0,193.75,193.86,52772.39
2025-10-26 06:45:00+00:00,193.85,194.1,193.72,193.96,70399.92
2025-10-26 07:00:00+00:00,193.96,194.21,193.89,194.1,77661.97
2025-10-26 07:15:00+00:00,194.1,194.18,193.76,193.79,50334.74
2025-10-26 07:30:00+00:00,193.79,194.23,193.74,194.12,52328.69
2025-10-26 07:45:00+00:00,194.11,194.22,193.77,193.79,81430.13
2025-10-26 08:00:00+00:00,193.8,193.98,193.61,193.87,73706.53
2025-10-26 08:15:00+00:00,193.87,193.97,193.6,193.96,42806.83
2025-10-26 08:30:00+00:00,193.96,194.1,193.78,194.02,44688.76
2025-10-26 08:45:00+00:00,194.01,194.33,193.96,194.23,61495.4
2025-10-26 09:00:00+00:00,194.22,194.28,193.83,193.87,50965.2
2025-10-26 09:15:00+00:00,193.87,196.1,193.87,196.03,469855.7
2025-10-26 09:30:00+00:00,196.04,196.39,195.26,195.78,449355.27
2025-10-26 09:45:00+00:00,195.79,196.0,195.29,195.88,197590.94
2025-10-26 10:00:00+00:00,195.88,196.08,195.19,195.59,176853.85
2025-10-26 10:15:00+00:00,195.58,195.64,195.16,195.33,88679.35
2025-10-26 10:30:00+00:00,195.33,195.33,194.54,194.86,194635.83
2025-10-26 10:45:00+00:00,194.86,195.06,194.67,194.74,113763.6
2025-10-26 11:00:00+00:00,194.74,195.06,194.22,194.69,179595.78
2025-10-26 11:15:00+00:00,194.69,195.94,194.69,195.89,225935.66
2025-10-26 11:30:00+00:00,195.88,197.38,195.88,197.08,426803.63
2025-10-26 11:45:00+00:00,197.08,197.84,196.71,197.69,603629.04
2025-10-26 12:00:00+00:00,197.68,198.24,197.51,197.87,393201.69
2025-10-26 12:15:00+00:00,197.87,198.31,197.04,197.24,295474.85
2025-10-26 12:30:00+00:00,197.24,197.57,196.82,196.85,175884.0
2025-10-26 12:45:00+00:00,196.85,198.16,196.84,197.9,297071.67
2025-10-26 13:00:00+00:00,197.9,198.24,197.53,197.57,163020.35
2025-10-26 13:15:00+00:00,197.57,198.7,197.41,198.63,213077.29
2025-10-26 13:30:00+00:00,198.64,199.58,198.3,198.99,396448.94
2025-10-26 13:45:00+00:00,198.99,199.58,198.71,198.96,302062.31
2025-10-26 14:00:00+00:00,198.96,199.4,198.71,199.23,174458.71
2025-10-26 14:15:00+00:00,199.23,199.83,198.6,198.94,260004.63
2025-10-26 14:30:00+00:00,198.94,199.4,198.74,199.17,153561.41
2025-10-26 14:45:00+00:00,199.16,199.24,198.7,198.75,160644.58
2025-10-26 15:00:00+00:00,198.76,199.17,198.46,198.79,244709.89
2025-10-26 15:15:00+00:00,198.79,199.7,198.73,199.34,184384.59
2025-10-26 15:30:00+00:00,199.34,199.65,199.12,199.25,100196.82
2025-10-26 15:45:00+00:00,199.26,199.68,199.15,199.41,115602.1
2025-10-26 16:00:00+00:00,199.42,199.46,198.0,198.49,425096.51
2025-10-26 16:15:00+00:00,198.5,199.07,198.13,198.69,260470.22
2025-10-26 16:30:00+00:00,198.68,199.07,198.46,199.02,209094.91
2025-10-26 16:45:00+00:00,199.02,199.28,198.6,198.62,96816.33
2025-10-26 17:00:00+00:00,198.63,199.1,198.34,198.79,93112.36
2025-10-26 17:15:00+00:00,198.79,199.09,198.69,198.89,53941.99
2025-10-26 17:30:00+00:00,198.89,199.18,198.85,198.96,58750.84
2025-10-26 17:45:00+00:00,198.96,199.15,198.82,198.83,82545.94
2025-10-26 18:00:00+00:00,198.83,199.54,198.81,199.23,79208.65
2025-10-26 18:15:00+00:00,199.23,199.6,198.8,198.92,106473.92
2025-10-26 18:30:00+00:00,198.93,199.33,198.84,199.24,48178.61
2025-10-26 18:45:00+00:00,199.24,199.46,199.0,199.06,57255.48
2025-10-26 19:00:00+00:00,199.05,199.06,198.46,198.69,103694.69
2025-10-26 19:15:00+00:00,198.69,198.82,198.42,198.72,47877.13
2025-10-26 19:30:00+00:00,198.72,198.79,198.45,198.65,44347.42
2025-10-26 19:45:00+00:00,198.65,198.83,198.55,198.81,30579.45
2025-10-26 20:00:00+00:00,198.8,198.8,198.33,198.4,64495.62
2025-10-26 20:15:00+00:00,198.41,198.45,197.4,197.71,251963.66
2025-10-26 20:30:00+00:00,197.71,198.05,197.71,197.86,161727.4
2025-10-26 20:45:00+00:00,197.87,197.99,197.29,197.38,75315.29
2025-10-26 21:00:00+00:00,197.39,197.58,197.23,197.58,82132.54
2025-10-26 21:15:00+00:00,197.58,197.62,196.74,197.11,144838.3
2025-10-26 21:30:00+00:00,197.11,198.35,196.81,197.82,146196.32
2025-10-26 21:45:00+00:00,197.82,198.43,197.73,198.42,67441.9
2025-10-26 22:00:00+00:00,198.42,202.55,198.42,199.68,1294105.66
2025-10-26 22:15:00+00:00,199.67,199.92,198.46,198.69,290897.15
2025-10-26 22:30:00+00:00,198.69,199.72,198.51,199.72,236066.12
2025-10-26 22:45:00+00:00,199.72,200.27,199.48,200.1,240886.04
2025-10-26 23:00:00+00:00,200.09,200.39,199.6,200.09,208126.12
2025-10-26 23:15:00+00:00,200.08,200.41,199.77,200.26,118277.71
2025-10-26 23:30:00+00:00,200.25,200.93,200.23,200.47,181483.74
2025-10-26 23:45:00+00:00,200.48,200.73,199.63,199.93,208203.66
2025-10-27 00:00:00+00:00,199.92,200.73,199.38,200.65,359922.01
2025-10-27 00:15:00+00:00,200.65,202.09,200.62,201.71,586045.14
2025-10-27 00:30:00+00:00,201.71,203.33,201.5,203.22,524304.4
2025-10-27 00:45:00+00:00,203.21,203.48,202.43,203.16,263708.21
2025-10-27 01:00:00+00:00,203.15,204.1,202.7,203.94,292862.21
2025-10-27 01:15:00+00:00,203.93,205.02,203.7,204.43,442382.43
2025-10-27 01:30:00+00:00,204.42,204.98,204.08,204.09,183203.07
2025-10-27 01:45:00+00:00,204.09,204.62,204.09,204.3,86637.32
2025-10-27 02:00:00+00:00,204.31,204.93,204.22,204.57,142838.48
2025-10-27 02:15:00+00:00,204.58,204.97,203.82,203.91,222703.99
2025-10-27 02:30:00+00:00,203.92,204.34,203.46,204.23,243816.04
2025-10-27 02:45:00+00:00,204.24,204.35,203.69,203.89,92752.1
2025-10-27 03:00:00+00:00,203.9,204.17,203.82,204.05,83972.28
2025-10-27 03:15:00+00:00,204.06,204.29,203.33,203.47,143281.23
2025-10-27 03:30:00+00:00,203.48,203.74,203.2,203.39,106623.98
2025-10-27 03:45:00+00:00,203.38,204.55,203.29,204.25,125312.67
2025-10-27 04:00:00+00:00,204.25,204.56,203.11,203.57,213758.97
2025-10-27 04:15:00+00:00,203.57,203.65,203.18,203.62,87722.57
2025-10-27 04:30:00+00:00,203.62,203.87,203.25,203.76,65847.99
2025-10-27 04:45:00+00:00,203.77,204.01,203.57,203.93,67470.61
2025-10-27 05:00:00+00:00,203.94,204.8,203.83,204.5,133508.09
2025-10-27 05:15:00+00:00,204.51,205.3,204.44,205.05,220217.39
2025-10-27 05:30:00+00:00,205.05,205.13,204.53,204.61,105614.72
2025-10-27 05:45:00+00:00,204.6,204.63,204.17,204.24,89251.4
2025-10-27 06:00:00+00:00,204.24,204.29,203.43,203.7,150051.33
2025-10-27 06:15:00+00:00,203.7,204.88,203.58,204.81,155094.6
2025-10-27 06:30:00+00:00,204.82,204.88,203.6,203.82,157639.05
2025-10-27 06:45:00+00:00,203.82,204.85,203.79,204.68,218489.66
2025-10-27 07:00:00+00:00,204.69,205.17,204.05,204.19,244264.59
2025-10-27 07:15:00+00:00,204.2,204.42,203.92,203.96,142919.7
2025-10-27 07:30:00+00:00,203.96,203.97,202.15,202.87,414447.39
2025-10-27 07:45:00+00:00,202.87,203.27,202.3,202.43,172327.21
2025-10-27 08:00:00+00:00,202.43,202.48,201.32,201.56,379288.25
2025-10-27 08:15:00+00:00,201.57,201.78,199.97,200.15,512238.46
2025-10-27 08:30:00+00:00,200.15,200.96,200.15,200.79,285823.89
2025-10-27 08:45:00+00:00,200.8,200.8,199.79,200.4,311110.46
2025-10-27 09:00:00+00:00,200.4,200.46,198.01,199.48,694321.14
2025-10-27 09:15:00+00:00,199.49,199.95,198.78,199.39,258393.43
2025-10-27 09:30:00+00:00,199.39,200.06,199.15,200.03,233044.7
2025-10-27 09:45:00+00:00,200.03,200.04,199.41,199.88,123547.16
2025-10-27 10:00:00+00:00,199.89,200.51,199.56,200.16,165366.81
2025-10-27 10:15:00+00:00,200.16,200.68,199.98,200.09,164511.13
2025-10-27 10:30:00+00:00,200.1,200.26,199.88,200.01,90972.64
2025-10-27 10:45:00+00:00,200.02,200.68,199.87,200.34,75799.61
2025-10-27 11:00:00+00:00,200.35,200.88,200.19,200.24,123620.41
2025-10-27 11:15:00+00:00,200.23,200.44,198.71,199.2,280109.49
2025-10-27 11:30:00+00:00,199.21,200.61,199.05,200.31,135833.76
2025-10-27 11:45:00+00:00,200.31,200.41,199.77,200.08,84045.71
2025-10-27 12:00:00+00:00,200.08,200.18,199.43,199.67,113933.69
2025-10-27 12:15:00+00:00,199.66,199.82,199.33,199.71,80440.09
2025-10-27 12:30:00+00:00,199.7,199.71,198.88,199.26,138233.8
2025-10-27 12:45:00+00:00,199.25,199.74,199.19,199.43,123775.3
2025-10-27 13:00:00+00:00,199.43,200.32,199.37,199.98,137815.42
2025-10-27 13:15:00+00:00,199.97,200.35,199.9,200.07,96163.28
2025-10-27 13:30:00+00:00,200.07,200.49,198.3,199.08,464138.83
2025-10-27 13:45:00+00:00,199.07,200.48,198.65,200.23,341922.78
2025-10-27 14:00:00+00:00,200.24,200.43,198.5,198.81,288361.97
2025-10-27 14:15:00+00:00,198.8,199.66,198.18,199.59,284603.79
2025-10-27 14:30:00+00:00,199.59,199.8,199.13,199.38,172582.66
2025-10-27 14:45:00+00:00,199.38,199.75,198.73,199.06,125732.84
2025-10-27 15:00:00+00:00,199.06,200.03,198.85,199.94,198850.59
2025-10-27 15:15:00+00:00,199.94,200.4,199.55,200.21,188487.74
2025-10-27 15:30:00+00:00,200.22,200.4,199.88,200.0,146556.61
2025-10-27 15:45:00+00:00,200.0,200.24,199.61,199.99,125096.43
2025-10-27 16:00:00+00:00,200.0,201.88,199.91,201.16,389862.95
2025-10-27 16:15:00+00:00,201.16,201.51,200.6,201.12,185711.11
2025-10-27 16:30:00+00:00,201.13,203.09,200.87,201.94,557212.45
2025-10-27 16:45:00+00:00,201.95,203.0,201.57,202.35,405703.49
2025-10-27 17:00:00+00:00,202.34,202.84,201.88,202.69,233243.76
2025-10-27 17:15:00+00:00,202.7,203.19,201.75,201.91,274313.97
2025-10-27 17:30:00+00:00,201.91,202.7,201.53,202.45,145084.01
2025-10-27 17:45:00+00:00,202.45,202.5,201.92,202.16,88537.82
2025-10-27 18:00:00+00:00,202.16,203.1,201.96,202.87,165942.04
2025-10-27 18:15:00+00:00,202.87,203.02,201.12,201.39,169393.93
2025-10-27 18:30:00+00:00,201.38,202.11,201.3,201.88,137406.0
2025-10-27 18:45:00+00:00,201.88,202.24,201.51,201.55,106983.28
2025-10-27 19:00:00+00:00,201.56,201.64,200.23,201.43,286074.42
2025-10-27 19:15:00+00:00,201.43,201.43,200.51,200.62,121364.86
2025-10-27 19:30:00+00:00,200.62,200.71,199.67,199.99,261243.34
2025-10-27 19:45:00+00:00,200.0,200.48,199.76,199.92,117142.85
2025-10-27 20:00:00+00:00,199.92,199.93,199.11,199.6,256256.02
2025-10-27 20:15:00+00:00,199.61,200.13,198.91,199.09,204604.47
2025-10-27 20:30:00+00:00,199.08,199.35,198.57,199.23,185419.26
2025-10-27 20:45:00+00:00,199.23,199.47,198.62,198.63,103885.69
2025-10-27 21:00:00+00:00,198.63,199.2,198.5,198.66,99721.02
2025-10-27 21:15:00+00:00,198.66,199.15,197.47,197.94,298175.19
2025-10-27 21:30:00+00:00,197.94,198.83,197.85,198.62,106624.31
2025-10-27 21:45:00+00:00,198.63,199.48,198.61,198.64,132631.66
2025-10-27 22:00:00+00:00,198.64,199.24,198.27,198.56,139078.59
2025-10-27 22:15:00+00:00,198.56,199.33,198.18,198.85,164150.67
2025-10-27 22:30:00+00:00,198.86,198.93,197.92,198.0,99941.14
2025-10-27 22:45:00+00:00,197.99,198.68,197.92,198.21,75999.37
2025-10-27 23:00:00+00:00,198.21,198.24,197.23,197.93,228822.13
2025-10-27 23:15:00+00:00,197.92,198.27,197.35,198.22,141472.89
2025-10-27 23:30:00+00:00,198.22,198.84,198.15,198.53,99470.47
2025-10-27 23:45:00+00:00,198.52,198.87,198.5,198.61,61841.14
2025-10-28 00:00:00+00:00,198.6,199.4,198.32,199.16,180363.73
2025-10-28 00:15:00+00:00,199.17,200.27,199.07,199.77,210307.46
2025-10-28 00:30:00+00:00,199.78,200.21,199.32,199.71,194899.81
2025-10-28 00:45:00+00:00,199.72,200.22,199.2,199.61,195851.95
2025-10-28 01:00:00+00:00,199.61,200.5,199.61,200.18,170731.66
2025-10-28 01:15:00+00:00,200.19,200.55,200.08,200.33,114128.14
2025-10-28 01:30:00+00:00,200.34,201.62,199.74,201.57,268860.97
2025-10-28 01:45:00+00:00,201.57,201.98,201.18,201.27,223300.63
2025-10-28 02:00:00+00:00,201.27,201.79,200.54,200.85,149927.33
2025-10-28 02:15:00+00:00,200.85,200.97,200.02,200.72,207075.61
2025-10-28 02:30:00+00:00,200.72,201.23,200.6,200.97,129001.07
2025-10-28 02:45:00+00:00,200.97,201.07,199.36,200.65,275689.27
2025-10-28 03:00:00+00:00,200.65,201.87,199.74,199.86,311357.68
2025-10-28 03:15:00+00:00,199.86,201.51,199.86,201.5,222666.95
2025-10-28 03:30:00+00:00,201.51,201.57,200.57,201.05,148816.52
2025-10-28 03:45:00+00:00,201.04,201.3,200.65,201.2,106823.38
2025-10-28 04:00:00+00:00,201.21,201.42,200.35,201.41,131385.43
2025-10-28 04:15:00+00:00,201.41,201.76,200.94,201.1,122181.18
2025-10-28 04:30:00+00:00,201.11,201.49,200.85,201.23,83250.47
2025-10-28 04:45:00+00:00,201.23,202.13,201.01,201.01,173756.5
2025-10-28 05:00:00+00:00,201.02,201.38,200.43,200.5,127339.62
2025-10-28 05:15:00+00:00,200.51,200.7,199.95,200.43,219025.35
2025-10-28 05:30:00+00:00,200.42,200.42,199.22,199.37,184983.25
2025-10-28 05:45:00+00:00,199.37,199.5,198.5,198.62,329979.19
2025-10-28 06:00:00+00:00,198.63,199.41,198.6,199.17,166754.7
2025-10-28 06:15:00+00:00,199.18,199.38,198.81,198.87,94971.51
2025-10-28 06:30:00+00:00,198.87,199.93,198.7,199.86,176917.27
2025-10-28 06:45:00+00:00,199.86,200.87,199.64,200.8,224705.92
2025-10-28 07:00:00+00:00,200.81,202.44,200.56,202.2,480743.92
2025-10-28 07:15:00+00:00,202.21,202.74,201.89,202.38,260842.88
2025-10-28 07:30:00+00:00,202.38,202.94,202.3,202.58,191173.94
2025-10-28 07:45:00+00:00,202.57,202.85,201.79,202.25,246120.46
2025-10-28 08:00:00+00:00,202.24,202.68,201.85,201.92,140361.59
2025-10-28 08:15:00+00:00,201.93,202.7,201.92,202.35,146408.6
2025-10-28 08:30:00+00:00,202.35,203.8,202.21,203.45,383550.23
2025-10-28 08:45:00+00:00,203.45,203.89,203.23,203.29,199534.52
2025-10-28 09:00:00+00:00,203.3,203.67,202.86,202.97,169496.68
2025-10-28 09:15:00+00:00,202.97,203.21,201.34,201.46,263141.52
2025-10-28 09:30:00+00:00,201.46,202.19,201.46,202.07,140297.67
2025-10-28 09:45:00+00:00,202.06,202.21,201.62,201.89,114389.82
2025-10-28 10:00:00+00:00,201.89,201.97,200.78,201.12,267128.98
2025-10-28 10:15:00+00:00,201.11,201.19,200.63,201.03,148928.21
2025-10-28 10:30:00+00:00,201.03,201.03,199.72,200.03,275588.32
2025-10-28 10:45:00+00:00,200.03,200.24,199.82,200.19,128169.81
2025-10-28 11:00:00+00:00,200.2,200.22,199.82,200.14,110849.05
2025-10-28 11:15:00+00:00,200.15,200.55,199.35,200.01,276508.39
2025-10-28 11:30:00+00:00,200.02,200.44,199.5,199.86,181243.25
2025-10-28 11:45:00+00:00,199.86,199.86,199.1,199.6,205665.57
2025-10-28 12:00:00+00:00,199.59,199.71,198.72,198.95,273849.13
2025-10-28 12:15:00+00:00,198.94,199.08,198.11,198.54,240668.84
2025-10-28 12:30:00+00:00,198.54,199.21,198.44,199.05,250157.7
2025-10-28 12:45:00+00:00,199.05,200.28,198.97,200.15,469408.41
2025-10-28 13:00:00+00:00,200.15,201.63,200.05,201.29,529530.37
2025-10-28 13:15:00+00:00,201.29,202.44,200.91,202.16,498910.51
2025-10-28 13:30:00+00:00,202.17,202.53,201.21,201.9,463393.71
2025-10-28 13:45:00+00:00,201.9,202.95,201.86,202.65,498678.51
2025-10-28 14:00:00+00:00,202.65,202.79,201.66,202.07,517037.07
2025-10-28 14:15:00+00:00,202.07,202.87,201.63,202.32,363759.98
2025-10-28 14:30:00+00:00,202.33,202.54,198.51,198.86,1014252.25
2025-10-28 14:45:00+00:00,198.86,199.93,196.5,199.46,1428601.05
2025-10-28 15:00:00+00:00,199.46,200.63,199.34,200.25,437490.68
2025-10-28 15:15:00+00:00,200.26,200.26,199.04,199.32,319292.79
2025-10-28 15:30:00+00:00,199.32,199.53,198.2,198.36,480996.61
2025-10-28 15:45:00+00:00,198.36,199.5,198.34,198.73,222090.12
2025-10-28 16:00:00+00:00,198.74,199.35,198.13,198.61,287302.01
2025-10-28 16:15:00+00:00,198.61,199.02,197.81,198.65,259692.7
2025-10-28 16:30:00+00:00,198.65,200.21,198.57,198.91,363731.14
2025-10-28 16:45:00+00:00,198.91,200.61,198.89,199.71,425557.96
2025-10-28 17:00:00+00:00,199.7,200.8,199.7,200.63,219442.39
2025-10-28 17:15:00+00:00,200.64,200.8,200.13,200.18,136976.76
2025-10-28 17:30:00+00:00,200.19,200.63,199.51,200.32,174508.34
2025-10-28 17:45:00+00:00,200.32,200.77,200.17,200.76,103405.49
2025-10-28 18:00:00+00:00,200.76,200.95,199.76,200.87,168013.48
2025-10-28 18:15:00+00:00,200.87,201.19,199.07,199.4,268110.25
2025-10-28 18:30:00+00:00,199.39,199.92,198.88,199.0,227944.01
2025-10-28 18:45:00+00:00,198.99,199.6,198.79,199.55,161658.54
2025-10-28 19:00:00+00:00,199.56,200.06,199.3,199.49,148278.32
2025-10-28 19:15:00+00:00,199.49,199.5,197.03,197.04,635423.11
2025-10-28 19:30:00+00:00,197.03,197.67,196.55,196.97,498890.45
2025-10-28 19:45:00+00:00,196.96,197.01,194.13,195.24,1186072.44
2025-10-28 20:00:00+00:00,195.24,195.25,192.92,193.54,871213.7
2025-10-28 20:15:00+00:00,193.54,194.05,191.93,193.11,1020363.68
2025-10-28 20:30:00+00:00,193.11,194.5,192.22,193.56,599720.25
2025-10-28 20:45:00+00:00,193.55,193.68,192.31,192.36,565104.31
2025-10-28 21:00:00+00:00,192.37,193.01,190.02,192.06,973047.18
2025-10-28 21:15:00+00:00,192.06,192.58,191.55,192.1,305980.35
2025-10-28 21:30:00+00:00,192.09,193.85,191.94,193.82,291571.18
2025-10-28 21:45:00+00:00,193.83,194.29,193.38,193.73,231792.75
2025-10-28 22:00:00+00:00,193.72,194.17,193.18,193.59,197728.51
2025-10-28 22:15:00+00:00,193.58,194.56,193.51,194.53,160622.3
2025-10-28 22:30:00+00:00,194.53,195.08,194.12,194.57,296140.52
2025-10-28 22:45:00+00:00,194.58,194.99,194.35,194.78,149906.98
2025-10-28 23:00:00+00:00,194.78,194.82,193.91,194.05,154003.86
2025-10-28 23:15:00+00:00,194.04,194.38,193.64,193.86,172583.41
2025-10-28 23:30:00+00:00,193.86,194.36,193.71,193.93,154605.54
2025-10-28 23:45:00+00:00,193.92,194.46,193.88,194.05,154030.84
2025-10-29 00:00:00+00:00,194.04,194.49,193.7,194.47,154691.49
2025-10-29 00:15:00+00:00,194.48,195.0,194.44,194.76,212134.51
2025-10-29 00:30:00+00:00,194.77,194.88,193.91,193.91,144516.05
2025-10-29 00:45:00+00:00,193.91,193.97,193.14,193.66,305381.38
2025-10-29 01:00:00+00:00,193.66,194.1,192.58,193.21,274742.61
2025-10-29 01:15:00+00:00,193.21,193.85,193.18,193.69,95909.53
2025-10-29 01:30:00+00:00,193.68,194.91,193.68,194.19,208998.12
2025-10-29 01:45:00+00:00,194.19,194.3,193.4,194.05,145252.36
2025-10-29 02:00:00+00:00,194.04,194.33,193.85,194.22,64843.66
2025-10-29 02:15:00+00:00,194.22,194.72,194.12,194.47,109613.64
2025-10-29 02:30:00+00:00,194.47,194.71,193.96,194.57,103697.32
2025-10-29 02:45:00+00:00,194.56,194.79,194.44,194.6,88156.19
2025-10-29 03:00:00+00:00,194.6,194.61,193.33,193.59,238169.18
2025-10-29 03:15:00+00:00,193.59,193.97,193.12,193.4,137097.95
2025-10-29 03:30:00+00:00,193.39,193.97,193.27,193.92,84131.09
2025-10-29 03:45:00+00:00,193.92,194.05,193.71,193.81,98859.72
2025-10-29 04:00:00+00:00,193.81,194.1,193.66,193.99,88656.56
2025-10-29 04:15:00+00:00,193.99,194.41,193.95,194.41,101344.12
2025-10-29 04:30:00+00:00,194.4,194.7,194.24,194.52,119037.08
2025-10-29 04:45:00+00:00,194.52,194.62,194.39,194.43,61961.76
2025-10-29 05:00:00+00:00,194.43,194.98,194.32,194.79,119149.77
2025-10-29 05:15:00+00:00,194.78,195.3,194.78,195.06,150981.66
2025-10-29 05:30:00+00:00,195.05,195.71,194.85,195.32,138929.11
2025-10-29 05:45:00+00:00,195.32,195.43,194.93,195.03,82931.25
2025-10-29 06:00:00+00:00,195.03,195.5,194.83,194.86,144097.23
2025-10-29 06:15:00+00:00,194.86,195.13,194.63,195.0,115676.06
2025-10-29 06:30:00+00:00,195.0,195.21,194.79,194.9,64928.19
2025-10-29 06:45:00+00:00,194.89,195.68,194.89,195.46,99024.62
2025-10-29 07:00:00+00:00,195.46,195.46,195.15,195.39,71860.19
2025-10-29 07:15:00+00:00,195.39,195.99,195.25,195.8,113628.74
2025-10-29 07:30:00+00:00,195.8,195.81,195.13,195.24,95694.76
2025-10-29 07:45:00+00:00,195.25,195.8,195.02,195.52,81420.76
2025-10-29 08:00:00+00:00,195.53,195.61,194.37,194.47,212985.39
2025-10-29 08:15:00+00:00,194.48,194.86,194.42,194.49,123414.7
2025-10-29 08:30:00+00:00,194.49,194.79,193.86,194.12,178298.43
2025-10-29 08:45:00+00:00,194.11,194.68,194.05,194.41,86087.83
2025-10-29 09:00:00+00:00,194.4,194.66,193.8,193.85,106576.8
2025-10-29 09:15:00+00:00,193.84,194.45,193.84,194.02,86480.01
2025-10-29 09:30:00+00:00,194.02,194.23,193.68,194.15,151879.66
2025-10-29 09:45:00+00:00,194.15,194.45,194.0,194.11,86241.35
2025-10-29 10:00:00+00:00,194.12,194.47,193.86,194.03,93084.02
2025-10-29 10:15:00+00:00,194.04,196.69,193.92,196.26,381417.89
2025-10-29 10:30:00+00:00,196.27,197.0,195.69,196.47,332730.18
2025-10-29 10:45:00+00:00,196.46,196.92,195.81,196.18,221067.62
2025-10-29 11:00:00+00:00,196.19,197.94,195.95,197.75,431903.19
2025-10-29 11:15:00+00:00,197.75,199.3,197.44,198.6,514550.91
2025-10-29 11:30:00+00:00,198.6,198.71,197.74,198.18,261049.58
2025-10-29 11:45:00+00:00,198.19,198.96,198.18,198.65,182881.47
2025-10-29 12:00:00+00:00,198.65,199.11,198.42,198.6,138960.71
2025-10-29 12:15:00+00:00,198.6,198.84,198.03,198.17,202683.54
2025-10-29 12:30:00+00:00,198.16,198.59,198.16,198.44,97898.28
2025-10-29 12:45:00+00:00,198.45,199.82,198.41,199.8,242926.16
2025-10-29 13:00:00+00:00,199.79,201.08,199.54,200.7,421861.47
2025-10-29 13:15:00+00:00,200.69,201.66,200.51,201.13,402683.36
2025-10-29 13:30:00+00:00,201.13,201.32,199.02,200.24,732086.23
2025-10-29 13:45:00+00:00,200.25,201.29,199.63,200.65,493313.5
2025-10-29 14:00:00+00:00,200.65,200.93,198.92,200.01,539914.5
2025-10-29 14:15:00+00:00,200.01,200.43,198.66,198.82,431086.7
2025-10-29 14:30:00+00:00,198.82,199.88,198.6,199.75,328336.65
2025-10-29 14:45:00+00:00,199.75,200.86,199.51,199.93,325618.74
2025-10-29 15:00:00+00:00,199.93,200.61,199.35,199.36,292878.18
2025-10-29 15:15:00+00:00,199.35,199.8,198.81,198.84,300201.58
2025-10-29 15:30:00+00:00,198.84,199.2,197.45,197.72,672217.79
2025-10-29 15:45:00+00:00,197.73,197.96,196.29,196.71,627989.55
2025-10-29 16:00:00+00:00,196.72,196.8,194.94,195.27,857243.39
2025-10-29 16:15:00+00:00,195.28,196.67,195.14,195.72,598700.68
2025-10-29 16:30:00+00:00,195.73,195.79,194.5,195.06,660473.11
2025-10-29 16:45:00+00:00,195.05,195.46,194.65,195.2,202233.04
2025-10-29 17:00:00+00:00,195.2,195.98,195.03,195.44,309757.66
2025-10-29 17:15:00+00:00,195.44,195.57,194.71,195.49,178925.27
2025-10-29 17:30:00+00:00,195.48,198.71,195.32,198.03,705577.58
2025-10-29 17:45:00+00:00,198.03,198.5,197.15,198.36,366348.07
2025-10-29 18:00:00+00:00,198.35,198.48,195.47,195.47,961879.77
2025-10-29 18:15:00+00:00,195.47,197.08,195.4,196.26,311399.65
2025-10-29 18:30:00+00:00,196.26,198.06,188.88,190.9,3337156.51
2025-10-29 18:45:00+00:00,190.9,195.33,190.67,193.37,1625316.23
2025-10-29 19:00:00+00:00,193.36,195.18,193.21,194.8,918926.51
2025-10-29 19:15:00+00:00,194.8,195.16,193.68,193.95,431598.49
2025-10-29 19:30:00+00:00,193.96,193.97,191.2,191.91,695061.16
2025-10-29 19:45:00+00:00,191.91,193.64,191.86,192.62,440180.9
2025-10-29 20:00:00+00:00,192.62,193.52,191.76,193.1,579238.44
2025-10-29 20:15:00+00:00,193.09,195.47,192.75,195.31,370458.18
2025-10-29 20:30:00+00:00,195.31,196.14,195.04,195.41,290246.91
2025-10-29 20:45:00+00:00,195.4,195.87,195.18,195.48,160978.04
2025-10-29 21:00:00+00:00,195.47,195.7,195.04,195.21,135970.33
2025-10-29 21:15:00+00:00,195.2,195.72,194.96,195.58,225219.51
2025-10-29 21:30:00+00:00,195.58,196.98,195.53,195.76,222735.37
2025-10-29 21:45:00+00:00,195.75,196.44,195.59,195.96,128790.42
2025-10-29 22:00:00+00:00,195.96,196.11,195.52,195.91,135214.8
2025-10-29 22:15:00+00:00,195.9,196.33,195.52,195.65,110455.26
2025-10-29 22:30:00+00:00,195.64,195.83,195.13,195.53,117772.28
2025-10-29 22:45:00+00:00,195.53,195.83,195.22,195.29,84618.03
2025-10-29 23:00:00+00:00,195.29,195.47,194.22,194.53,260804.24
2025-10-29 23:15:00+00:00,194.53,195.35,194.44,194.58,133893.59
2025-10-29 23:30:00+00:00,194.58,194.85,192.84,193.88,410672.66
2025-10-29 23:45:00+00:00,193.87,194.6,193.68,193.81,208635.73
2025-10-30 00:00:00+00:00,193.8,193.92,192.04,193.21,447135.8
2025-10-30 00:15:00+00:00,193.21,194.19,193.17,194.0,211550.61
2025-10-30 00:30:00+00:00,193.99,194.21,192.77,193.8,174305.7
2025-10-30 00:45:00+00:00,193.81,194.64,193.36,194.58,123859.69
2025-10-30 01:00:00+00:00,194.58,194.65,193.37,194.15,167974.36
2025-10-30 01:15:00+00:00,194.15,194.63,193.38,193.79,134568.29
2025-10-30 01:30:00+00:00,193.8,194.5,193.56,194.28,96949.59
2025-10-30 01:45:00+00:00,194.28,195.94,194.15,195.42,274081.7
2025-10-30 02:00:00+00:00,195.43,196.05,195.15,195.91,254575.23
2025-10-30 02:15:00+00:00,195.92,196.87,195.89,196.86,261129.61
2025-10-30 02:30:00+00:00,196.85,197.24,196.5,197.05,184120.48
2025-10-30 02:45:00+00:00,197.04,198.1,196.66,198.08,277541.04
2025-10-30 03:00:00+00:00,198.09,198.1,197.13,197.42,295056.92
2025-10-30 03:15:00+00:00,197.43,197.65,196.92,197.47,154349.72
2025-10-30 03:30:00+00:00,197.47,197.71,196.76,196.89,227116.01
2025-10-30 03:45:00+00:00,196.88,197.11,196.5,197.01,151452.27
2025-10-30 04:00:00+00:00,197.0,197.08,193.72,194.04,594045.3
2025-10-30 04:15:00+00:00,194.03,194.03,190.22,191.49,1374348.67
2025-10-30 04:30:00+00:00,191.49,194.38,190.21,192.71,1321023.2
2025-10-30 04:45:00+00:00,192.7,193.53,191.5,191.71,485635.17
2025-10-30 05:00:00+00:00,191.71,192.55,191.25,192.47,459790.36
2025-10-30 05:15:00+00:00,192.47,192.47,191.31,192.37,308240.5
2025-10-30 05:30:00+00:00,192.37,195.19,192.17,194.83,597922.32
2025-10-30 05:45:00+00:00,194.82,195.6,194.58,195.07,469420.37
2025-10-30 06:00:00+00:00,195.07,195.39,194.32,194.39,287291.39
2025-10-30 06:15:00+00:00,194.39,194.47,193.3,193.86,304355.71
2025-10-30 06:30:00+00:00,193.85,195.3,193.75,195.01,199064.83
2025-10-30 06:45:00+00:00,195.0,195.14,194.08,194.09,133947.52
2025-10-30 07:00:00+00:00,194.1,195.47,193.82,195.15,189344.97
2025-10-30 07:15:00+00:00,195.14,196.0,195.02,195.72,295010.31
2025-10-30 07:30:00+00:00,195.72,196.05,195.42,195.94,152956.46
2025-10-30 07:45:00+00:00,195.93,196.12,195.42,195.69,145700.06
2025-10-30 08:00:00+00:00,195.69,196.05,194.88,195.14,252374.63
2025-10-30 08:15:00+00:00,195.13,195.37,194.6,194.69,175289.48
2025-10-30 08:30:00+00:00,194.69,195.63,194.5,195.58,135714.94
2025-10-30 08:45:00+00:00,195.58,195.6,195.1,195.28,61712.14
2025-10-30 09:00:00+00:00,195.27,195.37,193.85,193.94,208687.73
2025-10-30 09:15:00+00:00,193.94,194.16,192.55,193.19,468184.22
2025-10-30 09:30:00+00:00,193.19,193.56,192.3,192.54,258613.7
2025-10-30 09:45:00+00:00,192.54,192.81,192.18,192.26,279491.53
2025-10-30 10:00:00+00:00,192.26,192.36,191.18,191.23,441463.05
2025-10-30 10:15:00+00:00,191.24,192.2,190.94,191.91,315487.94
2025-10-30 10:30:00+00:00,191.91,192.38,191.5,191.54,175713.87
2025-10-30 10:45:00+00:00,191.55,192.36,191.22,192.05,188681.22
2025-10-30 11:00:00+00:00,192.05,192.4,191.29,191.85,203989.3
2025-10-30 11:15:00+00:00,191.85,192.4,191.13,192.08,279859.99
2025-10-30 11:30:00+00:00,192.07,192.49,191.52,192.03,131977.38
2025-10-30 11:45:00+00:00,192.03,192.55,191.45,191.75,208929.15
2025-10-30 12:00:00+00:00,191.75,191.96,190.88,191.35,317032.91
2025-10-30 12:15:00+00:00,191.36,191.36,188.01,188.9,1287840.15
2025-10-30 12:30:00+00:00,188.9,189.82,185.98,186.48,1619810.35
2025-10-30 12:45:00+00:00,186.48,187.77,186.47,187.7,677747.83
2025-10-30 13:00:00+00:00,187.71,188.58,187.0,187.48,491464.24
2025-10-30 13:15:00+00:00,187.47,188.13,186.83,187.69,493020.18
2025-10-30 13:30:00+00:00,187.69,187.81,184.3,185.84,1342584.9
2025-10-30 13:45:00+00:00,185.84,186.87,185.49,185.62,614674.84
2025-10-30 14:00:00+00:00,185.61,187.23,185.54,186.54,436473.17
2025-10-30 14:15:00+00:00,186.54,187.05,186.03,186.14,264365.91
2025-10-30 14:30:00+00:00,186.13,187.52,185.55,187.3,445219.0
2025-10-30 14:45:00+00:00,187.3,187.73,186.44,187.14,353732.14
2025-10-30 15:00:00+00:00,187.14,187.5,186.01,186.46,310533.73
2025-10-30 15:15:00+00:00,186.46,186.8,185.6,185.76,309006.82
2025-10-30 15:30:00+00:00,185.76,185.98,184.81,185.34,384907.96
2025-10-30 15:45:00+00:00,185.34,185.34,184.36,184.95,472875.53
2025-10-30 16:00:00+00:00,184.94,185.9,183.8,185.67,806828.01
2025-10-30 16:15:00+00:00,185.67,186.2,184.81,185.99,294679.91
2025-10-30 16:30:00+00:00,185.99,186.02,184.45,184.71,285097.83
2025-10-30 16:45:00+00:00,184.71,185.2,184.51,185.19,165058.75
2025-10-30 17:00:00+00:00,185.19,185.21,183.4,183.96,507768.36
2025-10-30 17:15:00+00:00,183.95,184.31,182.68,182.91,803475.04
2025-10-30 17:30:00+00:00,182.92,182.92,181.34,182.49,936349.81
2025-10-30 17:45:00+00:00,182.49,183.97,182.43,183.68,471906.97
2025-10-30 18:00:00+00:00,183.68,183.82,182.7,182.7,247843.89
2025-10-30 18:15:00+00:00,182.71,183.02,181.75,182.14,253352.14
2025-10-30 18:30:00+00:00,182.13,182.71,180.69,181.26,477063.62
2025-10-30 18:45:00+00:00,181.25,181.77,181.13,181.22,223476.49
2025-10-30 19:00:00+00:00,181.22,181.82,180.39,181.07,345544.35
2025-10-30 19:15:00+00:00,181.06,181.3,180.1,180.61,322609.71
2025-10-30 19:30:00+00:00,180.61,181.05,178.93,179.68,665363.8
2025-10-30 19:45:00+00:00,179.68,180.76,178.5,178.92,725093.01
2025-10-30 20:00:00+00:00,178.92,180.69,178.64,180.01,480070.62
2025-10-30 20:15:00+00:00,180.0,180.63,179.73,180.13,312612.17
2025-10-30 20:30:00+00:00,180.14,181.44,179.31,180.54,551792.08
2025-10-30 20:45:00+00:00,180.54,182.48,180.26,182.11,446652.87
2025-10-30 21:00:00+00:00,182.11,182.53,181.59,182.17,284219.01
2025-10-30 21:15:00+00:00,182.17,182.48,181.59,181.79,256963.98
2025-10-30 21:30:00+00:00,181.79,182.33,181.0,181.91,273371.62
2025-10-30 21:45:00+00:00,181.91,182.58,181.86,182.25,199427.11
2025-10-30 22:00:00+00:00,182.25,182.66,181.95,182.35,179466.76
2025-10-30 22:15:00+00:00,182.34,182.86,182.22,182.71,152757.26
2025-10-30 22:30:00+00:00,182.7,183.35,182.46,183.14,301600.53
2025-10-30 22:45:00+00:00,183.15,183.51,182.67,183.5,310761.19
2025-10-30 23:00:00+00:00,183.51,183.55,182.44,182.84,210385.32
2025-10-30 23:15:00+00:00,182.84,183.42,182.79,183.4,139403.15
2025-10-30 23:30:00+00:00,183.39,184.35,183.26,183.34,386684.17
2025-10-30 23:45:00+00:00,183.34,184.59,183.28,184.55,206921.87
2025-10-31 00:00:00+00:00,184.55,184.69,184.05,184.68,201816.8
2025-10-31 00:15:00+00:00,184.69,184.83,183.94,184.05,168497.66
2025-10-31 00:30:00+00:00,184.05,184.88,184.02,184.87,120943.29
2025-10-31 00:45:00+00:00,184.87,186.43,184.66,185.35,528461.42
2025-10-31 01:00:00+00:00,185.34,186.65,184.92,186.34,291217.9
2025-10-31 01:15:00+00:00,186.34,186.8,186.11,186.51,201311.35
2025-10-31 01:30:00+00:00,186.51,186.56,185.6,186.02,242346.98
2025-10-31 01:45:00+00:00,186.02,186.7,185.81,186.14,146355.14
2025-10-31 02:00:00+00:00,186.15,186.2,184.28,184.57,430456.78
2025-10-31 02:15:00+00:00,184.56,185.85,184.56,185.72,173763.43
2025-10-31 02:30:00+00:00,185.72,185.89,183.57,183.89,266115.34
2025-10-31 02:45:00+00:00,183.89,184.74,183.6,184.52,249431.48
2025-10-31 03:00:00+00:00,184.53,185.59,184.03,185.15,188462.03
2025-10-31 03:15:00+00:00,185.15,185.43,184.8,185.11,135809.53
2025-10-31 03:30:00+00:00,185.11,185.64,184.18,184.36,223311.65
2025-10-31 03:45:00+00:00,184.37,185.17,184.35,185.05,106016.15
2025-10-31 04:00:00+00:00,185.05,186.52,184.83,186.0,293635.23
2025-10-31 04:15:00+00:00,186.0,186.79,185.58,186.27,270914.78
2025-10-31 04:30:00+00:00,186.27,186.95,186.11,186.65,179574.69
2025-10-31 04:45:00+00:00,186.65,186.71,186.15,186.53,132106.17
2025-10-31 05:00:00+00:00,186.52,186.52,185.57,185.72,183101.69
2025-10-31 05:15:00+00:00,185.71,185.97,185.27,185.65,153356.64
2025-10-31 05:30:00+00:00,185.65,185.94,185.32,185.42,118578.99
2025-10-31 05:45:00+00:00,185.42,185.75,185.2,185.62,105438.85
2025-10-31 06:00:00+00:00,185.61,185.78,184.81,185.13,157301.31
2025-10-31 06:15:00+00:00,185.12,185.41,184.82,185.29,109120.03
2025-10-31 06:30:00+00:00,185.29,185.46,185.0,185.06,100763.01
2025-10-31 06:45:00+00:00,185.05,185.46,185.05,185.46,81620.51
2025-10-31 07:00:00+00:00,185.46,185.96,185.06,185.87,114510.67
2025-10-31 07:15:00+00:00,185.87,186.02,185.48,185.76,98140.0
2025-10-31 07:30:00+00:00,185.77,185.98,185.27,185.3,122789.24
2025-10-31 07:45:00+00:00,185.31,185.41,184.63,185.23,172607.68
2025-10-31 08:00:00+00:00,185.23,185.76,184.54,184.59,148232.97
2025-10-31 08:15:00+00:00,184.59,185.83,184.44,185.71,189313.24
2025-10-31 08:30:00+00:00,185.71,185.94,185.32,185.63,69997.06
2025-10-31 08:45:00+00:00,185.63,186.49,185.54,186.39,213796.84
2025-10-31 09:00:00+00:00,186.38,186.97,185.87,186.41,251640.15
2025-10-31 09:15:00+00:00,186.41,186.86,185.95,186.2,196777.61
2025-10-31 09:30:00+00:00,186.2,186.54,186.12,186.5,95471.01
2025-10-31 09:45:00+00:00,186.5,186.78,186.18,186.51,150000.62
2025-10-31 10:00:00+00:00,186.51,186.88,186.1,186.26,158090.05
2025-10-31 10:15:00+00:00,186.27,186.68,186.1,186.25,78414.31
2025-10-31 10:30:00+00:00,186.25,187.15,186.06,186.96,204771.28
2025-10-31 10:45:00+00:00,186.96,187.27,186.23,186.28,145766.97
2025-10-31 11:00:00+00:00,186.28,186.68,186.09,186.3,105194.4
2025-10-31 11:15:00+00:00,186.31,186.87,186.23,186.47,116395.87
2025-10-31 11:30:00+00:00,186.48,187.02,186.15,186.93,98475.11
2025-10-31 11:45:00+00:00,186.93,189.19,186.92,188.81,808519.36
2025-10-31 12:00:00+00:00,188.81,189.32,187.5,187.77,549907.74
2025-10-31 12:15:00+00:00,187.77,188.9,187.74,188.23,346976.88
2025-10-31 12:30:00+00:00,188.24,188.72,187.17,187.44,289703.59
2025-10-31 12:45:00+00:00,187.44,187.53,186.22,186.43,495373.81
2025-10-31 13:00:00+00:00,186.43,187.3,186.41,187.01,223380.54
2025-10-31 13:15:00+00:00,187.02,187.7,186.64,186.83,163652.0
2025-10-31 13:30:00+00:00,186.84,186.9,185.83,186.3,354056.08
2025-10-31 13:45:00+00:00,186.31,188.5,186.26,188.26,380803.61
2025-10-31 14:00:00+00:00,188.27,188.61,187.31,187.38,398730.73
2025-10-31 14:15:00+00:00,187.37,187.91,186.86,187.43,214013.16
2025-10-31 14:30:00+00:00,187.42,188.21,187.05,187.98,255052.19
2025-10-31 14:45:00+00:00,187.98,189.43,187.72,188.98,372634.09
2025-10-31 15:00:00+00:00,188.99,190.26,188.52,189.82,507298.71
2025-10-31 15:15:00+00:00,189.82,189.99,188.75,188.89,336131.65
2025-10-31 15:30:00+00:00,188.89,188.93,188.0,188.89,309509.29
2025-10-31 15:45:00+00:00,188.89,189.47,187.84,188.02,299399.78
2025-10-31 16:00:00+00:00,188.02,188.52,187.44,187.54,226578.44
2025-10-31 16:15:00+00:00,187.53,187.57,186.5,186.95,358046.17
2025-10-31 16:30:00+00:00,186.95,187.19,186.01,186.15,264766.71
2025-10-31 16:45:00+00:00,186.15,186.3,184.56,184.96,685717.66
2025-10-31 17:00:00+00:00,184.95,185.53,184.33,185.13,374142.26
2025-10-31 17:15:00+00:00,185.14,185.36,184.22,184.75,330688.63
2025-10-31 17:30:00+00:00,184.75,185.32,184.38,185.13,285849.23
2025-10-31 17:45:00+00:00,185.13,185.85,184.87,185.26,246720.46
2025-10-31 18:00:00+00:00,185.25,185.77,184.96,185.56,237295.43
2025-10-31 18:15:00+00:00,185.56,185.76,185.03,185.45,136144.63
2025-10-31 18:30:00+00:00,185.45,186.51,184.36,186.15,445331.32
2025-10-31 18:45:00+00:00,186.14,186.15,185.34,185.84,172905.97
2025-10-31 19:00:00+00:00,185.84,185.84,184.88,185.79,142910.9
2025-10-31 19:15:00+00:00,185.78,187.31,185.57,187.05,410741.24
2025-10-31 19:30:00+00:00,187.05,188.53,187.02,188.42,358619.32
2025-10-31 19:45:00+00:00,188.42,188.96,188.24,188.3,358670.66
2025-10-31 20:00:00+00:00,188.3,188.63,187.54,188.37,321568.99
2025-10-31 20:15:00+00:00,188.38,188.76,188.1,188.14,122875.53
2025-10-31 20:30:00+00:00,188.15,188.25,187.26,187.31,161745.1
2025-10-31 20:45:00+00:00,187.31,187.98,186.61,186.83,294610.44
2025-10-31 21:00:00+00:00,186.83,187.18,186.42,186.47,116904.77
2025-10-31 21:15:00+00:00,186.46,187.1,186.43,186.98,75101.37
2025-10-31 21:30:00+00:00,186.97,187.61,186.69,187.06,106320.21
2025-10-31 21:45:00+00:00,187.05,187.45,187.01,187.17,34958.75
2025-10-31 22:00:00+00:00,187.18,187.59,186.94,187.5,74176.89
2025-10-31 22:15:00+00:00,187.5,187.83,186.87,187.2,170253.65
2025-10-31 22:30:00+00:00,187.2,187.6,187.0,187.01,48784.16
2025-10-31 22:45:00+00:00,187.0,187.45,186.98,187.2,30513.99
2025-10-31 23:00:00+00:00,187.2,187.51,187.11,187.21,42468.45
2025-10-31 23:15:00+00:00,187.2,187.72,187.1,187.65,57714.84
2025-10-31 23:30:00+00:00,187.65,187.74,187.2,187.61,87139.23
2025-10-31 23:45:00+00:00,187.62,187.7,187.01,187.13,45029.23
2025-11-01 00:00:00+00:00,187.12,187.27,186.4,186.44,116019.93
2025-11-01 00:15:00+00:00,186.44,186.77,185.91,186.54,247996.55
2025-11-01 00:30:00+00:00,186.55,186.7,186.21,186.69,59723.47
2025-11-01 00:45:00+00:00,186.68,187.07,186.62,187.02,121741.87
2025-11-01 01:00:00+00:00,187.02,187.35,186.91,186.91,71178.3
2025-11-01 01:15:00+00:00,186.91,187.2,186.52,186.98,63699.46
2025-11-01 01:30:00+00:00,186.97,187.28,186.42,186.55,63265.82
2025-11-01 01:45:00+00:00,186.55,186.59,186.0,186.01,62810.38
2025-11-01 02:00:00+00:00,186.02,186.02,185.37,185.68,129607.62
2025-11-01 02:15:00+00:00,185.68,186.23,185.66,185.86,71680.16
2025-11-01 02:30:00+00:00,185.87,186.0,185.47,185.96,49691.76
2025-11-01 02:45:00+00:00,185.96,186.65,185.93,186.5,83042.73
2025-11-01 03:00:00+00:00,186.5,186.83,186.48,186.67,63323.03
2025-11-01 03:15:00+00:00,186.67,187.3,186.64,186.89,124071.46
2025-11-01 03:30:00+00:00,186.89,187.4,186.83,187.05,68024.66
2025-11-01 03:45:00+00:00,187.06,187.3,186.91,187.12,50907.85
2025-11-01 04:00:00+00:00,187.12,187.47,186.74,186.82,127348.93
2025-11-01 04:15:00+00:00,186.82,186.82,186.23,186.55,88826.11
2025-11-01 04:30:00+00:00,186.55,186.71,186.21,186.62,86851.53
2025-11-01 04:45:00+00:00,186.62,187.02,186.61,186.98,90775.93
2025-11-01 05:00:00+00:00,186.98,187.06,186.38,186.53,53901.18
2025-11-01 05:15:00+00:00,186.53,186.89,186.39,186.75,55039.9
2025-11-01 05:30:00+00:00,186.75,186.88,186.44,186.71,29584.84
2025-11-01 05:45:00+00:00,186.7,186.72,186.08,186.15,49758.3
2025-11-01 06:00:00+00:00,186.14,186.3,185.76,185.79,104441.52
2025-11-01 06:15:00+00:00,185.78,185.86,185.41,185.57,107560.31
2025-11-01 06:30:00+00:00,185.57,185.77,184.81,185.05,199942.91
2025-11-01 06:45:00+00:00,185.05,185.65,185.02,185.63,95362.93
2025-11-01 07:00:00+00:00,185.63,185.9,185.45,185.74,71732.47
2025-11-01 07:15:00+00:00,185.74,186.28,185.7,185.96,68511.2
2025-11-01 07:30:00+00:00,185.96,186.09,185.3,185.49,74012.53
2025-11-01 07:45:00+00:00,185.5,185.84,185.22,185.71,52267.17
2025-11-01 08:00:00+00:00,185.7,186.02,185.56,185.69,71421.53
2025-11-01 08:15:00+00:00,185.7,186.13,185.7,186.1,63330.82
2025-11-01 08:30:00+00:00,186.09,186.25,186.01,186.07,48921.13
2025-11-01 08:45:00+00:00,186.06,186.47,186.06,186.45,68257.35
2025-11-01 09:00:00+00:00,186.45,186.66,185.96,186.59,123850.16
2025-11-01 09:15:00+00:00,186.59,186.62,186.18,186.38,59876.43
2025-11-01 09:30:00+00:00,186.37,186.43,185.68,185.7,83597.17
2025-11-01 09:45:00+00:00,185.7,186.14,185.64,185.75,95345.31
2025-11-01 10:00:00+00:00,185.74,185.88,185.15,185.31,117348.11
2025-11-01 10:15:00+00:00,185.3,185.69,185.3,185.66,87914.42
2025-11-01 10:30:00+00:00,185.66,186.0,185.5,185.97,68420.94
2025-11-01 10:45:00+00:00,185.97,186.3,185.91,186.04,77034.96
2025-11-01 11:00:00+00:00,186.04,186.53,186.04,186.25,94578.6
2025-11-01 11:15:00+00:00,186.24,186.48,185.91,185.99,73105.23
2025-11-01 11:30:00+00:00,185.98,186.01,185.57,185.81,86682.15
2025-11-01 11:45:00+00:00,185.82,186.1,185.75,186.09,46085.32
2025-11-01 12:00:00+00:00,186.1,186.48,186.09,186.36,95228.59
2025-11-01 12:15:00+00:00,186.37,186.5,186.14,186.3,53494.44
2025-11-01 12:30:00+00:00,186.29,186.55,186.25,186.49,53785.64
2025-11-01 12:45:00+00:00,186.49,186.5,186.13,186.28,59768.39
2025-11-01 13:00:00+00:00,186.28,186.36,185.96,186.19,60340.92
2025-11-01 13:15:00+00:00,186.18,186.3,185.8,185.92,70655.27
2025-11-01 13:30:00+00:00,185.93,186.17,184.66,185.0,216295.55
2025-11-01 13:45:00+00:00,185.0,185.34,184.74,185.21,179132.26
2025-11-01 14:00:00+00:00,185.2,185.5,183.9,184.19,372189.43
2025-11-01 14:15:00+00:00,184.18,184.35,183.58,184.17,322110.05
2025-11-01 14:30:00+00:00,184.16,185.25,183.91,185.05,183160.81
2025-11-01 14:45:00+00:00,185.04,185.23,184.55,184.9,147740.41
2025-11-01 15:00:00+00:00,184.9,186.34,184.75,185.88,254906.98
2025-11-01 15:15:00+00:00,185.88,186.19,185.01,185.31,270889.68
2025-11-01 15:30:00+00:00,185.31,185.85,185.12,185.49,89959.01
2025-11-01 15:45:00+00:00,185.49,186.32,185.26,186.28,102562.22
2025-11-01 16:00:00+00:00,186.29,187.0,185.98,186.01,274290.69
2025-11-01 16:15:00+00:00,186.0,186.5,185.84,186.1,116063.78
2025-11-01 16:30:00+00:00,186.1,186.91,186.09,186.68,184039.14
2025-11-01 16:45:00+00:00,186.67,186.97,186.3,186.3,111605.57
2025-11-01 17:00:00+00:00,186.3,186.43,185.7,185.96,150518.32
2025-11-01 17:15:00+00:00,185.97,186.05,185.28,185.29,85437.62
2025-11-01 17:30:00+00:00,185.29,185.66,185.14,185.14,89432.59
2025-11-01 17:45:00+00:00,185.14,185.3,184.79,184.86,113030.89
2025-11-01 18:00:00+00:00,184.85,185.42,184.77,185.02,191794.24
2025-11-01 18:15:00+00:00,185.01,185.26,184.86,185.06,74184.07
2025-11-01 18:30:00+00:00,185.06,185.37,185.01,185.34,77886.02
2025-11-01 18:45:00+00:00,185.33,185.7,185.26,185.64,76134.53
2025-11-01 19:00:00+00:00,185.64,185.65,185.32,185.53,48045.16
2025-11-01 19:15:00+00:00,185.53,185.85,185.5,185.69,71940.53
2025-11-01 19:30:00+00:00,185.68,185.85,185.5,185.85,48936.48
2025-11-01 19:45:00+00:00,185.84,186.22,185.73,186.18,60204.5
2025-11-01 20:00:00+00:00,186.18,186.39,186.06,186.28,67191.12
2025-11-01 20:15:00+00:00,186.28,186.84,186.16,186.81,81159.37
2025-11-01 20:30:00+00:00,186.81,186.87,186.57,186.75,74911.81
2025-11-01 20:45:00+00:00,186.75,186.8,186.38,186.42,83802.83
2025-11-01 21:00:00+00:00,186.41,186.54,186.0,186.02,64161.51
2025-11-01 21:15:00+00:00,186.03,186.4,185.83,186.32,60751.83
2025-11-01 21:30:00+00:00,186.31,186.49,185.85,185.92,44932.7
2025-11-01 21:45:00+00:00,185.91,185.98,185.19,185.24,64993.17
2025-11-01 22:00:00+00:00,185.24,185.7,185.05,185.05,109684.31
2025-11-01 22:15:00+00:00,185.05,185.66,184.86,185.55,94351.6
2025-11-01 22:30:00+00:00,185.55,185.63,185.37,185.59,37721.65
2025-11-01 22:45:00+00:00,185.58,186.21,185.39,186.07,67053.53
2025-11-01 23:00:00+00:00,186.06,186.14,185.76,185.9,59091.19
2025-11-01 23:15:00+00:00,185.9,186.27,185.79,186.22,36849.33
2025-11-01 23:30:00+00:00,186.22,186.42,185.92,186.38,51121.05
2025-11-01 23:45:00+00:00,186.38,186.49,186.18,186.29,40097.01
2025-11-02 00:00:00+00:00,186.28,186.3,185.53,185.92,105559.69
2025-11-02 00:15:00+00:00,185.92,185.93,185.15,185.41,144424.64
2025-11-02 00:30:00+00:00,185.4,185.63,185.21,185.54,72513.52
2025-11-02 00:45:00+00:00,185.53,185.62,185.0,185.03,75330.36
2025-11-02 01:00:00+00:00,185.02,185.21,184.69,185.04,120597.17
2025-11-02 01:15:00+00:00,185.03,185.4,184.85,185.36,82049.12
2025-11-02 01:30:00+00:00,185.35,185.42,185.03,185.1,61915.92
2025-11-02 01:45:00+00:00,185.09,185.12,184.55,184.71,144613.46
2025-11-02 02:00:00+00:00,184.7,185.39,184.67,185.36,107605.35
2025-11-02 02:15:00+00:00,185.36,185.42,184.99,185.25,50082.99
2025-11-02 02:30:00+00:00,185.24,185.94,185.19,185.45,133836.18
2025-11-02 02:45:00+00:00,185.45,185.76,185.08,185.27,54829.23
2025-11-02 03:00:00+00:00,185.27,185.42,184.87,185.21,88845.05
2025-11-02 03:15:00+00:00,185.21,185.27,185.0,185.04,59740.49
2025-11-02 03:30:00+00:00,185.04,185.42,184.84,185.03,60947.4
2025-11-02 03:45:00+00:00,185.03,185.23,184.87,185.18,46418.32
2025-11-02 04:00:00+00:00,185.18,185.69,184.91,185.63,143258.68
2025-11-02 04:15:00+00:00,185.63,186.33,185.52,186.23,165449.33
2025-11-02 04:30:00+00:00,186.23,186.77,186.04,186.74,171125.95
2025-11-02 04:45:00+00:00,186.73,187.96,186.59,187.71,464222.43
2025-11-02 05:00:00+00:00,187.71,187.76,187.0,187.3,220152.17
2025-11-02 05:15:00+00:00,187.3,187.64,186.64,186.86,154882.12
2025-11-02 05:30:00+00:00,186.86,187.13,186.42,187.03,127706.25
2025-11-02 05:45:00+00:00,187.02,187.08,186.52,187.01,82877.18
2025-11-02 06:00:00+00:00,187.0,187.24,186.52,186.73,72078.65
2025-11-02 06:15:00+00:00,186.73,186.94,186.53,186.82,55633.65
2025-11-02 06:30:00+00:00,186.81,187.24,186.53,187.21,53019.28
2025-11-02 06:45:00+00:00,187.2,187.61,187.17,187.31,98478.57
2025-11-02 07:00:00+00:00,187.3,187.39,186.73,186.85,85920.66
2025-11-02 07:15:00+00:00,186.84,187.09,186.6,186.94,50652.78
2025-11-02 07:30:00+00:00,186.94,187.48,186.8,187.43,78679.28
2025-11-02 07:45:00+00:00,187.42,188.27,187.34,187.64,208270.41
2025-11-02 08:00:00+00:00,187.64,187.85,187.32,187.6,121106.24
2025-11-02 08:15:00+00:00,187.6,187.74,187.08,187.16,98403.44
2025-11-02 08:30:00+00:00,187.17,187.41,187.03,187.3,76526.48
2025-11-02 08:45:00+00:00,187.29,187.29,186.83,187.04,94724.45
2025-11-02 09:00:00+00:00,187.03,187.36,186.95,187.31,81248.21
2025-11-02 09:15:00+00:00,187.3,187.84,187.01,187.45,90941.35
2025-11-02 09:30:00+00:00,187.45,187.45,186.3,186.56,218085.41
2025-11-02 09:45:00+00:00,186.56,186.56,185.67,185.79,225999.06
2025-11-02 10:00:00+00:00,185.79,186.09,185.42,185.91,214549.86
2025-11-02 10:15:00+00:00,185.9,185.91,185.18,185.18,184730.6
2025-11-02 10:30:00+00:00,185.18,185.19,184.29,184.53,491586.49
2025-11-02 10:45:00+00:00,184.53,184.95,184.44,184.92,151484.81
2025-11-02 11:00:00+00:00,184.91,185.41,184.76,184.96,165713.55
2025-11-02 11:15:00+00:00,184.96,185.7,184.9,185.59,127553.16
2025-11-02 11:30:00+00:00,185.59,186.2,185.3,186.18,257805.87
2025-11-02 11:45:00+00:00,186.17,186.3,185.85,186.04,190244.11
2025-11-02 12:00:00+00:00,186.04,186.11,185.64,185.98,164647.32
2025-11-02 12:15:00+00:00,185.97,186.41,185.7,185.99,146653.95
2025-11-02 12:30:00+00:00,185.99,186.13,185.41,185.53,107622.44
2025-11-02 12:45:00+00:00,185.52,185.6,185.15,185.42,98589.85
2025-11-02 13:00:00+00:00,185.41,185.47,184.91,184.91,98040.1
2025-11-02 13:15:00+00:00,184.91,184.91,183.77,184.64,337609.82
2025-11-02 13:30:00+00:00,184.64,185.02,184.49,184.89,145782.09
2025-11-02 13:45:00+00:00,184.88,185.14,184.66,184.99,93897.83
2025-11-02 14:00:00+00:00,184.98,185.27,184.32,184.56,152245.21
2025-11-02 14:15:00+00:00,184.55,184.78,183.9,184.1,210680.49
2025-11-02 14:30:00+00:00,184.09,184.9,184.03,184.18,104459.22
2025-11-02 14:45:00+00:00,184.17,184.67,183.26,184.27,287990.46
2025-11-02 15:00:00+00:00,184.26,184.66,183.64,184.39,174855.13
2025-11-02 15:15:00+00:00,184.38,184.98,184.26,184.87,110671.29
2025-11-02 15:30:00+00:00,184.86,184.92,184.21,184.4,132537.75
2025-11-02 15:45:00+00:00,184.39,184.63,183.59,183.67,173589.38
2025-11-02 16:00:00+00:00,183.67,183.95,182.19,182.75,676417.43
2025-11-02 16:15:00+00:00,182.75,183.56,181.91,183.45,485948.35
2025-11-02 16:30:00+00:00,183.44,183.66,183.08,183.61,140455.54
2025-11-02 16:45:00+00:00,183.6,184.3,183.46,184.2,138316.39
2025-11-02 17:00:00+00:00,184.19,184.51,183.98,183.99,176057.12
2025-11-02 17:15:00+00:00,183.99,184.2,183.63,183.87,109896.6
2025-11-02 17:30:00+00:00,183.87,183.89,183.43,183.83,111713.83
2025-11-02 17:45:00+00:00,183.83,184.32,183.58,184.32,67221.37
2025-11-02 18:00:00+00:00,184.32,184.56,183.98,184.0,99075.88
2025-11-02 18:15:00+00:00,183.99,184.33,183.86,184.21,34787.43
2025-11-02 18:30:00+00:00,184.22,184.43,184.04,184.38,44098.63
2025-11-02 18:45:00+00:00,184.37,184.41,183.93,184.14,58010.61
2025-11-02 19:00:00+00:00,184.14,184.18,183.7,184.01,82466.72
2025-11-02 19:15:00+00:00,184.0,184.0,183.02,183.03,124047.35
2025-11-02 19:30:00+00:00,183.02,183.58,182.9,183.34,162097.59
2025-11-02 19:45:00+00:00,183.34,183.93,183.34,183.93,52695.73
2025-11-02 20:00:00+00:00,183.92,184.08,183.48,183.53,62374.3
2025-11-02 20:15:00+00:00,183.53,183.94,183.52,183.91,37754.16
2025-11-02 20:30:00+00:00,183.9,184.15,183.84,184.05,41112.98
2025-11-02 20:45:00+00:00,184.05,184.47,184.0,184.46,56128.34
2025-11-02 21:00:00+00:00,184.47,184.95,184.43,184.66,110024.79
2025-11-02 21:15:00+00:00,184.66,185.42,184.5,185.17,138510.02
2025-11-02 21:30:00+00:00,185.17,185.44,184.98,185.43,64673.45
2025-11-02 21:45:00+00:00,185.44,185.95,185.27,185.39,174861.51
2025-11-02 22:00:00+00:00,185.4,185.47,185.06,185.11,71835.47
2025-11-02 22:15:00+00:00,185.11,185.59,185.06,185.35,43612.55
2025-11-02 22:30:00+00:00,185.35,185.42,184.23,184.56,122497.0
2025-11-02 22:45:00+00:00,184.56,184.86,184.25,184.82,61453.16
2025-11-02 23:00:00+00:00,184.83,186.4,184.83,186.3,240460.7
2025-11-02 23:15:00+00:00,186.29,186.43,185.89,186.39,182232.17
2025-11-02 23:30:00+00:00,186.39,187.17,186.33,186.73,235357.06
2025-11-02 23:45:00+00:00,186.73,188.03,186.64,187.65,304931.75
2025-11-03 00:00:00+00:00,187.64,189.1,187.41,188.67,566160.46
2025-11-03 00:15:00+00:00,188.68,188.79,187.59,187.7,229893.73
2025-11-03 00:30:00+00:00,187.69,188.26,187.63,188.1,213078.78
2025-11-03 00:45:00+00:00,188.1,188.37,186.49,186.52,278132.68
2025-11-03 01:00:00+00:00,186.52,186.95,186.15,186.81,300348.79
2025-11-03 01:15:00+00:00,186.82,187.1,186.06,186.47,201598.11
2025-11-03 01:30:00+00:00,186.46,186.79,185.27,186.03,310467.64
2025-11-03 01:45:00+00:00,186.03,186.52,185.42,185.46,135357.98
2025-11-03 02:00:00+00:00,185.47,185.89,184.6,185.26,312166.75
2025-11-03 02:15:00+00:00,185.25,185.33,184.26,184.39,230984.99
2025-11-03 02:30:00+00:00,184.39,184.4,183.29,183.71,500477.78
2025-11-03 02:45:00+00:00,183.71,184.15,182.88,183.41,456363.83
2025-11-03 03:00:00+00:00,183.41,183.59,180.36,180.6,977299.32
2025-11-03 03:15:00+00:00,180.6,181.36,180.12,180.47,595616.53
2025-11-03 03:30:00+00:00,180.47,180.5,178.77,178.97,829176.91
2025-11-03 03:45:00+00:00,178.98,178.98,176.5,177.42,1105480.97
2025-11-03 04:00:00+00:00,177.42,177.45,175.58,177.23,815644.74
2025-11-03 04:15:00+00:00,177.24,178.3,176.65,177.93,462562.66
2025-11-03 04:30:00+00:00,177.94,177.94,176.94,176.99,308125.46
2025-11-03 04:45:00+00:00,176.99,177.87,176.9,177.79,236992.57
2025-11-03 05:00:00+00:00,177.8,178.62,177.73,178.48,414153.51
2025-11-03 05:15:00+00:00,178.48,178.53,177.5,178.11,241023.47
2025-11-03 05:30:00+00:00,178.12,178.3,176.48,176.7,290116.25
2025-11-03 05:45:00+00:00,176.7,176.92,176.3,176.68,199238.26
2025-11-03 06:00:00+00:00,176.69,177.13,175.35,175.99,392348.92
2025-11-03 06:15:00+00:00,175.99,176.44,175.74,175.97,197120.93
2025-11-03 06:30:00+00:00,175.98,176.16,175.07,175.2,351339.74
2025-11-03 06:45:00+00:00,175.2,176.19,174.09,175.97,835910.7
2025-11-03 07:00:00+00:00,175.96,176.1,175.31,175.8,231504.27
2025-11-03 07:15:00+00:00,175.79,176.87,175.61,176.43,292119.46
2025-11-03 07:30:00+00:00,176.43,177.01,175.93,175.93,295463.29
2025-11-03 07:45:00+00:00,175.92,176.67,175.87,176.38,143081.12
2025-11-03 08:00:00+00:00,176.37,176.49,175.94,176.11,160136.07
2025-11-03 08:15:00+00:00,176.11,176.27,175.39,175.63,194091.63
2025-11-03 08:30:00+00:00,175.63,175.8,174.68,175.34,388027.73
2025-11-03 08:45:00+00:00,175.34,176.03,174.31,175.57,501082.55
2025-11-03 09:00:00+00:00,175.56,176.83,175.3,176.46,294946.02
2025-11-03 09:15:00+00:00,176.47,176.5,174.9,175.48,289370.73
2025-11-03 09:30:00+00:00,175.49,175.78,175.02,175.39,152318.21
2025-11-03 09:45:00+00:00,175.39,175.57,174.52,174.84,238007.97
2025-11-03 10:00:00+00:00,174.83,175.57,174.81,175.36,167005.04
2025-11-03 10:15:00+00:00,175.37,175.8,175.26,175.71,118681.13
2025-11-03 10:30:00+00:00,175.7,175.7,174.5,174.54,161391.37
2025-11-03 10:45:00+00:00,174.54,175.0,173.1,174.03,418609.5
2025-11-03 11:00:00+00:00,174.04,175.54,173.99,174.99,436378.03
2025-11-03 11:15:00+00:00,174.99,176.0,174.56,175.14,232909.44
2025-11-03 11:30:00+00:00,175.14,175.37,174.62,175.12,157179.36
2025-11-03 11:45:00+00:00,175.12,175.73,175.12,175.2,187519.75
2025-11-03 12:00:00+00:00,175.2,176.1,174.88,175.91,311051.68
2025-11-03 12:15:00+00:00,175.9,176.45,175.9,176.31,250357.54
2025-11-03 12:30:00+00:00,176.32,176.38,175.69,175.71,147092.87
2025-11-03 12:45:00+00:00,175.7,176.07,175.26,175.44,146975.4
2025-11-03 13:00:00+00:00,175.43,175.49,174.92,175.27,170375.37
2025-11-03 13:15:00+00:00,175.26,175.62,174.83,175.5,178767.0
2025-11-03 13:30:00+00:00,175.5,176.24,175.48,175.85,179471.08
2025-11-03 13:45:00+00:00,175.86,176.14,175.24,175.69,190988.63
2025-11-03 14:00:00+00:00,175.7,176.83,175.7,175.76,283329.86
2025-11-03 14:15:00+00:00,175.75,175.98,175.09,175.28,176476.4
2025-11-03 14:30:00+00:00,175.29,175.96,174.7,175.31,277644.23
2025-11-03 14:45:00+00:00,175.3,176.4,174.96,176.31,248181.78
2025-11-03 15:00:00+00:00,176.31,176.67,174.94,175.13,316479.57
2025-11-03 15:15:00+00:00,175.12,175.14,165.75,167.78,3530224.5
2025-11-03 15:30:00+00:00,167.77,169.82,164.0,167.76,3611713.74
2025-11-03 15:45:00+00:00,167.76,168.52,165.68,166.73,1800614.1
2025-11-03 16:00:00+00:00,166.74,168.5,165.53,168.07,1407859.65
2025-11-03 16:15:00+00:00,168.07,168.82,167.33,168.14,929245.73
2025-11-03 16:30:00+00:00,168.14,168.66,167.58,168.06,384311.99
2025-11-03 16:45:00+00:00,168.06,169.06,167.89,168.23,436798.19
2025-11-03 17:00:00+00:00,168.23,169.38,167.95,169.26,403942.82
2025-11-03 17:15:00+00:00,169.25,170.9,168.71,169.08,621867.24
2025-11-03 17:30:00+00:00,169.08,170.35,169.01,169.54,360114.9
2025-11-03 17:45:00+00:00,169.54,170.5,169.45,169.79,316486.42
2025-11-03 18:00:00+00:00,169.8,170.01,168.82,169.24,310922.63
2025-11-03 18:15:00+00:00,169.24,169.53,168.58,168.68,198618.32
2025-11-03 18:30:00+00:00,168.69,169.19,168.15,168.23,253391.37
2025-11-03 18:45:00+00:00,168.24,168.34,167.63,167.76,256282.8
2025-11-03 19:00:00+00:00,167.75,168.01,166.72,167.44,466183.94
2025-11-03 19:15:00+00:00,167.44,168.26,166.81,166.99,239408.24
2025-11-03 19:30:00+00:00,167.0,168.06,166.96,167.85,202628.63
2025-11-03 19:45:00+00:00,167.85,168.02,166.44,166.64,214756.9
2025-11-03 20:00:00+00:00,166.65,167.14,165.73,165.92,370502.69
2025-11-03 20:15:00+00:00,165.93,166.24,165.21,166.02,339557.47
2025-11-03 20:30:00+00:00,166.02,166.74,165.29,165.52,312217.89
2025-11-03 20:45:00+00:00,165.52,165.69,163.12,164.31,1134923.77
2025-11-03 21:00:00+00:00,164.31,166.07,164.25,164.72,547623.9
2025-11-03 21:15:00+00:00,164.72,165.58,163.15,164.73,546702.02
2025-11-03 21:30:00+00:00,164.73,165.98,164.32,165.93,308335.47
2025-11-03 21:45:00+00:00,165.93,166.15,165.56,165.86,190533.51
2025-11-03 22:00:00+00:00,165.87,166.01,164.93,165.4,213099.36
2025-11-03 22:15:00+00:00,165.4,166.22,164.84,164.86,226448.46
2025-11-03 22:30:00+00:00,164.86,165.57,164.09,165.22,287799.98
2025-11-03 22:45:00+00:00,165.22,166.0,165.21,165.64,113984.22
2025-11-03 23:00:00+00:00,165.65,165.65,164.4,164.84,137227.76
2025-11-03 23:15:00+00:00,164.85,165.85,164.82,165.6,108627.42
2025-11-03 23:30:00+00:00,165.6,166.15,165.45,165.96,149172.0
2025-11-03 23:45:00+00:00,165.97,166.23,165.52,165.95,123408.64
2025-11-04 00:00:00+00:00,165.96,166.01,165.17,165.55,171848.08
2025-11-04 00:15:00+00:00,165.56,166.03,164.1,164.11,270422.46
2025-11-04 00:30:00+00:00,164.12,167.22,164.11,166.76,526260.74
2025-11-04 00:45:00+00:00,166.77,166.81,165.9,166.46,178062.44
2025-11-04 01:00:00+00:00,166.47,166.87,165.76,166.51,165104.34
2025-11-04 01:15:00+00:00,166.51,167.57,166.32,167.27,341099.77
2025-11-04 01:30:00+00:00,167.28,168.27,167.07,167.62,302485.76
2025-11-04 01:45:00+00:00,167.63,168.15,167.05,167.71,191468.37
2025-11-04 02:00:00+00:00,167.7,168.01,167.16,167.86,150588.92
2025-11-04 02:15:00+00:00,167.87,168.28,167.44,167.52,151395.94
2025-11-04 02:30:00+00:00,167.52,167.72,166.78,166.99,180873.31
2025-11-04 02:45:00+00:00,166.99,166.99,166.28,166.55,212418.14
2025-11-04 03:00:00+00:00,166.55,167.54,166.1,167.51,216025.37
2025-11-04 03:15:00+00:00,167.51,167.84,167.15,167.64,180194.78
2025-11-04 03:30:00+00:00,167.64,168.17,167.26,167.73,183348.16
2025-11-04 03:45:00+00:00,167.74,167.91,167.3,167.53,112123.72
2025-11-04 04:00:00+00:00,167.53,168.0,167.22,167.43,264678.9
2025-11-04 04:15:00+00:00,167.43,167.46,165.84,165.99,452965.92
2025-11-04 04:30:00+00:00,165.99,166.27,164.62,164.92,473283.59
2025-11-04 04:45:00+00:00,164.93,165.4,164.61,164.88,236824.46
2025-11-04 05:00:00+00:00,164.88,165.37,164.66,164.83,190686.88
2025-11-04 05:15:00+00:00,164.82,164.87,160.13,160.66,1857184.39
2025-11-04 05:30:00+00:00,160.65,160.78,158.13,159.28,1450882.35
2025-11-04 05:45:00+00:00,159.28,159.6,157.04,157.59,1339095.65
2025-11-04 06:00:00+00:00,157.59,159.87,157.5,159.87,903429.82
2025-11-04 06:15:00+00:00,159.86,161.22,159.56,159.86,901129.3
2025-11-04 06:30:00+00:00,159.87,159.94,158.11,158.21,443534.71
2025-11-04 06:45:00+00:00,158.21,158.93,158.18,158.5,304144.96
2025-11-04 07:00:00+00:00,158.51,158.85,157.35,157.65,651792.69
2025-11-04 07:15:00+00:00,157.65,158.5,156.62,156.86,509159.48
2025-11-04 07:30:00+00:00,156.87,157.99,156.11,156.46,744955.82
2025-11-04 07:45:00+00:00,156.46,157.07,155.81,157.0,462099.51
2025-11-04 08:00:00+00:00,157.01,157.49,156.32,156.91,479527.7
2025-11-04 08:15:00+00:00,156.92,159.05,156.56,158.94,658351.8
2025-11-04 08:30:00+00:00,158.94,160.41,158.87,159.79,648084.25
2025-11-04 08:45:00+00:00,159.79,159.91,158.61,159.17,365018.49
2025-11-04 09:00:00+00:00,159.17,159.86,158.88,159.19,382036.66
2025-11-04 09:15:00+00:00,159.19,160.0,158.56,159.53,322586.69
2025-11-04 09:30:00+00:00,159.54,160.39,159.17,160.1,286598.84
2025-11-04 09:45:00+00:00,160.09,160.41,159.27,160.31,300910.94
2025-11-04 10:00:00+00:00,160.3,160.75,160.15,160.31,330025.46
2025-11-04 10:15:00+00:00,160.31,161.0,160.25,160.56,249771.74
2025-11-04 10:30:00+00:00,160.56,161.29,160.38,160.51,278682.72
2025-11-04 10:45:00+00:00,160.52,160.8,159.85,160.44,337921.45
2025-11-04 11:00:00+00:00,160.44,161.66,160.25,161.21,470836.27
2025-11-04 11:15:00+00:00,161.22,162.27,161.05,161.27,395335.02
2025-11-04 11:30:00+00:00,161.28,161.88,161.08,161.85,191082.42
2025-11-04 11:45:00+00:00,161.85,161.88,161.26,161.63,170107.8
2025-11-04 12:00:00+00:00,161.63,162.47,161.1,161.32,380204.78
2025-11-04 12:15:00+00:00,161.33,161.53,160.72,161.16,404045.94
2025-11-04 12:30:00+00:00,161.15,161.59,160.88,161.05,205694.47
2025-11-04 12:45:00+00:00,161.06,161.95,160.74,161.35,191418.8
2025-11-04 13:00:00+00:00,161.36,161.84,160.72,161.37,499326.81
2025-11-04 13:15:00+00:00,161.38,161.48,160.52,160.58,397173.79
2025-11-04 13:30:00+00:00,160.59,162.58,160.4,161.82,484059.49
2025-11-04 13:45:00+00:00,161.81,161.82,161.14,161.19,190841.82
2025-11-04 14:00:00+00:00,161.2,161.68,160.25,160.92,374586.92
2025-11-04 14:15:00+00:00,160.92,161.08,159.7,160.14,407040.76
2025-11-04 14:30:00+00:00,160.14,162.85,159.24,162.82,1195185.09
2025-11-04 14:45:00+00:00,162.82,164.68,162.36,164.34,1281127.13
2025-11-04 15:00:00+00:00,164.34,165.0,162.66,162.77,787049.32
2025-11-04 15:15:00+00:00,162.77,165.24,162.7,164.0,711073.1
2025-11-04 15:30:00+00:00,164.0,164.01,162.94,163.2,420021.41
2025-11-04 15:45:00+00:00,163.2,163.2,161.2,161.39,602277.37
2025-11-04 16:00:00+00:00,161.39,162.3,160.88,161.44,519896.65
2025-11-04 16:15:00+00:00,161.44,161.87,159.76,160.53,688448.16
2025-11-04 16:30:00+00:00,160.52,161.44,159.29,159.38,493787.79
2025-11-04 16:45:00+00:00,159.37,159.59,158.1,158.15,819760.86
2025-11-04 17:00:00+00:00,158.15,158.19,153.6,154.63,2172245.87
2025-11-04 17:15:00+00:00,154.64,157.25,153.0,156.07,1684282.02
2025-11-04 17:30:00+00:00,156.07,158.02,156.05,156.59,771975.44
2025-11-04 17:45:00+00:00,156.6,156.94,155.77,156.11,471799.7
2025-11-04 18:00:00+00:00,156.11,156.22,154.28,154.55,726134.53
2025-11-04 18:15:00+00:00,154.56,154.91,153.29,154.18,773623.93
2025-11-04 18:30:00+00:00,154.17,155.59,152.15,155.57,1215249.67
2025-11-04 18:45:00+00:00,155.57,156.5,153.75,156.35,770861.12
2025-11-04 19:00:00+00:00,156.35,157.16,155.41,156.2,623238.26
2025-11-04 19:15:00+00:00,156.19,157.36,155.73,156.15,430650.36
2025-11-04 19:30:00+00:00,156.15,156.45,154.51,154.99,333534.69
2025-11-04 19:45:00+00:00,154.99,155.27,154.13,154.55,300244.77
2025-11-04 20:00:00+00:00,154.55,155.0,152.76,153.11,566207.46
2025-11-04 20:15:00+00:00,153.11,153.15,148.11,152.62,2863082.37
2025-11-04 20:30:00+00:00,152.63,154.77,150.91,154.09,1039295.25
2025-11-04 20:45:00+00:00,154.09,154.56,151.96,153.35,856477.91
2025-11-04 21:00:00+00:00,153.35,154.06,151.38,151.67,621432.25
2025-11-04 21:15:00+00:00,151.67,151.83,149.29,149.78,697005.27
2025-11-04 21:30:00+00:00,149.79,149.92,145.67,148.06,1959442.68
2025-11-04 21:45:00+00:00,148.07,151.14,147.98,151.12,1315207.75
2025-11-04 22:00:00+00:00,151.12,153.32,150.41,152.85,788832.7
2025-11-04 22:15:00+00:00,152.85,153.96,152.63,153.96,469358.55
2025-11-04 22:30:00+00:00,153.96,155.11,153.6,154.29,442525.69
2025-11-04 22:45:00+00:00,154.29,155.52,154.2,155.15,284050.45
2025-11-04 23:00:00+00:00,155.15,155.87,154.55,155.24,476236.06
2025-11-04 23:15:00+00:00,155.23,155.46,153.99,154.03,260231.23
2025-11-04 23:30:00+00:00,154.03,155.36,153.8,155.31,336930.7
2025-11-04 23:45:00+00:00,155.31,155.78,154.93,154.94,347913.41
2025-11-05 00:00:00+00:00,154.95,155.45,154.33,154.39,237610.54
2025-11-05 00:15:00+00:00,154.39,155.57,153.74,153.85,299652.55
2025-11-05 00:30:00+00:00,153.85,154.06,152.45,152.52,444105.11
2025-11-05 00:45:00+00:00,152.52,153.69,152.45,153.29,333556.44
2025-11-05 01:00:00+00:00,153.3,153.5,151.36,152.43,374889.35
2025-11-05 01:15:00+00:00,152.42,152.42,148.86,148.91,836555.13
2025-11-05 01:30:00+00:00,148.91,150.24,147.2,147.85,1245820.77
2025-11-05 01:45:00+00:00,147.84,153.2,147.65,152.59,1049140.48
2025-11-05 02:00:00+00:00,152.58,155.41,152.51,154.42,1315470.27
2025-11-05 02:15:00+00:00,154.42,155.2,153.61,154.19,476049.11
2025-11-05 02:30:00+00:00,154.2,155.41,153.73,155.39,389176.12
2025-11-05 02:45:00+00:00,155.39,156.22,154.4,156.07,478606.86
2025-11-05 03:00:00+00:00,156.06,156.6,155.32,155.67,341467.64
2025-11-05 03:15:00+00:00,155.67,156.26,154.95,156.02,306067.79
2025-11-05 03:30:00+00:00,156.01,156.71,155.69,156.52,310432.09
2025-11-05 03:45:00+00:00,156.52,157.34,156.24,156.84,524285.04
2025-11-05 04:00:00+00:00,156.84,157.43,156.34,156.61,321546.71
2025-11-05 04:15:00+00:00,156.62,156.82,155.6,155.76,294053.95
2025-11-05 04:30:00+00:00,155.76,157.68,155.67,157.57,246619.43
2025-11-05 04:45:00+00:00,157.58,157.87,156.73,156.97,199086.87
2025-11-05 05:00:00+00:00,156.97,158.48,156.72,158.18,454922.57
2025-11-05 05:15:00+00:00,158.17,158.32,157.15,157.53,194436.0
2025-11-05 05:30:00+00:00,157.54,157.94,157.23,157.47,162854.71
2025-11-05 05:45:00+00:00,157.46,157.66,156.83,157.45,182004.5
2025-11-05 06:00:00+00:00,157.44,157.54,156.51,156.81,174935.5
2025-11-05 06:15:00+00:00,156.82,157.7,156.55,157.3,218896.62
2025-11-05 06:30:00+00:00,157.3,157.88,156.87,157.04,151057.44
2025-11-05 06:45:00+00:00,157.05,158.09,156.86,157.95,140063.31
2025-11-05 07:00:00+00:00,157.95,158.03,156.55,156.91,156793.57
2025-11-05 07:15:00+00:00,156.91,156.99,155.86,156.16,225262.01
2025-11-05 07:30:00+00:00,156.16,156.67,155.96,156.67,143375.14
2025-11-05 07:45:00+00:00,156.66,157.04,156.26,156.41,172142.13
2025-11-05 08:00:00+00:00,156.41,156.43,155.3,155.47,345508.1
2025-11-05 08:15:00+00:00,155.46,155.56,153.61,154.33,603336.61
2025-11-05 08:30:00+00:00,154.33,155.91,154.2,155.11,385219.14
2025-11-05 08:45:00+00:00,155.11,155.82,154.26,155.62,334900.08
2025-11-05 09:00:00+00:00,155.61,157.08,155.49,156.44,352002.11
2025-11-05 09:15:00+00:00,156.44,156.9,155.88,156.73,173146.04
2025-11-05 09:30:00+00:00,156.74,157.0,155.98,156.75,156522.86
2025-11-05 09:45:00+00:00,156.75,157.25,156.32,156.94,150759.92
2025-11-05 10:00:00+00:00,156.94,157.0,155.92,156.17,224449.86
2025-11-05 10:15:00+00:00,156.17,156.38,155.58,156.14,142664.5
2025-11-05 10:30:00+00:00,156.14,156.4,155.26,155.5,156243.75
2025-11-05 10:45:00+00:00,155.49,155.59,154.59,154.77,197507.61
2025-11-05 11:00:00+00:00,154.76,156.14,154.75,155.83,193180.58
2025-11-05 11:15:00+00:00,155.83,156.97,155.81,156.37,213748.07
2025-11-05 11:30:00+00:00,156.37,157.19,156.27,156.84,149889.47
2025-11-05 11:45:00+00:00,156.83,157.55,156.7,157.37,230771.62
2025-11-05 12:00:00+00:00,157.37,157.64,156.66,157.04,230914.21
2025-11-05 12:15:00+00:00,157.04,158.64,156.93,158.43,430114.29
2025-11-05 12:30:00+00:00,158.43,158.43,157.69,158.26,249872.81
2025-11-05 12:45:00+00:00,158.26,158.27,157.46,158.19,196204.23
2025-11-05 13:00:00+00:00,158.18,158.61,157.72,157.85,205869.23
2025-11-05 13:15:00+00:00,157.84,158.44,157.48,158.24,255395.7
2025-11-05 13:30:00+00:00,158.23,159.49,158.04,159.12,336015.66
2025-11-05 13:45:00+00:00,159.13,159.84,158.83,159.34,612547.42
2025-11-05 14:00:00+00:00,159.34,159.56,158.34,158.49,329612.6
2025-11-05 14:15:00+00:00,158.48,158.67,157.68,157.71,330403.42
2025-11-05 14:30:00+00:00,157.71,158.98,156.83,158.22,673229.51
2025-11-05 14:45:00+00:00,158.21,159.4,158.12,158.65,522219.76
2025-11-05 15:00:00+00:00,158.66,158.98,157.78,158.28,412153.43
2025-11-05 15:15:00+00:00,158.29,159.04,157.92,158.68,293211.52
2025-11-05 15:30:00+00:00,158.68,160.4,158.29,159.64,586578.32
2025-11-05 15:45:00+00:00,159.64,160.43,159.46,160.36,349382.22
2025-11-05 16:00:00+00:00,160.37,160.41,158.73,158.94,391322.77
2025-11-05 16:15:00+00:00,158.94,159.27,158.41,159.17,231525.35
2025-11-05 16:30:00+00:00,159.16,160.16,159.07,159.92,299348.27
2025-11-05 16:45:00+00:00,159.92,161.97,159.75,161.73,607433.03
2025-11-05 17:00:00+00:00,161.73,161.76,160.78,160.98,334260.11
2025-11-05 17:15:00+00:00,160.97,162.4,160.79,162.05,365524.7
2025-11-05 17:30:00+00:00,162.05,162.36,161.72,162.35,250274.06
2025-11-05 17:45:00+00:00,162.34,162.37,161.7,161.91,197423.1
2025-11-05 18:00:00+00:00,161.91,162.24,161.56,161.95,158358.37
2025-11-05 18:15:00+00:00,161.95,162.96,161.84,162.95,252215.87
2025-11-05 18:30:00+00:00,162.95,163.68,162.65,163.12,303050.32
2025-11-05 18:45:00+00:00,163.11,163.82,162.91,162.98,336510.53
2025-11-05 19:00:00+00:00,162.97,163.32,162.07,162.41,364417.57
2025-11-05 19:15:00+00:00,162.41,163.26,162.37,162.55,262170.68
2025-11-05 19:30:00+00:00,162.55,163.18,162.47,163.06,151909.12
2025-11-05 19:45:00+00:00,163.05,163.13,162.1,162.41,229834.67
2025-11-05 20:00:00+00:00,162.4,163.68,162.33,163.51,211164.74
2025-11-05 20:15:00+00:00,163.51,163.88,162.46,162.56,214494.61
2025-11-05 20:30:00+00:00,162.56,163.04,162.25,162.73,217126.32
2025-11-05 20:45:00+00:00,162.73,163.03,162.23,162.44,241731.33
2025-11-05 21:00:00+00:00,162.45,162.45,161.31,161.47,320201.89
2025-11-05 21:15:00+00:00,161.46,161.89,161.1,161.46,212930.13
2025-11-05 21:30:00+00:00,161.46,161.74,161.02,161.62,207871.94
2025-11-05 21:45:00+00:00,161.61,162.42,161.56,161.76,164707.5
2025-11-05 22:00:00+00:00,161.76,162.03,161.22,161.38,139452.82
2025-11-05 22:15:00+00:00,161.37,161.89,161.29,161.78,65586.19
2025-11-05 22:30:00+00:00,161.78,162.43,161.65,162.31,100510.08
2025-11-05 22:45:00+00:00,162.31,162.86,162.12,162.72,79554.92
2025-11-05 23:00:00+00:00,162.72,162.95,162.03,162.49,162797.1
2025-11-05 23:15:00+00:00,162.5,162.93,162.29,162.86,115113.69
2025-11-05 23:30:00+00:00,162.86,162.99,162.52,162.89,88122.02
2025-11-05 23:45:00+00:00,162.89,162.93,162.23,162.28,87655.15
2025-11-06 00:00:00+00:00,162.29,162.29,160.78,161.42,313764.34
2025-11-06 00:15:00+00:00,161.42,161.7,160.91,161.26,151459.05
2025-11-06 00:30:00+00:00,161.25,161.4,160.38,160.84,255686.03
2025-11-06 00:45:00+00:00,160.85,161.51,160.6,161.31,125909.82
2025-11-06 01:00:00+00:00,161.3,161.31,159.97,160.66,220212.35
2025-11-06 01:15:00+00:00,160.66,160.96,159.62,159.92,353161.13
2025-11-06 01:30:00+00:00,159.92,161.06,159.92,160.79,198166.08
2025-11-06 01:45:00+00:00,160.79,161.64,160.64,160.75,231586.15
2025-11-06 02:00:00+00:00,160.74,161.25,160.02,160.11,179073.71
2025-11-06 02:15:00+00:00,160.11,161.12,160.11,160.63,146111.37
2025-11-06 02:30:00+00:00,160.62,162.1,160.53,161.73,196824.25
2025-11-06 02:45:00+00:00,161.73,162.26,161.55,161.67,195333.45
2025-11-06 03:00:00+00:00,161.67,162.21,161.51,161.96,140400.13
2025-11-06 03:15:00+00:00,161.97,162.87,161.83,161.92,206613.62
2025-11-06 03:30:00+00:00,161.93,162.42,161.88,162.13,99429.35
2025-11-06 03:45:00+00:00,162.14,162.55,162.04,162.37,84787.67
2025-11-06 04:00:00+00:00,162.38,162.61,161.91,162.4,105029.88
2025-11-06 04:15:00+00:00,162.41,162.6,161.7,161.72,96080.61
2025-11-06 04:30:00+00:00,161.73,162.2,161.65,162.09,74584.39
2025-11-06 04:45:00+00:00,162.1,162.69,161.86,162.03,144535.52
2025-11-06 05:00:00+00:00,162.04,162.04,160.1,160.28,244004.32
2025-11-06 05:15:00+00:00,160.29,160.36,159.73,159.9,265000.12
2025-11-06 05:30:00+00:00,159.9,160.07,159.0,159.51,290976.15
2025-11-06 05:45:00+00:00,159.52,159.63,158.8,159.25,231844.15
2025-11-06 06:00:00+00:00,159.24,159.56,158.72,159.26,181572.33
2025-11-06 06:15:00+00:00,159.26,159.78,159.2,159.67,151879.77
2025-11-06 06:30:00+00:00,159.67,159.9,158.9,159.45,119041.05
2025-11-06 06:45:00+00:00,159.46,159.54,158.69,158.69,120142.94
2025-11-06 07:00:00+00:00,158.7,159.42,158.55,159.11,152647.44
2025-11-06 07:15:00+00:00,159.12,159.94,158.13,159.44,335369.93
2025-11-06 07:30:00+00:00,159.44,159.51,158.38,158.67,161514.4
2025-11-06 07:45:00+00:00,158.67,159.04,158.47,158.74,96682.13
2025-11-06 08:00:00+00:00,158.74,159.06,158.42,158.89,143455.05
2025-11-06 08:15:00+00:00,158.89,159.54,158.84,159.22,170334.38
2025-11-06 08:30:00+00:00,159.22,159.46,158.99,159.05,84556.68
2025-11-06 08:45:00+00:00,159.06,159.33,158.56,159.28,98103.65
2025-11-06 09:00:00+00:00,159.27,159.66,158.74,159.64,124793.24
2025-11-06 09:15:00+00:00,159.64,159.85,159.23,159.26,103421.51
2025-11-06 09:30:00+00:00,159.25,159.8,159.25,159.31,75513.84
2025-11-06 09:45:00+00:00,159.31,159.38,158.7,158.74,142502.05
2025-11-06 10:00:00+00:00,158.73,158.85,157.59,158.07,436756.59
2025-11-06 10:15:00+00:00,158.07,159.35,157.89,159.0,211337.44
2025-11-06 10:30:00+00:00,159.01,159.72,158.87,159.08,191423.39
2025-11-06 10:45:00+00:00,159.08,159.37,158.61,159.0,116474.2
2025-11-06 11:00:00+00:00,159.0,159.01,158.1,158.39,127429.97
2025-11-06 11:15:00+00:00,158.39,159.28,158.17,159.09,162888.84
2025-11-06 11:30:00+00:00,159.08,159.35,158.67,158.71,123255.49
2025-11-06 11:45:00+00:00,158.71,159.25,158.57,158.79,78386.18
2025-11-06 12:00:00+00:00,158.78,159.36,158.31,158.81,204263.65
2025-11-06 12:15:00+00:00,158.8,158.81,157.67,157.94,253076.24
2025-11-06 12:30:00+00:00,157.93,158.42,157.03,157.08,322944.39
2025-11-06 12:45:00+00:00,157.09,157.7,157.06,157.42,219424.37
2025-11-06 13:00:00+00:00,157.43,158.35,157.43,158.19,150897.09
2025-11-06 13:15:00+00:00,158.19,161.2,158.17,160.77,883602.45
2025-11-06 13:30:00+00:00,160.76,161.08,160.21,160.68,335399.05
2025-11-06 13:45:00+00:00,160.68,161.27,160.42,160.58,212205.25
2025-11-06 14:00:00+00:00,160.59,161.48,158.97,159.47,428038.89
2025-11-06 14:15:00+00:00,159.48,159.77,158.41,158.72,240094.8
2025-11-06 14:30:00+00:00,158.71,158.77,157.3,158.0,656411.56
2025-11-06 14:45:00+00:00,158.0,159.08,157.37,157.72,447636.39
2025-11-06 15:00:00+00:00,157.73,158.56,157.16,157.74,505462.34
2025-11-06 15:15:00+00:00,157.75,158.94,157.27,157.53,522433.1
2025-11-06 15:30:00+00:00,157.54,157.72,155.44,155.52,924452.51
2025-11-06 15:45:00+00:00,155.52,156.25,155.31,155.83,610622.78
2025-11-06 16:00:00+00:00,155.83,156.92,155.63,155.98,446151.93
2025-11-06 16:15:00+00:00,155.99,156.58,155.66,156.49,265134.02
2025-11-06 16:30:00+00:00,156.5,156.6,153.75,154.62,861124.21
2025-11-06 16:45:00+00:00,154.62,156.12,154.42,155.33,505242.49
2025-11-06 17:00:00+00:00,155.32,156.63,155.22,155.44,360539.21
2025-11-06 17:15:00+00:00,155.44,156.6,154.76,156.44,256222.95
2025-11-06 17:30:00+00:00,156.44,156.75,156.0,156.39,200648.81
2025-11-06 17:45:00+00:00,156.39,157.55,156.37,157.18,328803.53
2025-11-06 18:00:00+00:00,157.18,157.52,156.27,156.64,182617.17
2025-11-06 18:15:00+00:00,156.63,156.7,155.34,155.96,329828.07
2025-11-06 18:30:00+00:00,155.96,158.1,155.89,157.76,239857.72
2025-11-06 18:45:00+00:00,157.76,158.58,157.23,157.4,307714.18
2025-11-06 19:00:00+00:00,157.41,157.75,156.92,157.48,240911.38
2025-11-06 19:15:00+00:00,157.48,157.68,156.81,157.2,139911.61
2025-11-06 19:30:00+00:00,157.21,157.46,156.02,156.63,178833.06
2025-11-06 19:45:00+00:00,156.64,157.06,156.11,156.8,115193.23
2025-11-06 20:00:00+00:00,156.8,157.72,156.8,156.93,147950.18
2025-11-06 20:15:00+00:00,156.93,157.47,156.25,156.33,118305.36
2025-11-06 20:30:00+00:00,156.33,156.37,154.72,154.9,337226.31
2025-11-06 20:45:00+00:00,154.91,155.56,154.52,155.22,424028.28
2025-11-06 21:00:00+00:00,155.22,155.76,154.7,154.98,180656.12
2025-11-06 21:15:00+00:00,154.98,155.54,154.58,155.49,172488.8
2025-11-06 21:30:00+00:00,155.49,156.57,155.41,156.3,121671.22
2025-11-06 21:45:00+00:00,156.3,156.86,155.75,156.39,131475.92
2025-11-06 22:00:00+00:00,156.4,156.71,155.69,155.72,92145.66
2025-11-06 22:15:00+00:00,155.72,156.29,155.01,155.04,106747.94
2025-11-06 22:30:00+00:00,155.05,155.31,154.2,154.9,187814.14
2025-11-06 22:45:00+00:00,154.91,155.72,154.32,155.49,107691.89
2025-11-06 23:00:00+00:00,155.5,155.5,154.24,154.64,193616.52
2025-11-06 23:15:00+00:00,154.65,154.69,153.34,154.47,297206.0
2025-11-06 23:30:00+00:00,154.48,154.63,153.77,154.58,126581.81
2025-11-06 23:45:00+00:00,154.59,155.25,154.58,155.2,112511.38
2025-11-07 00:00:00+00:00,155.2,156.36,154.96,156.11,291628.6
2025-11-07 00:15:00+00:00,156.11,156.52,154.8,155.14,218337.99
2025-11-07 00:30:00+00:00,155.14,156.88,155.0,156.39,207162.2
2025-11-07 00:45:00+00:00,156.39,157.06,156.03,156.68,217813.53
2025-11-07 01:00:00+00:00,156.69,156.94,155.32,155.92,178572.79
2025-11-07 01:15:00+00:00,155.92,157.18,155.73,156.59,200807.18
2025-11-07 01:30:00+00:00,156.59,156.74,154.11,155.12,477738.05
2025-11-07 01:45:00+00:00,155.12,157.03,154.62,156.96,238544.5
2025-11-07 02:00:00+00:00,156.95,157.57,156.76,156.87,252771.73
2025-11-07 02:15:00+00:00,156.88,157.33,156.07,156.12,141012.88
2025-11-07 02:30:00+00:00,156.13,157.29,156.11,157.12,120945.98
2025-11-07 02:45:00+00:00,157.12,158.07,156.85,157.95,154606.65
2025-11-07 03:00:00+00:00,157.96,158.52,157.71,158.03,275012.25
2025-11-07 03:15:00+00:00,158.04,158.05,157.37,157.62,167626.64
2025-11-07 03:30:00+00:00,157.63,157.72,157.19,157.23,99768.49
2025-11-07 03:45:00+00:00,157.23,157.35,156.71,156.79,100477.74
2025-11-07 04:00:00+00:00,156.79,157.02,155.69,155.73,200527.03
2025-11-07 04:15:00+00:00,155.74,156.48,155.73,156.36,133521.76
2025-11-07 04:30:00+00:00,156.36,156.37,155.18,155.51,168185.31
2025-11-07 04:45:00+00:00,155.51,156.17,155.44,156.1,131271.21
2025-11-07 05:00:00+00:00,156.1,157.92,156.06,157.59,262947.0
2025-11-07 05:15:00+00:00,157.6,157.7,156.86,157.39,148296.38
2025-11-07 05:30:00+00:00,157.4,157.66,157.08,157.45,101155.8
2025-11-07 05:45:00+00:00,157.45,158.15,157.38,157.99,162482.8
2025-11-07 06:00:00+00:00,158.0,158.1,157.61,157.79,83603.28
2025-11-07 06:15:00+00:00,157.79,158.2,157.61,157.72,105928.27
2025-11-07 06:30:00+00:00,157.73,157.73,157.17,157.27,102828.31
2025-11-07 06:45:00+00:00,157.28,157.36,156.7,156.72,98397.74
2025-11-07 07:00:00+00:00,156.72,157.17,156.71,157.0,123407.5
2025-11-07 07:15:00+00:00,157.01,157.55,156.52,157.02,125249.29
2025-11-07 07:30:00+00:00,157.02,157.13,156.25,156.55,104718.92
2025-11-07 07:45:00+00:00,156.56,157.77,156.55,157.69,118993.7
2025-11-07 08:00:00+00:00,157.69,158.1,157.47,158.04,123911.86
2025-11-07 08:15:00+00:00,158.04,158.07,157.18,157.57,123327.21
2025-11-07 08:30:00+00:00,157.58,157.75,156.75,157.12,141230.62
2025-11-07 08:45:00+00:00,157.13,157.3,156.83,157.19,158733.86
2025-11-07 09:00:00+00:00,157.2,157.24,155.79,156.38,189831.58
2025-11-07 09:15:00+00:00,156.39,156.8,154.76,154.96,250512.44
2025-11-07 09:30:00+00:00,154.96,155.29,154.02,154.33,334455.78
2025-11-07 09:45:00+00:00,154.34,154.82,154.25,154.62,219940.68
2025-11-07 10:00:00+00:00,154.62,155.67,154.34,154.89,276987.33
2025-11-07 10:15:00+00:00,154.89,154.92,154.05,154.38,270217.53
2025-11-07 10:30:00+00:00,154.38,155.1,154.19,155.05,130875.86
2025-11-07 10:45:00+00:00,155.06,155.19,153.51,154.15,240294.54
2025-11-07 11:00:00+00:00,154.16,154.16,151.78,151.98,613122.45
2025-11-07 11:15:00+00:00,151.99,153.02,151.58,152.2,918388.97
2025-11-07 11:30:00+00:00,152.2,153.05,151.95,152.71,307455.68
2025-11-07 11:45:00+00:00,152.72,154.12,152.72,153.77,342644.14
2025-11-07 12:00:00+00:00,153.78,154.11,152.93,152.99,261412.66
2025-11-07 12:15:00+00:00,153.0,153.08,151.83,151.95,286971.77
2025-11-07 12:30:00+00:00,151.96,152.34,151.38,151.96,396028.4
2025-11-07 12:45:00+00:00,151.97,152.03,150.87,151.57,589543.61
2025-11-07 13:00:00+00:00,151.58,152.87,150.93,152.06,445261.87
2025-11-07 13:15:00+00:00,152.06,153.14,151.64,151.83,364941.3
2025-11-07 13:30:00+00:00,151.83,152.56,151.52,151.85,242981.91
2025-11-07 13:45:00+00:00,151.86,152.95,151.74,152.24,206237.95
2025-11-07 14:00:00+00:00,152.24,152.95,151.13,152.44,293133.05
2025-11-07 14:15:00+00:00,152.44,152.5,151.68,152.29,197734.21
2025-11-07 14:30:00+00:00,152.3,153.74,149.69,153.74,1178864.13
2025-11-07 14:45:00+00:00,153.73,155.06,152.9,154.62,1054596.5
2025-11-07 15:00:00+00:00,154.63,155.58,153.22,155.02,734427.34
2025-11-07 15:15:00+00:00,155.02,155.2,154.01,154.53,466646.75
2025-11-07 15:30:00+00:00,154.53,154.84,153.58,153.85,310860.57
2025-11-07 15:45:00+00:00,153.85,156.21,153.8,155.31,502470.92
2025-11-07 16:00:00+00:00,155.31,155.63,154.29,154.45,282514.12
2025-11-07 16:15:00+00:00,154.46,157.62,154.46,157.39,528143.4
2025-11-07 16:30:00+00:00,157.38,158.07,156.58,157.46,503519.22
2025-11-07 16:45:00+00:00,157.47,157.7,156.35,157.19,349304.59
2025-11-07 17:00:00+00:00,157.2,159.15,156.34,159.0,461607.38
2025-11-07 17:15:00+00:00,159.0,161.14,158.9,160.99,919883.82
2025-11-07 17:30:00+00:00,160.99,161.43,160.17,160.85,606422.47
2025-11-07 17:45:00+00:00,160.85,161.16,159.91,161.06,324377.11
2025-11-07 18:00:00+00:00,161.07,162.14,160.8,161.59,370553.19
2025-11-07 18:15:00+00:00,161.59,162.55,160.85,162.4,406064.04
2025-11-07 18:30:00+00:00,162.4,162.87,161.8,162.48,244177.36
2025-11-07 18:45:00+00:00,162.49,162.63,161.62,162.02,292030.81
2025-11-07 19:00:00+00:00,162.03,162.98,161.42,162.84,268493.45
2025-11-07 19:15:00+00:00,162.85,163.44,162.68,162.84,232086.89
2025-11-07 19:30:00+00:00,162.83,164.08,162.81,163.97,280765.55
2025-11-07 19:45:00+00:00,163.97,164.4,163.16,164.08,318124.04
2025-11-07 20:00:00+00:00,164.08,164.32,163.26,163.51,295875.0
2025-11-07 20:15:00+00:00,163.51,163.69,162.01,162.63,439614.92
2025-11-07 20:30:00+00:00,162.64,163.92,162.64,163.74,223014.7
2025-11-07 20:45:00+00:00,163.75,163.79,163.02,163.29,185714.79
2025-11-07 21:00:00+00:00,163.29,163.56,162.61,163.16,219785.37
2025-11-07 21:15:00+00:00,163.17,163.77,163.16,163.41,164441.95
2025-11-07 21:30:00+00:00,163.41,163.61,163.1,163.5,96528.46
2025-11-07 21:45:00+00:00,163.5,163.6,163.2,163.43,70695.18
2025-11-07 22:00:00+00:00,163.44,163.86,162.72,162.91,198928.61
2025-11-07 22:15:00+00:00,162.92,163.56,162.91,163.55,105836.36
2025-11-07 22:30:00+00:00,163.55,163.6,162.68,162.83,97846.82
2025-11-07 22:45:00+00:00,162.83,163.42,162.81,163.14,82746.38
2025-11-07 23:00:00+00:00,163.15,163.2,162.53,162.68,169353.6
2025-11-07 23:15:00+00:00,162.69,162.92,161.88,161.97,211287.63
2025-11-07 23:30:00+00:00,161.97,162.49,161.91,162.04,140612.18
2025-11-07 23:45:00+00:00,162.04,162.3,161.5,161.72,185123.72
2025-11-08 00:00:00+00:00,161.72,162.09,161.34,161.98,218656.18
2025-11-08 00:15:00+00:00,161.98,162.45,161.35,161.51,205832.5
2025-11-08 00:30:00+00:00,161.52,161.69,160.55,161.44,273206.71
2025-11-08 00:45:00+00:00,161.43,162.56,160.74,160.81,237711.34
2025-11-08 01:00:00+00:00,160.82,162.23,160.74,161.72,216864.96
2025-11-08 01:15:00+00:00,161.72,162.41,161.7,162.31,121603.98
2025-11-08 01:30:00+00:00,162.31,162.31,161.57,161.7,97218.49
2025-11-08 01:45:00+00:00,161.71,162.02,161.38,161.98,124245.36
2025-11-08 02:00:00+00:00,161.98,162.79,161.84,162.54,138861.18
2025-11-08 02:15:00+00:00,162.54,163.45,162.5,163.35,203751.89
2025-11-08 02:30:00+00:00,163.36,164.35,163.16,164.02,233007.75
2025-11-08 02:45:00+00:00,164.02,164.16,163.16,163.32,165958.97
2025-11-08 03:00:00+00:00,163.32,164.82,163.28,163.98,283170.94
2025-11-08 03:15:00+00:00,163.99,164.36,163.64,163.75,149384.37
2025-11-08 03:30:00+00:00,163.75,163.95,162.85,163.2,168731.5
2025-11-08 03:45:00+00:00,163.19,163.5,162.37,162.42,164809.03
2025-11-08 04:00:00+00:00,162.43,163.14,162.42,163.07,119684.87
2025-11-08 04:15:00+00:00,163.08,163.48,162.47,162.53,117527.09
2025-11-08 04:30:00+00:00,162.54,163.63,162.4,163.32,105650.32
2025-11-08 04:45:00+00:00,163.31,163.48,162.55,162.61,78587.4
2025-11-08 05:00:00+00:00,162.61,163.0,161.77,161.96,160033.82
2025-11-08 05:15:00+00:00,161.96,162.17,161.67,161.99,132760.4
2025-11-08 05:30:00+00:00,161.98,162.13,161.09,161.34,194430.75
2025-11-08 05:45:00+00:00,161.34,161.59,160.94,161.29,147271.7
2025-11-08 06:00:00+00:00,161.28,161.53,160.03,160.14,419935.39
2025-11-08 06:15:00+00:00,160.14,161.36,160.13,161.13,192231.41
2025-11-08 06:30:00+00:00,161.14,161.82,160.9,161.53,134749.63
2025-11-08 06:45:00+00:00,161.54,161.88,160.97,161.01,120315.61
2025-11-08 07:00:00+00:00,161.02,161.09,160.57,160.8,137968.6
2025-11-08 07:15:00+00:00,160.79,161.01,159.48,160.13,273454.07
2025-11-08 07:30:00+00:00,160.12,160.5,159.85,160.35,111864.3
2025-11-08 07:45:00+00:00,160.35,161.03,160.29,160.96,78321.96
2025-11-08 08:00:00+00:00,160.95,161.54,160.67,161.03,122586.24
2025-11-08 08:15:00+00:00,161.02,161.64,160.2,161.39,142530.66
2025-11-08 08:30:00+00:00,161.39,161.9,161.32,161.69,135515.34
2025-11-08 08:45:00+00:00,161.7,161.98,161.45,161.46,76555.57
2025-11-08 09:00:00+00:00,161.45,161.48,161.0,161.18,95934.93
2025-11-08 09:15:00+00:00,161.18,162.09,161.06,161.91,98748.5
2025-11-08 09:30:00+00:00,161.91,162.29,161.78,161.86,123413.65
2025-11-08 09:45:00+00:00,161.85,161.93,160.86,161.07,143975.84
2025-11-08 10:00:00+00:00,161.07,161.11,160.58,160.59,90164.54
2025-11-08 10:15:00+00:00,160.6,161.15,160.44,161.01,102268.26
2025-11-08 10:30:00+00:00,161.01,161.09,160.54,160.69,54472.21
2025-11-08 10:45:00+00:00,160.69,161.04,160.69,160.72,92771.67
2025-11-08 11:00:00+00:00,160.73,161.07,160.35,161.02,107636.87
2025-11-08 11:15:00+00:00,161.01,161.09,160.58,160.89,85392.87
2025-11-08 11:30:00+00:00,160.9,160.9,159.27,159.44,302247.21
2025-11-08 11:45:00+00:00,159.44,159.78,159.03,159.29,234579.09
2025-11-08 12:00:00+00:00,159.3,159.62,158.66,158.75,208423.69
2025-11-08 12:15:00+00:00,158.75,159.6,158.75,159.42,142099.07
2025-11-08 12:30:00+00:00,159.42,159.6,159.01,159.02,77689.5
2025-11-08 12:45:00+00:00,159.01,159.46,158.86,159.33,79464.18
2025-11-08 13:00:00+00:00,159.34,159.38,158.27,159.02,274018.59
2025-11-08 13:15:00+00:00,159.02,159.27,158.63,159.06,105138.61
2025-11-08 13:30:00+00:00,159.06,159.35,158.31,159.1,153094.36
2025-11-08 13:45:00+00:00,159.1,159.15,158.01,158.14,168545.83
2025-11-08 14:00:00+00:00,158.13,158.46,157.11,157.25,501712.5
2025-11-08 14:15:00+00:00,157.26,157.59,156.73,157.3,309381.92
2025-11-08 14:30:00+00:00,157.3,158.13,157.21,157.58,199638.43
2025-11-08 14:45:00+00:00,157.58,157.94,157.36,157.62,87026.46
2025-11-08 15:00:00+00:00,157.63,157.78,157.05,157.25,103025.41
2025-11-08 15:15:00+00:00,157.26,157.52,156.01,156.51,331573.76
2025-11-08 15:30:00+00:00,156.51,156.8,155.82,156.2,225119.89
2025-11-08 15:45:00+00:00,156.2,156.76,155.97,156.61,125085.84
2025-11-08 16:00:00+00:00,156.61,157.25,155.7,156.96,322520.8
2025-11-08 16:15:00+00:00,156.95,157.2,156.14,156.85,202202.57
2025-11-08 16:30:00+00:00,156.84,157.31,156.6,156.72,122304.69
2025-11-08 16:45:00+00:00,156.72,156.88,156.07,156.69,141481.79
2025-11-08 17:00:00+00:00,156.69,156.8,155.95,156.27,182366.91
2025-11-08 17:15:00+00:00,156.27,157.33,156.27,157.05,181042.88
2025-11-08 17:30:00+00:00,157.05,157.47,156.87,157.4,104932.03
2025-11-08 17:45:00+00:00,157.39,157.58,157.11,157.5,111628.37
2025-11-08 18:00:00+00:00,157.49,157.67,157.15,157.53,104118.69
2025-11-08 18:15:00+00:00,157.53,157.54,156.83,157.08,69634.3
2025-11-08 18:30:00+00:00,157.08,157.8,157.08,157.66,127536.61
2025-11-08 18:45:00+00:00,157.66,158.07,157.65,157.85,137789.75
2025-11-08 19:00:00+00:00,157.84,157.94,157.56,157.77,90592.06
2025-11-08 19:15:00+00:00,157.76,157.8,156.12,156.55,221361.65
2025-11-08 19:30:00+00:00,156.54,157.34,156.25,157.27,101030.0
2025-11-08 19:45:00+00:00,157.27,157.43,156.97,157.24,71092.18
2025-11-08 20:00:00+00:00,157.23,157.66,157.1,157.2,86440.65
2025-11-08 20:15:00+00:00,157.19,157.83,157.12,157.76,73094.21
2025-11-08 20:30:00+00:00,157.76,158.05,157.71,157.99,89379.93
2025-11-08 20:45:00+00:00,157.98,158.17,157.3,157.58,92666.36
2025-11-08 21:00:00+00:00,157.58,157.81,157.5,157.6,51857.42
2025-11-08 21:15:00+00:00,157.59,157.98,157.57,157.87,34728.59
2025-11-08 21:30:00+00:00,157.86,158.11,157.6,158.02,56613.38
2025-11-08 21:45:00+00:00,158.01,158.15,157.82,157.95,67035.82
2025-11-08 22:00:00+00:00,157.95,157.96,157.6,157.81,45312.63
2025-11-08 22:15:00+00:00,157.81,158.02,157.53,157.92,43151.69
2025-11-08 22:30:00+00:00,157.92,157.94,157.53,157.62,29434.73
2025-11-08 22:45:00+00:00,157.62,158.31,157.62,157.91,57646.5
2025-11-08 23:00:00+00:00,157.91,158.04,157.75,158.0,57844.87
2025-11-08 23:15:00+00:00,158.0,158.24,157.85,158.18,68349.81
2025-11-08 23:30:00+00:00,158.18,158.35,158.02,158.26,63112.02
2025-11-08 23:45:00+00:00,158.26,158.32,157.9,157.94,38284.35
2025-11-09 00:00:00+00:00,157.94,157.95,157.39,157.4,111990.69
2025-11-09 00:15:00+00:00,157.41,157.49,156.8,156.91,154890.61
2025-11-09 00:30:00+00:00,156.9,157.47,156.9,157.23,55884.97
2025-11-09 00:45:00+00:00,157.23,157.28,156.5,156.75,65693.57
2025-11-09 01:00:00+00:00,156.74,157.6,156.68,157.4,67179.38
2025-11-09 01:15:00+00:00,157.39,157.58,157.03,157.15,40381.15
2025-11-09 01:30:00+00:00,157.15,157.65,156.67,157.62,66147.16
2025-11-09 01:45:00+00:00,157.61,158.25,157.61,158.09,104419.68
2025-11-09 02:00:00+00:00,158.08,158.09,157.53,157.57,105004.14
2025-11-09 02:15:00+00:00,157.56,158.0,157.21,157.21,98735.02
2025-11-09 02:30:00+00:00,157.21,157.22,155.91,156.18,265626.69
2025-11-09 02:45:00+00:00,156.17,156.49,155.6,155.95,176033.52
2025-11-09 03:00:00+00:00,155.95,156.36,155.86,156.26,116377.82
2025-11-09 03:15:00+00:00,156.25,156.43,155.01,155.47,266725.05
2025-11-09 03:30:00+00:00,155.46,155.93,155.14,155.61,133355.9
2025-11-09 03:45:00+00:00,155.6,156.05,155.37,155.82,89420.18
2025-11-09 04:00:00+00:00,155.81,156.77,155.78,156.56,151342.73
2025-11-09 04:15:00+00:00,156.56,157.44,156.43,157.24,211547.19
2025-11-09 04:30:00+00:00,157.23,157.28,156.72,156.93,75839.12
2025-11-09 04:45:00+00:00,156.92,157.19,156.6,157.13,66452.03
2025-11-09 05:00:00+00:00,157.12,157.69,157.03,157.46,91254.35
2025-11-09 05:15:00+00:00,157.45,157.76,157.26,157.72,75341.75
2025-11-09 05:30:00+00:00,157.71,157.84,157.27,157.81,67297.5
2025-11-09 05:45:00+00:00,157.8,158.24,157.72,158.01,115763.75
2025-11-09 06:00:00+00:00,158.0,158.12,157.75,158.07,72517.9
2025-11-09 06:15:00+00:00,158.06,158.42,157.91,158.32,73736.75
2025-11-09 06:30:00+00:00,158.31,159.02,158.07,158.8,163262.55
2025-11-09 06:45:00+00:00,158.8,158.88,158.03,158.16,113284.76
2025-11-09 07:00:00+00:00,158.16,158.42,158.05,158.23,62721.33
2025-11-09 07:15:00+00:00,158.23,158.42,157.76,157.85,95293.03
2025-11-09 07:30:00+00:00,157.85,159.46,157.82,159.24,243244.1
2025-11-09 07:45:00+00:00,159.23,159.48,159.08,159.17,124399.9
2025-11-09 08:00:00+00:00,159.17,159.48,158.83,159.42,103211.96
2025-11-09 08:15:00+00:00,159.41,159.57,158.64,159.01,150556.53
2025-11-09 08:30:00+00:00,159.0,159.61,158.98,159.42,105609.64
2025-11-09 08:45:00+00:00,159.42,159.43,158.77,159.36,50346.28
2025-11-09 09:00:00+00:00,159.36,159.82,159.28,159.32,110170.59
2025-11-09 09:15:00+00:00,159.31,159.79,158.8,158.97,167060.88
2025-11-09 09:30:00+00:00,158.97,159.06,158.61,158.65,95700.23
2025-11-09 09:45:00+00:00,158.64,158.78,158.08,158.17,204616.02
2025-11-09 10:00:00+00:00,158.17,158.18,157.43,157.83,198947.78
2025-11-09 10:15:00+00:00,157.82,158.07,157.17,157.61,151609.52
2025-11-09 10:30:00+00:00,157.6,157.68,157.18,157.67,76490.31
2025-11-09 10:45:00+00:00,157.66,158.37,157.66,158.36,98957.03
2025-11-09 11:00:00+00:00,158.37,159.27,158.36,159.25,226656.04
2025-11-09 11:15:00+00:00,159.24,159.4,158.76,158.98,113131.03
2025-11-09 11:30:00+00:00,158.97,159.04,158.6,159.01,66925.48
2025-11-09 11:45:00+00:00,159.0,159.23,158.75,158.97,84352.65
2025-11-09 12:00:00+00:00,158.97,159.02,158.51,158.87,80551.37
2025-11-09 12:15:00+00:00,158.87,159.8,158.87,158.98,267317.63
2025-11-09 12:30:00+00:00,158.97,159.41,158.86,159.31,77212.34
2025-11-09 12:45:00+00:00,159.31,159.48,158.94,159.03,71978.33
2025-11-09 13:00:00+00:00,159.03,159.89,158.92,159.76,148130.04
2025-11-09 13:15:00+00:00,159.75,159.85,159.3,159.72,115067.09
2025-11-09 13:30:00+00:00,159.71,160.32,159.34,160.2,265847.82
2025-11-09 13:45:00+00:00,160.19,160.45,159.73,159.96,209785.02
2025-11-09 14:00:00+00:00,159.96,160.55,159.16,160.06,295707.21
2025-11-09 14:15:00+00:00,160.05,162.37,159.36,162.31,638872.07
2025-11-09 14:30:00+00:00,162.31,163.06,161.01,161.19,788352.2
2025-11-09 14:45:00+00:00,161.19,161.41,159.73,160.08,525188.95
2025-11-09 15:00:00+00:00,160.08,161.79,159.71,161.53,466367.61
2025-11-09 15:15:00+00:00,161.52,162.85,161.3,162.8,446343.98
2025-11-09 15:30:00+00:00,162.8,163.93,162.5,163.5,609859.16
2025-11-09 15:45:00+00:00,163.5,163.6,162.17,162.45,528723.6
2025-11-09 16:00:00+00:00,162.44,162.8,161.84,161.93,367882.39
2025-11-09 16:15:00+00:00,161.92,162.44,161.74,162.23,205779.82
2025-11-09 16:30:00+00:00,162.22,162.81,162.01,162.48,150041.8
2025-11-09 16:45:00+00:00,162.48,163.13,162.42,162.85,126737.07
2025-11-09 17:00:00+00:00,162.84,162.96,162.12,162.32,143239.97
2025-11-09 17:15:00+00:00,162.32,162.32,161.31,161.62,243280.12
2025-11-09 17:30:00+00:00,161.62,161.97,161.15,161.31,156826.49
2025-11-09 17:45:00+00:00,161.32,161.86,161.26,161.73,82267.75
2025-11-09 18:00:00+00:00,161.73,161.95,161.4,161.48,84447.97
2025-11-09 18:15:00+00:00,161.49,161.8,161.3,161.47,90735.22
2025-11-09 18:30:00+00:00,161.48,162.65,161.45,162.6,104700.0
2025-11-09 18:45:00+00:00,162.6,164.05,162.4,163.9,262330.38
2025-11-09 19:00:00+00:00,163.91,164.09,163.28,163.52,222703.38
2025-11-09 19:15:00+00:00,163.52,165.21,163.42,165.07,301206.2
2025-11-09 19:30:00+00:00,165.07,166.0,164.96,165.04,386860.11
2025-11-09 19:45:00+00:00,165.04,166.24,164.84,166.08,292743.98
2025-11-09 20:00:00+00:00,166.09,166.3,165.0,165.21,287376.76
2025-11-09 20:15:00+00:00,165.21,165.71,164.95,165.61,147515.65
2025-11-09 20:30:00+00:00,165.61,165.95,165.53,165.55,114357.71
2025-11-09 20:45:00+00:00,165.56,165.65,165.18,165.29,117476.32
2025-11-09 21:00:00+00:00,165.29,165.75,164.81,164.91,202533.29
2025-11-09 21:15:00+00:00,164.92,165.48,164.91,165.28,178743.25
2025-11-09 21:30:00+00:00,165.28,165.48,164.73,165.05,175894.36
2025-11-09 21:45:00+00:00,165.05,165.19,164.33,165.16,251267.03
2025-11-09 22:00:00+00:00,165.17,165.37,164.3,164.53,238275.08
2025-11-09 22:15:00+00:00,164.53,165.12,164.44,164.48,167691.54
2025-11-09 22:30:00+00:00,164.48,164.74,164.04,164.46,152826.65
2025-11-09 22:45:00+00:00,164.46,165.6,164.45,165.36,149700.65
2025-11-09 23:00:00+00:00,165.37,166.55,165.02,165.15,457550.02
2025-11-09 23:15:00+00:00,165.15,165.42,164.38,164.44,164316.37
2025-11-09 23:30:00+00:00,164.44,164.56,163.85,163.96,189334.77
2025-11-09 23:45:00+00:00,163.96,164.5,163.9,164.45,117242.32
2025-11-10 00:00:00+00:00,164.46,165.28,163.35,165.19,430832.87
2025-11-10 00:15:00+00:00,165.2,166.29,164.91,165.73,291002.57
2025-11-10 00:30:00+00:00,165.73,167.32,165.57,166.95,393799.75
2025-11-10 00:45:00+00:00,166.95,168.3,166.77,167.39,420883.88
2025-11-10 01:00:00+00:00,167.39,168.2,166.42,167.06,407829.25
2025-11-10 01:15:00+00:00,167.07,167.47,166.35,166.76,292096.45
2025-11-10 01:30:00+00:00,166.76,167.02,166.25,166.78,200571.37
2025-11-10 01:45:00+00:00,166.79,167.6,166.64,167.0,180337.15
2025-11-10 02:00:00+00:00,167.0,167.5,166.3,167.35,183716.77
2025-11-10 02:15:00+00:00,167.36,167.83,167.09,167.35,159912.48
2025-11-10 02:30:00+00:00,167.35,167.91,166.25,166.48,341744.2
2025-11-10 02:45:00+00:00,166.49,167.69,166.38,167.64,177049.26
2025-11-10 03:00:00+00:00,167.65,168.68,167.37,167.39,337871.37
2025-11-10 03:15:00+00:00,167.4,167.9,167.15,167.37,146267.57
2025-11-10 03:30:00+00:00,167.37,168.29,167.04,168.22,159362.32
2025-11-10 03:45:00+00:00,168.22,168.27,167.51,167.99,156931.48
2025-11-10 04:00:00+00:00,168.0,168.84,167.86,168.32,206191.63
2025-11-10 04:15:00+00:00,168.32,168.32,166.55,166.97,270636.1
2025-11-10 04:30:00+00:00,166.97,167.28,166.76,167.13,112890.25
2025-11-10 04:45:00+00:00,167.14,168.28,166.92,167.93,200971.18
2025-11-10 05:00:00+00:00,167.94,168.48,167.82,168.42,112234.77
2025-11-10 05:15:00+00:00,168.42,168.48,167.6,167.73,128194.2
2025-11-10 05:30:00+00:00,167.74,167.85,166.78,167.16,139431.45
2025-11-10 05:45:00+00:00,167.16,167.48,167.01,167.43,80024.91
2025-11-10 06:00:00+00:00,167.44,167.64,167.08,167.35,106052.74
2025-11-10 06:15:00+00:00,167.35,167.47,166.22,166.69,219892.77
2025-11-10 06:30:00+00:00,166.69,167.26,166.6,166.99,134936.82
2025-11-10 06:45:00+00:00,167.0,167.47,166.78,166.82,88682.06
2025-11-10 07:00:00+00:00,166.83,168.0,166.67,167.97,170192.11
2025-11-10 07:15:00+00:00,167.97,168.09,167.31,167.39,130699.17
2025-11-10 07:30:00+00:00,167.4,167.8,166.93,167.52,89047.76
2025-11-10 07:45:00+00:00,167.53,167.73,167.13,167.27,62714.28
2025-11-10 08:00:00+00:00,167.27,167.34,166.5,166.59,152134.27
2025-11-10 08:15:00+00:00,166.6,167.22,166.47,166.97,104833.56
2025-11-10 08:30:00+00:00,166.98,166.98,166.01,166.29,226592.91
2025-11-10 08:45:00+00:00,166.3,166.71,166.19,166.54,147869.9
2025-11-10 09:00:00+00:00,166.54,167.05,166.22,166.83,133769.28
2025-11-10 09:15:00+00:00,166.83,167.66,166.58,167.66,147090.59
2025-11-10 09:30:00+00:00,167.66,169.2,167.62,168.82,383217.27
2025-11-10 09:45:00+00:00,168.83,169.72,168.8,169.4,316730.86
2025-11-10 10:00:00+00:00,169.4,169.55,168.75,168.87,215294.84
2025-11-10 10:15:00+00:00,168.88,169.34,168.56,168.65,194572.61
2025-11-10 10:30:00+00:00,168.66,168.7,167.86,168.26,216091.57
2025-11-10 10:45:00+00:00,168.27,168.71,167.96,168.23,101388.32
2025-11-10 11:00:00+00:00,168.24,168.72,168.02,168.26,129905.03
2025-11-10 11:15:00+00:00,168.26,168.42,167.9,168.29,115281.15
2025-11-10 11:30:00+00:00,168.3,168.61,168.05,168.54,97262.92
2025-11-10 11:45:00+00:00,168.55,168.68,168.01,168.2,101613.49
2025-11-10 12:00:00+00:00,168.21,168.38,166.82,167.18,317865.07
2025-11-10 12:15:00+00:00,167.18,167.73,166.85,167.58,118580.48
2025-11-10 12:30:00+00:00,167.58,168.09,167.21,167.88,121139.46
2025-11-10 12:45:00+00:00,167.89,168.25,167.72,168.02,142680.32
2025-11-10 13:00:00+00:00,168.03,169.59,167.87,168.96,348450.87
2025-11-10 13:15:00+00:00,168.97,169.24,168.37,169.11,171972.66
2025-11-10 13:30:00+00:00,169.11,170.4,169.02,169.89,384763.68
2025-11-10 13:45:00+00:00,169.9,170.15,169.5,169.62,140743.97
2025-11-10 14:00:00+00:00,169.63,169.64,167.89,167.95,348281.3
2025-11-10 14:15:00+00:00,167.95,168.62,167.65,168.25,222587.25
2025-11-10 14:30:00+00:00,168.26,168.42,167.33,167.64,398568.84
2025-11-10 14:45:00+00:00,167.64,167.76,165.2,166.09,943155.75
2025-11-10 15:00:00+00:00,166.09,166.86,165.75,165.84,430655.16
2025-11-10 15:15:00+00:00,165.84,166.53,165.45,166.39,268412.05
2025-11-10 15:30:00+00:00,166.4,167.23,166.06,166.95,216097.48
2025-11-10 15:45:00+00:00,166.95,166.96,165.06,166.17,380704.72
2025-11-10 16:00:00+00:00,166.17,166.98,165.4,166.59,260613.73
2025-11-10 16:15:00+00:00,166.59,166.87,165.73,166.0,169647.59
2025-11-10 16:30:00+00:00,166.01,166.43,165.35,165.57,197068.22
2025-11-10 16:45:00+00:00,165.58,166.4,165.12,166.01,192762.01
2025-11-10 17:00:00+00:00,166.01,166.95,165.85,166.43,185188.93
2025-11-10 17:15:00+00:00,166.43,167.13,166.36,166.74,105602.09
2025-11-10 17:30:00+00:00,166.74,168.16,166.71,168.04,256553.48
2025-11-10 17:45:00+00:00,168.05,168.39,167.39,167.7,176918.07
2025-11-10 18:00:00+00:00,167.71,168.02,166.51,166.59,235934.57
2025-11-10 18:15:00+00:00,166.6,167.08,166.32,166.68,128597.37
2025-11-10 18:30:00+00:00,166.68,167.05,166.5,166.84,109015.82
2025-11-10 18:45:00+00:00,166.85,166.98,165.55,165.55,208203.33
2025-11-10 19:00:00+00:00,165.56,166.75,165.52,166.73,168118.57
2025-11-10 19:15:00+00:00,166.74,166.78,166.09,166.26,76017.48
2025-11-10 19:30:00+00:00,166.26,167.09,165.48,166.72,207488.81
2025-11-10 19:45:00+00:00,166.73,167.6,166.7,167.13,156318.66
2025-11-10 20:00:00+00:00,167.12,167.8,166.94,167.63,116736.58
2025-11-10 20:15:00+00:00,167.63,167.64,166.87,166.99,134051.27
2025-11-10 20:30:00+00:00,166.99,168.14,166.73,167.99,137249.07
2025-11-10 20:45:00+00:00,167.99,168.34,167.4,167.74,156926.01
2025-11-10 21:00:00+00:00,167.74,167.78,165.93,166.27,226890.17
2025-11-10 21:15:00+00:00,166.27,166.36,165.73,166.06,121835.47
2025-11-10 21:30:00+00:00,166.06,166.42,165.7,166.09,108668.41
2025-11-10 21:45:00+00:00,166.1,166.22,164.71,165.41,313311.03
2025-11-10 22:00:00+00:00,165.42,166.23,165.03,165.35,143515.96
2025-11-10 22:15:00+00:00,165.35,166.19,165.26,166.0,92693.44
2025-11-10 22:30:00+00:00,166.0,166.48,165.93,166.3,84494.69
2025-11-10 22:45:00+00:00,166.3,167.74,166.19,167.55,157737.73
2025-11-10 23:00:00+00:00,167.56,167.8,167.2,167.58,105896.73
2025-11-10 23:15:00+00:00,167.58,167.98,167.37,167.75,89688.74
2025-11-10 23:30:00+00:00,167.76,167.89,167.09,167.59,88529.9
2025-11-10 23:45:00+00:00,167.6,168.02,167.1,167.24,103478.12
2025-11-11 00:00:00+00:00,167.24,167.55,166.4,166.85,146089.8
2025-11-11 00:15:00+00:00,166.85,167.5,166.5,166.76,83746.85
2025-11-11 00:30:00+00:00,166.76,167.2,166.15,166.17,126788.49
2025-11-11 00:45:00+00:00,166.17,167.53,165.91,167.42,136296.53
2025-11-11 01:00:00+00:00,167.42,167.85,167.17,167.84,97960.32
2025-11-11 01:15:00+00:00,167.84,170.96,167.83,168.83,748389.07
2025-11-11 01:30:00+00:00,168.83,168.92,166.51,167.37,499851.41
2025-11-11 01:45:00+00:00,167.38,168.23,166.91,167.3,263430.73
2025-11-11 02:00:00+00:00,167.31,167.82,166.13,167.69,336243.76
2025-11-11 02:15:00+00:00,167.68,168.56,167.2,168.55,156192.21
2025-11-11 02:30:00+00:00,168.55,170.88,168.48,170.42,721223.07
2025-11-11 02:45:00+00:00,170.43,170.92,169.64,170.17,279682.48
2025-11-11 03:00:00+00:00,170.18,171.59,169.98,171.45,321854.31
2025-11-11 03:15:00+00:00,171.45,171.87,170.75,170.76,243757.5
2025-11-11 03:30:00+00:00,170.76,170.82,169.4,169.51,274473.22
2025-11-11 03:45:00+00:00,169.52,170.09,169.38,169.84,211851.19
2025-11-11 04:00:00+00:00,169.84,170.0,168.78,168.87,212385.91
2025-11-11 04:15:00+00:00,168.87,169.24,168.45,168.57,160118.24
2025-11-11 04:30:00+00:00,168.57,168.93,167.56,167.79,285205.7
2025-11-11 04:45:00+00:00,167.78,167.83,166.4,166.8,596999.92
2025-11-11 05:00:00+00:00,166.8,166.8,164.8,165.08,942258.89
2025-11-11 05:15:00+00:00,165.08,165.85,164.9,165.74,313198.09
2025-11-11 05:30:00+00:00,165.75,165.8,165.06,165.29,148338.6
2025-11-11 05:45:00+00:00,165.3,165.74,164.9,165.02,143079.93
2025-11-11 06:00:00+00:00,165.03,165.16,163.16,164.17,683003.7
2025-11-11 06:15:00+00:00,164.17,164.95,164.14,164.61,225166.42
2025-11-11 06:30:00+00:00,164.62,165.17,164.56,164.6,148978.56
2025-11-11 06:45:00+00:00,164.61,165.07,163.64,164.82,700396.08
2025-11-11 07:00:00+00:00,164.83,165.08,164.36,165.01,316527.14
2025-11-11 07:15:00+00:00,165.02,165.13,164.25,164.89,299237.43
2025-11-11 07:30:00+00:00,164.89,165.05,164.07,164.52,112593.84
2025-11-11 07:45:00+00:00,164.53,164.83,163.73,163.88,225213.45
2025-11-11 08:00:00+00:00,163.88,164.78,163.5,164.41,208207.29
2025-11-11 08:15:00+00:00,164.41,164.67,163.87,163.9,140627.84
2025-11-11 08:30:00+00:00,163.91,164.34,163.69,164.27,107158.55
2025-11-11 08:45:00+00:00,164.27,164.39,163.85,163.88,90170.3
2025-11-11 09:00:00+00:00,163.88,164.87,163.65,163.67,219282.02
2025-11-11 09:15:00+00:00,163.67,164.07,163.04,164.0,292902.71
2025-11-11 09:30:00+00:00,164.01,164.44,163.77,163.79,175866.61
2025-11-11 09:45:00+00:00,163.8,164.14,163.72,163.9,156009.33
2025-11-11 10:00:00+00:00,163.89,164.27,163.1,163.68,148715.3
2025-11-11 10:15:00+00:00,163.69,164.22,162.38,163.19,377942.34
2025-11-11 10:30:00+00:00,163.2,163.59,162.72,163.5,155820.1
2025-11-11 10:45:00+00:00,163.51,163.68,163.2,163.68,86833.59
2025-11-11 11:00:00+00:00,163.68,164.48,163.67,164.44,150608.29
2025-11-11 11:15:00+00:00,164.45,164.46,163.58,163.74,167650.52
2025-11-11 11:30:00+00:00,163.74,164.16,163.69,164.08,93242.42
2025-11-11 11:45:00+00:00,164.09,164.2,162.89,163.56,170861.66
2025-11-11 12:00:00+00:00,163.57,164.27,163.25,163.58,174922.7
2025-11-11 12:15:00+00:00,163.59,163.74,163.0,163.22,109355.24
2025-11-11 12:30:00+00:00,163.22,163.49,162.89,162.93,152967.37
2025-11-11 12:45:00+00:00,162.92,163.49,162.46,163.25,283974.23
2025-11-11 13:00:00+00:00,163.25,163.87,163.24,163.64,91072.46
2025-11-11 13:15:00+00:00,163.65,163.77,162.74,163.08,181288.09
2025-11-11 13:30:00+00:00,163.09,163.53,163.0,163.2,82313.3
2025-11-11 13:45:00+00:00,163.2,163.71,162.3,162.75,219267.79
2025-11-11 14:00:00+00:00,162.76,162.98,161.87,162.24,376796.34
2025-11-11 14:15:00+00:00,162.24,163.18,162.1,162.89,266015.39
2025-11-11 14:30:00+00:00,162.9,162.94,161.93,162.09,374036.78
2025-11-11 14:45:00+00:00,162.09,162.94,161.01,162.91,693699.12
2025-11-11 15:00:00+00:00,162.91,162.91,161.45,161.91,418503.73
2025-11-11 15:15:00+00:00,161.9,162.29,161.05,161.15,444003.61
2025-11-11 15:30:00+00:00,161.16,161.38,160.32,160.76,580158.96
2025-11-11 15:45:00+00:00,160.77,161.06,160.0,160.81,405976.9
2025-11-11 16:00:00+00:00,160.82,161.17,160.18,160.63,410530.39
2025-11-11 16:15:00+00:00,160.64,160.86,160.05,160.19,212384.35
2025-11-11 16:30:00+00:00,160.19,160.73,159.59,160.52,312255.49
2025-11-11 16:45:00+00:00,160.52,160.98,160.37,160.58,163669.47
2025-11-11 17:00:00+00:00,160.58,160.99,160.21,160.22,158905.23
2025-11-11 17:15:00+00:00,160.22,160.36,159.55,159.71,263785.6
2025-11-11 17:30:00+00:00,159.72,159.91,158.03,158.98,614396.9
2025-11-11 17:45:00+00:00,158.99,159.54,158.66,159.42,248271.59
2025-11-11 18:00:00+00:00,159.43,159.74,158.64,158.86,199564.04
2025-11-11 18:15:00+00:00,158.87,159.04,158.25,158.64,191143.45
2025-11-11 18:30:00+00:00,158.64,159.2,158.61,159.01,152265.24
2025-11-11 18:45:00+00:00,159.02,159.4,158.84,158.87,153125.78
2025-11-11 19:00:00+00:00,158.88,158.88,157.55,157.86,352783.26
2025-11-11 19:15:00+00:00,157.86,158.59,157.85,158.52,148982.02
2025-11-11 19:30:00+00:00,158.52,158.6,157.81,157.94,155855.1
2025-11-11 19:45:00+00:00,157.94,158.28,157.32,157.5,125405.65
2025-11-11 20:00:00+00:00,157.51,157.55,156.71,157.13,308464.69
2025-11-11 20:15:00+00:00,157.14,157.79,156.85,157.3,156435.89
2025-11-11 20:30:00+00:00,157.29,157.3,156.41,156.51,243990.95
2025-11-11 20:45:00+00:00,156.51,156.84,156.21,156.74,287746.34
2025-11-11 21:00:00+00:00,156.73,157.18,156.55,157.06,165808.28
2025-11-11 21:15:00+00:00,157.06,157.34,156.78,157.01,162927.63
2025-11-11 21:30:00+00:00,157.02,157.05,155.81,155.99,231540.07
2025-11-11 21:45:00+00:00,155.99,156.42,155.55,156.0,244466.58
2025-11-11 22:00:00+00:00,155.99,156.53,155.43,156.38,159248.93
2025-11-11 22:15:00+00:00,156.37,156.92,155.93,156.68,359450.7
2025-11-11 22:30:00+00:00,156.67,156.93,156.42,156.77,137392.34
2025-11-11 22:45:00+00:00,156.76,157.19,156.5,156.6,189406.32
2025-11-11 23:00:00+00:00,156.59,156.66,155.9,156.44,160207.13
2025-11-11 23:15:00+00:00,156.44,156.78,155.64,155.83,179522.53
2025-11-11 23:30:00+00:00,155.83,155.83,154.59,155.01,367404.09
2025-11-11 23:45:00+00:00,155.01,155.06,153.8,154.5,477650.23
2025-11-12 00:00:00+00:00,154.51,155.2,153.44,154.01,419154.68
2025-11-12 00:15:00+00:00,154.01,154.99,153.88,154.65,235872.79
2025-11-12 00:30:00+00:00,154.65,154.84,153.86,154.35,217693.6
2025-11-12 00:45:00+00:00,154.34,154.7,153.55,153.72,150807.87
2025-11-12 01:00:00+00:00,153.72,154.85,153.59,154.69,227642.07
2025-11-12 01:15:00+00:00,154.68,155.39,154.42,154.87,390149.57
2025-11-12 01:30:00+00:00,154.86,155.3,154.74,154.97,162003.19
2025-11-12 01:45:00+00:00,154.97,155.4,154.79,155.3,170799.33
2025-11-12 02:00:00+00:00,155.3,155.48,154.96,155.21,188735.82
2025-11-12 02:15:00+00:00,155.2,155.41,154.38,154.65,216881.55
2025-11-12 02:30:00+00:00,154.65,154.7,153.62,153.97,234957.89
2025-11-12 02:45:00+00:00,153.96,154.48,153.68,154.2,195898.96
2025-11-12 03:00:00+00:00,154.19,154.3,153.84,154.15,161115.13
2025-11-12 03:15:00+00:00,154.15,154.61,153.89,154.57,137282.41
2025-11-12 03:30:00+00:00,154.57,154.96,154.34,154.78,141180.95
2025-11-12 03:45:00+00:00,154.78,154.86,154.38,154.45,107394.92
2025-11-12 04:00:00+00:00,154.45,154.85,154.15,154.85,106363.08
2025-11-12 04:15:00+00:00,154.84,154.94,154.5,154.53,92065.1
2025-11-12 04:30:00+00:00,154.53,154.58,154.11,154.23,83111.37
2025-11-12 04:45:00+00:00,154.22,154.85,154.08,154.85,99407.93
2025-11-12 05:00:00+00:00,154.85,155.23,154.79,155.03,182783.8
2025-11-12 05:15:00+00:00,155.03,155.62,154.97,155.41,178444.8
2025-11-12 05:30:00+00:00,155.4,155.98,155.08,155.93,216400.14
2025-11-12 05:45:00+00:00,155.93,155.96,155.28,155.37,188565.2
2025-11-12 06:00:00+00:00,155.37,155.91,155.23,155.69,135878.23
2025-11-12 06:15:00+00:00,155.69,156.4,155.58,156.14,282294.91
2025-11-12 06:30:00+00:00,156.14,156.45,155.9,155.94,133593.06
2025-11-12 06:45:00+00:00,155.94,156.37,155.8,155.81,87214.37
2025-11-12 07:00:00+00:00,155.8,156.47,155.58,156.27,113043.9
2025-11-12 07:15:00+00:00,156.27,156.4,155.81,156.01,70834.83
2025-11-12 07:30:00+00:00,156.01,156.33,155.68,156.04,77875.67
2025-11-12 07:45:00+00:00,156.04,156.07,154.71,154.91,315020.34
2025-11-12 08:00:00+00:00,154.91,155.38,154.91,155.28,127973.8
2025-11-12 08:15:00+00:00,155.27,156.63,155.27,156.62,240924.65
2025-11-12 08:30:00+00:00,156.62,157.69,156.33,157.21,439514.0
2025-11-12 08:45:00+00:00,157.21,157.99,157.21,157.86,350573.6
2025-11-12 09:00:00+00:00,157.86,158.59,157.63,158.5,327866.78
2025-11-12 09:15:00+00:00,158.5,158.79,158.17,158.26,253526.77
2025-11-12 09:30:00+00:00,158.26,158.28,157.65,158.06,220849.21
2025-11-12 09:45:00+00:00,158.06,158.09,157.79,157.96,106899.51
2025-11-12 10:00:00+00:00,157.95,158.98,157.87,158.85,166153.22
2025-11-12 10:15:00+00:00,158.84,159.3,158.44,159.2,203866.61
2025-11-12 10:30:00+00:00,159.19,159.87,159.1,159.42,309651.0
2025-11-12 10:45:00+00:00,159.41,160.33,159.39,160.14,232469.98
2025-11-12 11:00:00+00:00,160.14,161.0,159.93,160.46,457720.94
2025-11-12 11:15:00+00:00,160.47,160.69,159.8,159.81,218663.36
2025-11-12 11:30:00+00:00,159.82,160.0,159.36,159.56,197750.42
2025-11-12 11:45:00+00:00,159.56,160.03,159.53,159.91,96109.4
2025-11-12 12:00:00+00:00,159.91,160.37,159.37,160.16,184427.38
2025-11-12 12:15:00+00:00,160.16,160.67,159.48,159.57,233850.61
2025-11-12 12:30:00+00:00,159.56,159.62,159.01,159.19,285712.85
2025-11-12 12:45:00+00:00,159.19,159.89,159.16,159.76,105598.19
2025-11-12 13:00:00+00:00,159.75,159.78,159.16,159.41,156161.01
2025-11-12 13:15:00+00:00,159.4,159.96,158.67,159.88,328864.63
2025-11-12 13:30:00+00:00,159.87,160.72,159.66,160.57,225131.03
2025-11-12 13:45:00+00:00,160.56,160.96,160.37,160.47,176201.41
2025-11-12 14:00:00+00:00,160.47,160.78,159.89,160.77,184366.21
2025-11-12 14:15:00+00:00,160.77,160.98,160.3,160.34,182472.53
2025-11-12 14:30:00+00:00,160.34,160.39,159.32,159.74,351117.1
2025-11-12 14:45:00+00:00,159.74,160.17,157.06,158.5,1316919.1
2025-11-12 15:00:00+00:00,158.5,159.51,158.07,158.25,494618.05
2025-11-12 15:15:00+00:00,158.26,158.6,157.09,157.44,603248.44
2025-11-12 15:30:00+00:00,157.43,158.05,155.78,156.33,786023.22
2025-11-12 15:45:00+00:00,156.33,156.62,155.15,155.66,746111.89
2025-11-12 16:00:00+00:00,155.65,156.17,152.33,153.2,1525870.3
2025-11-12 16:15:00+00:00,153.2,153.85,152.07,152.93,795563.59
2025-11-12 16:30:00+00:00,152.93,154.52,152.4,153.51,672124.59
2025-11-12 16:45:00+00:00,153.51,153.92,152.5,152.73,418753.46
2025-11-12 17:00:00+00:00,152.72,153.13,152.25,152.62,356097.59
2025-11-12 17:15:00+00:00,152.63,153.48,152.27,153.41,268126.0
2025-11-12 17:30:00+00:00,153.41,154.74,153.1,153.5,402376.69
2025-11-12 17:45:00+00:00,153.5,153.64,152.99,153.2,254652.66
2025-11-12 18:00:00+00:00,153.2,153.83,152.91,153.26,402826.34
2025-11-12 18:15:00+00:00,153.26,154.05,153.15,153.39,301413.2
2025-11-12 18:30:00+00:00,153.39,154.14,153.22,153.88,303974.76
2025-11-12 18:45:00+00:00,153.87,153.95,152.66,152.67,310660.0
2025-11-12 19:00:00+00:00,152.66,152.8,151.31,151.75,666131.83
2025-11-12 19:15:00+00:00,151.75,152.24,151.42,151.89,242880.13
2025-11-12 19:30:00+00:00,151.89,153.73,151.06,153.11,607762.69
2025-11-12 19:45:00+00:00,153.11,153.45,152.76,152.95,260563.37
2025-11-12 20:00:00+00:00,152.95,153.23,152.45,152.87,240220.58
2025-11-12 20:15:00+00:00,152.87,154.2,152.74,154.0,229859.93
2025-11-12 20:30:00+00:00,153.99,154.6,153.46,153.87,305082.71
2025-11-12 20:45:00+00:00,153.86,153.91,153.48,153.68,178188.84
2025-11-12 21:00:00+00:00,153.68,154.23,153.37,153.94,228293.81
2025-11-12 21:15:00+00:00,153.94,154.03,153.27,153.4,109690.28
2025-11-12 21:30:00+00:00,153.41,154.06,153.38,154.01,78819.93
2025-11-12 21:45:00+00:00,154.01,154.07,153.6,154.04,91523.99
2025-11-12 22:00:00+00:00,154.04,154.05,152.62,152.81,198726.52
2025-11-12 22:15:00+00:00,152.81,153.48,152.64,153.02,137113.36
2025-11-12 22:30:00+00:00,153.02,153.37,152.79,153.35,91104.03
2025-11-12 22:45:00+00:00,153.36,153.84,153.35,153.78,76025.04
2025-11-12 23:00:00+00:00,153.78,153.82,152.75,153.13,138812.79
2025-11-12 23:15:00+00:00,153.13,153.66,153.03,153.2,88004.98
2025-11-12 23:30:00+00:00,153.2,153.44,152.8,153.12,135743.51
2025-11-12 23:45:00+00:00,153.12,153.34,152.9,153.32,68602.78
2025-11-13 00:00:00+00:00,153.32,153.78,153.15,153.39,82669.53
2025-11-13 00:15:00+00:00,153.39,153.92,152.8,152.94,161449.95
2025-11-13 00:30:00+00:00,152.94,154.33,152.28,152.88,459118.63
2025-11-13 00:45:00+00:00,152.88,153.3,152.5,152.92,109075.99
2025-11-13 01:00:00+00:00,152.92,154.39,152.69,153.88,309188.49
2025-11-13 01:15:00+00:00,153.87,154.11,152.17,152.82,349532.76
2025-11-13 01:30:00+00:00,152.81,153.74,152.6,153.56,215701.49
2025-11-13 01:45:00+00:00,153.56,153.66,152.26,152.67,178945.44
2025-11-13 02:00:00+00:00,152.66,153.12,152.56,152.78,115903.28
2025-11-13 02:15:00+00:00,152.78,153.21,152.35,152.4,125228.35
2025-11-13 02:30:00+00:00,152.4,153.34,152.3,152.97,171161.55
2025-11-13 02:45:00+00:00,152.98,153.18,152.52,152.82,89453.08
2025-11-13 03:00:00+00:00,152.82,152.98,151.55,151.57,253091.91
2025-11-13 03:15:00+00:00,151.57,153.9,150.29,153.84,961344.7
2025-11-13 03:30:00+00:00,153.85,155.25,153.77,154.58,458078.33
2025-11-13 03:45:00+00:00,154.59,155.77,154.25,154.27,493372.98
2025-11-13 04:00:00+00:00,154.27,154.4,153.31,154.26,321656.98
2025-11-13 04:15:00+00:00,154.26,154.88,153.68,154.33,317092.2
2025-11-13 04:30:00+00:00,154.34,154.51,153.71,154.24,141834.19
2025-11-13 04:45:00+00:00,154.25,154.62,153.56,154.23,192870.48
2025-11-13 05:00:00+00:00,154.23,154.23,153.71,153.84,100061.56
2025-11-13 05:15:00+00:00,153.84,154.47,153.8,154.46,115425.03
2025-11-13 05:30:00+00:00,154.46,155.42,154.27,155.35,210923.95
2025-11-13 05:45:00+00:00,155.35,156.75,155.26,156.08,459117.48
2025-11-13 06:00:00+00:00,156.08,156.7,155.64,156.37,303668.58
2025-11-13 06:15:00+00:00,156.37,157.0,156.3,156.79,223105.19
2025-11-13 06:30:00+00:00,156.8,157.07,156.42,156.66,176309.5
2025-11-13 06:45:00+00:00,156.67,157.0,156.54,156.64,114388.92
2025-11-13 07:00:00+00:00,156.65,156.85,156.29,156.75,145624.54
2025-11-13 07:15:00+00:00,156.76,157.11,156.42,156.81,144679.67
2025-11-13 07:30:00+00:00,156.82,157.159,155.64,155.84,330364.09
2025-11-13 07:45:00+00:00,155.84,155.86,154.74,155.22,444645.07
2025-11-13 08:00:00+00:00,155.23,155.89,154.85,155.61,254370.62
2025-11-13 08:15:00+00:00,155.62,156.18,155.6,156.08,145327.88
2025-11-13 08:30:00+00:00,156.09,156.44,156.04,156.19,114095.53
2025-11-13 08:45:00+00:00,156.2,156.3,155.69,155.84,142086.54
2025-11-13 09:00:00+00:00,155.85,155.99,153.79,154.46,521379.64
2025-11-13 09:15:00+00:00,154.46,155.31,154.2,154.91,214724.65
2025-11-13 09:30:00+00:00,154.92,155.41,154.79,155.25,146417.38
2025-11-13 09:45:00+00:00,155.26,155.32,154.45,154.93,170874.97
2025-11-13 10:00:00+00:00,154.94,155.26,154.8,155.05,172564.16
2025-11-13 10:15:00+00:00,155.06,156.1,155.02,155.68,227297.49
2025-11-13 10:30:00+00:00,155.69,155.69,154.79,155.17,156248.45
2025-11-13 10:45:00+00:00,155.18,155.41,154.95,155.32,77083.25
2025-11-13 11:00:00+00:00,155.32,156.04,155.3,156.02,128421.61
2025-11-13 11:15:00+00:00,156.02,156.3,155.58,156.05,185708.41
2025-11-13 11:30:00+00:00,156.05,156.43,155.68,156.34,138562.27
2025-11-13 11:45:00+00:00,156.35,156.4,156.01,156.19,71843.57
2025-11-13 12:00:00+00:00,156.19,156.55,155.69,155.77,210153.44
2025-11-13 12:15:00+00:00,155.78,156.39,155.7,156.19,105002.54
2025-11-13 12:30:00+00:00,156.2,156.86,156.19,156.51,140652.63
2025-11-13 12:45:00+00:00,156.52,156.77,156.08,156.3,79287.53
2025-11-13 13:00:00+00:00,156.31,156.44,155.86,156.02,106433.04
2025-11-13 13:15:00+00:00,156.02,156.2,154.67,155.06,302668.68
2025-11-13 13:30:00+00:00,155.06,155.17,153.69,154.09,582201.42
2025-11-13 13:45:00+00:00,154.1,154.59,153.53,153.74,276464.17
2025-11-13 14:00:00+00:00,153.75,154.02,153.0,153.14,409051.9
2025-11-13 14:15:00+00:00,153.14,153.93,153.11,153.77,246581.16
2025-11-13 14:30:00+00:00,153.77,153.93,152.15,152.75,997856.5
2025-11-13 14:45:00+00:00,152.76,156.61,152.54,155.25,1036225.07
2025-11-13 15:00:00+00:00,155.26,155.63,153.65,155.53,599500.33
2025-11-13 15:15:00+00:00,155.54,155.81,153.32,153.69,366503.81
2025-11-13 15:30:00+00:00,153.69,153.74,152.65,153.1,419957.11
2025-11-13 15:45:00+00:00,153.11,153.18,152.43,153.05,493897.05
2025-11-13 16:00:00+00:00,153.05,153.32,152.41,152.86,445666.54
2025-11-13 16:15:00+00:00,152.87,153.0,151.44,152.02,601080.03
2025-11-13 16:30:00+00:00,152.03,152.59,150.9,151.38,580036.46
2025-11-13 16:45:00+00:00,151.38,151.75,150.65,151.03,414920.23
2025-11-13 17:00:00+00:00,151.03,151.23,149.81,150.25,700481.01
2025-11-13 17:15:00+00:00,150.25,151.15,149.74,150.11,662273.55
2025-11-13 17:30:00+00:00,150.1,150.44,147.9,148.17,927938.81
2025-11-13 17:45:00+00:00,148.18,148.74,146.63,147.04,735005.26
2025-11-13 18:00:00+00:00,147.04,147.72,146.05,146.56,689556.61
2025-11-13 18:15:00+00:00,146.57,147.12,145.86,146.6,700078.34
2025-11-13 18:30:00+00:00,146.6,146.63,144.47,145.59,955904.22
2025-11-13 18:45:00+00:00,145.59,145.93,144.47,145.34,672302.06
2025-11-13 19:00:00+00:00,145.34,146.23,144.6,144.63,577493.44
2025-11-13 19:15:00+00:00,144.64,145.55,143.06,145.14,1181432.18
2025-11-13 19:30:00+00:00,145.15,145.3,143.07,144.09,625455.39
2025-11-13 19:45:00+00:00,144.09,144.19,141.93,142.64,719271.13
2025-11-13 20:00:00+00:00,142.65,142.65,141.25,142.0,738059.49
2025-11-13 20:15:00+00:00,142.0,142.19,140.94,141.95,687701.66
2025-11-13 20:30:00+00:00,141.95,143.2,141.56,142.56,817831.0
2025-11-13 20:45:00+00:00,142.56,142.76,141.97,142.63,524402.8
2025-11-13 21:00:00+00:00,142.64,143.65,142.37,142.57,494082.28
2025-11-13 21:15:00+00:00,142.58,142.59,141.15,141.56,383172.37
2025-11-13 21:30:00+00:00,141.56,141.98,141.25,141.71,485781.75
2025-11-13 21:45:00+00:00,141.71,142.34,141.46,141.97,285705.29
2025-11-13 22:00:00+00:00,141.98,143.37,141.61,143.14,391791.0
2025-11-13 22:15:00+00:00,143.15,143.97,142.61,143.8,375180.37
2025-11-13 22:30:00+00:00,143.81,144.72,143.51,144.25,290470.78
2025-11-13 22:45:00+00:00,144.26,144.58,143.87,144.48,189601.34
2025-11-13 23:00:00+00:00,144.49,144.69,143.8,144.6,191667.95
2025-11-13 23:15:00+00:00,144.61,145.63,144.5,145.4,496489.74
2025-11-13 23:30:00+00:00,145.4,146.1,145.24,145.89,399008.01
2025-11-13 23:45:00+00:00,145.89,145.9,144.3,144.62,379997.15
2025-11-14 00:00:00+00:00,144.63,145.16,144.03,144.76,424394.7
2025-11-14 00:15:00+00:00,144.76,144.79,143.34,144.08,477742.66
2025-11-14 00:30:00+00:00,144.09,144.69,143.54,143.95,257513.21
2025-11-14 00:45:00+00:00,143.95,144.16,142.78,143.19,253051.48
2025-11-14 01:00:00+00:00,143.19,143.6,142.62,143.38,222818.16
2025-11-14 01:15:00+00:00,143.38,144.2,142.91,143.55,239344.15
2025-11-14 01:30:00+00:00,143.56,144.46,143.33,143.94,190699.66
2025-11-14 01:45:00+00:00,143.95,144.24,143.48,143.59,162018.28
2025-11-14 02:00:00+00:00,143.6,144.84,143.56,144.64,216810.41
2025-11-14 02:15:00+00:00,144.64,145.49,144.63,145.27,178168.09
2025-11-14 02:30:00+00:00,145.28,145.6,144.96,145.34,129636.29
2025-11-14 02:45:00+00:00,145.34,145.47,144.44,145.21,141716.97
2025-11-14 03:00:00+00:00,145.22,145.48,144.77,144.87,135738.28
2025-11-14 03:15:00+00:00,144.86,144.87,144.12,144.58,157188.03
2025-11-14 03:30:00+00:00,144.59,144.79,143.8,143.96,149441.65
2025-11-14 03:45:00+00:00,143.97,144.34,143.56,144.2,171105.34
2025-11-14 04:00:00+00:00,144.21,144.3,143.06,143.2,220503.52
2025-11-14 04:15:00+00:00,143.2,143.76,143.12,143.56,129513.3
2025-11-14 04:30:00+00:00,143.56,143.58,138.48,141.08,2001345.39
2025-11-14 04:45:00+00:00,141.09,142.28,140.65,141.81,802255.5
2025-11-14 05:00:00+00:00,141.81,143.0,141.31,141.42,511062.42
2025-11-14 05:15:00+00:00,141.42,142.77,141.39,142.1,324615.61
2025-11-14 05:30:00+00:00,142.1,142.77,141.32,142.56,531906.38
2025-11-14 05:45:00+00:00,142.56,143.59,142.32,143.09,230548.46
2025-11-14 06:00:00+00:00,143.1,143.18,142.13,142.44,191384.15
2025-11-14 06:15:00+00:00,142.44,142.46,141.25,141.66,262463.46
2025-11-14 06:30:00+00:00,141.66,141.91,140.55,140.9,410720.37
2025-11-14 06:45:00+00:00,140.91,144.05,139.88,143.88,976655.87
2025-11-14 07:00:00+00:00,143.88,144.42,142.34,143.52,765380.03
2025-11-14 07:15:00+00:00,143.52,144.05,143.24,143.95,272914.49
2025-11-14 07:30:00+00:00,143.96,144.06,142.31,142.7,308173.09
2025-11-14 07:45:00+00:00,142.7,143.87,142.53,142.77,250724.28
2025-11-14 08:00:00+00:00,142.77,142.91,141.76,141.81,295119.53
2025-11-14 08:15:00+00:00,141.81,142.76,141.32,141.74,309684.32
2025-11-14 08:30:00+00:00,141.74,142.43,141.51,142.09,208167.11
2025-11-14 08:45:00+00:00,142.09,142.53,141.3,142.41,243548.69
2025-11-14 09:00:00+00:00,142.42,143.13,142.13,142.67,209043.34
2025-11-14 09:15:00+00:00,142.68,142.69,141.54,141.85,237408.03
2025-11-14 09:30:00+00:00,141.85,142.04,140.68,141.5,419837.33
2025-11-14 09:45:00+00:00,141.5,141.51,140.4,140.86,303035.65
2025-11-14 10:00:00+00:00,140.87,141.57,140.75,141.27,189001.2
2025-11-14 10:15:00+00:00,141.27,142.0,141.1,141.55,150065.97
2025-11-14 10:30:00+00:00,141.56,142.88,141.33,142.36,299145.56
2025-11-14 10:45:00+00:00,142.36,142.5,141.7,141.88,158972.42
2025-11-14 11:00:00+00:00,141.89,142.15,140.71,140.92,426063.97
2025-11-14 11:15:00+00:00,140.92,141.68,140.61,141.03,325925.16
2025-11-14 11:30:00+00:00,141.03,141.17,139.74,140.69,557771.55
2025-11-14 11:45:00+00:00,140.7,140.86,139.76,140.69,332977.72
2025-11-14 12:00:00+00:00,140.69,140.7,138.81,138.94,627903.22
2025-11-14 12:15:00+00:00,138.94,139.1,138.01,138.54,648052.75
2025-11-14 12:30:00+00:00,138.55,138.95,135.67,136.31,1676481.96
2025-11-14 12:45:00+00:00,136.31,139.1,136.18,138.67,1018481.39
2025-11-14 13:00:00+00:00,138.67,139.72,137.84,138.05,598885.91
2025-11-14 13:15:00+00:00,138.05,138.37,136.64,137.21,536097.55
2025-11-14 13:30:00+00:00,137.22,137.74,135.84,136.66,760774.12
2025-11-14 13:45:00+00:00,136.67,139.24,136.56,138.92,743948.43
2025-11-14 14:00:00+00:00,138.92,139.87,138.38,138.58,559713.88
2025-11-14 14:15:00+00:00,138.59,139.6,138.57,138.69,392193.73
2025-11-14 14:30:00+00:00,138.7,142.59,137.49,142.0,1663313.35
2025-11-14 14:45:00+00:00,142.01,142.78,141.55,142.18,902470.64
2025-11-14 15:00:00+00:00,142.18,142.18,140.48,140.75,685567.62
2025-11-14 15:15:00+00:00,140.76,142.08,140.14,141.64,464403.62
2025-11-14 15:30:00+00:00,141.65,142.27,141.02,142.24,402922.32
2025-11-14 15:45:00+00:00,142.24,143.72,141.89,142.16,691121.72
2025-11-14 16:00:00+00:00,142.17,142.62,141.5,142.29,361620.05
2025-11-14 16:15:00+00:00,142.29,144.2,141.97,143.43,434024.18
2025-11-14 16:30:00+00:00,143.43,144.17,143.01,143.16,496630.98
2025-11-14 16:45:00+00:00,143.16,144.03,142.72,143.38,579585.76
2025-11-14 17:00:00+00:00,143.38,143.91,143.12,143.35,361642.49
2025-11-14 17:15:00+00:00,143.36,143.45,142.23,142.47,247411.31
2025-11-14 17:30:00+00:00,142.48,142.49,141.76,141.81,262779.98
2025-11-14 17:45:00+00:00,141.82,142.0,140.5,141.34,505256.18
2025-11-14 18:00:00+00:00,141.35,142.86,140.94,142.64,289663.28
2025-11-14 18:15:00+00:00,142.65,142.79,141.53,142.16,267577.62
2025-11-14 18:30:00+00:00,142.17,142.36,140.75,140.95,290797.93
2025-11-14 18:45:00+00:00,140.96,141.31,140.62,141.22,247765.92
2025-11-14 19:00:00+00:00,141.22,142.88,140.88,142.56,548336.27
2025-11-14 19:15:00+00:00,142.57,143.56,142.4,142.69,264847.85
2025-11-14 19:30:00+00:00,142.69,142.71,142.16,142.41,124708.23
2025-11-14 19:45:00+00:00,142.41,143.09,142.22,143.07,107096.21
2025-11-14 20:00:00+00:00,143.08,143.17,142.46,142.64,179707.48
2025-11-14 20:15:00+00:00,142.64,142.85,141.72,141.78,221740.95
2025-11-14 20:30:00+00:00,141.79,142.15,139.49,139.81,491079.98
2025-11-14 20:45:00+00:00,139.81,140.13,139.2,139.55,447298.5
2025-11-14 21:00:00+00:00,139.56,141.15,139.02,140.76,377740.36
2025-11-14 21:15:00+00:00,140.75,141.17,140.2,140.39,198316.83
2025-11-14 21:30:00+00:00,140.39,140.75,140.12,140.68,119545.66
2025-11-14 21:45:00+00:00,140.68,140.82,140.22,140.59,118927.86
2025-11-14 22:00:00+00:00,140.59,141.25,139.82,139.9,175598.31
2025-11-14 22:15:00+00:00,139.89,140.8,139.55,140.73,208730.53
2025-11-14 22:30:00+00:00,140.72,141.73,140.61,141.18,155740.35
2025-11-14 22:45:00+00:00,141.19,141.41,139.79,140.27,139696.41
2025-11-14 23:00:00+00:00,140.27,140.27,137.13,138.86,547995.6
2025-11-14 23:15:00+00:00,138.87,139.41,138.11,138.4,154943.53
2025-11-14 23:30:00+00:00,138.4,139.13,138.03,139.05,135642.05
2025-11-14 23:45:00+00:00,139.06,139.52,138.43,138.83,166138.22
2025-11-15 00:00:00+00:00,138.84,140.69,138.66,140.48,309542.27
2025-11-15 00:15:00+00:00,140.49,141.26,140.29,140.88,200334.61
2025-11-15 00:30:00+00:00,140.88,140.91,140.03,140.46,144965.33
2025-11-15 00:45:00+00:00,140.46,141.09,139.91,141.03,124610.49
2025-11-15 01:00:00+00:00,141.03,141.11,140.17,140.89,132821.97
2025-11-15 01:15:00+00:00,140.89,141.43,140.65,141.11,124974.14
2025-11-15 01:30:00+00:00,141.11,141.45,140.95,141.35,93373.36
2025-11-15 01:45:00+00:00,141.36,142.27,141.15,141.96,305409.73
2025-11-15 02:00:00+00:00,141.96,142.34,141.52,142.05,121069.86
2025-11-15 02:15:00+00:00,142.05,142.58,141.89,142.39,130930.12
2025-11-15 02:30:00+00:00,142.4,142.74,141.94,142.7,155886.49
2025-11-15 02:45:00+00:00,142.71,143.12,142.31,143.0,175390.04
2025-11-15 03:00:00+00:00,143.01,143.22,142.62,143.05,150136.74
2025-11-15 03:15:00+00:00,143.06,143.3,142.88,142.96,146642.92
2025-11-15 03:30:00+00:00,142.96,142.96,142.33,142.86,239663.83
2025-11-15 03:45:00+00:00,142.87,142.91,142.4,142.46,107947.53
2025-11-15 04:00:00+00:00,142.46,142.69,142.17,142.57,118600.06
2025-11-15 04:15:00+00:00,142.57,143.03,142.1,142.17,114363.21
2025-11-15 04:30:00+00:00,142.17,142.19,141.81,141.83,133701.32
2025-11-15 04:45:00+00:00,141.84,142.52,141.75,142.32,103828.53
2025-11-15 05:00:00+00:00,142.33,142.74,142.25,142.39,89066.29
2025-11-15 05:15:00+00:00,142.39,142.91,142.38,142.67,84739.71
2025-11-15 05:30:00+00:00,142.67,142.83,142.51,142.76,75922.88
2025-11-15 05:45:00+00:00,142.76,143.12,142.6,142.77,77731.12
2025-11-15 06:00:00+00:00,142.78,142.94,142.35,142.79,85811.1
2025-11-15 06:15:00+00:00,142.8,143.38,142.7,143.14,107769.97
2025-11-15 06:30:00+00:00,143.14,143.51,142.54,142.6,134726.12
2025-11-15 06:45:00+00:00,142.6,142.95,142.27,142.59,128885.95
2025-11-15 07:00:00+00:00,142.6,142.95,142.22,142.79,76732.98
2025-11-15 07:15:00+00:00,142.79,143.3,142.58,143.14,102674.32
2025-11-15 07:30:00+00:00,143.15,143.18,142.37,142.47,72664.66
2025-11-15 07:45:00+00:00,142.48,142.72,142.24,142.67,63802.74
2025-11-15 08:00:00+00:00,142.66,142.76,142.02,142.13,115244.2
2025-11-15 08:15:00+00:00,142.13,142.16,141.26,141.51,178663.57
2025-11-15 08:30:00+00:00,141.5,142.0,141.05,141.16,146492.74
2025-11-15 08:45:00+00:00,141.17,141.24,140.39,140.71,258165.17
2025-11-15 09:00:00+00:00,140.7,141.3,140.44,141.24,184350.27
2025-11-15 09:15:00+00:00,141.24,141.53,140.78,141.36,110712.86
2025-11-15 09:30:00+00:00,141.36,141.63,141.17,141.45,79907.1
2025-11-15 09:45:00+00:00,141.44,141.44,140.6,140.86,115787.23
2025-11-15 10:00:00+00:00,140.86,141.3,140.64,140.88,159905.54
2025-11-15 10:15:00+00:00,140.88,141.31,140.5,140.98,268740.3
2025-11-15 10:30:00+00:00,140.98,141.29,140.62,141.24,115942.27
2025-11-15 10:45:00+00:00,141.25,141.33,141.09,141.15,59306.12
2025-11-15 11:00:00+00:00,141.14,141.3,140.7,140.93,81190.4
2025-11-15 11:15:00+00:00,140.93,141.0,140.55,140.83,78371.69
2025-11-15 11:30:00+00:00,140.82,140.86,140.28,140.37,131163.81
2025-11-15 11:45:00+00:00,140.37,140.37,139.85,140.11,214991.56
2025-11-15 12:00:00+00:00,140.11,140.46,139.9,140.45,117630.17
2025-11-15 12:15:00+00:00,140.44,140.86,140.25,140.7,157202.95
2025-11-15 12:30:00+00:00,140.7,140.85,140.1,140.22,109236.71
2025-11-15 12:45:00+00:00,140.21,140.95,140.09,140.8,105707.35
2025-11-15 13:00:00+00:00,140.8,141.4,140.53,141.18,128319.28
2025-11-15 13:15:00+00:00,141.18,141.87,141.11,141.73,179376.7
2025-11-15 13:30:00+00:00,141.72,141.77,141.16,141.19,114212.2
2025-11-15 13:45:00+00:00,141.19,141.88,140.91,141.58,195319.73
2025-11-15 14:00:00+00:00,141.57,141.63,141.34,141.57,101506.87
2025-11-15 14:15:00+00:00,141.57,141.65,140.82,140.97,127464.93
2025-11-15 14:30:00+00:00,140.97,141.29,140.66,141.0,101823.05
2025-11-15 14:45:00+00:00,141.0,141.44,140.73,141.39,88346.63
2025-11-15 15:00:00+00:00,141.38,141.93,141.15,141.89,115346.15
2025-11-15 15:15:00+00:00,141.88,142.19,141.47,141.84,138240.22
2025-11-15 15:30:00+00:00,141.83,141.86,141.31,141.5,91024.55
2025-11-15 15:45:00+00:00,141.49,141.94,141.48,141.64,88859.68
2025-11-15 16:00:00+00:00,141.63,141.73,140.71,141.23,186594.38
2025-11-15 16:15:00+00:00,141.22,141.48,140.84,141.1,119204.29
2025-11-15 16:30:00+00:00,141.09,142.05,140.99,141.95,131792.71
2025-11-15 16:45:00+00:00,141.95,142.74,141.79,142.67,183609.41
2025-11-15 17:00:00+00:00,142.66,142.97,142.39,142.64,166157.21
2025-11-15 17:15:00+00:00,142.64,144.64,142.45,143.01,743488.72
2025-11-15 17:30:00+00:00,143.01,143.35,142.73,143.07,241160.45
2025-11-15 17:45:00+00:00,143.07,143.44,142.94,143.39,140463.26
2025-11-15 18:00:00+00:00,143.38,143.39,142.88,143.16,147276.54
2025-11-15 18:15:00+00:00,143.16,143.18,142.31,142.4,141836.39
2025-11-15 18:30:00+00:00,142.4,142.74,142.25,142.65,61121.31
2025-11-15 18:45:00+00:00,142.64,142.68,142.1,142.43,60463.16
2025-11-15 19:00:00+00:00,142.43,142.83,142.32,142.79,73330.74
2025-11-15 19:15:00+00:00,142.78,142.84,142.33,142.48,66984.17
2025-11-15 19:30:00+00:00,142.47,142.48,142.18,142.38,43570.27
2025-11-15 19:45:00+00:00,142.38,142.42,141.61,141.7,288037.07
2025-11-15 20:00:00+00:00,141.69,141.9,141.43,141.89,90988.18
2025-11-15 20:15:00+00:00,141.88,141.88,140.8,140.94,348256.7
2025-11-15 20:30:00+00:00,140.93,141.04,140.57,140.79,104671.86
2025-11-15 20:45:00+00:00,140.79,141.23,140.02,140.34,329256.89
2025-11-15 21:00:00+00:00,140.34,140.76,140.18,140.43,135372.46
2025-11-15 21:15:00+00:00,140.42,140.62,139.91,140.02,140271.81
2025-11-15 21:30:00+00:00,140.01,140.04,138.77,138.97,327739.05
2025-11-15 21:45:00+00:00,138.98,139.16,138.51,138.91,182621.54
2025-11-15 22:00:00+00:00,138.9,139.44,138.56,139.41,147045.98
2025-11-15 22:15:00+00:00,139.41,139.93,139.14,139.72,147135.94
2025-11-15 22:30:00+00:00,139.71,139.9,138.59,139.42,143584.07
2025-11-15 22:45:00+00:00,139.41,139.91,139.27,139.76,93655.18
2025-11-15 23:00:00+00:00,139.75,139.83,139.55,139.7,67128.31
2025-11-15 23:15:00+00:00,139.7,140.03,139.62,139.86,80179.13
2025-11-15 23:30:00+00:00,139.86,140.13,139.71,139.73,79479.09
2025-11-15 23:45:00+00:00,139.73,139.93,139.39,139.55,72226.96
2025-11-16 00:00:00+00:00,139.54,139.73,138.94,139.14,138398.36
2025-11-16 00:15:00+00:00,139.13,139.17,138.71,138.86,81500.8
2025-11-16 00:30:00+00:00,138.86,139.26,138.54,139.22,112084.54
2025-11-16 00:45:00+00:00,139.22,139.6,139.1,139.16,105282.43
2025-11-16 01:00:00+00:00,139.16,139.45,138.15,139.41,256671.43
2025-11-16 01:15:00+00:00,139.4,139.42,138.64,139.0,128138.65
2025-11-16 01:30:00+00:00,139.0,139.17,137.55,137.83,379375.6
2025-11-16 01:45:00+00:00,137.83,138.86,137.28,138.71,247680.31
2025-11-16 02:00:00+00:00,138.7,139.46,138.35,138.99,192882.47
2025-11-16 02:15:00+00:00,138.99,140.3,138.96,140.22,264915.85
2025-11-16 02:30:00+00:00,140.22,140.41,139.83,140.39,172639.46
2025-11-16 02:45:00+00:00,140.38,140.78,140.07,140.77,188882.99
2025-11-16 03:00:00+00:00,140.77,140.79,140.21,140.37,139846.4
2025-11-16 03:15:00+00:00,140.36,141.42,140.36,141.12,227455.08
2025-11-16 03:30:00+00:00,141.11,141.27,140.87,141.1,87761.54
2025-11-16 03:45:00+00:00,141.09,141.42,140.92,141.32,52339.23
2025-11-16 04:00:00+00:00,141.32,141.54,141.02,141.24,96382.31
2025-11-16 04:15:00+00:00,141.23,141.48,140.92,141.1,72722.24
2025-11-16 04:30:00+00:00,141.09,141.15,140.63,140.89,93040.74
2025-11-16 04:45:00+00:00,140.89,141.28,140.77,141.26,61731.9
2025-11-16 05:00:00+00:00,141.25,142.0,141.17,141.95,192475.08
2025-11-16 05:15:00+00:00,141.94,142.16,141.42,141.65,189709.37
2025-11-16 05:30:00+00:00,141.64,141.67,141.33,141.46,58539.8
2025-11-16 05:45:00+00:00,141.46,141.72,141.21,141.4,85060.14
2025-11-16 06:00:00+00:00,141.39,142.08,141.25,141.94,103165.86
2025-11-16 06:15:00+00:00,141.94,142.05,141.73,141.94,54818.74
2025-11-16 06:30:00+00:00,141.93,142.05,141.8,141.86,75249.17
2025-11-16 06:45:00+00:00,141.86,142.09,141.47,141.6,78948.45
2025-11-16 07:00:00+00:00,141.61,141.94,141.45,141.54,89972.76
2025-11-16 07:15:00+00:00,141.54,141.65,141.13,141.29,80495.55
2025-11-16 07:30:00+00:00,141.29,141.74,141.29,141.67,71281.55
2025-11-16 07:45:00+00:00,141.66,142.44,141.66,142.22,158145.25
2025-11-16 08:00:00+00:00,142.23,142.55,141.81,141.9,130577.58
2025-11-16 08:15:00+00:00,141.89,141.96,141.6,141.68,76274.14
2025-11-16 08:30:00+00:00,141.68,141.93,141.55,141.92,61386.17
2025-11-16 08:45:00+00:00,141.92,142.39,141.73,142.14,89535.27
2025-11-16 09:00:00+00:00,142.14,142.2,141.36,141.67,139239.28
2025-11-16 09:15:00+00:00,141.66,142.05,141.29,141.98,127798.09
2025-11-16 09:30:00+00:00,141.97,142.26,141.88,142.11,73294.0
2025-11-16 09:45:00+00:00,142.11,143.33,142.05,143.19,381703.72
2025-11-16 10:00:00+00:00,143.19,143.28,142.92,143.14,246052.61
2025-11-16 10:15:00+00:00,143.14,143.19,142.79,142.93,110712.15
2025-11-16 10:30:00+00:00,142.93,143.05,142.63,142.71,72497.87
2025-11-16 10:45:00+00:00,142.71,143.02,142.69,142.86,64666.06
2025-11-16 11:00:00+00:00,142.86,143.06,141.88,141.97,186335.32
2025-11-16 11:15:00+00:00,141.97,142.35,140.22,140.45,634674.16
2025-11-16 11:30:00+00:00,140.44,140.65,139.53,139.67,482961.4
2025-11-16 11:45:00+00:00,139.67,140.19,139.45,139.87,310389.6
2025-11-16 12:00:00+00:00,139.87,140.37,139.79,139.8,238869.24
2025-11-16 12:15:00+00:00,139.8,140.58,139.73,140.18,419667.64
2025-11-16 12:30:00+00:00,140.18,140.25,139.02,140.16,287304.8
2025-11-16 12:45:00+00:00,140.15,140.49,139.75,139.98,186028.18
2025-11-16 13:00:00+00:00,139.97,140.54,139.37,140.29,301159.61
2025-11-16 13:15:00+00:00,140.29,140.46,139.6,139.62,128195.91
2025-11-16 13:30:00+00:00,139.62,140.09,139.28,139.28,172768.99
2025-11-16 13:45:00+00:00,139.28,139.58,138.69,139.38,256195.91
2025-11-16 14:00:00+00:00,139.38,139.97,139.36,139.53,181134.2
2025-11-16 14:15:00+00:00,139.52,139.74,139.35,139.67,73392.41
2025-11-16 14:30:00+00:00,139.67,140.79,139.56,140.58,172104.22
2025-11-16 14:45:00+00:00,140.57,140.66,140.21,140.34,111968.91
2025-11-16 15:00:00+00:00,140.34,140.4,139.88,139.88,116675.02
2025-11-16 15:15:00+00:00,139.88,140.23,139.49,139.68,115180.28
2025-11-16 15:30:00+00:00,139.67,139.74,139.33,139.49,89847.52
2025-11-16 15:45:00+00:00,139.49,139.6,137.03,137.36,861930.75
2025-11-16 16:00:00+00:00,137.36,138.16,136.41,136.49,978712.3
2025-11-16 16:15:00+00:00,136.48,136.77,135.91,136.28,479817.35
2025-11-16 16:30:00+00:00,136.27,136.74,135.76,136.38,456281.42
2025-11-16 16:45:00+00:00,136.37,136.67,135.23,135.64,388235.57
2025-11-16 17:00:00+00:00,135.63,136.0,135.2,135.64,290010.04
2025-11-16 17:15:00+00:00,135.64,136.36,135.2,136.02,422747.68
2025-11-16 17:30:00+00:00,136.01,136.29,135.11,135.26,266722.8
2025-11-16 17:45:00+00:00,135.26,136.11,134.3,135.74,710556.31
2025-11-16 18:00:00+00:00,135.73,138.47,135.48,138.07,872633.46
2025-11-16 18:15:00+00:00,138.07,138.34,136.76,136.99,430109.69
2025-11-16 18:30:00+00:00,136.98,137.06,135.54,135.76,331043.51
2025-11-16 18:45:00+00:00,135.77,135.96,135.15,135.77,339622.49
2025-11-16 19:00:00+00:00,135.76,137.77,135.65,137.54,391104.52
2025-11-16 19:15:00+00:00,137.55,137.98,136.8,137.38,241143.01
2025-11-16 19:30:00+00:00,137.38,137.96,137.04,137.29,333217.62
2025-11-16 19:45:00+00:00,137.3,137.76,136.66,136.79,324815.5
2025-11-16 20:00:00+00:00,136.79,137.93,136.67,137.62,133812.63
2025-11-16 20:15:00+00:00,137.63,138.12,137.05,137.84,125698.27
2025-11-16 20:30:00+00:00,137.85,137.92,137.12,137.23,86517.37
2025-11-16 20:45:00+00:00,137.24,137.26,136.56,136.59,160778.14
2025-11-16 21:00:00+00:00,136.59,136.71,135.64,135.99,299488.64
2025-11-16 21:15:00+00:00,136.0,136.09,135.35,135.62,170333.48
2025-11-16 21:30:00+00:00,135.62,136.04,135.46,135.88,137598.36
2025-11-16 21:45:00+00:00,135.89,136.38,135.85,136.38,144219.21
2025-11-16 22:00:00+00:00,136.38,136.72,135.03,136.41,325416.17
2025-11-16 22:15:00+00:00,136.41,136.68,135.9,136.37,179725.5
2025-11-16 22:30:00+00:00,136.37,136.4,135.39,135.54,136082.55
2025-11-16 22:45:00+00:00,135.54,137.91,135.47,137.24,274089.36
2025-11-16 23:00:00+00:00,137.25,137.61,134.74,136.92,1020458.06
2025-11-16 23:15:00+00:00,136.93,138.09,136.51,137.43,481535.11
2025-11-16 23:30:00+00:00,137.42,137.93,136.87,137.54,354214.66
2025-11-16 23:45:00+00:00,137.54,137.83,137.07,137.12,147799.5
2025-11-17 00:00:00+00:00,137.12,137.46,136.73,136.88,222036.41
2025-11-17 00:15:00+00:00,136.89,138.34,136.02,138.27,418289.79
2025-11-17 00:30:00+00:00,138.28,139.46,137.79,138.81,567619.67
2025-11-17 00:45:00+00:00,138.82,139.46,138.59,139.12,383187.53
2025-11-17 01:00:00+00:00,139.12,139.42,138.62,138.86,259885.28
2025-11-17 01:15:00+00:00,138.87,139.06,138.2,138.85,233836.05
2025-11-17 01:30:00+00:00,138.86,139.18,138.33,138.83,142078.97
2025-11-17 01:45:00+00:00,138.83,139.09,138.32,138.36,114790.34
