timestamp,open,high,low,close,volume
2025-07-10 02:00:00+00:00,157.53,159.33,157.53,158.22,1091022.28
2025-07-10 03:00:00+00:00,158.23,158.3,157.13,157.28,511337.76
2025-07-10 04:00:00+00:00,157.28,157.61,156.8,157.59,495613.03
2025-07-10 05:00:00+00:00,157.6,157.7,156.84,157.15,318408.96
2025-07-10 06:00:00+00:00,157.15,157.42,156.58,157.34,428654.06
2025-07-10 07:00:00+00:00,157.34,158.58,157.27,157.82,926461.36
2025-07-10 08:00:00+00:00,157.82,159.11,157.72,158.86,743125.1
2025-07-10 09:00:00+00:00,158.86,159.01,157.86,158.0,471317.89
2025-07-10 10:00:00+00:00,157.99,158.07,157.34,157.83,531320.08
2025-07-10 11:00:00+00:00,157.83,157.83,157.11,157.55,474514.41
2025-07-10 12:00:00+00:00,157.56,157.56,156.9,157.39,496950.31
2025-07-10 13:00:00+00:00,157.4,158.31,156.6,156.97,1136954.19
2025-07-10 14:00:00+00:00,156.97,157.64,156.09,156.77,1103481.65
2025-07-10 15:00:00+00:00,156.77,156.94,155.5,156.38,851481.73
2025-07-10 16:00:00+00:00,156.38,158.67,156.07,158.34,1726152.97
2025-07-10 17:00:00+00:00,158.34,161.2,157.86,160.85,2272275.56
2025-07-10 18:00:00+00:00,160.84,160.97,158.27,159.02,1579235.89
2025-07-10 19:00:00+00:00,159.01,159.6,158.58,159.26,704178.89
2025-07-10 20:00:00+00:00,159.25,160.47,159.14,160.32,639389.18
2025-07-10 21:00:00+00:00,160.32,164.33,160.22,163.77,2849360.93
2025-07-10 22:00:00+00:00,163.77,165.36,163.23,164.65,1724360.63
2025-07-10 23:00:00+00:00,164.64,165.2,163.23,164.29,1071226.93
2025-07-11 00:00:00+00:00,164.3,164.37,161.89,163.03,1158859.77
2025-07-11 01:00:00+00:00,163.03,164.75,162.93,164.43,778920.52
2025-07-11 02:00:00+00:00,164.44,165.16,164.03,164.9,847546.92
2025-07-11 03:00:00+00:00,164.91,165.32,163.9,165.11,628238.73
2025-07-11 04:00:00+00:00,165.11,165.11,163.92,164.95,538964.61
2025-07-11 05:00:00+00:00,164.94,166.73,164.85,165.2,1786693.0
2025-07-11 06:00:00+00:00,165.2,165.95,163.34,163.57,1436976.16
2025-07-11 07:00:00+00:00,163.58,164.21,163.04,163.21,975910.29
2025-07-11 08:00:00+00:00,163.2,163.98,163.2,163.81,682781.61
2025-07-11 09:00:00+00:00,163.8,165.3,163.55,164.72,955863.87
2025-07-11 10:00:00+00:00,164.72,165.16,164.09,164.74,566693.3
2025-07-11 11:00:00+00:00,164.74,165.02,163.51,163.81,713922.75
2025-07-11 12:00:00+00:00,163.81,165.2,163.25,165.19,745852.96
2025-07-11 13:00:00+00:00,165.19,166.91,164.22,166.36,2633554.07
2025-07-11 14:00:00+00:00,166.37,168.18,165.39,166.59,2388890.51
2025-07-11 15:00:00+00:00,166.58,166.83,161.77,162.26,3423932.77
2025-07-11 16:00:00+00:00,162.27,163.17,161.17,163.13,2405350.59
2025-07-11 17:00:00+00:00,163.13,164.42,162.9,164.41,1153654.91
2025-07-11 18:00:00+00:00,164.41,164.97,163.5,164.33,700199.85
2025-07-11 19:00:00+00:00,164.33,164.57,163.2,164.52,549339.27
2025-07-11 20:00:00+00:00,164.52,164.81,162.53,162.67,685793.45
2025-07-11 21:00:00+00:00,162.67,163.06,161.3,162.08,849339.98
2025-07-11 22:00:00+00:00,162.08,162.56,159.49,161.59,1616124.47
2025-07-11 23:00:00+00:00,161.59,162.96,161.54,162.87,752902.87
2025-07-12 00:00:00+00:00,162.87,163.33,161.64,162.99,731629.48
2025-07-12 01:00:00+00:00,162.99,163.77,162.99,163.42,488301.39
2025-07-12 02:00:00+00:00,163.41,163.87,162.78,162.91,364622.97
2025-07-12 03:00:00+00:00,162.92,163.62,162.75,163.41,379883.72
2025-07-12 04:00:00+00:00,163.42,163.59,162.2,162.47,392688.59
2025-07-12 05:00:00+00:00,162.48,163.14,161.96,162.97,347153.05
2025-07-12 06:00:00+00:00,162.96,163.58,162.37,163.41,331639.7
2025-07-12 07:00:00+00:00,163.41,163.77,162.66,163.16,526750.98
2025-07-12 08:00:00+00:00,163.15,163.38,162.1,162.6,506142.7
2025-07-12 09:00:00+00:00,162.59,162.94,162.21,162.59,339407.24
2025-07-12 10:00:00+00:00,162.59,163.14,162.23,162.94,411331.59
2025-07-12 11:00:00+00:00,162.94,162.96,161.3,161.56,592727.96
2025-07-12 12:00:00+00:00,161.55,161.74,158.5,159.77,1555738.88
2025-07-12 13:00:00+00:00,159.76,159.76,158.17,159.64,1132443.58
2025-07-12 14:00:00+00:00,159.65,160.41,158.78,159.05,1033724.01
2025-07-12 15:00:00+00:00,159.04,159.51,157.66,158.06,1484710.31
2025-07-12 16:00:00+00:00,158.06,159.39,157.83,158.67,682314.2
2025-07-12 17:00:00+00:00,158.67,160.59,158.61,160.4,547454.79
2025-07-12 18:00:00+00:00,160.4,160.72,159.73,160.24,696876.48
2025-07-12 19:00:00+00:00,160.24,160.72,160.15,160.67,320495.44
2025-07-12 20:00:00+00:00,160.68,160.75,158.91,158.92,407672.83
2025-07-12 21:00:00+00:00,158.92,160.55,158.87,160.52,383538.44
2025-07-12 22:00:00+00:00,160.53,160.63,159.53,160.36,215122.54
2025-07-12 23:00:00+00:00,160.36,160.9,159.8,160.63,221052.15
2025-07-13 00:00:00+00:00,160.64,161.72,160.12,160.84,600867.35
2025-07-13 01:00:00+00:00,160.85,161.7,160.72,161.45,275180.69
2025-07-13 02:00:00+00:00,161.45,161.76,160.58,161.36,317287.17
2025-07-13 03:00:00+00:00,161.36,161.44,160.78,161.15,215780.15
2025-07-13 04:00:00+00:00,161.15,162.08,160.97,161.91,429207.61
2025-07-13 05:00:00+00:00,161.91,162.18,161.23,161.29,344706.98
2025-07-13 06:00:00+00:00,161.29,162.08,161.2,161.53,278329.31
2025-07-13 07:00:00+00:00,161.53,162.7,161.4,162.57,370468.93
2025-07-13 08:00:00+00:00,162.57,162.66,161.58,162.17,323087.24
2025-07-13 09:00:00+00:00,162.17,162.44,161.5,161.84,291340.5
2025-07-13 10:00:00+00:00,161.83,162.04,161.53,161.75,227836.33
2025-07-13 11:00:00+00:00,161.76,162.68,161.67,161.99,538548.81
2025-07-13 12:00:00+00:00,161.98,162.8,161.7,162.57,519579.42
2025-07-13 13:00:00+00:00,162.57,162.92,161.85,162.82,592725.97
2025-07-13 14:00:00+00:00,162.83,164.12,162.25,162.72,1292320.61
2025-07-13 15:00:00+00:00,162.72,163.41,161.78,161.94,715577.5
2025-07-13 16:00:00+00:00,161.95,162.38,160.79,160.85,841027.33
2025-07-13 17:00:00+00:00,160.85,162.74,160.5,162.62,762997.19
2025-07-13 18:00:00+00:00,162.62,163.21,162.3,162.98,500793.53
2025-07-13 19:00:00+00:00,162.99,163.49,162.43,162.46,445240.2
2025-07-13 20:00:00+00:00,162.45,163.02,161.88,162.51,399274.7
2025-07-13 21:00:00+00:00,162.51,162.51,159.98,160.47,717523.41
2025-07-13 22:00:00+00:00,160.47,160.99,159.55,160.69,754017.63
2025-07-13 23:00:00+00:00,160.69,161.38,160.2,161.04,535018.4
2025-07-14 00:00:00+00:00,161.05,162.22,160.53,161.56,556227.0
2025-07-14 01:00:00+00:00,161.56,162.81,161.41,162.73,467759.59
2025-07-14 02:00:00+00:00,162.72,165.5,162.53,164.84,1372120.67
2025-07-14 03:00:00+00:00,164.85,168.27,164.64,167.08,2120087.73
2025-07-14 04:00:00+00:00,167.07,167.9,166.73,167.46,1222467.97
2025-07-14 05:00:00+00:00,167.45,168.66,165.29,166.76,2079813.75
2025-07-14 06:00:00+00:00,166.76,166.8,165.28,165.67,867792.59
2025-07-14 07:00:00+00:00,165.67,169.76,165.62,167.21,1330540.99
2025-07-14 08:00:00+00:00,167.22,167.5,166.0,167.43,853065.43
2025-07-14 09:00:00+00:00,167.44,168.11,167.01,167.33,780816.17
2025-07-14 10:00:00+00:00,167.34,167.62,166.41,167.51,822084.25
2025-07-14 11:00:00+00:00,167.51,167.64,166.24,166.51,776713.19
2025-07-14 12:00:00+00:00,166.5,167.38,166.36,166.89,560219.46
2025-07-14 13:00:00+00:00,166.89,168.5,166.14,167.89,1201604.45
2025-07-14 14:00:00+00:00,167.89,168.64,165.39,166.69,1879278.18
2025-07-14 15:00:00+00:00,166.69,166.69,163.0,163.91,2031505.62
2025-07-14 16:00:00+00:00,163.9,165.29,163.25,165.17,1288371.83
2025-07-14 17:00:00+00:00,165.17,165.18,163.45,164.28,838854.75
2025-07-14 18:00:00+00:00,164.28,164.47,162.52,162.69,795210.46
2025-07-14 19:00:00+00:00,162.7,164.24,162.37,164.22,610750.79
2025-07-14 20:00:00+00:00,164.22,164.22,161.76,162.89,809796.93
2025-07-14 21:00:00+00:00,162.88,162.88,162.07,162.42,459797.19
2025-07-14 22:00:00+00:00,162.43,162.69,161.68,162.21,384711.55
2025-07-14 23:00:00+00:00,162.21,162.35,161.57,162.13,375087.83
2025-07-15 00:00:00+00:00,162.12,162.82,161.04,161.32,664560.24
2025-07-15 01:00:00+00:00,161.31,162.38,160.22,161.03,1195950.97
2025-07-15 02:00:00+00:00,161.02,161.49,159.01,160.47,1313136.93
2025-07-15 03:00:00+00:00,160.46,160.62,158.04,159.06,1445934.67
2025-07-15 04:00:00+00:00,159.06,160.15,158.19,160.0,915445.88
2025-07-15 05:00:00+00:00,160.01,160.47,159.72,160.17,501864.35
2025-07-15 06:00:00+00:00,160.16,160.79,159.95,160.32,577895.39
2025-07-15 07:00:00+00:00,160.32,160.63,159.27,159.46,582706.24
2025-07-15 08:00:00+00:00,159.46,159.57,158.31,159.15,760876.97
2025-07-15 09:00:00+00:00,159.14,159.86,158.97,159.03,408008.98
2025-07-15 10:00:00+00:00,159.03,159.78,158.99,159.46,307736.81
2025-07-15 11:00:00+00:00,159.47,160.09,158.86,159.79,590547.11
2025-07-15 12:00:00+00:00,159.78,161.0,158.23,159.84,1371613.71
2025-07-15 13:00:00+00:00,159.84,161.98,159.65,161.17,1750197.69
2025-07-15 14:00:00+00:00,161.17,162.13,157.11,157.68,2224306.35
2025-07-15 15:00:00+00:00,157.69,160.88,157.2,160.4,1495507.79
2025-07-15 16:00:00+00:00,160.39,161.53,160.19,160.9,1028536.88
2025-07-15 17:00:00+00:00,160.9,162.83,160.78,162.77,856123.63
2025-07-15 18:00:00+00:00,162.78,163.66,160.73,161.78,1810075.85
2025-07-15 19:00:00+00:00,161.78,162.81,159.86,160.14,960205.56
2025-07-15 20:00:00+00:00,160.13,161.21,159.62,160.64,579748.71
2025-07-15 21:00:00+00:00,160.64,162.62,160.49,161.87,465084.74
2025-07-15 22:00:00+00:00,161.88,162.5,161.3,162.5,371102.24
2025-07-15 23:00:00+00:00,162.5,164.26,162.49,163.99,912701.6
2025-07-16 00:00:00+00:00,163.99,165.29,163.54,164.76,944863.3
2025-07-16 01:00:00+00:00,164.76,164.83,163.78,163.95,591606.48
2025-07-16 02:00:00+00:00,163.95,164.14,161.5,162.1,988362.53
2025-07-16 03:00:00+00:00,162.11,162.78,161.88,162.53,428378.1
2025-07-16 04:00:00+00:00,162.52,162.92,161.75,162.5,453859.83
2025-07-16 05:00:00+00:00,162.5,163.57,162.5,163.17,511764.36
2025-07-16 06:00:00+00:00,163.18,164.13,162.61,164.12,531715.78
2025-07-16 07:00:00+00:00,164.13,164.65,163.6,164.02,593293.59
2025-07-16 08:00:00+00:00,164.02,165.63,163.8,165.5,713281.83
2025-07-16 09:00:00+00:00,165.5,167.59,165.48,167.27,2599832.33
2025-07-16 10:00:00+00:00,167.28,167.49,166.0,166.04,1140582.09
2025-07-16 11:00:00+00:00,166.03,166.88,166.02,166.66,757736.1
2025-07-16 12:00:00+00:00,166.67,167.54,166.53,166.62,904483.69
2025-07-16 13:00:00+00:00,166.61,167.31,166.16,167.28,1075954.0
2025-07-16 14:00:00+00:00,167.28,168.01,166.61,167.53,1984653.35
2025-07-16 15:00:00+00:00,167.53,168.82,165.34,168.42,2624423.22
2025-07-16 16:00:00+00:00,168.41,173.28,168.33,172.53,4260539.37
2025-07-16 17:00:00+00:00,172.52,174.63,172.03,173.63,1983796.64
2025-07-16 18:00:00+00:00,173.63,174.74,172.96,173.38,1661695.97
2025-07-16 19:00:00+00:00,173.39,174.48,172.54,174.13,1126912.24
2025-07-16 20:00:00+00:00,174.13,175.08,173.74,174.66,1224498.48
2025-07-16 21:00:00+00:00,174.65,176.0,173.9,174.45,1147888.4
2025-07-16 22:00:00+00:00,174.45,175.85,173.43,173.82,1250814.91
2025-07-16 23:00:00+00:00,173.81,173.97,172.4,173.64,1151145.21
2025-07-17 00:00:00+00:00,173.65,174.91,173.0,173.01,797963.3
2025-07-17 01:00:00+00:00,173.0,173.39,169.52,171.48,1907665.63
2025-07-17 02:00:00+00:00,171.48,172.1,170.16,171.35,805387.79
2025-07-17 03:00:00+00:00,171.35,171.45,168.71,169.55,1161262.01
2025-07-17 04:00:00+00:00,169.54,171.32,169.25,171.29,667645.46
2025-07-17 05:00:00+00:00,171.29,172.11,170.39,171.94,811783.14
2025-07-17 06:00:00+00:00,171.94,174.0,171.25,173.81,1627898.64
2025-07-17 07:00:00+00:00,173.8,174.12,171.69,173.99,1360053.25
2025-07-17 08:00:00+00:00,173.99,174.09,172.62,173.66,847353.75
2025-07-17 09:00:00+00:00,173.66,178.17,173.44,177.16,2460725.15
2025-07-17 10:00:00+00:00,177.15,177.81,175.62,176.34,1698329.07
2025-07-17 11:00:00+00:00,176.34,176.8,175.14,176.14,1263387.05
2025-07-17 12:00:00+00:00,176.14,177.56,174.58,176.74,2007199.05
2025-07-17 13:00:00+00:00,176.74,176.97,172.67,174.31,2431679.74
2025-07-17 14:00:00+00:00,174.3,175.3,173.41,174.83,1281191.66
2025-07-17 15:00:00+00:00,174.84,175.12,172.77,174.09,1079955.45
2025-07-17 16:00:00+00:00,174.08,174.4,171.15,172.83,1619258.45
2025-07-17 17:00:00+00:00,172.82,174.37,172.21,174.17,944174.16
2025-07-17 18:00:00+00:00,174.18,174.75,173.51,174.73,960892.59
2025-07-17 19:00:00+00:00,174.73,175.36,172.75,173.0,1056278.29
2025-07-17 20:00:00+00:00,173.01,173.65,171.28,173.42,1212678.81
2025-07-17 21:00:00+00:00,173.43,176.49,173.4,175.45,2060594.82
2025-07-17 22:00:00+00:00,175.46,177.4,174.83,175.44,1158853.48
2025-07-17 23:00:00+00:00,175.43,176.86,175.16,175.82,885047.82
2025-07-18 00:00:00+00:00,175.81,179.88,175.22,179.76,1823326.67
2025-07-18 01:00:00+00:00,179.77,181.25,178.88,180.64,2254178.86
2025-07-18 02:00:00+00:00,180.64,180.67,178.86,179.68,981031.14
2025-07-18 03:00:00+00:00,179.69,181.09,179.6,180.83,1284096.3
2025-07-18 04:00:00+00:00,180.83,182.06,179.89,181.92,1496369.31
2025-07-18 05:00:00+00:00,181.93,185.0,181.28,183.72,3344438.57
2025-07-18 06:00:00+00:00,183.71,184.01,182.3,183.61,1045641.62
2025-07-18 07:00:00+00:00,183.61,184.4,181.07,181.14,1769207.14
2025-07-18 08:00:00+00:00,181.14,182.19,178.73,179.57,1902928.38
2025-07-18 09:00:00+00:00,179.56,180.2,178.9,180.11,1036149.92
2025-07-18 10:00:00+00:00,180.11,180.12,178.08,179.5,824473.77
2025-07-18 11:00:00+00:00,179.5,179.6,177.0,178.52,1004479.01
2025-07-18 12:00:00+00:00,178.53,180.2,178.36,180.19,905528.82
2025-07-18 13:00:00+00:00,180.19,182.06,179.16,180.79,1699016.14
2025-07-18 14:00:00+00:00,180.78,181.6,176.71,178.5,2694534.83
2025-07-18 15:00:00+00:00,178.5,178.81,174.87,177.0,2188511.36
2025-07-18 16:00:00+00:00,176.99,179.09,176.14,178.37,1281166.89
2025-07-18 17:00:00+00:00,178.38,179.1,177.66,178.47,729192.9
2025-07-18 18:00:00+00:00,178.47,178.8,177.48,177.93,631495.64
2025-07-18 19:00:00+00:00,177.92,178.52,176.12,176.92,1019351.49
2025-07-18 20:00:00+00:00,176.93,177.09,173.136,175.26,1866458.71
2025-07-18 21:00:00+00:00,175.26,176.98,175.14,175.91,747154.87
2025-07-18 22:00:00+00:00,175.91,176.95,174.81,175.88,697134.26
2025-07-18 23:00:00+00:00,175.88,177.5,175.07,177.21,681666.6
2025-07-19 00:00:00+00:00,177.22,177.39,175.05,175.15,650415.33
2025-07-19 01:00:00+00:00,175.16,176.75,173.94,176.59,656706.3
2025-07-19 02:00:00+00:00,176.59,177.26,175.65,177.13,447003.87
2025-07-19 03:00:00+00:00,177.13,177.72,176.86,177.44,587203.57
2025-07-19 04:00:00+00:00,177.45,177.68,177.01,177.3,398943.18
2025-07-19 05:00:00+00:00,177.3,177.79,176.77,177.52,620435.57
2025-07-19 06:00:00+00:00,177.52,177.63,176.1,176.26,468018.96
2025-07-19 07:00:00+00:00,176.25,177.34,176.13,176.98,330621.24
2025-07-19 08:00:00+00:00,176.98,177.14,175.35,176.0,506546.11
2025-07-19 09:00:00+00:00,176.0,177.0,175.78,176.67,262472.22
2025-07-19 10:00:00+00:00,176.67,177.64,176.43,177.37,358781.41
2025-07-19 11:00:00+00:00,177.37,177.79,176.16,176.58,579852.57
2025-07-19 12:00:00+00:00,176.57,177.42,175.66,177.35,591752.35
2025-07-19 13:00:00+00:00,177.34,177.85,176.91,177.46,597627.34
2025-07-19 14:00:00+00:00,177.47,177.87,174.73,175.0,1050911.32
2025-07-19 15:00:00+00:00,174.99,177.45,174.83,177.37,854289.89
2025-07-19 16:00:00+00:00,177.37,177.87,176.43,177.54,718538.73
2025-07-19 17:00:00+00:00,177.55,177.81,176.11,176.31,453878.29
2025-07-19 18:00:00+00:00,176.32,177.52,176.15,176.81,389039.25
2025-07-19 19:00:00+00:00,176.82,178.1,176.18,177.04,710607.81
2025-07-19 20:00:00+00:00,177.04,178.62,176.96,177.42,1715215.8
2025-07-19 21:00:00+00:00,177.42,177.79,175.05,175.89,1022040.63
2025-07-19 22:00:00+00:00,175.89,176.54,175.26,176.37,412856.06
2025-07-19 23:00:00+00:00,176.37,177.08,176.15,176.93,353718.42
2025-07-20 00:00:00+00:00,176.93,177.93,176.3,177.65,423540.2
2025-07-20 01:00:00+00:00,177.65,179.78,177.58,177.86,7930317.8
2025-07-20 02:00:00+00:00,177.85,177.95,176.95,177.52,591019.2
2025-07-20 03:00:00+00:00,177.52,178.77,177.13,177.93,679152.97
2025-07-20 04:00:00+00:00,177.93,178.53,177.43,177.55,458690.7
2025-07-20 05:00:00+00:00,177.56,177.98,177.06,177.77,319531.46
2025-07-20 06:00:00+00:00,177.77,177.78,176.9,177.31,316918.1
2025-07-20 07:00:00+00:00,177.31,178.65,177.2,177.91,853457.58
2025-07-20 08:00:00+00:00,177.91,180.72,177.91,180.7,1196648.39
2025-07-20 09:00:00+00:00,180.69,181.58,179.62,179.76,1240235.44
2025-07-20 10:00:00+00:00,179.76,180.46,179.42,179.61,590557.69
2025-07-20 11:00:00+00:00,179.6,181.03,179.31,180.43,726622.7
2025-07-20 12:00:00+00:00,180.43,181.97,179.94,181.79,1021506.39
2025-07-20 13:00:00+00:00,181.79,183.17,181.57,183.04,1282463.4
2025-07-20 14:00:00+00:00,183.02,183.09,180.69,180.8,1634380.72
2025-07-20 15:00:00+00:00,180.8,182.0,180.03,181.92,1126527.83
2025-07-20 16:00:00+00:00,181.93,183.25,181.62,182.08,1352326.42
2025-07-20 17:00:00+00:00,182.08,182.08,180.2,180.53,1453508.18
2025-07-20 18:00:00+00:00,180.52,182.58,180.13,182.2,731378.93
2025-07-20 19:00:00+00:00,182.19,183.67,181.61,181.95,872321.76
2025-07-20 20:00:00+00:00,181.94,182.22,180.41,181.22,690250.65
2025-07-20 21:00:00+00:00,181.23,182.31,180.62,182.27,443219.19
2025-07-20 22:00:00+00:00,182.28,182.36,177.61,180.46,1989035.62
2025-07-20 23:00:00+00:00,180.46,181.64,179.37,181.42,799885.28
2025-07-21 00:00:00+00:00,181.42,181.74,178.36,180.23,1296499.39
2025-07-21 01:00:00+00:00,180.23,180.54,178.18,180.07,915503.75
2025-07-21 02:00:00+00:00,180.07,184.72,180.05,184.37,1792823.77
2025-07-21 03:00:00+00:00,184.36,187.11,183.92,186.72,2538742.89
2025-07-21 04:00:00+00:00,186.71,187.29,185.75,185.77,988461.45
2025-07-21 05:00:00+00:00,185.77,189.0,185.07,188.31,1541043.27
2025-07-21 06:00:00+00:00,188.31,189.84,187.91,189.28,1743803.63
2025-07-21 07:00:00+00:00,189.28,191.1,189.14,190.1,1438907.39
2025-07-21 08:00:00+00:00,190.09,192.12,189.68,190.89,2150684.3
2025-07-21 09:00:00+00:00,190.89,191.85,190.1,191.7,1338684.47
2025-07-21 10:00:00+00:00,191.69,192.08,190.91,191.39,1370902.69
2025-07-21 11:00:00+00:00,191.38,193.27,190.86,191.58,1637687.95
2025-07-21 12:00:00+00:00,191.58,192.0,190.4,191.66,1268558.44
2025-07-21 13:00:00+00:00,191.67,193.62,190.32,192.55,1589112.43
2025-07-21 14:00:00+00:00,192.56,195.53,191.42,195.41,2376928.93
2025-07-21 15:00:00+00:00,195.4,199.48,195.21,196.88,4794535.48
2025-07-21 16:00:00+00:00,196.89,197.13,193.0,195.25,3246050.8
2025-07-21 17:00:00+00:00,195.25,196.78,194.58,196.27,1357656.23
2025-07-21 18:00:00+00:00,196.27,197.42,193.44,193.82,1561119.39
2025-07-21 19:00:00+00:00,193.81,195.59,193.05,194.69,1617329.56
2025-07-21 20:00:00+00:00,194.69,196.62,193.71,193.92,1439146.32
2025-07-21 21:00:00+00:00,193.92,196.69,193.65,196.15,697542.52
2025-07-21 22:00:00+00:00,196.14,197.88,195.56,197.32,710666.17
2025-07-21 23:00:00+00:00,197.32,197.52,195.55,195.75,705741.27
2025-07-22 00:00:00+00:00,195.75,199.2,195.75,197.64,1767729.22
2025-07-22 01:00:00+00:00,197.63,202.5,193.74,202.14,4850906.93
2025-07-22 02:00:00+00:00,202.14,204.76,201.03,201.97,3299841.89
2025-07-22 03:00:00+00:00,201.97,203.11,197.43,200.11,3426899.27
2025-07-22 04:00:00+00:00,200.11,200.22,194.1,194.35,2751349.31
2025-07-22 05:00:00+00:00,194.36,199.15,194.36,196.59,2374191.15
2025-07-22 06:00:00+00:00,196.6,200.77,196.0,199.04,1698253.08
2025-07-22 07:00:00+00:00,199.05,201.29,197.42,198.1,1844326.03
2025-07-22 08:00:00+00:00,198.1,198.1,194.03,196.97,2586163.09
2025-07-22 09:00:00+00:00,196.97,199.17,194.32,197.32,2011122.7
2025-07-22 10:00:00+00:00,197.31,199.17,197.17,199.13,813391.05
2025-07-22 11:00:00+00:00,199.13,200.28,197.69,199.95,1160903.83
2025-07-22 12:00:00+00:00,199.94,203.72,199.06,203.09,2157970.51
2025-07-22 13:00:00+00:00,203.09,204.24,198.23,199.05,4187487.79
2025-07-22 14:00:00+00:00,199.06,202.28,196.89,202.18,2484016.78
2025-07-22 15:00:00+00:00,202.18,205.17,201.3,201.86,3518175.27
2025-07-22 16:00:00+00:00,201.85,204.35,200.79,203.86,1785869.08
2025-07-22 17:00:00+00:00,203.86,203.99,200.83,202.96,1718511.4
2025-07-22 18:00:00+00:00,202.96,204.06,201.3,202.6,1617095.41
2025-07-22 19:00:00+00:00,202.6,202.8,198.4,198.93,1505077.05
2025-07-22 20:00:00+00:00,198.94,201.46,198.41,200.71,1079866.47
2025-07-22 21:00:00+00:00,200.71,202.0,199.86,201.45,610901.33
2025-07-22 22:00:00+00:00,201.45,202.9,201.41,201.96,677216.23
2025-07-22 23:00:00+00:00,201.95,206.44,201.91,205.78,1677761.68
2025-07-23 00:00:00+00:00,205.79,205.86,203.47,204.39,1436159.36
2025-07-23 01:00:00+00:00,204.39,204.68,202.7,203.14,895422.45
2025-07-23 02:00:00+00:00,203.13,203.47,201.68,202.4,933518.92
2025-07-23 03:00:00+00:00,202.41,202.83,201.04,201.52,708611.6
2025-07-23 04:00:00+00:00,201.51,202.35,201.11,201.76,602344.41
2025-07-23 05:00:00+00:00,201.76,202.24,200.9,201.65,645362.9
2025-07-23 06:00:00+00:00,201.65,202.0,199.75,200.67,1088185.28
2025-07-23 07:00:00+00:00,200.67,201.18,198.89,199.5,954868.37
2025-07-23 08:00:00+00:00,199.5,199.89,198.6,199.87,786659.45
2025-07-23 09:00:00+00:00,199.87,200.08,197.53,197.69,1018266.64
2025-07-23 10:00:00+00:00,197.68,198.06,196.0,197.95,1568193.91
2025-07-23 11:00:00+00:00,197.95,198.25,196.9,197.44,646261.23
2025-07-23 12:00:00+00:00,197.45,197.62,193.6,194.24,2048799.75
2025-07-23 13:00:00+00:00,194.24,194.9,187.61,189.18,6203249.21
2025-07-23 14:00:00+00:00,189.18,192.38,188.7,191.59,3311433.06
2025-07-23 15:00:00+00:00,191.58,192.8,189.61,192.72,1486679.4
2025-07-23 16:00:00+00:00,192.73,192.74,187.91,188.28,2028993.54
2025-07-23 17:00:00+00:00,188.27,189.29,186.0,188.69,2952268.64
2025-07-23 18:00:00+00:00,188.69,190.32,188.16,190.23,1341893.12
2025-07-23 19:00:00+00:00,190.22,190.28,188.0,188.06,986812.16
2025-07-23 20:00:00+00:00,188.07,189.79,184.47,186.79,2546712.54
2025-07-23 21:00:00+00:00,186.78,188.34,184.0,187.97,1597619.79
2025-07-23 22:00:00+00:00,187.96,189.69,186.5,189.07,1010221.37
2025-07-23 23:00:00+00:00,189.07,190.07,188.86,189.4,535201.54
2025-07-24 00:00:00+00:00,189.4,190.98,188.49,190.96,1120010.32
2025-07-24 01:00:00+00:00,190.96,191.55,189.18,191.52,781927.59
2025-07-24 02:00:00+00:00,191.51,191.66,190.36,191.12,629136.98
2025-07-24 03:00:00+00:00,191.12,191.87,189.63,189.87,669552.51
2025-07-24 04:00:00+00:00,189.87,190.14,185.35,186.03,1961975.36
2025-07-24 05:00:00+00:00,186.04,186.21,181.0,181.84,3138669.37
2025-07-24 06:00:00+00:00,181.84,184.1,179.73,181.05,3008386.34
2025-07-24 07:00:00+00:00,181.04,184.33,179.2,184.15,2594840.26
2025-07-24 08:00:00+00:00,184.15,186.34,183.22,186.01,1632036.52
2025-07-24 09:00:00+00:00,186.01,186.45,184.42,185.21,1265273.87
2025-07-24 10:00:00+00:00,185.21,186.29,182.92,184.89,1511054.16
2025-07-24 11:00:00+00:00,184.89,186.94,184.87,186.38,1016325.73
2025-07-24 12:00:00+00:00,186.37,186.85,184.57,185.98,1156691.9
2025-07-24 13:00:00+00:00,185.98,187.41,184.29,184.55,1328887.46
2025-07-24 14:00:00+00:00,184.55,190.04,183.34,189.49,2514730.06
2025-07-24 15:00:00+00:00,189.48,191.7,187.48,188.47,2879594.32
2025-07-24 16:00:00+00:00,188.48,188.8,184.77,185.78,1895864.79
2025-07-24 17:00:00+00:00,185.78,189.56,185.64,188.73,1195041.88
2025-07-24 18:00:00+00:00,188.72,189.84,187.69,189.21,1184695.19
2025-07-24 19:00:00+00:00,189.21,190.0,187.8,187.94,709465.75
2025-07-24 20:00:00+00:00,187.93,189.02,187.52,188.79,469777.71
2025-07-24 21:00:00+00:00,188.79,188.82,185.5,185.52,827100.27
2025-07-24 22:00:00+00:00,185.52,185.81,183.31,183.64,1497181.59
2025-07-24 23:00:00+00:00,183.63,183.63,181.92,182.8,971800.54
2025-07-25 00:00:00+00:00,182.81,183.1,180.5,181.86,1377853.64
2025-07-25 01:00:00+00:00,181.86,183.48,180.69,182.86,1292369.63
2025-07-25 02:00:00+00:00,182.87,183.43,178.39,178.74,1830420.1
2025-07-25 03:00:00+00:00,178.75,179.68,175.5,177.64,2995632.64
2025-07-25 04:00:00+00:00,177.63,179.57,176.0,179.41,1818361.38
2025-07-25 05:00:00+00:00,179.4,179.7,177.86,178.62,884622.56
2025-07-25 06:00:00+00:00,178.62,178.86,177.19,178.06,1042494.41
2025-07-25 07:00:00+00:00,178.05,178.82,175.8,177.43,1591742.31
2025-07-25 08:00:00+00:00,177.44,179.3,176.75,177.77,1603813.29
2025-07-25 09:00:00+00:00,177.78,180.83,177.28,180.76,1685484.88
2025-07-25 10:00:00+00:00,180.75,181.6,179.67,180.67,1022254.09
2025-07-25 11:00:00+00:00,180.67,182.03,180.66,181.03,779907.5
2025-07-25 12:00:00+00:00,181.02,181.84,179.9,180.71,986239.03
2025-07-25 13:00:00+00:00,180.72,181.4,179.5,181.12,1057028.06
2025-07-25 14:00:00+00:00,181.12,181.31,176.28,176.55,2846316.98
2025-07-25 15:00:00+00:00,176.56,178.56,176.14,178.13,1504803.54
2025-07-25 16:00:00+00:00,178.13,179.94,177.39,179.65,1281973.72
2025-07-25 17:00:00+00:00,179.64,181.08,179.3,180.66,1131443.67
2025-07-25 18:00:00+00:00,180.66,182.7,180.61,182.27,829750.09
2025-07-25 19:00:00+00:00,182.27,182.83,181.71,182.12,557341.65
2025-07-25 20:00:00+00:00,182.12,184.42,182.02,183.75,785336.39
2025-07-25 21:00:00+00:00,183.76,185.31,183.75,185.03,702993.26
2025-07-25 22:00:00+00:00,185.03,186.18,184.85,186.03,680224.01
2025-07-25 23:00:00+00:00,186.03,186.79,185.54,186.69,403384.8
2025-07-26 00:00:00+00:00,186.69,186.9,185.6,185.86,514385.37
2025-07-26 01:00:00+00:00,185.86,186.07,184.44,184.46,577805.07
2025-07-26 02:00:00+00:00,184.46,186.82,184.46,186.46,725630.85
2025-07-26 03:00:00+00:00,186.46,186.61,185.64,185.96,310844.35
2025-07-26 04:00:00+00:00,185.96,186.4,185.65,185.93,259584.95
2025-07-26 05:00:00+00:00,185.92,187.14,185.6,186.69,396741.71
2025-07-26 06:00:00+00:00,186.7,186.73,185.84,186.04,279667.38
2025-07-26 07:00:00+00:00,186.04,186.84,186.03,186.41,250501.2
2025-07-26 08:00:00+00:00,186.41,187.99,186.41,187.96,549552.94
2025-07-26 09:00:00+00:00,187.97,189.16,187.42,188.94,933487.36
2025-07-26 10:00:00+00:00,188.94,189.75,188.09,188.22,954186.81
2025-07-26 11:00:00+00:00,188.21,188.5,187.24,187.69,858101.65
2025-07-26 12:00:00+00:00,187.69,188.44,187.21,187.84,502553.74
2025-07-26 13:00:00+00:00,187.84,188.17,187.21,187.48,471577.52
2025-07-26 14:00:00+00:00,187.48,187.91,186.1,186.37,728447.75
2025-07-26 15:00:00+00:00,186.38,187.71,185.96,187.5,749978.03
2025-07-26 16:00:00+00:00,187.5,187.77,186.41,186.78,541918.13
2025-07-26 17:00:00+00:00,186.79,186.89,185.32,185.59,789748.81
2025-07-26 18:00:00+00:00,185.6,186.37,184.99,185.96,427475.33
2025-07-26 19:00:00+00:00,185.95,186.63,185.77,186.38,298104.47
2025-07-26 20:00:00+00:00,186.38,186.45,185.25,185.85,314864.34
2025-07-26 21:00:00+00:00,185.85,186.43,185.38,186.32,236864.07
2025-07-26 22:00:00+00:00,186.32,186.75,184.75,185.03,631949.64
2025-07-26 23:00:00+00:00,185.03,185.05,184.19,184.82,516282.27
2025-07-27 00:00:00+00:00,184.82,185.47,184.47,185.44,327053.55
2025-07-27 01:00:00+00:00,185.44,186.54,185.07,186.25,483447.38
2025-07-27 02:00:00+00:00,186.24,187.11,185.76,187.07,349315.09
2025-07-27 03:00:00+00:00,187.07,187.6,186.18,187.14,533389.56
2025-07-27 04:00:00+00:00,187.15,187.54,186.6,187.44,311783.23
2025-07-27 05:00:00+00:00,187.44,188.3,187.22,187.8,529774.37
2025-07-27 06:00:00+00:00,187.8,187.98,186.95,186.99,329555.82
2025-07-27 07:00:00+00:00,187.0,187.83,186.53,187.15,430637.29
2025-07-27 08:00:00+00:00,187.15,187.44,186.18,186.65,496146.87
2025-07-27 09:00:00+00:00,186.66,187.3,186.11,186.3,342600.09
2025-07-27 10:00:00+00:00,186.31,188.42,186.26,187.58,639360.3
2025-07-27 11:00:00+00:00,187.59,188.53,186.72,186.94,696502.5
2025-07-27 12:00:00+00:00,186.95,187.3,185.38,186.35,783260.34
2025-07-27 13:00:00+00:00,186.34,186.71,185.4,185.68,492352.72
2025-07-27 14:00:00+00:00,185.67,186.45,185.07,185.7,552161.56
2025-07-27 15:00:00+00:00,185.71,186.43,184.8,186.38,525146.42
2025-07-27 16:00:00+00:00,186.38,189.7,186.3,187.58,1766076.95
2025-07-27 17:00:00+00:00,187.58,188.29,185.87,187.99,1160333.92
2025-07-27 18:00:00+00:00,187.99,188.72,187.37,188.32,688109.15
2025-07-27 19:00:00+00:00,188.31,188.52,186.8,186.89,329841.45
2025-07-27 20:00:00+00:00,186.89,188.15,186.6,187.06,304615.52
2025-07-27 21:00:00+00:00,187.07,187.9,186.27,187.9,301944.8
2025-07-27 22:00:00+00:00,187.9,190.67,187.75,188.87,1291906.55
2025-07-27 23:00:00+00:00,188.86,189.04,187.11,188.55,831528.6
2025-07-28 00:00:00+00:00,188.56,191.09,188.02,189.62,941132.73
2025-07-28 01:00:00+00:00,189.63,190.1,187.55,188.2,710869.14
2025-07-28 02:00:00+00:00,188.21,191.96,187.8,191.54,1425169.89
2025-07-28 03:00:00+00:00,191.54,193.79,191.21,193.29,1387573.36
2025-07-28 04:00:00+00:00,193.29,194.02,192.45,193.04,961254.84
2025-07-28 05:00:00+00:00,193.04,195.32,192.66,194.3,986085.38
2025-07-28 06:00:00+00:00,194.31,194.49,193.52,193.97,701712.92
2025-07-28 07:00:00+00:00,193.98,194.06,191.56,192.29,1152457.13
2025-07-28 08:00:00+00:00,192.29,192.78,191.2,192.54,623309.68
2025-07-28 09:00:00+00:00,192.53,193.31,191.75,193.09,533385.59
2025-07-28 10:00:00+00:00,193.09,193.25,191.64,192.24,531655.48
2025-07-28 11:00:00+00:00,192.24,192.28,190.6,191.96,676037.66
2025-07-28 12:00:00+00:00,191.96,193.49,191.31,192.82,861134.96
2025-07-28 13:00:00+00:00,192.83,192.91,189.23,190.16,1946698.13
2025-07-28 14:00:00+00:00,190.16,190.66,186.66,187.46,2579620.34
2025-07-28 15:00:00+00:00,187.47,189.02,186.48,187.14,1140580.83
2025-07-28 16:00:00+00:00,187.13,187.95,186.05,186.59,1050092.54
2025-07-28 17:00:00+00:00,186.59,187.38,185.24,185.84,1093469.73
2025-07-28 18:00:00+00:00,185.84,186.19,183.36,185.08,2027888.0
2025-07-28 19:00:00+00:00,185.07,186.38,183.55,185.2,1280227.73
2025-07-28 20:00:00+00:00,185.21,185.49,182.52,184.12,1335449.78
2025-07-28 21:00:00+00:00,184.11,185.11,183.24,184.17,566979.44
2025-07-28 22:00:00+00:00,184.17,184.56,182.06,183.57,814643.9
2025-07-28 23:00:00+00:00,183.58,183.98,182.12,183.03,613029.7
2025-07-29 00:00:00+00:00,183.03,184.62,180.67,182.73,1426837.54
2025-07-29 01:00:00+00:00,182.74,183.95,181.57,181.67,567534.32
2025-07-29 02:00:00+00:00,181.68,182.36,180.5,182.2,958862.68
2025-07-29 03:00:00+00:00,182.21,184.66,182.17,184.27,874995.89
2025-07-29 04:00:00+00:00,184.27,184.72,183.14,183.32,566628.61
2025-07-29 05:00:00+00:00,183.33,184.8,183.13,184.79,493133.08
2025-07-29 06:00:00+00:00,184.79,185.52,184.41,184.72,697659.79
2025-07-29 07:00:00+00:00,184.72,186.5,184.72,185.96,860103.14
2025-07-29 08:00:00+00:00,185.96,186.44,184.74,184.83,616423.99
2025-07-29 09:00:00+00:00,184.84,185.14,184.13,184.52,509639.75
2025-07-29 10:00:00+00:00,184.52,184.72,182.16,182.3,937981.53
2025-07-29 11:00:00+00:00,182.29,183.45,182.27,182.83,423898.27
2025-07-29 12:00:00+00:00,182.84,184.45,182.47,183.8,680591.19
2025-07-29 13:00:00+00:00,183.8,184.93,182.1,182.62,1162772.72
2025-07-29 14:00:00+00:00,182.62,182.73,179.55,180.31,2507631.12
2025-07-29 15:00:00+00:00,180.3,181.4,179.1,180.71,1579682.27
2025-07-29 16:00:00+00:00,180.7,180.88,178.18,180.0,1869359.17
2025-07-29 17:00:00+00:00,180.0,181.64,179.72,181.4,939084.28
2025-07-29 18:00:00+00:00,181.39,182.05,180.6,181.38,435313.99
2025-07-29 19:00:00+00:00,181.38,182.33,180.25,181.0,759185.88
2025-07-29 20:00:00+00:00,180.99,181.82,179.45,179.99,938780.55
2025-07-29 21:00:00+00:00,180.0,181.56,179.2,181.16,495087.14
2025-07-29 22:00:00+00:00,181.17,181.75,180.31,181.62,377259.93
2025-07-29 23:00:00+00:00,181.63,181.9,180.82,181.39,322373.45
2025-07-30 00:00:00+00:00,181.38,181.5,179.2,180.13,606811.24
2025-07-30 01:00:00+00:00,180.13,181.86,178.71,181.29,891947.04
2025-07-30 02:00:00+00:00,181.29,182.29,181.01,181.68,562845.46
2025-07-30 03:00:00+00:00,181.67,182.17,181.24,181.6,307892.78
2025-07-30 04:00:00+00:00,181.6,182.03,180.08,180.22,480986.68
2025-07-30 05:00:00+00:00,180.22,181.17,179.23,180.93,729613.85
2025-07-30 06:00:00+00:00,180.93,182.0,180.7,181.92,462854.46
2025-07-30 07:00:00+00:00,181.91,182.48,180.27,180.74,723015.93
2025-07-30 08:00:00+00:00,180.74,181.44,179.75,180.46,735174.92
2025-07-30 09:00:00+00:00,180.46,180.86,178.58,179.03,950688.69
2025-07-30 10:00:00+00:00,179.02,180.03,177.61,177.92,922163.0
2025-07-30 11:00:00+00:00,177.92,178.62,176.31,177.21,1627540.49
2025-07-30 12:00:00+00:00,177.2,177.98,176.56,177.44,1126765.84
2025-07-30 13:00:00+00:00,177.43,178.18,176.56,177.9,1172661.54
2025-07-30 14:00:00+00:00,177.9,180.5,177.62,180.0,1295229.4
2025-07-30 15:00:00+00:00,180.01,180.3,178.13,179.12,809735.52
2025-07-30 16:00:00+00:00,179.11,179.96,178.25,178.57,542727.86
2025-07-30 17:00:00+00:00,178.58,179.3,178.17,179.27,410054.44
2025-07-30 18:00:00+00:00,179.27,180.09,175.65,175.79,1906947.51
2025-07-30 19:00:00+00:00,175.79,176.38,170.0,176.03,4757496.76
2025-07-30 20:00:00+00:00,176.03,177.41,175.62,176.09,1076931.1
2025-07-30 21:00:00+00:00,176.08,176.56,174.67,175.77,579456.37
2025-07-30 22:00:00+00:00,175.76,176.36,175.02,176.23,499406.23
2025-07-30 23:00:00+00:00,176.23,178.0,176.14,177.68,529232.0
2025-07-31 00:00:00+00:00,177.67,179.64,177.52,179.33,684436.82
2025-07-31 01:00:00+00:00,179.34,180.0,178.77,179.38,589030.96
2025-07-31 02:00:00+00:00,179.38,180.26,179.1,180.23,361792.99
2025-07-31 03:00:00+00:00,180.23,180.47,179.86,180.23,358151.14
2025-07-31 04:00:00+00:00,180.22,180.8,179.69,180.75,388128.95
2025-07-31 05:00:00+00:00,180.76,181.11,180.5,180.69,430522.88
2025-07-31 06:00:00+00:00,180.69,181.55,180.23,181.19,519497.12
2025-07-31 07:00:00+00:00,181.19,181.31,180.8,181.15,324652.66
2025-07-31 08:00:00+00:00,181.16,182.08,180.97,181.61,485102.25
2025-07-31 09:00:00+00:00,181.6,182.66,181.49,182.45,466632.52
2025-07-31 10:00:00+00:00,182.45,182.55,181.23,181.28,527722.57
2025-07-31 11:00:00+00:00,181.29,181.48,180.13,180.66,759907.08
2025-07-31 12:00:00+00:00,180.66,180.83,178.62,179.27,1107363.97
2025-07-31 13:00:00+00:00,179.27,179.3,176.61,177.58,2032365.51
2025-07-31 14:00:00+00:00,177.58,178.13,175.38,175.58,1778794.72
2025-07-31 15:00:00+00:00,175.58,177.36,175.14,177.21,1045169.94
2025-07-31 16:00:00+00:00,177.22,179.7,177.03,179.17,1193366.83
2025-07-31 17:00:00+00:00,179.17,179.22,176.71,177.19,928703.25
2025-07-31 18:00:00+00:00,177.2,178.01,175.48,177.65,1041236.47
2025-07-31 19:00:00+00:00,177.66,178.12,174.66,175.22,1306221.67
2025-07-31 20:00:00+00:00,175.22,175.66,174.13,175.37,1394120.71
2025-07-31 21:00:00+00:00,175.38,175.6,172.63,173.74,1114810.81
2025-07-31 22:00:00+00:00,173.74,174.38,172.33,172.83,896031.37
2025-07-31 23:00:00+00:00,172.83,173.68,171.36,172.15,1067506.17
2025-08-01 00:00:00+00:00,172.15,172.19,167.24,170.24,2951424.13
2025-08-01 01:00:00+00:00,170.25,170.79,167.86,169.46,1892333.9
2025-08-01 02:00:00+00:00,169.45,171.74,169.11,171.31,1084433.26
2025-08-01 03:00:00+00:00,171.31,172.08,170.84,171.02,590420.3
2025-08-01 04:00:00+00:00,171.03,171.03,169.2,169.56,901040.98
2025-08-01 05:00:00+00:00,169.55,170.2,168.1,169.01,947654.96
2025-08-01 06:00:00+00:00,169.02,169.56,167.86,169.45,1016994.44
2025-08-01 07:00:00+00:00,169.44,169.88,168.16,169.33,1033679.62
2025-08-01 08:00:00+00:00,169.33,169.33,166.0,167.53,2277878.42
2025-08-01 09:00:00+00:00,167.54,168.8,167.1,167.27,934752.77
2025-08-01 10:00:00+00:00,167.27,168.68,167.0,168.53,635624.22
2025-08-01 11:00:00+00:00,168.54,169.13,167.72,169.1,624429.0
2025-08-01 12:00:00+00:00,169.1,170.28,168.34,168.94,1330042.44
2025-08-01 13:00:00+00:00,168.94,169.69,164.61,165.59,2349888.43
2025-08-01 14:00:00+00:00,165.59,169.63,164.42,169.31,2608699.65
2025-08-01 15:00:00+00:00,169.31,169.42,167.0,168.5,1420029.86
2025-08-01 16:00:00+00:00,168.5,169.7,166.42,166.86,1057191.42
2025-08-01 17:00:00+00:00,166.86,167.63,165.36,166.48,1128177.25
2025-08-01 18:00:00+00:00,166.48,167.16,164.9,165.66,1599037.99
2025-08-01 19:00:00+00:00,165.67,167.55,165.32,166.41,1624861.37
2025-08-01 20:00:00+00:00,166.4,166.78,161.6,163.69,2635383.53
2025-08-01 21:00:00+00:00,163.69,164.79,163.4,163.79,765135.0
2025-08-01 22:00:00+00:00,163.79,163.89,159.02,161.17,2769880.78
2025-08-01 23:00:00+00:00,161.18,162.97,160.85,162.61,781247.01
2025-08-02 00:00:00+00:00,162.61,164.57,162.45,164.55,914857.16
2025-08-02 01:00:00+00:00,164.56,164.78,163.7,164.69,408355.06
2025-08-02 02:00:00+00:00,164.68,164.95,164.18,164.48,289706.26
2025-08-02 03:00:00+00:00,164.49,164.82,164.07,164.31,424973.07
2025-08-02 04:00:00+00:00,164.3,165.19,163.88,165.07,341917.65
2025-08-02 05:00:00+00:00,165.07,165.13,164.47,164.6,279364.0
2025-08-02 06:00:00+00:00,164.6,164.71,161.73,162.68,1077864.85
2025-08-02 07:00:00+00:00,162.67,164.42,161.8,164.37,657141.05
2025-08-02 08:00:00+00:00,164.37,164.75,163.35,163.64,542422.33
2025-08-02 09:00:00+00:00,163.63,164.23,163.25,163.69,494086.74
2025-08-02 10:00:00+00:00,163.7,163.85,162.14,162.99,615226.78
2025-08-02 11:00:00+00:00,162.99,165.03,162.13,164.4,948662.82
2025-08-02 12:00:00+00:00,164.39,164.55,163.39,164.29,442688.75
2025-08-02 13:00:00+00:00,164.28,164.88,163.5,164.39,442113.8
2025-08-02 14:00:00+00:00,164.4,164.69,162.15,162.6,886174.1
2025-08-02 15:00:00+00:00,162.59,163.69,160.95,161.45,1041819.1
2025-08-02 16:00:00+00:00,161.45,161.99,160.09,161.45,1402278.03
2025-08-02 17:00:00+00:00,161.44,162.13,158.27,159.23,1419895.4
2025-08-02 18:00:00+00:00,159.23,159.67,155.72,156.53,3155212.66
2025-08-02 19:00:00+00:00,156.52,158.41,155.86,157.34,1528588.05
2025-08-02 20:00:00+00:00,157.34,158.9,157.26,158.9,713227.19
2025-08-02 21:00:00+00:00,158.89,159.48,157.98,158.77,590169.17
2025-08-02 22:00:00+00:00,158.77,159.7,157.61,158.95,746664.23
2025-08-02 23:00:00+00:00,158.96,159.2,156.91,158.4,921932.64
2025-08-03 00:00:00+00:00,158.4,159.69,156.17,159.57,1499930.39
2025-08-03 01:00:00+00:00,159.57,160.16,159.03,159.43,724768.53
2025-08-03 02:00:00+00:00,159.42,160.65,159.41,160.45,406453.55
2025-08-03 03:00:00+00:00,160.45,160.98,160.28,160.74,305292.32
2025-08-03 04:00:00+00:00,160.74,160.82,159.9,160.34,426765.72
2025-08-03 05:00:00+00:00,160.34,160.85,160.07,160.26,282454.16
2025-08-03 06:00:00+00:00,160.25,160.72,159.95,160.49,223201.9
2025-08-03 07:00:00+00:00,160.49,161.49,160.49,161.25,460695.62
2025-08-03 08:00:00+00:00,161.26,161.68,160.73,161.27,454965.71
2025-08-03 09:00:00+00:00,161.27,161.4,160.58,161.07,290716.3
2025-08-03 10:00:00+00:00,161.07,161.72,161.02,161.54,337100.97
2025-08-03 11:00:00+00:00,161.54,162.78,161.28,161.37,791489.0
2025-08-03 12:00:00+00:00,161.37,162.15,160.8,161.68,566787.96
2025-08-03 13:00:00+00:00,161.67,162.25,160.5,161.25,533667.44
2025-08-03 14:00:00+00:00,161.24,161.5,160.27,161.24,865751.38
2025-08-03 15:00:00+00:00,161.24,162.22,160.69,162.01,578314.58
2025-08-03 16:00:00+00:00,162.01,162.23,161.03,162.09,441727.69
2025-08-03 17:00:00+00:00,162.09,162.65,161.62,162.07,491685.82
2025-08-03 18:00:00+00:00,162.07,162.16,161.2,161.88,454566.95
2025-08-03 19:00:00+00:00,161.89,162.55,161.26,161.52,518344.3
2025-08-03 20:00:00+00:00,161.53,161.63,160.63,161.34,435087.03
2025-08-03 21:00:00+00:00,161.34,162.12,161.12,161.95,290695.48
2025-08-03 22:00:00+00:00,161.94,162.34,160.76,161.8,612261.42
2025-08-03 23:00:00+00:00,161.8,163.07,161.53,161.84,799091.24
2025-08-04 00:00:00+00:00,161.85,164.55,161.31,164.41,1033050.16
2025-08-04 01:00:00+00:00,164.42,164.86,162.96,163.2,787309.35
2025-08-04 02:00:00+00:00,163.2,164.22,162.48,164.19,605697.52
2025-08-04 03:00:00+00:00,164.19,164.27,162.75,162.88,458685.82
2025-08-04 04:00:00+00:00,162.88,163.35,162.1,162.22,537693.89
2025-08-04 05:00:00+00:00,162.21,162.35,161.41,162.16,578749.99
2025-08-04 06:00:00+00:00,162.16,162.37,161.16,162.13,466736.98
2025-08-04 07:00:00+00:00,162.13,163.24,161.96,162.95,519985.97
2025-08-04 08:00:00+00:00,162.96,163.99,162.56,163.67,692803.04
2025-08-04 09:00:00+00:00,163.67,163.99,162.34,162.36,472214.12
2025-08-04 10:00:00+00:00,162.36,162.9,162.03,162.28,576344.68
2025-08-04 11:00:00+00:00,162.28,162.48,161.54,162.27,511646.86
2025-08-04 12:00:00+00:00,162.28,163.6,162.04,163.58,604551.46
2025-08-04 13:00:00+00:00,163.59,165.69,163.1,165.38,1610671.3
2025-08-04 14:00:00+00:00,165.38,166.81,164.37,164.94,2332629.5
2025-08-04 15:00:00+00:00,164.95,165.93,164.42,165.39,948411.18
2025-08-04 16:00:00+00:00,165.38,168.1,165.36,167.91,1370816.73
2025-08-04 17:00:00+00:00,167.91,169.73,167.53,167.73,1816149.27
2025-08-04 18:00:00+00:00,167.72,168.04,166.34,166.57,787321.11
2025-08-04 19:00:00+00:00,166.56,166.56,164.92,165.55,805350.92
2025-08-04 20:00:00+00:00,165.56,168.36,165.21,167.19,1293231.61
2025-08-04 21:00:00+00:00,167.18,168.68,167.16,168.45,604848.6
2025-08-04 22:00:00+00:00,168.45,169.5,168.16,169.4,645686.43
2025-08-04 23:00:00+00:00,169.39,169.7,168.83,169.46,761030.17
2025-08-05 00:00:00+00:00,169.47,169.69,168.48,169.22,818863.87
2025-08-05 01:00:00+00:00,169.21,169.94,168.06,168.16,644364.49
2025-08-05 02:00:00+00:00,168.16,169.38,167.86,169.34,502758.63
2025-08-05 03:00:00+00:00,169.34,169.36,167.49,167.84,703724.08
2025-08-05 04:00:00+00:00,167.85,168.43,167.13,167.39,581956.79
2025-08-05 05:00:00+00:00,167.39,168.49,167.3,168.3,362403.53
2025-08-05 06:00:00+00:00,168.31,169.19,167.19,167.61,598464.15
2025-08-05 07:00:00+00:00,167.6,168.42,165.7,166.12,1103585.99
2025-08-05 08:00:00+00:00,166.11,167.16,165.55,166.72,648159.29
2025-08-05 09:00:00+00:00,166.73,169.32,166.66,168.78,741875.74
2025-08-05 10:00:00+00:00,168.79,171.66,168.33,170.97,1558563.24
2025-08-05 11:00:00+00:00,170.97,171.58,170.47,170.81,767818.23
2025-08-05 12:00:00+00:00,170.82,170.97,166.68,167.11,2439546.77
2025-08-05 13:00:00+00:00,167.12,168.04,166.51,167.64,1409218.92
2025-08-05 14:00:00+00:00,167.63,167.69,163.52,164.21,3026526.4
2025-08-05 15:00:00+00:00,164.2,165.23,162.9,163.68,1635348.98
2025-08-05 16:00:00+00:00,163.67,164.65,162.66,163.75,1073720.69
2025-08-05 17:00:00+00:00,163.75,164.84,163.27,164.69,627510.33
2025-08-05 18:00:00+00:00,164.69,164.84,162.88,163.92,582046.46
2025-08-05 19:00:00+00:00,163.92,164.44,162.16,162.66,707061.53
2025-08-05 20:00:00+00:00,162.65,163.61,162.26,162.53,487824.84
2025-08-05 21:00:00+00:00,162.53,163.36,161.5,162.29,494715.01
2025-08-05 22:00:00+00:00,162.28,163.78,161.17,163.76,654166.91
2025-08-05 23:00:00+00:00,163.77,164.43,163.5,163.99,496222.95
2025-08-06 00:00:00+00:00,163.99,164.06,162.43,162.65,491963.95
2025-08-06 01:00:00+00:00,162.65,163.02,161.62,162.75,632129.45
2025-08-06 02:00:00+00:00,162.75,163.22,161.78,162.59,346084.03
2025-08-06 03:00:00+00:00,162.59,162.71,161.04,161.76,553651.74
2025-08-06 04:00:00+00:00,161.76,162.49,161.15,162.36,451021.61
2025-08-06 05:00:00+00:00,162.36,164.71,162.05,164.15,1020423.59
2025-08-06 06:00:00+00:00,164.16,164.21,163.3,163.82,444251.32
2025-08-06 07:00:00+00:00,163.82,164.53,163.53,164.16,384861.36
2025-08-06 08:00:00+00:00,164.16,164.42,162.63,163.22,609504.31
2025-08-06 09:00:00+00:00,163.22,164.48,162.85,163.91,605052.68
2025-08-06 10:00:00+00:00,163.9,164.08,162.8,163.56,488484.09
2025-08-06 11:00:00+00:00,163.56,164.56,163.15,164.1,437146.79
2025-08-06 12:00:00+00:00,164.1,164.62,162.5,163.21,833063.29
2025-08-06 13:00:00+00:00,163.21,164.63,163.03,164.18,1336202.17
2025-08-06 14:00:00+00:00,164.18,167.96,163.86,167.79,2202153.79
2025-08-06 15:00:00+00:00,167.8,169.47,167.13,168.96,1760194.57
2025-08-06 16:00:00+00:00,168.96,169.45,167.2,167.66,1069963.45
2025-08-06 17:00:00+00:00,167.66,169.08,167.08,169.08,635653.17
2025-08-06 18:00:00+00:00,169.07,169.88,168.28,168.46,957274.04
2025-08-06 19:00:00+00:00,168.45,169.04,167.87,168.73,643587.2
2025-08-06 20:00:00+00:00,168.74,168.79,167.69,167.92,351271.36
2025-08-06 21:00:00+00:00,167.92,168.54,167.25,167.99,332514.26
2025-08-06 22:00:00+00:00,167.99,168.46,167.74,168.33,228513.15
2025-08-06 23:00:00+00:00,168.32,168.37,167.84,168.03,262897.05
2025-08-07 00:00:00+00:00,168.04,168.37,167.41,167.82,390636.33
2025-08-07 01:00:00+00:00,167.82,168.95,167.63,167.78,550071.64
2025-08-07 02:00:00+00:00,167.79,167.96,166.67,167.01,618312.64
2025-08-07 03:00:00+00:00,167.0,167.39,166.61,166.8,391981.79
2025-08-07 04:00:00+00:00,166.81,167.55,166.69,167.05,294746.74
2025-08-07 05:00:00+00:00,167.05,168.69,166.82,168.66,368348.01
2025-08-07 06:00:00+00:00,168.65,169.62,168.49,169.11,736733.51
2025-08-07 07:00:00+00:00,169.12,170.37,169.06,169.92,724339.41
2025-08-07 08:00:00+00:00,169.91,170.48,169.14,169.31,602907.36
2025-08-07 09:00:00+00:00,169.32,169.69,169.0,169.57,435079.51
2025-08-07 10:00:00+00:00,169.57,173.31,169.34,173.06,2547152.64
2025-08-07 11:00:00+00:00,173.06,173.43,172.5,172.75,1145712.82
2025-08-07 12:00:00+00:00,172.76,173.12,171.4,172.35,1312385.29
2025-08-07 13:00:00+00:00,172.35,172.57,171.16,171.6,996694.74
2025-08-07 14:00:00+00:00,171.61,171.68,169.83,170.21,1269123.03
2025-08-07 15:00:00+00:00,170.21,170.77,169.6,170.38,948306.68
2025-08-07 16:00:00+00:00,170.39,170.51,166.93,168.14,1633277.15
2025-08-07 17:00:00+00:00,168.13,169.46,167.87,169.34,818427.66
2025-08-07 18:00:00+00:00,169.33,169.9,168.69,169.74,521557.11
2025-08-07 19:00:00+00:00,169.73,171.82,169.69,171.66,977719.25
2025-08-07 20:00:00+00:00,171.66,173.11,171.44,172.88,968953.68
2025-08-07 21:00:00+00:00,172.88,174.16,172.44,173.48,830896.57
2025-08-07 22:00:00+00:00,173.48,175.11,173.47,175.01,921736.82
2025-08-07 23:00:00+00:00,175.02,175.45,174.31,175.26,584822.94
2025-08-08 00:00:00+00:00,175.27,175.5,173.55,174.22,1620903.36
2025-08-08 01:00:00+00:00,174.21,174.79,173.36,174.45,1198295.99
2025-08-08 02:00:00+00:00,174.45,175.2,173.77,174.72,577004.24
2025-08-08 03:00:00+00:00,174.73,175.88,174.38,174.63,766132.92
2025-08-08 04:00:00+00:00,174.63,175.13,173.76,174.26,578344.18
2025-08-08 05:00:00+00:00,174.26,174.69,173.99,174.09,413972.93
2025-08-08 06:00:00+00:00,174.1,175.03,173.76,174.99,430392.9
2025-08-08 07:00:00+00:00,174.98,177.77,174.22,177.05,1129545.43
2025-08-08 08:00:00+00:00,177.04,177.74,174.78,175.29,1255500.88
2025-08-08 09:00:00+00:00,175.28,176.06,174.91,175.96,513804.23
2025-08-08 10:00:00+00:00,175.95,177.0,175.63,176.57,569354.42
2025-08-08 11:00:00+00:00,176.58,177.91,176.48,177.56,617209.11
2025-08-08 12:00:00+00:00,177.56,177.56,176.03,176.37,783571.79
2025-08-08 13:00:00+00:00,176.36,178.72,175.38,178.54,1662200.29
2025-08-08 14:00:00+00:00,178.55,179.04,175.32,176.4,2379401.41
2025-08-08 15:00:00+00:00,176.41,176.59,174.12,175.15,1469862.91
2025-08-08 16:00:00+00:00,175.15,176.27,175.13,175.82,816717.75
2025-08-08 17:00:00+00:00,175.81,179.3,175.47,179.29,1407104.34
2025-08-08 18:00:00+00:00,179.3,179.61,177.14,177.53,1831795.01
2025-08-08 19:00:00+00:00,177.52,178.43,177.32,178.42,617387.4
2025-08-08 20:00:00+00:00,178.41,178.7,177.13,178.16,466861.24
2025-08-08 21:00:00+00:00,178.16,178.56,177.34,177.52,362060.23
2025-08-08 22:00:00+00:00,177.51,177.99,176.95,177.55,384298.07
2025-08-08 23:00:00+00:00,177.54,177.83,176.51,176.7,391790.0
2025-08-09 00:00:00+00:00,176.69,177.14,176.53,176.85,276616.57
2025-08-09 01:00:00+00:00,176.85,178.96,176.56,178.6,625472.21
2025-08-09 02:00:00+00:00,178.6,178.64,177.48,177.48,397765.48
2025-08-09 03:00:00+00:00,177.48,177.68,176.93,177.16,328870.6
2025-08-09 04:00:00+00:00,177.16,178.84,176.82,178.59,759021.21
2025-08-09 05:00:00+00:00,178.59,182.1,178.15,180.78,2420716.78
2025-08-09 06:00:00+00:00,180.79,180.87,179.21,179.52,984543.01
2025-08-09 07:00:00+00:00,179.51,180.66,179.35,180.54,595126.03
2025-08-09 08:00:00+00:00,180.54,181.63,180.31,181.31,653748.78
2025-08-09 09:00:00+00:00,181.31,182.68,181.01,182.18,816085.33
2025-08-09 10:00:00+00:00,182.18,183.26,181.71,181.82,1081005.41
2025-08-09 11:00:00+00:00,181.82,181.94,180.57,180.69,666713.74
2025-08-09 12:00:00+00:00,180.69,182.11,180.26,182.11,750355.35
2025-08-09 13:00:00+00:00,182.1,182.41,179.69,179.72,1007908.59
2025-08-09 14:00:00+00:00,179.73,181.15,178.79,181.07,1049496.15
2025-08-09 15:00:00+00:00,181.07,181.6,179.67,180.01,880923.31
2025-08-09 16:00:00+00:00,180.01,180.76,179.35,179.58,678842.11
2025-08-09 17:00:00+00:00,179.57,181.9,179.53,181.53,679702.39
2025-08-09 18:00:00+00:00,181.52,182.17,181.17,181.85,525281.91
2025-08-09 19:00:00+00:00,181.84,182.65,181.37,182.06,509002.39
2025-08-09 20:00:00+00:00,182.07,183.49,181.37,183.0,869417.84
2025-08-09 21:00:00+00:00,183.01,183.29,180.56,181.17,784663.86
2025-08-09 22:00:00+00:00,181.16,182.4,179.79,180.04,888764.6
2025-08-09 23:00:00+00:00,180.04,180.39,179.61,179.85,558131.93
2025-08-10 00:00:00+00:00,179.86,182.78,179.73,182.37,736819.74
2025-08-10 01:00:00+00:00,182.37,184.59,181.56,184.42,1545517.34
2025-08-10 02:00:00+00:00,184.41,185.0,182.86,183.21,1174958.26
2025-08-10 03:00:00+00:00,183.2,185.95,183.2,184.9,1629712.46
2025-08-10 04:00:00+00:00,184.91,186.13,184.31,184.98,842021.48
2025-08-10 05:00:00+00:00,184.98,185.14,181.56,181.93,1618972.31
2025-08-10 06:00:00+00:00,181.93,182.31,180.16,181.0,1070558.41
2025-08-10 07:00:00+00:00,181.01,181.47,177.69,178.86,1905733.25
2025-08-10 08:00:00+00:00,178.87,180.67,177.42,180.32,1351712.53
2025-08-10 09:00:00+00:00,180.33,180.98,179.97,180.36,494796.87
2025-08-10 10:00:00+00:00,180.36,180.55,178.72,179.43,844103.77
2025-08-10 11:00:00+00:00,179.42,180.69,178.64,179.9,864777.32
2025-08-10 12:00:00+00:00,179.9,180.29,179.07,179.46,521992.17
2025-08-10 13:00:00+00:00,179.46,180.27,178.77,178.77,660070.7
2025-08-10 14:00:00+00:00,178.78,182.3,178.44,181.45,1421973.81
2025-08-10 15:00:00+00:00,181.44,182.34,181.04,181.46,794304.14
2025-08-10 16:00:00+00:00,181.46,182.21,181.14,182.19,465840.16
2025-08-10 17:00:00+00:00,182.19,182.4,181.26,181.61,462515.26
2025-08-10 18:00:00+00:00,181.6,182.9,181.57,182.65,491470.0
2025-08-10 19:00:00+00:00,182.65,183.31,182.26,182.73,444583.37
2025-08-10 20:00:00+00:00,182.73,183.31,181.2,182.65,1422115.94
2025-08-10 21:00:00+00:00,182.65,183.86,181.3,183.4,1127321.08
2025-08-10 22:00:00+00:00,183.4,183.62,182.52,183.02,498530.07
2025-08-10 23:00:00+00:00,183.03,183.5,182.0,182.59,460829.01
2025-08-11 00:00:00+00:00,182.58,183.12,181.37,181.41,837422.16
2025-08-11 01:00:00+00:00,181.42,183.81,181.16,183.63,982117.11
2025-08-11 02:00:00+00:00,183.63,185.73,183.49,185.18,1651409.76
2025-08-11 03:00:00+00:00,185.18,185.55,183.8,185.09,1207210.96
2025-08-11 04:00:00+00:00,185.09,186.4,185.05,185.8,902060.17
2025-08-11 05:00:00+00:00,185.8,186.76,184.81,185.27,1094699.37
2025-08-11 06:00:00+00:00,185.27,185.56,184.34,184.75,573065.13
2025-08-11 07:00:00+00:00,184.75,184.87,182.721,182.92,990158.27
2025-08-11 08:00:00+00:00,182.92,184.63,182.03,184.2,1055181.23
2025-08-11 09:00:00+00:00,184.19,184.27,182.75,183.07,657233.76
2025-08-11 10:00:00+00:00,183.08,183.16,181.53,181.82,951910.22
2025-08-11 11:00:00+00:00,181.83,182.08,178.23,178.99,2571612.01
2025-08-11 12:00:00+00:00,178.98,179.49,177.69,178.72,1411705.09
2025-08-11 13:00:00+00:00,178.72,179.97,177.14,179.52,2390374.46
2025-08-11 14:00:00+00:00,179.53,180.45,178.28,178.67,1689545.22
2025-08-11 15:00:00+00:00,178.68,180.11,177.53,180.11,1284202.54
2025-08-11 16:00:00+00:00,180.1,181.7,178.25,178.94,1755219.31
2025-08-11 17:00:00+00:00,178.93,179.47,177.95,178.1,921400.6
2025-08-11 18:00:00+00:00,178.11,178.28,176.53,178.13,1192280.22
2025-08-11 19:00:00+00:00,178.13,178.22,175.45,176.54,1171474.37
2025-08-11 20:00:00+00:00,176.55,176.8,175.61,176.07,746501.49
2025-08-11 21:00:00+00:00,176.07,176.42,173.78,174.97,1274474.26
2025-08-11 22:00:00+00:00,174.96,175.07,173.34,174.59,988118.35
2025-08-11 23:00:00+00:00,174.6,175.03,174.4,174.75,430019.13
2025-08-12 00:00:00+00:00,174.74,175.86,174.55,175.6,787172.96
2025-08-12 01:00:00+00:00,175.59,176.32,174.85,176.0,619060.36
2025-08-12 02:00:00+00:00,176.01,176.67,175.44,176.09,483379.96
2025-08-12 03:00:00+00:00,176.08,176.18,175.29,175.47,514864.05
2025-08-12 04:00:00+00:00,175.47,176.57,175.21,176.19,628416.85
2025-08-12 05:00:00+00:00,176.19,176.19,173.86,174.76,923571.7
2025-08-12 06:00:00+00:00,174.75,175.29,173.49,174.51,690357.86
2025-08-12 07:00:00+00:00,174.51,175.98,174.51,175.81,563771.86
2025-08-12 08:00:00+00:00,175.82,176.41,175.23,175.63,517645.82
2025-08-12 09:00:00+00:00,175.64,175.65,174.26,174.45,759764.95
2025-08-12 10:00:00+00:00,174.44,175.01,173.75,174.69,630283.74
2025-08-12 11:00:00+00:00,174.68,175.27,173.6,175.14,551982.01
2025-08-12 12:00:00+00:00,175.13,178.65,174.64,177.86,2664405.98
2025-08-12 13:00:00+00:00,177.86,178.46,175.84,176.44,2212171.43
2025-08-12 14:00:00+00:00,176.44,179.66,176.14,179.51,1395398.97
2025-08-12 15:00:00+00:00,179.5,182.0,179.16,181.61,2073660.73
2025-08-12 16:00:00+00:00,181.61,185.38,180.68,184.78,3199192.71
2025-08-12 17:00:00+00:00,184.79,186.64,184.75,185.86,2444380.26
2025-08-12 18:00:00+00:00,185.86,189.15,185.86,188.15,2683107.78
2025-08-12 19:00:00+00:00,188.15,191.1,188.09,190.61,1598910.03
2025-08-12 20:00:00+00:00,190.62,191.68,189.57,191.54,1431137.79
2025-08-12 21:00:00+00:00,191.55,193.79,190.44,192.49,1857819.86
2025-08-12 22:00:00+00:00,192.49,193.29,191.0,191.68,1699265.06
2025-08-12 23:00:00+00:00,191.68,192.96,191.21,191.76,955827.49
2025-08-13 00:00:00+00:00,191.77,194.77,191.47,193.96,1754868.5
2025-08-13 01:00:00+00:00,193.96,195.04,191.99,194.26,2375744.81
2025-08-13 02:00:00+00:00,194.26,198.73,193.34,198.61,2637780.01
2025-08-13 03:00:00+00:00,198.6,199.59,196.82,197.73,2947542.72
2025-08-13 04:00:00+00:00,197.74,200.15,197.2,198.75,1867316.91
2025-08-13 05:00:00+00:00,198.74,198.8,196.05,196.56,1618295.37
2025-08-13 06:00:00+00:00,196.55,196.83,195.2,195.84,1212908.06
2025-08-13 07:00:00+00:00,195.84,198.86,195.81,198.79,1429937.33
2025-08-13 08:00:00+00:00,198.79,199.07,197.65,198.99,1203089.47
2025-08-13 09:00:00+00:00,198.99,202.81,198.96,202.25,3040479.82
2025-08-13 10:00:00+00:00,202.24,202.24,200.87,201.56,1314223.32
2025-08-13 11:00:00+00:00,201.57,202.03,200.35,201.06,1077676.25
2025-08-13 12:00:00+00:00,201.05,202.61,200.66,201.2,1587928.38
2025-08-13 13:00:00+00:00,201.2,205.07,200.61,202.6,5258456.17
2025-08-13 14:00:00+00:00,202.58,202.95,196.05,196.29,4997770.01
2025-08-13 15:00:00+00:00,196.3,198.68,194.6,197.49,3344413.09
2025-08-13 16:00:00+00:00,197.49,199.96,197.06,198.02,2048182.18
2025-08-13 17:00:00+00:00,198.01,200.16,197.96,199.06,1121138.55
2025-08-13 18:00:00+00:00,199.06,200.75,197.81,199.45,1545214.38
2025-08-13 19:00:00+00:00,199.45,202.3,198.93,202.15,1340356.23
2025-08-13 20:00:00+00:00,202.14,202.29,199.86,200.38,932409.49
2025-08-13 21:00:00+00:00,200.38,201.53,200.14,201.02,606351.88
2025-08-13 22:00:00+00:00,201.03,202.87,200.18,200.58,1192333.64
2025-08-13 23:00:00+00:00,200.57,203.41,200.44,201.58,1132123.06
2025-08-14 00:00:00+00:00,201.57,204.0,200.74,201.53,1754894.58
2025-08-14 01:00:00+00:00,201.52,204.82,200.64,202.71,1746426.3
2025-08-14 02:00:00+00:00,202.7,208.3,201.82,207.31,2852898.95
2025-08-14 03:00:00+00:00,207.31,209.36,206.18,208.11,1919357.22
2025-08-14 04:00:00+00:00,208.11,210.1,207.43,208.37,1711682.11
2025-08-14 05:00:00+00:00,208.37,210.0,206.43,206.74,2213486.57
2025-08-14 06:00:00+00:00,206.73,208.34,204.2,207.73,2686030.6
2025-08-14 07:00:00+00:00,207.72,208.19,204.75,205.8,1547102.09
2025-08-14 08:00:00+00:00,205.79,205.99,202.59,203.54,2056129.18
2025-08-14 09:00:00+00:00,203.55,205.74,202.75,205.52,1392195.78
2025-08-14 10:00:00+00:00,205.52,205.87,202.0,202.87,1885748.31
2025-08-14 11:00:00+00:00,202.86,204.08,202.01,203.75,1431946.88
2025-08-14 12:00:00+00:00,203.74,205.64,190.0,194.44,9646627.29
2025-08-14 13:00:00+00:00,194.44,196.86,186.47,194.86,8931164.92
2025-08-14 14:00:00+00:00,194.86,198.96,193.49,196.56,3494402.61
2025-08-14 15:00:00+00:00,196.56,196.81,194.5,194.84,2256586.14
2025-08-14 16:00:00+00:00,194.84,195.05,190.5,193.31,2941312.65
2025-08-14 17:00:00+00:00,193.32,195.5,191.53,193.78,1764167.67
2025-08-14 18:00:00+00:00,193.77,194.6,191.28,193.53,1219785.91
2025-08-14 19:00:00+00:00,193.54,195.11,192.75,192.89,940256.3
2025-08-14 20:00:00+00:00,192.89,193.21,191.56,192.18,1095342.56
2025-08-14 21:00:00+00:00,192.17,192.17,187.25,190.2,2291806.31
2025-08-14 22:00:00+00:00,190.21,191.95,189.25,191.77,1111979.19
2025-08-14 23:00:00+00:00,191.78,193.09,191.62,192.39,728808.32
2025-08-15 00:00:00+00:00,192.4,193.93,191.87,192.63,993007.99
2025-08-15 01:00:00+00:00,192.64,194.25,192.01,193.61,1098461.47
2025-08-15 02:00:00+00:00,193.61,194.32,193.01,193.3,680611.8
2025-08-15 03:00:00+00:00,193.3,195.58,192.85,195.09,897197.64
2025-08-15 04:00:00+00:00,195.09,195.76,194.45,194.9,868122.06
2025-08-15 05:00:00+00:00,194.9,196.42,194.33,196.42,773534.05
2025-08-15 06:00:00+00:00,196.41,197.98,196.2,197.29,1445976.55
2025-08-15 07:00:00+00:00,197.3,197.77,196.15,196.88,738247.97
2025-08-15 08:00:00+00:00,196.87,197.54,196.3,196.5,623577.91
2025-08-15 09:00:00+00:00,196.49,197.11,193.59,194.17,1361394.08
2025-08-15 10:00:00+00:00,194.17,195.95,194.1,194.6,800868.26
2025-08-15 11:00:00+00:00,194.6,195.29,193.66,194.24,671437.54
2025-08-15 12:00:00+00:00,194.25,196.1,192.41,193.34,2351712.87
2025-08-15 13:00:00+00:00,193.34,193.76,190.06,190.41,2241391.28
2025-08-15 14:00:00+00:00,190.4,191.82,187.06,187.45,3318932.05
2025-08-15 15:00:00+00:00,187.46,187.99,184.27,185.45,3962118.43
2025-08-15 16:00:00+00:00,185.44,185.91,183.23,185.43,2632754.41
2025-08-15 17:00:00+00:00,185.44,186.83,183.85,185.76,1815524.61
2025-08-15 18:00:00+00:00,185.76,186.18,183.25,184.1,1089764.59
2025-08-15 19:00:00+00:00,184.1,185.81,183.27,183.8,1204209.02
2025-08-15 20:00:00+00:00,183.8,184.91,183.26,184.7,684819.97
2025-08-15 21:00:00+00:00,184.69,185.58,183.83,185.51,592319.07
2025-08-15 22:00:00+00:00,185.51,187.8,185.1,187.6,1029251.92
2025-08-15 23:00:00+00:00,187.61,188.18,184.04,185.62,1283433.43
2025-08-16 00:00:00+00:00,185.61,187.69,185.21,187.35,796148.79
2025-08-16 01:00:00+00:00,187.35,188.06,186.39,187.84,673376.2
2025-08-16 02:00:00+00:00,187.83,187.98,186.76,186.8,612522.72
2025-08-16 03:00:00+00:00,186.81,188.25,186.61,187.02,623731.59
2025-08-16 04:00:00+00:00,187.03,188.0,186.7,187.99,405975.63
2025-08-16 05:00:00+00:00,187.99,188.04,186.01,186.06,595396.39
2025-08-16 06:00:00+00:00,186.06,187.58,186.05,187.27,630237.45
2025-08-16 07:00:00+00:00,187.28,189.53,187.11,189.02,1120940.39
2025-08-16 08:00:00+00:00,189.02,189.16,187.55,188.29,736259.36
2025-08-16 09:00:00+00:00,188.28,188.46,185.75,185.94,857329.13
2025-08-16 10:00:00+00:00,185.94,186.85,185.28,186.48,1089371.19
2025-08-16 11:00:00+00:00,186.48,187.23,185.43,185.66,591813.53
2025-08-16 12:00:00+00:00,185.66,186.85,185.09,186.56,762650.44
2025-08-16 13:00:00+00:00,186.55,188.41,186.5,187.32,968850.36
2025-08-16 14:00:00+00:00,187.32,189.14,186.82,188.73,1034576.17
2025-08-16 15:00:00+00:00,188.72,189.39,188.24,188.72,901480.45
2025-08-16 16:00:00+00:00,188.72,189.31,187.79,187.88,555469.73
2025-08-16 17:00:00+00:00,187.88,188.0,187.0,187.9,542248.61
2025-08-16 18:00:00+00:00,187.9,188.6,187.51,188.07,350151.66
2025-08-16 19:00:00+00:00,188.07,189.13,187.96,188.59,404148.36
2025-08-16 20:00:00+00:00,188.6,189.15,188.28,189.02,345672.93
2025-08-16 21:00:00+00:00,189.02,189.02,188.15,188.3,208701.53
2025-08-16 22:00:00+00:00,188.31,189.21,187.83,188.99,297717.96
2025-08-16 23:00:00+00:00,188.99,190.0,188.45,189.52,533673.5
2025-08-17 00:00:00+00:00,189.53,189.6,188.01,188.1,487194.6
2025-08-17 01:00:00+00:00,188.09,188.6,187.26,188.28,585277.41
2025-08-17 02:00:00+00:00,188.28,191.54,187.86,191.45,1318228.13
2025-08-17 03:00:00+00:00,191.46,191.9,190.21,191.54,941468.92
2025-08-17 04:00:00+00:00,191.53,193.44,191.41,193.3,1040156.32
2025-08-17 05:00:00+00:00,193.31,193.4,192.4,192.55,755735.35
2025-08-17 06:00:00+00:00,192.54,192.85,191.8,191.86,488561.02
2025-08-17 07:00:00+00:00,191.87,192.43,191.22,191.79,688379.2
2025-08-17 08:00:00+00:00,191.8,193.44,191.62,193.32,769361.15
2025-08-17 09:00:00+00:00,193.31,193.57,191.43,192.2,1135422.98
2025-08-17 10:00:00+00:00,192.2,193.1,191.58,193.01,675166.74
2025-08-17 11:00:00+00:00,193.0,193.56,192.29,193.46,692522.88
2025-08-17 12:00:00+00:00,193.46,193.7,191.87,192.13,616817.15
2025-08-17 13:00:00+00:00,192.14,193.51,191.81,193.12,812271.74
2025-08-17 14:00:00+00:00,193.13,194.37,192.33,193.67,897219.79
2025-08-17 15:00:00+00:00,193.67,195.42,193.49,195.38,997205.48
2025-08-17 16:00:00+00:00,195.38,195.75,192.8,193.14,1210241.17
2025-08-17 17:00:00+00:00,193.13,193.65,192.7,193.28,563062.49
2025-08-17 18:00:00+00:00,193.28,193.43,190.34,192.05,1253348.46
2025-08-17 19:00:00+00:00,192.06,193.36,190.75,191.13,1153832.37
2025-08-17 20:00:00+00:00,191.12,191.93,190.88,191.05,430342.84
2025-08-17 21:00:00+00:00,191.06,191.54,190.82,191.15,362245.88
2025-08-17 22:00:00+00:00,191.14,193.34,191.01,192.99,782584.35
2025-08-17 23:00:00+00:00,193.0,193.21,190.78,190.92,630465.38
2025-08-18 00:00:00+00:00,190.92,191.26,189.52,190.09,1124298.27
2025-08-18 01:00:00+00:00,190.08,190.37,186.43,186.49,1995423.74
2025-08-18 02:00:00+00:00,186.5,186.71,183.3,183.86,2600022.0
2025-08-18 03:00:00+00:00,183.85,184.47,181.71,182.56,2006934.33
2025-08-18 04:00:00+00:00,182.57,183.33,181.48,182.8,1381067.17
2025-08-18 05:00:00+00:00,182.8,183.39,181.01,182.81,1534599.49
2025-08-18 06:00:00+00:00,182.8,182.82,180.2,181.26,1667420.86
2025-08-18 07:00:00+00:00,181.25,181.49,180.12,180.54,870965.6
2025-08-18 08:00:00+00:00,180.53,181.5,180.35,180.72,839563.89
2025-08-18 09:00:00+00:00,180.73,181.9,179.84,181.1,1511449.85
2025-08-18 10:00:00+00:00,181.1,181.3,180.44,180.65,562116.12
2025-08-18 11:00:00+00:00,180.66,181.37,180.26,181.24,525048.0
2025-08-18 12:00:00+00:00,181.24,183.1,181.0,183.09,1014838.21
2025-08-18 13:00:00+00:00,183.09,183.23,180.39,180.45,1619924.02
2025-08-18 14:00:00+00:00,180.45,182.54,180.45,182.46,1160604.72
2025-08-18 15:00:00+00:00,182.47,183.05,181.09,182.98,935646.34
2025-08-18 16:00:00+00:00,182.99,184.34,181.66,181.97,1383266.04
2025-08-18 17:00:00+00:00,181.97,185.6,181.87,184.54,1369167.74
2025-08-18 18:00:00+00:00,184.54,184.67,182.88,184.27,890356.1
2025-08-18 19:00:00+00:00,184.28,184.47,182.65,183.08,649663.85
2025-08-18 20:00:00+00:00,183.08,183.71,181.97,182.91,485640.2
2025-08-18 21:00:00+00:00,182.92,184.16,182.57,183.7,373641.58
2025-08-18 22:00:00+00:00,183.71,184.9,183.66,184.09,861410.79
2025-08-18 23:00:00+00:00,184.1,184.52,182.31,182.84,795376.95
2025-08-19 00:00:00+00:00,182.84,184.95,181.1,184.9,1351234.31
2025-08-19 01:00:00+00:00,184.89,185.79,182.52,183.02,1165571.52
2025-08-19 02:00:00+00:00,183.02,183.17,181.84,182.09,617570.65
2025-08-19 03:00:00+00:00,182.1,182.14,178.07,178.47,2156038.07
2025-08-19 04:00:00+00:00,178.46,180.0,177.25,179.97,1584553.46
2025-08-19 05:00:00+00:00,179.96,180.5,179.18,179.71,783667.17
2025-08-19 06:00:00+00:00,179.7,180.46,179.31,179.97,470772.79
2025-08-19 07:00:00+00:00,179.97,180.09,178.89,180.04,734420.04
2025-08-19 08:00:00+00:00,180.05,180.88,179.0,180.39,709655.75
2025-08-19 09:00:00+00:00,180.39,182.39,180.31,181.25,967349.13
2025-08-19 10:00:00+00:00,181.25,181.93,181.1,181.34,485057.72
2025-08-19 11:00:00+00:00,181.34,182.77,181.25,182.57,613539.46
2025-08-19 12:00:00+00:00,182.57,182.67,181.31,181.97,741965.72
2025-08-19 13:00:00+00:00,181.96,183.37,180.57,182.0,1863735.95
2025-08-19 14:00:00+00:00,181.99,182.96,177.99,178.49,2930400.81
2025-08-19 15:00:00+00:00,178.48,179.79,177.32,177.9,1890981.64
2025-08-19 16:00:00+00:00,177.9,178.47,176.66,177.06,1402292.06
2025-08-19 17:00:00+00:00,177.05,178.67,176.23,178.06,1136833.65
2025-08-19 18:00:00+00:00,178.05,178.73,175.71,176.64,1265562.58
2025-08-19 19:00:00+00:00,176.63,178.21,175.57,176.64,1426194.12
2025-08-19 20:00:00+00:00,176.65,178.6,175.84,178.58,769705.12
2025-08-19 21:00:00+00:00,178.58,179.28,178.14,179.01,479266.08
2025-08-19 22:00:00+00:00,179.01,179.44,177.74,179.0,577917.9
2025-08-19 23:00:00+00:00,179.0,179.23,175.76,176.13,1111488.59
2025-08-20 00:00:00+00:00,176.12,178.52,175.92,178.06,1135919.16
2025-08-20 01:00:00+00:00,178.06,179.72,176.89,179.46,1342284.14
2025-08-20 02:00:00+00:00,179.46,181.29,179.1,180.71,1145506.45
2025-08-20 03:00:00+00:00,180.71,181.4,180.0,180.42,663014.53
2025-08-20 04:00:00+00:00,180.42,181.72,180.27,180.53,687953.59
2025-08-20 05:00:00+00:00,180.54,181.08,179.75,181.01,556727.96
2025-08-20 06:00:00+00:00,181.0,181.23,180.08,180.93,434043.35
2025-08-20 07:00:00+00:00,180.94,181.58,180.24,180.45,529505.77
2025-08-20 08:00:00+00:00,180.46,182.23,180.18,181.96,908223.31
2025-08-20 09:00:00+00:00,181.97,182.16,180.79,180.85,744592.35
2025-08-20 10:00:00+00:00,180.85,181.66,180.72,180.92,410728.34
2025-08-20 11:00:00+00:00,180.93,181.25,178.25,180.21,1433012.17
2025-08-20 12:00:00+00:00,180.2,182.25,180.1,181.82,1201804.17
2025-08-20 13:00:00+00:00,181.82,181.82,178.6,178.71,1942402.53
2025-08-20 14:00:00+00:00,178.71,182.48,177.44,181.29,2963479.68
2025-08-20 15:00:00+00:00,181.29,185.0,181.09,182.95,2600760.07
2025-08-20 16:00:00+00:00,182.94,184.78,182.9,183.71,1432934.36
2025-08-20 17:00:00+00:00,183.71,186.3,183.54,185.08,1647981.8
2025-08-20 18:00:00+00:00,185.08,185.58,182.5,183.55,1723115.09
2025-08-20 19:00:00+00:00,183.56,187.9,183.41,187.53,1574419.89
2025-08-20 20:00:00+00:00,187.52,187.85,186.26,187.18,940195.75
2025-08-20 21:00:00+00:00,187.18,187.59,185.75,186.92,941414.91
2025-08-20 22:00:00+00:00,186.93,187.6,186.56,187.27,546709.53
2025-08-20 23:00:00+00:00,187.26,187.91,186.61,187.9,569362.41
2025-08-21 00:00:00+00:00,187.89,189.15,186.95,187.86,1108307.57
2025-08-21 01:00:00+00:00,187.85,189.12,186.73,189.01,781495.86
2025-08-21 02:00:00+00:00,189.0,189.96,185.45,186.42,1663080.89
2025-08-21 03:00:00+00:00,186.41,190.08,186.27,188.36,2114845.17
2025-08-21 04:00:00+00:00,188.35,188.64,187.12,187.68,888738.58
2025-08-21 05:00:00+00:00,187.69,188.1,186.55,188.02,729206.92
2025-08-21 06:00:00+00:00,188.02,188.04,186.41,186.52,584030.8
2025-08-21 07:00:00+00:00,186.51,187.36,185.8,186.93,806457.02
2025-08-21 08:00:00+00:00,186.93,186.98,185.57,185.59,697359.43
2025-08-21 09:00:00+00:00,185.59,185.67,184.02,184.85,1288554.95
2025-08-21 10:00:00+00:00,184.85,185.22,183.77,184.25,823525.21
2025-08-21 11:00:00+00:00,184.24,184.88,183.36,183.95,862881.63
2025-08-21 12:00:00+00:00,183.94,184.8,182.66,183.67,1274845.77
2025-08-21 13:00:00+00:00,183.67,185.71,183.27,183.98,1605713.15
2025-08-21 14:00:00+00:00,183.99,186.36,183.56,184.69,2043064.0
2025-08-21 15:00:00+00:00,184.69,184.98,181.35,181.57,2098003.58
2025-08-21 16:00:00+00:00,181.58,182.29,180.7,180.89,1397048.73
2025-08-21 17:00:00+00:00,180.89,181.54,179.82,181.1,1375462.79
2025-08-21 18:00:00+00:00,181.11,182.23,180.45,182.07,804294.79
2025-08-21 19:00:00+00:00,182.07,182.81,179.88,180.06,1300750.43
2025-08-21 20:00:00+00:00,180.06,181.4,179.33,180.75,1131548.79
2025-08-21 21:00:00+00:00,180.75,181.54,179.87,181.09,504939.78
2025-08-21 22:00:00+00:00,181.09,181.81,180.82,181.69,393633.69
2025-08-21 23:00:00+00:00,181.69,181.69,179.75,180.25,400329.85
2025-08-22 00:00:00+00:00,180.24,181.75,180.17,181.05,626717.17
2025-08-22 01:00:00+00:00,181.06,182.05,179.9,181.89,655720.54
2025-08-22 02:00:00+00:00,181.88,183.46,181.61,182.54,1085782.34
2025-08-22 03:00:00+00:00,182.55,183.39,181.31,181.67,720811.72
2025-08-22 04:00:00+00:00,181.67,183.32,181.65,182.83,682319.09
2025-08-22 05:00:00+00:00,182.83,183.85,182.6,183.58,511218.56
2025-08-22 06:00:00+00:00,183.59,184.06,182.3,182.86,604486.29
2025-08-22 07:00:00+00:00,182.87,184.29,182.72,183.88,686592.72
2025-08-22 08:00:00+00:00,183.88,185.0,183.66,183.71,855685.5
2025-08-22 09:00:00+00:00,183.71,183.98,182.36,182.85,665633.62
2025-08-22 10:00:00+00:00,182.86,182.88,180.8,181.1,872365.47
2025-08-22 11:00:00+00:00,181.11,181.23,179.5,179.54,1083801.34
2025-08-22 12:00:00+00:00,179.55,179.74,177.14,178.36,2724267.14
2025-08-22 13:00:00+00:00,178.36,181.18,177.84,180.14,2226727.21
2025-08-22 14:00:00+00:00,180.13,193.26,180.11,191.64,11554202.23
2025-08-22 15:00:00+00:00,191.64,195.39,191.6,193.45,3906184.59
2025-08-22 16:00:00+00:00,193.46,197.88,193.45,194.86,3549781.57
2025-08-22 17:00:00+00:00,194.85,198.11,194.85,196.86,2393453.9
2025-08-22 18:00:00+00:00,196.85,197.57,195.65,196.81,1565263.79
2025-08-22 19:00:00+00:00,196.81,199.74,196.57,198.96,1810902.56
2025-08-22 20:00:00+00:00,198.97,199.63,198.37,199.63,958937.65
2025-08-22 21:00:00+00:00,199.62,202.5,199.42,200.21,2422263.22
2025-08-22 22:00:00+00:00,200.2,200.48,198.56,199.44,1282193.97
2025-08-22 23:00:00+00:00,199.45,200.99,199.06,200.68,677107.59
2025-08-23 00:00:00+00:00,200.68,200.83,198.52,198.57,1020488.76
2025-08-23 01:00:00+00:00,198.57,199.04,196.78,197.82,1231476.83
2025-08-23 02:00:00+00:00,197.83,198.41,195.31,197.61,1636890.55
2025-08-23 03:00:00+00:00,197.6,198.8,197.18,198.19,933505.69
2025-08-23 04:00:00+00:00,198.2,205.0,198.12,204.68,2955666.54
2025-08-23 05:00:00+00:00,204.68,208.82,204.34,207.63,3460495.76
2025-08-23 06:00:00+00:00,207.62,207.96,205.8,206.62,1905477.39
2025-08-23 07:00:00+00:00,206.62,207.4,205.02,205.29,1341802.96
2025-08-23 08:00:00+00:00,205.3,205.76,202.28,203.92,2250510.64
2025-08-23 09:00:00+00:00,203.92,204.79,203.27,204.55,879518.96
2025-08-23 10:00:00+00:00,204.55,204.72,201.9,202.1,1100793.5
2025-08-23 11:00:00+00:00,202.1,203.13,201.64,202.08,709242.65
2025-08-23 12:00:00+00:00,202.09,203.32,201.16,202.11,1017242.62
2025-08-23 13:00:00+00:00,202.11,202.55,200.65,201.6,1560457.5
2025-08-23 14:00:00+00:00,201.6,203.58,201.04,202.8,1391601.67
2025-08-23 15:00:00+00:00,202.81,203.91,202.51,202.69,893741.19
2025-08-23 16:00:00+00:00,202.68,203.72,202.22,203.38,703694.05
2025-08-23 17:00:00+00:00,203.37,203.86,202.29,203.36,639627.76
2025-08-23 18:00:00+00:00,203.36,204.48,203.33,204.09,548748.5
2025-08-23 19:00:00+00:00,204.08,204.66,203.83,204.17,447388.41
2025-08-23 20:00:00+00:00,204.17,204.37,203.3,203.88,491419.14
2025-08-23 21:00:00+00:00,203.87,204.22,203.14,203.19,340432.68
2025-08-23 22:00:00+00:00,203.2,203.76,202.89,203.63,293924.24
2025-08-23 23:00:00+00:00,203.64,205.0,203.63,204.21,575447.02
2025-08-24 00:00:00+00:00,204.22,206.87,204.21,206.21,1090811.76
2025-08-24 01:00:00+00:00,206.21,209.0,205.05,208.23,1866826.6
2025-08-24 02:00:00+00:00,208.24,212.22,207.66,208.92,3214123.89
2025-08-24 03:00:00+00:00,208.91,209.59,207.32,209.21,1491554.6
2025-08-24 04:00:00+00:00,209.2,210.87,208.51,210.81,1448159.04
2025-08-24 05:00:00+00:00,210.81,210.9,208.19,208.67,1232158.63
2025-08-24 06:00:00+00:00,208.68,208.98,207.19,207.49,1222380.43
2025-08-24 07:00:00+00:00,207.49,208.38,206.72,206.79,911301.52
2025-08-24 08:00:00+00:00,206.79,208.37,206.13,208.25,962279.56
2025-08-24 09:00:00+00:00,208.25,209.16,207.73,208.32,858479.99
2025-08-24 10:00:00+00:00,208.32,208.37,204.6,204.93,2027005.89
2025-08-24 11:00:00+00:00,204.93,205.49,203.48,204.62,1683652.21
2025-08-24 12:00:00+00:00,204.63,205.1,203.67,204.5,800025.51
2025-08-24 13:00:00+00:00,204.49,205.77,204.32,204.83,1027957.46
2025-08-24 14:00:00+00:00,204.84,206.6,204.06,206.16,1421086.34
2025-08-24 15:00:00+00:00,206.15,209.48,205.4,205.74,2691049.67
2025-08-24 16:00:00+00:00,205.73,207.4,205.64,206.68,1263605.99
2025-08-24 17:00:00+00:00,206.67,209.93,206.57,209.46,1617595.97
2025-08-24 18:00:00+00:00,209.47,212.1,208.92,211.38,2229267.62
2025-08-24 19:00:00+00:00,211.38,212.09,201.37,205.11,6185452.02
2025-08-24 20:00:00+00:00,205.11,205.47,201.01,203.74,3214610.44
2025-08-24 21:00:00+00:00,203.75,205.81,202.29,204.43,1422219.55
2025-08-24 22:00:00+00:00,204.43,205.59,201.44,205.17,1568557.34
2025-08-24 23:00:00+00:00,205.18,207.28,204.79,206.09,1395819.19
2025-08-25 00:00:00+00:00,206.09,208.3,202.32,203.58,2607521.28
2025-08-25 01:00:00+00:00,203.58,209.0,203.52,207.06,2020107.08
2025-08-25 02:00:00+00:00,207.06,213.66,206.8,212.66,3280568.37
2025-08-25 03:00:00+00:00,212.67,213.08,208.82,209.37,2148321.46
2025-08-25 04:00:00+00:00,209.37,209.82,206.84,207.41,1865760.21
2025-08-25 05:00:00+00:00,207.42,208.1,203.54,203.76,2151025.7
2025-08-25 06:00:00+00:00,203.77,204.75,201.83,201.99,2318831.56
2025-08-25 07:00:00+00:00,202.0,204.49,198.5,199.86,4052829.38
2025-08-25 08:00:00+00:00,199.86,200.88,198.2,199.93,2425256.77
2025-08-25 09:00:00+00:00,199.93,200.26,198.13,199.5,1304110.74
2025-08-25 10:00:00+00:00,199.49,199.49,195.0,195.86,3511787.6
2025-08-25 11:00:00+00:00,195.86,197.58,195.42,197.54,1659813.21
2025-08-25 12:00:00+00:00,197.53,198.52,196.73,197.96,2102567.76
2025-08-25 13:00:00+00:00,197.97,198.47,195.54,198.21,2547559.99
2025-08-25 14:00:00+00:00,198.21,199.44,196.75,198.23,2392355.65
2025-08-25 15:00:00+00:00,198.24,198.49,196.01,196.49,1324955.3
2025-08-25 16:00:00+00:00,196.5,198.3,195.53,196.37,1276157.14
2025-08-25 17:00:00+00:00,196.37,197.29,195.1,196.64,1196705.42
2025-08-25 18:00:00+00:00,196.65,197.8,196.02,196.39,783230.79
2025-08-25 19:00:00+00:00,196.38,196.44,190.92,191.42,3310382.91
2025-08-25 20:00:00+00:00,191.42,192.06,186.17,186.19,4559344.01
2025-08-25 21:00:00+00:00,186.2,188.35,185.85,186.27,1870935.1
2025-08-25 22:00:00+00:00,186.28,188.42,185.12,186.93,1520091.78
2025-08-25 23:00:00+00:00,186.92,187.51,185.6,187.09,980686.29
2025-08-26 00:00:00+00:00,187.08,188.55,185.44,186.2,1883585.31
2025-08-26 01:00:00+00:00,186.19,188.89,185.57,188.13,1369799.05
2025-08-26 02:00:00+00:00,188.13,189.22,186.8,187.42,1246143.47
2025-08-26 03:00:00+00:00,187.43,187.9,186.34,186.84,786170.33
2025-08-26 04:00:00+00:00,186.84,188.43,186.84,187.79,816696.51
2025-08-26 05:00:00+00:00,187.79,189.48,187.78,188.63,904659.47
2025-08-26 06:00:00+00:00,188.63,189.5,187.27,187.82,833184.77
2025-08-26 07:00:00+00:00,187.83,189.85,187.09,188.81,1179772.69
2025-08-26 08:00:00+00:00,188.8,190.26,188.05,188.63,899369.07
2025-08-26 09:00:00+00:00,188.62,189.26,187.41,187.94,961967.16
2025-08-26 10:00:00+00:00,187.93,188.86,187.7,188.52,603404.52
2025-08-26 11:00:00+00:00,188.52,188.97,186.54,187.87,989157.56
2025-08-26 12:00:00+00:00,187.88,192.18,187.06,190.44,2986836.49
2025-08-26 13:00:00+00:00,190.44,191.0,187.62,189.35,2535889.9
2025-08-26 14:00:00+00:00,189.34,191.74,188.31,191.41,1831997.53
2025-08-26 15:00:00+00:00,191.41,192.47,189.86,190.68,1737849.79
2025-08-26 16:00:00+00:00,190.68,193.67,190.5,193.59,1285348.6
2025-08-26 17:00:00+00:00,193.58,194.18,192.17,193.64,1407347.72
2025-08-26 18:00:00+00:00,193.64,195.33,193.41,194.77,1163711.77
2025-08-26 19:00:00+00:00,194.78,197.55,194.23,197.37,1300795.28
2025-08-26 20:00:00+00:00,197.36,197.66,195.78,196.26,903399.67
2025-08-26 21:00:00+00:00,196.27,196.79,195.31,196.72,715420.31
2025-08-26 22:00:00+00:00,196.71,197.22,195.67,196.65,678319.19
2025-08-26 23:00:00+00:00,196.64,198.07,195.52,195.77,1016523.79
2025-08-27 00:00:00+00:00,195.78,196.17,194.27,194.57,913497.75
2025-08-27 01:00:00+00:00,194.57,196.77,193.71,196.21,1264608.17
2025-08-27 02:00:00+00:00,196.22,199.72,195.55,198.23,1917125.87
2025-08-27 03:00:00+00:00,198.23,202.88,196.86,201.91,2180608.62
2025-08-27 04:00:00+00:00,201.9,205.86,201.66,205.14,2844093.38
2025-08-27 05:00:00+00:00,205.15,205.33,202.5,202.84,1681915.88
2025-08-27 06:00:00+00:00,202.84,204.12,201.82,202.18,1308693.33
2025-08-27 07:00:00+00:00,202.18,202.68,200.73,202.37,1614596.15
2025-08-27 08:00:00+00:00,202.38,203.67,201.49,203.44,1222208.63
2025-08-27 09:00:00+00:00,203.44,205.13,203.02,203.85,1270629.33
2025-08-27 10:00:00+00:00,203.86,205.37,203.22,204.03,1446109.61
2025-08-27 11:00:00+00:00,204.02,205.32,204.02,204.95,922426.42
2025-08-27 12:00:00+00:00,204.94,205.58,203.08,204.59,1319016.48
2025-08-27 13:00:00+00:00,204.59,205.95,202.48,204.38,2133885.35
2025-08-27 14:00:00+00:00,204.38,207.97,203.26,206.67,3085962.22
2025-08-27 15:00:00+00:00,206.68,209.43,206.2,208.6,2692053.79
2025-08-27 16:00:00+00:00,208.61,209.07,206.55,207.88,1647779.14
2025-08-27 17:00:00+00:00,207.87,209.98,207.37,209.13,1254361.16
2025-08-27 18:00:00+00:00,209.12,212.11,208.15,208.35,2367456.76
2025-08-27 19:00:00+00:00,208.35,209.3,205.95,206.38,2968794.88
2025-08-27 20:00:00+00:00,206.38,209.42,202.95,208.54,6928534.27
2025-08-27 21:00:00+00:00,208.55,208.73,204.79,205.59,1490966.89
2025-08-27 22:00:00+00:00,205.6,205.72,203.34,204.31,1642727.38
2025-08-27 23:00:00+00:00,204.3,205.37,202.5,202.94,1181043.96
2025-08-28 00:00:00+00:00,202.94,205.1,201.66,203.92,2181865.45
2025-08-28 01:00:00+00:00,203.92,206.37,203.15,205.83,1378740.04
2025-08-28 02:00:00+00:00,205.84,207.82,205.2,206.17,1159485.23
2025-08-28 03:00:00+00:00,206.17,208.28,205.95,208.07,906509.94
2025-08-28 04:00:00+00:00,208.07,212.46,207.39,212.0,2408898.63
2025-08-28 05:00:00+00:00,212.0,213.21,210.66,211.58,2162589.63
2025-08-28 06:00:00+00:00,211.58,211.91,209.68,211.61,1589744.27
2025-08-28 07:00:00+00:00,211.61,213.36,210.43,213.04,1525469.71
2025-08-28 08:00:00+00:00,213.03,216.49,213.0,214.18,3662279.22
2025-08-28 09:00:00+00:00,214.17,214.26,211.45,211.58,1595662.66
2025-08-28 10:00:00+00:00,211.59,213.88,211.34,213.86,1439288.58
2025-08-28 11:00:00+00:00,213.87,213.9,212.31,213.07,1000377.19
2025-08-28 12:00:00+00:00,213.08,214.28,211.86,213.06,1765325.71
2025-08-28 13:00:00+00:00,213.06,216.87,212.11,212.66,4004995.12
2025-08-28 14:00:00+00:00,212.67,215.92,211.58,215.52,2939926.58
2025-08-28 15:00:00+00:00,215.53,215.97,210.1,210.99,3479650.55
2025-08-28 16:00:00+00:00,210.99,213.91,207.03,207.4,3002981.64
2025-08-28 17:00:00+00:00,207.4,210.59,207.22,210.31,2134822.45
2025-08-28 18:00:00+00:00,210.31,212.68,209.41,211.98,1517617.97
2025-08-28 19:00:00+00:00,211.97,212.96,209.7,209.88,1563622.0
2025-08-28 20:00:00+00:00,209.88,213.59,209.56,213.13,1442447.36
2025-08-28 21:00:00+00:00,213.14,213.89,211.79,213.62,892161.59
2025-08-28 22:00:00+00:00,213.62,215.73,213.46,214.13,1100713.12
2025-08-28 23:00:00+00:00,214.12,215.22,213.6,214.29,1059246.09
2025-08-29 00:00:00+00:00,214.3,217.95,213.95,214.96,2390586.12
2025-08-29 01:00:00+00:00,214.97,215.34,212.0,213.36,1890556.24
2025-08-29 02:00:00+00:00,213.37,217.46,212.67,215.24,1987712.04
2025-08-29 03:00:00+00:00,215.25,217.77,214.11,216.77,1500798.32
2025-08-29 04:00:00+00:00,216.76,217.86,215.9,217.0,1367572.27
2025-08-29 05:00:00+00:00,217.0,217.13,214.54,215.71,1514616.8
2025-08-29 06:00:00+00:00,215.7,216.3,212.62,212.63,1969466.6
2025-08-29 07:00:00+00:00,212.63,212.63,207.73,208.73,5074375.34
2025-08-29 08:00:00+00:00,208.73,209.96,206.01,206.75,3058616.58
2025-08-29 09:00:00+00:00,206.75,207.8,205.24,207.6,2202091.01
2025-08-29 10:00:00+00:00,207.6,209.32,206.77,207.47,1763522.42
2025-08-29 11:00:00+00:00,207.47,209.2,206.61,207.55,1355118.29
2025-08-29 12:00:00+00:00,207.55,215.0,207.03,211.8,4495842.34
2025-08-29 13:00:00+00:00,211.79,211.9,207.6,208.91,3623830.31
2025-08-29 14:00:00+00:00,208.92,210.94,206.64,207.42,4120832.81
2025-08-29 15:00:00+00:00,207.42,210.45,203.67,204.33,3255680.81
2025-08-29 16:00:00+00:00,204.34,205.4,202.64,204.74,3018470.26
2025-08-29 17:00:00+00:00,204.73,204.82,201.93,202.4,2093271.44
2025-08-29 18:00:00+00:00,202.4,203.16,201.22,202.01,1535321.88
2025-08-29 19:00:00+00:00,202.01,204.45,201.56,202.87,1565886.36
2025-08-29 20:00:00+00:00,202.87,203.44,200.61,200.94,1727918.63
2025-08-29 21:00:00+00:00,200.94,203.96,199.74,203.66,1655210.75
2025-08-29 22:00:00+00:00,203.66,203.88,202.32,203.04,628046.58
2025-08-29 23:00:00+00:00,203.04,205.42,203.03,204.98,1257368.16
2025-08-30 00:00:00+00:00,204.97,205.29,203.43,204.91,1117026.71
2025-08-30 01:00:00+00:00,204.9,205.08,200.93,201.09,1394647.39
2025-08-30 02:00:00+00:00,201.1,203.6,200.6,203.23,1165982.54
2025-08-30 03:00:00+00:00,203.24,206.57,203.08,205.52,1719057.89
2025-08-30 04:00:00+00:00,205.52,206.46,204.58,204.59,798986.96
2025-08-30 05:00:00+00:00,204.58,206.99,204.3,206.02,1128348.23
2025-08-30 06:00:00+00:00,206.02,206.59,204.89,204.98,831054.24
2025-08-30 07:00:00+00:00,204.99,205.56,204.34,205.0,750636.39
2025-08-30 08:00:00+00:00,205.0,205.46,202.5,202.92,1224430.65
2025-08-30 09:00:00+00:00,202.92,203.27,201.53,202.31,1107166.32
2025-08-30 10:00:00+00:00,202.32,203.19,201.65,202.64,823963.31
2025-08-30 11:00:00+00:00,202.64,202.78,201.62,202.52,567456.26
2025-08-30 12:00:00+00:00,202.52,202.61,199.16,200.51,1867774.62
2025-08-30 13:00:00+00:00,200.51,200.56,197.43,199.04,2243210.59
2025-08-30 14:00:00+00:00,199.04,200.43,198.13,199.84,1128401.66
2025-08-30 15:00:00+00:00,199.84,201.59,199.36,200.94,1141627.99
2025-08-30 16:00:00+00:00,200.95,200.95,199.64,200.26,771454.94
2025-08-30 17:00:00+00:00,200.27,201.49,199.89,200.82,770840.58
2025-08-30 18:00:00+00:00,200.82,201.51,200.41,200.94,516341.26
2025-08-30 19:00:00+00:00,200.94,201.36,200.53,201.16,311867.96
2025-08-30 20:00:00+00:00,201.16,201.22,199.62,200.57,427504.33
2025-08-30 21:00:00+00:00,200.57,201.2,200.07,200.53,372113.25
2025-08-30 22:00:00+00:00,200.53,201.38,199.96,201.34,338633.0
2025-08-30 23:00:00+00:00,201.35,203.21,201.26,202.59,929818.49
2025-08-31 00:00:00+00:00,202.59,205.85,202.58,205.32,1727421.16
2025-08-31 01:00:00+00:00,205.33,206.64,204.1,206.29,1434679.79
2025-08-31 02:00:00+00:00,206.29,206.56,204.79,204.96,670596.88
2025-08-31 03:00:00+00:00,204.97,205.59,204.72,205.48,603904.35
2025-08-31 04:00:00+00:00,205.48,205.57,203.36,204.34,975903.13
2025-08-31 05:00:00+00:00,204.33,204.84,203.83,204.55,476903.87
2025-08-31 06:00:00+00:00,204.55,204.78,202.66,202.88,692903.54
2025-08-31 07:00:00+00:00,202.88,203.84,202.85,203.44,394719.33
2025-08-31 08:00:00+00:00,203.44,205.77,203.41,205.71,823981.77
2025-08-31 09:00:00+00:00,205.7,205.74,203.79,203.96,836061.89
2025-08-31 10:00:00+00:00,203.96,204.44,202.64,203.46,775906.49
2025-08-31 11:00:00+00:00,203.46,203.76,202.06,203.55,742579.08
2025-08-31 12:00:00+00:00,203.56,203.72,202.33,203.3,729258.78
2025-08-31 13:00:00+00:00,203.29,203.73,201.6,202.01,946585.55
2025-08-31 14:00:00+00:00,202.01,203.86,201.39,203.65,939692.89
2025-08-31 15:00:00+00:00,203.65,204.8,203.49,204.48,1068612.8
2025-08-31 16:00:00+00:00,204.49,205.24,203.59,205.02,944297.1
2025-08-31 17:00:00+00:00,205.02,205.54,204.4,204.85,586600.05
2025-08-31 18:00:00+00:00,204.85,205.6,204.55,205.56,448695.27
2025-08-31 19:00:00+00:00,205.55,205.97,204.33,204.53,611295.0
2025-08-31 20:00:00+00:00,204.53,205.13,204.22,204.75,298836.67
2025-08-31 21:00:00+00:00,204.75,205.35,204.18,205.29,252417.24
2025-08-31 22:00:00+00:00,205.3,205.72,203.3,203.64,758799.69
2025-08-31 23:00:00+00:00,203.65,203.82,200.2,200.57,1779576.57
2025-09-01 00:00:00+00:00,200.57,201.3,198.39,200.35,2331410.61
2025-09-01 01:00:00+00:00,200.35,202.43,199.78,200.86,1347693.08
2025-09-01 02:00:00+00:00,200.87,201.18,195.81,197.44,2948176.26
2025-09-01 03:00:00+00:00,197.44,198.65,196.81,198.3,1220948.55
2025-09-01 04:00:00+00:00,198.3,198.39,196.69,197.44,1098755.41
2025-09-01 05:00:00+00:00,197.44,198.87,196.55,198.31,920072.9
2025-09-01 06:00:00+00:00,198.31,199.37,197.42,198.69,1045231.68
2025-09-01 07:00:00+00:00,198.68,202.85,197.74,202.84,2202127.52
2025-09-01 08:00:00+00:00,202.83,204.45,202.3,203.0,2034554.47
2025-09-01 09:00:00+00:00,202.99,203.67,200.88,200.93,1201756.64
2025-09-01 10:00:00+00:00,200.93,201.5,198.23,199.39,1505345.16
2025-09-01 11:00:00+00:00,199.39,199.57,198.55,199.29,807276.32
2025-09-01 12:00:00+00:00,199.3,200.39,198.68,199.52,809290.22
2025-09-01 13:00:00+00:00,199.53,201.08,198.81,199.6,1116464.27
2025-09-01 14:00:00+00:00,199.6,200.65,198.97,200.14,770789.26
2025-09-01 15:00:00+00:00,200.14,200.82,197.55,198.26,1107242.75
2025-09-01 16:00:00+00:00,198.25,198.91,197.34,198.46,807585.66
2025-09-01 17:00:00+00:00,198.46,199.04,197.2,198.46,959180.24
2025-09-01 18:00:00+00:00,198.46,199.44,198.33,199.14,569666.17
2025-09-01 19:00:00+00:00,199.14,200.09,199.04,200.08,421820.96
2025-09-01 20:00:00+00:00,200.08,200.1,196.02,197.63,1601193.52
2025-09-01 21:00:00+00:00,197.64,197.7,194.31,194.97,1882842.66
2025-09-01 22:00:00+00:00,194.97,195.88,194.06,195.67,1241445.97
2025-09-01 23:00:00+00:00,195.66,197.37,195.38,197.22,1023503.79
2025-09-02 00:00:00+00:00,197.21,197.92,196.67,197.64,712224.4
2025-09-02 01:00:00+00:00,197.64,199.95,197.13,199.17,1424056.16
2025-09-02 02:00:00+00:00,199.16,202.33,198.74,202.15,1376277.36
2025-09-02 03:00:00+00:00,202.16,203.3,201.51,201.78,1545608.99
2025-09-02 04:00:00+00:00,201.79,203.1,201.33,202.92,832633.92
2025-09-02 05:00:00+00:00,202.92,203.44,201.84,203.19,761261.31
2025-09-02 06:00:00+00:00,203.19,204.37,203.05,204.02,1022059.22
2025-09-02 07:00:00+00:00,204.02,204.1,201.76,202.03,1349738.83
2025-09-02 08:00:00+00:00,202.03,203.85,201.95,203.02,1075775.86
2025-09-02 09:00:00+00:00,203.02,204.3,202.72,204.29,822573.41
2025-09-02 10:00:00+00:00,204.3,204.36,203.3,203.61,636945.12
2025-09-02 11:00:00+00:00,203.61,203.68,201.6,201.9,1102448.01
2025-09-02 12:00:00+00:00,201.9,202.17,197.25,197.86,2711541.65
2025-09-02 13:00:00+00:00,197.86,204.22,197.71,203.99,4240406.49
2025-09-02 14:00:00+00:00,203.99,205.06,202.6,204.28,2976276.83
2025-09-02 15:00:00+00:00,204.28,204.53,199.66,200.2,2339042.51
2025-09-02 16:00:00+00:00,200.19,201.92,199.37,201.41,1659467.98
2025-09-02 17:00:00+00:00,201.41,205.32,201.4,204.75,1980588.77
2025-09-02 18:00:00+00:00,204.74,206.5,203.22,205.57,1950962.28
2025-09-02 19:00:00+00:00,205.57,206.99,204.32,205.44,1662581.49
2025-09-02 20:00:00+00:00,205.44,208.18,204.82,206.67,1497324.04
2025-09-02 21:00:00+00:00,206.66,208.02,206.57,207.18,653129.78
2025-09-02 22:00:00+00:00,207.19,208.79,206.52,208.57,1009782.11
2025-09-02 23:00:00+00:00,208.56,209.59,207.87,209.54,1131687.95
2025-09-03 00:00:00+00:00,209.54,210.48,207.83,208.29,1580430.44
2025-09-03 01:00:00+00:00,208.3,211.78,207.29,211.38,1703535.02
2025-09-03 02:00:00+00:00,211.38,211.91,210.22,211.18,1730160.41
2025-09-03 03:00:00+00:00,211.18,211.76,209.22,209.94,1173793.35
2025-09-03 04:00:00+00:00,209.93,210.37,209.1,210.16,604461.39
2025-09-03 05:00:00+00:00,210.17,210.39,208.81,208.94,747815.01
2025-09-03 06:00:00+00:00,208.94,209.33,207.84,208.36,999170.82
2025-09-03 07:00:00+00:00,208.37,209.32,207.93,209.25,756289.57
2025-09-03 08:00:00+00:00,209.25,210.7,208.8,209.29,994859.66
2025-09-03 09:00:00+00:00,209.29,209.58,208.03,209.5,1123113.53
2025-09-03 10:00:00+00:00,209.49,210.28,208.81,209.8,823387.16
2025-09-03 11:00:00+00:00,209.79,211.26,209.52,210.25,998571.63
2025-09-03 12:00:00+00:00,210.26,211.29,208.68,209.01,1450514.18
2025-09-03 13:00:00+00:00,209.01,212.95,208.98,211.51,2403316.25
2025-09-03 14:00:00+00:00,211.51,212.57,210.22,211.98,1941785.66
2025-09-03 15:00:00+00:00,211.98,212.73,210.79,211.27,1222663.58
2025-09-03 16:00:00+00:00,211.26,211.88,209.37,209.85,984210.54
2025-09-03 17:00:00+00:00,209.85,211.49,209.82,210.73,702643.19
2025-09-03 18:00:00+00:00,210.72,211.07,208.72,209.54,770111.73
2025-09-03 19:00:00+00:00,209.54,210.42,209.18,210.29,635910.23
2025-09-03 20:00:00+00:00,210.29,210.38,209.1,209.33,447641.9
2025-09-03 21:00:00+00:00,209.34,209.44,208.28,208.79,382011.31
2025-09-03 22:00:00+00:00,208.78,209.79,208.4,209.79,510204.83
2025-09-03 23:00:00+00:00,209.78,210.86,209.53,210.65,693253.97
2025-09-04 00:00:00+00:00,210.65,211.87,210.35,211.13,695911.69
2025-09-04 01:00:00+00:00,211.13,211.15,209.64,210.3,628848.58
2025-09-04 02:00:00+00:00,210.29,210.46,207.36,208.17,1307160.81
2025-09-04 03:00:00+00:00,208.17,208.58,207.47,208.1,798277.76
2025-09-04 04:00:00+00:00,208.09,208.45,206.77,207.06,771714.86
2025-09-04 05:00:00+00:00,207.06,207.09,205.56,206.7,1397255.47
2025-09-04 06:00:00+00:00,206.7,207.15,206.21,206.22,716363.78
2025-09-04 07:00:00+00:00,206.23,207.37,206.13,206.55,488717.8
2025-09-04 08:00:00+00:00,206.56,208.08,206.47,206.94,751774.98
2025-09-04 09:00:00+00:00,206.95,208.04,206.94,207.97,417962.55
2025-09-04 10:00:00+00:00,207.98,208.69,207.42,207.42,778370.54
2025-09-04 11:00:00+00:00,207.43,208.34,206.84,207.12,574725.31
2025-09-04 12:00:00+00:00,207.12,208.41,206.87,208.3,863676.11
2025-09-04 13:00:00+00:00,208.29,208.39,206.22,206.98,1245836.75
2025-09-04 14:00:00+00:00,206.97,207.65,204.57,205.28,2168796.13
2025-09-04 15:00:00+00:00,205.29,205.34,203.28,203.71,2050072.9
2025-09-04 16:00:00+00:00,203.68,204.8,203.43,204.52,943624.9
2025-09-04 17:00:00+00:00,204.51,205.08,203.79,203.85,652135.47
2025-09-04 18:00:00+00:00,203.86,204.59,202.15,202.98,1193219.33
2025-09-04 19:00:00+00:00,202.98,203.57,201.7,202.03,824045.05
2025-09-04 20:00:00+00:00,202.02,203.66,201.8,202.52,738337.19
2025-09-04 21:00:00+00:00,202.52,203.92,202.36,203.69,502547.91
2025-09-04 22:00:00+00:00,203.69,204.71,202.66,204.09,841682.37
2025-09-04 23:00:00+00:00,204.09,204.78,202.09,202.23,871971.67
2025-09-05 00:00:00+00:00,202.22,202.84,200.8,201.09,974476.94
2025-09-05 01:00:00+00:00,201.08,203.68,200.85,203.36,798731.98
2025-09-05 02:00:00+00:00,203.36,203.99,202.54,203.92,690867.09
2025-09-05 03:00:00+00:00,203.92,203.93,202.41,203.46,499267.69
2025-09-05 04:00:00+00:00,203.47,204.5,202.92,204.01,489851.21
2025-09-05 05:00:00+00:00,204.01,204.8,203.81,204.56,748574.85
2025-09-05 06:00:00+00:00,204.57,204.74,203.76,204.73,486420.94
2025-09-05 07:00:00+00:00,204.73,208.36,204.63,207.77,2184137.01
2025-09-05 08:00:00+00:00,207.77,207.88,206.4,206.47,1105228.22
2025-09-05 09:00:00+00:00,206.47,206.85,204.43,205.76,1492705.76
2025-09-05 10:00:00+00:00,205.77,206.56,205.6,205.91,644238.92
2025-09-05 11:00:00+00:00,205.91,206.94,205.87,206.55,608702.06
2025-09-05 12:00:00+00:00,206.55,209.71,204.83,208.94,3781676.78
2025-09-05 13:00:00+00:00,208.94,209.95,208.27,209.57,1956043.74
2025-09-05 14:00:00+00:00,209.58,209.58,201.55,202.13,5256146.73
2025-09-05 15:00:00+00:00,202.13,204.35,201.5,203.43,2038078.49
2025-09-05 16:00:00+00:00,203.44,203.99,202.4,203.66,840847.58
2025-09-05 17:00:00+00:00,203.67,203.71,202.1,202.33,794575.51
2025-09-05 18:00:00+00:00,202.33,204.67,201.81,204.25,984059.87
2025-09-05 19:00:00+00:00,204.24,205.48,203.77,205.36,1015237.82
2025-09-05 20:00:00+00:00,205.36,205.65,204.33,205.49,622397.72
2025-09-05 21:00:00+00:00,205.48,205.6,202.85,203.03,1030241.45
2025-09-05 22:00:00+00:00,203.02,204.3,202.6,204.06,422834.99
2025-09-05 23:00:00+00:00,204.05,204.42,203.21,203.3,242611.31
2025-09-06 00:00:00+00:00,203.29,204.22,203.1,203.81,313298.01
2025-09-06 01:00:00+00:00,203.81,204.59,203.41,204.32,276806.88
2025-09-06 02:00:00+00:00,204.33,204.6,203.05,204.25,377633.97
2025-09-06 03:00:00+00:00,204.25,204.5,203.74,203.98,231212.86
2025-09-06 04:00:00+00:00,203.99,203.99,203.1,203.14,315953.12
2025-09-06 05:00:00+00:00,203.14,203.27,202.02,202.16,530926.46
2025-09-06 06:00:00+00:00,202.17,202.6,202.04,202.39,308586.5
2025-09-06 07:00:00+00:00,202.38,203.17,202.31,202.92,272268.97
2025-09-06 08:00:00+00:00,202.92,203.48,202.54,203.39,287881.23
2025-09-06 09:00:00+00:00,203.38,203.38,202.56,202.6,310371.42
2025-09-06 10:00:00+00:00,202.59,203.05,202.32,202.8,319227.64
2025-09-06 11:00:00+00:00,202.79,202.84,201.8,202.29,448072.99
2025-09-06 12:00:00+00:00,202.3,202.79,202.12,202.2,289129.89
2025-09-06 13:00:00+00:00,202.19,202.41,201.29,202.21,638853.01
2025-09-06 14:00:00+00:00,202.21,202.56,201.76,201.94,371574.84
2025-09-06 15:00:00+00:00,201.95,202.19,200.82,201.15,682031.47
2025-09-06 16:00:00+00:00,201.15,202.27,200.64,201.52,858977.85
2025-09-06 17:00:00+00:00,201.52,201.71,199.5,200.04,1040735.65
2025-09-06 18:00:00+00:00,200.04,200.69,199.13,199.92,830963.92
2025-09-06 19:00:00+00:00,199.93,200.18,199.24,199.65,433203.26
2025-09-06 20:00:00+00:00,199.64,200.71,199.61,200.71,420095.62
2025-09-06 21:00:00+00:00,200.72,201.13,200.24,200.68,374124.2
2025-09-06 22:00:00+00:00,200.67,200.99,199.91,200.26,372473.59
2025-09-06 23:00:00+00:00,200.27,200.94,199.82,200.06,391184.81
2025-09-07 00:00:00+00:00,200.06,201.28,200.0,201.06,434903.78
2025-09-07 01:00:00+00:00,201.06,203.1,200.99,202.61,959390.92
2025-09-07 02:00:00+00:00,202.62,202.87,201.9,202.71,500670.09
2025-09-07 03:00:00+00:00,202.71,203.17,202.46,202.76,297758.65
2025-09-07 04:00:00+00:00,202.76,203.0,202.22,202.98,272592.59
2025-09-07 05:00:00+00:00,202.98,203.17,202.6,202.74,249645.47
2025-09-07 06:00:00+00:00,202.75,202.89,202.14,202.2,277218.71
2025-09-07 07:00:00+00:00,202.19,203.23,202.14,202.9,350384.34
2025-09-07 08:00:00+00:00,202.9,203.87,202.88,203.41,734396.52
2025-09-07 09:00:00+00:00,203.41,203.85,202.65,203.08,394987.47
2025-09-07 10:00:00+00:00,203.08,203.26,202.76,203.26,244231.06
2025-09-07 11:00:00+00:00,203.26,203.9,203.0,203.87,356580.21
2025-09-07 12:00:00+00:00,203.87,203.95,203.24,203.67,320805.47
2025-09-07 13:00:00+00:00,203.67,203.7,203.0,203.32,353428.0
2025-09-07 14:00:00+00:00,203.32,203.9,203.05,203.57,402779.34
2025-09-07 15:00:00+00:00,203.57,205.45,203.36,205.09,1116102.38
2025-09-07 16:00:00+00:00,205.08,205.41,203.34,203.38,943033.49
2025-09-07 17:00:00+00:00,203.39,203.62,201.63,201.9,1103548.02
2025-09-07 18:00:00+00:00,201.91,202.2,201.36,202.06,447873.39
2025-09-07 19:00:00+00:00,202.06,202.99,201.76,202.98,596107.58
2025-09-07 20:00:00+00:00,202.98,204.87,202.5,204.83,639961.02
2025-09-07 21:00:00+00:00,204.83,205.08,204.31,204.58,680417.15
2025-09-07 22:00:00+00:00,204.58,207.4,204.25,207.03,1430393.16
2025-09-07 23:00:00+00:00,207.03,207.93,206.17,206.29,1368236.27
2025-09-08 00:00:00+00:00,206.28,207.1,205.57,205.6,1007979.2
2025-09-08 01:00:00+00:00,205.6,207.33,205.53,206.8,667784.91
2025-09-08 02:00:00+00:00,206.81,207.88,206.09,207.77,762978.64
2025-09-08 03:00:00+00:00,207.77,208.95,207.4,207.56,1002641.31
2025-09-08 04:00:00+00:00,207.56,208.59,206.87,207.76,831980.11
2025-09-08 05:00:00+00:00,207.76,207.89,206.6,207.25,671528.26
2025-09-08 06:00:00+00:00,207.25,207.62,206.54,207.03,480609.32
2025-09-08 07:00:00+00:00,207.02,208.83,206.93,207.85,905380.0
2025-09-08 08:00:00+00:00,207.85,209.49,207.31,208.84,1272410.38
2025-09-08 09:00:00+00:00,208.83,210.92,208.58,210.84,1415477.09
2025-09-08 10:00:00+00:00,210.84,215.78,210.35,215.15,3905006.05
2025-09-08 11:00:00+00:00,215.16,215.26,212.9,214.21,2110474.24
2025-09-08 12:00:00+00:00,214.22,214.83,213.49,214.43,911244.81
2025-09-08 13:00:00+00:00,214.44,216.29,212.92,213.27,2365793.99
2025-09-08 14:00:00+00:00,213.27,215.79,212.97,215.22,1302100.38
2025-09-08 15:00:00+00:00,215.22,216.63,214.6,214.97,1927293.55
2025-09-08 16:00:00+00:00,214.97,215.4,213.77,214.85,1161495.51
2025-09-08 17:00:00+00:00,214.85,216.89,213.89,215.32,1514004.83
2025-09-08 18:00:00+00:00,215.33,216.85,214.7,216.57,1046666.88
2025-09-08 19:00:00+00:00,216.57,216.97,214.65,216.03,1372451.95
2025-09-08 20:00:00+00:00,216.03,216.12,213.79,214.39,996873.43
2025-09-08 21:00:00+00:00,214.38,215.76,214.16,214.99,534592.6
2025-09-08 22:00:00+00:00,214.99,215.44,214.35,214.61,427506.96
2025-09-08 23:00:00+00:00,214.61,215.16,213.42,214.02,511822.74
2025-09-09 00:00:00+00:00,214.02,214.83,212.1,213.12,1240338.94
2025-09-09 01:00:00+00:00,213.13,213.92,212.07,213.15,762456.19
2025-09-09 02:00:00+00:00,213.15,213.45,210.8,211.59,1168187.13
2025-09-09 03:00:00+00:00,211.59,214.76,211.34,214.52,949841.68
2025-09-09 04:00:00+00:00,214.53,215.6,213.87,214.75,1276540.71
2025-09-09 05:00:00+00:00,214.75,215.4,213.91,215.1,521035.62
2025-09-09 06:00:00+00:00,215.1,219.73,214.92,218.36,3009482.16
2025-09-09 07:00:00+00:00,218.37,219.74,218.29,219.2,1568778.18
2025-09-09 08:00:00+00:00,219.2,219.47,218.44,218.97,682401.66
2025-09-09 09:00:00+00:00,218.98,219.26,218.45,218.94,539761.62
2025-09-09 10:00:00+00:00,218.94,219.16,217.34,217.71,1008020.08
2025-09-09 11:00:00+00:00,217.7,218.0,216.9,217.19,697801.7
2025-09-09 12:00:00+00:00,217.19,218.37,216.48,217.56,1195889.66
2025-09-09 13:00:00+00:00,217.56,218.39,216.2,217.92,1412996.22
2025-09-09 14:00:00+00:00,217.93,218.47,213.12,215.42,3824831.22
2025-09-09 15:00:00+00:00,215.42,215.76,211.66,212.98,2559773.03
2025-09-09 16:00:00+00:00,212.98,214.86,212.9,214.09,1342982.35
2025-09-09 17:00:00+00:00,214.09,215.62,213.94,214.85,957839.59
2025-09-09 18:00:00+00:00,214.85,216.8,214.36,216.34,1008009.29
2025-09-09 19:00:00+00:00,216.34,216.92,215.74,216.26,557870.08
2025-09-09 20:00:00+00:00,216.25,216.31,215.17,216.22,619225.49
2025-09-09 21:00:00+00:00,216.22,216.52,215.02,215.08,513424.2
2025-09-09 22:00:00+00:00,215.07,217.3,214.88,217.1,769043.45
2025-09-09 23:00:00+00:00,217.1,217.7,216.5,217.11,578719.77
2025-09-10 00:00:00+00:00,217.11,217.44,215.02,215.14,947758.44
2025-09-10 01:00:00+00:00,215.14,216.47,215.06,216.23,545519.93
2025-09-10 02:00:00+00:00,216.23,219.58,216.22,219.11,1967584.83
2025-09-10 03:00:00+00:00,219.11,219.47,217.91,219.13,954664.36
2025-09-10 04:00:00+00:00,219.13,219.13,217.74,218.34,651521.53
2025-09-10 05:00:00+00:00,218.34,219.2,217.8,218.55,653091.28
2025-09-10 06:00:00+00:00,218.54,219.58,217.9,219.13,862537.98
2025-09-10 07:00:00+00:00,219.13,222.87,219.03,222.15,2923522.09
2025-09-10 08:00:00+00:00,222.14,222.4,220.36,220.7,1431957.74
2025-09-10 09:00:00+00:00,220.71,221.23,219.8,220.4,872531.33
2025-09-10 10:00:00+00:00,220.39,220.59,218.72,220.02,1291848.13
2025-09-10 11:00:00+00:00,220.02,220.37,218.81,220.15,944280.42
2025-09-10 12:00:00+00:00,220.14,225.0,219.63,223.33,3725427.24
2025-09-10 13:00:00+00:00,223.34,225.95,222.48,224.07,3013658.72
2025-09-10 14:00:00+00:00,224.06,224.98,222.15,222.61,1661303.52
2025-09-10 15:00:00+00:00,222.61,223.99,222.5,223.05,1205605.36
2025-09-10 16:00:00+00:00,223.04,223.88,222.32,223.64,1013974.34
2025-09-10 17:00:00+00:00,223.63,224.1,221.39,222.57,1003086.26
2025-09-10 18:00:00+00:00,222.57,223.04,221.11,222.73,704521.86
2025-09-10 19:00:00+00:00,222.74,222.79,220.42,221.14,1006805.62
2025-09-10 20:00:00+00:00,221.14,222.54,220.83,222.43,539086.57
2025-09-10 21:00:00+00:00,222.44,223.66,222.27,223.35,534157.83
2025-09-10 22:00:00+00:00,223.35,224.59,223.04,224.39,517141.58
2025-09-10 23:00:00+00:00,224.39,224.52,223.52,223.94,475689.79
2025-09-11 00:00:00+00:00,223.94,225.36,223.71,224.87,820265.98
2025-09-11 01:00:00+00:00,224.88,225.47,224.33,224.71,734908.34
2025-09-11 02:00:00+00:00,224.71,224.96,222.8,222.89,856535.22
2025-09-11 03:00:00+00:00,222.9,224.46,222.88,224.04,632147.96
2025-09-11 04:00:00+00:00,224.05,224.17,222.45,223.39,946070.31
2025-09-11 05:00:00+00:00,223.4,223.87,221.59,222.15,900497.01
2025-09-11 06:00:00+00:00,222.15,223.49,221.81,223.21,736835.98
2025-09-11 07:00:00+00:00,223.21,223.41,221.8,223.08,718381.1
2025-09-11 08:00:00+00:00,223.09,223.46,222.17,223.41,603719.01
2025-09-11 09:00:00+00:00,223.42,225.18,223.35,224.37,1610784.18
2025-09-11 10:00:00+00:00,224.38,225.75,224.25,225.64,1110806.2
2025-09-11 11:00:00+00:00,225.64,225.64,224.4,224.94,537789.84
2025-09-11 12:00:00+00:00,224.93,229.0,222.0,226.65,5173977.06
2025-09-11 13:00:00+00:00,226.64,228.9,224.13,228.12,3269029.52
2025-09-11 14:00:00+00:00,228.12,228.19,225.56,226.96,1551882.69
2025-09-11 15:00:00+00:00,226.95,227.14,225.22,226.69,1064139.95
2025-09-11 16:00:00+00:00,226.69,228.29,225.15,225.77,1525757.87
2025-09-11 17:00:00+00:00,225.76,227.64,225.54,227.36,902105.38
2025-09-11 18:00:00+00:00,227.37,227.62,225.81,226.17,778254.35
2025-09-11 19:00:00+00:00,226.16,226.73,225.73,226.51,594768.8
2025-09-11 20:00:00+00:00,226.51,226.57,225.32,225.42,482900.19
2025-09-11 21:00:00+00:00,225.41,226.93,225.4,226.6,406855.15
2025-09-11 22:00:00+00:00,226.59,228.49,226.24,227.94,1180975.67
2025-09-11 23:00:00+00:00,227.94,228.85,227.81,228.62,614393.34
2025-09-12 00:00:00+00:00,228.61,235.0,228.0,232.93,3358183.06
2025-09-12 01:00:00+00:00,232.92,233.88,231.4,232.14,1328287.99
2025-09-12 02:00:00+00:00,232.14,233.75,232.04,232.57,996939.92
2025-09-12 03:00:00+00:00,232.57,235.72,232.08,234.95,1576533.9
2025-09-12 04:00:00+00:00,234.96,238.1,234.06,237.25,2637017.65
2025-09-12 05:00:00+00:00,237.26,239.69,236.9,238.49,2335082.13
2025-09-12 06:00:00+00:00,238.49,238.5,237.12,238.02,1204087.41
2025-09-12 07:00:00+00:00,238.02,238.82,236.78,237.24,1000946.06
2025-09-12 08:00:00+00:00,237.24,238.25,236.59,237.62,970494.46
2025-09-12 09:00:00+00:00,237.62,238.5,237.31,238.38,919649.74
2025-09-12 10:00:00+00:00,238.38,239.18,237.41,238.91,860269.41
2025-09-12 11:00:00+00:00,238.92,239.43,238.36,239.03,895905.97
2025-09-12 12:00:00+00:00,239.03,240.63,237.46,239.22,1835645.89
2025-09-12 13:00:00+00:00,239.22,240.0,237.84,239.46,1583057.96
2025-09-12 14:00:00+00:00,239.45,241.76,238.9,240.13,2703365.73
2025-09-12 15:00:00+00:00,240.12,240.21,238.35,239.2,1188315.69
2025-09-12 16:00:00+00:00,239.21,239.34,237.85,238.7,981422.2
2025-09-12 17:00:00+00:00,238.7,241.23,238.15,240.14,1490380.67
2025-09-12 18:00:00+00:00,240.15,241.4,239.74,240.6,1166166.63
2025-09-12 19:00:00+00:00,240.61,241.14,239.45,240.87,929723.28
2025-09-12 20:00:00+00:00,240.86,241.13,238.81,239.58,1259574.33
2025-09-12 21:00:00+00:00,239.58,240.2,238.2,239.99,761497.36
2025-09-12 22:00:00+00:00,239.98,244.0,239.98,241.0,2165551.57
2025-09-12 23:00:00+00:00,241.0,242.62,239.79,242.07,1112560.78
2025-09-13 00:00:00+00:00,242.07,243.69,241.52,243.03,1023617.16
2025-09-13 01:00:00+00:00,243.04,244.0,241.45,241.49,1055609.58
2025-09-13 02:00:00+00:00,241.49,242.81,240.56,242.39,822225.92
2025-09-13 03:00:00+00:00,242.39,244.0,241.68,243.49,780647.51
2025-09-13 04:00:00+00:00,243.49,243.61,242.38,242.9,593834.76
2025-09-13 05:00:00+00:00,242.91,243.27,241.14,241.57,756736.69
2025-09-13 06:00:00+00:00,241.58,242.74,241.57,242.56,506131.5
2025-09-13 07:00:00+00:00,242.57,243.1,242.23,242.34,342119.61
2025-09-13 08:00:00+00:00,242.35,243.4,241.88,243.4,475264.38
2025-09-13 09:00:00+00:00,243.39,243.68,242.61,243.33,664447.64
2025-09-13 10:00:00+00:00,243.34,243.34,242.05,242.53,657937.56
2025-09-13 11:00:00+00:00,242.52,242.52,241.13,241.79,665828.94
2025-09-13 12:00:00+00:00,241.79,242.45,241.24,242.33,441754.48
2025-09-13 13:00:00+00:00,242.34,243.02,237.69,239.94,1813065.49
2025-09-13 14:00:00+00:00,239.94,240.99,238.45,240.24,1740181.73
2025-09-13 15:00:00+00:00,240.24,240.76,238.39,239.38,1116590.42
2025-09-13 16:00:00+00:00,239.38,239.62,237.16,237.47,1702821.92
2025-09-13 17:00:00+00:00,237.47,238.31,235.54,237.67,1738544.75
2025-09-13 18:00:00+00:00,237.66,238.75,237.0,238.29,486962.04
2025-09-13 19:00:00+00:00,238.3,239.17,237.94,238.84,417671.42
2025-09-13 20:00:00+00:00,238.83,240.28,238.71,240.08,550979.01
2025-09-13 21:00:00+00:00,240.08,241.44,239.73,239.98,493287.13
2025-09-13 22:00:00+00:00,239.98,241.91,239.83,241.75,436477.11
2025-09-13 23:00:00+00:00,241.75,243.1,241.53,242.25,811698.0
2025-09-14 00:00:00+00:00,242.24,244.11,242.06,243.42,1062012.0
2025-09-14 01:00:00+00:00,243.41,246.53,242.68,245.68,1651473.96
2025-09-14 02:00:00+00:00,245.69,249.19,245.63,248.6,2058317.71
2025-09-14 03:00:00+00:00,248.6,249.55,246.71,246.81,1239747.07
2025-09-14 04:00:00+00:00,246.8,247.89,244.38,246.16,1512134.71
2025-09-14 05:00:00+00:00,246.16,247.96,245.93,247.57,589328.2
2025-09-14 06:00:00+00:00,247.57,248.27,246.1,246.93,620519.44
2025-09-14 07:00:00+00:00,246.94,247.12,245.56,246.26,588412.03
2025-09-14 08:00:00+00:00,246.26,247.0,245.72,246.27,467354.17
2025-09-14 09:00:00+00:00,246.27,247.65,246.0,247.65,477813.32
2025-09-14 10:00:00+00:00,247.64,247.97,246.85,247.52,494506.89
2025-09-14 11:00:00+00:00,247.52,247.83,245.43,245.99,947376.89
2025-09-14 12:00:00+00:00,245.99,246.69,244.51,245.14,950039.38
2025-09-14 13:00:00+00:00,245.15,245.74,243.06,243.65,1185134.05
2025-09-14 14:00:00+00:00,243.64,244.99,241.42,243.13,2054191.57
2025-09-14 15:00:00+00:00,243.14,244.2,241.77,243.7,1279115.31
2025-09-14 16:00:00+00:00,243.7,245.74,243.3,245.03,1075021.96
2025-09-14 17:00:00+00:00,245.02,248.36,244.4,247.8,1293315.38
2025-09-14 18:00:00+00:00,247.8,247.84,244.5,244.52,914359.31
2025-09-14 19:00:00+00:00,244.52,245.16,241.95,242.4,1327052.85
2025-09-14 20:00:00+00:00,242.4,243.34,240.82,242.33,860122.2
2025-09-14 21:00:00+00:00,242.34,244.6,240.29,244.01,929991.62
2025-09-14 22:00:00+00:00,244.02,244.18,240.64,242.82,1004485.52
2025-09-14 23:00:00+00:00,242.83,242.83,239.07,239.63,1016745.55
2025-09-15 00:00:00+00:00,239.62,242.08,239.54,240.58,729034.44
2025-09-15 01:00:00+00:00,240.58,241.7,239.0,241.01,981354.97
2025-09-15 02:00:00+00:00,241.01,242.69,240.24,241.98,880365.76
2025-09-15 03:00:00+00:00,241.99,243.3,241.89,242.51,657596.66
2025-09-15 04:00:00+00:00,242.51,243.39,241.93,242.69,721626.74
2025-09-15 05:00:00+00:00,242.7,243.88,242.46,243.83,490221.02
2025-09-15 06:00:00+00:00,243.84,243.92,239.48,240.2,1214892.28
2025-09-15 07:00:00+00:00,240.2,241.19,236.0,237.87,2162937.57
2025-09-15 08:00:00+00:00,237.87,238.0,231.81,232.01,4223870.37
2025-09-15 09:00:00+00:00,232.0,235.5,231.5,235.48,2320277.12
2025-09-15 10:00:00+00:00,235.48,236.78,233.98,236.1,1312501.86
2025-09-15 11:00:00+00:00,236.1,236.91,235.08,236.33,1035249.46
2025-09-15 12:00:00+00:00,236.32,238.05,234.29,234.71,2158609.99
2025-09-15 13:00:00+00:00,234.73,236.98,234.01,235.1,1745934.35
2025-09-15 14:00:00+00:00,235.09,235.5,232.52,233.34,1528882.96
2025-09-15 15:00:00+00:00,233.34,234.29,231.82,232.88,1562727.69
2025-09-15 16:00:00+00:00,232.88,233.6,230.51,231.3,1441723.59
2025-09-15 17:00:00+00:00,231.29,233.32,230.02,233.19,1539061.57
2025-09-15 18:00:00+00:00,233.19,233.55,232.14,233.16,733743.73
2025-09-15 19:00:00+00:00,233.16,234.58,231.84,232.9,964417.15
2025-09-15 20:00:00+00:00,232.9,234.36,232.66,234.23,390802.08
2025-09-15 21:00:00+00:00,234.24,235.35,233.59,235.09,512024.33
2025-09-15 22:00:00+00:00,235.09,235.27,233.54,233.82,511758.39
2025-09-15 23:00:00+00:00,233.82,234.41,232.9,234.18,468631.56
2025-09-16 00:00:00+00:00,234.19,234.59,232.74,233.74,686401.87
2025-09-16 01:00:00+00:00,233.73,235.64,233.71,233.85,937053.51
2025-09-16 02:00:00+00:00,233.86,234.96,233.7,233.76,354025.79
2025-09-16 03:00:00+00:00,233.76,235.73,233.74,234.99,639025.21
2025-09-16 04:00:00+00:00,234.99,235.19,232.83,234.43,745306.36
2025-09-16 05:00:00+00:00,234.42,236.49,234.29,236.44,960555.44
2025-09-16 06:00:00+00:00,236.45,236.93,234.59,235.71,938851.28
2025-09-16 07:00:00+00:00,235.71,236.3,235.2,235.68,425662.31
2025-09-16 08:00:00+00:00,235.68,236.82,235.01,235.98,635393.1
2025-09-16 09:00:00+00:00,235.98,236.24,234.71,235.18,429245.11
2025-09-16 10:00:00+00:00,235.18,235.89,234.63,235.14,480199.45
2025-09-16 11:00:00+00:00,235.13,235.84,234.68,235.29,456399.08
2025-09-16 12:00:00+00:00,235.28,235.8,234.31,235.17,549958.96
2025-09-16 13:00:00+00:00,235.16,235.53,231.3,232.98,2134260.43
2025-09-16 14:00:00+00:00,232.98,234.27,231.18,234.03,1487445.23
2025-09-16 15:00:00+00:00,234.04,237.97,232.96,237.66,1976905.25
2025-09-16 16:00:00+00:00,237.66,239.19,236.11,238.1,2444564.21
2025-09-16 17:00:00+00:00,238.1,240.87,237.71,238.02,2020109.57
2025-09-16 18:00:00+00:00,238.02,238.97,236.72,237.49,907145.72
2025-09-16 19:00:00+00:00,237.5,238.24,236.97,237.69,570971.55
2025-09-16 20:00:00+00:00,237.69,238.26,237.17,238.15,335966.52
2025-09-16 21:00:00+00:00,238.14,238.66,237.02,238.39,385168.53
2025-09-16 22:00:00+00:00,238.4,238.87,237.24,237.8,414707.37
2025-09-16 23:00:00+00:00,237.81,238.11,236.35,236.86,522252.68
2025-09-17 00:00:00+00:00,236.86,236.96,235.51,236.12,608679.21
2025-09-17 01:00:00+00:00,236.13,236.87,235.79,236.25,352132.73
2025-09-17 02:00:00+00:00,236.25,237.75,235.73,236.23,804311.67
2025-09-17 03:00:00+00:00,236.22,236.42,233.74,233.99,1174323.69
2025-09-17 04:00:00+00:00,233.99,234.63,233.31,233.67,664718.57
2025-09-17 05:00:00+00:00,233.68,235.32,233.01,234.93,937398.87
2025-09-17 06:00:00+00:00,234.93,236.58,234.6,235.96,760602.78
2025-09-17 07:00:00+00:00,235.96,238.02,235.62,237.63,946315.37
2025-09-17 08:00:00+00:00,237.62,237.64,235.0,235.74,1140619.44
2025-09-17 09:00:00+00:00,235.73,236.23,235.08,235.1,350496.15
2025-09-17 10:00:00+00:00,235.1,236.32,233.56,234.06,1177246.35
2025-09-17 11:00:00+00:00,234.06,234.61,233.8,234.1,361773.62
2025-09-17 12:00:00+00:00,234.09,235.21,233.84,234.65,474563.49
2025-09-17 13:00:00+00:00,234.65,235.89,234.04,235.36,759518.55
2025-09-17 14:00:00+00:00,235.37,235.82,233.44,233.85,859889.78
2025-09-17 15:00:00+00:00,233.86,235.07,233.55,233.79,666662.83
2025-09-17 16:00:00+00:00,233.79,234.68,232.15,233.97,1031619.02
2025-09-17 17:00:00+00:00,233.97,236.95,231.76,232.44,1729133.59
2025-09-17 18:00:00+00:00,232.44,238.38,231.53,233.55,5826296.85
2025-09-17 19:00:00+00:00,233.55,239.0,233.4,238.62,2903775.46
2025-09-17 20:00:00+00:00,238.62,241.12,237.48,237.9,1790343.0
2025-09-17 21:00:00+00:00,237.9,240.59,235.87,240.15,1300191.33
2025-09-17 22:00:00+00:00,240.15,245.64,240.15,244.79,2316027.95
2025-09-17 23:00:00+00:00,244.78,246.55,243.74,244.75,1422852.6
2025-09-18 00:00:00+00:00,244.74,246.0,244.0,244.65,901805.58
2025-09-18 01:00:00+00:00,244.65,247.41,244.41,246.2,1074053.87
2025-09-18 02:00:00+00:00,246.21,246.51,245.01,246.32,744584.56
2025-09-18 03:00:00+00:00,246.32,247.78,246.01,246.62,1078810.39
2025-09-18 04:00:00+00:00,246.62,246.96,245.43,246.14,805390.8
2025-09-18 05:00:00+00:00,246.14,246.26,244.23,244.84,644635.43
2025-09-18 06:00:00+00:00,244.85,244.98,242.48,244.19,1303495.96
2025-09-18 07:00:00+00:00,244.19,245.18,244.19,244.65,616694.3
2025-09-18 08:00:00+00:00,244.65,247.2,244.25,246.9,987561.91
2025-09-18 09:00:00+00:00,246.9,247.06,246.0,247.01,555210.49
2025-09-18 10:00:00+00:00,247.01,247.04,245.19,245.9,730645.37
2025-09-18 11:00:00+00:00,245.91,246.93,245.49,245.84,578860.37
2025-09-18 12:00:00+00:00,245.84,246.79,245.69,245.9,517575.69
2025-09-18 13:00:00+00:00,245.89,248.31,244.83,246.03,2248499.78
2025-09-18 14:00:00+00:00,246.02,248.07,245.98,247.59,1429316.76
2025-09-18 15:00:00+00:00,247.6,248.93,247.16,248.12,1273128.59
2025-09-18 16:00:00+00:00,248.11,250.22,247.48,249.77,1717200.22
2025-09-18 17:00:00+00:00,249.76,253.49,249.18,251.29,2926410.69
2025-09-18 18:00:00+00:00,251.3,251.36,249.75,250.33,816927.97
2025-09-18 19:00:00+00:00,250.34,250.4,247.25,248.25,1331178.57
2025-09-18 20:00:00+00:00,248.24,249.09,247.78,248.22,494917.17
2025-09-18 21:00:00+00:00,248.21,248.56,247.32,247.54,396448.95
2025-09-18 22:00:00+00:00,247.54,248.1,246.74,246.98,798414.79
2025-09-18 23:00:00+00:00,246.98,247.59,245.77,247.34,707313.46
2025-09-19 00:00:00+00:00,247.35,248.21,247.03,248.04,555861.2
2025-09-19 01:00:00+00:00,248.04,248.42,246.66,247.34,554834.18
2025-09-19 02:00:00+00:00,247.33,247.93,246.29,246.61,395977.56
2025-09-19 03:00:00+00:00,246.61,247.67,244.59,244.93,1036277.11
2025-09-19 04:00:00+00:00,244.93,245.36,242.76,244.91,1619519.14
2025-09-19 05:00:00+00:00,244.92,245.65,244.15,245.54,609749.1
2025-09-19 06:00:00+00:00,245.55,245.58,243.4,243.56,549458.87
2025-09-19 07:00:00+00:00,243.55,244.77,243.03,243.7,665519.35
2025-09-19 08:00:00+00:00,243.69,244.77,243.33,243.69,412640.96
2025-09-19 09:00:00+00:00,243.68,244.25,242.01,242.75,804808.29
2025-09-19 10:00:00+00:00,242.76,242.9,241.43,242.21,805893.27
2025-09-19 11:00:00+00:00,242.21,242.31,240.1,240.84,1195582.66
2025-09-19 12:00:00+00:00,240.84,242.01,240.33,240.72,810362.18
2025-09-19 13:00:00+00:00,240.72,242.18,240.51,241.97,1029984.53
2025-09-19 14:00:00+00:00,241.96,242.59,239.3,239.49,1661152.72
2025-09-19 15:00:00+00:00,239.5,239.5,235.68,237.37,3687973.28
2025-09-19 16:00:00+00:00,237.37,238.74,237.06,238.49,840215.95
2025-09-19 17:00:00+00:00,238.5,238.57,236.35,236.53,803851.38
2025-09-19 18:00:00+00:00,236.52,236.96,234.97,236.85,1145901.11
2025-09-19 19:00:00+00:00,236.86,237.8,235.73,235.85,914001.78
2025-09-19 20:00:00+00:00,235.85,237.68,235.84,236.89,579498.08
2025-09-19 21:00:00+00:00,236.89,238.3,236.33,238.26,533545.38
2025-09-19 22:00:00+00:00,238.27,238.74,238.18,238.38,279600.51
2025-09-19 23:00:00+00:00,238.39,238.41,236.67,238.4,425969.07
2025-09-20 00:00:00+00:00,238.39,239.6,238.1,239.52,582230.61
2025-09-20 01:00:00+00:00,239.52,239.9,238.25,238.25,466602.97
2025-09-20 02:00:00+00:00,238.26,238.4,237.23,238.26,521029.74
2025-09-20 03:00:00+00:00,238.27,238.28,237.63,237.96,264727.06
2025-09-20 04:00:00+00:00,237.96,238.78,237.62,238.55,298466.4
2025-09-20 05:00:00+00:00,238.56,239.37,238.33,239.3,352518.88
2025-09-20 06:00:00+00:00,239.29,239.29,238.57,238.98,240076.57
2025-09-20 07:00:00+00:00,238.98,239.68,238.83,239.64,416540.57
2025-09-20 08:00:00+00:00,239.63,239.63,237.27,237.48,461654.01
2025-09-20 09:00:00+00:00,237.47,237.95,237.0,237.08,414985.8
2025-09-20 10:00:00+00:00,237.08,237.71,236.72,237.18,367098.45
2025-09-20 11:00:00+00:00,237.18,238.31,237.18,238.03,328113.44
2025-09-20 12:00:00+00:00,238.03,238.1,237.16,237.57,243336.47
2025-09-20 13:00:00+00:00,237.57,238.0,237.24,237.33,231401.62
2025-09-20 14:00:00+00:00,237.33,238.86,236.91,238.6,466369.09
2025-09-20 15:00:00+00:00,238.6,241.13,238.6,240.0,1219468.97
2025-09-20 16:00:00+00:00,240.0,240.99,239.1,240.29,661650.38
2025-09-20 17:00:00+00:00,240.29,240.45,238.77,238.98,467819.91
2025-09-20 18:00:00+00:00,238.98,238.99,238.07,238.27,403897.23
2025-09-20 19:00:00+00:00,238.28,238.94,237.84,238.51,244152.3
2025-09-20 20:00:00+00:00,238.51,239.75,238.32,239.61,262999.44
2025-09-20 21:00:00+00:00,239.62,240.19,239.34,239.67,229368.21
2025-09-20 22:00:00+00:00,239.67,240.1,239.22,239.99,188955.02
2025-09-20 23:00:00+00:00,239.99,240.08,238.89,239.38,210844.49
2025-09-21 00:00:00+00:00,239.37,240.61,238.83,240.57,371110.99
2025-09-21 01:00:00+00:00,240.57,240.66,239.77,239.99,345079.7
2025-09-21 02:00:00+00:00,239.99,241.0,239.74,241.0,352670.11
2025-09-21 03:00:00+00:00,240.99,241.7,240.36,241.69,301277.85
2025-09-21 04:00:00+00:00,241.69,241.73,240.24,240.4,349647.13
2025-09-21 05:00:00+00:00,240.39,240.78,240.05,240.28,258439.96
2025-09-21 06:00:00+00:00,240.29,240.96,240.07,240.2,268558.35
2025-09-21 07:00:00+00:00,240.21,240.22,239.29,239.75,393485.56
2025-09-21 08:00:00+00:00,239.75,239.98,238.39,238.72,454448.88
2025-09-21 09:00:00+00:00,238.71,238.93,236.99,238.38,935609.57
2025-09-21 10:00:00+00:00,238.38,239.15,237.9,238.26,399616.25
2025-09-21 11:00:00+00:00,238.25,238.98,238.08,238.51,270533.73
2025-09-21 12:00:00+00:00,238.52,239.94,238.42,239.39,422955.33
2025-09-21 13:00:00+00:00,239.38,240.19,239.04,239.38,310286.86
2025-09-21 14:00:00+00:00,239.39,239.8,238.27,238.44,366122.02
2025-09-21 15:00:00+00:00,238.43,238.59,237.54,237.78,598118.97
2025-09-21 16:00:00+00:00,237.77,238.27,235.89,236.89,1027043.19
2025-09-21 17:00:00+00:00,236.89,237.74,236.11,237.67,445834.45
2025-09-21 18:00:00+00:00,237.67,238.0,237.06,238.0,308548.37
2025-09-21 19:00:00+00:00,238.0,238.05,236.99,237.88,267514.25
2025-09-21 20:00:00+00:00,237.88,237.9,237.11,237.53,195062.02
2025-09-21 21:00:00+00:00,237.54,237.65,236.55,237.17,186822.68
2025-09-21 22:00:00+00:00,237.17,238.0,235.22,237.79,739946.47
2025-09-21 23:00:00+00:00,237.78,237.8,235.84,236.05,454902.62
2025-09-22 00:00:00+00:00,236.04,236.87,231.15,232.13,3171987.04
2025-09-22 01:00:00+00:00,232.14,234.68,231.95,233.1,1564365.27
2025-09-22 02:00:00+00:00,233.1,233.9,230.38,231.63,1576406.96
2025-09-22 03:00:00+00:00,231.64,233.0,231.56,232.72,642550.79
2025-09-22 04:00:00+00:00,232.71,233.09,231.5,231.64,463692.56
2025-09-22 05:00:00+00:00,231.64,231.87,224.68,224.93,1771142.84
2025-09-22 06:00:00+00:00,224.93,225.29,212.29,224.29,7463660.47
2025-09-22 07:00:00+00:00,224.28,224.37,221.71,221.81,1906890.42
2025-09-22 08:00:00+00:00,221.82,222.68,220.81,221.37,1420449.68
2025-09-22 09:00:00+00:00,221.38,221.55,219.22,220.38,2051480.73
2025-09-22 10:00:00+00:00,220.39,222.53,219.78,222.24,1432736.83
2025-09-22 11:00:00+00:00,222.23,222.65,220.93,221.36,699024.1
2025-09-22 12:00:00+00:00,221.35,222.87,220.47,222.76,701064.96
2025-09-22 13:00:00+00:00,222.76,223.91,221.21,223.61,1452786.3
2025-09-22 14:00:00+00:00,223.6,223.9,220.8,221.27,1434645.26
2025-09-22 15:00:00+00:00,221.26,221.65,219.82,220.63,1233422.65
2025-09-22 16:00:00+00:00,220.63,221.4,219.07,219.62,1097693.76
2025-09-22 17:00:00+00:00,219.63,221.3,217.66,220.95,1797957.22
2025-09-22 18:00:00+00:00,220.96,221.11,219.37,219.37,555040.09
2025-09-22 19:00:00+00:00,219.38,219.49,215.98,217.03,2113421.25
2025-09-22 20:00:00+00:00,217.02,219.66,216.34,219.35,1147618.97
2025-09-22 21:00:00+00:00,219.35,220.98,218.85,220.79,595596.62
2025-09-22 22:00:00+00:00,220.78,220.78,219.6,219.72,391233.66
2025-09-22 23:00:00+00:00,219.72,220.48,219.62,220.28,315201.35
2025-09-23 00:00:00+00:00,220.28,221.28,219.29,219.59,747056.2
2025-09-23 01:00:00+00:00,219.58,219.82,216.51,216.54,971307.57
2025-09-23 02:00:00+00:00,216.54,217.78,213.8,214.03,1640351.45
2025-09-23 03:00:00+00:00,214.03,217.78,212.28,216.84,2818779.34
2025-09-23 04:00:00+00:00,216.84,217.35,213.87,215.7,1131490.65
2025-09-23 05:00:00+00:00,215.71,217.75,214.58,216.84,1021875.63
2025-09-23 06:00:00+00:00,216.83,220.26,216.81,219.1,1640769.76
2025-09-23 07:00:00+00:00,219.1,219.37,218.47,218.86,535638.29
2025-09-23 08:00:00+00:00,218.87,220.26,218.3,219.91,710438.71
2025-09-23 09:00:00+00:00,219.92,220.73,218.08,218.54,813595.91
2025-09-23 10:00:00+00:00,218.54,219.17,218.12,218.95,406697.54
2025-09-23 11:00:00+00:00,218.95,219.56,217.75,219.22,491446.86
2025-09-23 12:00:00+00:00,219.21,220.52,218.6,219.74,839699.21
2025-09-23 13:00:00+00:00,219.75,220.12,218.5,218.93,777249.15
2025-09-23 14:00:00+00:00,218.94,220.58,217.49,217.61,1352270.13
2025-09-23 15:00:00+00:00,217.61,219.8,216.86,219.17,1195700.05
2025-09-23 16:00:00+00:00,219.16,221.66,217.71,220.29,1180700.22
2025-09-23 17:00:00+00:00,220.28,220.5,215.73,216.63,1272179.56
2025-09-23 18:00:00+00:00,216.64,217.1,215.12,215.67,966563.23
2025-09-23 19:00:00+00:00,215.67,217.1,214.22,214.41,1095833.41
2025-09-23 20:00:00+00:00,214.41,215.24,213.17,215.19,1003554.46
2025-09-23 21:00:00+00:00,215.19,216.63,214.36,215.73,504520.2
2025-09-23 22:00:00+00:00,215.73,216.35,214.62,215.18,478484.23
2025-09-23 23:00:00+00:00,215.18,215.86,213.1,213.18,593210.14
2025-09-24 00:00:00+00:00,213.18,215.53,213.18,213.37,878360.11
2025-09-24 01:00:00+00:00,213.37,216.34,212.71,216.09,856602.3
2025-09-24 02:00:00+00:00,216.1,216.35,213.16,214.16,1201991.19
2025-09-24 03:00:00+00:00,214.15,214.55,207.0,208.37,4138681.89
2025-09-24 04:00:00+00:00,208.37,209.1,204.73,207.92,3910592.7
2025-09-24 05:00:00+00:00,207.93,210.45,207.7,209.66,1104943.44
2025-09-24 06:00:00+00:00,209.67,211.33,208.53,210.88,1150328.39
2025-09-24 07:00:00+00:00,210.87,210.96,209.43,210.54,829338.39
2025-09-24 08:00:00+00:00,210.54,211.13,209.91,210.79,627330.4
2025-09-24 09:00:00+00:00,210.79,211.09,209.7,210.88,476030.51
2025-09-24 10:00:00+00:00,210.87,211.4,210.02,210.8,648738.82
2025-09-24 11:00:00+00:00,210.81,212.5,210.63,212.23,1166273.51
2025-09-24 12:00:00+00:00,212.23,213.37,211.65,211.83,764542.81
2025-09-24 13:00:00+00:00,211.83,213.08,211.35,211.53,1051662.94
2025-09-24 14:00:00+00:00,211.53,216.15,211.33,215.48,1774899.01
2025-09-24 15:00:00+00:00,215.48,215.96,213.18,213.47,1605377.02
2025-09-24 16:00:00+00:00,213.47,214.37,213.08,213.75,823844.62
2025-09-24 17:00:00+00:00,213.75,215.34,213.36,215.02,604228.73
2025-09-24 18:00:00+00:00,215.02,215.06,213.17,213.78,505245.39
2025-09-24 19:00:00+00:00,213.77,214.09,212.27,213.05,661053.62
2025-09-24 20:00:00+00:00,213.05,213.1,210.59,211.98,899619.32
2025-09-24 21:00:00+00:00,211.98,212.49,210.59,211.13,362219.78
2025-09-24 22:00:00+00:00,211.14,212.19,210.79,211.6,446108.76
2025-09-24 23:00:00+00:00,211.6,212.11,211.15,211.45,362904.41
2025-09-25 00:00:00+00:00,211.44,212.33,210.13,210.59,956477.06
2025-09-25 01:00:00+00:00,210.58,211.1,207.41,208.11,1875984.25
2025-09-25 02:00:00+00:00,208.11,211.87,206.7,209.93,1806722.57
2025-09-25 03:00:00+00:00,209.92,210.0,205.84,207.16,1725650.91
2025-09-25 04:00:00+00:00,207.15,207.47,202.6,204.21,3189138.59
2025-09-25 05:00:00+00:00,204.2,205.8,203.04,205.32,1209443.94
2025-09-25 06:00:00+00:00,205.32,205.62,203.25,203.56,1080014.02
2025-09-25 07:00:00+00:00,203.56,205.13,203.2,204.1,903044.52
2025-09-25 08:00:00+00:00,204.09,205.48,203.46,204.21,877489.95
2025-09-25 09:00:00+00:00,204.21,205.8,201.4,202.11,2372052.87
2025-09-25 10:00:00+00:00,202.11,203.6,201.79,201.9,1074039.65
2025-09-25 11:00:00+00:00,201.89,202.4,200.47,201.26,1849162.03
2025-09-25 12:00:00+00:00,201.26,202.45,196.4,198.47,3899800.7
2025-09-25 13:00:00+00:00,198.47,201.55,197.48,200.72,2965156.91
2025-09-25 14:00:00+00:00,200.72,204.08,200.71,202.54,2297979.03
2025-09-25 15:00:00+00:00,202.54,203.12,200.27,201.04,1358562.27
2025-09-25 16:00:00+00:00,201.05,201.94,198.26,198.62,1791685.37
2025-09-25 17:00:00+00:00,198.61,198.88,193.43,194.79,4794434.86
2025-09-25 18:00:00+00:00,194.8,199.52,194.39,199.38,2909196.89
2025-09-25 19:00:00+00:00,199.38,200.83,197.25,198.06,1586432.34
2025-09-25 20:00:00+00:00,198.06,198.63,195.15,196.17,1093251.64
2025-09-25 21:00:00+00:00,196.17,197.3,194.64,196.25,951393.24
2025-09-25 22:00:00+00:00,196.25,197.47,193.78,194.5,908891.22
2025-09-25 23:00:00+00:00,194.51,195.96,191.12,192.6,2077341.68
2025-09-26 00:00:00+00:00,192.6,195.87,192.44,195.62,1761676.99
2025-09-26 01:00:00+00:00,195.61,197.09,195.04,195.78,1602810.85
2025-09-26 02:00:00+00:00,195.79,197.46,195.3,196.34,1058983.32
2025-09-26 03:00:00+00:00,196.35,197.25,195.02,196.39,788526.41
2025-09-26 04:00:00+00:00,196.39,197.32,194.94,195.64,695969.18
2025-09-26 05:00:00+00:00,195.63,197.2,194.28,194.98,909484.51
2025-09-26 06:00:00+00:00,194.99,196.89,193.64,195.09,1327132.8
2025-09-26 07:00:00+00:00,195.08,196.77,193.92,196.22,1252645.44
2025-09-26 08:00:00+00:00,196.22,196.91,195.68,196.07,817677.37
2025-09-26 09:00:00+00:00,196.08,196.5,193.61,194.55,957389.54
2025-09-26 10:00:00+00:00,194.54,194.62,191.68,192.01,1401543.94
2025-09-26 11:00:00+00:00,192.01,193.92,190.72,193.36,1528125.85
2025-09-26 12:00:00+00:00,193.35,198.18,192.03,196.55,2849405.12
2025-09-26 13:00:00+00:00,196.56,197.27,194.31,196.99,1836962.77
2025-09-26 14:00:00+00:00,197.0,197.21,193.18,194.31,1789092.88
2025-09-26 15:00:00+00:00,194.31,196.73,194.08,195.92,968644.34
2025-09-26 16:00:00+00:00,195.92,199.66,195.69,199.45,1827143.57
2025-09-26 17:00:00+00:00,199.45,201.99,199.03,201.25,1925784.8
2025-09-26 18:00:00+00:00,201.25,202.48,200.72,201.68,1163597.87
2025-09-26 19:00:00+00:00,201.67,201.83,198.73,200.54,1721559.93
2025-09-26 20:00:00+00:00,200.54,200.78,199.41,199.81,567738.48
2025-09-26 21:00:00+00:00,199.81,202.38,199.61,202.2,1050225.78
2025-09-26 22:00:00+00:00,202.21,203.88,201.74,203.42,1117644.54
2025-09-26 23:00:00+00:00,203.42,205.34,202.7,205.01,959234.45
2025-09-27 00:00:00+00:00,205.0,205.2,203.91,205.04,773200.28
2025-09-27 01:00:00+00:00,205.03,205.3,203.47,204.25,657009.76
2025-09-27 02:00:00+00:00,204.24,204.69,203.56,203.62,387662.65
2025-09-27 03:00:00+00:00,203.61,205.0,203.55,203.81,583769.99
2025-09-27 04:00:00+00:00,203.81,204.03,203.1,203.56,585573.43
2025-09-27 05:00:00+00:00,203.56,203.57,202.15,202.39,493537.42
2025-09-27 06:00:00+00:00,202.39,202.55,201.66,202.54,358618.92
2025-09-27 07:00:00+00:00,202.55,203.06,201.41,201.97,545929.2
2025-09-27 08:00:00+00:00,201.97,202.13,200.75,200.84,565751.67
2025-09-27 09:00:00+00:00,200.83,201.4,199.77,201.09,950562.93
2025-09-27 10:00:00+00:00,201.09,201.95,200.38,201.51,615182.24
2025-09-27 11:00:00+00:00,201.5,201.91,201.18,201.6,269439.96
2025-09-27 12:00:00+00:00,201.6,202.84,200.85,202.33,650063.69
2025-09-27 13:00:00+00:00,202.32,203.3,202.03,202.79,610101.33
2025-09-27 14:00:00+00:00,202.78,203.66,202.21,202.6,495564.89
2025-09-27 15:00:00+00:00,202.59,203.62,201.66,203.42,615221.22
2025-09-27 16:00:00+00:00,203.41,203.5,202.6,202.82,443643.56
2025-09-27 17:00:00+00:00,202.82,202.86,200.75,201.73,828971.6
2025-09-27 18:00:00+00:00,201.73,202.08,200.81,201.57,336862.94
2025-09-27 19:00:00+00:00,201.57,202.26,201.16,202.1,232701.77
2025-09-27 20:00:00+00:00,202.09,202.81,201.79,202.54,216148.15
2025-09-27 21:00:00+00:00,202.54,203.97,202.18,203.75,334220.99
2025-09-27 22:00:00+00:00,203.76,204.84,203.31,203.8,577210.24
2025-09-27 23:00:00+00:00,203.8,204.2,203.1,203.32,334991.99
2025-09-28 00:00:00+00:00,203.33,203.96,202.42,202.83,541790.93
2025-09-28 01:00:00+00:00,202.83,203.1,200.88,201.02,712801.13
2025-09-28 02:00:00+00:00,201.02,201.95,200.89,201.34,346268.88
2025-09-28 03:00:00+00:00,201.35,201.86,200.66,201.29,294934.52
2025-09-28 04:00:00+00:00,201.28,201.88,201.06,201.78,253674.64
2025-09-28 05:00:00+00:00,201.78,202.37,201.05,201.2,401142.47
2025-09-28 06:00:00+00:00,201.2,201.72,200.26,201.62,533832.68
2025-09-28 07:00:00+00:00,201.61,202.24,201.05,202.0,340502.0
2025-09-28 08:00:00+00:00,202.0,202.64,201.29,201.71,530329.32
2025-09-28 09:00:00+00:00,201.7,201.93,200.55,200.6,654052.35
2025-09-28 10:00:00+00:00,200.59,200.97,200.1,200.73,401642.68
2025-09-28 11:00:00+00:00,200.73,200.79,199.13,199.75,708634.87
2025-09-28 12:00:00+00:00,199.76,199.88,197.85,198.35,1046557.12
2025-09-28 13:00:00+00:00,198.35,201.32,198.21,201.07,913916.88
2025-09-28 14:00:00+00:00,201.07,201.88,200.31,201.75,604393.9
2025-09-28 15:00:00+00:00,201.74,203.46,201.73,203.33,954063.33
2025-09-28 16:00:00+00:00,203.33,204.68,203.13,203.95,1063575.8
2025-09-28 17:00:00+00:00,203.95,205.77,203.87,204.92,1007079.33
2025-09-28 18:00:00+00:00,204.92,206.3,204.7,206.03,616765.33
2025-09-28 19:00:00+00:00,206.04,206.58,205.32,206.09,452654.79
2025-09-28 20:00:00+00:00,206.09,207.71,205.92,206.71,902540.61
2025-09-28 21:00:00+00:00,206.72,207.24,206.41,207.14,386821.07
2025-09-28 22:00:00+00:00,207.14,209.89,207.14,209.42,1397448.43
2025-09-28 23:00:00+00:00,209.43,210.88,209.43,210.7,869924.99
2025-09-29 00:00:00+00:00,210.7,210.79,208.93,209.12,919663.77
2025-09-29 01:00:00+00:00,209.12,209.87,208.71,209.35,667057.45
2025-09-29 02:00:00+00:00,209.34,210.75,208.84,209.61,814416.53
2025-09-29 03:00:00+00:00,209.62,210.27,209.0,210.19,472956.14
2025-09-29 04:00:00+00:00,210.19,210.6,209.75,209.97,489197.41
2025-09-29 05:00:00+00:00,209.97,210.11,208.67,209.04,590440.75
2025-09-29 06:00:00+00:00,209.03,209.11,207.71,208.06,718996.45
2025-09-29 07:00:00+00:00,208.06,209.2,207.26,208.85,732265.99
2025-09-29 08:00:00+00:00,208.85,209.6,208.15,208.79,646988.21
2025-09-29 09:00:00+00:00,208.79,209.03,207.75,208.12,493385.53
2025-09-29 10:00:00+00:00,208.11,208.25,206.31,206.52,674985.09
2025-09-29 11:00:00+00:00,206.51,207.37,205.89,206.98,888817.71
2025-09-29 12:00:00+00:00,206.97,207.93,205.06,205.22,1276322.01
2025-09-29 13:00:00+00:00,205.22,209.39,204.46,208.7,2753462.94
2025-09-29 14:00:00+00:00,208.71,212.79,208.52,212.24,2660202.94
2025-09-29 15:00:00+00:00,212.24,213.4,209.66,209.96,1779997.51
2025-09-29 16:00:00+00:00,209.97,211.48,208.19,208.6,1049485.53
2025-09-29 17:00:00+00:00,208.59,210.2,207.51,210.03,1235336.16
2025-09-29 18:00:00+00:00,210.02,210.63,208.95,210.61,545075.57
2025-09-29 19:00:00+00:00,210.62,213.39,210.27,212.82,938860.17
2025-09-29 20:00:00+00:00,212.82,214.41,212.34,214.29,1102514.96
2025-09-29 21:00:00+00:00,214.28,214.68,213.54,214.06,505192.67
2025-09-29 22:00:00+00:00,214.06,214.2,212.93,213.48,616381.98
2025-09-29 23:00:00+00:00,213.47,213.87,212.31,212.59,615325.48
2025-09-30 00:00:00+00:00,212.59,213.52,211.07,211.17,1303877.44
2025-09-30 01:00:00+00:00,211.16,212.84,209.63,210.43,1706490.78
2025-09-30 02:00:00+00:00,210.43,211.09,209.81,210.38,696867.28
2025-09-30 03:00:00+00:00,210.38,211.33,209.96,210.54,359654.71
2025-09-30 04:00:00+00:00,210.54,211.57,210.06,210.09,375360.25
2025-09-30 05:00:00+00:00,210.08,210.62,208.79,209.85,700198.51
2025-09-30 06:00:00+00:00,209.86,210.78,209.36,210.19,463163.92
2025-09-30 07:00:00+00:00,210.19,210.68,208.4,208.9,613464.13
2025-09-30 08:00:00+00:00,208.9,208.9,207.57,207.68,686129.5
2025-09-30 09:00:00+00:00,207.68,207.84,205.48,205.8,1251919.78
2025-09-30 10:00:00+00:00,205.79,206.91,205.44,206.45,907809.13
2025-09-30 11:00:00+00:00,206.45,207.14,205.77,206.93,862642.91
2025-09-30 12:00:00+00:00,206.93,207.34,205.81,206.06,757142.42
2025-09-30 13:00:00+00:00,206.06,209.58,205.54,207.59,2023661.54
2025-09-30 14:00:00+00:00,207.58,208.79,205.96,208.69,1262181.91
2025-09-30 15:00:00+00:00,208.68,208.69,204.39,205.92,1564726.97
2025-09-30 16:00:00+00:00,205.91,206.23,204.17,205.04,1024309.67
2025-09-30 17:00:00+00:00,205.04,206.23,204.63,205.56,761371.13
2025-09-30 18:00:00+00:00,205.57,207.75,205.23,207.46,634198.75
2025-09-30 19:00:00+00:00,207.47,209.12,207.02,208.81,892165.7
2025-09-30 20:00:00+00:00,208.81,210.14,208.07,209.77,635831.11
2025-09-30 21:00:00+00:00,209.78,210.89,209.14,209.53,1022032.62
2025-09-30 22:00:00+00:00,209.53,210.87,207.72,207.99,891916.57
2025-09-30 23:00:00+00:00,207.99,208.85,207.31,208.6,619691.3
2025-10-01 00:00:00+00:00,208.61,209.34,206.31,207.45,788542.43
2025-10-01 01:00:00+00:00,207.46,210.66,207.05,210.52,1035811.67
2025-10-01 02:00:00+00:00,210.52,210.83,209.08,209.13,649897.95
2025-10-01 03:00:00+00:00,209.12,209.54,206.52,206.64,903492.6
2025-10-01 04:00:00+00:00,206.63,209.44,206.26,208.43,1001533.86
2025-10-01 05:00:00+00:00,208.44,209.94,208.38,208.89,500744.19
2025-10-01 06:00:00+00:00,208.89,209.43,207.74,207.88,670071.21
2025-10-01 07:00:00+00:00,207.88,210.26,207.75,210.06,635826.8
2025-10-01 08:00:00+00:00,210.05,217.5,209.75,216.49,3614995.99
2025-10-01 09:00:00+00:00,216.49,217.89,215.7,217.48,1834274.92
2025-10-01 10:00:00+00:00,217.48,217.67,216.01,216.53,1003449.83
2025-10-01 11:00:00+00:00,216.52,217.77,216.49,217.64,785358.05
2025-10-01 12:00:00+00:00,217.64,219.3,217.05,218.4,1556847.47
2025-10-01 13:00:00+00:00,218.4,219.84,218.21,219.21,1428654.43
2025-10-01 14:00:00+00:00,219.21,220.54,218.71,219.38,1685943.27
2025-10-01 15:00:00+00:00,219.39,220.16,218.61,220.13,1013575.6
2025-10-01 16:00:00+00:00,220.13,220.89,218.79,219.0,1133637.78
2025-10-01 17:00:00+00:00,219.0,219.66,217.26,217.33,1213006.8
2025-10-01 18:00:00+00:00,217.34,219.59,217.33,219.03,677338.49
2025-10-01 19:00:00+00:00,219.04,220.38,218.91,219.96,610153.59
2025-10-01 20:00:00+00:00,219.96,220.18,219.13,219.41,477899.23
2025-10-01 21:00:00+00:00,219.41,219.41,218.34,218.95,394847.65
2025-10-01 22:00:00+00:00,218.94,219.89,218.93,219.45,358771.83
2025-10-01 23:00:00+00:00,219.44,222.69,219.33,221.91,969055.49
2025-10-02 00:00:00+00:00,221.92,222.32,219.58,219.69,1470068.02
2025-10-02 01:00:00+00:00,219.69,222.91,219.38,222.68,832594.5
2025-10-02 02:00:00+00:00,222.68,224.0,221.26,223.13,1214191.51
2025-10-02 03:00:00+00:00,223.14,224.97,222.72,223.65,1025041.37
2025-10-02 04:00:00+00:00,223.65,224.84,222.51,223.67,875999.27
2025-10-02 05:00:00+00:00,223.67,226.89,223.67,224.01,1165344.82
2025-10-02 06:00:00+00:00,224.01,225.72,223.41,224.82,878498.93
2025-10-02 07:00:00+00:00,224.81,225.15,222.3,222.81,748155.67
2025-10-02 08:00:00+00:00,222.82,224.61,222.56,224.6,556620.52
2025-10-02 09:00:00+00:00,224.6,225.62,223.84,225.03,618205.36
2025-10-02 10:00:00+00:00,225.02,225.67,224.68,224.97,462218.01
2025-10-02 11:00:00+00:00,224.98,226.5,224.61,225.11,733420.82
2025-10-02 12:00:00+00:00,225.12,227.34,224.84,227.14,967179.88
2025-10-02 13:00:00+00:00,227.14,227.3,224.51,226.38,1639485.21
2025-10-02 14:00:00+00:00,226.38,226.59,223.0,223.5,1534676.65
2025-10-02 15:00:00+00:00,223.5,227.2,222.53,227.1,1894630.68
2025-10-02 16:00:00+00:00,227.09,229.2,226.11,227.86,1795779.45
2025-10-02 17:00:00+00:00,227.85,230.3,227.24,229.66,1166249.33
2025-10-02 18:00:00+00:00,229.67,233.08,229.6,232.19,1578448.39
2025-10-02 19:00:00+00:00,232.18,233.62,231.39,232.12,1439365.68
2025-10-02 20:00:00+00:00,232.11,232.5,230.67,232.48,881058.7
2025-10-02 21:00:00+00:00,232.48,233.86,232.27,232.47,722914.33
2025-10-02 22:00:00+00:00,232.48,233.78,231.92,232.94,949313.43
2025-10-02 23:00:00+00:00,232.95,234.91,232.8,234.6,1013516.0
2025-10-03 00:00:00+00:00,234.61,234.68,231.74,231.78,909664.29
2025-10-03 01:00:00+00:00,231.79,232.65,230.4,230.86,909197.89
2025-10-03 02:00:00+00:00,230.86,233.34,230.7,233.19,725360.84
2025-10-03 03:00:00+00:00,233.18,234.77,231.91,232.14,953411.98
2025-10-03 04:00:00+00:00,232.15,233.14,231.0,231.96,667696.84
2025-10-03 05:00:00+00:00,231.96,232.08,230.21,231.08,663415.69
2025-10-03 06:00:00+00:00,231.08,231.45,227.42,229.25,1106707.46
2025-10-03 07:00:00+00:00,229.25,229.64,228.5,229.33,891231.03
2025-10-03 08:00:00+00:00,229.33,231.15,227.75,230.92,1216642.16
2025-10-03 09:00:00+00:00,230.92,231.7,230.55,230.81,870397.62
2025-10-03 10:00:00+00:00,230.82,231.59,230.27,231.15,524336.11
2025-10-03 11:00:00+00:00,231.16,231.22,229.44,230.68,666199.51
2025-10-03 12:00:00+00:00,230.69,231.15,229.59,229.96,581522.72
2025-10-03 13:00:00+00:00,229.95,230.97,228.53,229.62,1275279.16
2025-10-03 14:00:00+00:00,229.62,230.99,227.0,230.39,1844176.66
2025-10-03 15:00:00+00:00,230.38,234.88,229.39,234.67,2119627.79
2025-10-03 16:00:00+00:00,234.67,236.88,233.61,233.81,2916032.02
2025-10-03 17:00:00+00:00,233.8,233.92,227.72,229.99,3763642.42
2025-10-03 18:00:00+00:00,229.99,233.55,228.98,233.54,1518707.14
2025-10-03 19:00:00+00:00,233.53,235.44,232.67,233.1,1107156.92
2025-10-03 20:00:00+00:00,233.1,233.34,230.62,232.92,883023.07
2025-10-03 21:00:00+00:00,232.92,233.32,231.79,232.55,352876.8
2025-10-03 22:00:00+00:00,232.54,233.9,232.53,233.11,432384.66
2025-10-03 23:00:00+00:00,233.11,233.38,232.28,232.74,309591.91
2025-10-04 00:00:00+00:00,232.74,233.98,231.41,231.89,748857.64
2025-10-04 01:00:00+00:00,231.89,232.03,229.49,230.23,793041.13
2025-10-04 02:00:00+00:00,230.23,231.0,228.17,229.75,1124833.71
2025-10-04 03:00:00+00:00,229.75,229.94,227.76,229.11,1028104.91
2025-10-04 04:00:00+00:00,229.11,229.79,228.85,229.44,379759.88
2025-10-04 05:00:00+00:00,229.44,230.19,229.03,229.85,454703.04
2025-10-04 06:00:00+00:00,229.84,230.43,229.5,229.73,489414.9
2025-10-04 07:00:00+00:00,229.74,229.79,228.63,229.0,335925.43
2025-10-04 08:00:00+00:00,229.0,229.36,228.08,228.77,591847.24
2025-10-04 09:00:00+00:00,228.77,229.36,228.17,228.35,329999.62
2025-10-04 10:00:00+00:00,228.35,229.81,228.2,229.03,450326.31
2025-10-04 11:00:00+00:00,229.03,229.5,228.52,229.08,279971.29
2025-10-04 12:00:00+00:00,229.08,229.35,227.8,228.03,393318.31
2025-10-04 13:00:00+00:00,228.02,229.72,227.79,228.68,548159.83
2025-10-04 14:00:00+00:00,228.67,229.4,226.43,226.72,820857.05
2025-10-04 15:00:00+00:00,226.71,227.37,224.0,224.78,2362680.44
2025-10-04 16:00:00+00:00,224.8,225.6,224.06,225.57,1165552.24
2025-10-04 17:00:00+00:00,225.57,226.91,225.34,226.46,687721.38
2025-10-04 18:00:00+00:00,226.47,226.88,225.72,225.96,341464.95
2025-10-04 19:00:00+00:00,225.96,226.81,225.88,226.8,291879.02
2025-10-04 20:00:00+00:00,226.8,227.88,226.8,227.2,464493.54
2025-10-04 21:00:00+00:00,227.21,228.19,227.14,227.15,387684.0
2025-10-04 22:00:00+00:00,227.14,227.88,226.78,227.6,281424.65
2025-10-04 23:00:00+00:00,227.61,228.11,226.95,227.72,233631.22
2025-10-05 00:00:00+00:00,227.72,228.15,226.38,226.7,436652.19
2025-10-05 01:00:00+00:00,226.71,227.73,226.46,227.63,316330.88
2025-10-05 02:00:00+00:00,227.63,231.36,227.19,231.04,2010218.69
2025-10-05 03:00:00+00:00,231.04,232.19,230.04,230.8,1259878.18
2025-10-05 04:00:00+00:00,230.79,234.89,230.79,233.72,1536734.16
2025-10-05 05:00:00+00:00,233.72,234.88,233.23,234.43,1079565.13
2025-10-05 06:00:00+00:00,234.44,235.87,234.36,235.07,1196154.15
2025-10-05 07:00:00+00:00,235.08,236.9,234.96,236.48,1395075.22
2025-10-05 08:00:00+00:00,236.49,237.24,234.93,235.07,893279.18
2025-10-05 09:00:00+00:00,235.07,235.7,232.0,233.32,1747588.45
2025-10-05 10:00:00+00:00,233.32,233.5,230.62,231.9,1483703.22
2025-10-05 11:00:00+00:00,231.9,232.75,230.66,232.52,896985.3
2025-10-05 12:00:00+00:00,232.52,232.54,230.58,231.2,755381.6
2025-10-05 13:00:00+00:00,231.19,231.92,230.25,231.54,643343.41
2025-10-05 14:00:00+00:00,231.54,231.92,228.21,229.98,1074078.03
2025-10-05 15:00:00+00:00,229.98,230.79,229.64,230.02,506128.66
2025-10-05 16:00:00+00:00,230.03,231.18,228.68,230.99,758126.26
2025-10-05 17:00:00+00:00,230.99,231.35,229.18,229.57,556433.06
2025-10-05 18:00:00+00:00,229.57,229.78,227.19,228.85,1172666.9
2025-10-05 19:00:00+00:00,228.84,228.87,226.58,226.96,711426.13
2025-10-05 20:00:00+00:00,226.96,228.89,226.57,227.88,577757.95
2025-10-05 21:00:00+00:00,227.88,228.68,227.36,228.57,268450.08
2025-10-05 22:00:00+00:00,228.58,229.15,226.93,228.18,509894.98
2025-10-05 23:00:00+00:00,228.18,229.02,227.96,228.45,510658.42
2025-10-06 00:00:00+00:00,228.45,230.21,227.4,228.57,1259300.46
2025-10-06 01:00:00+00:00,228.57,231.71,227.62,231.29,1220834.06
2025-10-06 02:00:00+00:00,231.29,232.98,229.63,232.25,1123453.71
2025-10-06 03:00:00+00:00,232.25,233.19,231.6,232.12,578047.61
2025-10-06 04:00:00+00:00,232.12,232.25,230.48,230.56,671427.56
2025-10-06 05:00:00+00:00,230.55,232.38,230.05,232.21,515038.18
2025-10-06 06:00:00+00:00,232.2,234.77,232.2,233.82,1200138.67
2025-10-06 07:00:00+00:00,233.82,234.15,230.51,231.23,1075369.27
2025-10-06 08:00:00+00:00,231.24,233.82,231.24,233.57,736845.84
2025-10-06 09:00:00+00:00,233.57,234.05,232.69,233.37,556650.59
2025-10-06 10:00:00+00:00,233.37,233.64,232.18,232.54,503795.57
2025-10-06 11:00:00+00:00,232.54,233.77,231.64,232.89,754283.61
2025-10-06 12:00:00+00:00,232.9,234.33,232.81,233.98,767999.41
2025-10-06 13:00:00+00:00,233.97,235.06,232.55,234.64,1507114.81
2025-10-06 14:00:00+00:00,234.64,235.65,232.65,233.24,1380012.92
2025-10-06 15:00:00+00:00,233.23,236.62,233.18,235.56,1487477.4
2025-10-06 16:00:00+00:00,235.55,236.19,233.95,235.6,904822.67
2025-10-06 17:00:00+00:00,235.59,237.74,235.33,236.31,1309132.15
2025-10-06 18:00:00+00:00,236.31,237.05,234.7,236.68,863343.95
2025-10-06 19:00:00+00:00,236.69,236.9,234.56,235.22,754693.69
2025-10-06 20:00:00+00:00,235.23,236.03,232.96,233.45,1192510.08
2025-10-06 21:00:00+00:00,233.46,234.31,232.66,234.13,566562.15
2025-10-06 22:00:00+00:00,234.13,234.91,233.81,234.52,487959.3
2025-10-06 23:00:00+00:00,234.52,234.67,231.32,232.27,857544.91
2025-10-07 00:00:00+00:00,232.27,232.92,231.05,232.38,824261.91
2025-10-07 01:00:00+00:00,232.38,233.01,230.79,232.58,746197.66
2025-10-07 02:00:00+00:00,232.59,233.76,231.9,233.32,558107.96
2025-10-07 03:00:00+00:00,233.33,233.88,232.79,233.81,379444.04
2025-10-07 04:00:00+00:00,233.81,235.17,232.87,234.71,728658.87
2025-10-07 05:00:00+00:00,234.72,234.95,233.04,233.37,717322.76
2025-10-07 06:00:00+00:00,233.37,233.54,229.13,230.28,1769779.46
2025-10-07 07:00:00+00:00,230.28,230.96,229.35,230.88,773967.63
2025-10-07 08:00:00+00:00,230.88,230.89,228.1,229.86,1618932.36
2025-10-07 09:00:00+00:00,229.85,230.44,229.55,230.2,505088.79
2025-10-07 10:00:00+00:00,230.19,231.53,229.58,230.69,564319.87
2025-10-07 11:00:00+00:00,230.69,231.04,229.92,230.31,504271.13
2025-10-07 12:00:00+00:00,230.31,231.39,229.11,231.37,865528.98
2025-10-07 13:00:00+00:00,231.38,231.5,226.12,227.82,2663898.22
2025-10-07 14:00:00+00:00,227.81,228.01,224.34,225.19,2997508.39
2025-10-07 15:00:00+00:00,225.19,225.79,221.27,223.65,3963649.99
2025-10-07 16:00:00+00:00,223.66,225.17,221.76,224.28,2369622.79
2025-10-07 17:00:00+00:00,224.28,224.73,222.47,222.57,893801.15
2025-10-07 18:00:00+00:00,222.58,223.17,221.23,221.36,962412.08
2025-10-07 19:00:00+00:00,221.35,222.72,220.5,221.55,1020989.21
2025-10-07 20:00:00+00:00,221.55,224.05,221.38,223.35,769565.06
2025-10-07 21:00:00+00:00,223.34,224.12,222.26,222.99,448914.14
2025-10-07 22:00:00+00:00,223.0,223.55,221.86,222.37,400872.26
2025-10-07 23:00:00+00:00,222.38,222.42,219.57,219.84,1102742.56
2025-10-08 00:00:00+00:00,219.84,221.68,217.82,220.87,1420848.52
2025-10-08 01:00:00+00:00,220.88,222.21,220.35,221.93,512913.58
2025-10-08 02:00:00+00:00,221.93,222.69,221.03,221.46,537938.15
2025-10-08 03:00:00+00:00,221.46,221.47,217.82,218.2,1058044.62
2025-10-08 04:00:00+00:00,218.2,220.44,217.2,220.29,940576.11
2025-10-08 05:00:00+00:00,220.29,220.3,218.27,219.41,615066.08
2025-10-08 06:00:00+00:00,219.41,220.35,218.5,220.16,493425.34
2025-10-08 07:00:00+00:00,220.16,220.88,219.32,220.85,443168.82
2025-10-08 08:00:00+00:00,220.85,222.52,220.7,221.48,936583.55
2025-10-08 09:00:00+00:00,221.48,221.98,220.6,221.31,561432.85
2025-10-08 10:00:00+00:00,221.31,222.08,220.89,221.99,484542.77
2025-10-08 11:00:00+00:00,222.0,222.43,220.51,221.04,569612.92
2025-10-08 12:00:00+00:00,221.04,222.46,220.96,222.18,628893.18
2025-10-08 13:00:00+00:00,222.18,222.64,218.72,221.35,1240532.6
2025-10-08 14:00:00+00:00,221.34,224.09,219.33,219.96,2054186.95
2025-10-08 15:00:00+00:00,219.96,222.75,219.77,221.08,936269.57
2025-10-08 16:00:00+00:00,221.09,223.61,220.57,223.44,744487.34
2025-10-08 17:00:00+00:00,223.43,227.56,223.24,226.75,1963136.59
2025-10-08 18:00:00+00:00,226.75,229.69,226.26,228.59,2225787.42
2025-10-08 19:00:00+00:00,228.59,229.51,227.43,229.23,899970.13
2025-10-08 20:00:00+00:00,229.22,229.61,227.37,227.63,770412.0
2025-10-08 21:00:00+00:00,227.62,229.06,227.35,228.4,391937.4
2025-10-08 22:00:00+00:00,228.39,229.64,228.38,228.53,448965.73
2025-10-08 23:00:00+00:00,228.54,229.3,227.81,228.95,375843.81
2025-10-09 00:00:00+00:00,228.96,229.61,227.92,228.26,624449.41
2025-10-09 01:00:00+00:00,228.25,228.61,225.86,228.37,1205884.08
2025-10-09 02:00:00+00:00,228.37,228.68,223.76,224.35,1460060.48
2025-10-09 03:00:00+00:00,224.34,226.41,224.32,226.1,774809.27
2025-10-09 04:00:00+00:00,226.1,227.48,225.34,227.4,526388.05
2025-10-09 05:00:00+00:00,227.4,228.67,226.62,227.72,799639.07
2025-10-09 06:00:00+00:00,227.73,228.33,226.2,226.45,697310.68
2025-10-09 07:00:00+00:00,226.44,226.8,224.04,224.38,1085160.15
2025-10-09 08:00:00+00:00,224.39,224.72,219.25,219.88,2791142.7
2025-10-09 09:00:00+00:00,219.88,222.05,219.76,221.86,1206965.35
2025-10-09 10:00:00+00:00,221.87,222.83,220.82,222.15,697809.57
2025-10-09 11:00:00+00:00,222.14,223.87,222.13,223.0,749385.24
2025-10-09 12:00:00+00:00,223.0,226.2,222.78,225.83,1237310.58
2025-10-09 13:00:00+00:00,225.83,226.08,221.7,222.18,1998188.1
2025-10-09 14:00:00+00:00,222.18,223.21,219.26,220.77,2391990.83
2025-10-09 15:00:00+00:00,220.78,222.11,218.56,219.01,1768414.11
2025-10-09 16:00:00+00:00,219.01,220.06,216.17,217.16,1890365.59
2025-10-09 17:00:00+00:00,217.15,219.49,216.61,219.21,1182534.92
2025-10-09 18:00:00+00:00,219.21,219.43,217.06,217.43,763138.82
2025-10-09 19:00:00+00:00,217.44,218.85,217.28,218.18,685814.61
2025-10-09 20:00:00+00:00,218.18,219.14,217.46,218.82,567320.6
2025-10-09 21:00:00+00:00,218.82,220.34,218.41,220.15,569860.71
2025-10-09 22:00:00+00:00,220.16,221.55,219.76,221.11,495365.81
2025-10-09 23:00:00+00:00,221.11,221.19,219.72,220.8,455534.75
2025-10-10 00:00:00+00:00,220.81,221.94,220.64,221.11,526406.03
2025-10-10 01:00:00+00:00,221.11,221.99,220.39,220.88,490158.31
2025-10-10 02:00:00+00:00,220.88,221.8,219.78,220.25,672391.5
2025-10-10 03:00:00+00:00,220.25,222.79,219.42,221.54,960983.9
2025-10-10 04:00:00+00:00,221.54,222.79,220.77,221.11,694064.46
2025-10-10 05:00:00+00:00,221.11,221.69,219.92,221.57,605563.51
2025-10-10 06:00:00+00:00,221.56,222.34,219.15,219.25,658689.65
2025-10-10 07:00:00+00:00,219.25,219.47,217.77,217.98,951429.45
2025-10-10 08:00:00+00:00,217.99,219.96,217.24,219.92,838681.29
2025-10-10 09:00:00+00:00,219.92,220.63,218.82,218.83,692532.12
2025-10-10 10:00:00+00:00,218.82,220.53,218.6,220.29,465233.95
2025-10-10 11:00:00+00:00,220.29,221.48,220.18,221.06,698690.02
2025-10-10 12:00:00+00:00,221.06,221.71,220.64,221.67,449667.18
2025-10-10 13:00:00+00:00,221.66,224.35,221.41,223.31,1705294.42
2025-10-10 14:00:00+00:00,223.32,224.32,219.57,219.69,1983418.65
2025-10-10 15:00:00+00:00,219.69,220.02,208.74,210.58,8845760.68
2025-10-10 16:00:00+00:00,210.57,212.85,209.87,211.11,2505839.86
2025-10-10 17:00:00+00:00,211.11,211.38,208.64,209.55,1621256.73
2025-10-10 18:00:00+00:00,209.55,209.95,207.31,207.36,1557351.06
2025-10-10 19:00:00+00:00,207.36,208.1,203.14,205.16,3473645.65
2025-10-10 20:00:00+00:00,205.16,207.61,192.72,196.88,4444828.13
2025-10-10 21:00:00+00:00,196.85,203.84,141.28,190.7,18688389.1
2025-10-10 22:00:00+00:00,190.69,191.41,182.55,188.46,5502513.51
2025-10-10 23:00:00+00:00,188.46,192.97,186.33,187.65,3303671.98
2025-10-11 00:00:00+00:00,187.66,190.24,184.14,187.68,2529686.59
2025-10-11 01:00:00+00:00,187.68,187.92,182.0,182.77,2282051.18
2025-10-11 02:00:00+00:00,182.78,190.64,182.6,188.13,2114423.36
2025-10-11 03:00:00+00:00,188.13,188.72,182.0,184.0,1979460.21
2025-10-11 04:00:00+00:00,184.01,186.24,183.35,185.63,1354552.82
2025-10-11 05:00:00+00:00,185.62,185.89,179.21,181.78,1809084.55
2025-10-11 06:00:00+00:00,181.78,185.63,181.58,182.76,1485131.67
2025-10-11 07:00:00+00:00,182.77,183.58,181.34,182.57,1644747.19
2025-10-11 08:00:00+00:00,182.57,186.95,181.72,186.17,1652772.36
2025-10-11 09:00:00+00:00,186.17,187.8,183.63,184.02,1640412.03
2025-10-11 10:00:00+00:00,184.02,185.55,182.5,183.48,1278114.68
2025-10-11 11:00:00+00:00,183.48,183.79,181.21,183.34,1163360.11
2025-10-11 12:00:00+00:00,183.33,184.31,181.13,182.66,1303743.21
2025-10-11 13:00:00+00:00,182.65,184.14,180.18,183.83,1954857.55
2025-10-11 14:00:00+00:00,183.83,184.36,181.25,182.35,1169001.8
2025-10-11 15:00:00+00:00,182.36,184.85,182.26,183.59,1209187.46
2025-10-11 16:00:00+00:00,183.58,184.47,181.53,182.44,1221798.84
2025-10-11 17:00:00+00:00,182.44,184.5,182.21,182.86,920677.81
2025-10-11 18:00:00+00:00,182.87,182.92,182.09,182.4,566097.71
2025-10-11 19:00:00+00:00,182.4,182.47,176.18,177.25,2544988.84
2025-10-11 20:00:00+00:00,177.26,177.83,173.7,175.3,2177602.11
2025-10-11 21:00:00+00:00,175.3,177.3,172.32,176.58,1887055.18
2025-10-11 22:00:00+00:00,176.58,177.8,175.54,176.99,1029727.38
2025-10-11 23:00:00+00:00,177.0,178.42,176.37,177.22,1120876.07
2025-10-12 00:00:00+00:00,177.23,177.36,172.6,172.93,1449587.38
2025-10-12 01:00:00+00:00,172.93,175.12,172.79,173.7,1208690.05
2025-10-12 02:00:00+00:00,173.71,176.3,173.11,174.52,1425210.55
2025-10-12 03:00:00+00:00,174.52,178.37,174.08,176.79,1699264.31
2025-10-12 04:00:00+00:00,176.79,180.47,176.32,179.71,1703384.97
2025-10-12 05:00:00+00:00,179.72,181.7,179.19,181.05,2169871.05
2025-10-12 06:00:00+00:00,181.05,182.38,180.45,182.28,1815521.78
2025-10-12 07:00:00+00:00,182.28,182.81,181.18,182.31,1836719.78
2025-10-12 08:00:00+00:00,182.31,182.48,181.11,181.53,1501528.03
2025-10-12 09:00:00+00:00,181.54,181.99,180.05,181.75,1772275.28
2025-10-12 10:00:00+00:00,181.76,182.5,180.36,180.46,1535092.86
2025-10-12 11:00:00+00:00,180.46,181.71,180.26,180.75,1509211.04
2025-10-12 12:00:00+00:00,180.75,183.0,180.56,181.52,2195406.01
2025-10-12 13:00:00+00:00,181.53,181.65,178.02,179.03,2790644.26
2025-10-12 14:00:00+00:00,179.04,188.82,178.91,186.16,5547442.0
2025-10-12 15:00:00+00:00,186.16,191.61,185.37,190.96,5479893.93
2025-10-12 16:00:00+00:00,190.96,195.36,190.96,193.51,5025328.84
2025-10-12 17:00:00+00:00,193.51,195.77,192.97,194.22,1780147.66
2025-10-12 18:00:00+00:00,194.23,195.25,191.43,193.5,1350437.89
2025-10-12 19:00:00+00:00,193.5,196.36,193.14,195.66,1071907.34
2025-10-12 20:00:00+00:00,195.66,198.83,195.12,196.56,1421578.34
2025-10-12 21:00:00+00:00,196.55,197.83,192.86,195.44,1807186.74
2025-10-12 22:00:00+00:00,195.43,197.91,195.31,197.29,1623015.9
2025-10-12 23:00:00+00:00,197.28,197.33,195.01,196.88,1093913.68
2025-10-13 00:00:00+00:00,196.88,199.14,195.58,197.09,1766510.3
2025-10-13 01:00:00+00:00,197.08,199.4,195.83,199.29,1203741.01
2025-10-13 02:00:00+00:00,199.29,199.88,195.44,196.24,2100645.14
2025-10-13 03:00:00+00:00,196.24,196.95,194.12,194.63,2035126.79
2025-10-13 04:00:00+00:00,194.63,196.33,194.07,196.08,1564801.94
2025-10-13 05:00:00+00:00,196.07,196.18,193.55,193.95,1753271.68
2025-10-13 06:00:00+00:00,193.94,197.3,192.75,196.97,2077811.25
2025-10-13 07:00:00+00:00,196.96,199.44,195.78,196.62,2491135.98
2025-10-13 08:00:00+00:00,196.62,198.5,195.98,198.07,1716114.22
2025-10-13 09:00:00+00:00,198.06,198.06,196.5,196.87,1482242.25
2025-10-13 10:00:00+00:00,196.88,196.93,194.75,195.31,1786646.12
2025-10-13 11:00:00+00:00,195.3,195.44,190.0,192.48,3909492.15
2025-10-13 12:00:00+00:00,192.47,194.36,191.26,191.76,2659226.88
2025-10-13 13:00:00+00:00,191.76,196.89,191.21,196.09,4439433.41
2025-10-13 14:00:00+00:00,196.09,196.69,192.32,193.25,3529186.24
2025-10-13 15:00:00+00:00,193.26,197.6,193.11,196.32,2803640.76
2025-10-13 16:00:00+00:00,196.32,200.29,196.12,200.0,4013084.16
2025-10-13 17:00:00+00:00,199.99,205.91,199.92,204.93,3584688.02
2025-10-13 18:00:00+00:00,204.94,206.59,203.84,205.83,2972767.49
2025-10-13 19:00:00+00:00,205.83,208.65,205.44,206.99,2163330.24
2025-10-13 20:00:00+00:00,206.99,208.69,206.68,208.46,1230247.16
2025-10-13 21:00:00+00:00,208.46,209.0,207.6,207.89,840471.05
2025-10-13 22:00:00+00:00,207.89,209.22,207.54,208.32,1029348.72
2025-10-13 23:00:00+00:00,208.31,209.11,207.17,208.57,920865.47
2025-10-14 00:00:00+00:00,208.58,211.29,207.94,209.19,1904272.93
2025-10-14 01:00:00+00:00,209.18,210.05,207.71,208.32,1588642.93
2025-10-14 02:00:00+00:00,208.32,208.5,205.7,206.21,2092272.53
2025-10-14 03:00:00+00:00,206.2,206.87,204.85,205.62,1792682.17
2025-10-14 04:00:00+00:00,205.61,205.76,201.0,202.03,2394564.64
2025-10-14 05:00:00+00:00,202.04,203.77,198.89,199.62,2827017.11
2025-10-14 06:00:00+00:00,199.62,200.7,192.0,195.25,4519370.82
2025-10-14 07:00:00+00:00,195.24,197.17,193.23,194.34,3289154.07
2025-10-14 08:00:00+00:00,194.35,196.92,193.06,196.04,2787284.56
2025-10-14 09:00:00+00:00,196.03,197.43,193.96,194.73,1932579.53
2025-10-14 10:00:00+00:00,194.73,194.77,190.95,194.13,2744038.59
2025-10-14 11:00:00+00:00,194.13,197.0,193.9,195.22,1659867.5
2025-10-14 12:00:00+00:00,195.22,195.28,192.3,193.25,1808463.31
2025-10-14 13:00:00+00:00,193.25,195.6,191.4,194.94,2936029.66
2025-10-14 14:00:00+00:00,194.94,198.73,194.27,195.76,3366521.39
2025-10-14 15:00:00+00:00,195.76,202.52,194.4,202.06,2808555.66
2025-10-14 16:00:00+00:00,202.06,206.44,199.8,202.39,3925472.72
2025-10-14 17:00:00+00:00,202.38,204.54,199.03,201.58,2688821.28
2025-10-14 18:00:00+00:00,201.58,204.07,200.38,201.38,1228029.94
2025-10-14 19:00:00+00:00,201.39,203.63,196.93,198.41,2912787.26
2025-10-14 20:00:00+00:00,198.41,200.52,198.02,200.51,875759.48
2025-10-14 21:00:00+00:00,200.51,201.46,198.2,201.13,535698.85
2025-10-14 22:00:00+00:00,201.13,202.07,200.18,201.36,507378.36
2025-10-14 23:00:00+00:00,201.37,203.32,201.35,202.34,561219.33
2025-10-15 00:00:00+00:00,202.35,203.96,201.12,203.88,887812.76
2025-10-15 01:00:00+00:00,203.89,204.0,201.02,203.6,994388.23
2025-10-15 02:00:00+00:00,203.59,205.76,202.95,203.3,1009614.2
2025-10-15 03:00:00+00:00,203.3,203.63,200.79,201.56,997653.98
2025-10-15 04:00:00+00:00,201.56,203.48,200.37,203.36,726787.27
2025-10-15 05:00:00+00:00,203.36,204.77,202.69,204.36,766898.4
2025-10-15 06:00:00+00:00,204.35,205.3,201.82,204.56,1321762.65
2025-10-15 07:00:00+00:00,204.55,205.0,203.09,204.56,689754.04
2025-10-15 08:00:00+00:00,204.55,208.85,204.34,206.05,2103966.15
2025-10-15 09:00:00+00:00,206.05,207.33,205.21,205.91,1005456.37
2025-10-15 10:00:00+00:00,205.91,206.28,203.36,203.8,1098039.36
2025-10-15 11:00:00+00:00,203.8,204.72,201.91,202.48,1092718.21
2025-10-15 12:00:00+00:00,202.48,203.68,201.5,202.95,1077834.21
2025-10-15 13:00:00+00:00,202.95,204.28,197.96,201.08,2616082.62
2025-10-15 14:00:00+00:00,201.07,204.84,198.31,199.43,2551404.73
2025-10-15 15:00:00+00:00,199.43,200.26,196.11,197.07,2578989.79
2025-10-15 16:00:00+00:00,197.06,198.67,196.77,197.3,1132683.22
2025-10-15 17:00:00+00:00,197.3,198.08,195.1,198.06,1610186.49
2025-10-15 18:00:00+00:00,198.06,198.21,196.18,197.92,714446.6
2025-10-15 19:00:00+00:00,197.92,197.98,194.07,194.69,1223796.67
2025-10-15 20:00:00+00:00,194.7,196.5,192.1,194.11,1663896.95
2025-10-15 21:00:00+00:00,194.1,195.16,191.91,192.79,1006481.86
2025-10-15 22:00:00+00:00,192.79,194.49,192.46,193.21,680758.21
2025-10-15 23:00:00+00:00,193.21,194.72,192.87,193.73,551159.13
2025-10-16 00:00:00+00:00,193.73,194.5,193.03,193.78,536007.49
2025-10-16 01:00:00+00:00,193.78,195.36,193.7,194.99,660727.52
2025-10-16 02:00:00+00:00,195.0,196.12,194.08,195.37,749741.52
2025-10-16 03:00:00+00:00,195.37,195.97,193.3,193.52,578426.94
2025-10-16 04:00:00+00:00,193.52,194.52,192.2,192.36,701488.66
2025-10-16 05:00:00+00:00,192.36,194.32,191.08,192.38,898554.89
2025-10-16 06:00:00+00:00,192.38,195.49,192.34,195.1,811670.39
2025-10-16 07:00:00+00:00,195.1,195.25,192.21,192.79,818861.25
2025-10-16 08:00:00+00:00,192.79,193.36,191.78,192.35,597171.78
2025-10-16 09:00:00+00:00,192.35,194.58,184.77,193.78,4082999.84
2025-10-16 10:00:00+00:00,193.77,196.6,193.53,195.64,1553193.41
2025-10-16 11:00:00+00:00,195.64,197.09,194.38,196.7,1244331.27
2025-10-16 12:00:00+00:00,196.7,197.93,195.86,196.9,1097421.74
2025-10-16 13:00:00+00:00,196.89,198.34,195.05,195.69,1335797.62
2025-10-16 14:00:00+00:00,195.69,196.51,191.27,193.91,3090509.12
2025-10-16 15:00:00+00:00,193.91,194.2,186.43,187.49,3273672.97
2025-10-16 16:00:00+00:00,187.5,192.19,186.26,192.18,3341165.6
2025-10-16 17:00:00+00:00,192.19,192.22,188.74,189.54,1690608.72
2025-10-16 18:00:00+00:00,189.55,189.76,186.76,189.22,1328326.9
2025-10-16 19:00:00+00:00,189.23,189.41,183.25,184.9,2322125.97
2025-10-16 20:00:00+00:00,184.91,186.0,181.93,182.72,1676068.26
2025-10-16 21:00:00+00:00,182.71,185.66,182.66,185.51,716057.21
2025-10-16 22:00:00+00:00,185.51,185.84,183.0,183.04,674946.67
2025-10-16 23:00:00+00:00,183.03,185.13,182.81,184.76,841443.76
2025-10-17 00:00:00+00:00,184.76,186.35,184.17,186.19,804948.18
2025-10-17 01:00:00+00:00,186.2,187.43,184.66,185.59,815908.73
2025-10-17 02:00:00+00:00,185.59,187.3,184.56,186.67,886984.34
2025-10-17 03:00:00+00:00,186.67,187.38,186.16,187.02,653182.69
2025-10-17 04:00:00+00:00,187.02,187.39,186.26,186.99,628811.67
2025-10-17 05:00:00+00:00,186.98,187.39,185.31,185.61,972138.97
2025-10-17 06:00:00+00:00,185.61,186.41,179.58,180.32,2912641.61
2025-10-17 07:00:00+00:00,180.33,180.76,177.26,177.7,3281875.94
2025-10-17 08:00:00+00:00,177.7,178.91,175.35,175.49,2968951.8
2025-10-17 09:00:00+00:00,175.5,180.39,175.32,176.71,2141385.55
2025-10-17 10:00:00+00:00,176.72,177.92,174.0,177.37,2527240.17
2025-10-17 11:00:00+00:00,177.36,182.63,177.18,181.36,3627325.82
2025-10-17 12:00:00+00:00,181.36,182.54,179.87,179.99,1447799.44
2025-10-17 13:00:00+00:00,179.99,182.07,177.89,180.59,2856662.45
2025-10-17 14:00:00+00:00,180.58,180.96,176.16,178.33,2544266.83
2025-10-17 15:00:00+00:00,178.32,182.74,177.94,182.65,1735739.26
2025-10-17 16:00:00+00:00,182.64,184.95,181.68,182.26,2188235.24
2025-10-17 17:00:00+00:00,182.26,184.47,182.02,183.63,973802.3
2025-10-17 18:00:00+00:00,183.63,185.31,183.09,183.34,915394.33
2025-10-17 19:00:00+00:00,183.35,184.08,181.29,181.86,952378.99
2025-10-17 20:00:00+00:00,181.86,183.93,181.35,183.56,535631.95
2025-10-17 21:00:00+00:00,183.58,186.0,183.35,185.28,726098.79
2025-10-17 22:00:00+00:00,185.29,185.84,183.05,183.84,632431.39
2025-10-17 23:00:00+00:00,183.85,183.87,181.71,181.89,467148.51
2025-10-18 00:00:00+00:00,181.89,183.45,181.66,182.78,630912.65
2025-10-18 01:00:00+00:00,182.79,184.78,182.55,184.55,566043.18
2025-10-18 02:00:00+00:00,184.54,185.44,183.3,183.63,564374.93
2025-10-18 03:00:00+00:00,183.62,185.39,183.59,184.73,437322.92
2025-10-18 04:00:00+00:00,184.72,184.72,183.01,183.33,513213.94
2025-10-18 05:00:00+00:00,183.34,184.73,183.33,184.45,457110.82
2025-10-18 06:00:00+00:00,184.45,186.52,184.13,186.24,666532.19
2025-10-18 07:00:00+00:00,186.24,188.21,185.77,186.17,1380335.55
2025-10-18 08:00:00+00:00,186.17,187.06,185.63,185.81,558046.21
2025-10-18 09:00:00+00:00,185.81,186.55,185.24,185.81,569095.52
2025-10-18 10:00:00+00:00,185.81,186.13,184.27,185.03,636338.26
2025-10-18 11:00:00+00:00,185.03,186.05,184.5,186.02,526016.2
2025-10-18 12:00:00+00:00,186.02,187.28,185.6,185.97,577716.4
2025-10-18 13:00:00+00:00,185.97,186.04,184.67,185.14,524537.31
2025-10-18 14:00:00+00:00,185.13,186.14,183.87,185.64,800815.81
2025-10-18 15:00:00+00:00,185.65,185.88,184.49,184.93,485792.34
2025-10-18 16:00:00+00:00,184.93,185.47,183.23,184.17,881387.39
2025-10-18 17:00:00+00:00,184.16,186.06,183.7,185.88,578649.79
2025-10-18 18:00:00+00:00,185.88,186.1,185.18,185.76,300138.23
2025-10-18 19:00:00+00:00,185.75,186.37,185.57,186.29,269086.82
2025-10-18 20:00:00+00:00,186.28,187.63,186.05,186.52,489286.89
2025-10-18 21:00:00+00:00,186.51,187.19,185.81,187.05,345684.82
2025-10-18 22:00:00+00:00,187.05,187.78,186.7,187.17,268835.57
2025-10-18 23:00:00+00:00,187.16,187.66,186.83,187.47,247051.87
2025-10-19 00:00:00+00:00,187.47,187.79,185.17,185.68,666777.29
2025-10-19 01:00:00+00:00,185.68,185.82,184.8,185.77,415618.74
2025-10-19 02:00:00+00:00,185.77,185.87,185.16,185.7,301617.53
2025-10-19 03:00:00+00:00,185.69,187.07,184.89,186.95,490569.72
2025-10-19 04:00:00+00:00,186.95,187.06,186.25,186.73,290326.53
2025-10-19 05:00:00+00:00,186.74,187.62,186.22,186.44,349585.0
2025-10-19 06:00:00+00:00,186.44,186.82,185.07,185.48,522642.58
2025-10-19 07:00:00+00:00,185.48,186.06,185.14,185.82,309935.2
2025-10-19 08:00:00+00:00,185.82,187.55,183.42,184.08,1503731.77
2025-10-19 09:00:00+00:00,184.08,188.66,183.06,187.12,2079847.25
2025-10-19 10:00:00+00:00,187.13,189.92,186.63,189.01,1297455.01
2025-10-19 11:00:00+00:00,189.01,189.99,188.52,188.92,839788.23
2025-10-19 12:00:00+00:00,188.92,189.3,188.04,188.77,498205.28
2025-10-19 13:00:00+00:00,188.78,190.95,188.24,190.5,1004631.79
2025-10-19 14:00:00+00:00,190.5,191.65,189.67,191.44,1084690.09
2025-10-19 15:00:00+00:00,191.43,191.57,190.11,190.66,746031.02
2025-10-19 16:00:00+00:00,190.66,191.52,189.83,190.76,551341.19
2025-10-19 17:00:00+00:00,190.76,192.15,189.59,189.93,997247.51
2025-10-19 18:00:00+00:00,189.93,190.29,189.04,189.81,678028.86
2025-10-19 19:00:00+00:00,189.81,189.82,188.24,188.81,450428.62
2025-10-19 20:00:00+00:00,188.8,189.78,188.52,189.55,392008.57
2025-10-19 21:00:00+00:00,189.55,189.71,188.24,189.18,357587.73
2025-10-19 22:00:00+00:00,189.19,190.06,188.81,189.72,472419.96
2025-10-19 23:00:00+00:00,189.72,189.73,186.77,187.78,827242.45
2025-10-20 00:00:00+00:00,187.78,187.78,183.68,185.5,1532154.21
2025-10-20 01:00:00+00:00,185.5,186.25,184.84,185.54,624490.37
2025-10-20 02:00:00+00:00,185.54,187.27,184.01,186.79,1188639.32
2025-10-20 03:00:00+00:00,186.79,191.7,185.75,191.14,1443945.2
2025-10-20 04:00:00+00:00,191.14,192.42,190.52,192.1,1127653.42
2025-10-20 05:00:00+00:00,192.1,193.3,191.46,192.91,941531.58
2025-10-20 06:00:00+00:00,192.92,194.23,192.67,193.81,831178.01
2025-10-20 07:00:00+00:00,193.81,194.44,192.7,192.93,754785.13
2025-10-20 08:00:00+00:00,192.92,194.1,192.11,192.9,837370.69
2025-10-20 09:00:00+00:00,192.89,193.55,192.47,193.13,551438.66
2025-10-20 10:00:00+00:00,193.13,193.68,191.3,191.54,771412.67
2025-10-20 11:00:00+00:00,191.54,192.2,190.89,192.11,715211.9
2025-10-20 12:00:00+00:00,192.11,192.68,191.56,192.68,656719.9
2025-10-20 13:00:00+00:00,192.68,192.94,191.48,192.32,869180.6
2025-10-20 14:00:00+00:00,192.32,192.51,190.64,191.3,1199698.44
2025-10-20 15:00:00+00:00,191.3,192.25,190.31,190.4,899073.61
2025-10-20 16:00:00+00:00,190.4,190.44,186.61,187.44,2474787.68
2025-10-20 17:00:00+00:00,187.43,188.6,185.48,187.57,1522974.01
2025-10-20 18:00:00+00:00,187.57,188.45,187.1,188.1,626043.71
2025-10-20 19:00:00+00:00,188.11,189.37,187.4,188.71,652127.63
2025-10-20 20:00:00+00:00,188.7,190.44,188.13,190.44,606566.42
2025-10-20 21:00:00+00:00,190.43,191.07,188.66,188.89,515223.57
2025-10-20 22:00:00+00:00,188.9,190.8,188.68,190.65,425705.38
2025-10-20 23:00:00+00:00,190.66,190.76,189.39,189.63,448768.64
2025-10-21 00:00:00+00:00,189.63,190.15,188.6,188.9,573490.09
2025-10-21 01:00:00+00:00,188.89,189.16,186.0,186.64,1105979.16
2025-10-21 02:00:00+00:00,186.65,186.84,185.37,185.97,899227.88
2025-10-21 03:00:00+00:00,185.97,186.52,185.15,185.46,505561.02
2025-10-21 04:00:00+00:00,185.46,185.56,183.05,183.66,1827021.02
2025-10-21 05:00:00+00:00,183.66,184.29,182.65,183.76,981465.62
2025-10-21 06:00:00+00:00,183.76,184.93,183.05,184.36,858220.14
2025-10-21 07:00:00+00:00,184.35,185.08,183.57,184.88,516122.95
2025-10-21 08:00:00+00:00,184.87,184.88,183.64,184.16,514696.64
2025-10-21 09:00:00+00:00,184.16,184.43,183.64,184.27,305598.51
2025-10-21 10:00:00+00:00,184.27,186.65,184.09,185.81,1118827.31
2025-10-21 11:00:00+00:00,185.8,186.44,184.91,186.18,526320.85
2025-10-21 12:00:00+00:00,186.17,187.66,185.8,186.38,930204.12
2025-10-21 13:00:00+00:00,186.38,186.88,183.84,185.02,1529356.35
2025-10-21 14:00:00+00:00,185.03,192.73,184.89,192.64,3027255.96
2025-10-21 15:00:00+00:00,192.64,197.13,191.83,196.18,3485601.59
2025-10-21 16:00:00+00:00,196.17,197.69,192.01,192.57,2708231.36
2025-10-21 17:00:00+00:00,192.56,195.4,192.01,194.79,2504801.38
2025-10-21 18:00:00+00:00,194.79,195.4,193.45,194.11,904273.95
2025-10-21 19:00:00+00:00,194.1,194.5,193.01,193.93,489583.92
2025-10-21 20:00:00+00:00,193.93,194.16,190.56,191.37,1039086.92
2025-10-21 21:00:00+00:00,191.37,191.72,187.8,191.21,1248788.52
2025-10-21 22:00:00+00:00,191.21,191.45,187.67,188.49,1034619.56
2025-10-21 23:00:00+00:00,188.49,188.86,185.01,185.54,1303858.21
2025-10-22 00:00:00+00:00,185.53,186.5,184.03,185.6,1454184.81
2025-10-22 01:00:00+00:00,185.6,187.1,185.49,186.87,1128721.18
2025-10-22 02:00:00+00:00,186.87,187.36,185.73,185.8,749418.98
2025-10-22 03:00:00+00:00,185.8,185.88,184.39,185.15,812909.36
2025-10-22 04:00:00+00:00,185.14,186.21,184.94,185.77,529794.23
2025-10-22 05:00:00+00:00,185.77,185.86,183.13,184.46,1142434.07
2025-10-22 06:00:00+00:00,184.47,184.81,183.78,183.96,522730.82
2025-10-22 07:00:00+00:00,183.97,185.05,183.29,184.9,679610.94
2025-10-22 08:00:00+00:00,184.89,185.1,184.11,184.58,379415.17
2025-10-22 09:00:00+00:00,184.58,184.8,183.24,183.91,609238.72
2025-10-22 10:00:00+00:00,183.92,184.4,183.08,183.46,544231.88
2025-10-22 11:00:00+00:00,183.45,185.87,181.44,184.95,2215796.36
2025-10-22 12:00:00+00:00,184.95,186.8,184.34,185.69,955766.15
2025-10-22 13:00:00+00:00,185.7,186.92,184.03,186.48,1644057.41
2025-10-22 14:00:00+00:00,186.47,186.55,181.13,185.39,3155713.27
2025-10-22 15:00:00+00:00,185.4,185.96,182.23,183.91,1765763.56
2025-10-22 16:00:00+00:00,183.91,184.93,182.46,183.57,1378464.44
2025-10-22 17:00:00+00:00,183.57,184.16,181.24,181.59,828894.48
2025-10-22 18:00:00+00:00,181.59,182.25,180.0,180.81,1456668.32
2025-10-22 19:00:00+00:00,180.81,182.48,177.0,180.1,2095857.97
2025-10-22 20:00:00+00:00,180.09,180.69,179.04,180.07,1051135.91
2025-10-22 21:00:00+00:00,180.06,180.18,176.85,178.31,1629421.67
2025-10-22 22:00:00+00:00,178.31,179.49,177.68,178.74,700339.59
2025-10-22 23:00:00+00:00,178.74,180.4,178.64,180.01,688902.18
2025-10-23 00:00:00+00:00,180.0,181.02,179.54,180.9,604073.4
2025-10-23 01:00:00+00:00,180.89,181.95,180.51,181.69,757555.11
2025-10-23 02:00:00+00:00,181.7,182.39,181.31,182.18,431348.58
2025-10-23 03:00:00+00:00,182.18,183.29,182.02,182.76,569669.5
2025-10-23 04:00:00+00:00,182.77,184.2,182.57,183.92,488991.79
2025-10-23 05:00:00+00:00,183.93,184.74,183.71,184.72,429408.26
2025-10-23 06:00:00+00:00,184.72,187.5,184.43,187.34,1248016.43
2025-10-23 07:00:00+00:00,187.33,187.94,186.1,187.4,1151331.07
2025-10-23 08:00:00+00:00,187.41,188.65,187.41,187.91,890680.58
2025-10-23 09:00:00+00:00,187.92,188.85,187.38,188.33,685788.94
2025-10-23 10:00:00+00:00,188.34,189.3,188.17,188.21,823619.94
2025-10-23 11:00:00+00:00,188.2,189.47,187.45,187.92,1205358.27
2025-10-23 12:00:00+00:00,187.93,189.34,186.5,189.26,1651711.27
2025-10-23 13:00:00+00:00,189.27,192.52,188.33,190.31,2228140.11
2025-10-23 14:00:00+00:00,190.32,191.25,188.0,189.69,1757205.81
2025-10-23 15:00:00+00:00,189.7,191.8,189.35,190.98,1356137.83
2025-10-23 16:00:00+00:00,190.98,192.38,190.34,191.87,909258.39
2025-10-23 17:00:00+00:00,191.87,193.44,189.99,192.4,1695983.28
2025-10-23 18:00:00+00:00,192.41,192.8,190.76,191.45,769316.41
2025-10-23 19:00:00+00:00,191.45,191.79,190.5,191.02,562981.69
2025-10-23 20:00:00+00:00,191.02,191.21,188.2,188.75,1023233.74
2025-10-23 21:00:00+00:00,188.75,189.41,188.44,188.71,467674.64
2025-10-23 22:00:00+00:00,188.71,190.54,188.6,190.32,562083.16
2025-10-23 23:00:00+00:00,190.33,191.44,190.31,191.27,468424.26
2025-10-24 00:00:00+00:00,191.27,194.0,190.87,192.45,1216284.53
2025-10-24 01:00:00+00:00,192.46,193.34,192.05,192.88,577481.99
2025-10-24 02:00:00+00:00,192.88,193.04,191.33,192.14,639133.08
2025-10-24 03:00:00+00:00,192.14,192.31,190.75,191.24,518365.13
2025-10-24 04:00:00+00:00,191.24,194.59,190.69,193.45,1116956.03
2025-10-24 05:00:00+00:00,193.45,193.86,192.87,193.22,608992.59
2025-10-24 06:00:00+00:00,193.22,193.64,192.49,193.22,537566.67
2025-10-24 07:00:00+00:00,193.22,193.35,191.24,192.1,696155.92
2025-10-24 08:00:00+00:00,192.09,193.39,191.66,192.88,519448.37
2025-10-24 09:00:00+00:00,192.88,193.31,191.75,192.03,459712.7
2025-10-24 10:00:00+00:00,192.03,192.1,191.31,191.69,461510.88
2025-10-24 11:00:00+00:00,191.7,192.14,190.5,192.02,597427.21
2025-10-24 12:00:00+00:00,192.03,196.8,192.03,193.57,2554665.89
2025-10-24 13:00:00+00:00,193.58,194.23,190.76,192.37,1601965.69
2025-10-24 14:00:00+00:00,192.37,192.37,189.42,190.08,1601197.35
2025-10-24 15:00:00+00:00,190.08,190.81,188.67,189.3,1541541.91
2025-10-24 16:00:00+00:00,189.31,190.62,188.66,190.56,698488.05
2025-10-24 17:00:00+00:00,190.57,191.65,190.3,191.05,604791.98
2025-10-24 18:00:00+00:00,191.05,191.86,190.89,191.7,526463.56
2025-10-24 19:00:00+00:00,191.71,193.54,191.69,192.99,769583.3
2025-10-24 20:00:00+00:00,193.0,194.11,192.71,193.53,446155.88
2025-10-24 21:00:00+00:00,193.52,193.94,193.19,193.7,303537.91
2025-10-24 22:00:00+00:00,193.69,194.11,193.1,193.72,277129.92
2025-10-24 23:00:00+00:00,193.71,193.72,193.01,193.5,210034.3
2025-10-25 00:00:00+00:00,193.49,193.56,192.35,192.91,496139.45
2025-10-25 01:00:00+00:00,192.91,194.49,192.78,193.68,409945.76
2025-10-25 02:00:00+00:00,193.68,194.12,193.26,193.79,239132.48
2025-10-25 03:00:00+00:00,193.79,193.96,193.22,193.4,228679.15
2025-10-25 04:00:00+00:00,193.39,194.43,193.35,194.14,359131.53
2025-10-25 05:00:00+00:00,194.14,194.7,193.41,194.41,334024.83
2025-10-25 06:00:00+00:00,194.42,194.68,193.91,193.99,272812.37
2025-10-25 07:00:00+00:00,193.99,194.86,193.7,193.87,301446.68
2025-10-25 08:00:00+00:00,193.87,195.18,193.8,194.77,479904.59
2025-10-25 09:00:00+00:00,194.77,194.81,192.2,192.52,738393.48
2025-10-25 10:00:00+00:00,192.52,192.7,191.0,191.9,708791.22
2025-10-25 11:00:00+00:00,191.9,192.83,191.61,192.63,383960.69
2025-10-25 12:00:00+00:00,192.62,194.16,192.49,193.82,462893.0
2025-10-25 13:00:00+00:00,193.83,193.86,192.36,192.8,420828.95
2025-10-25 14:00:00+00:00,192.8,192.82,191.94,192.51,349697.09
2025-10-25 15:00:00+00:00,192.51,192.52,191.7,191.8,376959.32
2025-10-25 16:00:00+00:00,191.79,192.02,191.33,191.82,359218.5
2025-10-25 17:00:00+00:00,191.83,192.42,191.73,192.27,171229.44
2025-10-25 18:00:00+00:00,192.27,194.31,192.2,194.15,664256.64
2025-10-25 19:00:00+00:00,194.16,194.56,193.81,194.42,302594.41
2025-10-25 20:00:00+00:00,194.43,194.85,193.65,194.05,426168.78
2025-10-25 21:00:00+00:00,194.06,194.7,193.73,194.29,241210.59
2025-10-25 22:00:00+00:00,194.29,194.65,193.83,194.4,224370.84
2025-10-25 23:00:00+00:00,194.4,194.66,193.7,193.72,264106.98
2025-10-26 00:00:00+00:00,193.71,194.28,193.01,193.22,466279.43
2025-10-26 01:00:00+00:00,193.21,193.67,192.12,192.74,290653.28
2025-10-26 02:00:00+00:00,192.75,193.05,191.75,192.16,349734.39
2025-10-26 03:00:00+00:00,192.16,192.99,191.93,192.88,245546.56
2025-10-26 04:00:00+00:00,192.88,193.43,192.72,192.81,219074.94
2025-10-26 05:00:00+00:00,192.8,193.69,192.63,193.52,176554.11
2025-10-26 06:00:00+00:00,193.52,194.1,193.39,193.96,244777.5
2025-10-26 07:00:00+00:00,193.96,194.23,193.74,193.79,261755.53
2025-10-26 08:00:00+00:00,193.8,194.33,193.6,194.23,222697.52
2025-10-26 09:00:00+00:00,194.22,196.39,193.83,195.88,1167767.11
2025-10-26 10:00:00+00:00,195.88,196.08,194.54,194.74,573932.63
2025-10-26 11:00:00+00:00,194.74,197.84,194.22,197.69,1435964.11
2025-10-26 12:00:00+00:00,197.68,198.31,196.82,197.9,1161632.21
2025-10-26 13:00:00+00:00,197.9,199.58,197.41,198.96,1074608.89
2025-10-26 14:00:00+00:00,198.96,199.83,198.6,198.75,748669.33
2025-10-26 15:00:00+00:00,198.76,199.7,198.46,199.41,644893.4
2025-10-26 16:00:00+00:00,199.42,199.46,198.0,198.62,991477.97
2025-10-26 17:00:00+00:00,198.63,199.18,198.34,198.83,288351.13
2025-10-26 18:00:00+00:00,198.83,199.6,198.8,199.06,291116.66
2025-10-26 19:00:00+00:00,199.05,199.06,198.42,198.81,226498.69
2025-10-26 20:00:00+00:00,198.8,198.8,197.29,197.38,553501.97
2025-10-26 21:00:00+00:00,197.39,198.43,196.74,198.42,440609.06
2025-10-26 22:00:00+00:00,198.42,202.55,198.42,200.1,2061954.97
2025-10-26 23:00:00+00:00,200.09,200.93,199.6,199.93,716091.23
2025-10-27 00:00:00+00:00,199.92,203.48,199.38,203.16,1733979.76
2025-10-27 01:00:00+00:00,203.15,205.02,202.7,204.3,1005085.03
2025-10-27 02:00:00+00:00,204.31,204.97,203.46,203.89,702110.61
2025-10-27 03:00:00+00:00,203.9,204.55,203.2,204.25,459190.16
2025-10-27 04:00:00+00:00,204.25,204.56,203.11,203.93,434800.14
2025-10-27 05:00:00+00:00,203.94,205.3,203.83,204.24,548591.6
2025-10-27 06:00:00+00:00,204.24,204.88,203.43,204.68,681274.64
2025-10-27 07:00:00+00:00,204.69,205.17,202.15,202.43,973958.89
2025-10-27 08:00:00+00:00,202.43,202.48,199.79,200.4,1488461.06
2025-10-27 09:00:00+00:00,200.4,200.46,198.01,199.88,1309306.43
2025-10-27 10:00:00+00:00,199.89,200.68,199.56,200.34,496650.19
2025-10-27 11:00:00+00:00,200.35,200.88,198.71,200.08,623609.37
2025-10-27 12:00:00+00:00,200.08,200.18,198.88,199.43,456382.88
2025-10-27 13:00:00+00:00,199.43,200.49,198.3,200.23,1040040.31
2025-10-27 14:00:00+00:00,200.24,200.43,198.18,199.06,871281.26
2025-10-27 15:00:00+00:00,199.06,200.4,198.85,199.99,658991.37
2025-10-27 16:00:00+00:00,200.0,203.09,199.91,202.35,1538490.0
2025-10-27 17:00:00+00:00,202.34,203.19,201.53,202.16,741179.56
2025-10-27 18:00:00+00:00,202.16,203.1,201.12,201.55,579725.25
2025-10-27 19:00:00+00:00,201.56,201.64,199.67,199.92,785825.47
2025-10-27 20:00:00+00:00,199.92,200.13,198.57,198.63,750165.44
2025-10-27 21:00:00+00:00,198.63,199.48,197.47,198.64,637152.18
2025-10-27 22:00:00+00:00,198.64,199.33,197.92,198.21,479169.77
2025-10-27 23:00:00+00:00,198.21,198.87,197.23,198.61,531606.63
2025-10-28 00:00:00+00:00,198.6,200.27,198.32,199.61,781422.95
2025-10-28 01:00:00+00:00,199.61,201.98,199.61,201.27,777021.4
2025-10-28 02:00:00+00:00,201.27,201.79,199.36,200.65,761693.28
2025-10-28 03:00:00+00:00,200.65,201.87,199.74,201.2,789664.53
2025-10-28 04:00:00+00:00,201.21,202.13,200.35,201.01,510573.58
2025-10-28 05:00:00+00:00,201.02,201.38,198.5,198.62,861327.41
2025-10-28 06:00:00+00:00,198.63,200.87,198.6,200.8,663349.4
2025-10-28 07:00:00+00:00,200.81,202.94,200.56,202.25,1178881.2
2025-10-28 08:00:00+00:00,202.24,203.89,201.85,203.29,869854.94
2025-10-28 09:00:00+00:00,203.3,203.67,201.34,201.89,687325.69
2025-10-28 10:00:00+00:00,201.89,201.97,199.72,200.19,819815.32
2025-10-28 11:00:00+00:00,200.2,200.55,199.1,199.6,774266.26
2025-10-28 12:00:00+00:00,199.59,200.28,198.11,200.15,1234084.08
2025-10-28 13:00:00+00:00,200.15,202.95,200.05,202.65,1990513.1
2025-10-28 14:00:00+00:00,202.65,202.87,196.5,199.46,3323650.35
2025-10-28 15:00:00+00:00,199.46,200.63,198.2,198.73,1459870.2
2025-10-28 16:00:00+00:00,198.74,200.61,197.81,199.71,1336283.81
2025-10-28 17:00:00+00:00,199.7,200.8,199.51,200.76,634332.98
2025-10-28 18:00:00+00:00,200.76,201.19,198.79,199.55,825726.28
2025-10-28 19:00:00+00:00,199.56,200.06,194.13,195.24,2468664.32
2025-10-28 20:00:00+00:00,195.24,195.25,191.93,192.36,3056401.94
2025-10-28 21:00:00+00:00,192.37,194.29,190.02,193.73,1802391.46
2025-10-28 22:00:00+00:00,193.72,195.08,193.18,194.78,804398.31
2025-10-28 23:00:00+00:00,194.78,194.82,193.64,194.05,635223.65
2025-10-29 00:00:00+00:00,194.04,195.0,193.14,193.66,816723.43
2025-10-29 01:00:00+00:00,193.66,194.91,192.58,194.05,724902.62
2025-10-29 02:00:00+00:00,194.04,194.79,193.85,194.6,366310.81
2025-10-29 03:00:00+00:00,194.6,194.61,193.12,193.81,558257.94
2025-10-29 04:00:00+00:00,193.81,194.7,193.66,194.43,370999.52
2025-10-29 05:00:00+00:00,194.43,195.71,194.32,195.03,491991.79
2025-10-29 06:00:00+00:00,195.03,195.68,194.63,195.46,423726.1
2025-10-29 07:00:00+00:00,195.46,195.99,195.02,195.52,362604.45
2025-10-29 08:00:00+00:00,195.53,195.61,193.86,194.41,600786.35
2025-10-29 09:00:00+00:00,194.4,194.66,193.68,194.11,431177.82
2025-10-29 10:00:00+00:00,194.12,197.0,193.86,196.18,1028299.71
2025-10-29 11:00:00+00:00,196.19,199.3,195.95,198.65,1390385.15
2025-10-29 12:00:00+00:00,198.65,199.82,198.03,199.8,682468.69
2025-10-29 13:00:00+00:00,199.79,201.66,199.02,200.65,2049944.56
2025-10-29 14:00:00+00:00,200.65,200.93,198.6,199.93,1624956.59
2025-10-29 15:00:00+00:00,199.93,200.61,196.29,196.71,1893287.1
2025-10-29 16:00:00+00:00,196.72,196.8,194.5,195.2,2318650.22
2025-10-29 17:00:00+00:00,195.2,198.71,194.71,198.36,1560608.58
2025-10-29 18:00:00+00:00,198.35,198.48,188.88,193.37,6235752.16
2025-10-29 19:00:00+00:00,193.36,195.18,191.2,192.62,2485767.06
2025-10-29 20:00:00+00:00,192.62,196.14,191.76,195.48,1400921.57
2025-10-29 21:00:00+00:00,195.47,196.98,194.96,195.96,712715.63
2025-10-29 22:00:00+00:00,195.96,196.33,195.13,195.29,448060.37
2025-10-29 23:00:00+00:00,195.29,195.47,192.84,193.81,1014006.22
2025-10-30 00:00:00+00:00,193.8,194.64,192.04,194.58,956851.8
2025-10-30 01:00:00+00:00,194.58,195.94,193.37,195.42,673573.94
2025-10-30 02:00:00+00:00,195.43,198.1,195.15,198.08,977366.36
2025-10-30 03:00:00+00:00,198.09,198.1,196.5,197.01,827974.92
2025-10-30 04:00:00+00:00,197.0,197.08,190.21,191.71,3775052.34
2025-10-30 05:00:00+00:00,191.71,195.6,191.25,195.07,1835373.55
2025-10-30 06:00:00+00:00,195.07,195.39,193.3,194.09,924659.45
2025-10-30 07:00:00+00:00,194.1,196.12,193.82,195.69,783011.8
2025-10-30 08:00:00+00:00,195.69,196.05,194.5,195.28,625091.19
2025-10-30 09:00:00+00:00,195.27,195.37,192.18,192.26,1214977.18
2025-10-30 10:00:00+00:00,192.26,192.38,190.94,192.05,1121346.08
2025-10-30 11:00:00+00:00,192.05,192.55,191.13,191.75,824755.82
2025-10-30 12:00:00+00:00,191.75,191.96,185.98,187.7,3902431.24
2025-10-30 13:00:00+00:00,187.71,188.58,184.3,185.62,2941744.16
2025-10-30 14:00:00+00:00,185.61,187.73,185.54,187.14,1499790.22
2025-10-30 15:00:00+00:00,187.14,187.5,184.36,184.95,1477324.04
2025-10-30 16:00:00+00:00,184.94,186.2,183.8,185.19,1551664.5
2025-10-30 17:00:00+00:00,185.19,185.21,181.34,183.68,2719500.18
2025-10-30 18:00:00+00:00,183.68,183.82,180.69,181.22,1201736.14
2025-10-30 19:00:00+00:00,181.22,181.82,178.5,178.92,2058610.87
2025-10-30 20:00:00+00:00,178.92,182.48,178.64,182.11,1791127.74
2025-10-30 21:00:00+00:00,182.11,182.58,181.0,182.25,1013981.72
2025-10-30 22:00:00+00:00,182.25,183.51,181.95,183.5,944585.74
2025-10-30 23:00:00+00:00,183.51,184.59,182.44,184.55,943394.51
2025-10-31 00:00:00+00:00,184.55,186.43,183.94,185.35,1019719.17
2025-10-31 01:00:00+00:00,185.34,186.8,184.92,186.14,881231.37
2025-10-31 02:00:00+00:00,186.15,186.2,183.57,184.52,1119767.03
2025-10-31 03:00:00+00:00,184.53,185.64,184.03,185.05,653599.36
2025-10-31 04:00:00+00:00,185.05,186.95,184.83,186.53,876230.87
2025-10-31 05:00:00+00:00,186.52,186.52,185.2,185.62,560476.17
2025-10-31 06:00:00+00:00,185.61,185.78,184.81,185.46,448804.86
2025-10-31 07:00:00+00:00,185.46,186.02,184.63,185.23,508047.59
2025-10-31 08:00:00+00:00,185.23,186.49,184.44,186.39,621340.11
2025-10-31 09:00:00+00:00,186.38,186.97,185.87,186.51,693889.39
2025-10-31 10:00:00+00:00,186.51,187.27,186.06,186.28,587042.61
2025-10-31 11:00:00+00:00,186.28,189.19,186.09,188.81,1128584.74
2025-10-31 12:00:00+00:00,188.81,189.32,186.22,186.43,1681962.02
2025-10-31 13:00:00+00:00,186.43,188.5,185.83,188.26,1121892.23
2025-10-31 14:00:00+00:00,188.27,189.43,186.86,188.98,1240430.17
2025-10-31 15:00:00+00:00,188.99,190.26,187.84,188.02,1452339.43
2025-10-31 16:00:00+00:00,188.02,188.52,184.56,184.96,1535108.98
2025-10-31 17:00:00+00:00,184.95,185.85,184.22,185.26,1237400.58
2025-10-31 18:00:00+00:00,185.25,186.51,184.36,185.84,991677.35
2025-10-31 19:00:00+00:00,185.84,188.96,184.88,188.3,1270942.12
2025-10-31 20:00:00+00:00,188.3,188.76,186.61,186.83,900800.06
2025-10-31 21:00:00+00:00,186.83,187.61,186.42,187.17,333285.1
2025-10-31 22:00:00+00:00,187.18,187.83,186.87,187.2,323728.69
2025-10-31 23:00:00+00:00,187.2,187.74,187.01,187.13,232351.75
2025-11-01 00:00:00+00:00,187.12,187.27,185.91,187.02,545481.82
2025-11-01 01:00:00+00:00,187.02,187.35,186.0,186.01,260953.96
2025-11-01 02:00:00+00:00,186.02,186.65,185.37,186.5,334022.27
2025-11-01 03:00:00+00:00,186.5,187.4,186.48,187.12,306327.0
2025-11-01 04:00:00+00:00,187.12,187.47,186.21,186.98,393802.5
2025-11-01 05:00:00+00:00,186.98,187.06,186.08,186.15,188284.22
2025-11-01 06:00:00+00:00,186.14,186.3,184.81,185.63,507307.67
2025-11-01 07:00:00+00:00,185.63,186.28,185.22,185.71,266523.37
2025-11-01 08:00:00+00:00,185.7,186.47,185.56,186.45,251930.83
2025-11-01 09:00:00+00:00,186.45,186.66,185.64,185.75,362669.07
2025-11-01 10:00:00+00:00,185.74,186.3,185.15,186.04,350718.43
2025-11-01 11:00:00+00:00,186.04,186.53,185.57,186.09,300451.3
2025-11-01 12:00:00+00:00,186.1,186.55,186.09,186.28,262277.06
2025-11-01 13:00:00+00:00,186.28,186.36,184.66,185.21,526424.0
2025-11-01 14:00:00+00:00,185.2,185.5,183.58,184.9,1025200.7
2025-11-01 15:00:00+00:00,184.9,186.34,184.75,186.28,718317.89
2025-11-01 16:00:00+00:00,186.29,187.0,185.84,186.3,685999.18
2025-11-01 17:00:00+00:00,186.3,186.43,184.79,184.86,438419.42
2025-11-01 18:00:00+00:00,184.85,185.7,184.77,185.64,419998.86
2025-11-01 19:00:00+00:00,185.64,186.22,185.32,186.18,229126.67
2025-11-01 20:00:00+00:00,186.18,186.87,186.06,186.42,307065.13
2025-11-01 21:00:00+00:00,186.41,186.54,185.19,185.24,234839.21
2025-11-01 22:00:00+00:00,185.24,186.21,184.86,186.07,308811.09
2025-11-01 23:00:00+00:00,186.06,186.49,185.76,186.29,187158.58
2025-11-02 00:00:00+00:00,186.28,186.3,185.0,185.03,397828.21
2025-11-02 01:00:00+00:00,185.02,185.42,184.55,184.71,409175.67
2025-11-02 02:00:00+00:00,184.7,185.94,184.67,185.27,346353.75
2025-11-02 03:00:00+00:00,185.27,185.42,184.84,185.18,255951.26
2025-11-02 04:00:00+00:00,185.18,187.96,184.91,187.71,944056.39
2025-11-02 05:00:00+00:00,187.71,187.76,186.42,187.01,585617.72
2025-11-02 06:00:00+00:00,187.0,187.61,186.52,187.31,279210.15
2025-11-02 07:00:00+00:00,187.3,188.27,186.6,187.64,423523.13
2025-11-02 08:00:00+00:00,187.64,187.85,186.83,187.04,390760.61
2025-11-02 09:00:00+00:00,187.03,187.84,185.67,185.79,616274.03
2025-11-02 10:00:00+00:00,185.79,186.09,184.29,184.92,1042351.76
2025-11-02 11:00:00+00:00,184.91,186.3,184.76,186.04,741316.69
2025-11-02 12:00:00+00:00,186.04,186.41,185.15,185.42,517513.56
2025-11-02 13:00:00+00:00,185.41,185.47,183.77,184.99,675329.84
2025-11-02 14:00:00+00:00,184.98,185.27,183.26,184.27,755375.38
2025-11-02 15:00:00+00:00,184.26,184.98,183.59,183.67,591653.55
2025-11-02 16:00:00+00:00,183.67,184.3,181.91,184.2,1441137.71
2025-11-02 17:00:00+00:00,184.19,184.51,183.43,184.32,464888.92
2025-11-02 18:00:00+00:00,184.32,184.56,183.86,184.14,235972.55
2025-11-02 19:00:00+00:00,184.14,184.18,182.9,183.93,421307.39
2025-11-02 20:00:00+00:00,183.92,184.47,183.48,184.46,197369.78
2025-11-02 21:00:00+00:00,184.47,185.95,184.43,185.39,488069.77
2025-11-02 22:00:00+00:00,185.4,185.59,184.23,184.82,299398.18
2025-11-02 23:00:00+00:00,184.83,188.03,184.83,187.65,962981.68
2025-11-03 00:00:00+00:00,187.64,189.1,186.49,186.52,1287265.65
2025-11-03 01:00:00+00:00,186.52,187.1,185.27,185.46,947772.52
2025-11-03 02:00:00+00:00,185.47,185.89,182.88,183.41,1499993.35
2025-11-03 03:00:00+00:00,183.41,183.59,176.5,177.42,3507573.73
2025-11-03 04:00:00+00:00,177.42,178.3,175.58,177.79,1823325.43
2025-11-03 05:00:00+00:00,177.8,178.62,176.3,176.68,1144531.49
2025-11-03 06:00:00+00:00,176.69,177.13,174.09,175.97,1776720.29
2025-11-03 07:00:00+00:00,175.96,177.01,175.31,176.38,962168.14
2025-11-03 08:00:00+00:00,176.37,176.49,174.31,175.57,1243337.98
2025-11-03 09:00:00+00:00,175.56,176.83,174.52,174.84,974642.93
2025-11-03 10:00:00+00:00,174.83,175.8,173.1,174.03,865687.04
2025-11-03 11:00:00+00:00,174.04,176.0,173.99,175.2,1013986.58
2025-11-03 12:00:00+00:00,175.2,176.45,174.88,175.44,855477.49
2025-11-03 13:00:00+00:00,175.43,176.24,174.83,175.69,719602.08
2025-11-03 14:00:00+00:00,175.7,176.83,174.7,176.31,985632.27
2025-11-03 15:00:00+00:00,176.31,176.67,164.0,166.73,9259031.91
2025-11-03 16:00:00+00:00,166.74,169.06,165.53,168.23,3158215.56
2025-11-03 17:00:00+00:00,168.23,170.9,167.95,169.79,1702411.38
2025-11-03 18:00:00+00:00,169.8,170.01,167.63,167.76,1019215.12
2025-11-03 19:00:00+00:00,167.75,168.26,166.44,166.64,1122977.71
2025-11-03 20:00:00+00:00,166.65,167.14,163.12,164.31,2157201.82
2025-11-03 21:00:00+00:00,164.31,166.15,163.15,165.86,1593194.9
2025-11-03 22:00:00+00:00,165.87,166.22,164.09,165.64,841332.02
2025-11-03 23:00:00+00:00,165.65,166.23,164.4,165.95,518435.82
2025-11-04 00:00:00+00:00,165.96,167.22,164.1,166.46,1146593.72
2025-11-04 01:00:00+00:00,166.47,168.27,165.76,167.71,1000158.24
2025-11-04 02:00:00+00:00,167.7,168.28,166.28,166.55,695276.31
2025-11-04 03:00:00+00:00,166.55,168.17,166.1,167.53,691692.03
2025-11-04 04:00:00+00:00,167.53,168.0,164.61,164.88,1427752.87
2025-11-04 05:00:00+00:00,164.88,165.37,157.04,157.59,4837849.27
2025-11-04 06:00:00+00:00,157.59,161.22,157.5,158.5,2552238.79
2025-11-04 07:00:00+00:00,158.51,158.85,155.81,157.0,2368007.5
2025-11-04 08:00:00+00:00,157.01,160.41,156.32,159.17,2150982.24
2025-11-04 09:00:00+00:00,159.17,160.41,158.56,160.31,1292133.13
2025-11-04 10:00:00+00:00,160.3,161.29,159.85,160.44,1196401.37
2025-11-04 11:00:00+00:00,160.44,162.27,160.25,161.63,1227361.51
2025-11-04 12:00:00+00:00,161.63,162.47,160.72,161.35,1181363.99
2025-11-04 13:00:00+00:00,161.36,162.58,160.4,161.19,1571401.91
2025-11-04 14:00:00+00:00,161.2,164.68,159.24,164.34,3257939.9
2025-11-04 15:00:00+00:00,164.34,165.24,161.2,161.39,2520421.2
2025-11-04 16:00:00+00:00,161.39,162.3,158.1,158.15,2521893.46
2025-11-04 17:00:00+00:00,158.15,158.19,153.0,156.11,5100303.03
2025-11-04 18:00:00+00:00,156.11,156.5,152.15,156.35,3485869.25
2025-11-04 19:00:00+00:00,156.35,157.36,154.13,154.55,1687668.08
2025-11-04 20:00:00+00:00,154.55,155.0,148.11,153.35,5325062.99
2025-11-04 21:00:00+00:00,153.35,154.06,145.67,151.12,4593087.95
2025-11-04 22:00:00+00:00,151.12,155.52,150.41,155.15,1984767.39
2025-11-04 23:00:00+00:00,155.15,155.87,153.8,154.94,1421311.4
2025-11-05 00:00:00+00:00,154.95,155.57,152.45,153.29,1314924.64
2025-11-05 01:00:00+00:00,153.3,153.5,147.2,152.59,3506405.73
2025-11-05 02:00:00+00:00,152.58,156.22,152.51,156.07,2659302.36
2025-11-05 03:00:00+00:00,156.06,157.34,154.95,156.84,1482252.56
2025-11-05 04:00:00+00:00,156.84,157.87,155.6,156.97,1061306.96
2025-11-05 05:00:00+00:00,156.97,158.48,156.72,157.45,994217.78
2025-11-05 06:00:00+00:00,157.44,158.09,156.51,157.95,684952.87
2025-11-05 07:00:00+00:00,157.95,158.03,155.86,156.41,697572.85
2025-11-05 08:00:00+00:00,156.41,156.43,153.61,155.62,1668963.93
2025-11-05 09:00:00+00:00,155.61,157.25,155.49,156.94,832430.93
2025-11-05 10:00:00+00:00,156.94,157.0,154.59,154.77,720865.72
2025-11-05 11:00:00+00:00,154.76,157.55,154.75,157.37,787589.74
2025-11-05 12:00:00+00:00,157.37,158.64,156.66,158.19,1107105.54
2025-11-05 13:00:00+00:00,158.18,159.84,157.48,159.34,1409828.01
2025-11-05 14:00:00+00:00,159.34,159.56,156.83,158.65,1855465.29
2025-11-05 15:00:00+00:00,158.66,160.43,157.78,160.36,1641325.49
2025-11-05 16:00:00+00:00,160.37,161.97,158.41,161.73,1529629.42
2025-11-05 17:00:00+00:00,161.73,162.4,160.78,161.91,1147481.97
2025-11-05 18:00:00+00:00,161.91,163.82,161.56,162.98,1050135.09
2025-11-05 19:00:00+00:00,162.97,163.32,162.07,162.41,1008332.04
2025-11-05 20:00:00+00:00,162.4,163.88,162.23,162.44,884517.0
2025-11-05 21:00:00+00:00,162.45,162.45,161.02,161.76,905711.46
2025-11-05 22:00:00+00:00,161.76,162.86,161.22,162.72,385104.01
2025-11-05 23:00:00+00:00,162.72,162.99,162.03,162.28,453687.96
2025-11-06 00:00:00+00:00,162.29,162.29,160.38,161.31,846819.24
2025-11-06 01:00:00+00:00,161.3,161.64,159.62,160.75,1003125.71
2025-11-06 02:00:00+00:00,160.74,162.26,160.02,161.67,717342.78
2025-11-06 03:00:00+00:00,161.67,162.87,161.51,162.37,531230.77
2025-11-06 04:00:00+00:00,162.38,162.69,161.65,162.03,420230.4
2025-11-06 05:00:00+00:00,162.04,162.04,158.8,159.25,1031824.74
2025-11-06 06:00:00+00:00,159.24,159.9,158.69,158.69,572636.09
2025-11-06 07:00:00+00:00,158.7,159.94,158.13,158.74,746213.9
2025-11-06 08:00:00+00:00,158.74,159.54,158.42,159.28,496449.76
2025-11-06 09:00:00+00:00,159.27,159.85,158.7,158.74,446230.64
2025-11-06 10:00:00+00:00,158.73,159.72,157.59,159.0,955991.62
2025-11-06 11:00:00+00:00,159.0,159.35,158.1,158.79,491960.48
2025-11-06 12:00:00+00:00,158.78,159.36,157.03,157.42,999708.65
2025-11-06 13:00:00+00:00,157.43,161.27,157.43,160.58,1582103.84
2025-11-06 14:00:00+00:00,160.59,161.48,157.3,157.72,1772181.64
2025-11-06 15:00:00+00:00,157.73,158.94,155.31,155.83,2562970.73
2025-11-06 16:00:00+00:00,155.83,156.92,153.75,155.33,2077652.65
2025-11-06 17:00:00+00:00,155.32,157.55,154.76,157.18,1146214.5
2025-11-06 18:00:00+00:00,157.18,158.58,155.34,157.4,1060017.14
2025-11-06 19:00:00+00:00,157.41,157.75,156.02,156.8,674849.28
2025-11-06 20:00:00+00:00,156.8,157.72,154.52,155.22,1027510.13
2025-11-06 21:00:00+00:00,155.22,156.86,154.58,156.39,606292.06
2025-11-06 22:00:00+00:00,156.4,156.71,154.2,155.49,494399.63
2025-11-06 23:00:00+00:00,155.5,155.5,153.34,155.2,729915.71
2025-11-07 00:00:00+00:00,155.2,157.06,154.8,156.68,934942.32
2025-11-07 01:00:00+00:00,156.69,157.18,154.11,156.96,1095662.52
2025-11-07 02:00:00+00:00,156.95,158.07,156.07,157.95,669337.24
2025-11-07 03:00:00+00:00,157.96,158.52,156.71,156.79,642885.12
2025-11-07 04:00:00+00:00,156.79,157.02,155.18,156.1,633505.31
2025-11-07 05:00:00+00:00,156.1,158.15,156.06,157.99,674881.98
2025-11-07 06:00:00+00:00,158.0,158.2,156.7,156.72,390757.6
2025-11-07 07:00:00+00:00,156.72,157.77,156.25,157.69,472369.41
2025-11-07 08:00:00+00:00,157.69,158.1,156.75,157.19,547203.55
2025-11-07 09:00:00+00:00,157.2,157.24,154.02,154.62,994740.48
2025-11-07 10:00:00+00:00,154.62,155.67,153.51,154.15,918375.26
2025-11-07 11:00:00+00:00,154.16,154.16,151.58,153.77,2181611.24
2025-11-07 12:00:00+00:00,153.78,154.11,150.87,151.57,1533956.44
2025-11-07 13:00:00+00:00,151.58,153.14,150.93,152.24,1259423.03
2025-11-07 14:00:00+00:00,152.24,155.06,149.69,154.62,2724327.89
2025-11-07 15:00:00+00:00,154.63,156.21,153.22,155.31,2014405.58
2025-11-07 16:00:00+00:00,155.31,158.07,154.29,157.19,1663481.33
2025-11-07 17:00:00+00:00,157.2,161.43,156.34,161.06,2312290.78
2025-11-07 18:00:00+00:00,161.07,162.87,160.8,162.02,1312825.4
2025-11-07 19:00:00+00:00,162.03,164.4,161.42,164.08,1099469.93
2025-11-07 20:00:00+00:00,164.08,164.32,162.01,163.29,1144219.41
2025-11-07 21:00:00+00:00,163.29,163.77,162.61,163.43,551450.96
2025-11-07 22:00:00+00:00,163.44,163.86,162.68,163.14,485358.17
2025-11-07 23:00:00+00:00,163.15,163.2,161.5,161.72,706377.13
2025-11-08 00:00:00+00:00,161.72,162.56,160.55,160.81,935406.73
2025-11-08 01:00:00+00:00,160.82,162.41,160.74,161.98,559932.79
2025-11-08 02:00:00+00:00,161.98,164.35,161.84,163.32,741579.79
2025-11-08 03:00:00+00:00,163.32,164.82,162.37,162.42,766095.84
2025-11-08 04:00:00+00:00,162.43,163.63,162.4,162.61,421449.68
2025-11-08 05:00:00+00:00,162.61,163.0,160.94,161.29,634496.67
2025-11-08 06:00:00+00:00,161.28,161.88,160.03,161.01,867232.04
2025-11-08 07:00:00+00:00,161.02,161.09,159.48,160.96,601608.93
2025-11-08 08:00:00+00:00,160.95,161.98,160.2,161.46,477187.81
2025-11-08 09:00:00+00:00,161.45,162.29,160.86,161.07,462072.92
2025-11-08 10:00:00+00:00,161.07,161.15,160.44,160.72,339676.68
2025-11-08 11:00:00+00:00,160.73,161.09,159.03,159.29,729856.04
2025-11-08 12:00:00+00:00,159.3,159.62,158.66,159.33,507676.44
2025-11-08 13:00:00+00:00,159.34,159.38,158.01,158.14,700797.39
2025-11-08 14:00:00+00:00,158.13,158.46,156.73,157.62,1097759.31
2025-11-08 15:00:00+00:00,157.63,157.78,155.82,156.61,784804.9
2025-11-08 16:00:00+00:00,156.61,157.31,155.7,156.69,788509.85
2025-11-08 17:00:00+00:00,156.69,157.58,155.95,157.5,579970.19
2025-11-08 18:00:00+00:00,157.49,158.07,156.83,157.85,439079.35
2025-11-08 19:00:00+00:00,157.84,157.94,156.12,157.24,484075.89
2025-11-08 20:00:00+00:00,157.23,158.17,157.1,157.58,341581.15
2025-11-08 21:00:00+00:00,157.58,158.15,157.5,157.95,210235.21
2025-11-08 22:00:00+00:00,157.95,158.31,157.53,157.91,175545.55
2025-11-08 23:00:00+00:00,157.91,158.35,157.75,157.94,227591.05
2025-11-09 00:00:00+00:00,157.94,157.95,156.5,156.75,388459.84
2025-11-09 01:00:00+00:00,156.74,158.25,156.67,158.09,278127.37
2025-11-09 02:00:00+00:00,158.08,158.09,155.6,155.95,645399.37
2025-11-09 03:00:00+00:00,155.95,156.43,155.01,155.82,605878.95
2025-11-09 04:00:00+00:00,155.81,157.44,155.78,157.13,505181.07
2025-11-09 05:00:00+00:00,157.12,158.24,157.03,158.01,349657.35
2025-11-09 06:00:00+00:00,158.0,159.02,157.75,158.16,422801.96
2025-11-09 07:00:00+00:00,158.16,159.48,157.76,159.17,525658.36
2025-11-09 08:00:00+00:00,159.17,159.61,158.64,159.36,409724.41
2025-11-09 09:00:00+00:00,159.36,159.82,158.08,158.17,577547.72
2025-11-09 10:00:00+00:00,158.17,158.37,157.17,158.36,526004.64
2025-11-09 11:00:00+00:00,158.37,159.4,158.36,158.97,491065.2
2025-11-09 12:00:00+00:00,158.97,159.8,158.51,159.03,497059.67
2025-11-09 13:00:00+00:00,159.03,160.45,158.92,159.96,738829.97
2025-11-09 14:00:00+00:00,159.96,163.06,159.16,160.08,2248120.43
2025-11-09 15:00:00+00:00,160.08,163.93,159.71,162.45,2051294.35
2025-11-09 16:00:00+00:00,162.44,163.13,161.74,162.85,850441.08
2025-11-09 17:00:00+00:00,162.84,162.96,161.15,161.73,625614.33
2025-11-09 18:00:00+00:00,161.73,164.05,161.3,163.9,542213.57
2025-11-09 19:00:00+00:00,163.91,166.24,163.28,166.08,1203513.67
2025-11-09 20:00:00+00:00,166.09,166.3,164.95,165.29,666726.44
2025-11-09 21:00:00+00:00,165.29,165.75,164.33,165.16,808437.93
2025-11-09 22:00:00+00:00,165.17,165.6,164.04,165.36,708493.92
2025-11-09 23:00:00+00:00,165.37,166.55,163.85,164.45,928443.48
2025-11-10 00:00:00+00:00,164.46,168.3,163.35,167.39,1536519.07
2025-11-10 01:00:00+00:00,167.39,168.2,166.25,167.0,1080834.22
2025-11-10 02:00:00+00:00,167.0,167.91,166.25,167.64,862422.71
2025-11-10 03:00:00+00:00,167.65,168.68,167.04,167.99,800432.74
2025-11-10 04:00:00+00:00,168.0,168.84,166.55,167.93,790689.16
2025-11-10 05:00:00+00:00,167.94,168.48,166.78,167.43,459885.33
2025-11-10 06:00:00+00:00,167.44,167.64,166.22,166.82,549564.39
2025-11-10 07:00:00+00:00,166.83,168.09,166.67,167.27,452653.32
2025-11-10 08:00:00+00:00,167.27,167.34,166.01,166.54,631430.64
2025-11-10 09:00:00+00:00,166.54,169.72,166.22,169.4,980808.0
2025-11-10 10:00:00+00:00,169.4,169.55,167.86,168.23,727347.34
2025-11-10 11:00:00+00:00,168.24,168.72,167.9,168.2,444062.59
2025-11-10 12:00:00+00:00,168.21,168.38,166.82,168.02,700265.33
2025-11-10 13:00:00+00:00,168.03,170.4,167.87,169.62,1045931.18
2025-11-10 14:00:00+00:00,169.63,169.64,165.2,166.09,1912593.14
2025-11-10 15:00:00+00:00,166.09,167.23,165.06,166.17,1295869.41
2025-11-10 16:00:00+00:00,166.17,166.98,165.12,166.01,820091.55
2025-11-10 17:00:00+00:00,166.01,168.39,165.85,167.7,724262.57
2025-11-10 18:00:00+00:00,167.71,168.02,165.55,165.55,681751.09
2025-11-10 19:00:00+00:00,165.56,167.6,165.48,167.13,607943.52
2025-11-10 20:00:00+00:00,167.12,168.34,166.73,167.74,544962.93
2025-11-10 21:00:00+00:00,167.74,167.78,164.71,165.41,770705.08
2025-11-10 22:00:00+00:00,165.42,167.74,165.03,167.55,478441.82
2025-11-10 23:00:00+00:00,167.56,168.02,167.09,167.24,387593.49
2025-11-11 00:00:00+00:00,167.24,167.55,165.91,167.42,492921.67
2025-11-11 01:00:00+00:00,167.42,170.96,166.51,167.3,1609631.53
2025-11-11 02:00:00+00:00,167.31,170.92,166.13,170.17,1493341.52
2025-11-11 03:00:00+00:00,170.18,171.87,169.38,169.84,1051936.22
2025-11-11 04:00:00+00:00,169.84,170.0,166.4,166.8,1254709.77
2025-11-11 05:00:00+00:00,166.8,166.8,164.8,165.02,1546875.51
2025-11-11 06:00:00+00:00,165.03,165.17,163.16,164.82,1757544.76
2025-11-11 07:00:00+00:00,164.83,165.13,163.73,163.88,953571.86
2025-11-11 08:00:00+00:00,163.88,164.78,163.5,163.88,546163.98
2025-11-11 09:00:00+00:00,163.88,164.87,163.04,163.9,844060.67
2025-11-11 10:00:00+00:00,163.89,164.27,162.38,163.68,769311.33
2025-11-11 11:00:00+00:00,163.68,164.48,162.89,163.56,582362.89
2025-11-11 12:00:00+00:00,163.57,164.27,162.46,163.25,721219.54
2025-11-11 13:00:00+00:00,163.25,163.87,162.3,162.75,573941.64
2025-11-11 14:00:00+00:00,162.76,163.18,161.01,162.91,1710547.63
2025-11-11 15:00:00+00:00,162.91,162.91,160.0,160.81,1848643.2
2025-11-11 16:00:00+00:00,160.82,161.17,159.59,160.58,1098839.7
2025-11-11 17:00:00+00:00,160.58,160.99,158.03,159.42,1285359.32
2025-11-11 18:00:00+00:00,159.43,159.74,158.25,158.87,696098.51
2025-11-11 19:00:00+00:00,158.88,158.88,157.32,157.5,783026.03
2025-11-11 20:00:00+00:00,157.51,157.79,156.21,156.74,996637.87
2025-11-11 21:00:00+00:00,156.73,157.34,155.55,156.0,804742.56
2025-11-11 22:00:00+00:00,155.99,157.19,155.43,156.6,845498.29
2025-11-11 23:00:00+00:00,156.59,156.78,153.8,154.5,1184783.98
2025-11-12 00:00:00+00:00,154.51,155.2,153.44,153.72,1023528.94
2025-11-12 01:00:00+00:00,153.72,155.4,153.59,155.3,950594.16
2025-11-12 02:00:00+00:00,155.3,155.48,153.62,154.2,836474.22
2025-11-12 03:00:00+00:00,154.19,154.96,153.84,154.45,546973.41
2025-11-12 04:00:00+00:00,154.45,154.94,154.08,154.85,380947.48
2025-11-12 05:00:00+00:00,154.85,155.98,154.79,155.37,766193.94
2025-11-12 06:00:00+00:00,155.37,156.45,155.23,155.81,638980.57
2025-11-12 07:00:00+00:00,155.8,156.47,154.71,154.91,576774.74
2025-11-12 08:00:00+00:00,154.91,157.99,154.91,157.86,1158986.05
2025-11-12 09:00:00+00:00,157.86,158.79,157.63,157.96,909142.27
2025-11-12 10:00:00+00:00,157.95,160.33,157.87,160.14,912140.81
2025-11-12 11:00:00+00:00,160.14,161.0,159.36,159.91,970244.12
2025-11-12 12:00:00+00:00,159.91,160.67,159.01,159.76,809589.03
2025-11-12 13:00:00+00:00,159.75,160.96,158.67,160.47,886358.08
2025-11-12 14:00:00+00:00,160.47,160.98,157.06,158.5,2034874.94
2025-11-12 15:00:00+00:00,158.5,159.51,155.15,155.66,2630001.6
2025-11-12 16:00:00+00:00,155.65,156.17,152.07,152.73,3412311.94
2025-11-12 17:00:00+00:00,152.72,154.74,152.25,153.2,1281252.94
2025-11-12 18:00:00+00:00,153.2,154.14,152.66,152.67,1318874.3
2025-11-12 19:00:00+00:00,152.66,153.73,151.06,152.95,1777338.02
2025-11-12 20:00:00+00:00,152.95,154.6,152.45,153.68,953352.06
2025-11-12 21:00:00+00:00,153.68,154.23,153.27,154.04,508328.01
2025-11-12 22:00:00+00:00,154.04,154.05,152.62,153.78,502968.95
2025-11-12 23:00:00+00:00,153.78,153.82,152.75,153.32,431164.06
2025-11-13 00:00:00+00:00,153.32,154.33,152.28,152.92,812314.1
2025-11-13 01:00:00+00:00,152.92,154.39,152.17,152.67,1053368.18
2025-11-13 02:00:00+00:00,152.66,153.34,152.3,152.82,501746.26
2025-11-13 03:00:00+00:00,152.82,155.77,150.29,154.27,2165887.92
2025-11-13 04:00:00+00:00,154.27,154.88,153.31,154.23,973453.85
2025-11-13 05:00:00+00:00,154.23,156.75,153.71,156.08,885528.02
2025-11-13 06:00:00+00:00,156.08,157.07,155.64,156.64,817472.19
2025-11-13 07:00:00+00:00,156.65,157.159,154.74,155.22,1065313.37
2025-11-13 08:00:00+00:00,155.23,156.44,154.85,155.84,655880.57
2025-11-13 09:00:00+00:00,155.85,155.99,153.79,154.93,1053396.64
2025-11-13 10:00:00+00:00,154.94,156.1,154.79,155.32,633193.35
2025-11-13 11:00:00+00:00,155.32,156.43,155.3,156.19,524535.86
2025-11-13 12:00:00+00:00,156.19,156.86,155.69,156.3,535096.14
2025-11-13 13:00:00+00:00,156.31,156.44,153.53,153.74,1267767.31
2025-11-13 14:00:00+00:00,153.75,156.61,152.15,155.25,2689714.63
2025-11-13 15:00:00+00:00,155.26,155.81,152.43,153.05,1879858.3
2025-11-13 16:00:00+00:00,153.05,153.32,150.65,151.03,2041703.26
2025-11-13 17:00:00+00:00,151.03,151.23,146.63,147.04,3025698.63
2025-11-13 18:00:00+00:00,147.04,147.72,144.47,145.34,3017841.23
2025-11-13 19:00:00+00:00,145.34,146.23,141.93,142.64,3103652.14
2025-11-13 20:00:00+00:00,142.65,143.2,140.94,142.63,2767994.95
2025-11-13 21:00:00+00:00,142.64,143.65,141.15,141.97,1648741.69
2025-11-13 22:00:00+00:00,141.98,144.72,141.61,144.48,1247043.49
2025-11-13 23:00:00+00:00,144.49,146.1,143.8,144.62,1467162.85
2025-11-14 00:00:00+00:00,144.63,145.16,142.78,143.19,1412702.05
2025-11-14 01:00:00+00:00,143.19,144.46,142.62,143.59,814880.25
2025-11-14 02:00:00+00:00,143.6,145.6,143.56,145.21,666331.76
2025-11-14 03:00:00+00:00,145.22,145.48,143.56,144.2,613473.3
2025-11-14 04:00:00+00:00,144.21,144.3,138.48,141.81,3153617.71
2025-11-14 05:00:00+00:00,141.81,143.59,141.31,143.09,1598132.87
2025-11-14 06:00:00+00:00,143.1,144.05,139.88,143.88,1841223.85
2025-11-14 07:00:00+00:00,143.88,144.42,142.31,142.77,1597191.89
2025-11-14 08:00:00+00:00,142.77,142.91,141.3,142.41,1056519.65
2025-11-14 09:00:00+00:00,142.42,143.13,140.4,140.86,1169324.35
2025-11-14 10:00:00+00:00,140.87,142.88,140.75,141.88,797185.15
2025-11-14 11:00:00+00:00,141.89,142.15,139.74,140.69,1642738.4
2025-11-14 12:00:00+00:00,140.69,140.7,135.67,138.67,3970919.32
2025-11-14 13:00:00+00:00,138.67,139.72,135.84,138.92,2639706.01
2025-11-14 14:00:00+00:00,138.92,142.78,137.49,142.18,3517691.6
2025-11-14 15:00:00+00:00,142.18,143.72,140.14,142.16,2244015.28
2025-11-14 16:00:00+00:00,142.17,144.2,141.5,143.38,1871860.97
2025-11-14 17:00:00+00:00,143.38,143.91,140.5,141.34,1377089.96
2025-11-14 18:00:00+00:00,141.35,142.86,140.62,141.22,1095804.75
2025-11-14 19:00:00+00:00,141.22,143.56,140.88,143.07,1044988.56
2025-11-14 20:00:00+00:00,143.08,143.17,139.2,139.55,1339826.91
2025-11-14 21:00:00+00:00,139.56,141.17,139.02,140.59,814530.71
2025-11-14 22:00:00+00:00,140.59,141.73,139.55,140.27,679765.6
2025-11-14 23:00:00+00:00,140.27,140.27,137.13,138.83,1004719.4
2025-11-15 00:00:00+00:00,138.84,141.26,138.66,141.03,779452.7
2025-11-15 01:00:00+00:00,141.03,142.27,140.17,141.96,656579.2
2025-11-15 02:00:00+00:00,141.96,143.12,141.52,143.0,583276.51
2025-11-15 03:00:00+00:00,143.01,143.3,142.33,142.46,644391.02
2025-11-15 04:00:00+00:00,142.46,143.03,141.75,142.32,470493.12
2025-11-15 05:00:00+00:00,142.33,143.12,142.25,142.77,327460.0
2025-11-15 06:00:00+00:00,142.78,143.51,142.27,142.59,457193.14
2025-11-15 07:00:00+00:00,142.6,143.3,142.22,142.67,315874.7
2025-11-15 08:00:00+00:00,142.66,142.76,140.39,140.71,698565.68
2025-11-15 09:00:00+00:00,140.7,141.63,140.44,140.86,490757.46
2025-11-15 10:00:00+00:00,140.86,141.33,140.5,141.15,603894.23
2025-11-15 11:00:00+00:00,141.14,141.3,139.85,140.11,505717.46
2025-11-15 12:00:00+00:00,140.11,140.95,139.9,140.8,489777.18
2025-11-15 13:00:00+00:00,140.8,141.88,140.53,141.58,617227.91
2025-11-15 14:00:00+00:00,141.57,141.65,140.66,141.39,419141.48
2025-11-15 15:00:00+00:00,141.38,142.19,141.15,141.64,433470.6
2025-11-15 16:00:00+00:00,141.63,142.74,140.71,142.67,621200.79
2025-11-15 17:00:00+00:00,142.66,144.64,142.39,143.39,1291269.64
2025-11-15 18:00:00+00:00,143.38,143.39,142.1,142.43,410697.4
2025-11-15 19:00:00+00:00,142.43,142.84,141.61,141.7,471922.25
2025-11-15 20:00:00+00:00,141.69,141.9,140.02,140.34,873173.63
2025-11-15 21:00:00+00:00,140.34,140.76,138.51,138.91,786004.86
2025-11-15 22:00:00+00:00,138.9,139.93,138.56,139.76,531421.17
2025-11-15 23:00:00+00:00,139.75,140.13,139.39,139.55,299013.49
2025-11-16 00:00:00+00:00,139.54,139.73,138.54,139.16,437266.13
2025-11-16 01:00:00+00:00,139.16,139.45,137.28,138.71,1011865.99
2025-11-16 02:00:00+00:00,138.7,140.78,138.35,140.77,819320.77
2025-11-16 03:00:00+00:00,140.77,141.42,140.21,141.32,507402.25
2025-11-16 04:00:00+00:00,141.32,141.54,140.63,141.26,323877.19
2025-11-16 05:00:00+00:00,141.25,142.16,141.17,141.4,525784.39
2025-11-16 06:00:00+00:00,141.39,142.09,141.25,141.6,312182.22
2025-11-16 07:00:00+00:00,141.61,142.44,141.13,142.22,399895.11
2025-11-16 08:00:00+00:00,142.23,142.55,141.55,142.14,357773.16
2025-11-16 09:00:00+00:00,142.14,143.33,141.29,143.19,722035.09
2025-11-16 10:00:00+00:00,143.19,143.28,142.63,142.86,493928.69
2025-11-16 11:00:00+00:00,142.86,143.06,139.45,139.87,1614360.48
2025-11-16 12:00:00+00:00,139.87,140.58,139.02,139.98,1131869.86
2025-11-16 13:00:00+00:00,139.97,140.54,138.69,139.38,858320.42
2025-11-16 14:00:00+00:00,139.38,140.79,139.35,140.34,538599.74
2025-11-16 15:00:00+00:00,140.34,140.4,137.03,137.36,1183633.57
2025-11-16 16:00:00+00:00,137.36,138.16,135.23,135.64,2303046.64
2025-11-16 17:00:00+00:00,135.63,136.36,134.3,135.74,1690036.83
2025-11-16 18:00:00+00:00,135.73,138.47,135.15,135.77,1973409.15
2025-11-16 19:00:00+00:00,135.76,137.98,135.65,136.79,1290280.65
2025-11-16 20:00:00+00:00,136.79,138.12,136.56,136.59,506806.41
2025-11-16 21:00:00+00:00,136.59,136.71,135.35,136.38,751639.69
2025-11-16 22:00:00+00:00,136.38,137.91,135.03,137.24,915313.58
2025-11-16 23:00:00+00:00,137.25,138.09,134.74,137.12,2004007.33
2025-11-17 00:00:00+00:00,137.12,139.46,136.02,139.12,1591133.4
2025-11-17 01:00:00+00:00,139.12,139.42,138.2,138.31,751409.25
