timestamp,open,high,low,close,volume
2025-07-10 02:00:00+00:00,3.0891,3.112,3.0868,3.11,4305838.3
2025-07-10 02:15:00+00:00,3.11,3.1379,3.1022,3.1174,5207148.6
2025-07-10 02:30:00+00:00,3.1173,3.1268,3.108,3.1107,2438363.0
2025-07-10 02:45:00+00:00,3.1108,3.1328,3.1093,3.1327,1418807.0
2025-07-10 03:00:00+00:00,3.1327,3.1372,3.1125,3.1129,1723393.3
2025-07-10 03:15:00+00:00,3.1129,3.1257,3.1089,3.1106,1618708.8
2025-07-10 03:30:00+00:00,3.1106,3.1125,3.0987,3.1008,2263824.6
2025-07-10 03:45:00+00:00,3.1008,3.1041,3.0972,3.1033,942108.8
2025-07-10 04:00:00+00:00,3.1033,3.1046,3.0938,3.0972,1258258.6
2025-07-10 04:15:00+00:00,3.0971,3.1198,3.0948,3.1179,2459605.8
2025-07-10 04:30:00+00:00,3.1178,3.1324,3.1178,3.1319,2961965.1
2025-07-10 04:45:00+00:00,3.1319,3.1619,3.1319,3.1542,6443653.9
2025-07-10 05:00:00+00:00,3.1543,3.1878,3.1465,3.1655,4852588.4
2025-07-10 05:15:00+00:00,3.1655,3.1688,3.1559,3.1674,3347576.4
2025-07-10 05:30:00+00:00,3.1675,3.1686,3.1479,3.1485,1971859.0
2025-07-10 05:45:00+00:00,3.1485,3.1564,3.1464,3.1482,1809176.6
2025-07-10 06:00:00+00:00,3.1483,3.1562,3.1404,3.1524,2346460.0
2025-07-10 06:15:00+00:00,3.1525,3.1683,3.1525,3.1639,1983111.1
2025-07-10 06:30:00+00:00,3.1639,3.1686,3.1558,3.168,1710790.2
2025-07-10 06:45:00+00:00,3.1679,3.2034,3.1665,3.199,5322049.6
2025-07-10 07:00:00+00:00,3.1989,3.2383,3.1954,3.2226,7835728.1
2025-07-10 07:15:00+00:00,3.2227,3.2434,3.2212,3.2315,5238430.1
2025-07-10 07:30:00+00:00,3.2314,3.237,3.2164,3.2254,3869397.9
2025-07-10 07:45:00+00:00,3.2254,3.2254,3.2076,3.2113,3156256.3
2025-07-10 08:00:00+00:00,3.2113,3.2176,3.1966,3.2005,3373561.0
2025-07-10 08:15:00+00:00,3.2005,3.2225,3.2005,3.2224,2368645.8
2025-07-10 08:30:00+00:00,3.2225,3.2396,3.2148,3.2394,3506394.7
2025-07-10 08:45:00+00:00,3.2393,3.2518,3.2316,3.2356,3280253.2
2025-07-10 09:00:00+00:00,3.2356,3.2441,3.2279,3.2427,3550825.5
2025-07-10 09:15:00+00:00,3.2427,3.2516,3.23,3.2344,2760324.2
2025-07-10 09:30:00+00:00,3.2344,3.239,3.2262,3.2285,1813621.8
2025-07-10 09:45:00+00:00,3.2285,3.2341,3.209,3.2279,4102411.9
2025-07-10 10:00:00+00:00,3.2278,3.2292,3.2083,3.2104,2380029.8
2025-07-10 10:15:00+00:00,3.2103,3.228,3.2102,3.2191,3638283.2
2025-07-10 10:30:00+00:00,3.2192,3.2384,3.2187,3.2348,2029084.7
2025-07-10 10:45:00+00:00,3.2348,3.2471,3.2294,3.235,2123457.3
2025-07-10 11:00:00+00:00,3.235,3.2384,3.2255,3.2292,1487871.5
2025-07-10 11:15:00+00:00,3.2292,3.2379,3.2259,3.2301,1154784.2
2025-07-10 11:30:00+00:00,3.2302,3.231,3.22,3.2214,1336271.2
2025-07-10 11:45:00+00:00,3.2217,3.2293,3.2147,3.229,3008549.0
2025-07-10 12:00:00+00:00,3.229,3.2309,3.2162,3.2172,2126768.9
2025-07-10 12:15:00+00:00,3.2171,3.2286,3.2071,3.2249,2809945.8
2025-07-10 12:30:00+00:00,3.225,3.2361,3.2196,3.2281,2728579.2
2025-07-10 12:45:00+00:00,3.2282,3.2562,3.2257,3.2519,4416918.8
2025-07-10 13:00:00+00:00,3.2519,3.272,3.2448,3.2699,7422543.1
2025-07-10 13:15:00+00:00,3.27,3.2748,3.2505,3.2536,4145042.6
2025-07-10 13:30:00+00:00,3.2537,3.2574,3.2303,3.2454,5463026.6
2025-07-10 13:45:00+00:00,3.2455,3.256,3.2261,3.2341,4436676.4
2025-07-10 14:00:00+00:00,3.2341,3.2358,3.2113,3.2275,5097486.6
2025-07-10 14:15:00+00:00,3.2274,3.2368,3.2061,3.2155,4264293.0
2025-07-10 14:30:00+00:00,3.2156,3.229,3.2151,3.223,2642267.4
2025-07-10 14:45:00+00:00,3.223,3.223,3.2125,3.2191,1412159.4
2025-07-10 15:00:00+00:00,3.2191,3.2244,3.2101,3.2127,2880958.1
2025-07-10 15:15:00+00:00,3.2128,3.2376,3.2128,3.232,2769395.8
2025-07-10 15:30:00+00:00,3.232,3.2354,3.2168,3.2269,1699588.4
2025-07-10 15:45:00+00:00,3.2271,3.2384,3.2246,3.2355,1279392.3
2025-07-10 16:00:00+00:00,3.2356,3.2421,3.2308,3.2398,2220581.1
2025-07-10 16:15:00+00:00,3.2399,3.2838,3.2385,3.2738,6937117.6
2025-07-10 16:30:00+00:00,3.2739,3.342,3.2734,3.335,12789712.2
2025-07-10 16:45:00+00:00,3.3351,3.3486,3.3149,3.3415,8145523.8
2025-07-10 17:00:00+00:00,3.3416,3.3868,3.3261,3.3836,10764342.3
2025-07-10 17:15:00+00:00,3.3835,3.3847,3.3581,3.3829,5592686.2
2025-07-10 17:30:00+00:00,3.3829,3.3986,3.3751,3.3958,6846737.8
2025-07-10 17:45:00+00:00,3.3958,3.4414,3.3806,3.4299,8346743.4
2025-07-10 18:00:00+00:00,3.4298,3.4318,3.4012,3.4075,6107823.2
2025-07-10 18:15:00+00:00,3.4075,3.4265,3.394,3.3951,6044200.6
2025-07-10 18:30:00+00:00,3.3951,3.4103,3.3877,3.3957,4684909.7
2025-07-10 18:45:00+00:00,3.3957,3.416,3.3868,3.4148,3283116.3
2025-07-10 19:00:00+00:00,3.4148,3.4347,3.4126,3.4319,3423904.1
2025-07-10 19:15:00+00:00,3.4319,3.4326,3.4124,3.4133,2562268.3
2025-07-10 19:30:00+00:00,3.4134,3.4217,3.4042,3.4177,2454014.9
2025-07-10 19:45:00+00:00,3.4177,3.4187,3.4095,3.413,1691052.5
2025-07-10 20:00:00+00:00,3.4129,3.4273,3.409,3.4169,3287634.0
2025-07-10 20:15:00+00:00,3.4169,3.4235,3.4117,3.4183,919179.1
2025-07-10 20:30:00+00:00,3.4183,3.432,3.4136,3.432,1543377.2
2025-07-10 20:45:00+00:00,3.432,3.4321,3.4031,3.4157,2679913.4
2025-07-10 21:00:00+00:00,3.4156,3.4315,3.4106,3.4239,2730985.6
2025-07-10 21:15:00+00:00,3.4238,3.4809,3.4188,3.4375,15456765.8
2025-07-10 21:30:00+00:00,3.4376,3.475,3.4375,3.4625,5801267.0
2025-07-10 21:45:00+00:00,3.462,3.473,3.4388,3.4618,4382636.9
2025-07-10 22:00:00+00:00,3.4615,3.4879,3.4478,3.4835,5602972.1
2025-07-10 22:15:00+00:00,3.4836,3.4934,3.4529,3.4676,4707154.8
2025-07-10 22:30:00+00:00,3.4677,3.4723,3.4556,3.469,3112915.1
2025-07-10 22:45:00+00:00,3.4691,3.4768,3.4661,3.4693,2097972.1
2025-07-10 23:00:00+00:00,3.4693,3.479,3.4543,3.4789,3178503.9
2025-07-10 23:15:00+00:00,3.479,3.4796,3.4585,3.4654,2496804.3
2025-07-10 23:30:00+00:00,3.4653,3.484,3.455,3.4773,4045322.3
2025-07-10 23:45:00+00:00,3.4774,3.501,3.4704,3.4901,3503055.9
2025-07-11 00:00:00+00:00,3.4901,3.5107,3.4637,3.465,6157044.2
2025-07-11 00:15:00+00:00,3.465,3.4696,3.3841,3.4176,14068897.5
2025-07-11 00:30:00+00:00,3.4176,3.4321,3.405,3.4149,3917853.2
2025-07-11 00:45:00+00:00,3.4148,3.4402,3.4107,3.4348,2265337.9
2025-07-11 01:00:00+00:00,3.4348,3.4479,3.4239,3.4436,2321811.8
2025-07-11 01:15:00+00:00,3.4436,3.4664,3.4409,3.4594,2314835.6
2025-07-11 01:30:00+00:00,3.4594,3.4789,3.4551,3.4772,1775728.7
2025-07-11 01:45:00+00:00,3.4773,3.4793,3.4664,3.4778,1415197.4
2025-07-11 02:00:00+00:00,3.4778,3.4876,3.4691,3.4863,1761174.1
2025-07-11 02:15:00+00:00,3.4864,3.4944,3.4678,3.4733,3518473.7
2025-07-11 02:30:00+00:00,3.4732,3.48,3.4664,3.4769,2726655.3
2025-07-11 02:45:00+00:00,3.4769,3.5028,3.4753,3.4914,2884861.6
2025-07-11 03:00:00+00:00,3.4914,3.4946,3.4755,3.4764,1933983.1
2025-07-11 03:15:00+00:00,3.4764,3.4904,3.4733,3.4849,1140407.8
2025-07-11 03:30:00+00:00,3.4849,3.488,3.4599,3.4777,2502170.8
2025-07-11 03:45:00+00:00,3.4777,3.4975,3.4753,3.4953,1614037.3
2025-07-11 04:00:00+00:00,3.4953,3.4953,3.462,3.4642,2767311.5
2025-07-11 04:15:00+00:00,3.4641,3.4807,3.4623,3.4773,2423206.9
2025-07-11 04:30:00+00:00,3.4774,3.4874,3.4689,3.481,1707873.0
2025-07-11 04:45:00+00:00,3.4811,3.4928,3.4802,3.4881,1940621.8
2025-07-11 05:00:00+00:00,3.4881,3.5177,3.4839,3.5051,6093178.6
2025-07-11 05:15:00+00:00,3.5049,3.5319,3.5028,3.5186,7757784.2
2025-07-11 05:30:00+00:00,3.5186,3.5322,3.5104,3.5285,3992812.5
2025-07-11 05:45:00+00:00,3.5285,3.5518,3.5135,3.5146,6266656.1
2025-07-11 06:00:00+00:00,3.5147,3.5341,3.5033,3.5214,3671307.9
2025-07-11 06:15:00+00:00,3.5211,3.5268,3.5082,3.5122,1916770.0
2025-07-11 06:30:00+00:00,3.5122,3.5148,3.4776,3.4831,4319331.4
2025-07-11 06:45:00+00:00,3.4831,3.4865,3.4494,3.4691,6996024.6
2025-07-11 07:00:00+00:00,3.469,3.469,3.4371,3.4396,5980046.4
2025-07-11 07:15:00+00:00,3.4395,3.4996,3.439,3.4957,4079346.3
2025-07-11 07:30:00+00:00,3.4957,3.4989,3.4875,3.4946,2016507.7
2025-07-11 07:45:00+00:00,3.4945,3.5065,3.4794,3.4838,4103278.2
2025-07-11 08:00:00+00:00,3.4837,3.4968,3.4837,3.4846,2914981.5
2025-07-11 08:15:00+00:00,3.4846,3.5032,3.4768,3.503,2041006.7
2025-07-11 08:30:00+00:00,3.503,3.5095,3.4929,3.5085,2484166.6
2025-07-11 08:45:00+00:00,3.5085,3.5096,3.4979,3.5069,1624824.9
2025-07-11 09:00:00+00:00,3.5068,3.514,3.4909,3.5123,2211957.6
2025-07-11 09:15:00+00:00,3.5122,3.5344,3.511,3.524,2748629.7
2025-07-11 09:30:00+00:00,3.524,3.5419,3.5158,3.5347,3531690.9
2025-07-11 09:45:00+00:00,3.5347,3.5401,3.5166,3.5311,2192285.3
2025-07-11 10:00:00+00:00,3.5311,3.5318,3.5141,3.5181,2339365.9
2025-07-11 10:15:00+00:00,3.5182,3.5347,3.5182,3.5327,1784443.7
2025-07-11 10:30:00+00:00,3.5328,3.5394,3.5009,3.5296,4398550.3
2025-07-11 10:45:00+00:00,3.5297,3.5309,3.5098,3.5217,1527015.1
2025-07-11 11:00:00+00:00,3.5218,3.5363,3.5091,3.5104,2763473.9
2025-07-11 11:15:00+00:00,3.5104,3.5166,3.5007,3.5131,2732092.4
2025-07-11 11:30:00+00:00,3.513,3.5262,3.513,3.5163,1748097.5
2025-07-11 11:45:00+00:00,3.5162,3.5233,3.505,3.5172,1666211.6
2025-07-11 12:00:00+00:00,3.5173,3.5291,3.5066,3.5279,2147842.9
2025-07-11 12:15:00+00:00,3.5279,3.5279,3.494,3.4991,2163995.9
2025-07-11 12:30:00+00:00,3.4992,3.5123,3.4849,3.4948,5322663.6
2025-07-11 12:45:00+00:00,3.4948,3.5255,3.4933,3.5241,2463878.9
2025-07-11 13:00:00+00:00,3.5242,3.5506,3.4938,3.5286,8573240.3
2025-07-11 13:15:00+00:00,3.5286,3.5355,3.5068,3.5168,2811267.0
2025-07-11 13:30:00+00:00,3.5168,3.5258,3.4901,3.5102,3387378.8
2025-07-11 13:45:00+00:00,3.5103,3.5571,3.5021,3.5398,5534487.1
2025-07-11 14:00:00+00:00,3.5399,3.5464,3.5186,3.5352,3409024.2
2025-07-11 14:15:00+00:00,3.5353,3.5696,3.5305,3.5626,4778187.4
2025-07-11 14:30:00+00:00,3.5626,3.5715,3.5447,3.5646,4788278.9
2025-07-11 14:45:00+00:00,3.5645,3.5699,3.5258,3.5414,5096314.8
2025-07-11 15:00:00+00:00,3.5413,3.5501,3.5207,3.5346,3724973.4
2025-07-11 15:15:00+00:00,3.5344,3.5591,3.5251,3.5587,4041410.0
2025-07-11 15:30:00+00:00,3.5588,3.5602,3.5269,3.5418,4186331.0
2025-07-11 15:45:00+00:00,3.5419,3.5419,3.46,3.47,12982461.0
2025-07-11 16:00:00+00:00,3.4699,3.4957,3.4399,3.4564,16149402.5
2025-07-11 16:15:00+00:00,3.4563,3.4693,3.4305,3.4691,7444169.0
2025-07-11 16:30:00+00:00,3.4691,3.4733,3.4511,3.4587,2493964.6
2025-07-11 16:45:00+00:00,3.4588,3.4672,3.4398,3.4612,2538455.1
2025-07-11 17:00:00+00:00,3.4612,3.4796,3.4559,3.4581,3037072.8
2025-07-11 17:15:00+00:00,3.4581,3.4817,3.4568,3.4808,3147116.2
2025-07-11 17:30:00+00:00,3.4809,3.4875,3.4574,3.4646,2188149.6
2025-07-11 17:45:00+00:00,3.4647,3.4737,3.46,3.4729,1405853.2
2025-07-11 18:00:00+00:00,3.4729,3.4829,3.4648,3.4822,1818852.4
2025-07-11 18:15:00+00:00,3.4822,3.4895,3.465,3.4666,2266595.9
2025-07-11 18:30:00+00:00,3.4667,3.4802,3.4641,3.4791,1032632.2
2025-07-11 18:45:00+00:00,3.4792,3.4841,3.4656,3.48,1561973.4
2025-07-11 19:00:00+00:00,3.48,3.48,3.4592,3.4701,1773711.0
2025-07-11 19:15:00+00:00,3.4702,3.495,3.4698,3.4789,2572759.3
2025-07-11 19:30:00+00:00,3.479,3.5087,3.474,3.497,2857797.7
2025-07-11 19:45:00+00:00,3.4971,3.5149,3.4971,3.5143,1922704.0
2025-07-11 20:00:00+00:00,3.5144,3.515,3.5007,3.501,1673208.2
2025-07-11 20:15:00+00:00,3.501,3.5085,3.4818,3.4831,2148582.7
2025-07-11 20:30:00+00:00,3.4832,3.4833,3.4577,3.4643,3009145.5
2025-07-11 20:45:00+00:00,3.4643,3.4671,3.4361,3.4372,2798784.8
2025-07-11 21:00:00+00:00,3.4372,3.4518,3.4001,3.4218,6991512.3
2025-07-11 21:15:00+00:00,3.4219,3.4461,3.4129,3.4461,2023898.6
2025-07-11 21:30:00+00:00,3.446,3.447,3.383,3.3893,3967741.2
2025-07-11 21:45:00+00:00,3.3888,3.4191,3.3848,3.41,2555713.9
2025-07-11 22:00:00+00:00,3.41,3.4171,3.3769,3.378,3319447.4
2025-07-11 22:15:00+00:00,3.378,3.3812,3.2936,3.3256,12710006.2
2025-07-11 22:30:00+00:00,3.3256,3.3658,3.3181,3.3381,7643020.8
2025-07-11 22:45:00+00:00,3.3381,3.3603,3.3364,3.3588,2847141.3
2025-07-11 23:00:00+00:00,3.3588,3.3889,3.3549,3.3875,3266780.8
2025-07-11 23:15:00+00:00,3.3876,3.3897,3.3802,3.3876,1428789.6
2025-07-11 23:30:00+00:00,3.3876,3.3979,3.3779,3.3943,1726745.6
2025-07-11 23:45:00+00:00,3.3943,3.3972,3.3843,3.3862,660223.9
2025-07-12 00:00:00+00:00,3.3863,3.3998,3.3794,3.3887,1736496.2
2025-07-12 00:15:00+00:00,3.3887,3.3923,3.3681,3.3817,2052014.1
2025-07-12 00:30:00+00:00,3.3817,3.3817,3.3523,3.3641,3210900.4
2025-07-12 00:45:00+00:00,3.3641,3.3923,3.3626,3.3912,1382895.0
2025-07-12 01:00:00+00:00,3.3912,3.4449,3.3912,3.4406,4762347.0
2025-07-12 01:15:00+00:00,3.4406,3.4478,3.4195,3.4284,3461693.4
2025-07-12 01:30:00+00:00,3.4284,3.4367,3.4237,3.4363,1037715.4
2025-07-12 01:45:00+00:00,3.4363,3.4385,3.4273,3.4371,1209644.9
2025-07-12 02:00:00+00:00,3.4371,3.4515,3.431,3.4459,2120300.0
2025-07-12 02:15:00+00:00,3.4458,3.4632,3.445,3.4578,2083358.5
2025-07-12 02:30:00+00:00,3.4577,3.463,3.4548,3.4605,1225240.3
2025-07-12 02:45:00+00:00,3.4604,3.4604,3.4373,3.4393,1728077.2
2025-07-12 03:00:00+00:00,3.4392,3.4536,3.4369,3.4426,1190274.6
2025-07-12 03:15:00+00:00,3.4426,3.4475,3.4387,3.4398,811246.2
2025-07-12 03:30:00+00:00,3.4398,3.4399,3.4284,3.4299,1333488.5
2025-07-12 03:45:00+00:00,3.4298,3.436,3.4176,3.4339,1857800.6
2025-07-12 04:00:00+00:00,3.434,3.4392,3.4296,3.4377,939789.5
2025-07-12 04:15:00+00:00,3.4377,3.4397,3.4103,3.4248,2219974.3
2025-07-12 04:30:00+00:00,3.4247,3.4248,3.4061,3.4146,1265480.2
2025-07-12 04:45:00+00:00,3.4144,3.4145,3.4,3.4029,1625338.9
2025-07-12 05:00:00+00:00,3.4028,3.4156,3.3758,3.3823,3984853.5
2025-07-12 05:15:00+00:00,3.3823,3.4238,3.3792,3.4121,2211949.5
2025-07-12 05:30:00+00:00,3.412,3.4191,3.399,3.4012,1108251.1
2025-07-12 05:45:00+00:00,3.4012,3.4097,3.3958,3.3972,998552.9
2025-07-12 06:00:00+00:00,3.3972,3.3986,3.3778,3.3851,1710167.8
2025-07-12 06:15:00+00:00,3.3852,3.4065,3.3817,3.4024,1642514.5
2025-07-12 06:30:00+00:00,3.4023,3.4285,3.3962,3.4248,2209589.1
2025-07-12 06:45:00+00:00,3.4248,3.4269,3.416,3.4161,1161453.8
2025-07-12 07:00:00+00:00,3.4161,3.439,3.414,3.4328,2098441.1
2025-07-12 07:15:00+00:00,3.4328,3.4462,3.4233,3.4342,1982678.4
2025-07-12 07:30:00+00:00,3.4343,3.4348,3.4165,3.4275,1219481.8
2025-07-12 07:45:00+00:00,3.4275,3.4338,3.4212,3.4323,839256.4
2025-07-12 08:00:00+00:00,3.4322,3.4445,3.4317,3.4423,1095406.4
2025-07-12 08:15:00+00:00,3.4423,3.4453,3.4334,3.4346,1236011.6
2025-07-12 08:30:00+00:00,3.4345,3.4414,3.4285,3.4401,1124107.7
2025-07-12 08:45:00+00:00,3.4401,3.4489,3.4267,3.4436,1455445.2
2025-07-12 09:00:00+00:00,3.4436,3.4485,3.4362,3.4472,777843.6
2025-07-12 09:15:00+00:00,3.4473,3.4577,3.4385,3.443,1736995.6
2025-07-12 09:30:00+00:00,3.443,3.4595,3.4412,3.4569,1189537.4
2025-07-12 09:45:00+00:00,3.4569,3.4677,3.4455,3.4468,1767845.7
2025-07-12 10:00:00+00:00,3.4468,3.4506,3.4321,3.4368,1672859.2
2025-07-12 10:15:00+00:00,3.4368,3.4429,3.4324,3.4363,990803.9
2025-07-12 10:30:00+00:00,3.4363,3.4551,3.4332,3.4536,943266.2
2025-07-12 10:45:00+00:00,3.4536,3.4546,3.4371,3.4417,693467.6
2025-07-12 11:00:00+00:00,3.4418,3.4454,3.4333,3.4362,759534.2
2025-07-12 11:15:00+00:00,3.4363,3.4416,3.4321,3.44,638392.0
2025-07-12 11:30:00+00:00,3.44,3.44,3.4133,3.4156,2758595.3
2025-07-12 11:45:00+00:00,3.4157,3.431,3.4156,3.4238,1278547.4
2025-07-12 12:00:00+00:00,3.4237,3.4319,3.4124,3.4156,1211353.5
2025-07-12 12:15:00+00:00,3.4155,3.4156,3.3923,3.4008,2363123.2
2025-07-12 12:30:00+00:00,3.4007,3.4079,3.3709,3.3751,3810025.2
2025-07-12 12:45:00+00:00,3.3751,3.3771,3.334,3.3657,7492241.8
2025-07-12 13:00:00+00:00,3.3657,3.3739,3.3575,3.3717,2655651.7
2025-07-12 13:15:00+00:00,3.3716,3.3723,3.3457,3.3495,2398603.8
2025-07-12 13:30:00+00:00,3.3494,3.3693,3.3228,3.3395,5377998.7
2025-07-12 13:45:00+00:00,3.3395,3.367,3.3349,3.3669,2411592.6
2025-07-12 14:00:00+00:00,3.367,3.4002,3.3568,3.3948,3323213.6
2025-07-12 14:15:00+00:00,3.3945,3.396,3.3813,3.3925,1824143.0
2025-07-12 14:30:00+00:00,3.3925,3.3925,3.3645,3.3799,1625498.9
2025-07-12 14:45:00+00:00,3.38,3.3809,3.3497,3.3537,1904342.1
2025-07-12 15:00:00+00:00,3.3536,3.3576,3.3374,3.3426,2362877.0
2025-07-12 15:15:00+00:00,3.3428,3.3663,3.3312,3.345,2688811.9
2025-07-12 15:30:00+00:00,3.3452,3.354,3.3069,3.3128,5343862.6
2025-07-12 15:45:00+00:00,3.3129,3.3314,3.3094,3.3245,2373143.5
2025-07-12 16:00:00+00:00,3.3244,3.3532,3.3121,3.3468,2835520.9
2025-07-12 16:15:00+00:00,3.3467,3.3628,3.3413,3.3501,2449469.0
2025-07-12 16:30:00+00:00,3.3501,3.3633,3.3465,3.3546,1354179.8
2025-07-12 16:45:00+00:00,3.3547,3.3606,3.3364,3.3407,1140162.5
2025-07-12 17:00:00+00:00,3.3407,3.3639,3.3377,3.3619,1330365.5
2025-07-12 17:15:00+00:00,3.3619,3.3789,3.3618,3.3755,1076428.9
2025-07-12 17:30:00+00:00,3.3754,3.3809,3.3656,3.37,1148868.9
2025-07-12 17:45:00+00:00,3.3701,3.3818,3.37,3.3776,1221584.3
2025-07-12 18:00:00+00:00,3.3775,3.3903,3.3759,3.3832,1411838.6
2025-07-12 18:15:00+00:00,3.3831,3.3847,3.369,3.3827,1349113.1
2025-07-12 18:30:00+00:00,3.3827,3.3992,3.3825,3.3892,1745879.8
2025-07-12 18:45:00+00:00,3.3891,3.404,3.3891,3.4003,1640725.4
2025-07-12 19:00:00+00:00,3.4003,3.4051,3.3923,3.3937,1054723.0
2025-07-12 19:15:00+00:00,3.3938,3.3973,3.3817,3.3859,2352869.4
2025-07-12 19:30:00+00:00,3.3859,3.4033,3.3828,3.3984,902563.4
2025-07-12 19:45:00+00:00,3.3985,3.4007,3.3935,3.3996,519520.2
2025-07-12 20:00:00+00:00,3.3996,3.4085,3.3759,3.3931,2296359.3
2025-07-12 20:15:00+00:00,3.3931,3.3956,3.3808,3.381,1288374.1
2025-07-12 20:30:00+00:00,3.3809,3.383,3.3588,3.3657,2112815.1
2025-07-12 20:45:00+00:00,3.3656,3.3678,3.3406,3.346,1331382.8
2025-07-12 21:00:00+00:00,3.346,3.3716,3.3454,3.3559,1741674.6
2025-07-12 21:15:00+00:00,3.356,3.374,3.3539,3.3702,1162561.0
2025-07-12 21:30:00+00:00,3.3702,3.3852,3.365,3.3838,718012.1
2025-07-12 21:45:00+00:00,3.3838,3.3902,3.379,3.3873,1204936.6
2025-07-12 22:00:00+00:00,3.3874,3.393,3.3726,3.3813,1251718.9
2025-07-12 22:15:00+00:00,3.3813,3.3837,3.3596,3.378,1381057.0
2025-07-12 22:30:00+00:00,3.378,3.389,3.3762,3.3889,886893.0
2025-07-12 22:45:00+00:00,3.389,3.391,3.3726,3.3861,733482.9
2025-07-12 23:00:00+00:00,3.3861,3.3897,3.3723,3.3812,727129.6
2025-07-12 23:15:00+00:00,3.3813,3.391,3.3811,3.3839,839307.2
2025-07-12 23:30:00+00:00,3.3839,3.3909,3.3768,3.3803,540488.9
2025-07-12 23:45:00+00:00,3.3804,3.4065,3.3779,3.4007,2054526.6
2025-07-13 00:00:00+00:00,3.4008,3.4057,3.3869,3.3945,1766410.5
2025-07-13 00:15:00+00:00,3.3945,3.4137,3.3867,3.3994,1600370.0
2025-07-13 00:30:00+00:00,3.3992,3.4005,3.3773,3.3982,1163265.2
2025-07-13 00:45:00+00:00,3.3982,3.3982,3.3829,3.3847,629817.0
2025-07-13 01:00:00+00:00,3.3846,3.3962,3.3832,3.3866,705156.9
2025-07-13 01:15:00+00:00,3.3867,3.3922,3.3808,3.3858,765343.9
2025-07-13 01:30:00+00:00,3.3859,3.4033,3.3827,3.3971,790592.2
2025-07-13 01:45:00+00:00,3.3971,3.4108,3.3971,3.4044,1574511.7
2025-07-13 02:00:00+00:00,3.4044,3.4077,3.3972,3.3986,1157817.1
2025-07-13 02:15:00+00:00,3.3987,3.3987,3.385,3.392,997281.0
2025-07-13 02:30:00+00:00,3.392,3.3991,3.3828,3.3991,755580.8
2025-07-13 02:45:00+00:00,3.3991,3.419,3.3981,3.4135,1591468.4
2025-07-13 03:00:00+00:00,3.4134,3.4237,3.4005,3.4012,1787057.3
2025-07-13 03:15:00+00:00,3.4012,3.4125,3.3987,3.407,853125.0
2025-07-13 03:30:00+00:00,3.4069,3.4205,3.4065,3.4113,1416762.3
2025-07-13 03:45:00+00:00,3.4112,3.4188,3.4061,3.4167,685865.8
2025-07-13 04:00:00+00:00,3.417,3.4185,3.404,3.4079,832769.5
2025-07-13 04:15:00+00:00,3.4078,3.409,3.4,3.4008,714277.7
2025-07-13 04:30:00+00:00,3.4008,3.4129,3.3996,3.405,747481.9
2025-07-13 04:45:00+00:00,3.405,3.4266,3.4039,3.4247,1482617.7
2025-07-13 05:00:00+00:00,3.4247,3.4383,3.4171,3.4327,2836320.7
2025-07-13 05:15:00+00:00,3.4327,3.4343,3.4171,3.4237,964639.3
2025-07-13 05:30:00+00:00,3.4238,3.4308,3.4169,3.4174,857156.2
2025-07-13 05:45:00+00:00,3.4174,3.4174,3.4046,3.4062,1281594.9
2025-07-13 06:00:00+00:00,3.4062,3.4183,3.4024,3.4179,872309.2
2025-07-13 06:15:00+00:00,3.4179,3.4241,3.4146,3.4192,644673.1
2025-07-13 06:30:00+00:00,3.4193,3.4282,3.4157,3.4242,1260876.1
2025-07-13 06:45:00+00:00,3.4243,3.4256,3.4146,3.416,769956.1
2025-07-13 07:00:00+00:00,3.4159,3.431,3.4126,3.4307,953400.9
2025-07-13 07:15:00+00:00,3.4308,3.4408,3.4301,3.436,1727507.4
2025-07-13 07:30:00+00:00,3.4361,3.4483,3.4321,3.4372,1994937.3
2025-07-13 07:45:00+00:00,3.4372,3.4388,3.4325,3.4381,1138582.4
2025-07-13 08:00:00+00:00,3.4382,3.4396,3.4252,3.4298,1419698.6
2025-07-13 08:15:00+00:00,3.4299,3.4564,3.4215,3.4476,3001510.6
2025-07-13 08:30:00+00:00,3.4477,3.4546,3.428,3.4313,1776528.7
2025-07-13 08:45:00+00:00,3.4312,3.4332,3.416,3.4331,2556578.1
2025-07-13 09:00:00+00:00,3.4332,3.4373,3.4275,3.4365,860093.0
2025-07-13 09:15:00+00:00,3.4365,3.4377,3.4221,3.4247,1346288.7
2025-07-13 09:30:00+00:00,3.4247,3.4247,3.4046,3.4153,1892012.8
2025-07-13 09:45:00+00:00,3.4154,3.4168,3.4033,3.4168,812378.0
2025-07-13 10:00:00+00:00,3.4168,3.4299,3.4158,3.4286,1476025.7
2025-07-13 10:15:00+00:00,3.4286,3.4405,3.426,3.4384,1072867.6
2025-07-13 10:30:00+00:00,3.4384,3.4394,3.4268,3.4283,512017.5
2025-07-13 10:45:00+00:00,3.4284,3.4297,3.4147,3.4199,869024.8
2025-07-13 11:00:00+00:00,3.4199,3.4357,3.4178,3.4353,893009.1
2025-07-13 11:15:00+00:00,3.4354,3.448,3.4241,3.4428,2733177.1
2025-07-13 11:30:00+00:00,3.4428,3.4438,3.4336,3.4344,973232.8
2025-07-13 11:45:00+00:00,3.4344,3.4497,3.4282,3.4477,1481723.9
2025-07-13 12:00:00+00:00,3.4477,3.4545,3.4372,3.4468,2493173.7
2025-07-13 12:15:00+00:00,3.4468,3.4584,3.4411,3.4509,1497561.0
2025-07-13 12:30:00+00:00,3.4509,3.4588,3.4445,3.4525,1529154.7
2025-07-13 12:45:00+00:00,3.4524,3.4665,3.4408,3.454,3671322.9
2025-07-13 13:00:00+00:00,3.4541,3.4634,3.4269,3.4289,3024985.7
2025-07-13 13:15:00+00:00,3.4289,3.4422,3.4289,3.4395,1096127.8
2025-07-13 13:30:00+00:00,3.4395,3.4626,3.439,3.4578,1882365.8
2025-07-13 13:45:00+00:00,3.4577,3.4724,3.4514,3.4585,2384528.0
2025-07-13 14:00:00+00:00,3.4585,3.461,3.4466,3.4555,1238772.0
2025-07-13 14:15:00+00:00,3.4555,3.5394,3.4541,3.5171,15461146.4
2025-07-13 14:30:00+00:00,3.5171,3.5176,3.4858,3.4897,4169798.0
2025-07-13 14:45:00+00:00,3.4897,3.5031,3.4611,3.482,4384856.3
2025-07-13 15:00:00+00:00,3.482,3.5062,3.4781,3.5046,3387559.4
2025-07-13 15:15:00+00:00,3.5048,3.5192,3.4879,3.4998,2920765.2
2025-07-13 15:30:00+00:00,3.4998,3.4999,3.465,3.4704,2342244.5
2025-07-13 15:45:00+00:00,3.4703,3.4778,3.4637,3.4716,1344735.5
2025-07-13 16:00:00+00:00,3.4716,3.5005,3.4693,3.4937,2813272.9
2025-07-13 16:15:00+00:00,3.4937,3.51,3.4922,3.4996,1928974.2
2025-07-13 16:30:00+00:00,3.4995,3.509,3.4849,3.5018,1921297.3
2025-07-13 16:45:00+00:00,3.5018,3.5018,3.4708,3.474,1789203.9
2025-07-13 17:00:00+00:00,3.4739,3.4847,3.465,3.4792,1851369.5
2025-07-13 17:15:00+00:00,3.4791,3.4949,3.467,3.4934,1059686.3
2025-07-13 17:30:00+00:00,3.4935,3.5052,3.4912,3.5039,1045537.4
2025-07-13 17:45:00+00:00,3.504,3.5084,3.4925,3.5019,1322339.4
2025-07-13 18:00:00+00:00,3.502,3.5074,3.4954,3.4998,910529.4
2025-07-13 18:15:00+00:00,3.4997,3.5144,3.4934,3.5134,1840009.8
2025-07-13 18:30:00+00:00,3.5134,3.5149,3.5034,3.5085,1074102.8
2025-07-13 18:45:00+00:00,3.5086,3.5268,3.5026,3.5149,2144145.1
2025-07-13 19:00:00+00:00,3.5149,3.517,3.5058,3.5127,1242099.6
2025-07-13 19:15:00+00:00,3.5126,3.5232,3.5059,3.5213,982145.7
2025-07-13 19:30:00+00:00,3.5213,3.53,3.4825,3.4992,3284035.3
2025-07-13 19:45:00+00:00,3.4992,3.5025,3.4834,3.4838,1300855.5
2025-07-13 20:00:00+00:00,3.4838,3.4944,3.4738,3.4938,1689057.4
2025-07-13 20:15:00+00:00,3.4938,3.5092,3.4935,3.5066,2159217.5
2025-07-13 20:30:00+00:00,3.5067,3.5079,3.4917,3.4919,838354.2
2025-07-13 20:45:00+00:00,3.492,3.4936,3.4855,3.4925,746349.5
2025-07-13 21:00:00+00:00,3.4924,3.4939,3.475,3.4782,1194423.6
2025-07-13 21:15:00+00:00,3.4781,3.4825,3.4732,3.4746,551061.1
2025-07-13 21:30:00+00:00,3.4746,3.4757,3.4306,3.4434,5242132.6
2025-07-13 21:45:00+00:00,3.4436,3.4564,3.4419,3.4557,1992035.6
2025-07-13 22:00:00+00:00,3.4557,3.4615,3.4414,3.4441,1947042.0
2025-07-13 22:15:00+00:00,3.4441,3.4554,3.4222,3.4332,2576424.0
2025-07-13 22:30:00+00:00,3.4331,3.4607,3.4315,3.4579,1696882.9
2025-07-13 22:45:00+00:00,3.458,3.4608,3.4486,3.4496,755465.1
2025-07-13 23:00:00+00:00,3.4495,3.4707,3.4482,3.466,1477037.5
2025-07-13 23:15:00+00:00,3.466,3.4773,3.4616,3.468,1350326.6
2025-07-13 23:30:00+00:00,3.4679,3.4892,3.4674,3.4809,1221675.8
2025-07-13 23:45:00+00:00,3.4808,3.494,3.4777,3.4887,1066640.6
2025-07-14 00:00:00+00:00,3.4887,3.5163,3.4864,3.5154,2677296.1
2025-07-14 00:15:00+00:00,3.5154,3.5821,3.5082,3.5752,9273899.6
2025-07-14 00:30:00+00:00,3.5751,3.6556,3.5555,3.6403,11461998.5
2025-07-14 00:45:00+00:00,3.6404,3.6676,3.625,3.6408,7274034.5
2025-07-14 01:00:00+00:00,3.6409,3.6758,3.6225,3.6304,7803402.8
2025-07-14 01:15:00+00:00,3.6303,3.663,3.6259,3.643,4699212.2
2025-07-14 01:30:00+00:00,3.643,3.7,3.6367,3.6929,6234147.6
2025-07-14 01:45:00+00:00,3.6928,3.727,3.6813,3.7187,6190879.8
2025-07-14 02:00:00+00:00,3.7188,3.745,3.7085,3.7413,6327155.1
2025-07-14 02:15:00+00:00,3.7414,3.7609,3.7342,3.759,7314615.4
2025-07-14 02:30:00+00:00,3.7589,3.7869,3.7456,3.7658,6909644.6
2025-07-14 02:45:00+00:00,3.7657,3.7867,3.75,3.7669,4501564.8
2025-07-14 03:00:00+00:00,3.7671,3.8035,3.7569,3.8014,4918878.3
2025-07-14 03:15:00+00:00,3.8015,3.863,3.7932,3.8511,7406181.3
2025-07-14 03:30:00+00:00,3.851,3.8618,3.8242,3.8445,7015517.0
2025-07-14 03:45:00+00:00,3.8444,3.846,3.8,3.8293,6881805.6
2025-07-14 04:00:00+00:00,3.8293,3.8363,3.794,3.8296,6554586.2
2025-07-14 04:15:00+00:00,3.8296,3.876,3.8276,3.8731,6878678.8
2025-07-14 04:30:00+00:00,3.8731,3.8754,3.8527,3.8646,4059491.7
2025-07-14 04:45:00+00:00,3.8645,3.8709,3.8541,3.8642,2410924.5
2025-07-14 05:00:00+00:00,3.8643,3.8888,3.85,3.8844,3949979.7
2025-07-14 05:15:00+00:00,3.8845,3.9039,3.8655,3.8978,5781480.0
2025-07-14 05:30:00+00:00,3.8978,3.9,3.855,3.86,5583294.1
2025-07-14 05:45:00+00:00,3.8599,3.8765,3.8071,3.8591,10160801.7
2025-07-14 06:00:00+00:00,3.8593,3.8682,3.8253,3.8404,5324296.5
2025-07-14 06:15:00+00:00,3.8404,3.9077,3.8384,3.9027,5777608.5
2025-07-14 06:30:00+00:00,3.9027,3.9028,3.8709,3.8854,3826917.5
2025-07-14 06:45:00+00:00,3.8854,3.8994,3.87,3.8904,3266019.2
2025-07-14 07:00:00+00:00,3.8904,3.9286,3.882,3.9192,5608107.3
2025-07-14 07:15:00+00:00,3.919,3.9375,3.9024,3.9258,4040965.5
2025-07-14 07:30:00+00:00,3.9259,3.9407,3.9171,3.9263,5743694.9
2025-07-14 07:45:00+00:00,3.9262,3.9678,3.914,3.9415,5318209.6
2025-07-14 08:00:00+00:00,3.9416,3.9487,3.9,3.9041,7347710.6
2025-07-14 08:15:00+00:00,3.904,3.917,3.8825,3.901,4957163.9
2025-07-14 08:30:00+00:00,3.901,3.9222,3.9009,3.909,3643180.8
2025-07-14 08:45:00+00:00,3.9091,3.9217,3.8924,3.9046,2774533.1
2025-07-14 09:00:00+00:00,3.9046,3.9275,3.895,3.9193,3070066.1
2025-07-14 09:15:00+00:00,3.9193,3.9451,3.9097,3.9286,4082845.0
2025-07-14 09:30:00+00:00,3.9287,3.9566,3.9244,3.9375,3710084.2
2025-07-14 09:45:00+00:00,3.9375,3.9414,3.9206,3.93,2773289.0
2025-07-14 10:00:00+00:00,3.93,3.9721,3.906,3.965,6488218.0
2025-07-14 10:15:00+00:00,3.9651,3.9745,3.9384,3.9492,5768123.2
2025-07-14 10:30:00+00:00,3.9492,3.9968,3.9457,3.9891,6142756.3
2025-07-14 10:45:00+00:00,3.9892,3.9901,3.9332,3.9514,4920896.3
2025-07-14 11:00:00+00:00,3.9513,3.9645,3.9303,3.959,2766068.5
2025-07-14 11:15:00+00:00,3.959,3.9728,3.9317,3.939,3400214.4
2025-07-14 11:30:00+00:00,3.9386,3.948,3.9118,3.9381,4143644.0
2025-07-14 11:45:00+00:00,3.9381,3.9587,3.9352,3.9498,2918258.5
2025-07-14 12:00:00+00:00,3.9498,3.967,3.942,3.9647,3698666.5
2025-07-14 12:15:00+00:00,3.9648,3.9664,3.9303,3.9469,3632495.8
2025-07-14 12:30:00+00:00,3.9469,3.9632,3.9309,3.9605,3123481.1
2025-07-14 12:45:00+00:00,3.9604,3.9675,3.9426,3.9486,2683973.1
2025-07-14 13:00:00+00:00,3.9486,3.9854,3.9358,3.9756,5933647.7
2025-07-14 13:15:00+00:00,3.9757,3.9883,3.9625,3.9634,4714344.0
2025-07-14 13:30:00+00:00,3.9635,3.984,3.9328,3.975,6016960.1
2025-07-14 13:45:00+00:00,3.9749,4.0034,3.9557,3.9597,7834154.9
2025-07-14 14:00:00+00:00,3.9598,3.9678,3.9341,3.9393,5181896.8
2025-07-14 14:15:00+00:00,3.9393,3.9491,3.9056,3.9311,6296817.2
2025-07-14 14:30:00+00:00,3.931,3.9313,3.8614,3.8787,12997049.1
2025-07-14 14:45:00+00:00,3.8786,3.924,3.8658,3.9198,8101263.4
2025-07-14 15:00:00+00:00,3.9198,3.92,3.8644,3.8912,5359184.4
2025-07-14 15:15:00+00:00,3.8912,3.91,3.8712,3.908,3556700.2
2025-07-14 15:30:00+00:00,3.908,3.9116,3.8804,3.8929,2967764.2
2025-07-14 15:45:00+00:00,3.8932,3.8933,3.834,3.878,10550190.5
2025-07-14 16:00:00+00:00,3.8777,3.8819,3.8467,3.8529,5650113.7
2025-07-14 16:15:00+00:00,3.8528,3.9014,3.8487,3.8968,6311648.9
2025-07-14 16:30:00+00:00,3.8967,3.932,3.8874,3.9031,4218426.6
2025-07-14 16:45:00+00:00,3.903,3.9204,3.8918,3.9181,3709223.9
2025-07-14 17:00:00+00:00,3.9181,3.9205,3.885,3.8876,3451979.5
2025-07-14 17:15:00+00:00,3.8877,3.892,3.8552,3.8691,3784032.4
2025-07-14 17:30:00+00:00,3.8692,3.8751,3.8514,3.862,2296535.6
2025-07-14 17:45:00+00:00,3.862,3.8789,3.855,3.8679,1947641.5
2025-07-14 18:00:00+00:00,3.8679,3.8748,3.847,3.8502,1837654.1
2025-07-14 18:15:00+00:00,3.8502,3.863,3.8424,3.8552,1782902.2
2025-07-14 18:30:00+00:00,3.8551,3.8565,3.825,3.8486,2606739.1
2025-07-14 18:45:00+00:00,3.8486,3.8561,3.8265,3.8298,2457126.8
2025-07-14 19:00:00+00:00,3.8298,3.8454,3.8205,3.832,2899802.9
2025-07-14 19:15:00+00:00,3.832,3.8372,3.8246,3.8326,1325915.1
2025-07-14 19:30:00+00:00,3.8328,3.8626,3.831,3.8626,2020682.3
2025-07-14 19:45:00+00:00,3.8625,3.8634,3.8421,3.8556,1387067.5
2025-07-14 20:00:00+00:00,3.8555,3.8558,3.8235,3.8371,1803922.6
2025-07-14 20:15:00+00:00,3.837,3.85,3.8091,3.8438,3413482.6
2025-07-14 20:30:00+00:00,3.8438,3.8574,3.8387,3.8537,1804343.9
2025-07-14 20:45:00+00:00,3.8537,3.8586,3.8401,3.8478,1224937.9
2025-07-14 21:00:00+00:00,3.8478,3.8481,3.8262,3.8363,2066700.4
2025-07-14 21:15:00+00:00,3.8364,3.8618,3.8331,3.8445,1428154.3
2025-07-14 21:30:00+00:00,3.8444,3.8619,3.8375,3.8587,1246678.2
2025-07-14 21:45:00+00:00,3.8587,3.8734,3.851,3.8637,1424460.0
2025-07-14 22:00:00+00:00,3.8634,3.8684,3.8432,3.8669,2096015.8
2025-07-14 22:15:00+00:00,3.8668,3.8851,3.8643,3.8724,2249729.3
2025-07-14 22:30:00+00:00,3.8724,3.878,3.8646,3.8779,1250660.2
2025-07-14 22:45:00+00:00,3.878,3.8859,3.8755,3.8787,2016118.4
2025-07-14 23:00:00+00:00,3.8786,3.8947,3.8755,3.8785,2024973.5
2025-07-14 23:15:00+00:00,3.8784,3.8784,3.8547,3.8557,1916683.1
2025-07-14 23:30:00+00:00,3.8559,3.8812,3.8541,3.8774,2039353.0
2025-07-14 23:45:00+00:00,3.8774,3.8896,3.8691,3.8885,941020.0
2025-07-15 00:00:00+00:00,3.8886,3.8894,3.8342,3.8367,3896392.1
2025-07-15 00:15:00+00:00,3.8366,3.8748,3.8327,3.8587,2134198.7
2025-07-15 00:30:00+00:00,3.859,3.859,3.8061,3.8306,3630872.8
2025-07-15 00:45:00+00:00,3.8306,3.8399,3.809,3.8395,3277416.2
2025-07-15 01:00:00+00:00,3.8396,3.8547,3.8214,3.8446,3555836.6
2025-07-15 01:15:00+00:00,3.8446,3.87,3.8422,3.8614,5707470.9
2025-07-15 01:30:00+00:00,3.8614,3.9179,3.8584,3.9073,5077184.5
2025-07-15 01:45:00+00:00,3.9068,3.9407,3.8916,3.9022,8269799.1
2025-07-15 02:00:00+00:00,3.9022,3.9144,3.8775,3.8813,4746320.6
2025-07-15 02:15:00+00:00,3.8813,3.8851,3.8328,3.8405,6852442.1
2025-07-15 02:30:00+00:00,3.8406,3.893,3.8279,3.8924,5012249.3
2025-07-15 02:45:00+00:00,3.8924,3.9073,3.882,3.8904,3408617.6
2025-07-15 03:00:00+00:00,3.8904,3.8997,3.8464,3.8751,6498124.2
2025-07-15 03:15:00+00:00,3.8751,3.8846,3.8364,3.8766,6279825.6
2025-07-15 03:30:00+00:00,3.8766,3.88,3.8437,3.878,4675429.5
2025-07-15 03:45:00+00:00,3.8781,3.906,3.8766,3.8916,6173774.4
2025-07-15 04:00:00+00:00,3.8916,3.8998,3.8505,3.8974,4737802.0
2025-07-15 04:15:00+00:00,3.8973,3.9687,3.8917,3.9417,9205692.0
2025-07-15 04:30:00+00:00,3.9419,3.9583,3.912,3.9554,5346691.9
2025-07-15 04:45:00+00:00,3.9553,3.9716,3.9404,3.9477,5277833.8
2025-07-15 05:00:00+00:00,3.9478,4.0075,3.9428,3.9801,8899172.6
2025-07-15 05:15:00+00:00,3.9801,3.9826,3.9002,3.9074,8661359.8
2025-07-15 05:30:00+00:00,3.9073,3.9084,3.8529,3.8857,9870032.2
2025-07-15 05:45:00+00:00,3.8857,3.9095,3.8793,3.9034,3276758.9
2025-07-15 06:00:00+00:00,3.9035,3.9434,3.8932,3.9227,4792474.6
2025-07-15 06:15:00+00:00,3.9228,3.9337,3.898,3.9182,3160062.2
2025-07-15 06:30:00+00:00,3.9183,3.9197,3.8746,3.8896,3951311.2
2025-07-15 06:45:00+00:00,3.8896,3.9233,3.8817,3.9233,3455368.2
2025-07-15 07:00:00+00:00,3.9234,3.936,3.8882,3.8954,5106012.2
2025-07-15 07:15:00+00:00,3.8955,3.925,3.891,3.9103,2313475.4
2025-07-15 07:30:00+00:00,3.9103,3.9103,3.8902,3.8972,2953516.6
2025-07-15 07:45:00+00:00,3.8971,3.9029,3.8629,3.8846,4598150.2
2025-07-15 08:00:00+00:00,3.8845,3.8868,3.8489,3.862,5268539.4
2025-07-15 08:15:00+00:00,3.8621,3.8782,3.8424,3.8738,4586845.0
2025-07-15 08:30:00+00:00,3.8738,3.9059,3.8693,3.8931,3341990.0
2025-07-15 08:45:00+00:00,3.893,3.9013,3.8769,3.8835,2029525.2
2025-07-15 09:00:00+00:00,3.8834,3.922,3.8804,3.9196,3313169.7
2025-07-15 09:15:00+00:00,3.9198,3.9377,3.9091,3.9297,2846513.2
2025-07-15 09:30:00+00:00,3.9297,3.9486,3.9204,3.9213,3550808.2
2025-07-15 09:45:00+00:00,3.9214,3.9263,3.9049,3.9125,2341980.2
2025-07-15 10:00:00+00:00,3.9125,3.9343,3.9097,3.9287,1964954.3
2025-07-15 10:15:00+00:00,3.9286,3.9469,3.9262,3.9431,1929126.1
2025-07-15 10:30:00+00:00,3.9432,3.95,3.9344,3.9441,1686366.4
2025-07-15 10:45:00+00:00,3.9442,3.95,3.9314,3.944,1686684.9
2025-07-15 11:00:00+00:00,3.944,3.988,3.9415,3.957,5345887.2
2025-07-15 11:15:00+00:00,3.9571,3.9595,3.9327,3.9458,4420288.4
2025-07-15 11:30:00+00:00,3.9458,3.9665,3.9438,3.953,2532023.2
2025-07-15 11:45:00+00:00,3.9529,3.9855,3.9425,3.9782,3433345.8
2025-07-15 12:00:00+00:00,3.9782,3.9825,3.9351,3.945,4104451.1
2025-07-15 12:15:00+00:00,3.9451,3.9506,3.9284,3.9485,2382402.6
2025-07-15 12:30:00+00:00,3.9487,4.0498,3.8817,3.9045,25106468.6
2025-07-15 12:45:00+00:00,3.9042,3.9713,3.898,3.9678,8463568.4
2025-07-15 13:00:00+00:00,3.9677,4.03,3.9563,4.0227,10707580.4
2025-07-15 13:15:00+00:00,4.023,4.0285,3.9836,3.9897,6101025.2
2025-07-15 13:30:00+00:00,3.9896,3.9941,3.9575,3.9746,5986555.1
2025-07-15 13:45:00+00:00,3.9746,3.9833,3.95,3.9632,5968841.6
2025-07-15 14:00:00+00:00,3.9633,4.0133,3.9633,4.0044,5538760.1
2025-07-15 14:15:00+00:00,4.0045,4.01,3.9698,3.9928,6609571.5
2025-07-15 14:30:00+00:00,3.9928,3.9954,3.941,3.9504,6550352.5
2025-07-15 14:45:00+00:00,3.9503,3.9728,3.8865,3.9103,10140141.3
2025-07-15 15:00:00+00:00,3.9103,3.9448,3.891,3.9245,6587779.0
2025-07-15 15:15:00+00:00,3.9245,3.9332,3.895,3.9092,4840561.1
2025-07-15 15:30:00+00:00,3.9098,3.9399,3.8941,3.9313,4462229.2
2025-07-15 15:45:00+00:00,3.9313,3.9852,3.9313,3.9564,6559685.1
2025-07-15 16:00:00+00:00,3.9562,3.99,3.9478,3.9728,4598472.1
2025-07-15 16:15:00+00:00,3.9726,3.9918,3.9567,3.9878,4837473.1
2025-07-15 16:30:00+00:00,3.9878,4.0222,3.9878,4.0187,5363160.8
2025-07-15 16:45:00+00:00,4.0188,4.0432,4.0101,4.0286,5817386.9
2025-07-15 17:00:00+00:00,4.0285,4.0647,4.0272,4.0511,5605131.6
2025-07-15 17:15:00+00:00,4.0511,4.116,4.012,4.0482,13123188.8
2025-07-15 17:30:00+00:00,4.0482,4.0631,4.0243,4.0479,4971439.4
2025-07-15 17:45:00+00:00,4.0476,4.0549,4.0217,4.0537,3465362.9
2025-07-15 18:00:00+00:00,4.0536,4.0886,4.0359,4.0449,5015866.1
2025-07-15 18:15:00+00:00,4.0449,4.0578,4.0167,4.0249,3391355.6
2025-07-15 18:30:00+00:00,4.0252,4.0268,3.9608,3.9809,8486809.0
2025-07-15 18:45:00+00:00,3.9809,4.0026,3.9759,3.9875,2789853.1
2025-07-15 19:00:00+00:00,3.9872,4.0412,3.9845,4.0225,4308493.0
2025-07-15 19:15:00+00:00,4.0225,4.0255,3.992,3.9987,2492588.2
2025-07-15 19:30:00+00:00,3.9986,4.0016,3.9627,3.9679,3132621.0
2025-07-15 19:45:00+00:00,3.9679,3.9847,3.9576,3.9643,3320135.8
2025-07-15 20:00:00+00:00,3.9643,3.9687,3.936,3.9498,3661280.2
2025-07-15 20:15:00+00:00,3.9498,3.9702,3.946,3.9646,2211756.7
2025-07-15 20:30:00+00:00,3.9646,3.977,3.9514,3.9535,1485330.7
2025-07-15 20:45:00+00:00,3.9535,3.9696,3.9495,3.9609,1277874.0
2025-07-15 21:00:00+00:00,3.9608,4.0131,3.9595,4.0126,2416409.7
2025-07-15 21:15:00+00:00,4.0127,4.013,3.9865,4.0056,1867519.5
2025-07-15 21:30:00+00:00,4.0056,4.0407,4.0052,4.0175,2917362.0
2025-07-15 21:45:00+00:00,4.0176,4.031,4.0095,4.0165,1778317.6
2025-07-15 22:00:00+00:00,4.0165,4.03,4.0043,4.0293,1712523.4
2025-07-15 22:15:00+00:00,4.0294,4.0678,4.0276,4.0587,3423741.5
2025-07-15 22:30:00+00:00,4.0587,4.0753,4.0448,4.0739,2622845.5
2025-07-15 22:45:00+00:00,4.074,4.0767,4.0485,4.0728,2693512.2
2025-07-15 23:00:00+00:00,4.0727,4.109,4.0706,4.0981,6248952.9
2025-07-15 23:15:00+00:00,4.0981,4.1076,4.0591,4.0603,3185871.6
2025-07-15 23:30:00+00:00,4.0601,4.0887,4.0586,4.0833,3197298.4
2025-07-15 23:45:00+00:00,4.0834,4.1041,4.0702,4.1012,2326141.3
2025-07-16 00:00:00+00:00,4.1012,4.1029,4.0572,4.0603,3525982.7
2025-07-16 00:15:00+00:00,4.0603,4.0987,4.0596,4.0762,2717500.3
2025-07-16 00:30:00+00:00,4.0761,4.0798,4.0634,4.071,1914176.3
2025-07-16 00:45:00+00:00,4.071,4.1,4.0645,4.0809,4298902.9
2025-07-16 01:00:00+00:00,4.081,4.0871,4.0463,4.0668,3362022.8
2025-07-16 01:15:00+00:00,4.0668,4.0911,4.0641,4.074,2718406.9
2025-07-16 01:30:00+00:00,4.074,4.0808,4.062,4.0695,1177867.5
2025-07-16 01:45:00+00:00,4.0695,4.072,4.0384,4.0385,1963868.8
2025-07-16 02:00:00+00:00,4.0385,4.0454,4.015,4.0227,3940392.9
2025-07-16 02:15:00+00:00,4.0227,4.0244,3.9675,3.9814,5614786.5
2025-07-16 02:30:00+00:00,3.9814,3.9863,3.9624,3.9806,4107301.1
2025-07-16 02:45:00+00:00,3.9806,4.0023,3.9783,4.0001,3630016.8
2025-07-16 03:00:00+00:00,4.0,4.0067,3.991,3.9938,1806099.1
2025-07-16 03:15:00+00:00,3.9938,4.0157,3.9938,4.011,1411877.2
2025-07-16 03:30:00+00:00,4.011,4.0179,4.0057,4.0156,1119878.5
2025-07-16 03:45:00+00:00,4.0157,4.0189,4.0002,4.0172,1326723.2
2025-07-16 04:00:00+00:00,4.0173,4.0213,3.984,3.9866,2300287.2
2025-07-16 04:15:00+00:00,3.9866,4.0079,3.9866,4.0077,1505736.2
2025-07-16 04:30:00+00:00,4.0076,4.0127,3.991,3.9915,1979643.5
2025-07-16 04:45:00+00:00,3.9916,4.005,3.991,3.9956,1144758.2
2025-07-16 05:00:00+00:00,3.9956,4.0068,3.9906,4.0004,1541211.3
2025-07-16 05:15:00+00:00,4.0004,4.0091,3.99,3.9984,1297358.5
2025-07-16 05:30:00+00:00,3.9984,4.0066,3.9933,4.0031,1482385.8
2025-07-16 05:45:00+00:00,4.0032,4.0043,3.9768,3.9884,2219696.0
2025-07-16 06:00:00+00:00,3.9884,3.9884,3.9588,3.9762,3791045.0
2025-07-16 06:15:00+00:00,3.9762,3.9883,3.9661,3.9832,2207116.0
2025-07-16 06:30:00+00:00,3.9832,3.9979,3.9778,3.9948,1798144.2
2025-07-16 06:45:00+00:00,3.9947,3.9992,3.9886,3.9976,1140345.5
2025-07-16 07:00:00+00:00,3.9975,4.0,3.9759,3.9807,1836367.5
2025-07-16 07:15:00+00:00,3.9806,3.9972,3.9782,3.9901,1477915.6
2025-07-16 07:30:00+00:00,3.9901,4.0103,3.9864,3.9953,2114693.4
2025-07-16 07:45:00+00:00,3.9952,4.0033,3.9914,3.9956,1662823.2
2025-07-16 08:00:00+00:00,3.9956,3.9983,3.9809,3.9887,1346070.9
2025-07-16 08:15:00+00:00,3.9888,4.0061,3.9858,4.0005,1044023.6
2025-07-16 08:30:00+00:00,4.0007,4.0251,3.9994,4.0245,2474194.9
2025-07-16 08:45:00+00:00,4.0245,4.0378,4.0158,4.0376,2369582.7
2025-07-16 09:00:00+00:00,4.0375,4.0706,4.0306,4.0592,3908399.1
2025-07-16 09:15:00+00:00,4.0593,4.0694,4.0518,4.0643,2886840.6
2025-07-16 09:30:00+00:00,4.0644,4.0772,4.0189,4.035,5531866.9
2025-07-16 09:45:00+00:00,4.0349,4.0491,4.016,4.0361,3282774.9
2025-07-16 10:00:00+00:00,4.0362,4.0388,4.0225,4.032,1723164.3
2025-07-16 10:15:00+00:00,4.0319,4.0466,4.026,4.0317,1708282.7
2025-07-16 10:30:00+00:00,4.0318,4.0449,4.0274,4.0308,1675544.0
2025-07-16 10:45:00+00:00,4.0309,4.0372,4.0091,4.0124,2382315.8
2025-07-16 11:00:00+00:00,4.0124,4.0223,4.0121,4.0176,1326939.9
2025-07-16 11:15:00+00:00,4.0174,4.0265,4.012,4.0236,1382887.7
2025-07-16 11:30:00+00:00,4.0236,4.0241,4.0024,4.005,1338534.7
2025-07-16 11:45:00+00:00,4.005,4.015,4.0034,4.0064,964420.8
2025-07-16 12:00:00+00:00,4.0064,4.017,3.9965,3.9983,1635870.7
2025-07-16 12:15:00+00:00,3.9984,4.015,3.9957,4.0134,1135726.4
2025-07-16 12:30:00+00:00,4.0134,4.0348,3.9986,4.0265,3587783.0
2025-07-16 12:45:00+00:00,4.0265,4.034,4.0135,4.0136,1961679.2
2025-07-16 13:00:00+00:00,4.0136,4.0274,4.0033,4.019,2248367.8
2025-07-16 13:15:00+00:00,4.0191,4.0293,4.014,4.0208,1659759.1
2025-07-16 13:30:00+00:00,4.0207,4.0212,3.9987,4.0022,2034254.6
2025-07-16 13:45:00+00:00,4.0022,4.0215,3.9988,4.0098,2041038.5
2025-07-16 14:00:00+00:00,4.0098,4.0199,3.9967,3.9973,2080163.7
2025-07-16 14:15:00+00:00,3.9973,3.9993,3.9774,3.9944,4635122.4
2025-07-16 14:30:00+00:00,3.9944,4.02,3.98,4.0049,5257432.3
2025-07-16 14:45:00+00:00,4.0051,4.025,3.9983,4.0152,4410366.9
2025-07-16 15:00:00+00:00,4.0153,4.0647,4.0103,4.0155,8052340.0
2025-07-16 15:15:00+00:00,4.0156,4.0235,3.9866,4.0199,5352858.8
2025-07-16 15:30:00+00:00,4.02,4.0221,3.9601,4.0013,5988272.4
2025-07-16 15:45:00+00:00,4.0013,4.0064,3.9862,3.9971,2467264.9
2025-07-16 16:00:00+00:00,3.997,4.0045,3.9767,3.9969,2942405.1
2025-07-16 16:15:00+00:00,3.9968,4.027,3.9902,4.0202,4123857.0
2025-07-16 16:30:00+00:00,4.0207,4.0395,4.0094,4.0216,3757065.6
2025-07-16 16:45:00+00:00,4.0216,4.0294,4.0053,4.0286,2330070.4
2025-07-16 17:00:00+00:00,4.0282,4.0319,4.0044,4.0056,2730597.9
2025-07-16 17:15:00+00:00,4.0055,4.0273,4.0014,4.0174,2833455.9
2025-07-16 17:30:00+00:00,4.0174,4.0252,4.0112,4.0156,1875427.9
2025-07-16 17:45:00+00:00,4.0156,4.0385,4.0144,4.0243,2794093.7
2025-07-16 18:00:00+00:00,4.0242,4.0428,4.0176,4.0364,3017178.0
2025-07-16 18:15:00+00:00,4.0367,4.0568,4.031,4.0537,3174123.2
2025-07-16 18:30:00+00:00,4.0537,4.0679,4.0461,4.0579,4187384.7
2025-07-16 18:45:00+00:00,4.058,4.0586,4.0027,4.0064,4035907.8
2025-07-16 19:00:00+00:00,4.0063,4.027,3.9914,3.9953,4196074.7
2025-07-16 19:15:00+00:00,3.9953,4.015,3.9946,4.0133,2076787.7
2025-07-16 19:30:00+00:00,4.0133,4.0134,3.9932,4.002,2133324.5
2025-07-16 19:45:00+00:00,4.0019,4.0148,3.9992,4.0132,1319485.1
2025-07-16 20:00:00+00:00,4.0132,4.0311,4.0072,4.0282,2134444.8
2025-07-16 20:15:00+00:00,4.0283,4.0562,4.0225,4.0549,3010002.9
2025-07-16 20:30:00+00:00,4.0549,4.0674,4.0325,4.0409,4113031.1
2025-07-16 20:45:00+00:00,4.0408,4.0458,4.0219,4.0352,2659758.0
2025-07-16 21:00:00+00:00,4.0352,4.046,4.0243,4.0379,1857329.7
2025-07-16 21:15:00+00:00,4.0377,4.068,4.0312,4.0649,3072592.4
2025-07-16 21:30:00+00:00,4.0649,4.0669,3.9928,4.0151,4113534.4
2025-07-16 21:45:00+00:00,4.0152,4.0276,4.009,4.0176,1204365.5
2025-07-16 22:00:00+00:00,4.0177,4.0388,4.0082,4.0168,2035954.8
2025-07-16 22:15:00+00:00,4.0167,4.0232,4.008,4.0128,1402011.3
2025-07-16 22:30:00+00:00,4.0127,4.0142,3.9766,3.9837,3950918.1
2025-07-16 22:45:00+00:00,3.9836,3.9845,3.9189,3.9448,9484910.3
2025-07-16 23:00:00+00:00,3.9448,3.9546,3.9193,3.9517,4793985.7
2025-07-16 23:15:00+00:00,3.9517,3.9518,3.9226,3.9504,2351245.2
2025-07-16 23:30:00+00:00,3.9504,3.964,3.9358,3.9617,2024431.1
2025-07-16 23:45:00+00:00,3.9616,3.9626,3.9373,3.9411,1706771.2
2025-07-17 00:00:00+00:00,3.9412,3.9478,3.9223,3.935,2515553.1
2025-07-17 00:15:00+00:00,3.935,3.9775,3.935,3.9527,3310850.9
2025-07-17 00:30:00+00:00,3.9526,3.977,3.9485,3.9737,1752975.2
2025-07-17 00:45:00+00:00,3.9737,3.9786,3.9529,3.9534,1581168.5
2025-07-17 01:00:00+00:00,3.9534,3.9913,3.9482,3.984,3151599.9
2025-07-17 01:15:00+00:00,3.984,3.9852,3.9539,3.9716,2375908.3
2025-07-17 01:30:00+00:00,3.9715,3.9732,3.9382,3.9498,3668180.3
2025-07-17 01:45:00+00:00,3.9499,3.9519,3.8644,3.9228,12338449.4
2025-07-17 02:00:00+00:00,3.923,3.9596,3.9157,3.9439,3359724.0
2025-07-17 02:15:00+00:00,3.9439,3.9629,3.9364,3.9492,1712549.9
2025-07-17 02:30:00+00:00,3.9493,3.9578,3.9392,3.944,2055679.8
2025-07-17 02:45:00+00:00,3.9439,3.9459,3.9235,3.9309,1932074.7
2025-07-17 03:00:00+00:00,3.9312,3.9337,3.9003,3.9026,2159260.3
2025-07-17 03:15:00+00:00,3.9027,3.9173,3.88,3.8862,3228818.1
2025-07-17 03:30:00+00:00,3.8861,3.8986,3.8653,3.8858,4881685.7
2025-07-17 03:45:00+00:00,3.8858,3.9112,3.8829,3.9058,2339525.7
2025-07-17 04:00:00+00:00,3.9058,3.9091,3.8811,3.9041,2857386.2
2025-07-17 04:15:00+00:00,3.904,3.9102,3.8905,3.9093,1648286.6
2025-07-17 04:30:00+00:00,3.9093,3.925,3.9028,3.9215,1435946.6
2025-07-17 04:45:00+00:00,3.9215,3.9485,3.9211,3.9437,2342260.6
2025-07-17 05:00:00+00:00,3.9437,3.9437,3.9125,3.9189,2762063.8
2025-07-17 05:15:00+00:00,3.9189,3.9357,3.9186,3.9343,920603.5
2025-07-17 05:30:00+00:00,3.9343,3.9374,3.9212,3.9301,1666407.6
2025-07-17 05:45:00+00:00,3.9301,3.9664,3.924,3.9657,3079244.0
2025-07-17 06:00:00+00:00,3.9656,3.9874,3.9572,3.9733,4375807.1
2025-07-17 06:15:00+00:00,3.9734,4.0096,3.9645,3.9968,5205497.9
2025-07-17 06:30:00+00:00,3.9968,4.0021,3.977,3.9951,3070118.2
2025-07-17 06:45:00+00:00,3.9951,4.0085,3.9855,4.0072,1867038.2
2025-07-17 07:00:00+00:00,4.0073,4.0085,3.9662,3.9801,3310139.7
2025-07-17 07:15:00+00:00,3.9801,3.9876,3.9615,3.9783,1908961.8
2025-07-17 07:30:00+00:00,3.9783,4.0043,3.9783,4.0033,2283744.1
2025-07-17 07:45:00+00:00,4.0033,4.0041,3.9932,4.0021,1537991.5
2025-07-17 08:00:00+00:00,4.0021,4.0095,3.9826,3.9894,2392854.6
2025-07-17 08:15:00+00:00,3.9892,4.0253,3.9865,4.0188,2663683.0
2025-07-17 08:30:00+00:00,4.0188,4.0196,3.9861,3.9925,2295911.3
2025-07-17 08:45:00+00:00,3.9924,4.0172,3.9862,4.015,1626119.4
2025-07-17 09:00:00+00:00,4.0149,4.0356,4.0056,4.0109,3134025.6
2025-07-17 09:15:00+00:00,4.0109,4.0442,4.0035,4.0405,5232283.6
2025-07-17 09:30:00+00:00,4.0405,4.0592,4.0268,4.0587,3527358.2
2025-07-17 09:45:00+00:00,4.0588,4.0808,4.0375,4.062,4887345.2
2025-07-17 10:00:00+00:00,4.062,4.072,4.0121,4.0346,6123931.2
2025-07-17 10:15:00+00:00,4.0346,4.0635,4.0303,4.046,4282660.3
2025-07-17 10:30:00+00:00,4.0462,4.0541,4.019,4.0202,2886288.4
2025-07-17 10:45:00+00:00,4.0203,4.0435,4.0203,4.0319,2000608.6
2025-07-17 11:00:00+00:00,4.032,4.0529,4.0284,4.0515,2144904.8
2025-07-17 11:15:00+00:00,4.0516,4.0575,4.0328,4.0375,1537962.7
2025-07-17 11:30:00+00:00,4.0375,4.0376,4.0059,4.0195,2568164.0
2025-07-17 11:45:00+00:00,4.0194,4.0302,4.0107,4.0125,1443143.3
2025-07-17 12:00:00+00:00,4.0125,4.0223,3.9744,3.9992,5133527.5
2025-07-17 12:15:00+00:00,3.9992,4.0122,3.9804,3.9814,2593775.5
2025-07-17 12:30:00+00:00,3.9814,4.0174,3.9758,4.0135,5593577.0
2025-07-17 12:45:00+00:00,4.0134,4.03,4.0045,4.0157,4099453.1
2025-07-17 13:00:00+00:00,4.0156,4.0268,4.0014,4.0073,2554831.3
2025-07-17 13:15:00+00:00,4.0073,4.0073,3.9829,3.9908,2306093.2
2025-07-17 13:30:00+00:00,3.9908,3.995,3.9511,3.9552,4547961.5
2025-07-17 13:45:00+00:00,3.9549,4.0027,3.91,3.9952,8258205.9
2025-07-17 14:00:00+00:00,3.9952,4.0094,3.9773,3.9943,3403695.6
2025-07-17 14:15:00+00:00,3.9944,4.009,3.9869,4.0028,2380369.0
2025-07-17 14:30:00+00:00,4.0028,4.0239,4.0,4.0071,3410936.1
2025-07-17 14:45:00+00:00,4.0068,4.028,4.0066,4.0171,2405814.4
2025-07-17 15:00:00+00:00,4.0172,4.0373,3.9918,3.9935,5408305.0
2025-07-17 15:15:00+00:00,3.9936,4.0276,3.9877,4.0077,2514537.0
2025-07-17 15:30:00+00:00,4.0078,4.0494,4.0078,4.048,2724240.1
2025-07-17 15:45:00+00:00,4.048,4.0557,4.0312,4.0476,3142058.8
2025-07-17 16:00:00+00:00,4.0476,4.0597,4.0098,4.0173,4036058.1
2025-07-17 16:15:00+00:00,4.0173,4.018,3.9877,3.9975,3439728.7
2025-07-17 16:30:00+00:00,3.9976,4.0068,3.9502,3.9906,5743561.1
2025-07-17 16:45:00+00:00,3.9908,4.0136,3.9814,4.006,2374433.7
2025-07-17 17:00:00+00:00,4.006,4.0081,3.9895,4.0008,2206970.3
2025-07-17 17:15:00+00:00,4.0007,4.0012,3.9781,3.9912,1486913.9
2025-07-17 17:30:00+00:00,3.9912,3.9962,3.9747,3.9877,1148646.5
2025-07-17 17:45:00+00:00,3.9876,4.0181,3.9806,4.0147,2168342.0
2025-07-17 18:00:00+00:00,4.0148,4.0266,4.0003,4.0136,2157292.6
2025-07-17 18:15:00+00:00,4.0135,4.0236,4.0027,4.0131,1912100.5
2025-07-17 18:30:00+00:00,4.013,4.0281,4.0095,4.0101,1423639.0
2025-07-17 18:45:00+00:00,4.0102,4.034,4.0019,4.0311,1744096.3
2025-07-17 19:00:00+00:00,4.0312,4.0477,4.0312,4.0374,1979852.1
2025-07-17 19:15:00+00:00,4.0374,4.0392,4.0075,4.0133,1736351.8
2025-07-17 19:30:00+00:00,4.0133,4.0189,4.0048,4.0082,1360803.4
2025-07-17 19:45:00+00:00,4.0082,4.0082,3.9544,3.9575,4457595.9
2025-07-17 20:00:00+00:00,3.9574,3.9618,3.9099,3.9379,8591186.4
2025-07-17 20:15:00+00:00,3.9378,3.9559,3.921,3.944,4635194.7
2025-07-17 20:30:00+00:00,3.944,3.9726,3.9424,3.9545,1924181.4
2025-07-17 20:45:00+00:00,3.9546,3.9682,3.9482,3.9682,1117405.8
2025-07-17 21:00:00+00:00,3.9682,4.0281,3.9655,4.0209,5578538.5
2025-07-17 21:15:00+00:00,4.0209,4.041,4.0048,4.0291,5050255.6
2025-07-17 21:30:00+00:00,4.0293,4.0312,3.9727,4.0118,3334718.4
2025-07-17 21:45:00+00:00,4.0117,4.0247,3.9982,4.008,2417230.2
2025-07-17 22:00:00+00:00,4.008,4.0365,3.9976,4.0332,2632030.6
2025-07-17 22:15:00+00:00,4.0332,4.0513,4.0262,4.0284,2898211.1
2025-07-17 22:30:00+00:00,4.0284,4.0594,4.0268,4.0472,3058260.3
2025-07-17 22:45:00+00:00,4.047,4.0644,4.0152,4.0322,2768658.2
2025-07-17 23:00:00+00:00,4.0321,4.0674,4.0287,4.0425,2556637.7
2025-07-17 23:15:00+00:00,4.0424,4.067,4.0404,4.0465,2228551.1
2025-07-17 23:30:00+00:00,4.0465,4.0478,4.0273,4.0344,1599417.4
2025-07-17 23:45:00+00:00,4.0343,4.0482,4.005,4.009,2413880.4
2025-07-18 00:00:00+00:00,4.009,4.0287,3.9766,3.9806,3958347.2
2025-07-18 00:15:00+00:00,3.9808,3.996,3.9448,3.9561,6740764.3
2025-07-18 00:30:00+00:00,3.9563,3.982,3.9435,3.9816,5068830.2
2025-07-18 00:45:00+00:00,3.9816,3.9942,3.9489,3.9613,4187977.8
2025-07-18 01:00:00+00:00,3.9613,4.0113,3.945,4.0046,5267875.9
2025-07-18 01:15:00+00:00,4.0045,4.0088,3.9722,3.9925,5237394.6
2025-07-18 01:30:00+00:00,3.9924,4.015,3.983,3.9873,4147240.7
2025-07-18 01:45:00+00:00,3.9873,4.038,3.9812,4.027,4987486.9
2025-07-18 02:00:00+00:00,4.027,4.0312,3.9605,3.9893,4922318.8
2025-07-18 02:15:00+00:00,3.9892,3.9941,3.9682,3.9921,2764572.7
2025-07-18 02:30:00+00:00,3.992,4.0447,3.9825,3.9964,5777629.5
2025-07-18 02:45:00+00:00,3.9962,4.0254,3.9838,4.0179,3392468.3
2025-07-18 03:00:00+00:00,4.018,4.0519,4.0168,4.0477,4218233.2
2025-07-18 03:15:00+00:00,4.0476,4.0487,4.0164,4.0327,3680712.6
2025-07-18 03:30:00+00:00,4.0327,4.0543,4.0145,4.0536,1995666.5
2025-07-18 03:45:00+00:00,4.0536,4.0584,4.0235,4.0323,2807270.6
2025-07-18 04:00:00+00:00,4.0324,4.0357,3.9975,4.0044,3666077.3
2025-07-18 04:15:00+00:00,4.0043,4.024,4.001,4.0235,1975051.3
2025-07-18 04:30:00+00:00,4.0236,4.1318,4.0236,4.1203,13434911.8
2025-07-18 04:45:00+00:00,4.1204,4.2086,4.12,4.1968,22276655.6
2025-07-18 05:00:00+00:00,4.1967,4.2524,4.1939,4.2351,14445592.3
2025-07-18 05:15:00+00:00,4.2351,4.2451,4.1552,4.184,12523894.8
2025-07-18 05:30:00+00:00,4.1834,4.2072,4.1545,4.1596,6076970.5
2025-07-18 05:45:00+00:00,4.1596,4.1806,4.143,4.1793,6559693.9
2025-07-18 06:00:00+00:00,4.1792,4.1964,4.0833,4.1226,11401890.3
2025-07-18 06:15:00+00:00,4.1227,4.1227,4.0729,4.0805,6282051.1
2025-07-18 06:30:00+00:00,4.0805,4.1228,4.0756,4.1203,4899462.3
2025-07-18 06:45:00+00:00,4.1203,4.1412,4.1034,4.1225,5235315.5
2025-07-18 07:00:00+00:00,4.1225,4.1586,4.1008,4.109,5934555.5
2025-07-18 07:15:00+00:00,4.1091,4.112,4.0801,4.0945,3934130.9
2025-07-18 07:30:00+00:00,4.0946,4.1177,4.0488,4.0855,6611210.8
2025-07-18 07:45:00+00:00,4.0855,4.0925,4.041,4.0496,4935460.1
2025-07-18 08:00:00+00:00,4.0494,4.0863,4.0385,4.0696,4647838.0
2025-07-18 08:15:00+00:00,4.0694,4.0953,4.0662,4.0721,3233703.6
2025-07-18 08:30:00+00:00,4.0721,4.0721,4.0022,4.0079,13325496.6
2025-07-18 08:45:00+00:00,4.0079,4.05,4.0035,4.0281,6400227.6
2025-07-18 09:00:00+00:00,4.0281,4.0492,4.0126,4.0443,3690530.7
2025-07-18 09:15:00+00:00,4.0443,4.05,4.0285,4.0344,2480363.6
2025-07-18 09:30:00+00:00,4.0344,4.0598,4.0338,4.0456,2517399.4
2025-07-18 09:45:00+00:00,4.0455,4.0677,4.0403,4.0642,2680318.7
2025-07-18 10:00:00+00:00,4.0643,4.0653,4.0397,4.0483,2405213.9
2025-07-18 10:15:00+00:00,4.0484,4.0554,4.0069,4.0444,4917207.2
2025-07-18 10:30:00+00:00,4.0445,4.052,4.028,4.0306,2220950.2
2025-07-18 10:45:00+00:00,4.0305,4.0514,4.0267,4.0509,1320653.5
2025-07-18 11:00:00+00:00,4.0508,4.0529,4.0235,4.0282,2443847.3
2025-07-18 11:15:00+00:00,4.0281,4.0301,3.9437,3.9798,16076383.0
2025-07-18 11:30:00+00:00,3.9797,3.9994,3.9665,3.9928,4927563.5
2025-07-18 11:45:00+00:00,3.9927,3.9955,3.9706,3.99,2367657.6
2025-07-18 12:00:00+00:00,3.9903,3.9957,3.974,3.9898,2598516.1
2025-07-18 12:15:00+00:00,3.9896,4.0061,3.9698,3.9884,2888480.8
2025-07-18 12:30:00+00:00,3.9884,4.017,3.9877,4.0071,2802934.2
2025-07-18 12:45:00+00:00,4.007,4.0457,3.9996,4.032,3775436.9
2025-07-18 13:00:00+00:00,4.0315,4.0315,3.9862,3.9887,4599296.5
2025-07-18 13:15:00+00:00,3.9888,3.9958,3.9746,3.9929,2813162.2
2025-07-18 13:30:00+00:00,3.9929,4.019,3.9858,3.9929,3244597.8
2025-07-18 13:45:00+00:00,3.9928,4.0153,3.9847,3.9898,2277442.8
2025-07-18 14:00:00+00:00,3.9898,4.0175,3.9842,4.0036,2667701.5
2025-07-18 14:15:00+00:00,4.0037,4.0065,3.8692,3.9048,21565381.1
2025-07-18 14:30:00+00:00,3.9048,3.9223,3.8246,3.8691,20028334.4
2025-07-18 14:45:00+00:00,3.8689,3.908,3.8637,3.8877,7685611.5
2025-07-18 15:00:00+00:00,3.8877,3.9061,3.857,3.8601,4961854.8
2025-07-18 15:15:00+00:00,3.8601,3.875,3.802,3.8412,12511805.8
2025-07-18 15:30:00+00:00,3.8412,3.8607,3.8141,3.8395,6164365.7
2025-07-18 15:45:00+00:00,3.8397,3.8571,3.8248,3.8485,2786179.4
2025-07-18 16:00:00+00:00,3.8484,3.881,3.8435,3.8646,4871893.2
2025-07-18 16:15:00+00:00,3.8645,3.8915,3.8568,3.8826,3057236.6
2025-07-18 16:30:00+00:00,3.8828,3.8995,3.874,3.8901,2616052.6
2025-07-18 16:45:00+00:00,3.89,3.9035,3.8701,3.8787,2531530.4
2025-07-18 17:00:00+00:00,3.8788,3.8839,3.862,3.8711,1441206.7
2025-07-18 17:15:00+00:00,3.8711,3.9119,3.8711,3.9039,2721178.1
2025-07-18 17:30:00+00:00,3.9039,3.9177,3.8882,3.8947,3151655.6
2025-07-18 17:45:00+00:00,3.8946,3.9008,3.8792,3.8867,2073060.6
2025-07-18 18:00:00+00:00,3.8866,3.8867,3.8482,3.8575,3395405.5
2025-07-18 18:15:00+00:00,3.8574,3.8768,3.8432,3.8762,2614041.9
2025-07-18 18:30:00+00:00,3.876,3.8793,3.8628,3.8699,1033233.8
2025-07-18 18:45:00+00:00,3.8699,3.8792,3.8566,3.8613,2025601.8
2025-07-18 19:00:00+00:00,3.8612,3.8689,3.75,3.8019,18712072.3
2025-07-18 19:15:00+00:00,3.802,3.8297,3.7937,3.813,6414034.4
2025-07-18 19:30:00+00:00,3.8129,3.82,3.7938,3.8054,2357497.1
2025-07-18 19:45:00+00:00,3.8053,3.812,3.765,3.8058,3343390.5
2025-07-18 20:00:00+00:00,3.8059,3.8066,3.7693,3.788,4020691.9
2025-07-18 20:15:00+00:00,3.788,3.798,3.7101,3.7144,13368855.1
2025-07-18 20:30:00+00:00,3.7145,3.7291,3.6502,3.7142,16811517.5
2025-07-18 20:45:00+00:00,3.7142,3.758,3.7106,3.74,5334989.3
2025-07-18 21:00:00+00:00,3.74,3.7702,3.7319,3.7679,4942291.1
2025-07-18 21:15:00+00:00,3.7678,3.7752,3.7551,3.7594,2816573.9
2025-07-18 21:30:00+00:00,3.7594,3.7796,3.7576,3.7693,1995818.2
2025-07-18 21:45:00+00:00,3.7693,3.7814,3.7494,3.7598,1801046.7
2025-07-18 22:00:00+00:00,3.7598,3.7624,3.7404,3.7575,2433609.2
2025-07-18 22:15:00+00:00,3.7575,3.7971,3.7538,3.7845,2994311.9
2025-07-18 22:30:00+00:00,3.7846,3.791,3.7746,3.7799,1692071.9
2025-07-18 22:45:00+00:00,3.7796,3.7879,3.754,3.7592,2277324.9
2025-07-18 23:00:00+00:00,3.7591,3.7626,3.7331,3.7424,2885432.6
2025-07-18 23:15:00+00:00,3.7424,3.7656,3.7385,3.7592,1681995.9
2025-07-18 23:30:00+00:00,3.7592,3.7752,3.7583,3.768,1880497.4
2025-07-18 23:45:00+00:00,3.768,3.791,3.7678,3.7817,2630960.4
2025-07-19 00:00:00+00:00,3.7816,3.7945,3.7763,3.7926,1823960.3
2025-07-19 00:15:00+00:00,3.7925,3.7944,3.7722,3.7781,1498366.1
2025-07-19 00:30:00+00:00,3.7781,3.7832,3.7438,3.7585,3978393.1
2025-07-19 00:45:00+00:00,3.7584,3.7609,3.7165,3.7192,3509889.4
2025-07-19 01:00:00+00:00,3.7193,3.7236,3.6884,3.7222,4079286.1
2025-07-19 01:15:00+00:00,3.7221,3.7437,3.7219,3.7426,1825561.9
2025-07-19 01:30:00+00:00,3.7425,3.7533,3.7378,3.7481,1239112.6
2025-07-19 01:45:00+00:00,3.748,3.7481,3.7348,3.739,1337844.7
2025-07-19 02:00:00+00:00,3.739,3.7426,3.7172,3.7326,1739273.5
2025-07-19 02:15:00+00:00,3.7326,3.7499,3.7213,3.729,1611197.7
2025-07-19 02:30:00+00:00,3.7288,3.7541,3.7285,3.7538,1552634.4
2025-07-19 02:45:00+00:00,3.7537,3.7666,3.7524,3.7607,1849174.1
2025-07-19 03:00:00+00:00,3.7607,3.7793,3.7596,3.7777,1822029.9
2025-07-19 03:15:00+00:00,3.7776,3.79,3.7756,3.7873,2336166.6
2025-07-19 03:30:00+00:00,3.7873,3.8078,3.7822,3.8002,4107050.9
2025-07-19 03:45:00+00:00,3.8004,3.8038,3.7866,3.7966,2162267.8
2025-07-19 04:00:00+00:00,3.7966,3.8122,3.7919,3.8069,2859238.8
2025-07-19 04:15:00+00:00,3.8068,3.8082,3.795,3.8046,1333345.0
2025-07-19 04:30:00+00:00,3.8046,3.8318,3.7992,3.8262,3996495.6
2025-07-19 04:45:00+00:00,3.8263,3.8276,3.8006,3.8175,2680889.1
2025-07-19 05:00:00+00:00,3.8176,3.82,3.7884,3.7966,2175215.4
2025-07-19 05:15:00+00:00,3.7966,3.808,3.7861,3.7901,1657394.3
2025-07-19 05:30:00+00:00,3.79,3.8076,3.781,3.8056,2070279.5
2025-07-19 05:45:00+00:00,3.8056,3.8076,3.789,3.7961,1198076.1
2025-07-19 06:00:00+00:00,3.7961,3.8038,3.7919,3.7931,1185767.4
2025-07-19 06:15:00+00:00,3.7932,3.7966,3.7695,3.7722,2333652.2
2025-07-19 06:30:00+00:00,3.7722,3.7914,3.7633,3.7679,1854142.8
2025-07-19 06:45:00+00:00,3.7679,3.7874,3.7679,3.7816,1467227.9
2025-07-19 07:00:00+00:00,3.7816,3.787,3.773,3.7792,801811.0
2025-07-19 07:15:00+00:00,3.7793,3.7859,3.7694,3.7829,1531455.2
2025-07-19 07:30:00+00:00,3.7829,3.7829,3.761,3.7707,1016886.7
2025-07-19 07:45:00+00:00,3.7707,3.7816,3.7701,3.7718,976516.1
2025-07-19 08:00:00+00:00,3.7717,3.7858,3.7556,3.7564,1841336.1
2025-07-19 08:15:00+00:00,3.7565,3.7623,3.7395,3.7528,3505630.1
2025-07-19 08:30:00+00:00,3.7527,3.7529,3.7369,3.7488,1848377.9
2025-07-19 08:45:00+00:00,3.7489,3.7599,3.7388,3.7533,1113000.0
2025-07-19 09:00:00+00:00,3.7534,3.7655,3.7495,3.7502,1064347.0
2025-07-19 09:15:00+00:00,3.7502,3.7666,3.7474,3.7627,682875.2
2025-07-19 09:30:00+00:00,3.7628,3.7833,3.7563,3.7642,1899065.0
2025-07-19 09:45:00+00:00,3.7642,3.7721,3.7512,3.7589,674802.8
2025-07-19 10:00:00+00:00,3.7589,3.7606,3.7425,3.7432,1486653.2
2025-07-19 10:15:00+00:00,3.7433,3.7681,3.741,3.7661,1668382.7
2025-07-19 10:30:00+00:00,3.7662,3.7819,3.7647,3.7752,1429780.8
2025-07-19 10:45:00+00:00,3.7753,3.7797,3.7638,3.7726,1064875.5
2025-07-19 11:00:00+00:00,3.7726,3.7865,3.757,3.7579,1915370.8
2025-07-19 11:15:00+00:00,3.7578,3.7967,3.746,3.7904,4288614.6
2025-07-19 11:30:00+00:00,3.7904,3.814,3.7863,3.809,3216880.7
2025-07-19 11:45:00+00:00,3.8091,3.8091,3.7828,3.7891,2568611.7
2025-07-19 12:00:00+00:00,3.7892,3.7926,3.753,3.7578,2534752.4
2025-07-19 12:15:00+00:00,3.7577,3.7933,3.7555,3.7827,1825762.4
2025-07-19 12:30:00+00:00,3.7828,3.795,3.7733,3.7834,1293143.1
2025-07-19 12:45:00+00:00,3.7834,3.8069,3.7795,3.8007,1475040.1
2025-07-19 13:00:00+00:00,3.8002,3.8011,3.775,3.7847,1421163.3
2025-07-19 13:15:00+00:00,3.7846,3.7954,3.7745,3.7801,2472816.3
2025-07-19 13:30:00+00:00,3.78,3.7926,3.7781,3.7879,973940.3
2025-07-19 13:45:00+00:00,3.7879,3.7923,3.7687,3.7853,1661214.1
2025-07-19 14:00:00+00:00,3.7853,3.792,3.7667,3.768,1897939.5
2025-07-19 14:15:00+00:00,3.768,3.7799,3.7516,3.7541,2348535.0
2025-07-19 14:30:00+00:00,3.7541,3.7675,3.744,3.7617,2477853.9
2025-07-19 14:45:00+00:00,3.7617,3.774,3.748,3.7555,3449287.3
2025-07-19 15:00:00+00:00,3.7554,3.7813,3.7509,3.7759,1944675.7
2025-07-19 15:15:00+00:00,3.776,3.8028,3.776,3.7989,2257268.5
2025-07-19 15:30:00+00:00,3.7989,3.8005,3.7796,3.7874,1279689.8
2025-07-19 15:45:00+00:00,3.7874,3.7887,3.7735,3.7788,1048763.6
2025-07-19 16:00:00+00:00,3.7787,3.7828,3.764,3.7647,1249319.6
2025-07-19 16:15:00+00:00,3.7645,3.7876,3.7613,3.7815,1355269.8
2025-07-19 16:30:00+00:00,3.7816,3.7909,3.7795,3.7869,944933.0
2025-07-19 16:45:00+00:00,3.7869,3.7877,3.7707,3.781,934101.6
2025-07-19 17:00:00+00:00,3.781,3.786,3.7774,3.7821,890604.4
2025-07-19 17:15:00+00:00,3.7822,3.7904,3.7745,3.7851,1383784.0
2025-07-19 17:30:00+00:00,3.7851,3.7877,3.765,3.7715,1043351.8
2025-07-19 17:45:00+00:00,3.7716,3.7863,3.7667,3.7761,1514178.9
2025-07-19 18:00:00+00:00,3.7762,3.7917,3.7737,3.7889,956638.7
2025-07-19 18:15:00+00:00,3.7889,3.7992,3.7829,3.7992,731163.3
2025-07-19 18:30:00+00:00,3.7993,3.8082,3.7824,3.7857,2363936.6
2025-07-19 18:45:00+00:00,3.7858,3.7874,3.7722,3.7783,1175538.4
2025-07-19 19:00:00+00:00,3.7784,3.7808,3.7613,3.7693,1064157.9
2025-07-19 19:15:00+00:00,3.7694,3.7837,3.7672,3.7785,1091540.1
2025-07-19 19:30:00+00:00,3.7784,3.7988,3.7692,3.7933,1647397.3
2025-07-19 19:45:00+00:00,3.7934,3.7934,3.7791,3.7874,930544.7
2025-07-19 20:00:00+00:00,3.7874,3.8218,3.7848,3.8132,3205734.0
2025-07-19 20:15:00+00:00,3.8133,3.8218,3.8041,3.8211,1242296.6
2025-07-19 20:30:00+00:00,3.8212,3.8476,3.8152,3.8364,2790049.7
2025-07-19 20:45:00+00:00,3.8365,3.8494,3.82,3.8225,2397426.7
2025-07-19 21:00:00+00:00,3.8224,3.8327,3.8017,3.8056,2646864.3
2025-07-19 21:15:00+00:00,3.8057,3.8187,3.785,3.808,2776124.4
2025-07-19 21:30:00+00:00,3.808,3.808,3.7667,3.7851,3130651.6
2025-07-19 21:45:00+00:00,3.7851,3.8028,3.7833,3.7993,646179.9
2025-07-19 22:00:00+00:00,3.7994,3.8113,3.7903,3.8112,881426.7
2025-07-19 22:15:00+00:00,3.8113,3.8264,3.8081,3.8148,1236663.7
2025-07-19 22:30:00+00:00,3.8148,3.8193,3.7985,3.8185,1002478.5
2025-07-19 22:45:00+00:00,3.8186,3.8232,3.8097,3.8175,702632.6
2025-07-19 23:00:00+00:00,3.8176,3.8319,3.81,3.8277,847776.7
2025-07-19 23:15:00+00:00,3.8277,3.8425,3.8172,3.8291,1974287.3
2025-07-19 23:30:00+00:00,3.8291,3.855,3.8255,3.8517,1626706.8
2025-07-19 23:45:00+00:00,3.8516,3.8551,3.8323,3.8348,1413395.7
2025-07-20 00:00:00+00:00,3.8348,3.8451,3.8193,3.8233,1680911.7
2025-07-20 00:15:00+00:00,3.8234,3.8367,3.8133,3.814,1227274.4
2025-07-20 00:30:00+00:00,3.814,3.8453,3.8105,3.833,1411343.1
2025-07-20 00:45:00+00:00,3.8331,3.8642,3.8331,3.8552,1750176.9
2025-07-20 01:00:00+00:00,3.8553,3.8927,3.8521,3.8706,5020439.9
2025-07-20 01:15:00+00:00,3.8705,3.8829,3.8654,3.867,2168681.6
2025-07-20 01:30:00+00:00,3.867,3.8735,3.8504,3.862,2251777.6
2025-07-20 01:45:00+00:00,3.862,3.8642,3.8366,3.8426,1638549.3
2025-07-20 02:00:00+00:00,3.8424,3.8487,3.83,3.8436,1586984.3
2025-07-20 02:15:00+00:00,3.8435,3.854,3.8319,3.834,1225664.5
2025-07-20 02:30:00+00:00,3.834,3.8514,3.8313,3.8348,1294708.5
2025-07-20 02:45:00+00:00,3.8349,3.8487,3.8326,3.8445,979639.5
2025-07-20 03:00:00+00:00,3.8446,3.8507,3.8413,3.8433,733248.9
2025-07-20 03:15:00+00:00,3.8433,3.8718,3.8392,3.8617,2087936.0
2025-07-20 03:30:00+00:00,3.8617,3.8822,3.861,3.8692,2918819.7
2025-07-20 03:45:00+00:00,3.8692,3.8727,3.8586,3.8588,1322221.3
2025-07-20 04:00:00+00:00,3.859,3.8624,3.8418,3.8503,1490945.9
2025-07-20 04:15:00+00:00,3.8504,3.8655,3.844,3.8551,1058229.4
2025-07-20 04:30:00+00:00,3.8551,3.8636,3.8437,3.8467,870909.8
2025-07-20 04:45:00+00:00,3.8467,3.863,3.8455,3.8606,989252.8
2025-07-20 05:00:00+00:00,3.8605,3.8713,3.8577,3.8646,969084.6
2025-07-20 05:15:00+00:00,3.8646,3.879,3.8567,3.879,1175239.6
2025-07-20 05:30:00+00:00,3.8789,3.8906,3.8655,3.8906,1862617.3
2025-07-20 05:45:00+00:00,3.8906,3.9168,3.888,3.9041,4794264.2
2025-07-20 06:00:00+00:00,3.9041,3.9069,3.8868,3.888,1916331.1
2025-07-20 06:15:00+00:00,3.8881,3.8995,3.8803,3.8866,1598201.6
2025-07-20 06:30:00+00:00,3.8867,3.8943,3.8772,3.8924,1441655.7
2025-07-20 06:45:00+00:00,3.8925,3.9017,3.8857,3.888,1062477.4
2025-07-20 07:00:00+00:00,3.8881,3.9056,3.8835,3.9002,1315423.2
2025-07-20 07:15:00+00:00,3.9002,3.9192,3.8959,3.9159,3019807.9
2025-07-20 07:30:00+00:00,3.916,3.9532,3.9113,3.9399,4896764.8
2025-07-20 07:45:00+00:00,3.9399,3.9814,3.9324,3.9594,5985866.7
2025-07-20 08:00:00+00:00,3.9593,3.9886,3.9451,3.978,6085009.8
2025-07-20 08:15:00+00:00,3.9777,3.9917,3.965,3.9721,3080723.5
2025-07-20 08:30:00+00:00,3.9721,3.9811,3.9591,3.9762,2804747.9
2025-07-20 08:45:00+00:00,3.9762,3.9958,3.9631,3.9896,4062033.1
2025-07-20 09:00:00+00:00,3.9896,3.9991,3.9606,3.9672,4320569.7
2025-07-20 09:15:00+00:00,3.9672,3.9829,3.9633,3.9657,2190983.0
2025-07-20 09:30:00+00:00,3.9664,3.9866,3.9652,3.9779,2251029.0
2025-07-20 09:45:00+00:00,3.978,3.9807,3.9566,3.9566,1644311.0
2025-07-20 10:00:00+00:00,3.9565,3.9684,3.9449,3.9498,2366610.3
2025-07-20 10:15:00+00:00,3.9499,3.963,3.943,3.962,1399052.5
2025-07-20 10:30:00+00:00,3.962,3.9705,3.9584,3.9617,1224974.5
2025-07-20 10:45:00+00:00,3.9618,3.9654,3.9461,3.949,1433884.7
2025-07-20 11:00:00+00:00,3.9491,3.9706,3.9476,3.9688,1766613.1
2025-07-20 11:15:00+00:00,3.9688,3.9756,3.9572,3.9609,1253919.8
2025-07-20 11:30:00+00:00,3.961,3.9737,3.9547,3.9719,1091721.0
2025-07-20 11:45:00+00:00,3.972,3.9849,3.9612,3.965,2118505.2
2025-07-20 12:00:00+00:00,3.965,3.984,3.9571,3.9829,2135725.8
2025-07-20 12:15:00+00:00,3.9828,3.9888,3.9587,3.9617,3306068.5
2025-07-20 12:30:00+00:00,3.9617,3.9812,3.9572,3.9726,1841820.8
2025-07-20 12:45:00+00:00,3.9727,3.9831,3.97,3.9795,1286776.2
2025-07-20 13:00:00+00:00,3.9796,3.9899,3.9745,3.9869,1676219.7
2025-07-20 13:15:00+00:00,3.9869,4.0103,3.9825,3.995,3633372.9
2025-07-20 13:30:00+00:00,3.9951,4.0187,3.9951,4.0176,3016686.8
2025-07-20 13:45:00+00:00,4.0177,4.0336,4.0114,4.0331,2888569.1
2025-07-20 14:00:00+00:00,4.0331,4.035,3.98,4.0061,6195699.9
2025-07-20 14:15:00+00:00,4.0061,4.0253,3.9955,4.012,2599737.6
2025-07-20 14:30:00+00:00,4.0119,4.0156,4.001,4.0055,1270766.6
2025-07-20 14:45:00+00:00,4.0056,4.0145,3.9816,4.003,2587913.8
2025-07-20 15:00:00+00:00,4.003,4.0155,3.9879,4.0143,1871029.7
2025-07-20 15:15:00+00:00,4.0143,4.0155,3.9985,4.0019,896411.8
2025-07-20 15:30:00+00:00,4.0018,4.0054,3.9912,3.9976,1425159.7
2025-07-20 15:45:00+00:00,3.9976,4.0148,3.9944,4.0075,1819226.3
2025-07-20 16:00:00+00:00,4.0075,4.0218,3.9955,4.0139,3388420.5
2025-07-20 16:15:00+00:00,4.0141,4.0175,3.9854,4.0,3004296.8
2025-07-20 16:30:00+00:00,4.0,4.008,3.98,3.9988,2736704.1
2025-07-20 16:45:00+00:00,3.9987,3.9991,3.9532,3.9668,6132371.0
2025-07-20 17:00:00+00:00,3.9667,3.9677,3.884,3.9482,11791190.1
2025-07-20 17:15:00+00:00,3.9483,3.961,3.9366,3.9582,3415594.7
2025-07-20 17:30:00+00:00,3.9583,3.9596,3.9278,3.9493,2661165.9
2025-07-20 17:45:00+00:00,3.9493,3.9493,3.9038,3.9062,4159380.3
2025-07-20 18:00:00+00:00,3.9062,3.9333,3.9028,3.9295,3582673.6
2025-07-20 18:15:00+00:00,3.9296,3.9342,3.9167,3.9197,2038869.9
2025-07-20 18:30:00+00:00,3.9197,3.936,3.91,3.9262,2360266.7
2025-07-20 18:45:00+00:00,3.9261,3.9398,3.9261,3.936,1750941.2
2025-07-20 19:00:00+00:00,3.936,3.9548,3.9348,3.9515,1384472.6
2025-07-20 19:15:00+00:00,3.9515,3.9569,3.9394,3.9511,1679670.2
2025-07-20 19:30:00+00:00,3.9511,3.9515,3.9361,3.9418,1096938.9
2025-07-20 19:45:00+00:00,3.9417,3.9522,3.9384,3.9434,1180817.2
2025-07-20 20:00:00+00:00,3.9433,3.9469,3.9158,3.9345,2153850.8
2025-07-20 20:15:00+00:00,3.9346,3.9458,3.929,3.9293,842541.4
2025-07-20 20:30:00+00:00,3.9292,3.9419,3.9262,3.9419,762169.0
2025-07-20 20:45:00+00:00,3.9418,3.9519,3.9279,3.9299,1009073.7
2025-07-20 21:00:00+00:00,3.9299,3.9319,3.883,3.8974,5136962.4
2025-07-20 21:15:00+00:00,3.8972,3.9238,3.8912,3.9182,1823602.6
2025-07-20 21:30:00+00:00,3.9182,3.9253,3.9036,3.9093,889766.6
2025-07-20 21:45:00+00:00,3.9093,3.9217,3.9077,3.9188,818081.2
2025-07-20 22:00:00+00:00,3.9187,3.9226,3.855,3.8622,5647331.9
2025-07-20 22:15:00+00:00,3.8622,3.8731,3.8065,3.8675,10780149.2
2025-07-20 22:30:00+00:00,3.8675,3.8907,3.8531,3.8896,3447725.7
2025-07-20 22:45:00+00:00,3.8895,3.8941,3.8777,3.8837,1763274.3
2025-07-20 23:00:00+00:00,3.8836,3.8836,3.8568,3.8732,2438001.1
2025-07-20 23:15:00+00:00,3.8732,3.8899,3.8719,3.8775,1621681.8
2025-07-20 23:30:00+00:00,3.8775,3.911,3.873,3.9004,2433515.2
2025-07-20 23:45:00+00:00,3.9003,3.9069,3.8838,3.8912,1333191.0
2025-07-21 00:00:00+00:00,3.8913,3.8969,3.8604,3.8619,4847875.4
2025-07-21 00:15:00+00:00,3.8619,3.872,3.8368,3.8686,3452971.1
2025-07-21 00:30:00+00:00,3.8687,3.8809,3.8487,3.8752,2254659.7
2025-07-21 00:45:00+00:00,3.8751,3.8916,3.8674,3.8875,2188549.2
2025-07-21 01:00:00+00:00,3.8874,3.8988,3.8794,3.8822,1748010.4
2025-07-21 01:15:00+00:00,3.8823,3.8902,3.8658,3.8816,1475617.2
2025-07-21 01:30:00+00:00,3.8817,3.8895,3.8553,3.8789,1868009.3
2025-07-21 01:45:00+00:00,3.8788,3.9005,3.8705,3.8981,2390737.5
2025-07-21 02:00:00+00:00,3.8982,3.9484,3.8974,3.9412,4286032.2
2025-07-21 02:15:00+00:00,3.9412,3.9425,3.9203,3.9398,2747265.9
2025-07-21 02:30:00+00:00,3.9399,3.9469,3.9325,3.939,2376989.9
2025-07-21 02:45:00+00:00,3.9391,3.9596,3.9265,3.9595,2901809.6
2025-07-21 03:00:00+00:00,3.9595,3.9915,3.9594,3.9724,5051096.1
2025-07-21 03:15:00+00:00,3.9723,3.9849,3.9686,3.9849,1628924.6
2025-07-21 03:30:00+00:00,3.9848,3.9976,3.984,3.9924,2572658.7
2025-07-21 03:45:00+00:00,3.9924,3.9941,3.971,3.978,2610089.2
2025-07-21 04:00:00+00:00,3.9779,3.9811,3.963,3.967,2235499.5
2025-07-21 04:15:00+00:00,3.9671,3.9851,3.9631,3.976,2102144.1
2025-07-21 04:30:00+00:00,3.976,3.9943,3.9755,3.991,2087642.0
2025-07-21 04:45:00+00:00,3.991,3.9949,3.9778,3.9778,1641738.0
2025-07-21 05:00:00+00:00,3.9779,3.9813,3.9663,3.9744,1407764.4
2025-07-21 05:15:00+00:00,3.9744,3.984,3.9712,3.9836,1079384.1
2025-07-21 05:30:00+00:00,3.9835,3.9975,3.9825,3.9973,2619537.1
2025-07-21 05:45:00+00:00,3.9973,3.9975,3.9886,3.9952,1848896.0
2025-07-21 06:00:00+00:00,3.9953,3.9975,3.9831,3.9949,2548604.9
2025-07-21 06:15:00+00:00,3.9949,4.0248,3.9945,4.0194,3705133.3
2025-07-21 06:30:00+00:00,4.0195,4.0212,3.99,3.9915,3931856.3
2025-07-21 06:45:00+00:00,3.9915,3.9993,3.982,3.9895,2568989.2
2025-07-21 07:00:00+00:00,3.9894,4.0148,3.9882,4.0104,1936322.1
2025-07-21 07:15:00+00:00,4.0103,4.0219,4.0037,4.0168,2475332.5
2025-07-21 07:30:00+00:00,4.0168,4.0187,3.9943,3.9975,2382602.2
2025-07-21 07:45:00+00:00,3.9975,4.0071,3.992,4.0034,1286383.0
2025-07-21 08:00:00+00:00,4.0034,4.0053,3.9893,3.9979,1658331.9
2025-07-21 08:15:00+00:00,3.9978,4.012,3.9952,4.0076,1770902.6
2025-07-21 08:30:00+00:00,4.0077,4.0197,4.0,4.0167,2504240.3
2025-07-21 08:45:00+00:00,4.0168,4.0245,3.9922,4.0057,2806683.7
2025-07-21 09:00:00+00:00,4.0057,4.0112,3.9941,3.9952,1321059.8
2025-07-21 09:15:00+00:00,3.9953,3.9975,3.97,3.994,4044937.8
2025-07-21 09:30:00+00:00,3.994,4.0033,3.9658,3.9808,4331116.9
2025-07-21 09:45:00+00:00,3.9807,4.0,3.9723,3.9964,1710426.5
2025-07-21 10:00:00+00:00,3.9964,4.0071,3.9924,4.0007,1965517.9
2025-07-21 10:15:00+00:00,4.0008,4.0054,3.9802,3.9843,1401288.3
2025-07-21 10:30:00+00:00,3.9843,3.9932,3.9702,3.9912,2422453.8
2025-07-21 10:45:00+00:00,3.9911,4.0227,3.991,4.0148,2915114.0
2025-07-21 11:00:00+00:00,4.0147,4.0365,4.0117,4.0276,3918803.7
2025-07-21 11:15:00+00:00,4.0278,4.0596,4.0195,4.0564,7041728.3
2025-07-21 11:30:00+00:00,4.0564,4.076,4.024,4.0267,6431784.7
2025-07-21 11:45:00+00:00,4.0267,4.0421,4.0121,4.0173,2493258.1
2025-07-21 12:00:00+00:00,4.0176,4.0248,3.9902,4.0051,4646050.0
2025-07-21 12:15:00+00:00,4.0048,4.0492,4.0039,4.0444,3828528.8
2025-07-21 12:30:00+00:00,4.0445,4.0494,4.0214,4.0277,2490924.8
2025-07-21 12:45:00+00:00,4.0274,4.0328,4.0125,4.0261,1650152.2
2025-07-21 13:00:00+00:00,4.0261,4.0306,3.9932,3.9975,4161162.6
2025-07-21 13:15:00+00:00,3.9975,4.024,3.9975,4.0185,2864918.8
2025-07-21 13:30:00+00:00,4.0185,4.0384,4.0144,4.03,2562905.4
2025-07-21 13:45:00+00:00,4.03,4.0549,4.0238,4.0448,4252922.5
2025-07-21 14:00:00+00:00,4.0449,4.0564,4.0039,4.0224,3906148.4
2025-07-21 14:15:00+00:00,4.0223,4.045,4.0166,4.0374,2956385.6
2025-07-21 14:30:00+00:00,4.0375,4.055,4.0284,4.0481,4060436.1
2025-07-21 14:45:00+00:00,4.048,4.0537,4.0214,4.0296,2390004.3
2025-07-21 15:00:00+00:00,4.0294,4.0726,4.0161,4.0721,4453951.2
2025-07-21 15:15:00+00:00,4.072,4.0992,4.049,4.0495,9620195.8
2025-07-21 15:30:00+00:00,4.0495,4.0622,3.9951,4.0058,11398279.7
2025-07-21 15:45:00+00:00,4.0058,4.0268,3.9969,4.0005,4577306.0
2025-07-21 16:00:00+00:00,4.0005,4.0108,3.976,3.9921,7174881.2
2025-07-21 16:15:00+00:00,3.9922,3.9953,3.9383,3.9814,10232751.2
2025-07-21 16:30:00+00:00,3.9813,4.0092,3.979,3.9986,4216221.2
2025-07-21 16:45:00+00:00,3.9985,4.0056,3.9753,3.9951,3030518.4
2025-07-21 17:00:00+00:00,3.996,4.0057,3.9857,3.99,2283090.4
2025-07-21 17:15:00+00:00,3.99,4.0011,3.9776,3.9794,1886036.8
2025-07-21 17:30:00+00:00,3.979,3.9927,3.9676,3.9721,1804177.8
2025-07-21 17:45:00+00:00,3.9725,3.9966,3.9622,3.9897,2275494.3
2025-07-21 18:00:00+00:00,3.9897,4.0047,3.9895,4.0042,1225853.1
2025-07-21 18:15:00+00:00,4.0043,4.0136,3.995,3.9984,1612659.7
2025-07-21 18:30:00+00:00,3.9983,3.9983,3.9731,3.9784,1219717.8
2025-07-21 18:45:00+00:00,3.9784,3.9808,3.9457,3.956,2560857.2
2025-07-21 19:00:00+00:00,3.956,3.9762,3.9467,3.9749,1731435.2
2025-07-21 19:15:00+00:00,3.9748,3.9823,3.9447,3.9473,1604417.1
2025-07-21 19:30:00+00:00,3.9473,3.961,3.9216,3.947,6722651.2
2025-07-21 19:45:00+00:00,3.947,3.9615,3.9422,3.9495,1574923.6
2025-07-21 20:00:00+00:00,3.9493,3.9704,3.9345,3.9646,2067081.5
2025-07-21 20:15:00+00:00,3.9646,3.9804,3.9525,3.9734,2748203.0
2025-07-21 20:30:00+00:00,3.9734,3.9826,3.9562,3.9708,2834039.4
2025-07-21 20:45:00+00:00,3.9708,3.9813,3.9494,3.9512,1903102.6
2025-07-21 21:00:00+00:00,3.951,3.9639,3.9391,3.9531,1748963.7
2025-07-21 21:15:00+00:00,3.9532,3.9696,3.9532,3.969,720566.3
2025-07-21 21:30:00+00:00,3.969,3.9824,3.9598,3.9792,1122948.9
2025-07-21 21:45:00+00:00,3.9791,3.9793,3.9656,3.9731,488703.2
2025-07-21 22:00:00+00:00,3.973,3.9798,3.9672,3.9794,761132.2
2025-07-21 22:15:00+00:00,3.9794,3.9813,3.9527,3.9669,2336913.2
2025-07-21 22:30:00+00:00,3.9669,3.9857,3.9637,3.9833,1824830.1
2025-07-21 22:45:00+00:00,3.9833,3.9898,3.9724,3.9737,1760592.7
2025-07-21 23:00:00+00:00,3.9737,3.9769,3.9571,3.958,1340105.4
2025-07-21 23:15:00+00:00,3.9581,3.9729,3.9506,3.9716,1140273.2
2025-07-21 23:30:00+00:00,3.9716,3.9852,3.9714,3.972,811489.1
2025-07-21 23:45:00+00:00,3.9719,3.9751,3.9606,3.9624,723130.1
2025-07-22 00:00:00+00:00,3.9625,3.9812,3.9613,3.9797,924245.0
2025-07-22 00:15:00+00:00,3.9798,4.0079,3.9797,4.0066,2263489.3
2025-07-22 00:30:00+00:00,4.0065,4.009,3.9653,3.9656,3250440.2
2025-07-22 00:45:00+00:00,3.9656,3.9895,3.9612,3.9615,1639040.8
2025-07-22 01:00:00+00:00,3.9614,3.9643,3.894,3.9054,8131828.8
2025-07-22 01:15:00+00:00,3.9056,3.9668,3.8616,3.9624,10426373.8
2025-07-22 01:30:00+00:00,3.9624,4.0341,3.961,4.0171,8548573.2
2025-07-22 01:45:00+00:00,4.0172,4.035,4.0095,4.0201,4019115.1
2025-07-22 02:00:00+00:00,4.0204,4.0295,3.9855,4.0079,4862572.8
2025-07-22 02:15:00+00:00,4.0079,4.0266,3.9932,4.0194,3354117.4
2025-07-22 02:30:00+00:00,4.0194,4.0347,4.0072,4.0164,2679634.9
2025-07-22 02:45:00+00:00,4.0168,4.0327,3.9705,3.9906,4530072.1
2025-07-22 03:00:00+00:00,3.9905,4.0056,3.9733,3.9875,2843397.7
2025-07-22 03:15:00+00:00,3.9873,3.9899,3.9366,3.9631,5630840.8
2025-07-22 03:30:00+00:00,3.9631,3.9784,3.9177,3.9255,5079369.5
2025-07-22 03:45:00+00:00,3.9255,3.952,3.9152,3.9478,2630352.0
2025-07-22 04:00:00+00:00,3.9477,3.9574,3.9302,3.939,1864596.2
2025-07-22 04:15:00+00:00,3.939,3.9425,3.8964,3.9096,4179565.5
2025-07-22 04:30:00+00:00,3.9097,3.9408,3.8956,3.9,3345235.8
2025-07-22 04:45:00+00:00,3.8996,3.909,3.8137,3.8232,13719484.3
2025-07-22 05:00:00+00:00,3.8238,3.867,3.8196,3.8631,9099525.7
2025-07-22 05:15:00+00:00,3.863,3.878,3.8492,3.8567,3354759.0
2025-07-22 05:30:00+00:00,3.8568,3.875,3.8409,3.8522,2289033.9
2025-07-22 05:45:00+00:00,3.8522,3.8616,3.823,3.8584,2799898.1
2025-07-22 06:00:00+00:00,3.8584,3.8916,3.8428,3.8905,2862307.0
2025-07-22 06:15:00+00:00,3.8904,3.9087,3.8794,3.896,3282766.1
2025-07-22 06:30:00+00:00,3.896,3.9099,3.8748,3.8769,2551137.8
2025-07-22 06:45:00+00:00,3.8768,3.8898,3.8674,3.8898,1769982.4
2025-07-22 07:00:00+00:00,3.8898,3.924,3.8861,3.9204,2671951.3
2025-07-22 07:15:00+00:00,3.9205,3.9263,3.9065,3.9247,2231282.6
2025-07-22 07:30:00+00:00,3.9248,3.9273,3.9054,3.9117,1433496.6
2025-07-22 07:45:00+00:00,3.9118,3.9141,3.8663,3.8771,2627535.2
2025-07-22 08:00:00+00:00,3.8772,3.8773,3.8274,3.8285,4360853.9
2025-07-22 08:15:00+00:00,3.8284,3.8504,3.8033,3.8129,5182479.0
2025-07-22 08:30:00+00:00,3.813,3.8435,3.802,3.8349,2961303.0
2025-07-22 08:45:00+00:00,3.835,3.8594,3.8304,3.8507,1571439.7
2025-07-22 09:00:00+00:00,3.8509,3.8509,3.8205,3.8247,2168157.2
2025-07-22 09:15:00+00:00,3.8248,3.8368,3.8045,3.8293,3393991.5
2025-07-22 09:30:00+00:00,3.8293,3.8544,3.8293,3.8528,2699661.4
2025-07-22 09:45:00+00:00,3.8526,3.8645,3.847,3.849,2252574.8
2025-07-22 10:00:00+00:00,3.8489,3.863,3.84,3.8509,1564363.0
2025-07-22 10:15:00+00:00,3.851,3.8523,3.8307,3.8523,2202595.9
2025-07-22 10:30:00+00:00,3.8524,3.8717,3.8524,3.8678,1823490.5
2025-07-22 10:45:00+00:00,3.8678,3.8899,3.8673,3.8898,2123821.4
2025-07-22 11:00:00+00:00,3.8898,3.8988,3.8755,3.8878,2727086.8
2025-07-22 11:15:00+00:00,3.8878,3.9001,3.8801,3.8883,1398966.5
2025-07-22 11:30:00+00:00,3.8884,3.897,3.8654,3.8944,1724076.9
2025-07-22 11:45:00+00:00,3.8943,3.9088,3.8868,3.8954,1993148.7
2025-07-22 12:00:00+00:00,3.8955,3.9035,3.8876,3.9013,1233045.1
2025-07-22 12:15:00+00:00,3.9014,3.906,3.8872,3.9005,1694255.2
2025-07-22 12:30:00+00:00,3.9006,3.9057,3.8828,3.9046,1583246.9
2025-07-22 12:45:00+00:00,3.9047,3.9073,3.885,3.9019,1700719.1
2025-07-22 13:00:00+00:00,3.9018,3.9316,3.8949,3.9302,4111832.1
2025-07-22 13:15:00+00:00,3.9302,3.9459,3.9238,3.939,4306255.6
2025-07-22 13:30:00+00:00,3.939,3.9638,3.9033,3.9536,7448709.8
2025-07-22 13:45:00+00:00,3.9537,3.9545,3.8873,3.8963,7250087.0
2025-07-22 14:00:00+00:00,3.8964,3.8964,3.838,3.8924,9002671.1
2025-07-22 14:15:00+00:00,3.8924,3.9085,3.871,3.8851,3135965.5
2025-07-22 14:30:00+00:00,3.885,3.9118,3.8815,3.8924,2313449.6
2025-07-22 14:45:00+00:00,3.8924,3.9173,3.8732,3.9162,3687421.8
2025-07-22 15:00:00+00:00,3.9162,3.9397,3.9076,3.9397,3683917.0
2025-07-22 15:15:00+00:00,3.9397,3.9476,3.913,3.9173,3987217.1
2025-07-22 15:30:00+00:00,3.9172,3.9216,3.8921,3.9005,2804665.7
2025-07-22 15:45:00+00:00,3.9006,3.9352,3.9006,3.9257,2258808.2
2025-07-22 16:00:00+00:00,3.9256,3.9722,3.9172,3.9699,3842065.1
2025-07-22 16:15:00+00:00,3.9698,3.9788,3.9463,3.964,4419592.7
2025-07-22 16:30:00+00:00,3.9638,3.968,3.9327,3.9368,2461907.2
2025-07-22 16:45:00+00:00,3.9366,3.9383,3.923,3.9268,1566502.1
2025-07-22 17:00:00+00:00,3.9268,3.9425,3.8922,3.9061,2831755.9
2025-07-22 17:15:00+00:00,3.9061,3.9206,3.8961,3.9162,2095297.6
2025-07-22 17:30:00+00:00,3.9163,3.9436,3.9036,3.9258,1961933.2
2025-07-22 17:45:00+00:00,3.9259,3.9345,3.9152,3.9258,1391237.4
2025-07-22 18:00:00+00:00,3.9257,3.9384,3.9052,3.9261,1704658.2
2025-07-22 18:15:00+00:00,3.9262,3.9344,3.9082,3.9274,1938970.8
2025-07-22 18:30:00+00:00,3.9274,3.9416,3.9249,3.9302,1396451.9
2025-07-22 18:45:00+00:00,3.9302,3.9726,3.9254,3.96,3430506.3
2025-07-22 19:00:00+00:00,3.9599,3.9945,3.9587,3.9912,4765714.1
2025-07-22 19:15:00+00:00,3.9912,3.9917,3.9576,3.9775,2543895.7
2025-07-22 19:30:00+00:00,3.9776,3.9783,3.9492,3.9555,2016010.2
2025-07-22 19:45:00+00:00,3.9554,3.9567,3.9178,3.932,2993270.8
2025-07-22 20:00:00+00:00,3.9319,3.9725,3.9238,3.9616,3141468.5
2025-07-22 20:15:00+00:00,3.9617,3.9761,3.956,3.9732,1968874.0
2025-07-22 20:30:00+00:00,3.9733,3.9789,3.9641,3.972,1241742.9
2025-07-22 20:45:00+00:00,3.9719,3.9786,3.9562,3.9601,1062796.7
2025-07-22 21:00:00+00:00,3.9602,3.9652,3.9405,3.9445,1244949.4
2025-07-22 21:15:00+00:00,3.9446,3.9632,3.9439,3.9563,1035355.5
2025-07-22 21:30:00+00:00,3.9564,3.9648,3.9474,3.9543,841733.0
2025-07-22 21:45:00+00:00,3.9542,3.9722,3.954,3.9672,841941.4
2025-07-22 22:00:00+00:00,3.9672,3.9847,3.9663,3.9708,1968841.5
2025-07-22 22:15:00+00:00,3.9708,3.9852,3.9708,3.9804,866874.3
2025-07-22 22:30:00+00:00,3.9805,3.9964,3.9795,3.9963,1420616.3
2025-07-22 22:45:00+00:00,3.9963,3.9971,3.979,3.9895,1911020.4
2025-07-22 23:00:00+00:00,3.9895,4.0216,3.9881,4.0198,2710439.5
2025-07-22 23:15:00+00:00,4.0198,4.0269,4.0153,4.0193,2724119.2
2025-07-22 23:30:00+00:00,4.0193,4.0245,4.007,4.0116,1829270.5
2025-07-22 23:45:00+00:00,4.0115,4.0152,4.0021,4.0131,2146628.1
2025-07-23 00:00:00+00:00,4.0132,4.015,3.9893,3.9939,2211947.0
2025-07-23 00:15:00+00:00,3.994,4.0293,3.9883,3.9919,3051615.5
2025-07-23 00:30:00+00:00,3.9918,3.9976,3.9804,3.9895,1936915.8
2025-07-23 00:45:00+00:00,3.9896,4.0002,3.9723,3.9754,1569079.2
2025-07-23 01:00:00+00:00,3.9754,3.9754,3.9473,3.9519,3481205.7
2025-07-23 01:15:00+00:00,3.952,3.982,3.952,3.9768,2126205.7
2025-07-23 01:30:00+00:00,3.9769,4.0019,3.9731,3.9856,2612068.5
2025-07-23 01:45:00+00:00,3.9854,3.9929,3.9722,3.9797,1744044.7
2025-07-23 02:00:00+00:00,3.9798,3.9847,3.971,3.9717,1479059.5
2025-07-23 02:15:00+00:00,3.9717,3.985,3.9658,3.9839,1114620.6
2025-07-23 02:30:00+00:00,3.9838,3.989,3.9608,3.961,1381013.5
2025-07-23 02:45:00+00:00,3.9611,3.9717,3.9558,3.9623,2093779.4
2025-07-23 03:00:00+00:00,3.9624,3.969,3.9515,3.9668,1380390.5
2025-07-23 03:15:00+00:00,3.9669,3.9685,3.9508,3.9614,1313011.7
2025-07-23 03:30:00+00:00,3.9614,3.9733,3.9528,3.953,982332.7
2025-07-23 03:45:00+00:00,3.9529,3.9556,3.9352,3.9441,2642746.9
2025-07-23 04:00:00+00:00,3.9441,3.9595,3.9361,3.9539,1109830.0
2025-07-23 04:15:00+00:00,3.9538,3.9687,3.9476,3.9635,1157264.6
2025-07-23 04:30:00+00:00,3.9635,3.9749,3.9562,3.971,1160145.8
2025-07-23 04:45:00+00:00,3.9711,3.9836,3.9631,3.9833,971015.3
2025-07-23 05:00:00+00:00,3.9834,4.0079,3.9823,3.9956,3876911.0
2025-07-23 05:15:00+00:00,3.9956,4.0214,3.9906,4.012,4700099.3
2025-07-23 05:30:00+00:00,4.012,4.0241,4.0049,4.0138,3087161.7
2025-07-23 05:45:00+00:00,4.0137,4.024,3.9994,3.9995,2890625.9
2025-07-23 06:00:00+00:00,3.9996,4.0098,3.995,4.0058,2356825.4
2025-07-23 06:15:00+00:00,4.0058,4.006,3.9563,3.9816,5493018.3
2025-07-23 06:30:00+00:00,3.9815,3.9825,3.95,3.9576,2778237.7
2025-07-23 06:45:00+00:00,3.9576,3.9721,3.9554,3.9705,1332310.1
2025-07-23 07:00:00+00:00,3.9705,3.9762,3.9461,3.9683,1881294.9
2025-07-23 07:15:00+00:00,3.9682,3.9816,3.9625,3.9647,1777330.6
2025-07-23 07:30:00+00:00,3.9648,3.9684,3.9334,3.9367,3168133.2
2025-07-23 07:45:00+00:00,3.9366,3.9434,3.9214,3.9345,3335811.7
2025-07-23 08:00:00+00:00,3.9345,3.9534,3.9277,3.9523,2489652.6
2025-07-23 08:15:00+00:00,3.9523,3.954,3.9424,3.9508,1073194.3
2025-07-23 08:30:00+00:00,3.9509,3.9615,3.944,3.9529,1316837.2
2025-07-23 08:45:00+00:00,3.953,3.9671,3.9453,3.9669,1414463.3
2025-07-23 09:00:00+00:00,3.967,3.9721,3.9371,3.9508,2616748.0
2025-07-23 09:15:00+00:00,3.9508,3.9508,3.9015,3.9021,4851711.8
2025-07-23 09:30:00+00:00,3.9021,3.9117,3.8849,3.8975,5304862.8
2025-07-23 09:45:00+00:00,3.8975,3.9093,3.8888,3.8957,1541624.0
2025-07-23 10:00:00+00:00,3.8956,3.8962,3.87,3.8738,4252157.9
2025-07-23 10:15:00+00:00,3.8736,3.8979,3.8733,3.8934,2311972.5
2025-07-23 10:30:00+00:00,3.8935,3.9076,3.8898,3.9,1500607.2
2025-07-23 10:45:00+00:00,3.9,3.9106,3.9,3.9075,1091077.5
2025-07-23 11:00:00+00:00,3.9076,3.9088,3.875,3.8799,1751517.6
2025-07-23 11:15:00+00:00,3.88,3.912,3.8778,3.911,1861157.6
2025-07-23 11:30:00+00:00,3.9111,3.9144,3.904,3.9144,968502.7
2025-07-23 11:45:00+00:00,3.9144,3.9155,3.8968,3.9088,1368137.2
2025-07-23 12:00:00+00:00,3.9088,3.9168,3.8861,3.9126,1838752.5
2025-07-23 12:15:00+00:00,3.9127,3.9154,3.892,3.8982,1571396.9
2025-07-23 12:30:00+00:00,3.8981,3.9072,3.8581,3.8648,3202358.7
2025-07-23 12:45:00+00:00,3.8649,3.8838,3.8253,3.8413,8415909.8
2025-07-23 13:00:00+00:00,3.8414,3.8638,3.825,3.8534,5712042.5
2025-07-23 13:15:00+00:00,3.8533,3.8533,3.8057,3.847,8222172.6
2025-07-23 13:30:00+00:00,3.8469,3.8497,3.5738,3.7234,27072605.4
2025-07-23 13:45:00+00:00,3.7231,3.744,3.6677,3.7172,22605158.6
2025-07-23 14:00:00+00:00,3.718,3.7908,3.7038,3.7497,19727358.7
2025-07-23 14:15:00+00:00,3.7496,3.7937,3.7491,3.7868,6948752.7
2025-07-23 14:30:00+00:00,3.7866,3.7911,3.7685,3.7764,3889840.9
2025-07-23 14:45:00+00:00,3.7764,3.7898,3.7602,3.7894,2655777.6
2025-07-23 15:00:00+00:00,3.7893,3.7946,3.7468,3.7501,4588529.0
2025-07-23 15:15:00+00:00,3.75,3.7774,3.7472,3.7644,2455535.9
2025-07-23 15:30:00+00:00,3.7643,3.8067,3.7601,3.8066,4031172.5
2025-07-23 15:45:00+00:00,3.8064,3.8232,3.7826,3.817,4703442.0
2025-07-23 16:00:00+00:00,3.817,3.817,3.766,3.7685,3768381.2
2025-07-23 16:15:00+00:00,3.7686,3.783,3.7502,3.7664,3340771.1
2025-07-23 16:30:00+00:00,3.7663,3.768,3.7328,3.7483,3408951.2
2025-07-23 16:45:00+00:00,3.7483,3.7483,3.6993,3.7079,11693433.7
2025-07-23 17:00:00+00:00,3.708,3.7182,3.672,3.6847,7466654.9
2025-07-23 17:15:00+00:00,3.6845,3.6951,3.6361,3.6521,11642365.0
2025-07-23 17:30:00+00:00,3.652,3.6824,3.6324,3.6738,5621992.5
2025-07-23 17:45:00+00:00,3.6739,3.698,3.6638,3.6955,3963020.5
2025-07-23 18:00:00+00:00,3.6956,3.7169,3.6854,3.6953,3192198.0
2025-07-23 18:15:00+00:00,3.6952,3.7143,3.683,3.6977,1929463.2
2025-07-23 18:30:00+00:00,3.6978,3.7208,3.69,3.7029,1938902.9
2025-07-23 18:45:00+00:00,3.7029,3.7272,3.7028,3.7257,1238231.5
2025-07-23 19:00:00+00:00,3.7256,3.7334,3.71,3.7101,2328891.2
2025-07-23 19:15:00+00:00,3.7101,3.7193,3.698,3.7024,2092125.7
2025-07-23 19:30:00+00:00,3.7023,3.7105,3.6916,3.7064,1778081.3
2025-07-23 19:45:00+00:00,3.7065,3.7248,3.694,3.6972,1566238.2
2025-07-23 20:00:00+00:00,3.6973,3.7183,3.6843,3.6924,2481942.9
2025-07-23 20:15:00+00:00,3.6926,3.6939,3.6483,3.6561,3413774.7
2025-07-23 20:30:00+00:00,3.6562,3.6593,3.5893,3.6413,12035575.8
2025-07-23 20:45:00+00:00,3.6412,3.666,3.6262,3.6592,3558716.6
2025-07-23 21:00:00+00:00,3.6594,3.6794,3.6394,3.6589,4495949.3
2025-07-23 21:15:00+00:00,3.6591,3.6632,3.5824,3.6202,7101072.4
2025-07-23 21:30:00+00:00,3.6203,3.672,3.5897,3.6572,6597077.5
2025-07-23 21:45:00+00:00,3.6572,3.6776,3.6564,3.6735,2519826.3
2025-07-23 22:00:00+00:00,3.6735,3.6861,3.644,3.6781,4044652.2
2025-07-23 22:15:00+00:00,3.6783,3.7037,3.6652,3.7024,2896462.4
2025-07-23 22:30:00+00:00,3.7025,3.7046,3.687,3.6983,1653052.1
2025-07-23 22:45:00+00:00,3.6982,3.7216,3.6957,3.7023,3415232.9
2025-07-23 23:00:00+00:00,3.7023,3.7282,3.699,3.7213,2611567.7
2025-07-23 23:15:00+00:00,3.7215,3.7256,3.711,3.7199,1683929.4
2025-07-23 23:30:00+00:00,3.7199,3.7226,3.707,3.7127,1018302.3
2025-07-23 23:45:00+00:00,3.7127,3.73,3.7044,3.7171,2670616.7
2025-07-24 00:00:00+00:00,3.7171,3.7474,3.705,3.7364,4486861.6
2025-07-24 00:15:00+00:00,3.7365,3.7901,3.7314,3.7879,5081198.9
2025-07-24 00:30:00+00:00,3.7876,3.7891,3.7687,3.7782,3234114.5
2025-07-24 00:45:00+00:00,3.7784,3.7808,3.7669,3.7744,2048362.6
2025-07-24 01:00:00+00:00,3.7745,3.7752,3.7612,3.7675,1276185.8
2025-07-24 01:15:00+00:00,3.7676,3.7797,3.7555,3.7561,1367720.3
2025-07-24 01:30:00+00:00,3.756,3.7614,3.7421,3.7592,1920860.6
2025-07-24 01:45:00+00:00,3.7593,3.7796,3.7581,3.7772,1085332.6
2025-07-24 02:00:00+00:00,3.7773,3.7795,3.7588,3.7621,1202706.3
2025-07-24 02:15:00+00:00,3.7622,3.7641,3.7512,3.7569,1273452.7
2025-07-24 02:30:00+00:00,3.757,3.7798,3.7546,3.7772,1793837.8
2025-07-24 02:45:00+00:00,3.7772,3.7816,3.759,3.7636,1049460.2
2025-07-24 03:00:00+00:00,3.7636,3.7672,3.7562,3.7638,726436.1
2025-07-24 03:15:00+00:00,3.7638,3.7912,3.7586,3.7845,1214417.6
2025-07-24 03:30:00+00:00,3.7845,3.7966,3.7764,3.788,1611236.4
2025-07-24 03:45:00+00:00,3.788,3.7883,3.7561,3.7589,1605284.1
2025-07-24 04:00:00+00:00,3.7588,3.7692,3.7454,3.7659,1889005.4
2025-07-24 04:15:00+00:00,3.7659,3.7659,3.7311,3.7338,2003211.8
2025-07-24 04:30:00+00:00,3.7338,3.7384,3.6951,3.6977,5018255.2
2025-07-24 04:45:00+00:00,3.6978,3.7117,3.6732,3.6818,4321339.9
2025-07-24 05:00:00+00:00,3.6818,3.6887,3.6562,3.6661,5474737.0
2025-07-24 05:15:00+00:00,3.666,3.6911,3.6464,3.6471,4113152.3
2025-07-24 05:30:00+00:00,3.6468,3.6811,3.6393,3.6748,2866162.6
2025-07-24 05:45:00+00:00,3.6747,3.676,3.5878,3.5897,8337868.8
2025-07-24 06:00:00+00:00,3.5899,3.6261,3.586,3.6183,4927022.7
2025-07-24 06:15:00+00:00,3.6183,3.6385,3.5806,3.6328,4108246.2
2025-07-24 06:30:00+00:00,3.6328,3.6391,3.51,3.5366,13142903.5
2025-07-24 06:45:00+00:00,3.5366,3.5738,3.508,3.5598,10449626.8
2025-07-24 07:00:00+00:00,3.5599,3.6096,3.5191,3.6069,8763789.0
2025-07-24 07:15:00+00:00,3.6069,3.6374,3.6037,3.6275,6578620.3
2025-07-24 07:30:00+00:00,3.6274,3.6448,3.6017,3.6425,3888449.9
2025-07-24 07:45:00+00:00,3.6425,3.6587,3.6272,3.6541,3925433.8
2025-07-24 08:00:00+00:00,3.6539,3.6895,3.63,3.6879,3976015.4
2025-07-24 08:15:00+00:00,3.6879,3.6892,3.6578,3.6827,3891159.2
2025-07-24 08:30:00+00:00,3.6828,3.7047,3.6828,3.6971,3421571.6
2025-07-24 08:45:00+00:00,3.6971,3.7115,3.697,3.7034,1641972.5
2025-07-24 09:00:00+00:00,3.7034,3.7233,3.7017,3.7091,2621048.0
2025-07-24 09:15:00+00:00,3.7092,3.7174,3.6941,3.7082,2781264.6
2025-07-24 09:30:00+00:00,3.7082,3.7117,3.6828,3.7031,3041522.6
2025-07-24 09:45:00+00:00,3.7032,3.7035,3.6739,3.6986,2630466.1
2025-07-24 10:00:00+00:00,3.6986,3.7167,3.6837,3.6873,2328645.6
2025-07-24 10:15:00+00:00,3.6872,3.6938,3.646,3.6492,3138666.2
2025-07-24 10:30:00+00:00,3.6492,3.6619,3.6335,3.6583,5587035.0
2025-07-24 10:45:00+00:00,3.6583,3.6918,3.6462,3.6872,2454143.6
2025-07-24 11:00:00+00:00,3.6871,3.7067,3.6789,3.7058,2004243.2
2025-07-24 11:15:00+00:00,3.7059,3.7194,3.6907,3.7083,4027812.6
2025-07-24 11:30:00+00:00,3.7085,3.7384,3.7029,3.737,2309868.2
2025-07-24 11:45:00+00:00,3.7369,3.7479,3.7288,3.7325,2786032.1
2025-07-24 12:00:00+00:00,3.7326,3.7464,3.7043,3.7157,2664407.0
2025-07-24 12:15:00+00:00,3.7154,3.737,3.6925,3.7306,4100054.9
2025-07-24 12:30:00+00:00,3.7304,3.7304,3.6894,3.703,2189575.6
2025-07-24 12:45:00+00:00,3.703,3.7212,3.6978,3.7175,1323169.5
2025-07-24 13:00:00+00:00,3.7174,3.7371,3.7092,3.7325,2140099.7
2025-07-24 13:15:00+00:00,3.7325,3.7441,3.7259,3.7382,1943007.7
2025-07-24 13:30:00+00:00,3.7381,3.7476,3.715,3.7171,3031393.0
2025-07-24 13:45:00+00:00,3.7173,3.7359,3.6956,3.7008,2234603.6
2025-07-24 14:00:00+00:00,3.701,3.7232,3.6728,3.6864,4153588.2
2025-07-24 14:15:00+00:00,3.6863,3.7183,3.6806,3.7139,2251078.7
2025-07-24 14:30:00+00:00,3.714,3.774,3.7132,3.7624,4173398.0
2025-07-24 14:45:00+00:00,3.7624,3.8163,3.7616,3.8105,5937506.4
2025-07-24 15:00:00+00:00,3.8109,3.8456,3.8024,3.8437,6940494.4
2025-07-24 15:15:00+00:00,3.8439,3.8452,3.8002,3.8044,5444320.5
2025-07-24 15:30:00+00:00,3.8044,3.8234,3.7704,3.807,6076856.2
2025-07-24 15:45:00+00:00,3.8069,3.8325,3.8038,3.8265,2384311.3
2025-07-24 16:00:00+00:00,3.8265,3.8317,3.7939,3.8064,3738333.6
2025-07-24 16:15:00+00:00,3.8062,3.8188,3.7782,3.7824,3585413.3
2025-07-24 16:30:00+00:00,3.7825,3.7906,3.7477,3.7562,5582961.9
2025-07-24 16:45:00+00:00,3.756,3.7909,3.7456,3.7723,2924256.4
2025-07-24 17:00:00+00:00,3.7723,3.8535,3.7669,3.8396,5897415.4
2025-07-24 17:15:00+00:00,3.8397,3.858,3.828,3.8363,3916154.2
2025-07-24 17:30:00+00:00,3.8364,3.8644,3.8343,3.8537,3289521.6
2025-07-24 17:45:00+00:00,3.8537,3.8713,3.8432,3.8538,3020732.9
2025-07-24 18:00:00+00:00,3.8537,3.8697,3.8363,3.858,2540456.4
2025-07-24 18:15:00+00:00,3.8581,3.8637,3.8416,3.8525,1502479.8
2025-07-24 18:30:00+00:00,3.8526,3.8544,3.8311,3.8376,1673806.2
2025-07-24 18:45:00+00:00,3.8377,3.851,3.8321,3.8408,1254130.6
2025-07-24 19:00:00+00:00,3.8408,3.8635,3.8392,3.8558,1734626.2
2025-07-24 19:15:00+00:00,3.8557,3.8635,3.8394,3.8499,1336402.3
2025-07-24 19:30:00+00:00,3.85,3.8514,3.8208,3.8273,1917794.7
2025-07-24 19:45:00+00:00,3.8274,3.846,3.8215,3.8236,1828087.4
2025-07-24 20:00:00+00:00,3.8232,3.8368,3.8165,3.8267,1342988.4
2025-07-24 20:15:00+00:00,3.8268,3.8354,3.8155,3.8352,788497.6
2025-07-24 20:30:00+00:00,3.8352,3.843,3.8266,3.8351,850656.9
2025-07-24 20:45:00+00:00,3.8352,3.8485,3.8349,3.8373,1048648.7
2025-07-24 21:00:00+00:00,3.8374,3.8388,3.8052,3.8088,1931891.5
2025-07-24 21:15:00+00:00,3.809,3.811,3.79,3.795,2631762.9
2025-07-24 21:30:00+00:00,3.795,3.7958,3.7612,3.7783,4709397.2
2025-07-24 21:45:00+00:00,3.7784,3.779,3.7687,3.772,1811251.4
2025-07-24 22:00:00+00:00,3.772,3.7834,3.7528,3.7548,2273463.8
2025-07-24 22:15:00+00:00,3.7547,3.7747,3.7542,3.7713,1261803.0
2025-07-24 22:30:00+00:00,3.7715,3.7782,3.7553,3.7742,1121708.3
2025-07-24 22:45:00+00:00,3.7741,3.7742,3.7535,3.7582,1010247.4
2025-07-24 23:00:00+00:00,3.7581,3.7581,3.7243,3.7262,3055990.5
2025-07-24 23:15:00+00:00,3.7262,3.7376,3.7019,3.7049,3988546.1
2025-07-24 23:30:00+00:00,3.7051,3.7169,3.6911,3.7029,2471387.2
2025-07-24 23:45:00+00:00,3.7029,3.7197,3.7002,3.719,1339920.5
2025-07-25 00:00:00+00:00,3.7191,3.7238,3.6804,3.6955,4222301.6
2025-07-25 00:15:00+00:00,3.6952,3.7067,3.6806,3.6925,3105448.8
2025-07-25 00:30:00+00:00,3.6925,3.7012,3.6613,3.6924,4657490.2
2025-07-25 00:45:00+00:00,3.6924,3.7042,3.6689,3.6715,2203073.5
2025-07-25 01:00:00+00:00,3.6714,3.6859,3.6534,3.6601,2836832.9
2025-07-25 01:15:00+00:00,3.6602,3.6752,3.6415,3.668,2294424.1
2025-07-25 01:30:00+00:00,3.668,3.7,3.6584,3.689,3821458.6
2025-07-25 01:45:00+00:00,3.6892,3.7113,3.6778,3.6968,3401744.8
2025-07-25 02:00:00+00:00,3.6968,3.7012,3.6812,3.6884,2097002.5
2025-07-25 02:15:00+00:00,3.6884,3.6932,3.6706,3.6851,2150412.8
2025-07-25 02:30:00+00:00,3.6851,3.686,3.6185,3.6291,4669074.4
2025-07-25 02:45:00+00:00,3.6291,3.6425,3.6126,3.6248,3260461.5
2025-07-25 03:00:00+00:00,3.625,3.6499,3.61,3.646,3382238.5
2025-07-25 03:15:00+00:00,3.6458,3.6619,3.6325,3.6384,1647293.2
2025-07-25 03:30:00+00:00,3.6383,3.6383,3.5911,3.6051,6270867.0
2025-07-25 03:45:00+00:00,3.6051,3.627,3.5885,3.6183,3154813.2
2025-07-25 04:00:00+00:00,3.6181,3.6341,3.5976,3.6018,3008773.3
2025-07-25 04:15:00+00:00,3.6017,3.6258,3.5881,3.6233,2562131.1
2025-07-25 04:30:00+00:00,3.6232,3.6636,3.6213,3.6434,3982324.0
2025-07-25 04:45:00+00:00,3.6435,3.6804,3.6435,3.6794,2503997.0
2025-07-25 05:00:00+00:00,3.6795,3.6849,3.64,3.6443,4436266.9
2025-07-25 05:15:00+00:00,3.6443,3.6762,3.6432,3.6494,2249005.2
2025-07-25 05:30:00+00:00,3.6493,3.6493,3.6328,3.6456,1690038.9
2025-07-25 05:45:00+00:00,3.6459,3.6519,3.6278,3.6343,1197658.0
2025-07-25 06:00:00+00:00,3.6344,3.6377,3.6155,3.6361,1903097.5
2025-07-25 06:15:00+00:00,3.6361,3.6401,3.6202,3.6311,1504535.9
2025-07-25 06:30:00+00:00,3.6311,3.6598,3.619,3.6544,1387792.3
2025-07-25 06:45:00+00:00,3.6544,3.6725,3.6525,3.6541,2176002.5
2025-07-25 07:00:00+00:00,3.6542,3.6591,3.629,3.653,2284627.7
2025-07-25 07:15:00+00:00,3.653,3.6828,3.6433,3.6492,3423394.4
2025-07-25 07:30:00+00:00,3.6491,3.6609,3.631,3.633,1956157.8
2025-07-25 07:45:00+00:00,3.6329,3.654,3.6039,3.6483,3136382.9
2025-07-25 08:00:00+00:00,3.6485,3.6651,3.6381,3.6613,2981663.9
2025-07-25 08:15:00+00:00,3.6613,3.6996,3.6571,3.6825,3903633.6
2025-07-25 08:30:00+00:00,3.6824,3.6843,3.6436,3.651,3095690.1
2025-07-25 08:45:00+00:00,3.6509,3.6714,3.6419,3.6643,2093366.3
2025-07-25 09:00:00+00:00,3.6643,3.6696,3.6494,3.6693,1340048.6
2025-07-25 09:15:00+00:00,3.6693,3.6969,3.6527,3.6969,3177991.5
2025-07-25 09:30:00+00:00,3.697,3.7286,3.6925,3.6982,3778660.1
2025-07-25 09:45:00+00:00,3.6982,3.725,3.688,3.7249,2784038.6
2025-07-25 10:00:00+00:00,3.725,3.7468,3.716,3.7301,3375966.4
2025-07-25 10:15:00+00:00,3.7301,3.7306,3.7046,3.7093,2109592.2
2025-07-25 10:30:00+00:00,3.7094,3.7368,3.709,3.7359,1640579.8
2025-07-25 10:45:00+00:00,3.7359,3.7495,3.7236,3.7478,1507206.3
2025-07-25 11:00:00+00:00,3.7479,3.7678,3.7428,3.7612,2175649.9
2025-07-25 11:15:00+00:00,3.7613,3.7878,3.7609,3.7785,2384219.3
2025-07-25 11:30:00+00:00,3.7785,3.7812,3.7503,3.7552,2504188.2
2025-07-25 11:45:00+00:00,3.7551,3.7699,3.753,3.759,1328739.1
2025-07-25 12:00:00+00:00,3.7592,3.7822,3.7555,3.7728,1649505.5
2025-07-25 12:15:00+00:00,3.7732,3.7766,3.7353,3.7384,2545741.2
2025-07-25 12:30:00+00:00,3.7384,3.7707,3.727,3.7669,2616525.9
2025-07-25 12:45:00+00:00,3.7671,3.7701,3.7455,3.7616,1998292.9
2025-07-25 13:00:00+00:00,3.7618,3.7652,3.743,3.7533,1397156.8
2025-07-25 13:15:00+00:00,3.7532,3.7664,3.7478,3.7501,1457679.0
2025-07-25 13:30:00+00:00,3.7502,3.7688,3.7209,3.728,4078757.4
2025-07-25 13:45:00+00:00,3.7283,3.7581,3.7277,3.757,2011854.3
2025-07-25 14:00:00+00:00,3.7569,3.7613,3.7316,3.732,1909423.4
2025-07-25 14:15:00+00:00,3.7321,3.7429,3.7053,3.7157,4128729.2
2025-07-25 14:30:00+00:00,3.7156,3.7233,3.6502,3.655,8982069.2
2025-07-25 14:45:00+00:00,3.655,3.6763,3.6402,3.6493,4041591.8
2025-07-25 15:00:00+00:00,3.6492,3.6891,3.6488,3.6857,3887850.3
2025-07-25 15:15:00+00:00,3.6857,3.7018,3.6712,3.6854,3059797.3
2025-07-25 15:30:00+00:00,3.6852,3.6994,3.6439,3.6611,3826337.4
2025-07-25 15:45:00+00:00,3.6611,3.6876,3.6541,3.667,2946645.4
2025-07-25 16:00:00+00:00,3.667,3.694,3.6592,3.6846,2103303.3
2025-07-25 16:15:00+00:00,3.6846,3.6925,3.6508,3.678,3094297.6
2025-07-25 16:30:00+00:00,3.6779,3.6918,3.6604,3.6892,1973941.1
2025-07-25 16:45:00+00:00,3.6891,3.7467,3.6871,3.7298,6763808.2
2025-07-25 17:00:00+00:00,3.73,3.7598,3.7273,3.7436,3232011.6
2025-07-25 17:15:00+00:00,3.7435,3.7655,3.7262,3.756,3560061.1
2025-07-25 17:30:00+00:00,3.756,3.7684,3.74,3.7636,2687083.0
2025-07-25 17:45:00+00:00,3.7636,3.7707,3.748,3.7596,2060771.2
2025-07-25 18:00:00+00:00,3.7596,3.7623,3.7352,3.7542,2462414.0
2025-07-25 18:15:00+00:00,3.7543,3.7711,3.7488,3.7637,2192006.4
2025-07-25 18:30:00+00:00,3.764,3.7842,3.755,3.7834,2160456.0
2025-07-25 18:45:00+00:00,3.7834,3.8033,3.779,3.7907,2959730.9
2025-07-25 19:00:00+00:00,3.7907,3.826,3.7863,3.8248,3066440.4
2025-07-25 19:15:00+00:00,3.8248,3.8387,3.7841,3.8239,6316927.3
2025-07-25 19:30:00+00:00,3.8239,3.8553,3.8219,3.8434,4223841.2
2025-07-25 19:45:00+00:00,3.8433,3.8542,3.8311,3.8401,2699346.9
2025-07-25 20:00:00+00:00,3.8402,3.857,3.8363,3.8523,3259424.2
2025-07-25 20:15:00+00:00,3.8523,3.9023,3.8523,3.8939,6006935.9
2025-07-25 20:30:00+00:00,3.894,3.9665,3.8931,3.9497,8728788.9
2025-07-25 20:45:00+00:00,3.9501,3.9684,3.9229,3.9307,6002748.6
2025-07-25 21:00:00+00:00,3.9307,3.982,3.9306,3.9682,4321028.3
2025-07-25 21:15:00+00:00,3.9683,3.98,3.9517,3.9652,3966278.9
2025-07-25 21:30:00+00:00,3.9651,3.976,3.9504,3.9583,3260309.0
2025-07-25 21:45:00+00:00,3.9583,3.9832,3.9573,3.9827,1421817.1
2025-07-25 22:00:00+00:00,3.9828,3.9983,3.9706,3.9788,3705422.6
2025-07-25 22:15:00+00:00,3.9788,3.9976,3.9745,3.9818,2529960.0
2025-07-25 22:30:00+00:00,3.9819,3.9971,3.9744,3.9911,2021984.4
2025-07-25 22:45:00+00:00,3.9912,4.0042,3.9862,4.0002,2231238.1
2025-07-25 23:00:00+00:00,4.0003,4.0018,3.9407,3.9524,5280289.9
2025-07-25 23:15:00+00:00,3.9523,3.9691,3.952,3.9563,3322039.7
2025-07-25 23:30:00+00:00,3.9564,3.9598,3.9386,3.9436,2401413.1
2025-07-25 23:45:00+00:00,3.9435,3.9552,3.9381,3.9493,1563798.8
2025-07-26 00:00:00+00:00,3.9494,3.957,3.9385,3.9521,2413783.6
2025-07-26 00:15:00+00:00,3.9521,3.9943,3.9521,3.9926,2807991.2
2025-07-26 00:30:00+00:00,3.9927,3.9933,3.9695,3.9785,2054396.5
2025-07-26 00:45:00+00:00,3.9785,3.9866,3.9668,3.9795,1221242.9
2025-07-26 01:00:00+00:00,3.9795,3.9874,3.9768,3.9839,1306204.3
2025-07-26 01:15:00+00:00,3.9839,3.9863,3.963,3.968,1043684.1
2025-07-26 01:30:00+00:00,3.9681,3.9695,3.945,3.945,2342342.5
2025-07-26 01:45:00+00:00,3.9451,3.9503,3.9357,3.9415,2292898.9
2025-07-26 02:00:00+00:00,3.9415,3.951,3.9407,3.9496,1371893.8
2025-07-26 02:15:00+00:00,3.9495,3.9697,3.9494,3.9661,1487965.9
2025-07-26 02:30:00+00:00,3.966,3.9779,3.954,3.9749,2231818.6
2025-07-26 02:45:00+00:00,3.9749,3.9826,3.967,3.969,1928373.4
2025-07-26 03:00:00+00:00,3.9691,3.975,3.952,3.9593,1154679.7
2025-07-26 03:15:00+00:00,3.9594,3.9622,3.954,3.9622,1066040.4
2025-07-26 03:30:00+00:00,3.9622,3.975,3.9619,3.9728,1283075.1
2025-07-26 03:45:00+00:00,3.9728,3.9862,3.9688,3.982,1917438.8
2025-07-26 04:00:00+00:00,3.9821,3.9988,3.9746,3.9979,1860618.4
2025-07-26 04:15:00+00:00,3.998,3.9999,3.9906,3.9914,1766983.9
2025-07-26 04:30:00+00:00,3.9915,4.0071,3.9906,4.0068,2164543.1
2025-07-26 04:45:00+00:00,4.0068,4.0078,3.9819,3.9961,2415683.8
2025-07-26 05:00:00+00:00,3.9962,3.9985,3.9764,3.9827,2189990.3
2025-07-26 05:15:00+00:00,3.9828,4.0063,3.9795,4.0063,1537797.3
2025-07-26 05:30:00+00:00,4.0063,4.0127,4.0008,4.0087,2139757.4
2025-07-26 05:45:00+00:00,4.0088,4.0143,4.001,4.0106,2325038.0
2025-07-26 06:00:00+00:00,4.0106,4.025,3.993,3.9956,2716531.9
2025-07-26 06:15:00+00:00,3.9955,4.0008,3.9932,3.9984,1219480.0
2025-07-26 06:30:00+00:00,3.9984,4.0119,3.9966,4.0002,1632624.0
2025-07-26 06:45:00+00:00,4.0003,4.0019,3.9775,3.9894,3477393.8
2025-07-26 07:00:00+00:00,3.9895,4.0045,3.9895,4.0009,1263097.4
2025-07-26 07:15:00+00:00,4.0007,4.0058,3.9953,4.0016,1129754.1
2025-07-26 07:30:00+00:00,4.0017,4.004,3.9852,3.9959,1268250.6
2025-07-26 07:45:00+00:00,3.996,3.9964,3.9854,3.987,881814.6
2025-07-26 08:00:00+00:00,3.9871,4.0081,3.9871,4.0055,1734398.0
2025-07-26 08:15:00+00:00,4.0055,4.04,4.0029,4.0393,3589183.4
2025-07-26 08:30:00+00:00,4.0391,4.0395,4.015,4.0182,1938953.6
2025-07-26 08:45:00+00:00,4.0183,4.0253,4.0138,4.0212,1457509.4
2025-07-26 09:00:00+00:00,4.0213,4.0498,4.0199,4.0333,3367481.8
2025-07-26 09:15:00+00:00,4.0333,4.0448,4.026,4.0414,2273691.1
2025-07-26 09:30:00+00:00,4.0415,4.0589,4.0367,4.0513,3427614.9
2025-07-26 09:45:00+00:00,4.0514,4.0748,4.0514,4.071,3349987.6
2025-07-26 10:00:00+00:00,4.0711,4.0779,4.0409,4.0471,3122012.0
2025-07-26 10:15:00+00:00,4.0472,4.0557,4.0437,4.053,1262112.6
2025-07-26 10:30:00+00:00,4.0529,4.0531,4.0254,4.0405,3291793.8
2025-07-26 10:45:00+00:00,4.0404,4.0412,4.0254,4.027,1470736.2
2025-07-26 11:00:00+00:00,4.0271,4.04,4.0262,4.04,1547785.1
2025-07-26 11:15:00+00:00,4.04,4.0614,4.0394,4.059,2447325.0
2025-07-26 11:30:00+00:00,4.059,4.0602,4.0375,4.0389,2766853.2
2025-07-26 11:45:00+00:00,4.0389,4.0525,4.0341,4.0451,1660580.8
2025-07-26 12:00:00+00:00,4.0452,4.0577,4.028,4.054,1973961.8
2025-07-26 12:15:00+00:00,4.0544,4.071,4.0544,4.0693,2306314.5
2025-07-26 12:30:00+00:00,4.0694,4.0741,4.0604,4.0731,1608226.5
2025-07-26 12:45:00+00:00,4.0731,4.0835,4.0663,4.0818,2334329.7
2025-07-26 13:00:00+00:00,4.0818,4.0888,4.0632,4.0674,2638275.8
2025-07-26 13:15:00+00:00,4.0675,4.073,4.0572,4.0665,2452626.3
2025-07-26 13:30:00+00:00,4.0665,4.0818,4.0601,4.0813,1511194.1
2025-07-26 13:45:00+00:00,4.0814,4.0827,4.0615,4.0652,1695385.1
2025-07-26 14:00:00+00:00,4.0651,4.0871,4.0622,4.0845,1769644.3
2025-07-26 14:15:00+00:00,4.0846,4.0977,4.0818,4.0967,3781903.3
2025-07-26 14:30:00+00:00,4.0967,4.1029,4.0762,4.0991,3454829.8
2025-07-26 14:45:00+00:00,4.0992,4.1739,4.0992,4.1311,12172290.1
2025-07-26 15:00:00+00:00,4.1312,4.177,4.1302,4.1619,7390549.6
2025-07-26 15:15:00+00:00,4.1619,4.1799,4.1308,4.1788,9355379.2
2025-07-26 15:30:00+00:00,4.1787,4.1968,4.157,4.1717,10430267.3
2025-07-26 15:45:00+00:00,4.1716,4.2089,4.1707,4.2057,6783791.9
2025-07-26 16:00:00+00:00,4.2057,4.2526,4.1901,4.2163,14104020.1
2025-07-26 16:15:00+00:00,4.2164,4.3487,4.2119,4.2901,25116981.9
2025-07-26 16:30:00+00:00,4.2901,4.32,4.2646,4.2799,9095622.1
2025-07-26 16:45:00+00:00,4.28,4.2979,4.2522,4.2877,6451618.9
2025-07-26 17:00:00+00:00,4.2877,4.2936,4.252,4.2629,6008461.5
2025-07-26 17:15:00+00:00,4.263,4.2702,4.2164,4.2354,6409740.1
2025-07-26 17:30:00+00:00,4.2353,4.2389,4.2177,4.2317,3727061.1
2025-07-26 17:45:00+00:00,4.2318,4.2411,4.2058,4.2071,4003365.8
2025-07-26 18:00:00+00:00,4.207,4.2378,4.2069,4.2365,4288773.9
2025-07-26 18:15:00+00:00,4.2365,4.2367,4.18,4.1916,5271201.5
2025-07-26 18:30:00+00:00,4.1916,4.2016,4.1808,4.1833,2963107.8
2025-07-26 18:45:00+00:00,4.1832,4.2059,4.1789,4.1935,3308507.8
2025-07-26 19:00:00+00:00,4.1936,4.2005,4.1723,4.196,3009754.7
2025-07-26 19:15:00+00:00,4.1961,4.2314,4.195,4.2086,5031583.2
2025-07-26 19:30:00+00:00,4.2087,4.2124,4.1935,4.2028,1940755.5
2025-07-26 19:45:00+00:00,4.2029,4.2161,4.2028,4.2064,2023997.1
2025-07-26 20:00:00+00:00,4.2064,4.2064,4.185,4.2016,1903430.9
2025-07-26 20:15:00+00:00,4.2017,4.2049,4.1789,4.1809,1589175.2
2025-07-26 20:30:00+00:00,4.181,4.2057,4.181,4.2048,1228375.0
2025-07-26 20:45:00+00:00,4.2048,4.2166,4.1937,4.1998,1557599.4
2025-07-26 21:00:00+00:00,4.1997,4.1997,4.1619,4.1705,3408791.8
2025-07-26 21:15:00+00:00,4.1704,4.1869,4.1701,4.1829,1700337.4
2025-07-26 21:30:00+00:00,4.1829,4.1955,4.1829,4.1939,1068470.2
2025-07-26 21:45:00+00:00,4.194,4.205,4.1939,4.2011,1174024.0
2025-07-26 22:00:00+00:00,4.2011,4.2109,4.19,4.1954,1958060.8
2025-07-26 22:15:00+00:00,4.1954,4.2092,4.1826,4.1848,1664263.4
2025-07-26 22:30:00+00:00,4.185,4.2039,4.1823,4.2024,1239548.1
2025-07-26 22:45:00+00:00,4.2023,4.2045,4.1874,4.1886,927876.4
2025-07-26 23:00:00+00:00,4.1885,4.1885,4.1687,4.1712,2170509.8
2025-07-26 23:15:00+00:00,4.1712,4.174,4.1645,4.1662,1734039.9
2025-07-26 23:30:00+00:00,4.1662,4.1693,4.1443,4.153,3851758.5
2025-07-26 23:45:00+00:00,4.1531,4.1623,4.1439,4.1623,1593468.9
2025-07-27 00:00:00+00:00,4.1624,4.1648,4.1447,4.146,2057851.6
2025-07-27 00:15:00+00:00,4.146,4.1513,4.1357,4.1389,1834914.5
2025-07-27 00:30:00+00:00,4.1389,4.1523,4.1342,4.1368,1472427.5
2025-07-27 00:45:00+00:00,4.1367,4.1395,4.128,4.135,1502602.0
2025-07-27 01:00:00+00:00,4.1349,4.1396,4.1223,4.137,1774346.9
2025-07-27 01:15:00+00:00,4.1371,4.1651,4.1333,4.1553,4776176.9
2025-07-27 01:30:00+00:00,4.1552,4.1588,4.1411,4.1501,1502063.3
2025-07-27 01:45:00+00:00,4.1502,4.1578,4.1437,4.1487,1325752.3
2025-07-27 02:00:00+00:00,4.1486,4.1568,4.1327,4.1551,1484862.9
2025-07-27 02:15:00+00:00,4.1552,4.1885,4.1517,4.1722,3140750.8
2025-07-27 02:30:00+00:00,4.1723,4.175,4.1597,4.1605,1668123.8
2025-07-27 02:45:00+00:00,4.1605,4.187,4.1603,4.186,2159089.4
2025-07-27 03:00:00+00:00,4.186,4.189,4.1704,4.1845,2123978.4
2025-07-27 03:15:00+00:00,4.1846,4.2206,4.184,4.2085,7102497.0
2025-07-27 03:30:00+00:00,4.2086,4.2097,4.1937,4.1992,1721557.3
2025-07-27 03:45:00+00:00,4.1991,4.2099,4.1916,4.2075,1314103.5
2025-07-27 04:00:00+00:00,4.2075,4.2156,4.193,4.1991,1678604.6
2025-07-27 04:15:00+00:00,4.1991,4.2061,4.1927,4.2032,1137061.1
2025-07-27 04:30:00+00:00,4.2033,4.2155,4.2032,4.2067,1202825.3
2025-07-27 04:45:00+00:00,4.2067,4.207,4.1954,4.2024,1211514.1
2025-07-27 05:00:00+00:00,4.2024,4.2122,4.1929,4.2052,1512385.2
2025-07-27 05:15:00+00:00,4.2051,4.2221,4.2049,4.2194,2398196.9
2025-07-27 05:30:00+00:00,4.2193,4.2207,4.2042,4.2101,1793072.5
2025-07-27 05:45:00+00:00,4.2101,4.2208,4.1962,4.2206,3129424.4
2025-07-27 06:00:00+00:00,4.2206,4.2296,4.2092,4.2138,2667028.7
2025-07-27 06:15:00+00:00,4.2138,4.2313,4.2098,4.2305,2216542.9
2025-07-27 06:30:00+00:00,4.2305,4.249,4.2275,4.2386,3179000.0
2025-07-27 06:45:00+00:00,4.2386,4.2588,4.231,4.2428,4004071.2
2025-07-27 07:00:00+00:00,4.2428,4.2498,4.2213,4.2342,3319038.5
2025-07-27 07:15:00+00:00,4.2342,4.248,4.2195,4.2296,2735246.9
2025-07-27 07:30:00+00:00,4.2296,4.2311,4.2125,4.2209,2239832.0
2025-07-27 07:45:00+00:00,4.2209,4.2212,4.2088,4.2184,2114428.5
2025-07-27 08:00:00+00:00,4.2184,4.234,4.2148,4.2251,3230863.3
2025-07-27 08:15:00+00:00,4.2252,4.2434,4.2147,4.2181,3128481.2
2025-07-27 08:30:00+00:00,4.2181,4.2379,4.1986,4.2376,4937974.0
2025-07-27 08:45:00+00:00,4.2376,4.2493,4.2177,4.2211,3785811.4
2025-07-27 09:00:00+00:00,4.2212,4.2235,4.2076,4.217,1940986.1
2025-07-27 09:15:00+00:00,4.217,4.2194,4.1945,4.1969,2514596.0
2025-07-27 09:30:00+00:00,4.197,4.2022,4.1703,4.178,3950765.7
2025-07-27 09:45:00+00:00,4.178,4.1832,4.1668,4.1831,3035486.7
2025-07-27 10:00:00+00:00,4.1831,4.202,4.1831,4.1989,2149806.4
2025-07-27 10:15:00+00:00,4.1989,4.2017,4.1772,4.1799,1964243.9
2025-07-27 10:30:00+00:00,4.1798,4.2072,4.1767,4.1982,2408271.9
2025-07-27 10:45:00+00:00,4.1982,4.2281,4.1952,4.2217,5176857.3
2025-07-27 11:00:00+00:00,4.2217,4.251,4.2198,4.2345,5939179.9
2025-07-27 11:15:00+00:00,4.2344,4.2651,4.234,4.2606,3826878.6
2025-07-27 11:30:00+00:00,4.2606,4.3069,4.2529,4.3027,7697538.0
2025-07-27 11:45:00+00:00,4.3026,4.3058,4.2713,4.2879,6929622.9
2025-07-27 12:00:00+00:00,4.2879,4.3056,4.2784,4.2989,6150250.5
2025-07-27 12:15:00+00:00,4.2989,4.3336,4.2973,4.314,8466377.2
2025-07-27 12:30:00+00:00,4.3139,4.3427,4.3014,4.3363,5934383.0
2025-07-27 12:45:00+00:00,4.3363,4.4238,4.334,4.4163,20593459.4
2025-07-27 13:00:00+00:00,4.416,4.4333,4.3806,4.386,11335724.8
2025-07-27 13:15:00+00:00,4.386,4.4039,4.3555,4.361,7753923.2
2025-07-27 13:30:00+00:00,4.361,4.37,4.2877,4.3101,12380237.1
2025-07-27 13:45:00+00:00,4.31,4.3184,4.2327,4.2429,14183529.3
2025-07-27 14:00:00+00:00,4.243,4.2594,4.22,4.2375,16014625.4
2025-07-27 14:15:00+00:00,4.2375,4.2763,4.2346,4.2587,10321632.6
2025-07-27 14:30:00+00:00,4.2586,4.2685,4.2407,4.2408,4794185.5
2025-07-27 14:45:00+00:00,4.2408,4.257,4.2234,4.2513,5193215.7
2025-07-27 15:00:00+00:00,4.2513,4.2563,4.2154,4.2228,3898611.3
2025-07-27 15:15:00+00:00,4.2228,4.2462,4.214,4.2362,2807831.0
2025-07-27 15:30:00+00:00,4.2362,4.2615,4.2276,4.2302,2571958.9
2025-07-27 15:45:00+00:00,4.2303,4.2417,4.225,4.2312,1830668.7
2025-07-27 16:00:00+00:00,4.2314,4.2783,4.2307,4.2755,5279594.7
2025-07-27 16:15:00+00:00,4.2755,4.3009,4.2711,4.2988,7315976.6
2025-07-27 16:30:00+00:00,4.2987,4.3019,4.2714,4.2765,3987472.5
2025-07-27 16:45:00+00:00,4.2765,4.3013,4.2713,4.2941,3542234.2
2025-07-27 17:00:00+00:00,4.2944,4.3352,4.2792,4.3284,5578488.4
2025-07-27 17:15:00+00:00,4.3284,4.3354,4.291,4.3202,4284467.3
2025-07-27 17:30:00+00:00,4.3202,4.3307,4.3121,4.3142,2873125.7
2025-07-27 17:45:00+00:00,4.3142,4.3258,4.3085,4.3241,2057743.8
2025-07-27 18:00:00+00:00,4.3236,4.3381,4.3002,4.335,2229375.8
2025-07-27 18:15:00+00:00,4.3349,4.3382,4.3114,4.3137,2557581.1
2025-07-27 18:30:00+00:00,4.3138,4.3158,4.2986,4.3043,2026932.7
2025-07-27 18:45:00+00:00,4.3041,4.3601,4.2904,4.3526,6562959.0
2025-07-27 19:00:00+00:00,4.3524,4.372,4.3288,4.3416,4722068.4
2025-07-27 19:15:00+00:00,4.3415,4.3713,4.335,4.3474,2951184.9
2025-07-27 19:30:00+00:00,4.3474,4.3666,4.3455,4.3468,1638864.4
2025-07-27 19:45:00+00:00,4.3468,4.3649,4.3331,4.3338,2346699.1
2025-07-27 20:00:00+00:00,4.3338,4.357,4.3319,4.3503,1471675.6
2025-07-27 20:15:00+00:00,4.3503,4.3521,4.3333,4.3423,800312.3
2025-07-27 20:30:00+00:00,4.3423,4.3808,4.335,4.3422,3518070.4
2025-07-27 20:45:00+00:00,4.3421,4.3484,4.3158,4.3238,2114681.6
2025-07-27 21:00:00+00:00,4.3239,4.3261,4.3022,4.3029,1936048.9
2025-07-27 21:15:00+00:00,4.3029,4.3338,4.3015,4.3302,1345141.3
2025-07-27 21:30:00+00:00,4.3301,4.3306,4.3081,4.3168,1343808.9
2025-07-27 21:45:00+00:00,4.3168,4.3265,4.3091,4.3158,826844.5
2025-07-27 22:00:00+00:00,4.3159,4.3528,4.3138,4.3467,2422765.5
2025-07-27 22:15:00+00:00,4.3468,4.3573,4.3322,4.3331,1622541.5
2025-07-27 22:30:00+00:00,4.3331,4.3364,4.3233,4.3305,1651187.1
2025-07-27 22:45:00+00:00,4.3305,4.3471,4.3129,4.3155,1572416.1
2025-07-27 23:00:00+00:00,4.3155,4.3569,4.3079,4.3548,3907648.3
2025-07-27 23:15:00+00:00,4.3549,4.3713,4.3404,4.3438,2747827.3
2025-07-27 23:30:00+00:00,4.3439,4.348,4.3237,4.3274,1084906.9
2025-07-27 23:45:00+00:00,4.3274,4.3386,4.3228,4.3291,1071343.5
2025-07-28 00:00:00+00:00,4.329,4.4084,4.329,4.3984,5333543.8
2025-07-28 00:15:00+00:00,4.3985,4.4478,4.3829,4.4366,6959848.3
2025-07-28 00:30:00+00:00,4.4366,4.4398,4.4025,4.4104,4585975.7
2025-07-28 00:45:00+00:00,4.4104,4.4178,4.3637,4.3941,4861582.4
2025-07-28 01:00:00+00:00,4.3942,4.3961,4.3419,4.346,4409787.1
2025-07-28 01:15:00+00:00,4.346,4.3631,4.3164,4.3246,5450364.8
2025-07-28 01:30:00+00:00,4.3246,4.327,4.3055,4.316,2775655.9
2025-07-28 01:45:00+00:00,4.3161,4.3291,4.2923,4.3016,2883110.7
2025-07-28 02:00:00+00:00,4.3016,4.3224,4.2909,4.2991,3664556.2
2025-07-28 02:15:00+00:00,4.2991,4.319,4.2983,4.315,1991713.3
2025-07-28 02:30:00+00:00,4.315,4.343,4.312,4.3243,3225615.9
2025-07-28 02:45:00+00:00,4.3243,4.3381,4.3024,4.3091,2473551.2
2025-07-28 03:00:00+00:00,4.3091,4.3104,4.2665,4.2703,3635247.9
2025-07-28 03:15:00+00:00,4.2704,4.2777,4.2447,4.2524,4163863.2
2025-07-28 03:30:00+00:00,4.2525,4.2779,4.2503,4.2719,2223896.0
2025-07-28 03:45:00+00:00,4.2719,4.2896,4.2704,4.2861,1264205.0
2025-07-28 04:00:00+00:00,4.2861,4.2893,4.2727,4.2761,2490965.4
2025-07-28 04:15:00+00:00,4.276,4.28,4.2653,4.2762,2234692.2
2025-07-28 04:30:00+00:00,4.2761,4.3084,4.2675,4.3059,1912214.5
2025-07-28 04:45:00+00:00,4.3059,4.3143,4.2903,4.3074,3214757.4
2025-07-28 05:00:00+00:00,4.3071,4.3094,4.3,4.3021,1664051.0
2025-07-28 05:15:00+00:00,4.3022,4.3193,4.3006,4.302,2628359.9
2025-07-28 05:30:00+00:00,4.3017,4.3289,4.2952,4.3115,2226730.8
2025-07-28 05:45:00+00:00,4.3115,4.338,4.3066,4.3216,2361782.2
2025-07-28 06:00:00+00:00,4.3215,4.3294,4.3003,4.3076,2120570.8
2025-07-28 06:15:00+00:00,4.3075,4.31,4.2826,4.2833,2770171.5
2025-07-28 06:30:00+00:00,4.2833,4.2833,4.2634,4.2766,3302916.7
2025-07-28 06:45:00+00:00,4.2765,4.287,4.2648,4.2726,2283620.6
2025-07-28 07:00:00+00:00,4.2726,4.2761,4.2312,4.2477,5324098.4
2025-07-28 07:15:00+00:00,4.2477,4.265,4.2295,4.2563,3326463.5
2025-07-28 07:30:00+00:00,4.2562,4.2577,4.2408,4.2459,1908740.8
2025-07-28 07:45:00+00:00,4.2459,4.26,4.2448,4.251,1441396.1
2025-07-28 08:00:00+00:00,4.251,4.2652,4.243,4.2571,1831507.7
2025-07-28 08:15:00+00:00,4.2571,4.2646,4.2503,4.252,1756988.5
2025-07-28 08:30:00+00:00,4.252,4.2524,4.2271,4.2319,3283212.1
2025-07-28 08:45:00+00:00,4.2319,4.2453,4.2244,4.234,1719521.0
2025-07-28 09:00:00+00:00,4.234,4.2459,4.2307,4.2379,1519428.5
2025-07-28 09:15:00+00:00,4.2379,4.2524,4.2315,4.2342,1500486.7
2025-07-28 09:30:00+00:00,4.2342,4.242,4.2264,4.2299,1316398.5
2025-07-28 09:45:00+00:00,4.23,4.2436,4.227,4.2272,1285145.6
2025-07-28 10:00:00+00:00,4.2272,4.2348,4.215,4.2177,2004830.0
2025-07-28 10:15:00+00:00,4.2177,4.2304,4.2114,4.2171,1778948.6
2025-07-28 10:30:00+00:00,4.2171,4.2208,4.2066,4.2192,2094961.3
2025-07-28 10:45:00+00:00,4.2192,4.245,4.2178,4.2334,2679557.6
2025-07-28 11:00:00+00:00,4.2334,4.2416,4.2155,4.2177,1936050.5
2025-07-28 11:15:00+00:00,4.2177,4.2248,4.2143,4.2194,1371956.5
2025-07-28 11:30:00+00:00,4.2194,4.2599,4.218,4.2506,3335022.3
2025-07-28 11:45:00+00:00,4.2507,4.2603,4.2349,4.2359,1793376.0
2025-07-28 12:00:00+00:00,4.2359,4.2438,4.2227,4.2228,3060288.6
2025-07-28 12:15:00+00:00,4.2227,4.2373,4.2222,4.2367,2253491.6
2025-07-28 12:30:00+00:00,4.2365,4.2521,4.2303,4.2331,2481280.3
2025-07-28 12:45:00+00:00,4.2332,4.2342,4.1626,4.2059,14905177.8
2025-07-28 13:00:00+00:00,4.2059,4.2158,4.1992,4.2103,3298128.6
2025-07-28 13:15:00+00:00,4.2102,4.2147,4.1587,4.1882,8177768.0
2025-07-28 13:30:00+00:00,4.1883,4.225,4.1702,4.2019,7492776.2
2025-07-28 13:45:00+00:00,4.2019,4.2082,4.184,4.1893,4150730.2
2025-07-28 14:00:00+00:00,4.1892,4.1956,4.145,4.152,8138467.3
2025-07-28 14:15:00+00:00,4.1522,4.1582,4.071,4.0858,20281999.2
2025-07-28 14:30:00+00:00,4.0857,4.1296,4.0681,4.1269,9615080.6
2025-07-28 14:45:00+00:00,4.1269,4.1287,4.0881,4.093,5834122.1
2025-07-28 15:00:00+00:00,4.093,4.1146,4.0882,4.1134,3763788.8
2025-07-28 15:15:00+00:00,4.1134,4.1274,4.0971,4.1156,4759313.8
2025-07-28 15:30:00+00:00,4.1155,4.1264,4.0926,4.0961,3069485.0
2025-07-28 15:45:00+00:00,4.0962,4.1004,4.0421,4.0636,10150042.9
2025-07-28 16:00:00+00:00,4.0635,4.0639,4.0324,4.0502,6060755.5
2025-07-28 16:15:00+00:00,4.0501,4.0587,4.0315,4.0527,4054993.3
2025-07-28 16:30:00+00:00,4.0524,4.0729,4.0399,4.0715,3444820.5
2025-07-28 16:45:00+00:00,4.0714,4.0777,4.0365,4.044,3892734.6
2025-07-28 17:00:00+00:00,4.044,4.0538,4.0145,4.0155,6659272.2
2025-07-28 17:15:00+00:00,4.0155,4.0395,4.0002,4.0387,5557197.7
2025-07-28 17:30:00+00:00,4.0388,4.047,3.9945,4.0089,5745530.3
2025-07-28 17:45:00+00:00,4.009,4.0173,3.9974,4.0112,2449677.9
2025-07-28 18:00:00+00:00,4.0114,4.0221,3.9833,4.021,4436091.6
2025-07-28 18:15:00+00:00,4.0209,4.0249,3.9845,3.9899,4121567.0
2025-07-28 18:30:00+00:00,3.9896,3.9966,3.96,3.9929,7169272.6
2025-07-28 18:45:00+00:00,3.9929,3.9955,3.976,3.9952,2192125.9
2025-07-28 19:00:00+00:00,3.9953,4.0234,3.994,3.998,4929593.3
2025-07-28 19:15:00+00:00,3.9981,4.0152,3.9893,4.0131,2590691.8
2025-07-28 19:30:00+00:00,4.013,4.013,3.9862,3.9862,1998486.0
2025-07-28 19:45:00+00:00,3.9863,3.9956,3.9727,3.9827,3600004.9
2025-07-28 20:00:00+00:00,3.9826,3.9942,3.961,3.9636,3154357.9
2025-07-28 20:15:00+00:00,3.9636,3.9686,3.922,3.9317,7050123.3
2025-07-28 20:30:00+00:00,3.9316,3.9589,3.926,3.9277,3953612.3
2025-07-28 20:45:00+00:00,3.9276,3.947,3.9149,3.9411,3777437.6
2025-07-28 21:00:00+00:00,3.9411,3.9632,3.94,3.9631,2072484.8
2025-07-28 21:15:00+00:00,3.9632,3.9644,3.9238,3.9415,3272319.2
2025-07-28 21:30:00+00:00,3.9414,3.9771,3.9347,3.9745,1952862.8
2025-07-28 21:45:00+00:00,3.9744,3.975,3.9415,3.9576,1870746.2
2025-07-28 22:00:00+00:00,3.9575,3.971,3.9551,3.964,2316134.6
2025-07-28 22:15:00+00:00,3.964,3.967,3.9343,3.9361,2008784.2
2025-07-28 22:30:00+00:00,3.936,3.9481,3.9142,3.9353,3644107.4
2025-07-28 22:45:00+00:00,3.9353,3.9459,3.9268,3.9379,2077587.7
2025-07-28 23:00:00+00:00,3.938,3.942,3.9206,3.9284,1803337.6
2025-07-28 23:15:00+00:00,3.9284,3.9456,3.919,3.9217,1715010.2
2025-07-28 23:30:00+00:00,3.9218,3.9481,3.92,3.9201,2089920.8
2025-07-28 23:45:00+00:00,3.92,3.9202,3.8812,3.908,7204794.4
2025-07-29 00:00:00+00:00,3.908,3.9413,3.8866,3.9386,4250813.4
2025-07-29 00:15:00+00:00,3.9386,3.9508,3.9331,3.9367,3370859.3
2025-07-29 00:30:00+00:00,3.9367,3.9423,3.8832,3.9017,5683027.2
2025-07-29 00:45:00+00:00,3.9017,3.9311,3.8954,3.9259,2184946.1
2025-07-29 01:00:00+00:00,3.9259,3.9514,3.9125,3.9483,2851334.6
2025-07-29 01:15:00+00:00,3.9482,3.9712,3.946,3.96,2929414.9
2025-07-29 01:30:00+00:00,3.9602,3.9651,3.9475,3.9499,1703782.1
2025-07-29 01:45:00+00:00,3.9499,3.951,3.9169,3.9206,2898484.3
2025-07-29 02:00:00+00:00,3.9206,3.936,3.9176,3.9233,1974215.0
2025-07-29 02:15:00+00:00,3.9232,3.9241,3.8812,3.9098,4217579.4
2025-07-29 02:30:00+00:00,3.9098,3.9105,3.879,3.8943,2381699.3
2025-07-29 02:45:00+00:00,3.8943,3.9012,3.8793,3.8919,2199919.1
2025-07-29 03:00:00+00:00,3.892,3.9397,3.8918,3.9313,3227429.8
2025-07-29 03:15:00+00:00,3.9313,3.9314,3.9138,3.9145,1834557.0
2025-07-29 03:30:00+00:00,3.9145,3.9382,3.9054,3.9334,2235807.2
2025-07-29 03:45:00+00:00,3.9334,3.9546,3.9296,3.9457,3683922.0
2025-07-29 04:00:00+00:00,3.9457,3.9559,3.9378,3.9553,2240514.9
2025-07-29 04:15:00+00:00,3.9553,3.969,3.947,3.9639,2921742.5
2025-07-29 04:30:00+00:00,3.964,3.9735,3.9552,3.9607,2873418.1
2025-07-29 04:45:00+00:00,3.9608,3.9643,3.9316,3.9372,2914363.3
2025-07-29 05:00:00+00:00,3.9372,3.9567,3.935,3.9508,1551645.6
2025-07-29 05:15:00+00:00,3.9509,3.961,3.9409,3.9563,1236677.2
2025-07-29 05:30:00+00:00,3.9564,3.9666,3.9475,3.9633,2346107.8
2025-07-29 05:45:00+00:00,3.9632,3.9726,3.9603,3.9663,1837118.6
2025-07-29 06:00:00+00:00,3.9664,3.9723,3.956,3.9712,1502560.9
2025-07-29 06:15:00+00:00,3.9713,3.9844,3.9662,3.9722,3991897.8
2025-07-29 06:30:00+00:00,3.9721,3.9867,3.9592,3.9661,2994451.2
2025-07-29 06:45:00+00:00,3.9661,3.9691,3.9509,3.9578,1918732.3
2025-07-29 07:00:00+00:00,3.9578,3.974,3.9578,3.9675,1554619.1
2025-07-29 07:15:00+00:00,3.9674,3.9774,3.9576,3.9622,1556608.7
2025-07-29 07:30:00+00:00,3.9618,3.9841,3.9605,3.9827,1979016.8
2025-07-29 07:45:00+00:00,3.9829,3.9964,3.9826,3.9915,3366242.5
2025-07-29 08:00:00+00:00,3.9915,4.008,3.9721,3.98,3821183.7
2025-07-29 08:15:00+00:00,3.9801,3.9935,3.9601,3.9636,2209065.6
2025-07-29 08:30:00+00:00,3.9635,3.9809,3.9631,3.9773,1468205.8
2025-07-29 08:45:00+00:00,3.9773,3.9822,3.9545,3.9571,2278984.4
2025-07-29 09:00:00+00:00,3.9572,3.9602,3.9365,3.9409,2844155.6
2025-07-29 09:15:00+00:00,3.9409,3.96,3.9341,3.9553,1503267.7
2025-07-29 09:30:00+00:00,3.9553,3.9556,3.9414,3.9468,928679.8
2025-07-29 09:45:00+00:00,3.9468,3.9468,3.9364,3.9462,1255369.5
2025-07-29 10:00:00+00:00,3.9462,3.952,3.9218,3.9224,2260214.9
2025-07-29 10:15:00+00:00,3.9224,3.935,3.9152,3.9334,2861302.0
2025-07-29 10:30:00+00:00,3.933,3.945,3.907,3.9094,2108582.3
2025-07-29 10:45:00+00:00,3.9094,3.9106,3.8707,3.8802,6292351.4
2025-07-29 11:00:00+00:00,3.8802,3.9067,3.8778,3.9067,2931882.0
2025-07-29 11:15:00+00:00,3.9067,3.918,3.9,3.9151,1819489.7
2025-07-29 11:30:00+00:00,3.9151,3.921,3.8923,3.9,2587562.6
2025-07-29 11:45:00+00:00,3.9002,3.9062,3.894,3.8945,1364004.6
2025-07-29 12:00:00+00:00,3.8946,3.9012,3.8839,3.8878,2242939.8
2025-07-29 12:15:00+00:00,3.8878,3.8979,3.8816,3.8896,3464123.3
2025-07-29 12:30:00+00:00,3.8896,3.9147,3.8716,3.9094,4402381.8
2025-07-29 12:45:00+00:00,3.9092,3.9132,3.89,3.8953,2513662.2
2025-07-29 13:00:00+00:00,3.8954,3.91,3.885,3.8949,2281749.5
2025-07-29 13:15:00+00:00,3.895,3.9214,3.8884,3.9176,3442230.8
2025-07-29 13:30:00+00:00,3.9177,3.9207,3.8772,3.8853,3217284.8
2025-07-29 13:45:00+00:00,3.8858,3.8999,3.8258,3.8466,11584070.0
2025-07-29 14:00:00+00:00,3.8467,3.8485,3.7689,3.7938,18746656.8
2025-07-29 14:15:00+00:00,3.794,3.8322,3.7904,3.8269,6365969.7
2025-07-29 14:30:00+00:00,3.8265,3.8416,3.8131,3.8376,4848706.7
2025-07-29 14:45:00+00:00,3.8376,3.8438,3.7806,3.8116,11184541.5
2025-07-29 15:00:00+00:00,3.8117,3.8264,3.7858,3.8108,5339920.5
2025-07-29 15:15:00+00:00,3.8108,3.825,3.8003,3.8022,3616026.6
2025-07-29 15:30:00+00:00,3.8021,3.811,3.7828,3.805,3467501.3
2025-07-29 15:45:00+00:00,3.8049,3.8154,3.7908,3.7958,2791260.4
2025-07-29 16:00:00+00:00,3.7958,3.8011,3.7778,3.7883,3332239.3
2025-07-29 16:15:00+00:00,3.7884,3.7912,3.7624,3.7719,4188087.2
2025-07-29 16:30:00+00:00,3.772,3.7857,3.7505,3.7856,5501559.0
2025-07-29 16:45:00+00:00,3.7856,3.8196,3.7762,3.8182,4095930.9
2025-07-29 17:00:00+00:00,3.8183,3.8424,3.8048,3.8399,3045946.8
2025-07-29 17:15:00+00:00,3.8399,3.858,3.8304,3.8472,4412675.9
2025-07-29 17:30:00+00:00,3.8472,3.8527,3.8238,3.8272,2269187.1
2025-07-29 17:45:00+00:00,3.8271,3.8389,3.8253,3.8381,1671249.6
2025-07-29 18:00:00+00:00,3.8382,3.8448,3.817,3.8276,1921316.2
2025-07-29 18:15:00+00:00,3.8277,3.8354,3.8195,3.8337,958034.5
2025-07-29 18:30:00+00:00,3.8338,3.8551,3.8317,3.8478,2077337.4
2025-07-29 18:45:00+00:00,3.8479,3.8526,3.835,3.8399,1061704.8
2025-07-29 19:00:00+00:00,3.8399,3.8492,3.835,3.8443,804871.2
2025-07-29 19:15:00+00:00,3.8441,3.8534,3.8059,3.8179,2923234.8
2025-07-29 19:30:00+00:00,3.818,3.8288,3.8132,3.8236,2073088.5
2025-07-29 19:45:00+00:00,3.8235,3.8273,3.8117,3.8145,654636.3
2025-07-29 20:00:00+00:00,3.8145,3.8221,3.7814,3.7966,2940720.6
2025-07-29 20:15:00+00:00,3.7966,3.8366,3.7875,3.814,3310702.1
2025-07-29 20:30:00+00:00,3.8139,3.8173,3.7913,3.8035,1442859.5
2025-07-29 20:45:00+00:00,3.8035,3.8095,3.7902,3.8072,1089106.6
2025-07-29 21:00:00+00:00,3.8072,3.812,3.7883,3.8092,946937.3
2025-07-29 21:15:00+00:00,3.8092,3.8092,3.7887,3.8022,927571.5
2025-07-29 21:30:00+00:00,3.8022,3.8138,3.7995,3.8,573891.6
2025-07-29 21:45:00+00:00,3.8,3.8437,3.7998,3.8281,2914575.1
2025-07-29 22:00:00+00:00,3.8282,3.8367,3.7954,3.8006,2537329.3
2025-07-29 22:15:00+00:00,3.8005,3.8208,3.8001,3.8189,1011585.5
2025-07-29 22:30:00+00:00,3.8188,3.8216,3.8105,3.8118,850520.2
2025-07-29 22:45:00+00:00,3.8118,3.8272,3.8104,3.8271,788201.7
2025-07-29 23:00:00+00:00,3.8271,3.8282,3.8112,3.8113,888825.4
2025-07-29 23:15:00+00:00,3.8113,3.8204,3.8083,3.8153,781030.6
2025-07-29 23:30:00+00:00,3.8154,3.8271,3.8078,3.8079,715930.1
2025-07-29 23:45:00+00:00,3.8078,3.8151,3.8026,3.8106,772542.7
2025-07-30 00:00:00+00:00,3.8106,3.8132,3.7916,3.7981,1572766.6
2025-07-30 00:15:00+00:00,3.7982,3.8051,3.7801,3.7862,1329158.9
2025-07-30 00:30:00+00:00,3.7863,3.7908,3.7585,3.768,2591861.6
2025-07-30 00:45:00+00:00,3.768,3.7917,3.7543,3.7891,1876006.0
2025-07-30 01:00:00+00:00,3.789,3.794,3.7781,3.7815,784512.6
2025-07-30 01:15:00+00:00,3.7815,3.7854,3.7587,3.7778,1213719.7
2025-07-30 01:30:00+00:00,3.7778,3.8105,3.7741,3.8069,2311119.3
2025-07-30 01:45:00+00:00,3.8068,3.8266,3.8056,3.8124,2441358.3
2025-07-30 02:00:00+00:00,3.8122,3.8238,3.8,3.8223,1351107.1
2025-07-30 02:15:00+00:00,3.8223,3.8294,3.7868,3.7908,2719957.3
2025-07-30 02:30:00+00:00,3.7908,3.8125,3.7818,3.8064,1521729.9
2025-07-30 02:45:00+00:00,3.8064,3.8181,3.8039,3.8096,912697.4
2025-07-30 03:00:00+00:00,3.8095,3.8236,3.8041,3.8225,1207666.7
2025-07-30 03:15:00+00:00,3.8224,3.8417,3.8206,3.8364,2842668.0
2025-07-30 03:30:00+00:00,3.8364,3.8376,3.8226,3.8316,1907191.2
2025-07-30 03:45:00+00:00,3.8316,3.8321,3.8126,3.8134,1304748.5
2025-07-30 04:00:00+00:00,3.8134,3.8268,3.8079,3.8193,1654263.3
2025-07-30 04:15:00+00:00,3.8194,3.821,3.8021,3.8027,1474269.6
2025-07-30 04:30:00+00:00,3.8027,3.8028,3.777,3.7881,2717449.7
2025-07-30 04:45:00+00:00,3.7882,3.7884,3.7765,3.7821,1174286.1
2025-07-30 05:00:00+00:00,3.7822,3.7905,3.7643,3.7666,1962396.7
2025-07-30 05:15:00+00:00,3.7665,3.7962,3.7635,3.7933,1186440.6
2025-07-30 05:30:00+00:00,3.7933,3.797,3.7817,3.7927,1028904.7
2025-07-30 05:45:00+00:00,3.7926,3.8041,3.7828,3.7958,1136825.9
2025-07-30 06:00:00+00:00,3.7958,3.8105,3.7942,3.8058,1195970.5
2025-07-30 06:15:00+00:00,3.8059,3.8141,3.798,3.8137,960669.0
2025-07-30 06:30:00+00:00,3.8136,3.8161,3.7972,3.8061,1042494.0
2025-07-30 06:45:00+00:00,3.806,3.8136,3.7986,3.8102,927094.8
2025-07-30 07:00:00+00:00,3.8101,3.8191,3.7934,3.7959,1612893.8
2025-07-30 07:15:00+00:00,3.796,3.7977,3.7814,3.7972,1951549.8
2025-07-30 07:30:00+00:00,3.7972,3.8,3.7715,3.7772,1325951.8
2025-07-30 07:45:00+00:00,3.7772,3.7824,3.769,3.7772,1115184.1
2025-07-30 08:00:00+00:00,3.7772,3.7846,3.7589,3.76,1817452.9
2025-07-30 08:15:00+00:00,3.7601,3.7706,3.7506,3.7701,1718187.9
2025-07-30 08:30:00+00:00,3.77,3.7944,3.7609,3.7944,1832164.1
2025-07-30 08:45:00+00:00,3.7944,3.7998,3.7794,3.7797,1323185.2
2025-07-30 09:00:00+00:00,3.7798,3.7861,3.7658,3.7679,1940959.4
2025-07-30 09:15:00+00:00,3.768,3.7766,3.7589,3.7634,1543268.5
2025-07-30 09:30:00+00:00,3.7635,3.7643,3.7394,3.7446,3641558.5
2025-07-30 09:45:00+00:00,3.7447,3.767,3.7422,3.7627,1303226.0
2025-07-30 10:00:00+00:00,3.7627,3.7845,3.7622,3.7787,2020855.1
2025-07-30 10:15:00+00:00,3.7788,3.7891,3.7722,3.7792,1846764.2
2025-07-30 10:30:00+00:00,3.7793,3.794,3.7726,3.7811,1714039.1
2025-07-30 10:45:00+00:00,3.781,3.7843,3.7488,3.7546,2336396.4
2025-07-30 11:00:00+00:00,3.7546,3.7702,3.7491,3.7594,1405420.2
2025-07-30 11:15:00+00:00,3.7595,3.7615,3.7134,3.7173,5966385.2
2025-07-30 11:30:00+00:00,3.7176,3.7452,3.7031,3.7079,3503734.1
2025-07-30 11:45:00+00:00,3.708,3.7181,3.6854,3.705,6820214.7
2025-07-30 12:00:00+00:00,3.7049,3.7078,3.6827,3.6902,3384687.5
2025-07-30 12:15:00+00:00,3.6903,3.7317,3.6675,3.7191,6817521.5
2025-07-30 12:30:00+00:00,3.7188,3.7341,3.7025,3.7098,3277326.9
2025-07-30 12:45:00+00:00,3.7098,3.7375,3.7041,3.7271,1688144.1
2025-07-30 13:00:00+00:00,3.7271,3.7536,3.7221,3.7285,2972396.1
2025-07-30 13:15:00+00:00,3.7285,3.749,3.7101,3.7132,3242943.4
2025-07-30 13:30:00+00:00,3.7138,3.7507,3.7038,3.7258,6931113.2
2025-07-30 13:45:00+00:00,3.7257,3.744,3.707,3.7258,3594938.5
2025-07-30 14:00:00+00:00,3.7258,3.7355,3.7153,3.7325,2155475.7
2025-07-30 14:15:00+00:00,3.7325,3.756,3.722,3.7424,3218748.3
2025-07-30 14:30:00+00:00,3.7425,3.7775,3.7425,3.7763,2484959.0
2025-07-30 14:45:00+00:00,3.7764,3.8323,3.77,3.808,8509720.3
2025-07-30 15:00:00+00:00,3.808,3.8136,3.7691,3.7691,4037845.8
2025-07-30 15:15:00+00:00,3.7691,3.7854,3.7572,3.7658,2733396.2
2025-07-30 15:30:00+00:00,3.7658,3.7848,3.7536,3.7756,2191052.3
2025-07-30 15:45:00+00:00,3.7754,3.7895,3.7747,3.7887,2273758.0
2025-07-30 16:00:00+00:00,3.7887,3.7951,3.7705,3.7937,1727000.3
2025-07-30 16:15:00+00:00,3.7938,3.8117,3.7862,3.787,2771310.5
2025-07-30 16:30:00+00:00,3.7868,3.7942,3.779,3.7859,1470632.8
2025-07-30 16:45:00+00:00,3.786,3.7883,3.7713,3.7882,1118080.3
2025-07-30 17:00:00+00:00,3.7883,3.7968,3.785,3.7894,1207404.9
2025-07-30 17:15:00+00:00,3.7892,3.7997,3.7807,3.7817,975062.8
2025-07-30 17:30:00+00:00,3.7817,3.7886,3.7787,3.7861,780230.7
2025-07-30 17:45:00+00:00,3.7862,3.7998,3.7692,3.7952,1336121.0
2025-07-30 18:00:00+00:00,3.7952,3.812,3.7695,3.7901,4140832.7
2025-07-30 18:15:00+00:00,3.7902,3.8092,3.7855,3.7964,2070224.5
2025-07-30 18:30:00+00:00,3.7965,3.8014,3.76,3.7712,2881964.3
2025-07-30 18:45:00+00:00,3.7713,3.7755,3.72,3.7229,5943223.0
2025-07-30 19:00:00+00:00,3.7228,3.7228,3.6125,3.7044,21967104.3
2025-07-30 19:15:00+00:00,3.7043,3.7311,3.6961,3.7305,5778071.0
2025-07-30 19:30:00+00:00,3.7305,3.7664,3.7227,3.7634,4104730.0
2025-07-30 19:45:00+00:00,3.7635,3.7853,3.7539,3.7636,5921349.7
2025-07-30 20:00:00+00:00,3.7638,3.7888,3.7631,3.786,2978393.0
2025-07-30 20:15:00+00:00,3.7861,3.7897,3.7638,3.7649,1774425.8
2025-07-30 20:30:00+00:00,3.7649,3.7724,3.7519,3.7536,2208620.9
2025-07-30 20:45:00+00:00,3.7536,3.7594,3.7455,3.7563,1154801.1
2025-07-30 21:00:00+00:00,3.7563,3.774,3.7524,3.7708,1112227.1
2025-07-30 21:15:00+00:00,3.7709,3.7716,3.7462,3.7475,987338.1
2025-07-30 21:30:00+00:00,3.7475,3.7559,3.7241,3.7253,1408733.4
2025-07-30 21:45:00+00:00,3.7253,3.7473,3.7253,3.742,1090633.3
2025-07-30 22:00:00+00:00,3.742,3.752,3.7319,3.7319,1195192.3
2025-07-30 22:15:00+00:00,3.732,3.7363,3.7163,3.7218,1194873.3
2025-07-30 22:30:00+00:00,3.7218,3.7302,3.7149,3.7259,1262693.0
2025-07-30 22:45:00+00:00,3.7259,3.7362,3.7206,3.7333,1500418.1
2025-07-30 23:00:00+00:00,3.7333,3.7533,3.732,3.7491,3433014.7
2025-07-30 23:15:00+00:00,3.7491,3.7538,3.7403,3.7491,1779055.6
2025-07-30 23:30:00+00:00,3.7491,3.7626,3.7479,3.7617,2203084.7
2025-07-30 23:45:00+00:00,3.7617,3.7667,3.7531,3.7564,1206495.5
2025-07-31 00:00:00+00:00,3.7565,3.7573,3.746,3.7504,1197415.6
2025-07-31 00:15:00+00:00,3.7504,3.78,3.7488,3.7776,1579265.6
2025-07-31 00:30:00+00:00,3.7775,3.8,3.7724,3.7974,2130221.0
2025-07-31 00:45:00+00:00,3.797,3.8106,3.7892,3.7947,2181062.1
2025-07-31 01:00:00+00:00,3.7948,3.8039,3.7806,3.8031,1384999.6
2025-07-31 01:15:00+00:00,3.8032,3.8065,3.7913,3.8061,1201735.8
2025-07-31 01:30:00+00:00,3.8061,3.815,3.7956,3.8056,1363321.8
2025-07-31 01:45:00+00:00,3.8053,3.8098,3.7963,3.8029,1027807.2
2025-07-31 02:00:00+00:00,3.8029,3.8085,3.7966,3.8045,863079.7
2025-07-31 02:15:00+00:00,3.8045,3.8056,3.7902,3.8046,1176397.8
2025-07-31 02:30:00+00:00,3.8046,3.8181,3.8,3.818,1466044.7
2025-07-31 02:45:00+00:00,3.818,3.8387,3.8124,3.8382,1755119.2
2025-07-31 03:00:00+00:00,3.8381,3.8436,3.8223,3.8302,2613756.4
2025-07-31 03:15:00+00:00,3.8303,3.8391,3.8277,3.8353,993269.1
2025-07-31 03:30:00+00:00,3.8353,3.8506,3.8275,3.8491,1566434.3
2025-07-31 03:45:00+00:00,3.8491,3.8753,3.8488,3.8647,3480641.6
2025-07-31 04:00:00+00:00,3.8648,3.8668,3.8398,3.841,1737851.7
2025-07-31 04:15:00+00:00,3.8409,3.8412,3.8243,3.831,2187260.4
2025-07-31 04:30:00+00:00,3.8309,3.8513,3.8285,3.8502,1455165.2
2025-07-31 04:45:00+00:00,3.8501,3.854,3.8413,3.8506,1175465.3
2025-07-31 05:00:00+00:00,3.8505,3.861,3.8415,3.8524,1586581.9
2025-07-31 05:15:00+00:00,3.8525,3.8631,3.8516,3.8545,1074949.2
2025-07-31 05:30:00+00:00,3.8545,3.8678,3.8517,3.8565,1085482.4
2025-07-31 05:45:00+00:00,3.8565,3.8636,3.8494,3.8636,956978.2
2025-07-31 06:00:00+00:00,3.8636,3.8685,3.8491,3.8499,1232015.0
2025-07-31 06:15:00+00:00,3.8498,3.8567,3.8424,3.8556,1311918.8
2025-07-31 06:30:00+00:00,3.8556,3.87,3.8493,3.8681,979265.0
2025-07-31 06:45:00+00:00,3.8681,3.9175,3.8678,3.9113,6800577.0
2025-07-31 07:00:00+00:00,3.9113,3.9202,3.8974,3.9055,3114671.3
2025-07-31 07:15:00+00:00,3.9055,3.9273,3.9038,3.9071,2965628.1
2025-07-31 07:30:00+00:00,3.9071,3.9104,3.8981,3.9034,2133811.6
2025-07-31 07:45:00+00:00,3.9033,3.924,3.903,3.9224,1643769.9
2025-07-31 08:00:00+00:00,3.9225,3.9329,3.9074,3.9309,2017276.0
2025-07-31 08:15:00+00:00,3.9309,3.9589,3.926,3.945,3640895.9
2025-07-31 08:30:00+00:00,3.945,3.9526,3.9324,3.9473,2398618.8
2025-07-31 08:45:00+00:00,3.9472,3.9549,3.9439,3.9506,1450061.5
2025-07-31 09:00:00+00:00,3.9506,3.9506,3.9191,3.9207,2953679.6
2025-07-31 09:15:00+00:00,3.9208,3.9252,3.9134,3.9153,1627785.4
2025-07-31 09:30:00+00:00,3.9153,3.9213,3.9104,3.9162,1511864.7
2025-07-31 09:45:00+00:00,3.9162,3.9248,3.9132,3.9185,1057022.1
2025-07-31 10:00:00+00:00,3.9185,3.9206,3.9054,3.9083,2107632.1
2025-07-31 10:15:00+00:00,3.9083,3.9217,3.9083,3.9182,1326505.1
2025-07-31 10:30:00+00:00,3.9181,3.9181,3.9025,3.9109,1501158.7
2025-07-31 10:45:00+00:00,3.9109,3.9148,3.8888,3.8918,2364953.1
2025-07-31 11:00:00+00:00,3.8917,3.9029,3.8885,3.8966,2249641.3
2025-07-31 11:15:00+00:00,3.8966,3.8977,3.8804,3.8863,2125589.8
2025-07-31 11:30:00+00:00,3.8864,3.9054,3.8864,3.8882,1499838.3
2025-07-31 11:45:00+00:00,3.8883,3.8896,3.8737,3.8867,2376784.8
2025-07-31 12:00:00+00:00,3.8868,3.889,3.8719,3.8737,2203422.2
2025-07-31 12:15:00+00:00,3.8736,3.8855,3.8654,3.8834,3263774.6
2025-07-31 12:30:00+00:00,3.8835,3.8841,3.8493,3.8512,3367707.3
2025-07-31 12:45:00+00:00,3.8512,3.855,3.8364,3.8394,3675383.8
2025-07-31 13:00:00+00:00,3.8394,3.8412,3.7666,3.7699,9133811.6
2025-07-31 13:15:00+00:00,3.77,3.791,3.7481,3.7744,6712033.8
2025-07-31 13:30:00+00:00,3.7744,3.8103,3.7593,3.7838,7154727.0
2025-07-31 13:45:00+00:00,3.7838,3.805,3.7775,3.7974,3075209.4
2025-07-31 14:00:00+00:00,3.7975,3.8095,3.7701,3.7782,4211989.4
2025-07-31 14:15:00+00:00,3.7782,3.7782,3.7332,3.7408,6095909.0
2025-07-31 14:30:00+00:00,3.7408,3.7729,3.7358,3.7549,3244472.2
2025-07-31 14:45:00+00:00,3.7552,3.7739,3.7495,3.7518,2123255.2
2025-07-31 15:00:00+00:00,3.7518,3.7716,3.741,3.7622,2472028.9
2025-07-31 15:15:00+00:00,3.7622,3.7824,3.758,3.7688,2333807.8
2025-07-31 15:30:00+00:00,3.7688,3.7796,3.7563,3.7623,2712036.6
2025-07-31 15:45:00+00:00,3.7618,3.7687,3.7409,3.7603,1931621.3
2025-07-31 16:00:00+00:00,3.7603,3.7783,3.7539,3.7731,1869702.7
2025-07-31 16:15:00+00:00,3.7729,3.7899,3.7725,3.7824,3040828.1
2025-07-31 16:30:00+00:00,3.7826,3.8352,3.7826,3.8097,5405537.0
2025-07-31 16:45:00+00:00,3.8098,3.8153,3.7815,3.7926,2748540.5
2025-07-31 17:00:00+00:00,3.7927,3.7939,3.7576,3.7633,3647794.3
2025-07-31 17:15:00+00:00,3.7634,3.7739,3.7381,3.7533,2791064.3
2025-07-31 17:30:00+00:00,3.7534,3.7688,3.7453,3.761,1761511.1
2025-07-31 17:45:00+00:00,3.761,3.7665,3.7314,3.7469,2039698.8
2025-07-31 18:00:00+00:00,3.7469,3.7515,3.7059,3.7183,5063568.0
2025-07-31 18:15:00+00:00,3.7183,3.7473,3.7079,3.746,1870654.4
2025-07-31 18:30:00+00:00,3.7459,3.7544,3.7389,3.7452,1425086.0
2025-07-31 18:45:00+00:00,3.7451,3.7533,3.7253,3.735,1196784.7
2025-07-31 19:00:00+00:00,3.7352,3.7437,3.7002,3.7048,2318156.7
2025-07-31 19:15:00+00:00,3.7047,3.72,3.7015,3.7092,1788354.6
2025-07-31 19:30:00+00:00,3.7093,3.7144,3.683,3.7069,4021005.0
2025-07-31 19:45:00+00:00,3.707,3.7144,3.6806,3.6952,2826328.9
2025-07-31 20:00:00+00:00,3.6953,3.7041,3.6724,3.6928,4557830.0
2025-07-31 20:15:00+00:00,3.6928,3.7087,3.6845,3.6991,2038237.0
2025-07-31 20:30:00+00:00,3.6992,3.7057,3.6794,3.692,1584540.1
2025-07-31 20:45:00+00:00,3.692,3.7018,3.6787,3.6861,1103605.7
2025-07-31 21:00:00+00:00,3.6861,3.7037,3.6831,3.6918,1342857.1
2025-07-31 21:15:00+00:00,3.6917,3.6944,3.6728,3.6919,1614851.0
2025-07-31 21:30:00+00:00,3.6919,3.7103,3.6885,3.6885,1833247.1
2025-07-31 21:45:00+00:00,3.6886,3.6993,3.644,3.6795,4137476.1
2025-07-31 22:00:00+00:00,3.6802,3.6803,3.6406,3.6519,2329768.5
2025-07-31 22:15:00+00:00,3.6519,3.6664,3.6422,3.6562,2012170.5
2025-07-31 22:30:00+00:00,3.6563,3.6595,3.621,3.6301,3674628.2
2025-07-31 22:45:00+00:00,3.6302,3.6406,3.62,3.6282,1491488.3
2025-07-31 23:00:00+00:00,3.6284,3.6516,3.624,3.6439,2043084.1
2025-07-31 23:15:00+00:00,3.6439,3.6439,3.624,3.6254,1171942.6
2025-07-31 23:30:00+00:00,3.6255,3.6262,3.586,3.612,6736340.8
2025-07-31 23:45:00+00:00,3.612,3.6218,3.5946,3.6121,2602032.2
2025-08-01 00:00:00+00:00,3.6122,3.614,3.5565,3.5671,7065586.9
2025-08-01 00:15:00+00:00,3.5671,3.6054,3.5593,3.587,5700412.4
2025-08-01 00:30:00+00:00,3.587,3.5912,3.5611,3.5661,3143026.9
2025-08-01 00:45:00+00:00,3.5661,3.5811,3.4864,3.5771,19776541.5
2025-08-01 01:00:00+00:00,3.5768,3.5961,3.5046,3.5206,8772729.5
2025-08-01 01:15:00+00:00,3.5206,3.5516,3.5053,3.5381,8368944.9
2025-08-01 01:30:00+00:00,3.5381,3.5619,3.5186,3.5553,4043531.7
2025-08-01 01:45:00+00:00,3.5553,3.5685,3.5354,3.562,3391724.5
2025-08-01 02:00:00+00:00,3.562,3.5992,3.5521,3.596,5058415.5
2025-08-01 02:15:00+00:00,3.596,3.6061,3.5842,3.5883,3464879.0
2025-08-01 02:30:00+00:00,3.5884,3.6174,3.5852,3.6033,2782978.9
2025-08-01 02:45:00+00:00,3.6032,3.6233,3.5998,3.6138,2319305.6
2025-08-01 03:00:00+00:00,3.6138,3.6256,3.5953,3.5967,2498323.7
2025-08-01 03:15:00+00:00,3.5967,3.6304,3.5938,3.6294,3381953.1
2025-08-01 03:30:00+00:00,3.6293,3.6323,3.6161,3.6199,2294850.5
2025-08-01 03:45:00+00:00,3.6199,3.6272,3.5945,3.6017,2364941.3
2025-08-01 04:00:00+00:00,3.6016,3.6017,3.5689,3.5806,4427136.0
2025-08-01 04:15:00+00:00,3.5806,3.5876,3.5707,3.5816,1609115.5
2025-08-01 04:30:00+00:00,3.5815,3.5928,3.572,3.5856,1843968.0
2025-08-01 04:45:00+00:00,3.5855,3.5882,3.5725,3.5768,1218557.7
2025-08-01 05:00:00+00:00,3.5768,3.5972,3.5725,3.594,1670976.9
2025-08-01 05:15:00+00:00,3.594,3.5943,3.5567,3.5637,3567560.2
2025-08-01 05:30:00+00:00,3.5637,3.5762,3.5436,3.5533,3330873.4
2025-08-01 05:45:00+00:00,3.5534,3.5588,3.5337,3.5522,2425357.2
2025-08-01 06:00:00+00:00,3.5522,3.5576,3.5272,3.5401,2736377.7
2025-08-01 06:15:00+00:00,3.5401,3.5472,3.5219,3.5266,1841067.8
2025-08-01 06:30:00+00:00,3.5266,3.533,3.5036,3.509,3748410.4
2025-08-01 06:45:00+00:00,3.5088,3.5428,3.5024,3.5384,2892842.0
2025-08-01 07:00:00+00:00,3.5383,3.552,3.512,3.5234,2866815.7
2025-08-01 07:15:00+00:00,3.5233,3.5377,3.4984,3.5026,2769721.7
2025-08-01 07:30:00+00:00,3.5026,3.5193,3.4986,3.5121,3284167.6
2025-08-01 07:45:00+00:00,3.5121,3.5272,3.4955,3.5249,3146179.4
2025-08-01 08:00:00+00:00,3.5248,3.5248,3.434,3.4523,15511598.3
2025-08-01 08:15:00+00:00,3.4523,3.4794,3.4382,3.4672,5375176.6
2025-08-01 08:30:00+00:00,3.4673,3.4848,3.425,3.4794,7941077.9
2025-08-01 08:45:00+00:00,3.4792,3.4944,3.4655,3.4656,3855579.9
2025-08-01 09:00:00+00:00,3.4654,3.507,3.4635,3.4924,5113924.5
2025-08-01 09:15:00+00:00,3.4924,3.5191,3.4892,3.5159,4606329.6
2025-08-01 09:30:00+00:00,3.516,3.5177,3.4943,3.5042,3064230.9
2025-08-01 09:45:00+00:00,3.5041,3.5041,3.4775,3.4807,2658192.4
2025-08-01 10:00:00+00:00,3.4808,3.5078,3.477,3.507,2419800.9
2025-08-01 10:15:00+00:00,3.5069,3.5114,3.4828,3.4867,2366267.5
2025-08-01 10:30:00+00:00,3.4868,3.4934,3.4753,3.4875,2010505.8
2025-08-01 10:45:00+00:00,3.4876,3.4919,3.473,3.4849,1532531.3
2025-08-01 11:00:00+00:00,3.4849,3.488,3.4675,3.4857,1724391.2
2025-08-01 11:15:00+00:00,3.4856,3.4948,3.4727,3.484,1781429.7
2025-08-01 11:30:00+00:00,3.4839,3.5089,3.4806,3.5021,2306102.5
2025-08-01 11:45:00+00:00,3.502,3.515,3.5014,3.5086,2549617.5
2025-08-01 12:00:00+00:00,3.5085,3.5311,3.5002,3.5139,4498669.3
2025-08-01 12:15:00+00:00,3.514,3.5155,3.478,3.4927,3923442.1
2025-08-01 12:30:00+00:00,3.493,3.5376,3.477,3.5194,8454113.4
2025-08-01 12:45:00+00:00,3.5193,3.5219,3.4854,3.5002,4447807.1
2025-08-01 13:00:00+00:00,3.5004,3.5372,3.4957,3.5258,3855037.0
2025-08-01 13:15:00+00:00,3.5259,3.5362,3.4966,3.5025,4031193.3
2025-08-01 13:30:00+00:00,3.5026,3.5096,3.47,3.4706,5086880.6
2025-08-01 13:45:00+00:00,3.4705,3.4733,3.413,3.4454,12996642.6
2025-08-01 14:00:00+00:00,3.4456,3.5002,3.423,3.4857,7884141.7
2025-08-01 14:15:00+00:00,3.4856,3.5407,3.4764,3.5391,7217857.4
2025-08-01 14:30:00+00:00,3.5392,3.5515,3.5241,3.5288,5540245.6
2025-08-01 14:45:00+00:00,3.5289,3.5542,3.5289,3.5425,3276964.2
2025-08-01 15:00:00+00:00,3.5425,3.5466,3.5163,3.5189,3816634.9
2025-08-01 15:15:00+00:00,3.5192,3.5208,3.4852,3.5049,5434071.6
2025-08-01 15:30:00+00:00,3.5048,3.5493,3.5015,3.5433,5026652.3
2025-08-01 15:45:00+00:00,3.5434,3.553,3.5339,3.5457,2950972.6
2025-08-01 16:00:00+00:00,3.5457,3.5929,3.5408,3.5784,5345815.7
2025-08-01 16:15:00+00:00,3.5785,3.595,3.57,3.5793,3874120.2
2025-08-01 16:30:00+00:00,3.5793,3.5826,3.5573,3.5806,3915523.6
2025-08-01 16:45:00+00:00,3.5805,3.5816,3.538,3.552,3471470.8
2025-08-01 17:00:00+00:00,3.5519,3.5541,3.5052,3.5236,5392573.1
2025-08-01 17:15:00+00:00,3.5235,3.5614,3.5211,3.5611,4559097.2
2025-08-01 17:30:00+00:00,3.5611,3.5786,3.5375,3.5456,4204778.2
2025-08-01 17:45:00+00:00,3.5455,3.55,3.5221,3.5345,2666888.8
2025-08-01 18:00:00+00:00,3.5345,3.5507,3.5119,3.5487,4226366.3
2025-08-01 18:15:00+00:00,3.5487,3.5798,3.5136,3.5613,5530214.7
2025-08-01 18:30:00+00:00,3.5612,3.5894,3.5581,3.5622,2911622.2
2025-08-01 18:45:00+00:00,3.5621,3.574,3.5336,3.5522,3582963.1
2025-08-01 19:00:00+00:00,3.5523,3.5694,3.5424,3.5513,2743418.6
2025-08-01 19:15:00+00:00,3.5512,3.5646,3.5362,3.5595,2642263.3
2025-08-01 19:30:00+00:00,3.5595,3.5796,3.5477,3.5499,3405414.5
2025-08-01 19:45:00+00:00,3.5501,3.5751,3.5486,3.5619,2708165.2
2025-08-01 20:00:00+00:00,3.5619,3.5731,3.4906,3.4986,6499454.6
2025-08-01 20:15:00+00:00,3.4988,3.5116,3.48,3.5084,4383343.5
2025-08-01 20:30:00+00:00,3.5083,3.5123,3.4706,3.4984,3091722.8
2025-08-01 20:45:00+00:00,3.4985,3.5338,3.4846,3.5254,4009350.7
2025-08-01 21:00:00+00:00,3.5253,3.5518,3.5192,3.5469,3442657.4
2025-08-01 21:15:00+00:00,3.5469,3.5514,3.514,3.5283,3858068.7
2025-08-01 21:30:00+00:00,3.5284,3.5356,3.5216,3.5262,1116358.5
2025-08-01 21:45:00+00:00,3.5263,3.5272,3.5058,3.509,1317719.5
2025-08-01 22:00:00+00:00,3.509,3.5118,3.4442,3.4556,5964722.8
2025-08-01 22:15:00+00:00,3.4557,3.4672,3.3856,3.4035,9297846.3
2025-08-01 22:30:00+00:00,3.4035,3.4155,3.3519,3.3919,11223268.3
2025-08-01 22:45:00+00:00,3.3919,3.4304,3.3747,3.4112,5668093.2
2025-08-01 23:00:00+00:00,3.4112,3.4466,3.4034,3.4407,3741390.5
2025-08-01 23:15:00+00:00,3.4406,3.4551,3.4311,3.4461,3252556.2
2025-08-01 23:30:00+00:00,3.4462,3.454,3.4272,3.4474,2106212.1
2025-08-01 23:45:00+00:00,3.4473,3.4696,3.442,3.4577,2235409.5
2025-08-02 00:00:00+00:00,3.4577,3.4653,3.4445,3.4575,2703254.1
2025-08-02 00:15:00+00:00,3.4575,3.5002,3.4575,3.4929,2637351.8
2025-08-02 00:30:00+00:00,3.4929,3.5028,3.4852,3.4951,2502445.6
2025-08-02 00:45:00+00:00,3.4953,3.5026,3.4872,3.4969,2571267.1
2025-08-02 01:00:00+00:00,3.497,3.4982,3.4832,3.4888,1168040.5
2025-08-02 01:15:00+00:00,3.489,3.499,3.4712,3.4803,1356661.2
2025-08-02 01:30:00+00:00,3.4803,3.4907,3.475,3.4871,1042640.3
2025-08-02 01:45:00+00:00,3.487,3.4998,3.4818,3.4955,915588.9
2025-08-02 02:00:00+00:00,3.4956,3.4997,3.4908,3.4966,688549.1
2025-08-02 02:15:00+00:00,3.4965,3.4979,3.4877,3.4909,605132.9
2025-08-02 02:30:00+00:00,3.4909,3.4917,3.4822,3.4875,711875.4
2025-08-02 02:45:00+00:00,3.4874,3.4907,3.481,3.4882,767872.1
2025-08-02 03:00:00+00:00,3.4882,3.5132,3.4882,3.5064,2205195.2
2025-08-02 03:15:00+00:00,3.5064,3.5139,3.4974,3.5038,1157848.9
2025-08-02 03:30:00+00:00,3.5037,3.5126,3.5,3.5073,830573.1
2025-08-02 03:45:00+00:00,3.5073,3.509,3.4891,3.5002,1335590.5
2025-08-02 04:00:00+00:00,3.5002,3.5052,3.4939,3.4944,638446.1
2025-08-02 04:15:00+00:00,3.4943,3.5095,3.4874,3.5095,1024288.5
2025-08-02 04:30:00+00:00,3.5094,3.5256,3.5068,3.5224,1389795.1
2025-08-02 04:45:00+00:00,3.5224,3.5282,3.5203,3.5276,1088985.3
2025-08-02 05:00:00+00:00,3.5276,3.5294,3.513,3.5165,1134440.6
2025-08-02 05:15:00+00:00,3.5164,3.5289,3.5135,3.5285,846391.1
2025-08-02 05:30:00+00:00,3.5285,3.5307,3.5224,3.5275,793144.8
2025-08-02 05:45:00+00:00,3.5275,3.5329,3.5204,3.5228,1081479.4
2025-08-02 06:00:00+00:00,3.5228,3.528,3.5066,3.5067,1489379.1
2025-08-02 06:15:00+00:00,3.5067,3.5067,3.4642,3.4691,4056802.7
2025-08-02 06:30:00+00:00,3.4691,3.4756,3.4343,3.4426,4245919.8
2025-08-02 06:45:00+00:00,3.4425,3.4635,3.4407,3.4537,3050464.7
2025-08-02 07:00:00+00:00,3.4536,3.4654,3.4252,3.4433,2886397.8
2025-08-02 07:15:00+00:00,3.4436,3.4937,3.4423,3.4906,2971401.4
2025-08-02 07:30:00+00:00,3.4905,3.4999,3.4764,3.4922,2025966.4
2025-08-02 07:45:00+00:00,3.4922,3.5131,3.49,3.5079,1877447.4
2025-08-02 08:00:00+00:00,3.508,3.511,3.4916,3.4997,1832495.9
2025-08-02 08:15:00+00:00,3.4998,3.5126,3.475,3.4751,2955101.2
2025-08-02 08:30:00+00:00,3.4751,3.4872,3.4602,3.4653,3249075.1
2025-08-02 08:45:00+00:00,3.4654,3.4727,3.4506,3.4538,1801964.1
2025-08-02 09:00:00+00:00,3.4539,3.4725,3.4532,3.4638,1564234.7
2025-08-02 09:15:00+00:00,3.4638,3.4753,3.4432,3.4475,1824797.1
2025-08-02 09:30:00+00:00,3.4473,3.4562,3.4372,3.4401,1856626.2
2025-08-02 09:45:00+00:00,3.4401,3.4549,3.439,3.4541,1272170.1
2025-08-02 10:00:00+00:00,3.4542,3.4562,3.42,3.4225,2270185.7
2025-08-02 10:15:00+00:00,3.4225,3.4255,3.3986,3.4164,4204373.8
2025-08-02 10:30:00+00:00,3.4163,3.4187,3.3837,3.3988,3198515.9
2025-08-02 10:45:00+00:00,3.3989,3.4152,3.3894,3.4096,1599655.8
2025-08-02 11:00:00+00:00,3.4095,3.418,3.3875,3.3942,1777200.8
2025-08-02 11:15:00+00:00,3.3942,3.4369,3.3931,3.4368,1988113.5
2025-08-02 11:30:00+00:00,3.4367,3.4432,3.4224,3.43,1948512.9
2025-08-02 11:45:00+00:00,3.43,3.4378,3.4139,3.4185,1247058.9
2025-08-02 12:00:00+00:00,3.4185,3.4224,3.4027,3.4044,1465890.5
2025-08-02 12:15:00+00:00,3.4042,3.4101,3.3966,3.4062,1516826.5
2025-08-02 12:30:00+00:00,3.4063,3.4142,3.3956,3.3979,1386364.8
2025-08-02 12:45:00+00:00,3.3979,3.4211,3.3911,3.4145,1973442.0
2025-08-02 13:00:00+00:00,3.4144,3.4173,3.3946,3.3946,1081052.8
2025-08-02 13:15:00+00:00,3.3947,3.4136,3.3946,3.3998,1027086.3
2025-08-02 13:30:00+00:00,3.3999,3.4237,3.3904,3.4188,2091525.2
2025-08-02 13:45:00+00:00,3.4188,3.4448,3.4169,3.4325,2385151.1
2025-08-02 14:00:00+00:00,3.4323,3.4372,3.4132,3.4145,1408448.2
2025-08-02 14:15:00+00:00,3.4145,3.4146,3.3939,3.4031,2469799.7
2025-08-02 14:30:00+00:00,3.403,3.403,3.3636,3.3776,5589062.9
2025-08-02 14:45:00+00:00,3.3776,3.3897,3.3649,3.3771,2905642.7
2025-08-02 15:00:00+00:00,3.3771,3.3985,3.3761,3.3946,1801578.8
2025-08-02 15:15:00+00:00,3.3947,3.413,3.3929,3.3957,1694904.4
2025-08-02 15:30:00+00:00,3.3958,3.3987,3.3673,3.3836,2252081.8
2025-08-02 15:45:00+00:00,3.3836,3.3874,3.3467,3.3602,4520129.3
2025-08-02 16:00:00+00:00,3.3603,3.3764,3.3488,3.3527,3907770.3
2025-08-02 16:15:00+00:00,3.3528,3.3581,3.335,3.3463,5159300.1
2025-08-02 16:30:00+00:00,3.3464,3.3736,3.3163,3.3701,5670563.0
2025-08-02 16:45:00+00:00,3.37,3.384,3.3454,3.3668,3627745.7
2025-08-02 17:00:00+00:00,3.3667,3.3872,3.357,3.3825,2255487.8
2025-08-02 17:15:00+00:00,3.3825,3.3927,3.3705,3.3811,1780435.4
2025-08-02 17:30:00+00:00,3.381,3.3844,3.3484,3.3487,2838243.5
2025-08-02 17:45:00+00:00,3.3486,3.3519,3.3093,3.3279,6733226.5
2025-08-02 18:00:00+00:00,3.328,3.3372,3.3103,3.3103,3528727.7
2025-08-02 18:15:00+00:00,3.3107,3.3294,3.2856,3.2937,6802014.1
2025-08-02 18:30:00+00:00,3.2935,3.3159,3.2873,3.3026,3833258.5
2025-08-02 18:45:00+00:00,3.3024,3.3069,3.2649,3.2837,7150891.0
2025-08-02 19:00:00+00:00,3.2836,3.3088,3.27,3.3087,3563598.4
2025-08-02 19:15:00+00:00,3.3088,3.344,3.3077,3.3437,5547107.7
2025-08-02 19:30:00+00:00,3.3438,3.3495,3.3225,3.3372,3697640.4
2025-08-02 19:45:00+00:00,3.3372,3.3378,3.3087,3.3152,1901076.1
2025-08-02 20:00:00+00:00,3.3152,3.3345,3.3111,3.3329,2300660.0
2025-08-02 20:15:00+00:00,3.3329,3.3492,3.3195,3.3359,1935605.0
2025-08-02 20:30:00+00:00,3.3359,3.3378,3.3173,3.3264,1275524.7
2025-08-02 20:45:00+00:00,3.3263,3.3461,3.3185,3.3459,1760775.7
2025-08-02 21:00:00+00:00,3.3459,3.3684,3.3369,3.3383,2646763.3
2025-08-02 21:15:00+00:00,3.3383,3.3414,3.3214,3.3245,2107655.2
2025-08-02 21:30:00+00:00,3.3245,3.3523,3.3245,3.3376,1273494.7
2025-08-02 21:45:00+00:00,3.3376,3.3639,3.3354,3.3494,911871.4
2025-08-02 22:00:00+00:00,3.3493,3.3707,3.3487,3.3565,1352829.1
2025-08-02 22:15:00+00:00,3.3564,3.3576,3.3257,3.3341,1684033.8
2025-08-02 22:30:00+00:00,3.3341,3.3618,3.3318,3.3604,1076663.1
2025-08-02 22:45:00+00:00,3.3603,3.3681,3.3545,3.3556,1097937.9
2025-08-02 23:00:00+00:00,3.3557,3.3622,3.3272,3.3316,1626650.7
2025-08-02 23:15:00+00:00,3.3317,3.34,3.3017,3.3019,2815727.9
2025-08-02 23:30:00+00:00,3.3021,3.3517,3.2997,3.34,2429115.6
2025-08-02 23:45:00+00:00,3.3404,3.3513,3.3278,3.3331,1382916.2
2025-08-03 00:00:00+00:00,3.3332,3.354,3.3286,3.3343,2254875.7
2025-08-03 00:15:00+00:00,3.3345,3.3515,3.2973,3.3063,3409640.3
2025-08-03 00:30:00+00:00,3.3063,3.35,3.28,3.3436,5262422.4
2025-08-03 00:45:00+00:00,3.3436,3.3689,3.3387,3.3619,3357898.9
2025-08-03 01:00:00+00:00,3.3619,3.3701,3.3464,3.3653,1964971.3
2025-08-03 01:15:00+00:00,3.3652,3.3777,3.3493,3.3734,2173486.4
2025-08-03 01:30:00+00:00,3.3737,3.3828,3.364,3.3819,1703855.8
2025-08-03 01:45:00+00:00,3.3819,3.3821,3.3572,3.3642,1485088.0
2025-08-03 02:00:00+00:00,3.3642,3.3885,3.364,3.3823,1789688.7
2025-08-03 02:15:00+00:00,3.3822,3.3905,3.3775,3.3787,1341695.0
2025-08-03 02:30:00+00:00,3.3788,3.3971,3.3781,3.3962,1146668.8
2025-08-03 02:45:00+00:00,3.3963,3.4152,3.3944,3.4086,3571242.3
2025-08-03 03:00:00+00:00,3.4085,3.4123,3.4007,3.403,1828624.0
2025-08-03 03:15:00+00:00,3.403,3.4072,3.3956,3.4047,1252080.4
2025-08-03 03:30:00+00:00,3.4047,3.4106,3.3983,3.4094,1110470.7
2025-08-03 03:45:00+00:00,3.4095,3.42,3.4051,3.4084,2724604.5
2025-08-03 04:00:00+00:00,3.4085,3.4115,3.3871,3.3949,1840566.4
2025-08-03 04:15:00+00:00,3.395,3.4103,3.3938,3.403,1103252.6
2025-08-03 04:30:00+00:00,3.403,3.4041,3.3876,3.3913,895492.5
2025-08-03 04:45:00+00:00,3.3913,3.4025,3.3877,3.4008,714532.1
2025-08-03 05:00:00+00:00,3.4007,3.4075,3.3975,3.3975,869196.9
2025-08-03 05:15:00+00:00,3.3975,3.409,3.3917,3.4065,866790.2
2025-08-03 05:30:00+00:00,3.4065,3.4114,3.387,3.3905,1404387.8
2025-08-03 05:45:00+00:00,3.3906,3.3959,3.3882,3.3949,521368.8
2025-08-03 06:00:00+00:00,3.3949,3.4027,3.3889,3.3907,836967.7
2025-08-03 06:15:00+00:00,3.3908,3.402,3.388,3.3968,474640.5
2025-08-03 06:30:00+00:00,3.3968,3.4016,3.3936,3.3954,420221.1
2025-08-03 06:45:00+00:00,3.3955,3.4024,3.3937,3.4016,411275.3
2025-08-03 07:00:00+00:00,3.4016,3.4136,3.4015,3.4129,855190.9
2025-08-03 07:15:00+00:00,3.413,3.4169,3.4046,3.4163,1011229.2
2025-08-03 07:30:00+00:00,3.4164,3.4249,3.414,3.417,1191617.3
2025-08-03 07:45:00+00:00,3.417,3.4226,3.4101,3.4224,1150547.8
2025-08-03 08:00:00+00:00,3.4224,3.438,3.4222,3.4374,1717993.3
2025-08-03 08:15:00+00:00,3.4374,3.4492,3.4285,3.4313,3277108.5
2025-08-03 08:30:00+00:00,3.4313,3.4381,3.4241,3.4324,1551976.5
2025-08-03 08:45:00+00:00,3.4325,3.4465,3.4269,3.4437,1143158.5
2025-08-03 09:00:00+00:00,3.4438,3.4462,3.4284,3.4302,1137481.5
2025-08-03 09:15:00+00:00,3.4303,3.4354,3.4258,3.4283,987346.8
2025-08-03 09:30:00+00:00,3.4283,3.4345,3.4222,3.4243,699734.1
2025-08-03 09:45:00+00:00,3.4243,3.44,3.4232,3.4364,1643978.9
2025-08-03 10:00:00+00:00,3.4365,3.4564,3.4333,3.4553,1863968.9
2025-08-03 10:15:00+00:00,3.4554,3.4554,3.4394,3.4404,2450082.4
2025-08-03 10:30:00+00:00,3.4404,3.461,3.4361,3.4552,2398923.5
2025-08-03 10:45:00+00:00,3.4552,3.4627,3.4519,3.455,1686306.0
2025-08-03 11:00:00+00:00,3.455,3.481,3.4547,3.4803,3793363.0
2025-08-03 11:15:00+00:00,3.4803,3.4817,3.4676,3.4725,2726962.6
2025-08-03 11:30:00+00:00,3.4726,3.475,3.4592,3.462,2140383.4
2025-08-03 11:45:00+00:00,3.462,3.4724,3.453,3.4544,1412019.3
2025-08-03 12:00:00+00:00,3.4544,3.4595,3.4392,3.4438,2405385.5
2025-08-03 12:15:00+00:00,3.4437,3.4497,3.439,3.4471,1915640.4
2025-08-03 12:30:00+00:00,3.447,3.459,3.4443,3.4573,1024351.6
2025-08-03 12:45:00+00:00,3.4573,3.4669,3.4482,3.4561,1466361.2
2025-08-03 13:00:00+00:00,3.4561,3.4626,3.4461,3.4608,1993263.8
2025-08-03 13:15:00+00:00,3.4609,3.4615,3.4332,3.4383,2503187.6
2025-08-03 13:30:00+00:00,3.4384,3.4481,3.4338,3.4338,1053835.1
2025-08-03 13:45:00+00:00,3.4338,3.4415,3.4242,3.4345,1970820.9
2025-08-03 14:00:00+00:00,3.4344,3.4374,3.4117,3.419,2462239.3
2025-08-03 14:15:00+00:00,3.419,3.4221,3.4042,3.4145,3755152.2
2025-08-03 14:30:00+00:00,3.4145,3.4271,3.4051,3.4247,1727008.4
2025-08-03 14:45:00+00:00,3.425,3.4311,3.4131,3.4272,1735766.8
2025-08-03 15:00:00+00:00,3.4272,3.4281,3.4057,3.414,1968951.2
2025-08-03 15:15:00+00:00,3.4142,3.425,3.4098,3.425,984725.8
2025-08-03 15:30:00+00:00,3.425,3.4291,3.4082,3.424,1217069.3
2025-08-03 15:45:00+00:00,3.424,3.4258,3.4143,3.4208,644592.5
2025-08-03 16:00:00+00:00,3.4206,3.4206,3.4063,3.4094,1363144.8
2025-08-03 16:15:00+00:00,3.4094,3.4128,3.4023,3.4073,1247985.2
2025-08-03 16:30:00+00:00,3.4073,3.4247,3.4068,3.4094,2200881.3
2025-08-03 16:45:00+00:00,3.4094,3.4249,3.4094,3.4215,1546347.4
2025-08-03 17:00:00+00:00,3.4215,3.4316,3.4106,3.4279,1635620.9
2025-08-03 17:15:00+00:00,3.4279,3.4284,3.409,3.4122,1476422.3
2025-08-03 17:30:00+00:00,3.4121,3.4279,3.4103,3.4119,777493.5
2025-08-03 17:45:00+00:00,3.4118,3.4238,3.4097,3.4236,731528.5
2025-08-03 18:00:00+00:00,3.4235,3.4246,3.4134,3.4166,735666.5
2025-08-03 18:15:00+00:00,3.4165,3.4348,3.4107,3.427,1028222.4
2025-08-03 18:30:00+00:00,3.427,3.4331,3.4155,3.4324,1090299.1
2025-08-03 18:45:00+00:00,3.4325,3.4402,3.4286,3.4383,1622658.9
2025-08-03 19:00:00+00:00,3.4384,3.4449,3.4302,3.4441,1603449.7
2025-08-03 19:15:00+00:00,3.4442,3.4628,3.4422,3.4558,1942248.5
2025-08-03 19:30:00+00:00,3.4558,3.465,3.4461,3.4466,1557898.1
2025-08-03 19:45:00+00:00,3.4467,3.4483,3.4279,3.4324,1409765.2
2025-08-03 20:00:00+00:00,3.4325,3.4338,3.4128,3.4195,2118113.7
2025-08-03 20:15:00+00:00,3.4196,3.4299,3.4162,3.4244,883406.0
2025-08-03 20:30:00+00:00,3.4243,3.432,3.4174,3.4295,1127192.4
2025-08-03 20:45:00+00:00,3.4295,3.4347,3.426,3.4294,721140.4
2025-08-03 21:00:00+00:00,3.4294,3.4342,3.4229,3.4342,615205.8
2025-08-03 21:15:00+00:00,3.4342,3.4473,3.4305,3.4433,951485.8
2025-08-03 21:30:00+00:00,3.4432,3.4442,3.4334,3.4359,704846.7
2025-08-03 21:45:00+00:00,3.4358,3.447,3.434,3.4465,577876.9
2025-08-03 22:00:00+00:00,3.4465,3.4574,3.4306,3.4309,2074202.5
2025-08-03 22:15:00+00:00,3.4309,3.4331,3.424,3.4317,1017897.0
2025-08-03 22:30:00+00:00,3.4317,3.446,3.4313,3.4456,874577.8
2025-08-03 22:45:00+00:00,3.4457,3.4593,3.4407,3.4468,1842381.2
2025-08-03 23:00:00+00:00,3.4469,3.4654,3.4425,3.4617,1385941.8
2025-08-03 23:15:00+00:00,3.4618,3.4742,3.4516,3.452,1431379.2
2025-08-03 23:30:00+00:00,3.4519,3.454,3.437,3.4402,1945212.5
2025-08-03 23:45:00+00:00,3.4402,3.4482,3.4338,3.4446,935591.1
2025-08-04 00:00:00+00:00,3.4447,3.4496,3.4307,3.4366,1725183.6
2025-08-04 00:15:00+00:00,3.4366,3.4679,3.432,3.461,1657196.7
2025-08-04 00:30:00+00:00,3.461,3.4894,3.4524,3.4879,2059787.2
2025-08-04 00:45:00+00:00,3.488,3.5114,3.4803,3.511,3754677.0
2025-08-04 01:00:00+00:00,3.511,3.5187,3.4902,3.4971,3228932.9
2025-08-04 01:15:00+00:00,3.4971,3.4983,3.4768,3.4877,2371937.0
2025-08-04 01:30:00+00:00,3.4877,3.4995,3.4807,3.4847,1179113.9
2025-08-04 01:45:00+00:00,3.4846,3.4887,3.4661,3.4693,1908938.3
2025-08-04 02:00:00+00:00,3.4694,3.4746,3.451,3.4531,2370814.0
2025-08-04 02:15:00+00:00,3.4531,3.4769,3.4517,3.472,1735579.2
2025-08-04 02:30:00+00:00,3.472,3.486,3.4666,3.4678,1869657.3
2025-08-04 02:45:00+00:00,3.4678,3.5001,3.4673,3.4974,1651188.3
2025-08-04 03:00:00+00:00,3.4975,3.5027,3.4864,3.4877,1646130.4
2025-08-04 03:15:00+00:00,3.4878,3.4943,3.4785,3.4816,1204510.1
2025-08-04 03:30:00+00:00,3.4816,3.4904,3.4708,3.4895,1241415.9
2025-08-04 03:45:00+00:00,3.4895,3.4956,3.4831,3.489,1275706.3
2025-08-04 04:00:00+00:00,3.4891,3.5014,3.4891,3.4942,1325486.7
2025-08-04 04:15:00+00:00,3.4942,3.5002,3.48,3.5,1953006.0
2025-08-04 04:30:00+00:00,3.4999,3.5012,3.4909,3.4961,1572960.2
2025-08-04 04:45:00+00:00,3.4961,3.5078,3.4877,3.4894,2023270.4
2025-08-04 05:00:00+00:00,3.4895,3.4997,3.4759,3.486,1483560.1
2025-08-04 05:15:00+00:00,3.486,3.4869,3.47,3.476,1912988.2
2025-08-04 05:30:00+00:00,3.4761,3.4833,3.4645,3.4707,1806598.4
2025-08-04 05:45:00+00:00,3.4707,3.4829,3.4601,3.4817,1406565.7
2025-08-04 06:00:00+00:00,3.4816,3.4854,3.461,3.4611,1227311.3
2025-08-04 06:15:00+00:00,3.4611,3.4655,3.4461,3.461,2415257.3
2025-08-04 06:30:00+00:00,3.461,3.4721,3.4506,3.4665,1282498.2
2025-08-04 06:45:00+00:00,3.4665,3.4764,3.4525,3.4748,1210812.3
2025-08-04 07:00:00+00:00,3.4749,3.4799,3.462,3.4712,1342324.2
2025-08-04 07:15:00+00:00,3.4711,3.4748,3.4576,3.4673,1345714.1
2025-08-04 07:30:00+00:00,3.4673,3.4912,3.4587,3.488,1359037.1
2025-08-04 07:45:00+00:00,3.4881,3.4987,3.4828,3.4832,1816890.1
2025-08-04 08:00:00+00:00,3.4833,3.4978,3.4787,3.4867,1540956.3
2025-08-04 08:15:00+00:00,3.4868,3.4976,3.4727,3.4728,1624491.3
2025-08-04 08:30:00+00:00,3.4728,3.4856,3.4629,3.475,2042539.7
2025-08-04 08:45:00+00:00,3.4752,3.4782,3.4548,3.4604,1631937.1
2025-08-04 09:00:00+00:00,3.4605,3.468,3.4556,3.4578,1122953.4
2025-08-04 09:15:00+00:00,3.4579,3.4699,3.451,3.4595,1238811.4
2025-08-04 09:30:00+00:00,3.4596,3.4677,3.4506,3.4507,1001514.5
2025-08-04 09:45:00+00:00,3.4507,3.4526,3.4288,3.4303,3447247.1
2025-08-04 10:00:00+00:00,3.4303,3.442,3.4215,3.442,2519997.6
2025-08-04 10:15:00+00:00,3.4421,3.4478,3.4315,3.4379,1472864.2
2025-08-04 10:30:00+00:00,3.438,3.4447,3.4328,3.437,1040967.3
2025-08-04 10:45:00+00:00,3.4371,3.4463,3.4252,3.4273,1548873.3
2025-08-04 11:00:00+00:00,3.4273,3.4326,3.4178,3.42,1808707.3
2025-08-04 11:15:00+00:00,3.4201,3.4204,3.4062,3.4194,2404175.2
2025-08-04 11:30:00+00:00,3.4192,3.4294,3.4115,3.4254,1194120.1
2025-08-04 11:45:00+00:00,3.4253,3.4342,3.4209,3.4282,1529428.9
2025-08-04 12:00:00+00:00,3.4283,3.4468,3.4283,3.4463,2089023.6
2025-08-04 12:15:00+00:00,3.4463,3.4552,3.4318,3.4414,2123752.2
2025-08-04 12:30:00+00:00,3.4415,3.4524,3.4323,3.4429,1312070.4
2025-08-04 12:45:00+00:00,3.443,3.4629,3.4386,3.4597,1940274.7
2025-08-04 13:00:00+00:00,3.4597,3.4707,3.4524,3.4628,2413295.7
2025-08-04 13:15:00+00:00,3.4628,3.4705,3.4406,3.4474,1735854.4
2025-08-04 13:30:00+00:00,3.4474,3.5019,3.4454,3.5018,6131179.0
2025-08-04 13:45:00+00:00,3.5018,3.524,3.482,3.5186,8342927.2
2025-08-04 14:00:00+00:00,3.5187,3.5604,3.5152,3.5399,10381292.3
2025-08-04 14:15:00+00:00,3.5399,3.5543,3.5275,3.5429,5173647.3
2025-08-04 14:30:00+00:00,3.5429,3.5451,3.5075,3.5089,5110800.3
2025-08-04 14:45:00+00:00,3.5089,3.521,3.4744,3.4911,7355086.5
2025-08-04 15:00:00+00:00,3.491,3.5061,3.4778,3.5049,3836390.4
2025-08-04 15:15:00+00:00,3.5048,3.5156,3.4941,3.5086,2176137.4
2025-08-04 15:30:00+00:00,3.5085,3.5216,3.4906,3.4944,2154306.2
2025-08-04 15:45:00+00:00,3.4945,3.5047,3.4793,3.4989,3066302.2
2025-08-04 16:00:00+00:00,3.499,3.534,3.499,3.5182,3159729.5
2025-08-04 16:15:00+00:00,3.5182,3.5372,3.5061,3.5218,3268563.9
2025-08-04 16:30:00+00:00,3.5217,3.5609,3.5199,3.5504,3524343.3
2025-08-04 16:45:00+00:00,3.5504,3.5817,3.5502,3.5774,4560565.1
2025-08-04 17:00:00+00:00,3.5774,3.6265,3.5667,3.626,7997807.2
2025-08-04 17:15:00+00:00,3.626,3.6341,3.5953,3.6031,6029010.2
2025-08-04 17:30:00+00:00,3.6033,3.6045,3.5748,3.5808,4129124.9
2025-08-04 17:45:00+00:00,3.5808,3.6005,3.576,3.5825,2319702.5
2025-08-04 18:00:00+00:00,3.5824,3.5968,3.5592,3.5633,3233715.7
2025-08-04 18:15:00+00:00,3.5633,3.5845,3.562,3.5695,1617022.2
2025-08-04 18:30:00+00:00,3.5695,3.5695,3.5437,3.5442,2465201.0
2025-08-04 18:45:00+00:00,3.5442,3.5536,3.5316,3.5398,2196872.1
2025-08-04 19:00:00+00:00,3.5398,3.542,3.526,3.5354,2350592.0
2025-08-04 19:15:00+00:00,3.5355,3.547,3.522,3.5243,1863132.4
2025-08-04 19:30:00+00:00,3.5244,3.5281,3.4976,3.5073,3858207.1
2025-08-04 19:45:00+00:00,3.5072,3.5163,3.5042,3.5085,1603130.8
2025-08-04 20:00:00+00:00,3.5085,3.5277,3.5006,3.5192,2117696.7
2025-08-04 20:15:00+00:00,3.5191,3.5298,3.5124,3.5295,1314866.0
2025-08-04 20:30:00+00:00,3.5298,3.5575,3.5296,3.5518,3365497.0
2025-08-04 20:45:00+00:00,3.5517,3.5532,3.537,3.5436,2106733.1
2025-08-04 21:00:00+00:00,3.5435,3.5605,3.5415,3.5576,1567240.0
2025-08-04 21:15:00+00:00,3.5575,3.5742,3.546,3.5735,1766164.4
2025-08-04 21:30:00+00:00,3.5734,3.5988,3.5644,3.5948,2306322.1
2025-08-04 21:45:00+00:00,3.5948,3.5952,3.5659,3.5779,2987288.0
2025-08-04 22:00:00+00:00,3.5779,3.6006,3.5779,3.5891,2726554.3
2025-08-04 22:15:00+00:00,3.5891,3.599,3.5847,3.5882,1309409.8
2025-08-04 22:30:00+00:00,3.5882,3.599,3.58,3.586,1147761.1
2025-08-04 22:45:00+00:00,3.5859,3.6047,3.5846,3.6046,1118943.7
2025-08-04 23:00:00+00:00,3.6045,3.6082,3.5878,3.6066,2138314.6
2025-08-04 23:15:00+00:00,3.6066,3.6067,3.5949,3.5973,919993.4
2025-08-04 23:30:00+00:00,3.5973,3.5973,3.5864,3.5931,1209026.0
2025-08-04 23:45:00+00:00,3.5931,3.595,3.58,3.5882,1734771.9
2025-08-05 00:00:00+00:00,3.5881,3.59,3.5666,3.5728,2280731.6
2025-08-05 00:15:00+00:00,3.5727,3.5812,3.5649,3.5779,1191720.9
2025-08-05 00:30:00+00:00,3.5779,3.6011,3.5779,3.5912,1843916.7
2025-08-05 00:45:00+00:00,3.5912,3.5933,3.571,3.5802,1050681.9
2025-08-05 01:00:00+00:00,3.5802,3.5911,3.572,3.5754,1075736.1
2025-08-05 01:15:00+00:00,3.5752,3.5909,3.5656,3.5884,1257299.4
2025-08-05 01:30:00+00:00,3.5882,3.5882,3.5563,3.564,1661328.1
2025-08-05 01:45:00+00:00,3.564,3.5657,3.5352,3.542,2703224.2
2025-08-05 02:00:00+00:00,3.542,3.548,3.5344,3.5371,1491419.1
2025-08-05 02:15:00+00:00,3.5373,3.5427,3.5315,3.5349,1012527.7
2025-08-05 02:30:00+00:00,3.5348,3.5489,3.5334,3.546,1123219.1
2025-08-05 02:45:00+00:00,3.546,3.5607,3.5448,3.5606,1344976.5
2025-08-05 03:00:00+00:00,3.5606,3.5625,3.5108,3.5135,3726410.3
2025-08-05 03:15:00+00:00,3.5135,3.5155,3.5015,3.5053,2308669.8
2025-08-05 03:30:00+00:00,3.5054,3.508,3.4922,3.4934,2726513.6
2025-08-05 03:45:00+00:00,3.4934,3.5012,3.4867,3.4938,1602009.7
2025-08-05 04:00:00+00:00,3.4938,3.5089,3.4855,3.5074,1918509.0
2025-08-05 04:15:00+00:00,3.5074,3.5074,3.4821,3.4917,2279547.3
2025-08-05 04:30:00+00:00,3.4917,3.4918,3.468,3.473,3104753.8
2025-08-05 04:45:00+00:00,3.473,3.4784,3.4713,3.4749,1236111.2
2025-08-05 05:00:00+00:00,3.4749,3.4911,3.4703,3.4827,1940783.4
2025-08-05 05:15:00+00:00,3.4828,3.4958,3.4805,3.4939,1480500.6
2025-08-05 05:30:00+00:00,3.494,3.4968,3.4804,3.4813,1329565.4
2025-08-05 05:45:00+00:00,3.4814,3.502,3.4813,3.5009,1332749.3
2025-08-05 06:00:00+00:00,3.5009,3.5135,3.4966,3.5029,1896692.9
2025-08-05 06:15:00+00:00,3.5029,3.522,3.4993,3.5159,1776277.9
2025-08-05 06:30:00+00:00,3.5159,3.516,3.49,3.493,1640046.7
2025-08-05 06:45:00+00:00,3.4929,3.4929,3.4566,3.4742,4062941.5
2025-08-05 07:00:00+00:00,3.4742,3.4742,3.4559,3.4604,2326899.7
2025-08-05 07:15:00+00:00,3.4604,3.4722,3.4432,3.4467,2377038.9
2025-08-05 07:30:00+00:00,3.4467,3.4533,3.4201,3.442,6560374.9
2025-08-05 07:45:00+00:00,3.4421,3.4545,3.4325,3.4383,3078987.5
2025-08-05 08:00:00+00:00,3.4383,3.4482,3.4334,3.4395,1778348.5
2025-08-05 08:15:00+00:00,3.4395,3.4645,3.4392,3.4557,1874927.0
2025-08-05 08:30:00+00:00,3.4558,3.466,3.4421,3.45,1669748.4
2025-08-05 08:45:00+00:00,3.4501,3.4581,3.4419,3.4576,1050023.4
2025-08-05 09:00:00+00:00,3.4576,3.472,3.4547,3.4709,1353079.4
2025-08-05 09:15:00+00:00,3.4709,3.477,3.46,3.4748,1560835.0
2025-08-05 09:30:00+00:00,3.4747,3.4842,3.4652,3.4791,2584952.0
2025-08-05 09:45:00+00:00,3.4791,3.49,3.4737,3.4881,1840057.8
2025-08-05 10:00:00+00:00,3.4881,3.4928,3.4755,3.4859,1199062.1
2025-08-05 10:15:00+00:00,3.486,3.5176,3.4838,3.5171,2648948.3
2025-08-05 10:30:00+00:00,3.5169,3.5453,3.5142,3.5434,5107512.0
2025-08-05 10:45:00+00:00,3.5434,3.5434,3.5217,3.5341,1792621.0
2025-08-05 11:00:00+00:00,3.5342,3.5399,3.5242,3.5355,1429366.4
2025-08-05 11:15:00+00:00,3.5356,3.5395,3.5259,3.5387,1300315.0
2025-08-05 11:30:00+00:00,3.5387,3.5679,3.5246,3.5654,2660609.1
2025-08-05 11:45:00+00:00,3.5654,3.5712,3.5519,3.5634,2398474.2
2025-08-05 12:00:00+00:00,3.5634,3.5666,3.5358,3.5474,2703165.1
2025-08-05 12:15:00+00:00,3.5473,3.5473,3.5043,3.5237,4210640.8
2025-08-05 12:30:00+00:00,3.5237,3.5268,3.475,3.497,5944333.3
2025-08-05 12:45:00+00:00,3.4971,3.5085,3.4831,3.4905,3119283.5
2025-08-05 13:00:00+00:00,3.4905,3.51,3.4831,3.5047,2627608.4
2025-08-05 13:15:00+00:00,3.5047,3.5124,3.4878,3.4916,2714278.3
2025-08-05 13:30:00+00:00,3.4916,3.5098,3.4751,3.476,5200888.2
2025-08-05 13:45:00+00:00,3.4764,3.4891,3.4633,3.4765,5161452.6
2025-08-05 14:00:00+00:00,3.4766,3.481,3.4308,3.4366,7728332.8
2025-08-05 14:15:00+00:00,3.4365,3.437,3.3731,3.3983,14561084.1
2025-08-05 14:30:00+00:00,3.3983,3.4116,3.3817,3.397,5522608.5
2025-08-05 14:45:00+00:00,3.3968,3.4174,3.3896,3.4137,4192654.7
2025-08-05 15:00:00+00:00,3.4136,3.4316,3.3975,3.4197,4812217.5
2025-08-05 15:15:00+00:00,3.4196,3.4306,3.3963,3.4076,2539175.8
2025-08-05 15:30:00+00:00,3.4077,3.4116,3.3772,3.3832,5013084.4
2025-08-05 15:45:00+00:00,3.3833,3.3929,3.3672,3.3858,4169449.4
2025-08-05 16:00:00+00:00,3.3856,3.4065,3.3769,3.4024,3323083.6
2025-08-05 16:15:00+00:00,3.4025,3.4169,3.3954,3.4116,2010261.8
2025-08-05 16:30:00+00:00,3.4116,3.4228,3.3805,3.397,3006670.4
2025-08-05 16:45:00+00:00,3.397,3.411,3.384,3.4083,1635993.7
2025-08-05 17:00:00+00:00,3.4083,3.4137,3.3931,3.403,1477810.5
2025-08-05 17:15:00+00:00,3.4029,3.4185,3.3975,3.4138,1416699.9
2025-08-05 17:30:00+00:00,3.4137,3.4244,3.4058,3.4058,1483948.2
2025-08-05 17:45:00+00:00,3.4056,3.4218,3.3963,3.416,1292683.4
2025-08-05 18:00:00+00:00,3.416,3.4166,3.3955,3.3956,1247965.2
2025-08-05 18:15:00+00:00,3.3956,3.4112,3.3887,3.3983,1427682.8
2025-08-05 18:30:00+00:00,3.3983,3.4054,3.3904,3.395,1357507.4
2025-08-05 18:45:00+00:00,3.3952,3.4067,3.384,3.4066,1577136.9
2025-08-05 19:00:00+00:00,3.4067,3.4153,3.3926,3.3928,1299182.4
2025-08-05 19:15:00+00:00,3.3928,3.3982,3.3828,3.3862,1332719.6
2025-08-05 19:30:00+00:00,3.3863,3.3959,3.3828,3.3851,965182.2
2025-08-05 19:45:00+00:00,3.3852,3.3882,3.3704,3.3793,1625442.9
2025-08-05 20:00:00+00:00,3.3793,3.3979,3.3793,3.3953,1342550.0
2025-08-05 20:15:00+00:00,3.3953,3.4103,3.3921,3.4101,1247146.6
2025-08-05 20:30:00+00:00,3.4102,3.4103,3.3818,3.3867,991960.4
2025-08-05 20:45:00+00:00,3.3867,3.3872,3.3769,3.385,1119799.3
2025-08-05 21:00:00+00:00,3.3851,3.4019,3.382,3.3954,1269953.7
2025-08-05 21:15:00+00:00,3.3953,3.4021,3.3906,3.3937,603599.4
2025-08-05 21:30:00+00:00,3.3937,3.4001,3.3894,3.392,552360.2
2025-08-05 21:45:00+00:00,3.3921,3.3921,3.3647,3.3753,1748376.0
2025-08-05 22:00:00+00:00,3.3752,3.3818,3.3393,3.3776,5556570.2
2025-08-05 22:15:00+00:00,3.3776,3.3909,3.3754,3.3871,1550170.8
2025-08-05 22:30:00+00:00,3.3872,3.3949,3.3805,3.3935,1356552.1
2025-08-05 22:45:00+00:00,3.3935,3.3975,3.3883,3.3923,1078881.9
2025-08-05 23:00:00+00:00,3.3923,3.415,3.3862,3.4088,2254383.3
2025-08-05 23:15:00+00:00,3.4087,3.4148,3.4035,3.4124,1521072.7
2025-08-05 23:30:00+00:00,3.4124,3.4218,3.4061,3.4131,1654251.5
2025-08-05 23:45:00+00:00,3.4131,3.4176,3.401,3.4093,1414053.0
2025-08-06 00:00:00+00:00,3.4095,3.4111,3.3941,3.4022,1357802.1
2025-08-06 00:15:00+00:00,3.4023,3.4067,3.3957,3.4021,930194.8
2025-08-06 00:30:00+00:00,3.4021,3.407,3.3909,3.3913,839870.2
2025-08-06 00:45:00+00:00,3.3914,3.3921,3.3681,3.3797,2228447.7
2025-08-06 01:00:00+00:00,3.3796,3.3912,3.3681,3.3884,1178939.8
2025-08-06 01:15:00+00:00,3.3884,3.3932,3.3609,3.364,1640588.4
2025-08-06 01:30:00+00:00,3.3641,3.389,3.3639,3.3795,1553231.2
2025-08-06 01:45:00+00:00,3.3796,3.393,3.3718,3.3914,1209102.4
2025-08-06 02:00:00+00:00,3.3913,3.3913,3.3706,3.3846,1044464.1
2025-08-06 02:15:00+00:00,3.3845,3.4007,3.3816,3.3925,1372038.0
2025-08-06 02:30:00+00:00,3.3926,3.3952,3.3777,3.3916,813714.6
2025-08-06 02:45:00+00:00,3.3915,3.3915,3.3769,3.3804,701839.9
2025-08-06 03:00:00+00:00,3.3804,3.3842,3.3645,3.3662,1170783.8
2025-08-06 03:15:00+00:00,3.3662,3.3666,3.3427,3.3518,2992792.5
2025-08-06 03:30:00+00:00,3.3518,3.3621,3.3482,3.3565,1093375.5
2025-08-06 03:45:00+00:00,3.3564,3.3636,3.3486,3.3498,935854.5
2025-08-06 04:00:00+00:00,3.3499,3.3504,3.3257,3.333,3278985.7
2025-08-06 04:15:00+00:00,3.333,3.345,3.3307,3.3389,1097100.6
2025-08-06 04:30:00+00:00,3.3388,3.3445,3.331,3.3405,1268240.4
2025-08-06 04:45:00+00:00,3.3404,3.3487,3.3361,3.3444,1369866.2
2025-08-06 05:00:00+00:00,3.3444,3.3921,3.3366,3.3916,3259982.0
2025-08-06 05:15:00+00:00,3.3915,3.4104,3.3861,3.3957,3949629.9
2025-08-06 05:30:00+00:00,3.3957,3.4417,3.3938,3.4366,4783371.1
2025-08-06 05:45:00+00:00,3.4366,3.45,3.4089,3.4127,3681542.6
2025-08-06 06:00:00+00:00,3.4127,3.417,3.3944,3.4009,2983260.7
2025-08-06 06:15:00+00:00,3.401,3.405,3.3925,3.3985,1105508.9
2025-08-06 06:30:00+00:00,3.3985,3.42,3.3922,3.412,1063251.6
2025-08-06 06:45:00+00:00,3.4121,3.43,3.4121,3.4209,1245181.6
2025-08-06 07:00:00+00:00,3.421,3.4378,3.416,3.4331,1017388.9
2025-08-06 07:15:00+00:00,3.4331,3.4473,3.4274,3.4452,1731774.2
2025-08-06 07:30:00+00:00,3.4452,3.4468,3.4302,3.4417,1279214.9
2025-08-06 07:45:00+00:00,3.4416,3.4515,3.435,3.4488,1429405.6
2025-08-06 08:00:00+00:00,3.4489,3.4548,3.4244,3.4306,1771833.2
2025-08-06 08:15:00+00:00,3.4307,3.4434,3.4195,3.4321,1873123.4
2025-08-06 08:30:00+00:00,3.4321,3.4321,3.4051,3.407,2615100.3
2025-08-06 08:45:00+00:00,3.407,3.41,3.3947,3.4057,2651320.8
2025-08-06 09:00:00+00:00,3.4056,3.4169,3.3915,3.4151,1989706.6
2025-08-06 09:15:00+00:00,3.4151,3.4338,3.4144,3.4229,1951940.6
2025-08-06 09:30:00+00:00,3.4228,3.4289,3.4061,3.4111,1145197.0
2025-08-06 09:45:00+00:00,3.4112,3.4249,3.4091,3.4183,906606.3
2025-08-06 10:00:00+00:00,3.4183,3.4255,3.4027,3.4072,1262103.2
2025-08-06 10:15:00+00:00,3.4073,3.4169,3.3911,3.4006,1763843.3
2025-08-06 10:30:00+00:00,3.4005,3.4147,3.3962,3.4095,836233.8
2025-08-06 10:45:00+00:00,3.4096,3.4118,3.393,3.3978,1145133.3
2025-08-06 11:00:00+00:00,3.3978,3.4114,3.3902,3.4095,1450568.8
2025-08-06 11:15:00+00:00,3.4096,3.4239,3.4089,3.4212,1141382.9
2025-08-06 11:30:00+00:00,3.4213,3.431,3.4099,3.4146,1409263.6
2025-08-06 11:45:00+00:00,3.4145,3.4145,3.397,3.402,1229887.8
2025-08-06 12:00:00+00:00,3.4019,3.4137,3.3775,3.3793,2313296.1
2025-08-06 12:15:00+00:00,3.3793,3.4034,3.3681,3.3985,3036366.1
2025-08-06 12:30:00+00:00,3.3984,3.4146,3.3933,3.3939,2180658.2
2025-08-06 12:45:00+00:00,3.3938,3.4052,3.3917,3.3962,1439934.4
2025-08-06 13:00:00+00:00,3.3961,3.415,3.3961,3.415,1603763.3
2025-08-06 13:15:00+00:00,3.4151,3.4197,3.4034,3.4099,2081153.2
2025-08-06 13:30:00+00:00,3.41,3.4242,3.3868,3.4141,3628789.6
2025-08-06 13:45:00+00:00,3.4141,3.4252,3.3992,3.4124,2823729.0
2025-08-06 14:00:00+00:00,3.4127,3.4492,3.4127,3.4284,3775896.2
2025-08-06 14:15:00+00:00,3.4284,3.4369,3.3993,3.4163,2547329.2
2025-08-06 14:30:00+00:00,3.4162,3.4383,3.4092,3.4337,1704017.9
2025-08-06 14:45:00+00:00,3.4338,3.4734,3.4228,3.4734,3283954.3
2025-08-06 15:00:00+00:00,3.4734,3.4821,3.4508,3.463,4509974.1
2025-08-06 15:15:00+00:00,3.463,3.4728,3.4504,3.4565,2058839.3
2025-08-06 15:30:00+00:00,3.4562,3.475,3.4547,3.4656,1993624.2
2025-08-06 15:45:00+00:00,3.4656,3.5038,3.4559,3.4935,3810471.7
2025-08-06 16:00:00+00:00,3.4936,3.506,3.4742,3.4805,4664855.5
2025-08-06 16:15:00+00:00,3.4805,3.4902,3.4691,3.4706,1954249.7
2025-08-06 16:30:00+00:00,3.4706,3.4795,3.4526,3.457,2552221.8
2025-08-06 16:45:00+00:00,3.457,3.4734,3.4567,3.4683,1706014.0
2025-08-06 17:00:00+00:00,3.4683,3.4716,3.4552,3.4624,1283720.9
2025-08-06 17:15:00+00:00,3.4624,3.4781,3.4618,3.4777,888742.6
2025-08-06 17:30:00+00:00,3.4776,3.4865,3.465,3.4841,1041386.7
2025-08-06 17:45:00+00:00,3.4842,3.5022,3.4801,3.4999,2088623.1
2025-08-06 18:00:00+00:00,3.4999,3.522,3.4998,3.5202,3030862.6
2025-08-06 18:15:00+00:00,3.5203,3.5278,3.503,3.5048,2343610.3
2025-08-06 18:30:00+00:00,3.5047,3.5159,3.4991,3.5016,1565891.2
2025-08-06 18:45:00+00:00,3.5016,3.5041,3.4915,3.4922,1260116.0
2025-08-06 19:00:00+00:00,3.4923,3.5104,3.4917,3.4991,1166943.7
2025-08-06 19:15:00+00:00,3.4992,3.5103,3.4973,3.505,1870719.4
2025-08-06 19:30:00+00:00,3.505,3.5068,3.4929,3.4942,878414.6
2025-08-06 19:45:00+00:00,3.4941,3.5045,3.4854,3.5044,1461343.9
2025-08-06 20:00:00+00:00,3.5042,3.5054,3.4905,3.4923,816590.2
2025-08-06 20:15:00+00:00,3.4923,3.4987,3.4904,3.4946,432280.2
2025-08-06 20:30:00+00:00,3.4946,3.496,3.4821,3.4854,1209826.6
2025-08-06 20:45:00+00:00,3.4855,3.4937,3.4789,3.4913,730833.5
2025-08-06 21:00:00+00:00,3.4914,3.5063,3.4906,3.5007,1064301.7
2025-08-06 21:15:00+00:00,3.5006,3.505,3.4986,3.5036,804076.6
2025-08-06 21:30:00+00:00,3.5036,3.5069,3.4837,3.4922,1523677.1
2025-08-06 21:45:00+00:00,3.4921,3.5065,3.4921,3.5065,1361439.0
2025-08-06 22:00:00+00:00,3.5065,3.5149,3.4993,3.5102,1760511.0
2025-08-06 22:15:00+00:00,3.5101,3.5122,3.4996,3.5099,1371968.5
2025-08-06 22:30:00+00:00,3.5098,3.5139,3.4978,3.5028,1197618.1
2025-08-06 22:45:00+00:00,3.5027,3.5034,3.4972,3.5006,1420139.4
2025-08-06 23:00:00+00:00,3.5006,3.5024,3.493,3.495,1061815.1
2025-08-06 23:15:00+00:00,3.4949,3.4972,3.4901,3.4947,640850.1
2025-08-06 23:30:00+00:00,3.4947,3.4976,3.4921,3.4949,441958.6
2025-08-06 23:45:00+00:00,3.495,3.4991,3.4926,3.4974,826477.6
2025-08-07 00:00:00+00:00,3.4973,3.4977,3.4847,3.488,1299373.7
2025-08-07 00:15:00+00:00,3.488,3.4935,3.4839,3.493,1658206.5
2025-08-07 00:30:00+00:00,3.4931,3.5044,3.4919,3.4967,1237783.4
2025-08-07 00:45:00+00:00,3.4967,3.497,3.486,3.4873,696638.2
2025-08-07 01:00:00+00:00,3.4873,3.4939,3.4824,3.4929,679266.9
2025-08-07 01:15:00+00:00,3.4928,3.516,3.4853,3.5141,1450343.3
2025-08-07 01:30:00+00:00,3.5141,3.5202,3.4971,3.4996,1502235.3
2025-08-07 01:45:00+00:00,3.4997,3.5002,3.4726,3.4771,2024427.0
2025-08-07 02:00:00+00:00,3.4771,3.4844,3.4697,3.4836,1493062.8
2025-08-07 02:15:00+00:00,3.4836,3.4854,3.4712,3.4727,796780.2
2025-08-07 02:30:00+00:00,3.4726,3.4731,3.4626,3.4634,1502763.0
2025-08-07 02:45:00+00:00,3.4634,3.4688,3.4572,3.459,1875210.0
2025-08-07 03:00:00+00:00,3.459,3.4645,3.4553,3.4553,831788.4
2025-08-07 03:15:00+00:00,3.4553,3.4602,3.4476,3.4517,1664452.6
2025-08-07 03:30:00+00:00,3.4517,3.4574,3.4498,3.4566,668976.0
2025-08-07 03:45:00+00:00,3.4566,3.4611,3.4455,3.4487,1112436.3
2025-08-07 04:00:00+00:00,3.4487,3.463,3.4461,3.4581,1131681.3
2025-08-07 04:15:00+00:00,3.4581,3.4713,3.4568,3.4678,912359.2
2025-08-07 04:30:00+00:00,3.4678,3.4682,3.4543,3.4553,850221.7
2025-08-07 04:45:00+00:00,3.4552,3.4554,3.4422,3.4486,1465214.8
2025-08-07 05:00:00+00:00,3.4487,3.4533,3.4412,3.45,1147798.6
2025-08-07 05:15:00+00:00,3.4501,3.4616,3.4465,3.4609,1034769.7
2025-08-07 05:30:00+00:00,3.4609,3.469,3.4603,3.4643,620971.1
2025-08-07 05:45:00+00:00,3.4643,3.4857,3.4627,3.4845,1508191.5
2025-08-07 06:00:00+00:00,3.4845,3.5088,3.477,3.5059,2871569.7
2025-08-07 06:15:00+00:00,3.5059,3.506,3.4955,3.4989,1518731.9
2025-08-07 06:30:00+00:00,3.4989,3.5029,3.4941,3.4997,946658.7
2025-08-07 06:45:00+00:00,3.4997,3.5133,3.4948,3.4991,2241313.8
2025-08-07 07:00:00+00:00,3.499,3.518,3.4974,3.5145,1959372.7
2025-08-07 07:15:00+00:00,3.5145,3.5264,3.5118,3.5175,1752929.8
2025-08-07 07:30:00+00:00,3.5174,3.5242,3.5134,3.5148,1118705.8
2025-08-07 07:45:00+00:00,3.5147,3.5178,3.5071,3.5133,1098216.6
2025-08-07 08:00:00+00:00,3.5134,3.5297,3.5133,3.5234,1513242.2
2025-08-07 08:15:00+00:00,3.5234,3.5331,3.5184,3.5319,1437803.8
2025-08-07 08:30:00+00:00,3.5318,3.5318,3.5109,3.5134,1510169.0
2025-08-07 08:45:00+00:00,3.5135,3.5152,3.4991,3.5031,1894462.8
2025-08-07 09:00:00+00:00,3.503,3.5106,3.4956,3.4979,1335497.8
2025-08-07 09:15:00+00:00,3.4979,3.5083,3.497,3.5067,662801.1
2025-08-07 09:30:00+00:00,3.5068,3.5099,3.4987,3.5099,609620.2
2025-08-07 09:45:00+00:00,3.5098,3.5229,3.5022,3.5214,1302518.8
2025-08-07 10:00:00+00:00,3.5214,3.5686,3.521,3.5667,4385218.2
2025-08-07 10:15:00+00:00,3.5667,3.5858,3.563,3.5858,6839137.7
2025-08-07 10:30:00+00:00,3.5857,3.676,3.5849,3.6594,19632351.0
2025-08-07 10:45:00+00:00,3.6594,3.6644,3.6425,3.6547,4509915.6
2025-08-07 11:00:00+00:00,3.6548,3.6872,3.6548,3.6859,4676641.2
2025-08-07 11:15:00+00:00,3.686,3.73,3.6741,3.7252,7778948.5
2025-08-07 11:30:00+00:00,3.7254,3.7254,3.6974,3.7162,4408829.9
2025-08-07 11:45:00+00:00,3.7163,3.7257,3.7081,3.7081,2956298.6
2025-08-07 12:00:00+00:00,3.7082,3.7238,3.7027,3.7143,3787728.3
2025-08-07 12:15:00+00:00,3.7144,3.7399,3.7011,3.7309,8163504.1
2025-08-07 12:30:00+00:00,3.7309,3.7365,3.7206,3.7285,2655833.6
2025-08-07 12:45:00+00:00,3.7285,3.752,3.7113,3.7512,4306390.2
2025-08-07 13:00:00+00:00,3.7513,3.7794,3.7418,3.7734,6782827.7
2025-08-07 13:15:00+00:00,3.7734,3.7787,3.7522,3.7564,4795123.5
2025-08-07 13:30:00+00:00,3.7566,3.7851,3.7532,3.7626,6388631.4
2025-08-07 13:45:00+00:00,3.7625,3.7625,3.7342,3.7511,4001411.8
2025-08-07 14:00:00+00:00,3.7511,3.7566,3.7143,3.7224,4604810.4
2025-08-07 14:15:00+00:00,3.7225,3.7399,3.7184,3.7315,2708056.2
2025-08-07 14:30:00+00:00,3.7316,3.7464,3.7197,3.7307,3338512.6
2025-08-07 14:45:00+00:00,3.7307,3.742,3.719,3.7344,3257683.9
2025-08-07 15:00:00+00:00,3.7337,3.7377,3.7056,3.7108,3464803.4
2025-08-07 15:15:00+00:00,3.7107,3.733,3.7083,3.7217,2508381.5
2025-08-07 15:30:00+00:00,3.7218,3.7359,3.7216,3.7294,1669162.8
2025-08-07 15:45:00+00:00,3.7295,3.7366,3.7205,3.7324,1651063.7
2025-08-07 16:00:00+00:00,3.7323,3.7551,3.7317,3.742,2680705.9
2025-08-07 16:15:00+00:00,3.7419,3.7505,3.7274,3.742,1642514.9
2025-08-07 16:30:00+00:00,3.742,3.7496,3.7138,3.7144,2414074.5
2025-08-07 16:45:00+00:00,3.7144,3.7175,3.6301,3.6732,16133992.3
2025-08-07 17:00:00+00:00,3.6732,3.681,3.6562,3.6617,4193825.4
2025-08-07 17:15:00+00:00,3.6618,3.6718,3.655,3.6578,1904414.9
2025-08-07 17:30:00+00:00,3.6577,3.6729,3.6547,3.6682,1399646.7
2025-08-07 17:45:00+00:00,3.6681,3.6896,3.6655,3.6882,1571561.7
2025-08-07 18:00:00+00:00,3.6882,3.7032,3.6808,3.6827,2574250.4
2025-08-07 18:15:00+00:00,3.6826,3.6968,3.6796,3.6924,946766.1
2025-08-07 18:30:00+00:00,3.6923,3.6941,3.6775,3.6792,1006416.9
2025-08-07 18:45:00+00:00,3.6792,3.6962,3.6776,3.6931,1264818.6
2025-08-07 19:00:00+00:00,3.693,3.6978,3.6842,3.6879,1018785.5
2025-08-07 19:15:00+00:00,3.6878,3.6923,3.6797,3.686,829467.7
2025-08-07 19:30:00+00:00,3.686,3.7102,3.6807,3.7099,2569213.6
2025-08-07 19:45:00+00:00,3.7097,3.7432,3.7096,3.739,6491636.2
2025-08-07 20:00:00+00:00,3.7392,3.743,3.7236,3.7291,3307008.7
2025-08-07 20:15:00+00:00,3.7291,3.7452,3.7259,3.7434,1790772.5
2025-08-07 20:30:00+00:00,3.7434,3.7474,3.7387,3.7439,1110788.1
2025-08-07 20:45:00+00:00,3.7438,3.7484,3.7343,3.7392,1613105.1
2025-08-07 21:00:00+00:00,3.7392,3.7518,3.7385,3.7463,1197866.3
2025-08-07 21:15:00+00:00,3.7463,3.7638,3.744,3.7534,2317392.9
2025-08-07 21:30:00+00:00,3.7534,3.7589,3.733,3.7374,1975344.4
2025-08-07 21:45:00+00:00,3.7373,3.7462,3.719,3.7317,2900111.8
2025-08-07 22:00:00+00:00,3.7317,3.7433,3.731,3.7412,1527586.6
2025-08-07 22:15:00+00:00,3.7411,3.7525,3.7362,3.7438,1406135.4
2025-08-07 22:30:00+00:00,3.7437,3.7491,3.7335,3.7491,1355571.7
2025-08-07 22:45:00+00:00,3.7491,3.7751,3.7477,3.7682,2935809.4
2025-08-07 23:00:00+00:00,3.7683,3.7705,3.7485,3.7498,1721708.5
2025-08-07 23:15:00+00:00,3.7498,3.7534,3.744,3.7453,961969.3
2025-08-07 23:30:00+00:00,3.7453,3.7637,3.7445,3.7637,1330063.0
2025-08-07 23:45:00+00:00,3.7636,3.7942,3.7626,3.7886,2861261.0
2025-08-08 00:00:00+00:00,3.7885,3.7894,3.7468,3.767,3570430.0
2025-08-08 00:15:00+00:00,3.7669,3.7804,3.7308,3.7605,6609704.0
2025-08-08 00:30:00+00:00,3.7604,3.8086,3.7435,3.7688,5817964.0
2025-08-08 00:45:00+00:00,3.7689,3.7861,3.7575,3.7702,3851836.8
2025-08-08 01:00:00+00:00,3.7702,3.7838,3.7312,3.7788,6673095.1
2025-08-08 01:15:00+00:00,3.7787,3.779,3.7383,3.7599,6232638.0
2025-08-08 01:30:00+00:00,3.7597,3.7618,3.7392,3.7436,1762259.6
2025-08-08 01:45:00+00:00,3.7437,3.7566,3.7415,3.753,1284678.2
2025-08-08 02:00:00+00:00,3.753,3.7644,3.7471,3.76,1233171.8
2025-08-08 02:15:00+00:00,3.7602,3.7607,3.7427,3.7476,962074.5
2025-08-08 02:30:00+00:00,3.7476,3.7639,3.7447,3.7623,944117.0
2025-08-08 02:45:00+00:00,3.7623,3.7859,3.7589,3.7622,2083060.3
2025-08-08 03:00:00+00:00,3.7622,3.7807,3.7537,3.7788,1463676.8
2025-08-08 03:15:00+00:00,3.7789,3.8064,3.7715,3.8063,3430264.0
2025-08-08 03:30:00+00:00,3.8064,3.8088,3.7753,3.7757,2696029.5
2025-08-08 03:45:00+00:00,3.7758,3.7762,3.7653,3.7731,1890527.7
2025-08-08 04:00:00+00:00,3.773,3.7748,3.747,3.7541,2025649.9
2025-08-08 04:15:00+00:00,3.7542,3.7714,3.753,3.7709,1163229.0
2025-08-08 04:30:00+00:00,3.7709,3.7882,3.7673,3.7847,1777921.1
2025-08-08 04:45:00+00:00,3.7845,3.7882,3.7685,3.7725,1094697.9
2025-08-08 05:00:00+00:00,3.7726,3.7858,3.7626,3.7854,1767417.1
2025-08-08 05:15:00+00:00,3.7854,3.8028,3.7822,3.7832,2505278.3
2025-08-08 05:30:00+00:00,3.7832,3.7855,3.7691,3.7825,1715822.8
2025-08-08 05:45:00+00:00,3.7825,3.7884,3.7748,3.7792,914676.1
2025-08-08 06:00:00+00:00,3.7792,3.8011,3.7765,3.8009,1848307.6
2025-08-08 06:15:00+00:00,3.8009,3.8089,3.7893,3.7968,2186823.1
2025-08-08 06:30:00+00:00,3.7969,3.8267,3.7954,3.8183,5056301.4
2025-08-08 06:45:00+00:00,3.8184,3.838,3.8115,3.8327,2781990.0
2025-08-08 07:00:00+00:00,3.8328,3.8377,3.8115,3.8315,2655643.6
2025-08-08 07:15:00+00:00,3.8316,3.8773,3.8253,3.8427,6621451.7
2025-08-08 07:30:00+00:00,3.8426,3.8474,3.83,3.8329,2067644.7
2025-08-08 07:45:00+00:00,3.8326,3.8585,3.831,3.852,1837360.6
2025-08-08 08:00:00+00:00,3.852,3.8841,3.849,3.8796,3658295.8
2025-08-08 08:15:00+00:00,3.8796,3.8816,3.8371,3.8434,4095642.1
2025-08-08 08:30:00+00:00,3.8435,3.8442,3.8076,3.8212,4314589.9
2025-08-08 08:45:00+00:00,3.8213,3.8224,3.7959,3.8084,3089425.7
2025-08-08 09:00:00+00:00,3.8084,3.8099,3.785,3.792,3054606.8
2025-08-08 09:15:00+00:00,3.792,3.7995,3.7748,3.7832,2730605.2
2025-08-08 09:30:00+00:00,3.7833,3.7933,3.7764,3.7901,1438874.4
2025-08-08 09:45:00+00:00,3.7902,3.8139,3.7896,3.807,1895020.9
2025-08-08 10:00:00+00:00,3.807,3.8178,3.7974,3.8034,1277121.3
2025-08-08 10:15:00+00:00,3.8035,3.8119,3.7963,3.7975,1100431.7
2025-08-08 10:30:00+00:00,3.7974,3.8128,3.7958,3.8024,967370.1
2025-08-08 10:45:00+00:00,3.8024,3.8033,3.7855,3.8005,1818897.9
2025-08-08 11:00:00+00:00,3.8006,3.816,3.7989,3.8133,991493.0
2025-08-08 11:15:00+00:00,3.8132,3.8215,3.8064,3.8082,1226282.6
2025-08-08 11:30:00+00:00,3.8083,3.8309,3.8082,3.826,1918268.9
2025-08-08 11:45:00+00:00,3.8261,3.8412,3.8251,3.838,1414109.7
2025-08-08 12:00:00+00:00,3.838,3.838,3.8002,3.8149,2493271.4
2025-08-08 12:15:00+00:00,3.815,3.8236,3.8098,3.8168,1401600.3
2025-08-08 12:30:00+00:00,3.8169,3.8211,3.795,3.8012,1406951.0
2025-08-08 12:45:00+00:00,3.8012,3.8061,3.7914,3.7944,1913258.5
2025-08-08 13:00:00+00:00,3.7945,3.8183,3.7941,3.81,1218310.7
2025-08-08 13:15:00+00:00,3.81,3.8278,3.8067,3.8251,1454786.4
2025-08-08 13:30:00+00:00,3.8252,3.8263,3.7963,3.8116,3782205.1
2025-08-08 13:45:00+00:00,3.8117,3.8623,3.8112,3.8613,5856402.4
2025-08-08 14:00:00+00:00,3.8613,3.8798,3.8145,3.825,7688062.4
2025-08-08 14:15:00+00:00,3.8251,3.8309,3.8057,3.8192,3182288.4
2025-08-08 14:30:00+00:00,3.8193,3.8239,3.7657,3.786,6818122.6
2025-08-08 14:45:00+00:00,3.7861,3.8026,3.7801,3.7867,2983081.0
2025-08-08 15:00:00+00:00,3.7868,3.7876,3.741,3.7538,5759695.6
2025-08-08 15:15:00+00:00,3.7538,3.7624,3.7357,3.7456,4280036.8
2025-08-08 15:30:00+00:00,3.7457,3.7488,3.715,3.7205,4781039.9
2025-08-08 15:45:00+00:00,3.7208,3.7562,3.7208,3.75,2802411.8
2025-08-08 16:00:00+00:00,3.75,3.77,3.7449,3.7511,3110826.7
2025-08-08 16:15:00+00:00,3.7512,3.7692,3.7433,3.7629,1798476.1
2025-08-08 16:30:00+00:00,3.7629,3.7698,3.7519,3.755,1158700.7
2025-08-08 16:45:00+00:00,3.755,3.7708,3.7546,3.77,1164756.4
2025-08-08 17:00:00+00:00,3.77,3.8057,3.7642,3.8035,4527774.0
2025-08-08 17:15:00+00:00,3.8036,3.8152,3.7917,3.8106,3118397.8
2025-08-08 17:30:00+00:00,3.8105,3.8502,3.8099,3.8437,4346384.5
2025-08-08 17:45:00+00:00,3.8436,3.8578,3.8316,3.8571,2768997.9
2025-08-08 18:00:00+00:00,3.8572,3.8676,3.8516,3.8606,2434870.2
2025-08-08 18:15:00+00:00,3.8607,3.87,3.836,3.8401,3858995.5
2025-08-08 18:30:00+00:00,3.84,3.8596,3.8232,3.8319,4307585.0
2025-08-08 18:45:00+00:00,3.8318,3.836,3.8218,3.8316,1756713.4
2025-08-08 19:00:00+00:00,3.8315,3.8393,3.8238,3.8307,1332547.5
2025-08-08 19:15:00+00:00,3.8307,3.8566,3.8257,3.8403,3088671.0
2025-08-08 19:30:00+00:00,3.8404,3.8495,3.8319,3.8427,1529390.9
2025-08-08 19:45:00+00:00,3.8426,3.8622,3.8354,3.8589,1553315.9
2025-08-08 20:00:00+00:00,3.8587,3.868,3.8429,3.8469,1569113.5
2025-08-08 20:15:00+00:00,3.8468,3.8613,3.8367,3.8605,1121443.2
2025-08-08 20:30:00+00:00,3.8604,3.878,3.8598,3.8765,1819753.3
2025-08-08 20:45:00+00:00,3.8766,3.882,3.8561,3.8649,2493535.4
2025-08-08 21:00:00+00:00,3.865,3.8707,3.8575,3.8611,1244268.3
2025-08-08 21:15:00+00:00,3.8611,3.8637,3.8487,3.8538,811508.9
2025-08-08 21:30:00+00:00,3.8538,3.8676,3.8538,3.8617,657337.1
2025-08-08 21:45:00+00:00,3.8618,3.8634,3.8551,3.8551,329033.9
2025-08-08 22:00:00+00:00,3.855,3.855,3.8412,3.8541,1726900.2
2025-08-08 22:15:00+00:00,3.8542,3.863,3.8485,3.86,949091.0
2025-08-08 22:30:00+00:00,3.86,3.8617,3.845,3.8489,926675.9
2025-08-08 22:45:00+00:00,3.8489,3.861,3.844,3.8597,1681037.4
2025-08-08 23:00:00+00:00,3.8596,3.865,3.8545,3.8576,597757.4
2025-08-08 23:15:00+00:00,3.8575,3.8582,3.8493,3.8526,454338.8
2025-08-08 23:30:00+00:00,3.8525,3.8527,3.837,3.8388,1183323.1
2025-08-08 23:45:00+00:00,3.8388,3.8449,3.835,3.8386,870989.4
2025-08-09 00:00:00+00:00,3.8386,3.8565,3.8386,3.8551,1203612.7
2025-08-09 00:15:00+00:00,3.8554,3.8559,3.8437,3.8513,1006217.6
2025-08-09 00:30:00+00:00,3.8511,3.8512,3.8383,3.8391,1134319.4
2025-08-09 00:45:00+00:00,3.839,3.8408,3.8278,3.8304,1129745.9
2025-08-09 01:00:00+00:00,3.8303,3.8439,3.8269,3.8361,709213.4
2025-08-09 01:15:00+00:00,3.8361,3.8471,3.8329,3.846,875728.3
2025-08-09 01:30:00+00:00,3.846,3.8816,3.8422,3.8766,2961708.8
2025-08-09 01:45:00+00:00,3.8766,3.8884,3.8612,3.8744,3240922.7
2025-08-09 02:00:00+00:00,3.8744,3.8768,3.8619,3.8702,1474890.9
2025-08-09 02:15:00+00:00,3.87,3.8856,3.8657,3.8829,1333463.3
2025-08-09 02:30:00+00:00,3.883,3.9231,3.8795,3.9192,5893645.1
2025-08-09 02:45:00+00:00,3.9192,3.9372,3.888,3.8884,5371174.8
2025-08-09 03:00:00+00:00,3.8885,3.8948,3.8765,3.8937,2480571.7
2025-08-09 03:15:00+00:00,3.8936,3.9062,3.8925,3.9039,1557460.3
2025-08-09 03:30:00+00:00,3.9039,3.9047,3.8873,3.8909,920816.9
2025-08-09 03:45:00+00:00,3.8909,3.8941,3.875,3.878,1302501.7
2025-08-09 04:00:00+00:00,3.8781,3.8864,3.8688,3.8857,1492459.7
2025-08-09 04:15:00+00:00,3.8856,3.8894,3.8734,3.8834,1086256.6
2025-08-09 04:30:00+00:00,3.8833,3.914,3.8788,3.9011,2148086.9
2025-08-09 04:45:00+00:00,3.901,3.9246,3.8988,3.921,2178391.7
2025-08-09 05:00:00+00:00,3.9211,3.9547,3.9131,3.9459,5921115.7
2025-08-09 05:15:00+00:00,3.9455,3.9801,3.9438,3.9755,5042050.4
2025-08-09 05:30:00+00:00,3.9755,3.9814,3.9527,3.9599,3157199.7
2025-08-09 05:45:00+00:00,3.9598,3.972,3.9376,3.9427,2584002.3
2025-08-09 06:00:00+00:00,3.9428,3.9456,3.8864,3.8972,6896838.3
2025-08-09 06:15:00+00:00,3.8971,3.9099,3.8856,3.9015,3351597.1
2025-08-09 06:30:00+00:00,3.9014,3.9014,3.888,3.8978,2269968.5
2025-08-09 06:45:00+00:00,3.8978,3.9039,3.8943,3.9027,1489506.7
2025-08-09 07:00:00+00:00,3.9027,3.9151,3.9007,3.9109,1991220.0
2025-08-09 07:15:00+00:00,3.9108,3.9166,3.9026,3.9125,1516982.4
2025-08-09 07:30:00+00:00,3.9125,3.9169,3.9015,3.904,1709242.8
2025-08-09 07:45:00+00:00,3.904,3.911,3.8968,3.9096,1168142.7
2025-08-09 08:00:00+00:00,3.9096,3.9258,3.9088,3.9138,2371425.3
2025-08-09 08:15:00+00:00,3.9137,3.9283,3.903,3.9263,1800382.3
2025-08-09 08:30:00+00:00,3.9264,3.9358,3.9164,3.9354,1689622.7
2025-08-09 08:45:00+00:00,3.9354,3.9355,3.9062,3.929,2486264.8
2025-08-09 09:00:00+00:00,3.9291,3.9465,3.922,3.9451,2307326.9
2025-08-09 09:15:00+00:00,3.9451,3.9462,3.9317,3.9387,1702772.8
2025-08-09 09:30:00+00:00,3.9382,3.9489,3.9347,3.9446,1065211.4
2025-08-09 09:45:00+00:00,3.9447,3.9552,3.9392,3.9506,2744414.1
2025-08-09 10:00:00+00:00,3.9505,3.9623,3.9442,3.9569,2509973.2
2025-08-09 10:15:00+00:00,3.957,3.9604,3.9344,3.945,2770459.1
2025-08-09 10:30:00+00:00,3.9451,3.949,3.9321,3.9354,2113686.9
2025-08-09 10:45:00+00:00,3.9354,3.9494,3.9315,3.9358,2915426.0
2025-08-09 11:00:00+00:00,3.9358,3.9376,3.9132,3.9138,2611398.6
2025-08-09 11:15:00+00:00,3.9138,3.9298,3.9132,3.9266,1531668.4
2025-08-09 11:30:00+00:00,3.9265,3.9292,3.9136,3.927,1522836.6
2025-08-09 11:45:00+00:00,3.927,3.9279,3.9105,3.9145,1489702.5
2025-08-09 12:00:00+00:00,3.9145,3.9268,3.9034,3.9258,3215876.8
2025-08-09 12:15:00+00:00,3.9257,3.9543,3.9249,3.9525,2124892.8
2025-08-09 12:30:00+00:00,3.9525,3.9609,3.9361,3.9397,2548542.1
2025-08-09 12:45:00+00:00,3.9397,3.9604,3.939,3.9593,1460582.1
2025-08-09 13:00:00+00:00,3.9593,3.9763,3.9239,3.9273,4275416.9
2025-08-09 13:15:00+00:00,3.9273,3.9619,3.9273,3.952,2688674.6
2025-08-09 13:30:00+00:00,3.9521,3.9532,3.9344,3.945,1995604.4
2025-08-09 13:45:00+00:00,3.9449,3.9459,3.9138,3.9144,2458911.3
2025-08-09 14:00:00+00:00,3.9141,3.9156,3.8744,3.9054,7510068.2
2025-08-09 14:15:00+00:00,3.9053,3.9095,3.885,3.9059,2381544.5
2025-08-09 14:30:00+00:00,3.9059,3.9124,3.895,3.9116,1261117.8
2025-08-09 14:45:00+00:00,3.9116,3.9288,3.8969,3.9285,1958935.6
2025-08-09 15:00:00+00:00,3.9285,3.9448,3.915,3.9256,2879854.7
2025-08-09 15:15:00+00:00,3.9257,3.941,3.8976,3.9056,3808396.9
2025-08-09 15:30:00+00:00,3.9056,3.9155,3.9003,3.9104,1184474.9
2025-08-09 15:45:00+00:00,3.9102,3.9274,3.9022,3.9247,1306164.6
2025-08-09 16:00:00+00:00,3.9248,3.945,3.9242,3.9443,2193956.6
2025-08-09 16:15:00+00:00,3.9444,3.9629,3.9369,3.9475,3475513.1
2025-08-09 16:30:00+00:00,3.9476,3.9493,3.9241,3.9353,2448881.8
2025-08-09 16:45:00+00:00,3.9354,3.9409,3.9116,3.9153,2793701.8
2025-08-09 17:00:00+00:00,3.9153,3.9386,3.9105,3.9294,2011213.3
2025-08-09 17:15:00+00:00,3.9295,3.9468,3.9257,3.9445,1048181.8
2025-08-09 17:30:00+00:00,3.9446,3.9592,3.9371,3.946,1613530.7
2025-08-09 17:45:00+00:00,3.9461,3.9527,3.9368,3.9492,884711.4
2025-08-09 18:00:00+00:00,3.9493,3.9564,3.94,3.9481,1214109.2
2025-08-09 18:15:00+00:00,3.948,3.9618,3.9392,3.9574,1369332.2
2025-08-09 18:30:00+00:00,3.9573,3.96,3.9489,3.9489,852164.2
2025-08-09 18:45:00+00:00,3.9489,3.9629,3.943,3.9561,1032405.3
2025-08-09 19:00:00+00:00,3.9562,3.9774,3.9505,3.9723,1900284.8
2025-08-09 19:15:00+00:00,3.9723,3.9764,3.952,3.965,1610956.7
2025-08-09 19:30:00+00:00,3.9651,3.9668,3.9475,3.9569,1538494.6
2025-08-09 19:45:00+00:00,3.957,3.9622,3.9362,3.9491,1247015.5
2025-08-09 20:00:00+00:00,3.9491,3.9535,3.9389,3.9472,1919563.3
2025-08-09 20:15:00+00:00,3.9472,3.9558,3.9296,3.9544,2209805.0
2025-08-09 20:30:00+00:00,3.9544,3.9634,3.9376,3.9623,2291541.2
2025-08-09 20:45:00+00:00,3.9624,3.9639,3.94,3.9521,1132464.2
2025-08-09 21:00:00+00:00,3.9521,3.9671,3.9416,3.9498,1140001.0
2025-08-09 21:15:00+00:00,3.9498,3.9564,3.9149,3.9165,3218706.0
2025-08-09 21:30:00+00:00,3.9164,3.9261,3.9063,3.9117,2120519.6
2025-08-09 21:45:00+00:00,3.9118,3.9391,3.9118,3.9268,988860.2
2025-08-09 22:00:00+00:00,3.9268,3.9358,3.9208,3.9308,1206054.0
2025-08-09 22:15:00+00:00,3.9307,3.955,3.9307,3.9502,1504503.1
2025-08-09 22:30:00+00:00,3.9501,3.9501,3.9168,3.9204,1800545.5
2025-08-09 22:45:00+00:00,3.9203,3.922,3.8902,3.8947,2931733.0
2025-08-09 23:00:00+00:00,3.8947,3.9101,3.888,3.9024,1812818.2
2025-08-09 23:15:00+00:00,3.9024,3.9049,3.886,3.8869,1339081.5
2025-08-09 23:30:00+00:00,3.8868,3.907,3.885,3.9056,1094853.8
2025-08-09 23:45:00+00:00,3.9055,3.9066,3.8943,3.8968,737938.0
2025-08-10 00:00:00+00:00,3.8969,3.9054,3.89,3.905,1378962.0
2025-08-10 00:15:00+00:00,3.9051,3.9169,3.9019,3.9089,887236.7
2025-08-10 00:30:00+00:00,3.9089,3.9144,3.8978,3.9143,851332.0
2025-08-10 00:45:00+00:00,3.9143,3.9366,3.906,3.9344,1918940.2
2025-08-10 01:00:00+00:00,3.9344,3.9439,3.902,3.9021,3048273.7
2025-08-10 01:15:00+00:00,3.902,3.9206,3.9007,3.9154,1371671.7
2025-08-10 01:30:00+00:00,3.9154,3.9369,3.9106,3.9303,2614467.3
2025-08-10 01:45:00+00:00,3.9303,3.932,3.9134,3.9256,1075427.1
2025-08-10 02:00:00+00:00,3.9259,3.9357,3.9138,3.9218,1130625.7
2025-08-10 02:15:00+00:00,3.922,3.9403,3.9187,3.9319,1515942.5
2025-08-10 02:30:00+00:00,3.9319,3.9323,3.8939,3.8955,2161634.6
2025-08-10 02:45:00+00:00,3.8956,3.9033,3.8921,3.8946,2010273.9
2025-08-10 03:00:00+00:00,3.8945,3.9165,3.882,3.9152,3389004.3
2025-08-10 03:15:00+00:00,3.9151,3.975,3.9012,3.9523,9422484.2
2025-08-10 03:30:00+00:00,3.9523,3.9764,3.9394,3.9691,3913976.1
2025-08-10 03:45:00+00:00,3.969,3.9708,3.9513,3.9563,2050716.7
2025-08-10 04:00:00+00:00,3.9564,3.979,3.9485,3.9739,2283516.5
2025-08-10 04:15:00+00:00,3.9739,3.9993,3.968,3.9989,3463535.7
2025-08-10 04:30:00+00:00,3.9989,4.0,3.976,3.9824,2784962.5
2025-08-10 04:45:00+00:00,3.9823,3.9965,3.977,3.9798,2975637.1
2025-08-10 05:00:00+00:00,3.9796,3.9812,3.9512,3.9526,2969844.3
2025-08-10 05:15:00+00:00,3.9526,3.9531,3.9053,3.9108,5075284.5
2025-08-10 05:30:00+00:00,3.9109,3.9299,3.9087,3.9274,2568134.6
2025-08-10 05:45:00+00:00,3.9274,3.9274,3.8929,3.9039,3776991.3
2025-08-10 06:00:00+00:00,3.904,3.9066,3.8928,3.8928,1605487.7
2025-08-10 06:15:00+00:00,3.8928,3.893,3.8545,3.8611,5320868.7
2025-08-10 06:30:00+00:00,3.8611,3.8775,3.8556,3.8733,1957164.0
2025-08-10 06:45:00+00:00,3.8733,3.8847,3.8661,3.8764,1719325.4
2025-08-10 07:00:00+00:00,3.8765,3.8976,3.8758,3.893,1531433.1
2025-08-10 07:15:00+00:00,3.8929,3.9067,3.8765,3.8795,2059270.8
2025-08-10 07:30:00+00:00,3.8796,3.8825,3.807,3.8108,9984032.1
2025-08-10 07:45:00+00:00,3.8109,3.8342,3.8,3.8235,4267634.9
2025-08-10 08:00:00+00:00,3.8235,3.8241,3.78,3.8031,7975605.4
2025-08-10 08:15:00+00:00,3.8031,3.8339,3.8014,3.8309,3335608.5
2025-08-10 08:30:00+00:00,3.8309,3.8436,3.825,3.8399,2613340.5
2025-08-10 08:45:00+00:00,3.8398,3.8598,3.8385,3.8468,1959569.7
2025-08-10 09:00:00+00:00,3.8467,3.856,3.8334,3.835,1493049.1
2025-08-10 09:15:00+00:00,3.8349,3.8525,3.8341,3.8431,1151647.4
2025-08-10 09:30:00+00:00,3.843,3.8497,3.8356,3.838,1387134.1
2025-08-10 09:45:00+00:00,3.838,3.8497,3.8275,3.8314,1114690.8
2025-08-10 10:00:00+00:00,3.8314,3.8359,3.8211,3.8238,1475651.5
2025-08-10 10:15:00+00:00,3.8237,3.8292,3.8068,3.8084,2330193.3
2025-08-10 10:30:00+00:00,3.8084,3.8144,3.7892,3.8122,2516518.6
2025-08-10 10:45:00+00:00,3.8123,3.8208,3.7929,3.7935,1427977.6
2025-08-10 11:00:00+00:00,3.7935,3.8037,3.7869,3.8034,1776393.1
2025-08-10 11:15:00+00:00,3.8034,3.8147,3.7856,3.8135,2213915.7
2025-08-10 11:30:00+00:00,3.8135,3.828,3.8062,3.8194,2292060.2
2025-08-10 11:45:00+00:00,3.8194,3.8244,3.8002,3.8034,1294552.1
2025-08-10 12:00:00+00:00,3.8033,3.8191,3.8015,3.811,1259472.1
2025-08-10 12:15:00+00:00,3.8111,3.8162,3.8016,3.808,1253700.8
2025-08-10 12:30:00+00:00,3.808,3.8282,3.8027,3.822,1113670.2
2025-08-10 12:45:00+00:00,3.822,3.8325,3.8121,3.8258,1270652.1
2025-08-10 13:00:00+00:00,3.8258,3.8408,3.8215,3.8343,1175577.6
2025-08-10 13:15:00+00:00,3.8343,3.8482,3.8263,3.8386,1496193.0
2025-08-10 13:30:00+00:00,3.8387,3.8444,3.8189,3.824,1919457.1
2025-08-10 13:45:00+00:00,3.824,3.8292,3.8002,3.802,1718461.0
2025-08-10 14:00:00+00:00,3.802,3.8241,3.7921,3.8218,2242353.8
2025-08-10 14:15:00+00:00,3.8218,3.8402,3.8177,3.8288,2853118.8
2025-08-10 14:30:00+00:00,3.8289,3.8554,3.8256,3.8545,3133928.2
2025-08-10 14:45:00+00:00,3.8545,3.8572,3.8319,3.85,2414953.1
2025-08-10 15:00:00+00:00,3.85,3.8599,3.8411,3.8558,2583066.0
2025-08-10 15:15:00+00:00,3.8557,3.8646,3.8426,3.8573,2032937.7
2025-08-10 15:30:00+00:00,3.8573,3.8586,3.8381,3.8567,1670918.2
2025-08-10 15:45:00+00:00,3.8565,3.8676,3.8508,3.86,1533411.4
2025-08-10 16:00:00+00:00,3.86,3.895,3.8572,3.88,4686330.1
2025-08-10 16:15:00+00:00,3.88,3.8909,3.8722,3.8775,2127082.3
2025-08-10 16:30:00+00:00,3.8776,3.8846,3.8718,3.8751,1272941.3
2025-08-10 16:45:00+00:00,3.8751,3.8823,3.8502,3.8671,3947590.9
2025-08-10 17:00:00+00:00,3.867,3.8772,3.8612,3.864,1781202.4
2025-08-10 17:15:00+00:00,3.8642,3.8673,3.85,3.8546,1134686.6
2025-08-10 17:30:00+00:00,3.8546,3.8703,3.8532,3.8617,693724.9
2025-08-10 17:45:00+00:00,3.8617,3.872,3.8547,3.8596,587299.3
2025-08-10 18:00:00+00:00,3.8597,3.8792,3.8584,3.8749,1052275.4
2025-08-10 18:15:00+00:00,3.8749,3.8762,3.8636,3.8668,1241686.2
2025-08-10 18:30:00+00:00,3.8668,3.8741,3.863,3.8693,510219.2
2025-08-10 18:45:00+00:00,3.8692,3.8806,3.865,3.8796,849913.7
2025-08-10 19:00:00+00:00,3.8796,3.8898,3.8747,3.8888,1274973.7
2025-08-10 19:15:00+00:00,3.8888,3.8908,3.8767,3.8871,597983.9
2025-08-10 19:30:00+00:00,3.8871,3.8937,3.8857,3.8884,985699.8
2025-08-10 19:45:00+00:00,3.8885,3.8938,3.8857,3.8906,506438.9
2025-08-10 20:00:00+00:00,3.8907,3.8962,3.862,3.8748,1861610.3
2025-08-10 20:15:00+00:00,3.8748,3.8785,3.8421,3.8589,4022933.3
2025-08-10 20:30:00+00:00,3.8589,3.8728,3.85,3.8715,1105797.9
2025-08-10 20:45:00+00:00,3.8715,3.8736,3.8607,3.8615,634962.5
2025-08-10 21:00:00+00:00,3.8615,3.862,3.8334,3.8415,1992314.0
2025-08-10 21:15:00+00:00,3.8412,3.8584,3.8384,3.8401,895152.3
2025-08-10 21:30:00+00:00,3.8401,3.8406,3.817,3.8235,2289745.7
2025-08-10 21:45:00+00:00,3.8234,3.8471,3.8229,3.8469,1089660.6
2025-08-10 22:00:00+00:00,3.8469,3.8525,3.8385,3.8496,1160058.9
2025-08-10 22:15:00+00:00,3.8497,3.8586,3.8468,3.8499,731283.4
2025-08-10 22:30:00+00:00,3.85,3.86,3.8496,3.8592,719763.1
2025-08-10 22:45:00+00:00,3.8592,3.8648,3.8482,3.8648,985178.0
2025-08-10 23:00:00+00:00,3.8649,3.8791,3.8566,3.8568,1755665.4
2025-08-10 23:15:00+00:00,3.8567,3.8603,3.8468,3.86,667685.5
2025-08-10 23:30:00+00:00,3.86,3.8734,3.8581,3.8707,997951.5
2025-08-10 23:45:00+00:00,3.8708,3.8798,3.869,3.8744,679210.9
2025-08-11 00:00:00+00:00,3.8745,3.8792,3.854,3.8628,1421743.9
2025-08-11 00:15:00+00:00,3.8629,3.8898,3.8596,3.8894,1563508.3
2025-08-11 00:30:00+00:00,3.8894,3.8897,3.8661,3.8746,1285391.8
2025-08-11 00:45:00+00:00,3.8745,3.8782,3.8602,3.8602,891810.1
2025-08-11 01:00:00+00:00,3.8601,3.8811,3.8524,3.88,1701137.8
2025-08-11 01:15:00+00:00,3.8795,3.8959,3.8714,3.8929,1736266.6
2025-08-11 01:30:00+00:00,3.8929,3.9224,3.8927,3.9209,4282960.7
2025-08-11 01:45:00+00:00,3.921,3.9231,3.906,3.9157,1781333.3
2025-08-11 02:00:00+00:00,3.9156,3.9546,3.9133,3.9447,5822402.4
2025-08-11 02:15:00+00:00,3.9447,3.9614,3.9386,3.9546,3862558.4
2025-08-11 02:30:00+00:00,3.9547,3.9779,3.9496,3.9726,2681933.2
2025-08-11 02:45:00+00:00,3.9726,3.9773,3.9556,3.956,2034294.7
2025-08-11 03:00:00+00:00,3.956,3.9587,3.9312,3.9481,3647872.8
2025-08-11 03:15:00+00:00,3.9481,3.9549,3.9342,3.9435,1537750.8
2025-08-11 03:30:00+00:00,3.9436,3.954,3.9392,3.9415,1440221.5
2025-08-11 03:45:00+00:00,3.9414,3.9626,3.94,3.9599,1422500.5
2025-08-11 04:00:00+00:00,3.96,3.9669,3.9517,3.9644,1705813.6
2025-08-11 04:15:00+00:00,3.9643,3.9717,3.9526,3.9527,1600023.6
2025-08-11 04:30:00+00:00,3.9526,3.9541,3.9385,3.943,1720388.1
2025-08-11 04:45:00+00:00,3.9427,3.9504,3.9301,3.9375,2346878.4
2025-08-11 05:00:00+00:00,3.9374,3.9652,3.9346,3.9625,1930015.7
2025-08-11 05:15:00+00:00,3.9625,3.963,3.9441,3.9457,1524547.4
2025-08-11 05:30:00+00:00,3.9457,3.953,3.9406,3.9477,1501468.9
2025-08-11 05:45:00+00:00,3.9476,3.9504,3.9376,3.9454,1692181.3
2025-08-11 06:00:00+00:00,3.9454,3.9513,3.9334,3.9386,1269188.0
2025-08-11 06:15:00+00:00,3.9385,3.9416,3.925,3.9313,1795721.4
2025-08-11 06:30:00+00:00,3.9312,3.9356,3.9232,3.9306,1403693.8
2025-08-11 06:45:00+00:00,3.9306,3.9368,3.9245,3.9315,1465654.5
2025-08-11 07:00:00+00:00,3.9315,3.9411,3.9233,3.9281,1333688.5
2025-08-11 07:15:00+00:00,3.9281,3.9301,3.883,3.8888,5747129.2
2025-08-11 07:30:00+00:00,3.8888,3.8908,3.8582,3.8649,4330586.4
2025-08-11 07:45:00+00:00,3.8649,3.8655,3.83,3.8315,5652802.0
2025-08-11 08:00:00+00:00,3.8315,3.8415,3.8124,3.8408,4564457.6
2025-08-11 08:15:00+00:00,3.8408,3.8504,3.8365,3.8493,4163233.1
2025-08-11 08:30:00+00:00,3.8493,3.8658,3.8435,3.8548,3812059.0
2025-08-11 08:45:00+00:00,3.8548,3.8701,3.8482,3.8674,1651321.0
2025-08-11 09:00:00+00:00,3.8674,3.8713,3.8545,3.8626,1882269.5
2025-08-11 09:15:00+00:00,3.8625,3.8625,3.8401,3.8481,1661691.7
2025-08-11 09:30:00+00:00,3.8481,3.8618,3.8356,3.8462,1655528.2
2025-08-11 09:45:00+00:00,3.8462,3.8493,3.8229,3.8348,2217282.1
2025-08-11 10:00:00+00:00,3.8348,3.8364,3.8082,3.8163,3363896.4
2025-08-11 10:15:00+00:00,3.8162,3.8283,3.8,3.8241,3184556.2
2025-08-11 10:30:00+00:00,3.824,3.8262,3.8064,3.8159,1744196.4
2025-08-11 10:45:00+00:00,3.8159,3.8194,3.8007,3.8061,2295652.7
2025-08-11 11:00:00+00:00,3.8062,3.8111,3.77,3.7742,6082611.3
2025-08-11 11:15:00+00:00,3.7742,3.7767,3.7351,3.7374,9845118.2
2025-08-11 11:30:00+00:00,3.7374,3.7689,3.7328,3.7672,4802626.2
2025-08-11 11:45:00+00:00,3.7671,3.768,3.7105,3.7242,9371434.2
2025-08-11 12:00:00+00:00,3.7241,3.7393,3.7151,3.7267,4197080.7
2025-08-11 12:15:00+00:00,3.7267,3.7395,3.7216,3.7347,2263417.1
2025-08-11 12:30:00+00:00,3.7348,3.7434,3.708,3.716,8673944.3
2025-08-11 12:45:00+00:00,3.7159,3.7285,3.7094,3.726,2947392.9
2025-08-11 13:00:00+00:00,3.7261,3.7273,3.6911,3.6993,5371301.4
2025-08-11 13:15:00+00:00,3.6993,3.7176,3.6981,3.705,3004462.8
2025-08-11 13:30:00+00:00,3.705,3.7614,3.7032,3.7594,7379002.9
2025-08-11 13:45:00+00:00,3.7594,3.7695,3.7443,3.7603,4855579.3
2025-08-11 14:00:00+00:00,3.7604,3.7765,3.7324,3.7462,6538858.8
2025-08-11 14:15:00+00:00,3.746,3.7538,3.7343,3.7462,2942168.4
2025-08-11 14:30:00+00:00,3.7464,3.777,3.7405,3.7408,4594024.2
2025-08-11 14:45:00+00:00,3.7409,3.7487,3.7246,3.7384,2888788.4
2025-08-11 15:00:00+00:00,3.7385,3.7429,3.7084,3.7128,5219148.9
2025-08-11 15:15:00+00:00,3.7128,3.7274,3.6976,3.6991,6365536.6
2025-08-11 15:30:00+00:00,3.6991,3.7319,3.6966,3.7317,4542199.5
2025-08-11 15:45:00+00:00,3.7317,3.7372,3.7192,3.7328,2534724.1
2025-08-11 16:00:00+00:00,3.7329,3.7793,3.7284,3.7604,6565948.9
2025-08-11 16:15:00+00:00,3.7607,3.7719,3.7372,3.7457,3597824.9
2025-08-11 16:30:00+00:00,3.7457,3.7544,3.7126,3.7143,3780231.0
2025-08-11 16:45:00+00:00,3.7144,3.7347,3.7117,3.7228,2456083.7
2025-08-11 17:00:00+00:00,3.7227,3.7389,3.7147,3.7256,1685388.3
2025-08-11 17:15:00+00:00,3.7254,3.7351,3.7056,3.7284,2460661.3
2025-08-11 17:30:00+00:00,3.7285,3.7291,3.7066,3.7148,1530258.3
2025-08-11 17:45:00+00:00,3.7148,3.7149,3.6984,3.7081,1810048.1
2025-08-11 18:00:00+00:00,3.7082,3.7093,3.6679,3.695,6367214.2
2025-08-11 18:15:00+00:00,3.6948,3.7105,3.6872,3.7077,1990136.6
2025-08-11 18:30:00+00:00,3.7079,3.7233,3.7069,3.7069,1926433.4
2025-08-11 18:45:00+00:00,3.7069,3.7202,3.7026,3.7073,1200208.3
2025-08-11 19:00:00+00:00,3.7073,3.7147,3.7028,3.7055,1278882.6
2025-08-11 19:15:00+00:00,3.7056,3.7175,3.6994,3.7121,889191.8
2025-08-11 19:30:00+00:00,3.712,3.7143,3.6999,3.7033,1428261.9
2025-08-11 19:45:00+00:00,3.7034,3.7063,3.6694,3.6978,3933668.6
2025-08-11 20:00:00+00:00,3.6978,3.6992,3.6788,3.6808,2195968.7
2025-08-11 20:15:00+00:00,3.6808,3.6943,3.6737,3.6923,1327360.8
2025-08-11 20:30:00+00:00,3.6924,3.6981,3.6805,3.6956,1317231.2
2025-08-11 20:45:00+00:00,3.6957,3.6991,3.688,3.6945,931475.4
2025-08-11 21:00:00+00:00,3.6944,3.7054,3.6919,3.7001,1225925.5
2025-08-11 21:15:00+00:00,3.7,3.7027,3.6803,3.6808,1756382.0
2025-08-11 21:30:00+00:00,3.6808,3.681,3.635,3.6572,6873884.6
2025-08-11 21:45:00+00:00,3.6571,3.6602,3.6325,3.6577,2312357.3
2025-08-11 22:00:00+00:00,3.6577,3.6604,3.6311,3.6387,2427463.9
2025-08-11 22:15:00+00:00,3.6387,3.6469,3.6194,3.631,2667388.1
2025-08-11 22:30:00+00:00,3.631,3.6493,3.6219,3.6486,3044256.1
2025-08-11 22:45:00+00:00,3.6485,3.6511,3.6413,3.651,1546399.7
2025-08-11 23:00:00+00:00,3.6509,3.6594,3.645,3.6581,1638764.7
2025-08-11 23:15:00+00:00,3.6579,3.659,3.6444,3.6474,989936.1
2025-08-11 23:30:00+00:00,3.6475,3.6584,3.6471,3.6574,750675.2
2025-08-11 23:45:00+00:00,3.6574,3.6608,3.6511,3.6517,967838.0
2025-08-12 00:00:00+00:00,3.6516,3.6695,3.6478,3.6687,1613814.6
2025-08-12 00:15:00+00:00,3.6686,3.6849,3.6686,3.6778,2165192.9
2025-08-12 00:30:00+00:00,3.6779,3.6855,3.6674,3.6841,1110098.9
2025-08-12 00:45:00+00:00,3.6841,3.6984,3.6806,3.6912,2176133.4
2025-08-12 01:00:00+00:00,3.6911,3.6947,3.6795,3.6812,1619691.2
2025-08-12 01:15:00+00:00,3.6812,3.6979,3.6766,3.6952,1789674.3
2025-08-12 01:30:00+00:00,3.6951,3.6965,3.6879,3.6953,843768.4
2025-08-12 01:45:00+00:00,3.6953,3.698,3.6869,3.695,744716.2
2025-08-12 02:00:00+00:00,3.6951,3.6994,3.6886,3.693,1034238.8
2025-08-12 02:15:00+00:00,3.693,3.6951,3.6874,3.6931,945019.2
2025-08-12 02:30:00+00:00,3.6931,3.7139,3.6914,3.71,2717163.8
2025-08-12 02:45:00+00:00,3.7099,3.711,3.6889,3.6892,1190516.8
2025-08-12 03:00:00+00:00,3.6893,3.6962,3.6787,3.682,1324420.0
2025-08-12 03:15:00+00:00,3.682,3.684,3.6732,3.6796,1284925.0
2025-08-12 03:30:00+00:00,3.6795,3.6906,3.679,3.6834,1041935.2
2025-08-12 03:45:00+00:00,3.6834,3.6862,3.674,3.6759,1040478.3
2025-08-12 04:00:00+00:00,3.6758,3.6842,3.6703,3.6823,1377779.4
2025-08-12 04:15:00+00:00,3.6823,3.6891,3.6787,3.689,821398.2
2025-08-12 04:30:00+00:00,3.689,3.6982,3.685,3.6961,1146778.8
2025-08-12 04:45:00+00:00,3.6961,3.7019,3.6927,3.7004,865781.4
2025-08-12 05:00:00+00:00,3.7004,3.7005,3.6742,3.6894,2348717.1
2025-08-12 05:15:00+00:00,3.6894,3.6901,3.6551,3.658,2487882.4
2025-08-12 05:30:00+00:00,3.6581,3.6614,3.6491,3.6531,1602617.9
2025-08-12 05:45:00+00:00,3.6531,3.6691,3.6529,3.6647,1118790.5
2025-08-12 06:00:00+00:00,3.6647,3.6699,3.6487,3.65,1382044.5
2025-08-12 06:15:00+00:00,3.6501,3.6785,3.6363,3.6763,2495967.6
2025-08-12 06:30:00+00:00,3.6765,3.6793,3.6626,3.6721,1183987.3
2025-08-12 06:45:00+00:00,3.6722,3.6775,3.6602,3.6637,1232943.2
2025-08-12 07:00:00+00:00,3.6638,3.6859,3.6633,3.6832,1052748.0
2025-08-12 07:15:00+00:00,3.6833,3.688,3.6796,3.6846,984304.8
2025-08-12 07:30:00+00:00,3.6846,3.6879,3.6768,3.6779,1337907.6
2025-08-12 07:45:00+00:00,3.6778,3.6845,3.6752,3.681,929432.3
2025-08-12 08:00:00+00:00,3.681,3.682,3.6619,3.6675,1324712.1
2025-08-12 08:15:00+00:00,3.6676,3.672,3.6571,3.659,1002364.7
2025-08-12 08:30:00+00:00,3.659,3.6846,3.655,3.6845,1341278.3
2025-08-12 08:45:00+00:00,3.6845,3.6906,3.6687,3.6706,1547861.3
2025-08-12 09:00:00+00:00,3.6707,3.6731,3.6483,3.6486,2112415.3
2025-08-12 09:15:00+00:00,3.6486,3.6629,3.6474,3.6622,1730984.9
2025-08-12 09:30:00+00:00,3.6621,3.6621,3.6443,3.6509,1163327.4
2025-08-12 09:45:00+00:00,3.6508,3.6542,3.6375,3.6392,1539355.5
2025-08-12 10:00:00+00:00,3.6392,3.643,3.6153,3.624,3662672.3
2025-08-12 10:15:00+00:00,3.624,3.6368,3.6169,3.6306,1492933.2
2025-08-12 10:30:00+00:00,3.6306,3.637,3.61,3.6192,1847049.4
2025-08-12 10:45:00+00:00,3.6192,3.6307,3.6192,3.6243,866603.9
2025-08-12 11:00:00+00:00,3.6243,3.6295,3.5999,3.6123,3906899.7
2025-08-12 11:15:00+00:00,3.6116,3.6294,3.6111,3.6293,1699057.2
2025-08-12 11:30:00+00:00,3.6293,3.6424,3.6241,3.6241,2195487.6
2025-08-12 11:45:00+00:00,3.6241,3.6453,3.6234,3.6411,1278906.3
2025-08-12 12:00:00+00:00,3.641,3.6447,3.63,3.632,1179864.9
2025-08-12 12:15:00+00:00,3.632,3.6597,3.6257,3.6571,1636778.0
2025-08-12 12:30:00+00:00,3.6574,3.7462,3.6574,3.7376,15515144.7
2025-08-12 12:45:00+00:00,3.7377,3.7547,3.7242,3.7397,5245890.8
2025-08-12 13:00:00+00:00,3.7398,3.7428,3.7021,3.7311,5335463.2
2025-08-12 13:15:00+00:00,3.7311,3.7848,3.7252,3.7751,13219052.7
2025-08-12 13:30:00+00:00,3.7751,3.7845,3.7515,3.7588,6253198.9
2025-08-12 13:45:00+00:00,3.7583,3.7702,3.7226,3.7502,7817713.9
2025-08-12 14:00:00+00:00,3.7503,3.77,3.7464,3.7595,3013423.5
2025-08-12 14:15:00+00:00,3.7595,3.7636,3.7332,3.7592,3022085.5
2025-08-12 14:30:00+00:00,3.7593,3.769,3.7471,3.769,1873189.7
2025-08-12 14:45:00+00:00,3.769,3.7892,3.7527,3.7873,3654681.2
2025-08-12 15:00:00+00:00,3.7872,3.8085,3.7764,3.7765,4385262.0
2025-08-12 15:15:00+00:00,3.7765,3.8052,3.7763,3.8052,2369640.4
2025-08-12 15:30:00+00:00,3.8051,3.8164,3.79,3.7938,3319745.3
2025-08-12 15:45:00+00:00,3.7937,3.8114,3.7865,3.807,2123843.1
2025-08-12 16:00:00+00:00,3.807,3.8127,3.7922,3.7976,3881278.0
2025-08-12 16:15:00+00:00,3.7975,3.811,3.7836,3.8099,4138028.6
2025-08-12 16:30:00+00:00,3.8099,3.8274,3.8037,3.8192,3429677.6
2025-08-12 16:45:00+00:00,3.8193,3.8406,3.8181,3.8376,2944905.5
2025-08-12 17:00:00+00:00,3.8377,3.8528,3.8346,3.8416,3851182.9
2025-08-12 17:15:00+00:00,3.842,3.8687,3.8306,3.8398,6132548.4
2025-08-12 17:30:00+00:00,3.8396,3.8477,3.8269,3.8347,2264897.8
2025-08-12 17:45:00+00:00,3.8348,3.8384,3.8206,3.8267,2693149.0
2025-08-12 18:00:00+00:00,3.8267,3.8706,3.8203,3.8691,3699248.4
2025-08-12 18:15:00+00:00,3.8691,3.9049,3.8673,3.8898,9858987.4
2025-08-12 18:30:00+00:00,3.8898,3.9025,3.8717,3.879,2777653.3
2025-08-12 18:45:00+00:00,3.8793,3.8848,3.8506,3.8581,2418807.1
2025-08-12 19:00:00+00:00,3.8582,3.875,3.8537,3.8725,1807186.5
2025-08-12 19:15:00+00:00,3.8725,3.8915,3.8725,3.887,1381646.0
2025-08-12 19:30:00+00:00,3.8869,3.8967,3.8745,3.8839,1805005.5
2025-08-12 19:45:00+00:00,3.8839,3.9066,3.8815,3.9048,2170742.0
2025-08-12 20:00:00+00:00,3.905,3.9086,3.8827,3.8997,2346086.4
2025-08-12 20:15:00+00:00,3.8997,3.9333,3.8981,3.9136,6222858.2
2025-08-12 20:30:00+00:00,3.9135,3.92,3.901,3.9109,2300012.3
2025-08-12 20:45:00+00:00,3.9108,3.9195,3.9037,3.9162,1433612.1
2025-08-12 21:00:00+00:00,3.9163,3.9177,3.8934,3.9054,2825402.6
2025-08-12 21:15:00+00:00,3.9053,3.9063,3.893,3.9005,1524172.4
2025-08-12 21:30:00+00:00,3.9005,3.91,3.8862,3.9003,2226565.0
2025-08-12 21:45:00+00:00,3.9003,3.9044,3.8774,3.8874,2573243.4
2025-08-12 22:00:00+00:00,3.8874,3.8934,3.8635,3.871,3446077.8
2025-08-12 22:15:00+00:00,3.8708,3.8874,3.8697,3.8808,1474338.3
2025-08-12 22:30:00+00:00,3.8808,3.8877,3.8752,3.8759,999421.7
2025-08-12 22:45:00+00:00,3.8759,3.8846,3.8692,3.8837,808276.1
2025-08-12 23:00:00+00:00,3.8837,3.8902,3.874,3.8743,909818.7
2025-08-12 23:15:00+00:00,3.8743,3.8901,3.8696,3.888,1059092.7
2025-08-12 23:30:00+00:00,3.888,3.8941,3.8734,3.8886,1126771.6
2025-08-12 23:45:00+00:00,3.8885,3.8925,3.8736,3.8825,992870.0
2025-08-13 00:00:00+00:00,3.8824,3.8906,3.8709,3.8905,1812890.2
2025-08-13 00:15:00+00:00,3.8905,3.8975,3.8828,3.8887,1008243.1
2025-08-13 00:30:00+00:00,3.8886,3.9102,3.8872,3.9011,2208855.6
2025-08-13 00:45:00+00:00,3.9008,3.9102,3.8855,3.8859,1504683.3
2025-08-13 01:00:00+00:00,3.886,3.887,3.8362,3.8393,6076092.5
2025-08-13 01:15:00+00:00,3.8393,3.8588,3.8393,3.8579,2607259.6
2025-08-13 01:30:00+00:00,3.858,3.8601,3.8217,3.827,2550446.2
2025-08-13 01:45:00+00:00,3.8269,3.8463,3.8269,3.8427,1831848.6
2025-08-13 02:00:00+00:00,3.8426,3.8426,3.818,3.8197,1943766.4
2025-08-13 02:15:00+00:00,3.8196,3.8309,3.8153,3.8301,2283170.9
2025-08-13 02:30:00+00:00,3.83,3.861,3.8211,3.8601,2469673.4
2025-08-13 02:45:00+00:00,3.86,3.8858,3.8546,3.8849,2583499.7
2025-08-13 03:00:00+00:00,3.8849,3.903,3.8628,3.8709,3440346.7
2025-08-13 03:15:00+00:00,3.8708,3.9023,3.8703,3.8928,2086547.4
2025-08-13 03:30:00+00:00,3.8928,3.9244,3.8841,3.9192,2824613.8
2025-08-13 03:45:00+00:00,3.9192,3.9278,3.9064,3.9071,2785079.7
2025-08-13 04:00:00+00:00,3.9071,3.9351,3.9026,3.9216,3268336.8
2025-08-13 04:15:00+00:00,3.9218,3.9379,3.9132,3.9134,2176797.9
2025-08-13 04:30:00+00:00,3.9137,3.9269,3.8938,3.9042,3397120.9
2025-08-13 04:45:00+00:00,3.9043,3.9159,3.8937,3.9118,1594215.0
2025-08-13 05:00:00+00:00,3.9118,3.9159,3.9023,3.9098,1218221.1
2025-08-13 05:15:00+00:00,3.9099,3.9105,3.8943,3.9058,1320491.2
2025-08-13 05:30:00+00:00,3.9057,3.9083,3.8791,3.8811,2573241.0
2025-08-13 05:45:00+00:00,3.8811,3.8876,3.8553,3.8585,3567702.8
2025-08-13 06:00:00+00:00,3.8584,3.8739,3.8417,3.8712,3651835.8
2025-08-13 06:15:00+00:00,3.8711,3.8711,3.8428,3.8475,2092453.8
2025-08-13 06:30:00+00:00,3.8475,3.8646,3.8475,3.8496,2009492.6
2025-08-13 06:45:00+00:00,3.8496,3.8757,3.8488,3.8563,1706168.5
2025-08-13 07:00:00+00:00,3.8563,3.8752,3.855,3.8645,1612391.9
2025-08-13 07:15:00+00:00,3.8644,3.88,3.8617,3.879,1565190.1
2025-08-13 07:30:00+00:00,3.8791,3.8825,3.8639,3.8807,1222263.3
2025-08-13 07:45:00+00:00,3.8807,3.9077,3.8755,3.9063,2250385.6
2025-08-13 08:00:00+00:00,3.9063,3.9365,3.9033,3.9364,5026839.9
2025-08-13 08:15:00+00:00,3.9364,3.9581,3.921,3.9578,6149328.6
2025-08-13 08:30:00+00:00,3.9576,3.969,3.9409,3.9424,5613190.4
2025-08-13 08:45:00+00:00,3.9423,3.9552,3.9323,3.9548,2778997.3
2025-08-13 09:00:00+00:00,3.9549,3.9677,3.9492,3.9661,2604694.6
2025-08-13 09:15:00+00:00,3.966,3.9727,3.9482,3.9612,3995084.3
2025-08-13 09:30:00+00:00,3.9613,4.0,3.9485,3.9716,5924068.2
2025-08-13 09:45:00+00:00,3.9716,3.9968,3.97,3.9934,3739822.5
2025-08-13 10:00:00+00:00,3.9934,3.9946,3.9808,3.9875,4250724.6
2025-08-13 10:15:00+00:00,3.9875,4.07,3.9854,4.0665,11605426.7
2025-08-13 10:30:00+00:00,4.0664,4.0665,4.0329,4.05,5681475.6
2025-08-13 10:45:00+00:00,4.05,4.05,4.0299,4.0319,2741696.5
2025-08-13 11:00:00+00:00,4.032,4.0384,4.0208,4.0343,3201597.7
2025-08-13 11:15:00+00:00,4.0344,4.0405,4.0135,4.0263,3038102.3
2025-08-13 11:30:00+00:00,4.0264,4.044,4.0251,4.0394,2652430.3
2025-08-13 11:45:00+00:00,4.0392,4.055,4.036,4.0396,2818593.1
2025-08-13 12:00:00+00:00,4.0396,4.0573,4.0317,4.0451,2419199.1
2025-08-13 12:15:00+00:00,4.0451,4.0736,4.0418,4.0536,3952816.7
2025-08-13 12:30:00+00:00,4.0536,4.0591,4.0331,4.0453,2497127.4
2025-08-13 12:45:00+00:00,4.0453,4.0463,4.0135,4.0172,4990774.2
2025-08-13 13:00:00+00:00,4.0172,4.0365,4.012,4.0298,2954505.9
2025-08-13 13:15:00+00:00,4.0298,4.0673,4.0285,4.0603,4354706.5
2025-08-13 13:30:00+00:00,4.0603,4.0734,3.9805,4.0018,11358315.9
2025-08-13 13:45:00+00:00,4.0022,4.0484,3.9971,4.0203,8972659.9
2025-08-13 14:00:00+00:00,4.0204,4.028,3.9979,4.0041,4113668.8
2025-08-13 14:15:00+00:00,4.004,4.0075,3.9265,3.9716,16071751.6
2025-08-13 14:30:00+00:00,3.9716,3.9867,3.945,3.9819,4926876.9
2025-08-13 14:45:00+00:00,3.9819,3.9853,3.9296,3.9352,6351066.7
2025-08-13 15:00:00+00:00,3.9353,3.9584,3.9052,3.9349,7329510.1
2025-08-13 15:15:00+00:00,3.9348,3.9452,3.9094,3.9241,4494846.7
2025-08-13 15:30:00+00:00,3.9241,3.9631,3.9116,3.9552,5264753.8
2025-08-13 15:45:00+00:00,3.9553,3.9553,3.9353,3.9489,2012957.2
2025-08-13 16:00:00+00:00,3.9493,3.9647,3.9441,3.9632,2406836.0
2025-08-13 16:15:00+00:00,3.9632,3.988,3.9615,3.9823,4145841.9
2025-08-13 16:30:00+00:00,3.9823,3.9835,3.9382,3.9433,3924487.6
2025-08-13 16:45:00+00:00,3.9432,3.9604,3.939,3.9589,2070378.1
2025-08-13 17:00:00+00:00,3.9589,3.9773,3.9536,3.9709,2334516.2
2025-08-13 17:15:00+00:00,3.9709,3.9909,3.9692,3.9889,2303687.6
2025-08-13 17:30:00+00:00,3.9889,3.9913,3.972,3.9855,1799798.7
2025-08-13 17:45:00+00:00,3.9856,3.9995,3.9826,3.9895,1636325.9
2025-08-13 18:00:00+00:00,3.9895,4.0061,3.9874,4.0039,2203285.9
2025-08-13 18:15:00+00:00,4.0038,4.0067,3.965,3.9677,3265393.0
2025-08-13 18:30:00+00:00,3.9677,3.9855,3.9502,3.9689,4573800.6
2025-08-13 18:45:00+00:00,3.9688,3.9828,3.9618,3.9777,1304236.1
2025-08-13 19:00:00+00:00,3.9778,3.9862,3.9653,3.9693,2480895.2
2025-08-13 19:15:00+00:00,3.9692,3.9975,3.968,3.9974,2040127.6
2025-08-13 19:30:00+00:00,3.9975,3.9984,3.979,3.9806,1562497.7
2025-08-13 19:45:00+00:00,3.9808,3.9929,3.9808,3.9901,1707242.8
2025-08-13 20:00:00+00:00,3.99,3.994,3.9688,3.98,1240104.8
2025-08-13 20:15:00+00:00,3.9799,3.9847,3.9606,3.9694,876091.7
2025-08-13 20:30:00+00:00,3.9694,3.9891,3.9694,3.9848,917700.1
2025-08-13 20:45:00+00:00,3.9848,3.9848,3.9727,3.9753,540531.5
2025-08-13 21:00:00+00:00,3.9753,4.0038,3.9737,3.9869,1938152.1
2025-08-13 21:15:00+00:00,3.987,4.0057,3.9866,3.9872,1551998.6
2025-08-13 21:30:00+00:00,3.9871,3.9958,3.9658,3.9666,1744270.5
2025-08-13 21:45:00+00:00,3.9667,3.983,3.9606,3.9754,1428494.6
2025-08-13 22:00:00+00:00,3.9754,3.9892,3.9663,3.9853,1564042.9
2025-08-13 22:15:00+00:00,3.9852,3.9928,3.9761,3.9851,1465237.3
2025-08-13 22:30:00+00:00,3.9852,4.0213,3.9825,4.0134,2605346.1
2025-08-13 22:45:00+00:00,4.0134,4.0349,3.9956,4.0004,4018644.9
2025-08-13 23:00:00+00:00,4.0001,4.0291,3.9997,4.0071,2911432.2
2025-08-13 23:15:00+00:00,4.0072,4.0197,4.004,4.0176,1523191.1
2025-08-13 23:30:00+00:00,4.0176,4.0344,4.0174,4.0199,1579709.9
2025-08-13 23:45:00+00:00,4.0198,4.0239,4.0026,4.0051,1142535.0
2025-08-14 00:00:00+00:00,4.0051,4.0369,4.0005,4.0367,2544026.8
2025-08-14 00:15:00+00:00,4.0366,4.0488,4.0255,4.0464,2838351.6
2025-08-14 00:30:00+00:00,4.0464,4.052,4.0142,4.0229,3468759.9
2025-08-14 00:45:00+00:00,4.0229,4.0257,3.9993,4.0135,2710412.3
2025-08-14 01:00:00+00:00,4.0134,4.0224,3.9923,3.9954,2455742.7
2025-08-14 01:15:00+00:00,3.9954,4.028,3.9929,4.0278,1768893.3
2025-08-14 01:30:00+00:00,4.0277,4.0785,4.0198,4.0785,5276054.2
2025-08-14 01:45:00+00:00,4.0785,4.0793,4.0417,4.0519,3151852.2
2025-08-14 02:00:00+00:00,4.0517,4.1046,4.0493,4.0874,5517065.9
2025-08-14 02:15:00+00:00,4.0878,4.094,4.0542,4.06,3802395.4
2025-08-14 02:30:00+00:00,4.06,4.0939,4.0578,4.0939,3015259.0
2025-08-14 02:45:00+00:00,4.0938,4.1325,4.0866,4.1268,5740371.7
2025-08-14 03:00:00+00:00,4.1267,4.127,4.093,4.1153,5437219.6
2025-08-14 03:15:00+00:00,4.1153,4.1409,4.1153,4.1389,4294422.3
2025-08-14 03:30:00+00:00,4.1389,4.1704,4.1316,4.1696,5452901.5
2025-08-14 03:45:00+00:00,4.1696,4.1829,4.1428,4.1512,6133887.2
2025-08-14 04:00:00+00:00,4.1512,4.165,4.1283,4.1366,3619263.8
2025-08-14 04:15:00+00:00,4.1367,4.1712,4.136,4.151,2846796.2
2025-08-14 04:30:00+00:00,4.151,4.1581,4.1335,4.1407,2192090.5
2025-08-14 04:45:00+00:00,4.1406,4.1413,4.105,4.1083,3604271.2
2025-08-14 05:00:00+00:00,4.1082,4.1359,4.1025,4.1063,4766025.8
2025-08-14 05:15:00+00:00,4.1062,4.1068,4.0836,4.084,3196892.3
2025-08-14 05:30:00+00:00,4.084,4.084,4.051,4.0532,5175227.5
2025-08-14 05:45:00+00:00,4.0532,4.0656,4.0439,4.0556,3706833.1
2025-08-14 06:00:00+00:00,4.0555,4.0579,4.0083,4.0203,6964627.1
2025-08-14 06:15:00+00:00,4.0201,4.0259,3.9858,4.0137,6616489.7
2025-08-14 06:30:00+00:00,4.0137,4.0365,4.0112,4.0285,5202503.5
2025-08-14 06:45:00+00:00,4.0285,4.0456,4.028,4.038,3349381.7
2025-08-14 07:00:00+00:00,4.038,4.0462,4.0059,4.0125,3695437.1
2025-08-14 07:15:00+00:00,4.0125,4.0202,4.0023,4.0083,2624300.4
2025-08-14 07:30:00+00:00,4.0083,4.0237,4.0021,4.0066,2342823.8
2025-08-14 07:45:00+00:00,4.0067,4.0208,3.989,4.0193,5888675.6
2025-08-14 08:00:00+00:00,4.0194,4.0205,3.9746,3.9883,4825765.6
2025-08-14 08:15:00+00:00,3.9884,4.0025,3.972,3.9829,3551031.9
2025-08-14 08:30:00+00:00,3.9829,3.9939,3.9469,3.9497,4629253.9
2025-08-14 08:45:00+00:00,3.9497,3.9728,3.9493,3.972,2413730.6
2025-08-14 09:00:00+00:00,3.9721,3.9728,3.9423,3.963,3425667.6
2025-08-14 09:15:00+00:00,3.9626,3.9803,3.9526,3.9735,2478608.1
2025-08-14 09:30:00+00:00,3.9735,3.9791,3.9547,3.9676,1902406.7
2025-08-14 09:45:00+00:00,3.9676,3.9893,3.9673,3.9835,2046200.9
2025-08-14 10:00:00+00:00,3.9835,3.9881,3.9634,3.9659,1471826.8
2025-08-14 10:15:00+00:00,3.9663,3.9834,3.9502,3.9592,1778573.1
2025-08-14 10:30:00+00:00,3.9593,3.9754,3.91,3.9241,6579065.9
2025-08-14 10:45:00+00:00,3.9238,3.9381,3.9213,3.934,3655764.3
2025-08-14 11:00:00+00:00,3.9339,3.9498,3.9262,3.9453,2472759.2
2025-08-14 11:15:00+00:00,3.9454,3.958,3.9328,3.9457,2172078.5
2025-08-14 11:30:00+00:00,3.9457,3.9474,3.9321,3.9325,1595339.4
2025-08-14 11:45:00+00:00,3.9322,3.9459,3.9263,3.9458,1204653.4
2025-08-14 12:00:00+00:00,3.9458,3.9745,3.9394,3.9744,3170562.3
2025-08-14 12:15:00+00:00,3.9737,3.9799,3.9512,3.9784,3216080.3
2025-08-14 12:30:00+00:00,3.9782,3.9786,3.67,3.823,55613772.6
2025-08-14 12:45:00+00:00,3.8232,3.8282,3.7538,3.7697,16012899.3
2025-08-14 13:00:00+00:00,3.7698,3.8171,3.704,3.817,18780301.2
2025-08-14 13:15:00+00:00,3.8171,3.8177,3.7577,3.7727,8443025.0
2025-08-14 13:30:00+00:00,3.7728,3.8101,3.7549,3.8009,8223045.3
2025-08-14 13:45:00+00:00,3.8008,3.8483,3.7924,3.8261,7079373.0
2025-08-14 14:00:00+00:00,3.826,3.8334,3.7956,3.8035,4486904.9
2025-08-14 14:15:00+00:00,3.8037,3.8584,3.8034,3.8568,3726781.2
2025-08-14 14:30:00+00:00,3.8568,3.8694,3.8402,3.8425,5474380.2
2025-08-14 14:45:00+00:00,3.8424,3.8642,3.8388,3.8591,3693964.8
2025-08-14 15:00:00+00:00,3.8591,3.8709,3.8345,3.8345,4257688.9
2025-08-14 15:15:00+00:00,3.8344,3.8419,3.8072,3.8225,4201779.8
2025-08-14 15:30:00+00:00,3.8225,3.829,3.7995,3.8113,3074708.7
2025-08-14 15:45:00+00:00,3.8113,3.8285,3.8007,3.813,2368377.2
2025-08-14 16:00:00+00:00,3.8129,3.8142,3.7676,3.7684,6266110.7
2025-08-14 16:15:00+00:00,3.7683,3.7874,3.7368,3.7561,7239647.1
2025-08-14 16:30:00+00:00,3.756,3.7724,3.7423,3.7587,3045869.4
2025-08-14 16:45:00+00:00,3.7584,3.7789,3.7462,3.7633,3226041.2
2025-08-14 17:00:00+00:00,3.7634,3.7659,3.7307,3.7553,3282667.6
2025-08-14 17:15:00+00:00,3.7554,3.7858,3.7426,3.781,2272167.4
2025-08-14 17:30:00+00:00,3.7809,3.7856,3.7565,3.7637,1769413.9
2025-08-14 17:45:00+00:00,3.7635,3.7776,3.7559,3.7759,1136142.2
2025-08-14 18:00:00+00:00,3.7758,3.7758,3.7427,3.7462,1425539.7
2025-08-14 18:15:00+00:00,3.7462,3.7533,3.71,3.748,4691049.6
2025-08-14 18:30:00+00:00,3.748,3.7644,3.7425,3.7625,1490917.8
2025-08-14 18:45:00+00:00,3.7624,3.7633,3.7456,3.7517,1763224.6
2025-08-14 19:00:00+00:00,3.7517,3.7658,3.7448,3.7491,1174488.1
2025-08-14 19:15:00+00:00,3.7491,3.7682,3.7444,3.7636,1083800.1
2025-08-14 19:30:00+00:00,3.7636,3.7685,3.7545,3.7609,835720.6
2025-08-14 19:45:00+00:00,3.7608,3.7637,3.7271,3.7292,1621583.4
2025-08-14 20:00:00+00:00,3.7292,3.7317,3.7089,3.7207,2199730.0
2025-08-14 20:15:00+00:00,3.7208,3.7372,3.7205,3.7258,963579.8
2025-08-14 20:30:00+00:00,3.7257,3.7382,3.7147,3.7266,1644705.1
2025-08-14 20:45:00+00:00,3.7267,3.7396,3.711,3.7378,2933542.5
2025-08-14 21:00:00+00:00,3.7378,3.7378,3.71,3.7136,2854162.9
2025-08-14 21:15:00+00:00,3.7135,3.7138,3.6577,3.6746,7030043.6
2025-08-14 21:30:00+00:00,3.6746,3.6828,3.65,3.6715,4360752.6
2025-08-14 21:45:00+00:00,3.6715,3.7001,3.6708,3.6923,1745860.2
2025-08-14 22:00:00+00:00,3.6922,3.6999,3.669,3.6923,2430810.8
2025-08-14 22:15:00+00:00,3.6922,3.7136,3.6914,3.7135,2113448.3
2025-08-14 22:30:00+00:00,3.7135,3.723,3.7084,3.7214,1610391.0
2025-08-14 22:45:00+00:00,3.7214,3.7366,3.7189,3.7352,1869346.4
2025-08-14 23:00:00+00:00,3.7352,3.7433,3.7316,3.7416,1413301.6
2025-08-14 23:15:00+00:00,3.7418,3.7524,3.74,3.7522,1475856.9
2025-08-14 23:30:00+00:00,3.7522,3.7593,3.7497,3.7531,1624277.5
2025-08-14 23:45:00+00:00,3.7531,3.7661,3.746,3.753,1313106.8
2025-08-15 00:00:00+00:00,3.753,3.7829,3.744,3.7827,1866413.9
2025-08-15 00:15:00+00:00,3.7826,3.7839,3.7594,3.7689,1711826.9
2025-08-15 00:30:00+00:00,3.769,3.779,3.7471,3.7779,1869252.6
2025-08-15 00:45:00+00:00,3.778,3.792,3.7623,3.7649,2094351.4
2025-08-15 01:00:00+00:00,3.7649,3.7672,3.7536,3.7578,1179064.5
2025-08-15 01:15:00+00:00,3.7577,3.787,3.7455,3.7785,2030157.1
2025-08-15 01:30:00+00:00,3.7784,3.7848,3.7631,3.7761,1929433.1
2025-08-15 01:45:00+00:00,3.7762,3.7853,3.7716,3.7765,1850704.0
2025-08-15 02:00:00+00:00,3.7765,3.788,3.77,3.7816,1455300.9
2025-08-15 02:15:00+00:00,3.7816,3.7929,3.7743,3.7925,1348782.5
2025-08-15 02:30:00+00:00,3.7924,3.8013,3.7869,3.7888,1682616.5
2025-08-15 02:45:00+00:00,3.7889,3.7963,3.7831,3.7935,1762736.8
2025-08-15 03:00:00+00:00,3.7936,3.8158,3.782,3.8148,1751763.6
2025-08-15 03:15:00+00:00,3.8148,3.82,3.8081,3.8194,1933382.6
2025-08-15 03:30:00+00:00,3.8194,3.8332,3.8108,3.8278,2486566.5
2025-08-15 03:45:00+00:00,3.8278,3.8416,3.824,3.8402,1712508.2
2025-08-15 04:00:00+00:00,3.8403,3.8516,3.8203,3.8451,3207962.9
2025-08-15 04:15:00+00:00,3.8452,3.846,3.831,3.8369,1826843.7
2025-08-15 04:30:00+00:00,3.8368,3.8368,3.82,3.82,1933860.3
2025-08-15 04:45:00+00:00,3.82,3.8201,3.8075,3.8098,1843842.7
2025-08-15 05:00:00+00:00,3.8098,3.8173,3.7955,3.7964,1772777.8
2025-08-15 05:15:00+00:00,3.7964,3.8069,3.7951,3.8031,1776900.6
2025-08-15 05:30:00+00:00,3.803,3.8035,3.7932,3.7954,1308414.4
2025-08-15 05:45:00+00:00,3.7955,3.8179,3.7947,3.8161,1114453.9
2025-08-15 06:00:00+00:00,3.8161,3.8445,3.814,3.8277,2897456.7
2025-08-15 06:15:00+00:00,3.8278,3.8514,3.8183,3.8463,1723225.8
2025-08-15 06:30:00+00:00,3.8463,3.8591,3.8437,3.8571,2093455.5
2025-08-15 06:45:00+00:00,3.857,3.8578,3.8349,3.8361,1823667.2
2025-08-15 07:00:00+00:00,3.836,3.8479,3.8277,3.8372,1622817.5
2025-08-15 07:15:00+00:00,3.8372,3.852,3.8338,3.8426,1281538.2
2025-08-15 07:30:00+00:00,3.8426,3.8517,3.8348,3.8356,897929.5
2025-08-15 07:45:00+00:00,3.8355,3.848,3.8211,3.8477,1174392.7
2025-08-15 08:00:00+00:00,3.8477,3.8597,3.8426,3.8426,2094831.2
2025-08-15 08:15:00+00:00,3.8425,3.8748,3.8401,3.87,2313206.6
2025-08-15 08:30:00+00:00,3.87,3.8761,3.8612,3.8753,1537561.9
2025-08-15 08:45:00+00:00,3.8752,3.8753,3.8573,3.8637,1338936.8
2025-08-15 09:00:00+00:00,3.8636,3.8799,3.8632,3.8706,1716459.7
2025-08-15 09:15:00+00:00,3.8707,3.8718,3.8297,3.8357,2833899.5
2025-08-15 09:30:00+00:00,3.8359,3.8495,3.8261,3.8388,2373335.4
2025-08-15 09:45:00+00:00,3.8387,3.8468,3.8171,3.83,2657254.5
2025-08-15 10:00:00+00:00,3.83,3.8446,3.8211,3.8221,2106695.4
2025-08-15 10:15:00+00:00,3.8221,3.8435,3.8207,3.8353,1848354.3
2025-08-15 10:30:00+00:00,3.8353,3.8377,3.8239,3.8332,1309950.6
2025-08-15 10:45:00+00:00,3.8331,3.8371,3.8147,3.8244,1435961.8
2025-08-15 11:00:00+00:00,3.8244,3.838,3.8141,3.821,1413462.9
2025-08-15 11:15:00+00:00,3.821,3.8236,3.805,3.8086,1688192.0
2025-08-15 11:30:00+00:00,3.8086,3.82,3.8062,3.8132,1230726.6
2025-08-15 11:45:00+00:00,3.8131,3.8291,3.8131,3.8193,1769925.2
2025-08-15 12:00:00+00:00,3.8193,3.8391,3.8143,3.8369,1595059.7
2025-08-15 12:15:00+00:00,3.8368,3.8449,3.81,3.8335,4301276.8
2025-08-15 12:30:00+00:00,3.8335,3.8784,3.8148,3.8533,9665351.5
2025-08-15 12:45:00+00:00,3.8533,3.8691,3.8343,3.8348,2866381.4
2025-08-15 13:00:00+00:00,3.8348,3.8629,3.8316,3.8534,4053975.2
2025-08-15 13:15:00+00:00,3.8534,3.859,3.8349,3.8396,4388560.5
2025-08-15 13:30:00+00:00,3.8395,3.8474,3.7937,3.7953,5984728.0
2025-08-15 13:45:00+00:00,3.7953,3.797,3.763,3.7747,7568590.9
2025-08-15 14:00:00+00:00,3.7746,3.7971,3.753,3.7753,6635909.2
2025-08-15 14:15:00+00:00,3.7753,3.7949,3.7452,3.7551,4000663.8
2025-08-15 14:30:00+00:00,3.7551,3.7679,3.738,3.749,3115921.7
2025-08-15 14:45:00+00:00,3.7491,3.7554,3.68,3.6935,11538941.5
2025-08-15 15:00:00+00:00,3.6936,3.7003,3.6693,3.6917,6601274.8
2025-08-15 15:15:00+00:00,3.6919,3.7023,3.6418,3.6495,8693205.2
2025-08-15 15:30:00+00:00,3.6496,3.6829,3.631,3.636,5781919.0
2025-08-15 15:45:00+00:00,3.6357,3.6623,3.6217,3.6502,5560449.8
2025-08-15 16:00:00+00:00,3.6501,3.6521,3.6161,3.6307,5296686.5
2025-08-15 16:15:00+00:00,3.6306,3.6699,3.618,3.6595,5359177.4
2025-08-15 16:30:00+00:00,3.6595,3.6823,3.6563,3.6684,4060893.1
2025-08-15 16:45:00+00:00,3.6682,3.6856,3.6674,3.6747,2316926.2
2025-08-15 17:00:00+00:00,3.6748,3.6796,3.6575,3.6597,1907003.8
2025-08-15 17:15:00+00:00,3.6597,3.7062,3.6453,3.693,4409139.6
2025-08-15 17:30:00+00:00,3.6931,3.7083,3.6793,3.7059,2818675.4
2025-08-15 17:45:00+00:00,3.7058,3.7059,3.6835,3.6928,1414040.3
2025-08-15 18:00:00+00:00,3.6927,3.7051,3.6755,3.679,1736816.3
2025-08-15 18:15:00+00:00,3.6791,3.6868,3.672,3.6757,786910.3
2025-08-15 18:30:00+00:00,3.6757,3.6918,3.6679,3.6719,1406341.8
2025-08-15 18:45:00+00:00,3.672,3.6847,3.6411,3.6589,4125298.3
2025-08-15 19:00:00+00:00,3.6589,3.6753,3.6455,3.6731,2232486.0
2025-08-15 19:15:00+00:00,3.6731,3.6853,3.6532,3.6553,1825095.5
2025-08-15 19:30:00+00:00,3.6553,3.6647,3.6487,3.6573,1124407.8
2025-08-15 19:45:00+00:00,3.6573,3.6641,3.6462,3.6526,1420441.9
2025-08-15 20:00:00+00:00,3.6528,3.6698,3.64,3.6685,1711720.3
2025-08-15 20:15:00+00:00,3.6685,3.6716,3.6588,3.6701,900696.0
2025-08-15 20:30:00+00:00,3.67,3.6942,3.6677,3.6788,2925816.4
2025-08-15 20:45:00+00:00,3.6788,3.697,3.672,3.6958,936314.8
2025-08-15 21:00:00+00:00,3.6959,3.707,3.6856,3.6867,1660540.9
2025-08-15 21:15:00+00:00,3.6866,3.7008,3.6729,3.6935,1161356.3
2025-08-15 21:30:00+00:00,3.6935,3.6949,3.6792,3.6869,934796.7
2025-08-15 21:45:00+00:00,3.6868,3.7041,3.6868,3.7038,1092111.8
2025-08-15 22:00:00+00:00,3.7038,3.7132,3.6993,3.6998,1646018.5
2025-08-15 22:15:00+00:00,3.6997,3.7164,3.6993,3.7147,1124586.1
2025-08-15 22:30:00+00:00,3.7146,3.7237,3.7116,3.7169,1372694.4
2025-08-15 22:45:00+00:00,3.7169,3.7461,3.7167,3.7435,1910255.4
2025-08-15 23:00:00+00:00,3.7435,3.7518,3.7099,3.7117,2440686.2
2025-08-15 23:15:00+00:00,3.7118,3.7125,3.6903,3.7003,1585399.7
2025-08-15 23:30:00+00:00,3.7004,3.7044,3.6903,3.6934,1425529.0
2025-08-15 23:45:00+00:00,3.6934,3.7114,3.6917,3.7087,832707.3
2025-08-16 00:00:00+00:00,3.7087,3.728,3.7013,3.7268,1634802.5
2025-08-16 00:15:00+00:00,3.7267,3.7301,3.7118,3.7186,1013880.1
2025-08-16 00:30:00+00:00,3.7186,3.7438,3.7165,3.7426,1236258.1
2025-08-16 00:45:00+00:00,3.7426,3.7576,3.7415,3.7547,1538476.3
2025-08-16 01:00:00+00:00,3.7548,3.7587,3.7359,3.7501,1154739.5
2025-08-16 01:15:00+00:00,3.7501,3.7501,3.7308,3.7369,1098236.7
2025-08-16 01:30:00+00:00,3.7369,3.75,3.7335,3.7436,769463.9
2025-08-16 01:45:00+00:00,3.7436,3.7508,3.7409,3.747,682713.5
2025-08-16 02:00:00+00:00,3.7469,3.747,3.7301,3.7431,883539.9
2025-08-16 02:15:00+00:00,3.7431,3.7444,3.7307,3.7355,582506.5
2025-08-16 02:30:00+00:00,3.7354,3.7395,3.7276,3.7314,932266.1
2025-08-16 02:45:00+00:00,3.7314,3.735,3.723,3.7242,1190206.2
2025-08-16 03:00:00+00:00,3.7242,3.739,3.7185,3.7367,941020.1
2025-08-16 03:15:00+00:00,3.7366,3.744,3.7274,3.7285,904745.2
2025-08-16 03:30:00+00:00,3.7284,3.7358,3.7236,3.7265,961254.0
2025-08-16 03:45:00+00:00,3.7265,3.7317,3.7191,3.7251,1074946.8
2025-08-16 04:00:00+00:00,3.725,3.7293,3.7194,3.7209,517276.2
2025-08-16 04:15:00+00:00,3.7208,3.7355,3.7191,3.7348,937666.8
2025-08-16 04:30:00+00:00,3.7348,3.7408,3.7305,3.7352,842166.9
2025-08-16 04:45:00+00:00,3.7351,3.7437,3.7337,3.7381,787146.9
2025-08-16 05:00:00+00:00,3.738,3.7387,3.7273,3.7306,706401.5
2025-08-16 05:15:00+00:00,3.7305,3.731,3.713,3.7177,1394743.1
2025-08-16 05:30:00+00:00,3.7177,3.7202,3.6977,3.7042,1570940.0
2025-08-16 05:45:00+00:00,3.7042,3.7126,3.7018,3.7046,1061986.5
2025-08-16 06:00:00+00:00,3.7046,3.706,3.6982,3.7016,1148504.3
2025-08-16 06:15:00+00:00,3.7016,3.711,3.7003,3.7056,1086853.9
2025-08-16 06:30:00+00:00,3.7056,3.7107,3.6928,3.6985,1215281.5
2025-08-16 06:45:00+00:00,3.6984,3.704,3.6934,3.6997,846742.6
2025-08-16 07:00:00+00:00,3.6996,3.7066,3.6976,3.7047,1175850.3
2025-08-16 07:15:00+00:00,3.7046,3.7142,3.6987,3.7142,1192451.4
2025-08-16 07:30:00+00:00,3.7143,3.7227,3.7091,3.7158,1352644.5
2025-08-16 07:45:00+00:00,3.7155,3.7305,3.7143,3.7223,1286024.8
2025-08-16 08:00:00+00:00,3.7223,3.727,3.712,3.7155,1094457.4
2025-08-16 08:15:00+00:00,3.7155,3.723,3.71,3.71,711754.6
2025-08-16 08:30:00+00:00,3.7101,3.7207,3.705,3.7204,1026357.0
2025-08-16 08:45:00+00:00,3.7203,3.7232,3.7165,3.7194,1159670.7
2025-08-16 09:00:00+00:00,3.7194,3.7322,3.7136,3.7272,1246003.3
2025-08-16 09:15:00+00:00,3.727,3.7395,3.7207,3.7345,973972.5
2025-08-16 09:30:00+00:00,3.7345,3.7424,3.7345,3.7391,1240978.0
2025-08-16 09:45:00+00:00,3.739,3.7416,3.69,3.6918,3400681.0
2025-08-16 10:00:00+00:00,3.6918,3.7127,3.677,3.7014,3803819.8
2025-08-16 10:15:00+00:00,3.7014,3.7084,3.6831,3.7034,3084985.4
2025-08-16 10:30:00+00:00,3.7033,3.704,3.6872,3.6892,1370253.1
2025-08-16 10:45:00+00:00,3.6892,3.6971,3.683,3.6921,1070247.8
2025-08-16 11:00:00+00:00,3.692,3.7142,3.692,3.7126,1845245.1
2025-08-16 11:15:00+00:00,3.7125,3.7196,3.6921,3.6955,2227630.5
2025-08-16 11:30:00+00:00,3.6954,3.6975,3.6834,3.6848,1476430.7
2025-08-16 11:45:00+00:00,3.6849,3.6939,3.676,3.6788,2149610.2
2025-08-16 12:00:00+00:00,3.6789,3.6889,3.67,3.6773,3103326.2
2025-08-16 12:15:00+00:00,3.6773,3.6833,3.665,3.6825,2459191.5
2025-08-16 12:30:00+00:00,3.6825,3.7036,3.6825,3.6981,2302848.5
2025-08-16 12:45:00+00:00,3.6981,3.7104,3.696,3.7095,1241357.5
2025-08-16 13:00:00+00:00,3.7094,3.7299,3.7083,3.729,2001895.9
2025-08-16 13:15:00+00:00,3.7289,3.7397,3.7238,3.735,1888055.8
2025-08-16 13:30:00+00:00,3.7349,3.7407,3.7218,3.7228,1499269.8
2025-08-16 13:45:00+00:00,3.7228,3.7232,3.7119,3.7186,1746787.1
2025-08-16 14:00:00+00:00,3.7186,3.7296,3.7139,3.7185,1268244.1
2025-08-16 14:15:00+00:00,3.7187,3.7567,3.7162,3.7471,2870131.0
2025-08-16 14:30:00+00:00,3.7471,3.7646,3.7395,3.76,2672228.5
2025-08-16 14:45:00+00:00,3.76,3.7738,3.7589,3.763,2985489.4
2025-08-16 15:00:00+00:00,3.763,3.7714,3.7455,3.756,1888415.5
2025-08-16 15:15:00+00:00,3.7559,3.7667,3.7526,3.7627,1309221.3
2025-08-16 15:30:00+00:00,3.7627,3.7651,3.7446,3.7553,2845349.4
2025-08-16 15:45:00+00:00,3.7554,3.7595,3.7474,3.7564,910605.6
2025-08-16 16:00:00+00:00,3.7563,3.7743,3.7559,3.7743,1518697.6
2025-08-16 16:15:00+00:00,3.7742,3.78,3.76,3.7727,1469392.3
2025-08-16 16:30:00+00:00,3.7727,3.7737,3.7523,3.761,1374868.0
2025-08-16 16:45:00+00:00,3.7609,3.7638,3.7555,3.757,806761.9
2025-08-16 17:00:00+00:00,3.7571,3.7598,3.7483,3.7501,711637.1
2025-08-16 17:15:00+00:00,3.7501,3.7513,3.7417,3.7477,950364.4
2025-08-16 17:30:00+00:00,3.7476,3.7565,3.7384,3.7463,965612.0
2025-08-16 17:45:00+00:00,3.7463,3.7535,3.7413,3.7512,591862.7
2025-08-16 18:00:00+00:00,3.7511,3.757,3.7404,3.757,541059.5
2025-08-16 18:15:00+00:00,3.7569,3.7616,3.7464,3.7464,596773.4
2025-08-16 18:30:00+00:00,3.7465,3.7496,3.7406,3.7448,532885.7
2025-08-16 18:45:00+00:00,3.7448,3.754,3.7432,3.7532,434923.4
2025-08-16 19:00:00+00:00,3.7533,3.7602,3.7503,3.7594,686531.1
2025-08-16 19:15:00+00:00,3.7595,3.7632,3.7543,3.7619,1015075.9
2025-08-16 19:30:00+00:00,3.762,3.7714,3.759,3.7632,1051459.0
2025-08-16 19:45:00+00:00,3.7632,3.7645,3.7546,3.7547,386996.5
2025-08-16 20:00:00+00:00,3.7546,3.759,3.7481,3.7579,929100.6
2025-08-16 20:15:00+00:00,3.758,3.776,3.758,3.7698,942064.9
2025-08-16 20:30:00+00:00,3.7698,3.7711,3.7616,3.7673,619007.0
2025-08-16 20:45:00+00:00,3.7674,3.7746,3.7656,3.7717,580653.2
2025-08-16 21:00:00+00:00,3.7716,3.7726,3.7528,3.7535,756618.9
2025-08-16 21:15:00+00:00,3.7535,3.7617,3.7535,3.7595,403256.7
2025-08-16 21:30:00+00:00,3.7596,3.7605,3.7524,3.7564,342887.2
2025-08-16 21:45:00+00:00,3.7564,3.7591,3.7486,3.7524,314528.2
2025-08-16 22:00:00+00:00,3.7524,3.7575,3.7453,3.7546,1009593.6
2025-08-16 22:15:00+00:00,3.7547,3.7617,3.7544,3.7615,592000.8
2025-08-16 22:30:00+00:00,3.7615,3.7711,3.7603,3.7684,535102.4
2025-08-16 22:45:00+00:00,3.7684,3.7728,3.7664,3.7687,441488.7
2025-08-16 23:00:00+00:00,3.7687,3.773,3.7659,3.7702,410844.8
2025-08-16 23:15:00+00:00,3.7703,3.7724,3.7579,3.7582,537837.2
2025-08-16 23:30:00+00:00,3.7582,3.7657,3.7563,3.7648,565918.7
2025-08-16 23:45:00+00:00,3.7648,3.775,3.7642,3.7715,525671.2
2025-08-17 00:00:00+00:00,3.7715,3.774,3.763,3.7636,488467.4
2025-08-17 00:15:00+00:00,3.7637,3.7698,3.7606,3.7629,606790.1
2025-08-17 00:30:00+00:00,3.7629,3.7688,3.7547,3.7584,613916.8
2025-08-17 00:45:00+00:00,3.7584,3.7584,3.7501,3.752,703831.3
2025-08-17 01:00:00+00:00,3.7519,3.7522,3.7405,3.7444,1166454.6
2025-08-17 01:15:00+00:00,3.7443,3.7474,3.7374,3.7421,705538.7
2025-08-17 01:30:00+00:00,3.742,3.7625,3.7408,3.7499,1271948.0
2025-08-17 01:45:00+00:00,3.7498,3.7564,3.7436,3.7539,577473.4
2025-08-17 02:00:00+00:00,3.7538,3.7624,3.7475,3.7494,1063876.1
2025-08-17 02:15:00+00:00,3.7493,3.7668,3.7421,3.7668,968191.4
2025-08-17 02:30:00+00:00,3.7668,3.7794,3.7566,3.7792,1501405.6
2025-08-17 02:45:00+00:00,3.7791,3.79,3.7735,3.7886,1972008.1
2025-08-17 03:00:00+00:00,3.7885,3.7917,3.7785,3.7806,1025813.2
2025-08-17 03:15:00+00:00,3.7806,3.7826,3.7745,3.7764,686869.2
2025-08-17 03:30:00+00:00,3.7764,3.79,3.7723,3.7884,1180819.4
2025-08-17 03:45:00+00:00,3.7883,3.7923,3.7853,3.7859,865994.8
2025-08-17 04:00:00+00:00,3.7859,3.8023,3.7845,3.7991,1450188.4
2025-08-17 04:15:00+00:00,3.7991,3.8044,3.7952,3.8007,1286427.8
2025-08-17 04:30:00+00:00,3.8008,3.8044,3.7971,3.7992,760124.5
2025-08-17 04:45:00+00:00,3.7992,3.8165,3.7965,3.8142,1946366.4
2025-08-17 05:00:00+00:00,3.8142,3.8266,3.8097,3.8234,2202897.5
2025-08-17 05:15:00+00:00,3.8234,3.8264,3.8133,3.8171,1156329.9
2025-08-17 05:30:00+00:00,3.8172,3.8172,3.8047,3.8079,1075010.8
2025-08-17 05:45:00+00:00,3.8078,3.8147,3.7917,3.8005,1961491.1
2025-08-17 06:00:00+00:00,3.8005,3.81,3.8005,3.8079,783848.4
2025-08-17 06:15:00+00:00,3.8079,3.8093,3.8009,3.806,568675.8
2025-08-17 06:30:00+00:00,3.806,3.806,3.7911,3.8002,1029077.6
2025-08-17 06:45:00+00:00,3.8002,3.8009,3.7897,3.7906,938577.9
2025-08-17 07:00:00+00:00,3.7906,3.8004,3.7844,3.7975,1139257.6
2025-08-17 07:15:00+00:00,3.7974,3.8038,3.7944,3.7967,813205.9
2025-08-17 07:30:00+00:00,3.7967,3.8035,3.7887,3.8032,710113.8
2025-08-17 07:45:00+00:00,3.8032,3.8054,3.8001,3.8028,592558.8
2025-08-17 08:00:00+00:00,3.8028,3.805,3.789,3.794,1208926.2
2025-08-17 08:15:00+00:00,3.794,3.797,3.7896,3.7948,943503.8
2025-08-17 08:30:00+00:00,3.7947,3.8021,3.7941,3.7974,731720.2
2025-08-17 08:45:00+00:00,3.7974,3.8317,3.7974,3.8274,2433953.6
2025-08-17 09:00:00+00:00,3.8274,3.8295,3.8132,3.8187,1479777.2
2025-08-17 09:15:00+00:00,3.8188,3.8196,3.81,3.8114,1196683.9
2025-08-17 09:30:00+00:00,3.8114,3.8178,3.806,3.8091,994229.5
2025-08-17 09:45:00+00:00,3.8091,3.829,3.8091,3.8282,866684.3
2025-08-17 10:00:00+00:00,3.8282,3.8349,3.8155,3.8193,1803522.7
2025-08-17 10:15:00+00:00,3.8193,3.8217,3.8112,3.8136,826058.1
2025-08-17 10:30:00+00:00,3.8137,3.8283,3.812,3.8283,813232.6
2025-08-17 10:45:00+00:00,3.8284,3.8328,3.8189,3.8311,2166004.0
2025-08-17 11:00:00+00:00,3.831,3.8329,3.8143,3.8196,1702255.9
2025-08-17 11:15:00+00:00,3.8197,3.828,3.8168,3.8199,1237419.9
2025-08-17 11:30:00+00:00,3.8199,3.83,3.8194,3.8248,820006.7
2025-08-17 11:45:00+00:00,3.8249,3.8425,3.8231,3.8414,2338734.2
2025-08-17 12:00:00+00:00,3.8415,3.844,3.8306,3.832,1787996.6
2025-08-17 12:15:00+00:00,3.8321,3.8344,3.8182,3.8215,1333632.2
2025-08-17 12:30:00+00:00,3.8215,3.8323,3.8173,3.8209,955548.0
2025-08-17 12:45:00+00:00,3.8208,3.8237,3.8087,3.8124,1207698.1
2025-08-17 13:00:00+00:00,3.8124,3.8179,3.8004,3.8037,2058484.7
2025-08-17 13:15:00+00:00,3.8038,3.8122,3.8038,3.8096,1259233.3
2025-08-17 13:30:00+00:00,3.8098,3.838,3.808,3.8377,3869779.0
2025-08-17 13:45:00+00:00,3.8378,3.8846,3.8377,3.8542,8481888.3
2025-08-17 14:00:00+00:00,3.8542,3.8632,3.8471,3.851,2443830.3
2025-08-17 14:15:00+00:00,3.8509,3.8543,3.8348,3.8463,1756956.0
2025-08-17 14:30:00+00:00,3.8462,3.8578,3.8381,3.8555,1905508.1
2025-08-17 14:45:00+00:00,3.8555,3.8574,3.8416,3.8445,1157239.6
2025-08-17 15:00:00+00:00,3.8446,3.8499,3.8413,3.8481,1214088.4
2025-08-17 15:15:00+00:00,3.8481,3.8523,3.8372,3.8518,1291292.2
2025-08-17 15:30:00+00:00,3.8518,3.8763,3.8515,3.8747,2283776.4
2025-08-17 15:45:00+00:00,3.8747,3.885,3.868,3.8825,1918814.6
2025-08-17 16:00:00+00:00,3.8825,3.8934,3.8712,3.8749,3074824.9
2025-08-17 16:15:00+00:00,3.8749,3.8761,3.8577,3.86,2740316.2
2025-08-17 16:30:00+00:00,3.8599,3.8703,3.8501,3.8554,2460788.2
2025-08-17 16:45:00+00:00,3.8554,3.8575,3.8355,3.8387,2731888.8
2025-08-17 17:00:00+00:00,3.8387,3.8482,3.8338,3.8364,2368170.6
2025-08-17 17:15:00+00:00,3.8364,3.8451,3.8233,3.8397,1788597.1
2025-08-17 17:30:00+00:00,3.8397,3.8465,3.8328,3.844,1336297.3
2025-08-17 17:45:00+00:00,3.844,3.8482,3.8363,3.8449,913691.1
2025-08-17 18:00:00+00:00,3.845,3.8491,3.8366,3.8436,861880.1
2025-08-17 18:15:00+00:00,3.8437,3.8475,3.8252,3.8331,1662466.5
2025-08-17 18:30:00+00:00,3.8332,3.8366,3.8276,3.8304,754124.5
2025-08-17 18:45:00+00:00,3.8304,3.835,3.7673,3.8085,7922491.6
2025-08-17 19:00:00+00:00,3.8086,3.8198,3.7964,3.8086,3273512.3
2025-08-17 19:15:00+00:00,3.8085,3.8166,3.8037,3.8115,1047454.5
2025-08-17 19:30:00+00:00,3.8114,3.8152,3.7906,3.7938,1681492.4
2025-08-17 19:45:00+00:00,3.7939,3.7985,3.7819,3.783,1735916.9
2025-08-17 20:00:00+00:00,3.783,3.7872,3.7745,3.7861,2424095.8
2025-08-17 20:15:00+00:00,3.7861,3.7964,3.7838,3.7933,1063536.3
2025-08-17 20:30:00+00:00,3.7933,3.8029,3.7913,3.8007,989769.2
2025-08-17 20:45:00+00:00,3.8007,3.8007,3.7825,3.7829,881322.1
2025-08-17 21:00:00+00:00,3.7829,3.7925,3.7782,3.7852,1262831.4
2025-08-17 21:15:00+00:00,3.7852,3.7882,3.7739,3.7788,951119.3
2025-08-17 21:30:00+00:00,3.7788,3.7823,3.7737,3.7822,676225.9
2025-08-17 21:45:00+00:00,3.7822,3.7888,3.7749,3.7784,732458.9
2025-08-17 22:00:00+00:00,3.7784,3.799,3.7742,3.7881,1249675.5
2025-08-17 22:15:00+00:00,3.7882,3.808,3.7847,3.8079,1567473.9
2025-08-17 22:30:00+00:00,3.8079,3.8218,3.8068,3.8216,1534770.2
2025-08-17 22:45:00+00:00,3.8215,3.8254,3.813,3.8183,1339119.0
2025-08-17 23:00:00+00:00,3.8184,3.82,3.8043,3.8062,1210810.3
2025-08-17 23:15:00+00:00,3.8062,3.8105,3.789,3.7911,1313722.7
2025-08-17 23:30:00+00:00,3.7911,3.7962,3.785,3.7912,855002.7
2025-08-17 23:45:00+00:00,3.7911,3.7922,3.7571,3.7631,4419645.0
2025-08-18 00:00:00+00:00,3.763,3.7749,3.7551,3.7689,2048924.1
2025-08-18 00:15:00+00:00,3.7689,3.7689,3.7447,3.7494,2181471.7
2025-08-18 00:30:00+00:00,3.7495,3.7624,3.7416,3.7552,1939541.1
2025-08-18 00:45:00+00:00,3.7552,3.7655,3.7501,3.7593,824178.4
2025-08-18 01:00:00+00:00,3.7593,3.7648,3.7445,3.7473,905745.1
2025-08-18 01:15:00+00:00,3.7474,3.7589,3.7048,3.7083,3614121.9
2025-08-18 01:30:00+00:00,3.7084,3.7298,3.7014,3.7097,4928246.8
2025-08-18 01:45:00+00:00,3.7097,3.721,3.6869,3.692,4895458.2
2025-08-18 02:00:00+00:00,3.692,3.697,3.6518,3.6652,7554258.5
2025-08-18 02:15:00+00:00,3.6654,3.6676,3.6399,3.6452,4471321.6
2025-08-18 02:30:00+00:00,3.6452,3.6614,3.6291,3.6546,5409911.5
2025-08-18 02:45:00+00:00,3.6547,3.6562,3.6179,3.6213,5325716.9
2025-08-18 03:00:00+00:00,3.6212,3.638,3.6183,3.6217,2828345.1
2025-08-18 03:15:00+00:00,3.6216,3.6306,3.6104,3.6104,2765912.8
2025-08-18 03:30:00+00:00,3.6104,3.6186,3.5919,3.6046,6229712.6
2025-08-18 03:45:00+00:00,3.6047,3.6229,3.5938,3.6187,3185160.8
2025-08-18 04:00:00+00:00,3.6187,3.6197,3.6024,3.617,2475787.3
2025-08-18 04:15:00+00:00,3.6171,3.6312,3.613,3.6298,2100725.2
2025-08-18 04:30:00+00:00,3.6298,3.6384,3.6254,3.6261,2583160.6
2025-08-18 04:45:00+00:00,3.626,3.6376,3.6232,3.6362,1290070.5
2025-08-18 05:00:00+00:00,3.6362,3.6378,3.6295,3.6358,1949342.3
2025-08-18 05:15:00+00:00,3.6358,3.6364,3.6198,3.6213,1377177.1
2025-08-18 05:30:00+00:00,3.6214,3.6228,3.5874,3.592,3861956.9
2025-08-18 05:45:00+00:00,3.5921,3.6164,3.57,3.6156,5840550.4
2025-08-18 06:00:00+00:00,3.6156,3.6156,3.5845,3.5848,2453874.8
2025-08-18 06:15:00+00:00,3.5848,3.5921,3.5615,3.5682,3874430.3
2025-08-18 06:30:00+00:00,3.5681,3.5855,3.5566,3.5587,3419235.9
2025-08-18 06:45:00+00:00,3.5587,3.5666,3.5428,3.5616,4363643.0
2025-08-18 07:00:00+00:00,3.5615,3.5715,3.5557,3.5589,1575265.2
2025-08-18 07:15:00+00:00,3.5589,3.569,3.5444,3.5519,1828112.5
2025-08-18 07:30:00+00:00,3.5518,3.5667,3.5423,3.5608,1464632.0
2025-08-18 07:45:00+00:00,3.5608,3.5641,3.5466,3.5499,1581416.7
2025-08-18 08:00:00+00:00,3.5498,3.5646,3.5453,3.5486,1562619.1
2025-08-18 08:15:00+00:00,3.5485,3.566,3.5444,3.5634,1851256.7
2025-08-18 08:30:00+00:00,3.5634,3.5654,3.5539,3.5563,1243505.9
2025-08-18 08:45:00+00:00,3.5562,3.5589,3.5453,3.5469,1145256.4
2025-08-18 09:00:00+00:00,3.547,3.5476,3.5286,3.5293,3782818.2
2025-08-18 09:15:00+00:00,3.5293,3.53,3.5182,3.5247,3174309.2
2025-08-18 09:30:00+00:00,3.5246,3.5629,3.519,3.5581,4423507.2
2025-08-18 09:45:00+00:00,3.5578,3.5688,3.5525,3.5584,3530262.6
2025-08-18 10:00:00+00:00,3.5583,3.5648,3.548,3.551,2428252.5
2025-08-18 10:15:00+00:00,3.551,3.5593,3.532,3.5325,2957879.0
2025-08-18 10:30:00+00:00,3.5324,3.5506,3.5315,3.5505,1430122.0
2025-08-18 10:45:00+00:00,3.5505,3.5506,3.5265,3.5318,1297115.2
2025-08-18 11:00:00+00:00,3.5319,3.5442,3.5239,3.5413,1496872.1
2025-08-18 11:15:00+00:00,3.5413,3.546,3.535,3.5437,1083613.1
2025-08-18 11:30:00+00:00,3.5437,3.5449,3.5292,3.5437,2226068.0
2025-08-18 11:45:00+00:00,3.5438,3.5474,3.5273,3.5416,2119685.1
2025-08-18 12:00:00+00:00,3.5415,3.5599,3.5303,3.5537,2892670.7
2025-08-18 12:15:00+00:00,3.5537,3.5594,3.5425,3.546,1607102.4
2025-08-18 12:30:00+00:00,3.5461,3.5704,3.5418,3.5685,3561089.1
2025-08-18 12:45:00+00:00,3.5686,3.5829,3.5611,3.5819,3213622.3
2025-08-18 13:00:00+00:00,3.5819,3.5888,3.5674,3.572,3424978.5
2025-08-18 13:15:00+00:00,3.572,3.597,3.5652,3.5893,3093729.0
2025-08-18 13:30:00+00:00,3.5894,3.5971,3.5582,3.5641,4124037.0
2025-08-18 13:45:00+00:00,3.5641,3.5763,3.5339,3.5352,3806842.7
2025-08-18 14:00:00+00:00,3.5352,3.56,3.5351,3.56,3395957.0
2025-08-18 14:15:00+00:00,3.5599,3.577,3.5505,3.5737,2643469.5
2025-08-18 14:30:00+00:00,3.5736,3.5764,3.5553,3.5575,2049770.9
2025-08-18 14:45:00+00:00,3.5576,3.582,3.5401,3.5812,2088174.0
2025-08-18 15:00:00+00:00,3.5812,3.5906,3.5668,3.5676,2013706.3
2025-08-18 15:15:00+00:00,3.5677,3.5753,3.5567,3.5663,1369788.6
2025-08-18 15:30:00+00:00,3.5663,3.5908,3.5584,3.5803,1914502.5
2025-08-18 15:45:00+00:00,3.5803,3.6128,3.5778,3.6114,3774099.5
2025-08-18 16:00:00+00:00,3.6113,3.6471,3.6106,3.6173,7320896.6
2025-08-18 16:15:00+00:00,3.6172,3.6198,3.5972,3.5998,3296210.9
2025-08-18 16:30:00+00:00,3.6,3.6035,3.5811,3.5936,2282866.4
2025-08-18 16:45:00+00:00,3.5936,3.61,3.5805,3.5871,2276886.5
2025-08-18 17:00:00+00:00,3.5871,3.6042,3.5852,3.604,1094945.2
2025-08-18 17:15:00+00:00,3.604,3.6376,3.604,3.6329,2767654.2
2025-08-18 17:30:00+00:00,3.633,3.6561,3.6329,3.6369,4753448.7
2025-08-18 17:45:00+00:00,3.6368,3.6438,3.6172,3.6172,2250845.4
2025-08-18 18:00:00+00:00,3.6172,3.6194,3.6038,3.6058,2119126.5
2025-08-18 18:15:00+00:00,3.6059,3.6228,3.6013,3.6184,1396641.7
2025-08-18 18:30:00+00:00,3.6185,3.6317,3.6185,3.6295,2093501.9
2025-08-18 18:45:00+00:00,3.6294,3.6421,3.6278,3.6404,1357440.4
2025-08-18 19:00:00+00:00,3.6405,3.6476,3.617,3.6225,2575850.3
2025-08-18 19:15:00+00:00,3.6225,3.6366,3.6166,3.6312,1014423.8
2025-08-18 19:30:00+00:00,3.6312,3.6333,3.6138,3.6145,766353.5
2025-08-18 19:45:00+00:00,3.6145,3.6258,3.6124,3.6189,971765.9
2025-08-18 20:00:00+00:00,3.6186,3.6329,3.6127,3.6304,835646.2
2025-08-18 20:15:00+00:00,3.6304,3.6312,3.6158,3.6269,615763.6
2025-08-18 20:30:00+00:00,3.627,3.6289,3.5962,3.6097,2132781.4
2025-08-18 20:45:00+00:00,3.6098,3.6258,3.6071,3.6204,786236.9
2025-08-18 21:00:00+00:00,3.6204,3.6329,3.614,3.6329,982649.2
2025-08-18 21:15:00+00:00,3.6328,3.6405,3.6263,3.6402,1173222.6
2025-08-18 21:30:00+00:00,3.6401,3.6418,3.6244,3.6246,772865.0
2025-08-18 21:45:00+00:00,3.6246,3.6488,3.6237,3.6397,983286.9
2025-08-18 22:00:00+00:00,3.6398,3.666,3.6392,3.6658,3598956.1
2025-08-18 22:15:00+00:00,3.6657,3.6706,3.6587,3.6595,1312562.8
2025-08-18 22:30:00+00:00,3.6596,3.662,3.6451,3.6454,1481191.3
2025-08-18 22:45:00+00:00,3.6455,3.6512,3.6322,3.6333,910531.2
2025-08-18 23:00:00+00:00,3.6334,3.6406,3.6258,3.6258,1037031.4
2025-08-18 23:15:00+00:00,3.6259,3.6281,3.6184,3.62,824051.2
2025-08-18 23:30:00+00:00,3.6201,3.6228,3.594,3.5974,3223245.8
2025-08-18 23:45:00+00:00,3.5974,3.6024,3.5913,3.6008,1089090.3
2025-08-19 00:00:00+00:00,3.6009,3.6112,3.5942,3.6075,1280114.6
2025-08-19 00:15:00+00:00,3.6075,3.6143,3.5848,3.5848,2473901.3
2025-08-19 00:30:00+00:00,3.5848,3.6052,3.5649,3.5982,3721572.7
2025-08-19 00:45:00+00:00,3.5981,3.6392,3.5979,3.6383,2502802.0
2025-08-19 01:00:00+00:00,3.6382,3.6491,3.6265,3.6272,1802804.6
2025-08-19 01:15:00+00:00,3.6272,3.634,3.6126,3.6126,1320163.6
2025-08-19 01:30:00+00:00,3.6125,3.613,3.594,3.5984,1361255.8
2025-08-19 01:45:00+00:00,3.5983,3.6015,3.5866,3.5914,1144192.7
2025-08-19 02:00:00+00:00,3.5914,3.5939,3.5801,3.5883,1398356.2
2025-08-19 02:15:00+00:00,3.5883,3.5958,3.5761,3.5912,1347523.0
2025-08-19 02:30:00+00:00,3.5912,3.5965,3.5801,3.584,1019111.9
2025-08-19 02:45:00+00:00,3.584,3.5966,3.5721,3.5749,1139250.3
2025-08-19 03:00:00+00:00,3.5749,3.577,3.555,3.5717,2790703.5
2025-08-19 03:15:00+00:00,3.5716,3.5793,3.5551,3.5592,1427074.2
2025-08-19 03:30:00+00:00,3.5591,3.5617,3.509,3.5246,6250003.4
2025-08-19 03:45:00+00:00,3.5245,3.5286,3.5115,3.5153,3255524.9
2025-08-19 04:00:00+00:00,3.5152,3.5199,3.4859,3.4916,9255130.2
2025-08-19 04:15:00+00:00,3.4915,3.5116,3.4821,3.5004,3397071.3
2025-08-19 04:30:00+00:00,3.5004,3.5266,3.4985,3.5265,2236637.3
2025-08-19 04:45:00+00:00,3.5265,3.539,3.5162,3.5385,1722672.7
2025-08-19 05:00:00+00:00,3.5385,3.5474,3.5235,3.5303,3151829.8
2025-08-19 05:15:00+00:00,3.5303,3.5419,3.5265,3.5405,1772732.1
2025-08-19 05:30:00+00:00,3.5405,3.5598,3.5367,3.5532,2126366.3
2025-08-19 05:45:00+00:00,3.5533,3.5543,3.5424,3.5451,1710818.1
2025-08-19 06:00:00+00:00,3.545,3.5465,3.5318,3.5352,2056313.3
2025-08-19 06:15:00+00:00,3.5351,3.5475,3.5268,3.5401,1308299.7
2025-08-19 06:30:00+00:00,3.54,3.5475,3.535,3.5411,1251631.4
2025-08-19 06:45:00+00:00,3.5411,3.5467,3.5324,3.54,1131143.1
2025-08-19 07:00:00+00:00,3.54,3.5424,3.5178,3.5234,1793670.1
2025-08-19 07:15:00+00:00,3.5234,3.5248,3.5049,3.5077,2602708.6
2025-08-19 07:30:00+00:00,3.5076,3.5197,3.501,3.5139,1946423.9
2025-08-19 07:45:00+00:00,3.5138,3.5213,3.5066,3.5213,1749110.9
2025-08-19 08:00:00+00:00,3.5213,3.5274,3.5006,3.5156,1810418.0
2025-08-19 08:15:00+00:00,3.5156,3.5236,3.5075,3.5086,1236368.0
2025-08-19 08:30:00+00:00,3.5085,3.5149,3.4986,3.5131,1605185.2
2025-08-19 08:45:00+00:00,3.5131,3.5485,3.5114,3.5397,2994737.7
2025-08-19 09:00:00+00:00,3.5398,3.571,3.5381,3.5589,2818035.0
2025-08-19 09:15:00+00:00,3.5589,3.5714,3.5543,3.5683,1965286.4
2025-08-19 09:30:00+00:00,3.5683,3.5802,3.5585,3.5602,2524862.9
2025-08-19 09:45:00+00:00,3.5602,3.566,3.556,3.5609,1233574.9
2025-08-19 10:00:00+00:00,3.5609,3.5669,3.5567,3.5636,1191308.6
2025-08-19 10:15:00+00:00,3.5637,3.584,3.562,3.5823,1687527.1
2025-08-19 10:30:00+00:00,3.5823,3.5906,3.5707,3.5839,1827705.0
2025-08-19 10:45:00+00:00,3.5838,3.5864,3.5756,3.5795,1288223.7
2025-08-19 11:00:00+00:00,3.5794,3.5816,3.5736,3.5783,838083.6
2025-08-19 11:15:00+00:00,3.5783,3.5965,3.5738,3.5873,2701168.6
2025-08-19 11:30:00+00:00,3.5873,3.5912,3.5746,3.5754,1650855.9
2025-08-19 11:45:00+00:00,3.5755,3.6738,3.5743,3.6463,17360152.0
2025-08-19 12:00:00+00:00,3.6463,3.6468,3.5952,3.5956,10607119.8
2025-08-19 12:15:00+00:00,3.5957,3.6109,3.5938,3.6053,4632851.4
2025-08-19 12:30:00+00:00,3.6052,3.6074,3.59,3.6055,3929345.4
2025-08-19 12:45:00+00:00,3.6055,3.6074,3.5791,3.5874,3505286.6
2025-08-19 13:00:00+00:00,3.5874,3.5879,3.5552,3.5659,7518186.3
2025-08-19 13:15:00+00:00,3.566,3.5866,3.5633,3.5865,2701391.2
2025-08-19 13:30:00+00:00,3.5866,3.6019,3.5402,3.546,8125578.2
2025-08-19 13:45:00+00:00,3.546,3.5822,3.5341,3.5691,5378116.4
2025-08-19 14:00:00+00:00,3.5691,3.5853,3.5506,3.5528,3556084.2
2025-08-19 14:15:00+00:00,3.5529,3.5554,3.5011,3.5021,5918203.3
2025-08-19 14:30:00+00:00,3.5022,3.5257,3.4887,3.5051,9011297.7
2025-08-19 14:45:00+00:00,3.5051,3.5256,3.4985,3.512,4351493.1
2025-08-19 15:00:00+00:00,3.5123,3.52,3.485,3.5021,5139685.3
2025-08-19 15:15:00+00:00,3.5021,3.5432,3.4977,3.54,3958307.0
2025-08-19 15:30:00+00:00,3.5399,3.5432,3.5091,3.5171,4495970.1
2025-08-19 15:45:00+00:00,3.5173,3.5184,3.4836,3.4892,3743881.6
2025-08-19 16:00:00+00:00,3.4892,3.5021,3.485,3.4879,3511638.4
2025-08-19 16:15:00+00:00,3.4879,3.5,3.4809,3.4811,1819392.5
2025-08-19 16:30:00+00:00,3.4811,3.4937,3.4603,3.4757,6197990.6
2025-08-19 16:45:00+00:00,3.4758,3.4802,3.4537,3.4688,4962209.5
2025-08-19 17:00:00+00:00,3.4688,3.4821,3.4495,3.4775,4987719.2
2025-08-19 17:15:00+00:00,3.4775,3.4935,3.4712,3.4902,2986056.7
2025-08-19 17:30:00+00:00,3.49,3.4969,3.4876,3.4911,2214105.3
2025-08-19 17:45:00+00:00,3.491,3.4987,3.4792,3.4944,1898325.9
2025-08-19 18:00:00+00:00,3.4944,3.4956,3.4759,3.4759,1667786.1
2025-08-19 18:15:00+00:00,3.4759,3.4872,3.4696,3.4702,1437926.9
2025-08-19 18:30:00+00:00,3.4702,3.479,3.446,3.45,2491151.2
2025-08-19 18:45:00+00:00,3.4501,3.4578,3.4298,3.4419,4857233.3
2025-08-19 19:00:00+00:00,3.4419,3.4439,3.4182,3.4282,4931571.3
2025-08-19 19:15:00+00:00,3.4281,3.469,3.4221,3.4647,3085473.4
2025-08-19 19:30:00+00:00,3.4647,3.4704,3.4568,3.4626,1746120.1
2025-08-19 19:45:00+00:00,3.4626,3.467,3.439,3.4409,2413969.1
2025-08-19 20:00:00+00:00,3.4408,3.45,3.426,3.4263,1754249.7
2025-08-19 20:15:00+00:00,3.4265,3.4561,3.423,3.448,2515180.9
2025-08-19 20:30:00+00:00,3.4481,3.4618,3.4477,3.4584,1322246.9
2025-08-19 20:45:00+00:00,3.4584,3.4748,3.4581,3.4742,1255133.2
2025-08-19 21:00:00+00:00,3.4743,3.48,3.4618,3.4787,1625379.2
2025-08-19 21:15:00+00:00,3.4787,3.4787,3.4592,3.469,1274784.0
2025-08-19 21:30:00+00:00,3.4691,3.4747,3.4637,3.4685,554694.1
2025-08-19 21:45:00+00:00,3.4685,3.4693,3.4638,3.4679,325884.8
2025-08-19 22:00:00+00:00,3.468,3.468,3.4461,3.4499,1747844.7
2025-08-19 22:15:00+00:00,3.4499,3.4617,3.4419,3.4588,2109474.4
2025-08-19 22:30:00+00:00,3.4587,3.4698,3.4574,3.466,1273434.3
2025-08-19 22:45:00+00:00,3.4659,3.4663,3.4522,3.4577,646456.4
2025-08-19 23:00:00+00:00,3.4578,3.4604,3.4362,3.442,1370910.1
2025-08-19 23:15:00+00:00,3.4422,3.4495,3.427,3.4308,2814122.3
2025-08-19 23:30:00+00:00,3.4307,3.4429,3.4189,3.4314,3662060.8
2025-08-19 23:45:00+00:00,3.4313,3.4327,3.413,3.4204,2661866.3
2025-08-20 00:00:00+00:00,3.4204,3.4529,3.4188,3.4438,2534386.4
2025-08-20 00:15:00+00:00,3.4438,3.4561,3.4321,3.4382,1755369.8
2025-08-20 00:30:00+00:00,3.4383,3.4643,3.4323,3.4591,1881591.8
2025-08-20 00:45:00+00:00,3.459,3.4651,3.4528,3.4595,1556208.9
2025-08-20 01:00:00+00:00,3.4596,3.4688,3.4461,3.4508,1712744.9
2025-08-20 01:15:00+00:00,3.4508,3.4657,3.4406,3.449,1714836.2
2025-08-20 01:30:00+00:00,3.4491,3.4532,3.4227,3.4253,3869994.3
2025-08-20 01:45:00+00:00,3.4253,3.4686,3.4253,3.465,3140273.6
2025-08-20 02:00:00+00:00,3.4647,3.4741,3.455,3.4716,2479747.4
2025-08-20 02:15:00+00:00,3.4716,3.474,3.4609,3.4648,1344601.2
2025-08-20 02:30:00+00:00,3.4648,3.4664,3.4548,3.4628,1067637.5
2025-08-20 02:45:00+00:00,3.4628,3.4634,3.4532,3.4554,1281112.9
2025-08-20 03:00:00+00:00,3.4554,3.462,3.4478,3.4489,1209123.6
2025-08-20 03:15:00+00:00,3.4489,3.4773,3.4483,3.4768,1479336.7
2025-08-20 03:30:00+00:00,3.4768,3.4952,3.4658,3.4691,4446958.8
2025-08-20 03:45:00+00:00,3.469,3.4692,3.4614,3.4644,1058267.3
2025-08-20 04:00:00+00:00,3.4643,3.4845,3.4627,3.4782,1365577.9
2025-08-20 04:15:00+00:00,3.4782,3.4888,3.4754,3.4866,1560436.3
2025-08-20 04:30:00+00:00,3.4867,3.493,3.4728,3.4786,1948946.4
2025-08-20 04:45:00+00:00,3.4786,3.4941,3.4744,3.4918,1451023.7
2025-08-20 05:00:00+00:00,3.4918,3.4933,3.4753,3.4767,1654304.5
2025-08-20 05:15:00+00:00,3.4767,3.4826,3.4666,3.4749,1212736.6
2025-08-20 05:30:00+00:00,3.4749,3.4796,3.4705,3.4743,1085640.2
2025-08-20 05:45:00+00:00,3.4744,3.4845,3.4709,3.483,810562.9
2025-08-20 06:00:00+00:00,3.483,3.4858,3.461,3.4641,1841105.7
2025-08-20 06:15:00+00:00,3.4642,3.4695,3.4561,3.4659,1338453.4
2025-08-20 06:30:00+00:00,3.4658,3.4795,3.4649,3.4759,1425899.4
2025-08-20 06:45:00+00:00,3.4759,3.4762,3.4651,3.475,1508910.5
2025-08-20 07:00:00+00:00,3.475,3.4892,3.4748,3.4881,1662096.2
2025-08-20 07:15:00+00:00,3.488,3.492,3.4829,3.4842,1268204.6
2025-08-20 07:30:00+00:00,3.4843,3.4856,3.4724,3.4739,1112912.4
2025-08-20 07:45:00+00:00,3.4739,3.4816,3.4654,3.4685,938841.5
2025-08-20 08:00:00+00:00,3.4686,3.4794,3.4612,3.4779,1639410.6
2025-08-20 08:15:00+00:00,3.4779,3.4958,3.4773,3.4949,1947004.7
2025-08-20 08:30:00+00:00,3.495,3.5051,3.493,3.5043,4547346.7
2025-08-20 08:45:00+00:00,3.5043,3.5231,3.5007,3.5157,2692417.0
2025-08-20 09:00:00+00:00,3.5156,3.5156,3.4972,3.5005,2768540.6
2025-08-20 09:15:00+00:00,3.5005,3.5054,3.4915,3.4949,2404107.1
2025-08-20 09:30:00+00:00,3.495,3.4965,3.4833,3.4893,1442504.4
2025-08-20 09:45:00+00:00,3.4894,3.4959,3.4718,3.4768,2326116.1
2025-08-20 10:00:00+00:00,3.4768,3.4832,3.4727,3.4744,1146158.2
2025-08-20 10:15:00+00:00,3.4745,3.4896,3.4745,3.4762,1199347.9
2025-08-20 10:30:00+00:00,3.4763,3.4863,3.4739,3.4856,644769.7
2025-08-20 10:45:00+00:00,3.4856,3.4938,3.4831,3.4834,787904.0
2025-08-20 11:00:00+00:00,3.4835,3.4916,3.4681,3.4715,1703745.3
2025-08-20 11:15:00+00:00,3.4715,3.4726,3.4566,3.4588,1427428.0
2025-08-20 11:30:00+00:00,3.4588,3.4592,3.4239,3.429,3724336.8
2025-08-20 11:45:00+00:00,3.429,3.4632,3.4204,3.4632,3504504.3
2025-08-20 12:00:00+00:00,3.4632,3.4979,3.4628,3.4764,4439053.6
2025-08-20 12:15:00+00:00,3.4763,3.4844,3.4551,3.4666,2319804.5
2025-08-20 12:30:00+00:00,3.4665,3.4878,3.4626,3.484,2626376.9
2025-08-20 12:45:00+00:00,3.484,3.4862,3.4716,3.4756,1410918.0
2025-08-20 13:00:00+00:00,3.4757,3.476,3.4479,3.4479,1948451.2
2025-08-20 13:15:00+00:00,3.4479,3.4633,3.4444,3.4625,1830345.7
2025-08-20 13:30:00+00:00,3.4625,3.4839,3.4422,3.448,5025637.5
2025-08-20 13:45:00+00:00,3.448,3.4495,3.4013,3.4185,8625316.6
2025-08-20 14:00:00+00:00,3.4185,3.4337,3.3882,3.3983,7587908.5
2025-08-20 14:15:00+00:00,3.3982,3.4409,3.3792,3.4344,6041879.1
2025-08-20 14:30:00+00:00,3.4345,3.4838,3.4337,3.4721,7593499.4
2025-08-20 14:45:00+00:00,3.472,3.4957,3.4641,3.467,3949729.9
2025-08-20 15:00:00+00:00,3.4671,3.5204,3.4616,3.5082,5786973.6
2025-08-20 15:15:00+00:00,3.5083,3.5367,3.5067,3.5358,5799830.4
2025-08-20 15:30:00+00:00,3.5359,3.54,3.5194,3.5239,4079775.1
2025-08-20 15:45:00+00:00,3.524,3.5294,3.4911,3.4989,3981818.8
2025-08-20 16:00:00+00:00,3.4989,3.5321,3.4987,3.5313,3458379.5
2025-08-20 16:15:00+00:00,3.5312,3.5593,3.5299,3.5541,4616891.8
2025-08-20 16:30:00+00:00,3.5542,3.5543,3.5236,3.5318,3310648.9
2025-08-20 16:45:00+00:00,3.5318,3.541,3.5157,3.5193,2690677.0
2025-08-20 17:00:00+00:00,3.5193,3.5452,3.5162,3.5325,2726812.9
2025-08-20 17:15:00+00:00,3.5326,3.5461,3.525,3.5262,1695468.7
2025-08-20 17:30:00+00:00,3.5262,3.5643,3.523,3.5642,2886380.3
2025-08-20 17:45:00+00:00,3.5641,3.5753,3.5437,3.5584,4126956.3
2025-08-20 18:00:00+00:00,3.5584,3.56,3.5202,3.5214,3574153.4
2025-08-20 18:15:00+00:00,3.5215,3.5233,3.5052,3.5062,4042483.5
2025-08-20 18:30:00+00:00,3.5062,3.5279,3.4971,3.525,2204474.7
2025-08-20 18:45:00+00:00,3.5251,3.5382,3.5224,3.5284,1779261.1
2025-08-20 19:00:00+00:00,3.5285,3.5556,3.5261,3.5507,1461519.5
2025-08-20 19:15:00+00:00,3.5507,3.5774,3.5477,3.5677,3101600.3
2025-08-20 19:30:00+00:00,3.5676,3.5772,3.5588,3.5765,1888394.9
2025-08-20 19:45:00+00:00,3.5764,3.5875,3.5671,3.5829,3732053.9
2025-08-20 20:00:00+00:00,3.5828,3.5841,3.5716,3.5762,1567084.2
2025-08-20 20:15:00+00:00,3.5761,3.5781,3.5638,3.5695,1497166.3
2025-08-20 20:30:00+00:00,3.5694,3.5748,3.5577,3.5678,1380891.5
2025-08-20 20:45:00+00:00,3.5678,3.5763,3.5614,3.5693,2581115.8
2025-08-20 21:00:00+00:00,3.5693,3.5742,3.5582,3.5605,1558825.4
2025-08-20 21:15:00+00:00,3.5605,3.5644,3.5436,3.5498,2069863.5
2025-08-20 21:30:00+00:00,3.5498,3.5701,3.5447,3.5694,1110718.7
2025-08-20 21:45:00+00:00,3.5694,3.5781,3.5651,3.5652,953752.6
2025-08-20 22:00:00+00:00,3.5652,3.5776,3.5526,3.5591,1212874.3
2025-08-20 22:15:00+00:00,3.5591,3.563,3.5517,3.5627,904435.8
2025-08-20 22:30:00+00:00,3.5627,3.572,3.5582,3.5702,1299932.0
2025-08-20 22:45:00+00:00,3.5701,3.5783,3.5693,3.5747,882042.2
2025-08-20 23:00:00+00:00,3.5746,3.5757,3.5632,3.5645,1309882.7
2025-08-20 23:15:00+00:00,3.5645,3.566,3.5563,3.5578,1055081.4
2025-08-20 23:30:00+00:00,3.5578,3.5665,3.5547,3.5648,797170.9
2025-08-20 23:45:00+00:00,3.5647,3.565,3.55,3.5568,793806.9
2025-08-21 00:00:00+00:00,3.5568,3.5568,3.543,3.5438,1288382.8
2025-08-21 00:15:00+00:00,3.5436,3.5462,3.5323,3.5356,1613297.8
2025-08-21 00:30:00+00:00,3.5356,3.5575,3.5353,3.5524,1371448.6
2025-08-21 00:45:00+00:00,3.5524,3.5574,3.5378,3.5523,775428.9
2025-08-21 01:00:00+00:00,3.5523,3.5555,3.545,3.5501,704724.1
2025-08-21 01:15:00+00:00,3.5501,3.5538,3.5362,3.545,1410066.9
2025-08-21 01:30:00+00:00,3.5449,3.5589,3.5396,3.5543,1019216.6
2025-08-21 01:45:00+00:00,3.5543,3.5744,3.5469,3.5736,1731129.7
2025-08-21 02:00:00+00:00,3.5737,3.5821,3.5366,3.5371,2803694.3
2025-08-21 02:15:00+00:00,3.5371,3.5381,3.5188,3.5219,2626983.1
2025-08-21 02:30:00+00:00,3.5218,3.5231,3.5093,3.5152,2057049.9
2025-08-21 02:45:00+00:00,3.5152,3.5268,3.5119,3.5266,1659820.8
2025-08-21 03:00:00+00:00,3.5266,3.5723,3.5246,3.5584,3619908.2
2025-08-21 03:15:00+00:00,3.5584,3.5628,3.5458,3.549,1696379.2
2025-08-21 03:30:00+00:00,3.549,3.5537,3.5426,3.5497,1464484.6
2025-08-21 03:45:00+00:00,3.5497,3.552,3.5353,3.5363,1215842.4
2025-08-21 04:00:00+00:00,3.5363,3.5413,3.5232,3.5258,1551695.7
2025-08-21 04:15:00+00:00,3.5258,3.5304,3.5215,3.5276,1427704.1
2025-08-21 04:30:00+00:00,3.5276,3.5435,3.5237,3.5398,1361785.4
2025-08-21 04:45:00+00:00,3.5398,3.5492,3.5305,3.5315,974735.3
2025-08-21 05:00:00+00:00,3.5315,3.5328,3.5165,3.5219,1382411.6
2025-08-21 05:15:00+00:00,3.5218,3.5303,3.5159,3.5221,1182934.8
2025-08-21 05:30:00+00:00,3.522,3.5328,3.5219,3.5307,1082732.1
2025-08-21 05:45:00+00:00,3.5308,3.5407,3.5282,3.5394,972416.4
2025-08-21 06:00:00+00:00,3.5394,3.5399,3.506,3.5083,2798350.2
2025-08-21 06:15:00+00:00,3.5083,3.5112,3.5006,3.5046,1419635.2
2025-08-21 06:30:00+00:00,3.5045,3.52,3.5045,3.5158,1081930.9
2025-08-21 06:45:00+00:00,3.5158,3.5174,3.509,3.5134,756540.8
2025-08-21 07:00:00+00:00,3.5133,3.5201,3.5027,3.5031,1129997.3
2025-08-21 07:15:00+00:00,3.5033,3.5048,3.4845,3.4985,3376046.7
2025-08-21 07:30:00+00:00,3.4985,3.5167,3.4926,3.5088,1644915.3
2025-08-21 07:45:00+00:00,3.5088,3.5192,3.5054,3.5188,927963.3
2025-08-21 08:00:00+00:00,3.5189,3.5216,3.5081,3.5144,1266774.3
2025-08-21 08:15:00+00:00,3.5143,3.5143,3.488,3.4921,2087874.2
2025-08-21 08:30:00+00:00,3.4922,3.4949,3.483,3.491,1472383.1
2025-08-21 08:45:00+00:00,3.491,3.4973,3.4748,3.4748,1681178.5
2025-08-21 09:00:00+00:00,3.4748,3.4764,3.4628,3.4631,2839346.2
2025-08-21 09:15:00+00:00,3.4631,3.4647,3.4566,3.46,2373044.9
2025-08-21 09:30:00+00:00,3.4599,3.4768,3.4574,3.4758,1911981.3
2025-08-21 09:45:00+00:00,3.4758,3.4775,3.4568,3.4587,1285495.9
2025-08-21 10:00:00+00:00,3.4587,3.4685,3.45,3.4614,2171898.1
2025-08-21 10:15:00+00:00,3.4614,3.468,3.4545,3.4648,1034822.4
2025-08-21 10:30:00+00:00,3.4648,3.4676,3.4527,3.463,1984372.0
2025-08-21 10:45:00+00:00,3.4629,3.4642,3.4504,3.4534,895435.4
2025-08-21 11:00:00+00:00,3.4534,3.4652,3.4503,3.4625,1573174.2
2025-08-21 11:15:00+00:00,3.4625,3.4716,3.4572,3.471,1209179.1
2025-08-21 11:30:00+00:00,3.471,3.4778,3.4492,3.4653,3040548.0
2025-08-21 11:45:00+00:00,3.4652,3.466,3.4453,3.4573,1912702.4
2025-08-21 12:00:00+00:00,3.4573,3.46,3.4475,3.448,1603798.5
2025-08-21 12:15:00+00:00,3.448,3.4514,3.4277,3.4319,4168757.2
2025-08-21 12:30:00+00:00,3.4319,3.4504,3.4256,3.4298,3011153.6
2025-08-21 12:45:00+00:00,3.4298,3.431,3.401,3.4192,5804674.7
2025-08-21 13:00:00+00:00,3.4192,3.4317,3.4072,3.4293,2875981.3
2025-08-21 13:15:00+00:00,3.4291,3.4447,3.4236,3.4447,2328020.3
2025-08-21 13:30:00+00:00,3.4447,3.461,3.4229,3.4539,5107118.3
2025-08-21 13:45:00+00:00,3.4539,3.4569,3.4273,3.4333,4188550.8
2025-08-21 14:00:00+00:00,3.4334,3.4638,3.4254,3.4597,3523163.6
2025-08-21 14:15:00+00:00,3.4597,3.4779,3.4547,3.4711,3783304.0
2025-08-21 14:30:00+00:00,3.471,3.4722,3.4059,3.4262,7065358.7
2025-08-21 14:45:00+00:00,3.4262,3.434,3.4134,3.4251,2460195.5
2025-08-21 15:00:00+00:00,3.4252,3.4312,3.3967,3.3973,5032443.7
2025-08-21 15:15:00+00:00,3.3973,3.4263,3.3933,3.4137,3504447.5
2025-08-21 15:30:00+00:00,3.4138,3.4253,3.4013,3.4169,1648115.7
2025-08-21 15:45:00+00:00,3.4169,3.4169,3.3944,3.3988,2030569.1
2025-08-21 16:00:00+00:00,3.3988,3.4132,3.3894,3.409,3098805.1
2025-08-21 16:15:00+00:00,3.4091,3.4188,3.3971,3.4088,1883114.0
2025-08-21 16:30:00+00:00,3.4087,3.416,3.3946,3.4036,1903828.3
2025-08-21 16:45:00+00:00,3.4036,3.4075,3.3843,3.3909,2471587.3
2025-08-21 17:00:00+00:00,3.3909,3.3953,3.3825,3.3931,2896164.2
2025-08-21 17:15:00+00:00,3.3931,3.4058,3.3921,3.396,1397317.2
2025-08-21 17:30:00+00:00,3.3961,3.4165,3.394,3.4077,1968556.2
2025-08-21 17:45:00+00:00,3.4076,3.4121,3.3989,3.412,1640204.4
2025-08-21 18:00:00+00:00,3.412,3.4166,3.4018,3.4101,1475448.3
2025-08-21 18:15:00+00:00,3.4102,3.4298,3.4069,3.4262,1966130.6
2025-08-21 18:30:00+00:00,3.4263,3.4275,3.4122,3.4125,1268891.3
2025-08-21 18:45:00+00:00,3.4125,3.4349,3.4016,3.4285,2347873.7
2025-08-21 19:00:00+00:00,3.4284,3.4345,3.4217,3.423,1189552.9
2025-08-21 19:15:00+00:00,3.4229,3.4258,3.4056,3.406,1526036.5
2025-08-21 19:30:00+00:00,3.4059,3.4115,3.3988,3.3988,2630041.8
2025-08-21 19:45:00+00:00,3.3987,3.4104,3.397,3.4097,1197756.0
2025-08-21 20:00:00+00:00,3.4098,3.4161,3.4064,3.4111,730896.7
2025-08-21 20:15:00+00:00,3.4111,3.4212,3.4081,3.4181,1107723.9
2025-08-21 20:30:00+00:00,3.4182,3.4192,3.3983,3.415,1518366.3
2025-08-21 20:45:00+00:00,3.4151,3.4406,3.4137,3.4269,1917137.2
2025-08-21 21:00:00+00:00,3.427,3.4373,3.4124,3.4336,1337049.4
2025-08-21 21:15:00+00:00,3.4336,3.4417,3.4232,3.4372,1276850.0
2025-08-21 21:30:00+00:00,3.4373,3.4426,3.4281,3.4377,941821.7
2025-08-21 21:45:00+00:00,3.4377,3.444,3.436,3.4371,478181.2
2025-08-21 22:00:00+00:00,3.4372,3.4382,3.4278,3.4355,738873.4
2025-08-21 22:15:00+00:00,3.4355,3.4398,3.4308,3.437,604244.0
2025-08-21 22:30:00+00:00,3.4371,3.4382,3.4262,3.428,581357.1
2025-08-21 22:45:00+00:00,3.4279,3.4394,3.4258,3.4368,667355.1
2025-08-21 23:00:00+00:00,3.4368,3.4368,3.4205,3.4208,882065.0
2025-08-21 23:15:00+00:00,3.4208,3.4264,3.4131,3.425,843037.4
2025-08-21 23:30:00+00:00,3.425,3.426,3.4082,3.4086,1255108.4
2025-08-21 23:45:00+00:00,3.4086,3.4159,3.4068,3.4112,1429304.0
2025-08-22 00:00:00+00:00,3.4111,3.4346,3.4101,3.4264,1568930.8
2025-08-22 00:15:00+00:00,3.4264,3.4373,3.4223,3.428,1167187.0
2025-08-22 00:30:00+00:00,3.4281,3.4374,3.4267,3.4308,1202140.8
2025-08-22 00:45:00+00:00,3.4309,3.4321,3.4118,3.416,1541358.7
2025-08-22 01:00:00+00:00,3.4159,3.4249,3.3928,3.3986,2678750.4
2025-08-22 01:15:00+00:00,3.3988,3.4199,3.3986,3.4163,2542134.1
2025-08-22 01:30:00+00:00,3.4162,3.4292,3.4102,3.4273,1443050.7
2025-08-22 01:45:00+00:00,3.4274,3.4321,3.4225,3.4264,1094695.1
2025-08-22 02:00:00+00:00,3.4263,3.4471,3.4196,3.447,1489716.9
2025-08-22 02:15:00+00:00,3.447,3.4618,3.4419,3.4567,2499417.7
2025-08-22 02:30:00+00:00,3.4567,3.4574,3.4393,3.4417,1927928.0
2025-08-22 02:45:00+00:00,3.4416,3.4484,3.4315,3.4394,1594403.1
2025-08-22 03:00:00+00:00,3.4395,3.4474,3.4317,3.4413,1236541.6
2025-08-22 03:15:00+00:00,3.4414,3.4421,3.4211,3.4227,1085112.3
2025-08-22 03:30:00+00:00,3.4227,3.4239,3.4031,3.4041,1954409.7
2025-08-22 03:45:00+00:00,3.4041,3.4092,3.3988,3.4027,2186373.1
2025-08-22 04:00:00+00:00,3.4027,3.427,3.4026,3.4236,2248004.2
2025-08-22 04:15:00+00:00,3.4236,3.4393,3.4228,3.4299,1812874.2
2025-08-22 04:30:00+00:00,3.43,3.4406,3.421,3.4303,1640971.6
2025-08-22 04:45:00+00:00,3.4303,3.431,3.4122,3.4197,1364112.7
2025-08-22 05:00:00+00:00,3.4197,3.4304,3.4141,3.4262,1402630.0
2025-08-22 05:15:00+00:00,3.4261,3.4293,3.4123,3.4182,1194205.5
2025-08-22 05:30:00+00:00,3.4182,3.4364,3.4074,3.4201,1869556.8
2025-08-22 05:45:00+00:00,3.4201,3.439,3.4188,3.4361,2229902.3
2025-08-22 06:00:00+00:00,3.436,3.4407,3.4245,3.4398,1172907.2
2025-08-22 06:15:00+00:00,3.4399,3.4526,3.4367,3.4483,2157108.7
2025-08-22 06:30:00+00:00,3.4484,3.4511,3.4118,3.4185,2959026.9
2025-08-22 06:45:00+00:00,3.4186,3.4311,3.4132,3.4245,1765638.5
2025-08-22 07:00:00+00:00,3.4247,3.4487,3.4215,3.4404,2715156.6
2025-08-22 07:15:00+00:00,3.4404,3.451,3.4342,3.4483,1621404.6
2025-08-22 07:30:00+00:00,3.4483,3.4514,3.4429,3.4461,1403147.4
2025-08-22 07:45:00+00:00,3.4461,3.4559,3.4419,3.4456,1392215.3
2025-08-22 08:00:00+00:00,3.4456,3.4598,3.4451,3.4589,1483856.8
2025-08-22 08:15:00+00:00,3.4588,3.464,3.448,3.4563,1365686.1
2025-08-22 08:30:00+00:00,3.4564,3.4588,3.4411,3.4465,1035214.9
2025-08-22 08:45:00+00:00,3.4465,3.4466,3.436,3.4382,1070383.8
2025-08-22 09:00:00+00:00,3.4383,3.4432,3.4298,3.4313,1387387.0
2025-08-22 09:15:00+00:00,3.4314,3.4402,3.427,3.4327,955529.9
2025-08-22 09:30:00+00:00,3.4326,3.4395,3.4237,3.4307,885046.5
2025-08-22 09:45:00+00:00,3.4307,3.4444,3.4282,3.4376,923775.8
2025-08-22 10:00:00+00:00,3.4377,3.4381,3.4149,3.415,1774404.1
2025-08-22 10:15:00+00:00,3.415,3.4156,3.4026,3.4098,2328233.1
2025-08-22 10:30:00+00:00,3.4098,3.4119,3.3914,3.3954,2789575.8
2025-08-22 10:45:00+00:00,3.3955,3.3996,3.386,3.3905,2674669.7
2025-08-22 11:00:00+00:00,3.3906,3.391,3.3591,3.3628,6160764.9
2025-08-22 11:15:00+00:00,3.3629,3.3667,3.3542,3.3613,2659603.0
2025-08-22 11:30:00+00:00,3.3613,3.3662,3.3523,3.3581,2085820.9
2025-08-22 11:45:00+00:00,3.3582,3.3677,3.3533,3.354,2259855.4
2025-08-22 12:00:00+00:00,3.3542,3.3599,3.3324,3.3427,5145315.8
2025-08-22 12:15:00+00:00,3.3427,3.348,3.3288,3.3328,3481165.7
2025-08-22 12:30:00+00:00,3.3328,3.3351,3.3025,3.3325,11551255.9
2025-08-22 12:45:00+00:00,3.3324,3.3598,3.3274,3.3322,6451192.5
2025-08-22 13:00:00+00:00,3.3322,3.3481,3.3264,3.3316,3699637.8
2025-08-22 13:15:00+00:00,3.3315,3.3351,3.318,3.335,2249778.7
2025-08-22 13:30:00+00:00,3.335,3.3856,3.3178,3.3668,9604745.3
2025-08-22 13:45:00+00:00,3.3669,3.3873,3.3528,3.3626,6321669.0
2025-08-22 14:00:00+00:00,3.3625,3.5838,3.3619,3.5685,44661991.5
2025-08-22 14:15:00+00:00,3.5683,3.5966,3.4957,3.5758,30257202.6
2025-08-22 14:30:00+00:00,3.5758,3.6285,3.573,3.5984,16925483.6
2025-08-22 14:45:00+00:00,3.5982,3.6329,3.5975,3.6033,8549730.2
2025-08-22 15:00:00+00:00,3.6033,3.6482,3.6028,3.627,8637465.1
2025-08-22 15:15:00+00:00,3.6269,3.661,3.6262,3.6548,5553818.8
2025-08-22 15:30:00+00:00,3.655,3.6629,3.6346,3.6482,4693736.3
2025-08-22 15:45:00+00:00,3.6481,3.6579,3.6162,3.6162,6719864.0
2025-08-22 16:00:00+00:00,3.6162,3.708,3.615,3.6966,12758057.1
2025-08-22 16:15:00+00:00,3.6966,3.6966,3.6696,3.6775,4582865.4
2025-08-22 16:30:00+00:00,3.6775,3.7023,3.6757,3.6908,4170448.7
2025-08-22 16:45:00+00:00,3.6907,3.6927,3.664,3.6735,4136352.9
2025-08-22 17:00:00+00:00,3.6734,3.721,3.673,3.7182,5720805.3
2025-08-22 17:15:00+00:00,3.7182,3.737,3.7088,3.7366,5325102.2
2025-08-22 17:30:00+00:00,3.7365,3.7384,3.6994,3.7128,4170608.3
2025-08-22 17:45:00+00:00,3.7128,3.7154,3.7003,3.7045,3315020.3
2025-08-22 18:00:00+00:00,3.7045,3.7188,3.7045,3.7135,3154193.4
2025-08-22 18:15:00+00:00,3.7134,3.7153,3.6814,3.701,6351274.2
2025-08-22 18:30:00+00:00,3.701,3.7213,3.7001,3.72,1917051.9
2025-08-22 18:45:00+00:00,3.7199,3.7263,3.71,3.7221,1633421.2
2025-08-22 19:00:00+00:00,3.7221,3.7339,3.7168,3.7268,1721429.9
2025-08-22 19:15:00+00:00,3.7268,3.7345,3.7212,3.7305,1570925.4
2025-08-22 19:30:00+00:00,3.7304,3.7374,3.7223,3.7348,2636301.4
2025-08-22 19:45:00+00:00,3.7347,3.7426,3.7251,3.7307,2477248.4
2025-08-22 20:00:00+00:00,3.7306,3.738,3.7237,3.7307,1674812.7
2025-08-22 20:15:00+00:00,3.7306,3.7333,3.7229,3.7277,1188821.3
2025-08-22 20:30:00+00:00,3.7278,3.7384,3.72,3.7346,1622882.1
2025-08-22 20:45:00+00:00,3.7345,3.7469,3.7301,3.7404,1346310.0
2025-08-22 21:00:00+00:00,3.7405,3.7627,3.7338,3.7394,3592285.0
2025-08-22 21:15:00+00:00,3.7393,3.7737,3.7346,3.7661,3445411.8
2025-08-22 21:30:00+00:00,3.766,3.7693,3.7488,3.7677,1641792.1
2025-08-22 21:45:00+00:00,3.7677,3.777,3.7613,3.7674,1636644.5
2025-08-22 22:00:00+00:00,3.7674,3.7742,3.7447,3.7556,2646936.0
2025-08-22 22:15:00+00:00,3.7556,3.7649,3.7417,3.7444,1663695.9
2025-08-22 22:30:00+00:00,3.7444,3.7537,3.737,3.7513,1590269.9
2025-08-22 22:45:00+00:00,3.7514,3.7571,3.7362,3.7472,1252561.1
2025-08-22 23:00:00+00:00,3.7472,3.7555,3.7441,3.7482,1072504.2
2025-08-22 23:15:00+00:00,3.7483,3.7608,3.7482,3.7599,994206.4
2025-08-22 23:30:00+00:00,3.7599,3.771,3.7571,3.7674,1662654.1
2025-08-22 23:45:00+00:00,3.7675,3.7675,3.7543,3.76,921792.4
2025-08-23 00:00:00+00:00,3.7599,3.7649,3.7333,3.734,2803225.3
2025-08-23 00:15:00+00:00,3.734,3.7533,3.734,3.7518,2381567.5
2025-08-23 00:30:00+00:00,3.7518,3.7589,3.7343,3.7357,1015399.8
2025-08-23 00:45:00+00:00,3.7355,3.7428,3.7274,3.7328,1072029.7
2025-08-23 01:00:00+00:00,3.7328,3.7396,3.7242,3.7285,1501153.3
2025-08-23 01:15:00+00:00,3.7284,3.7284,3.6952,3.6962,4482184.0
2025-08-23 01:30:00+00:00,3.696,3.7024,3.6752,3.6752,3683950.2
2025-08-23 01:45:00+00:00,3.6753,3.7034,3.6753,3.6971,2209699.4
2025-08-23 02:00:00+00:00,3.697,3.7032,3.6827,3.6858,1925021.2
2025-08-23 02:15:00+00:00,3.6859,3.6911,3.6484,3.6484,3176184.9
2025-08-23 02:30:00+00:00,3.6484,3.6578,3.6052,3.6273,7897752.0
2025-08-23 02:45:00+00:00,3.6272,3.6473,3.6148,3.6392,2868854.6
2025-08-23 03:00:00+00:00,3.6391,3.6449,3.6205,3.6402,2470797.4
2025-08-23 03:15:00+00:00,3.6402,3.6467,3.6335,3.6445,1382656.1
2025-08-23 03:30:00+00:00,3.6445,3.6452,3.6181,3.6198,1835046.5
2025-08-23 03:45:00+00:00,3.6198,3.6355,3.6169,3.63,1308798.8
2025-08-23 04:00:00+00:00,3.63,3.6618,3.6281,3.6603,2463173.0
2025-08-23 04:15:00+00:00,3.6602,3.6654,3.646,3.6633,1796007.0
2025-08-23 04:30:00+00:00,3.6632,3.6968,3.6608,3.6967,3414278.4
2025-08-23 04:45:00+00:00,3.6968,3.7033,3.6869,3.7028,2646836.5
2025-08-23 05:00:00+00:00,3.7028,3.7297,3.6959,3.7244,2545220.3
2025-08-23 05:15:00+00:00,3.7245,3.7548,3.719,3.7516,6708625.8
2025-08-23 05:30:00+00:00,3.7514,3.7931,3.7508,3.7881,5886350.8
2025-08-23 05:45:00+00:00,3.7882,3.7942,3.7728,3.7869,2865404.9
2025-08-23 06:00:00+00:00,3.787,3.8045,3.7728,3.7806,5151029.2
2025-08-23 06:15:00+00:00,3.7806,3.7924,3.7719,3.7794,2358245.9
2025-08-23 06:30:00+00:00,3.7794,3.7833,3.7694,3.7704,1632045.6
2025-08-23 06:45:00+00:00,3.7704,3.7806,3.7704,3.7768,955374.7
2025-08-23 07:00:00+00:00,3.7768,3.7866,3.7582,3.7816,2586427.6
2025-08-23 07:15:00+00:00,3.7817,3.7836,3.7556,3.7605,1674735.1
2025-08-23 07:30:00+00:00,3.7605,3.7767,3.7485,3.7653,2826848.2
2025-08-23 07:45:00+00:00,3.7653,3.7653,3.7525,3.7585,1535475.6
2025-08-23 08:00:00+00:00,3.7585,3.7754,3.7564,3.7675,1577608.6
2025-08-23 08:15:00+00:00,3.7676,3.7792,3.7515,3.7523,2019085.3
2025-08-23 08:30:00+00:00,3.7523,3.7632,3.7446,3.7602,2049269.1
2025-08-23 08:45:00+00:00,3.7602,3.7671,3.7517,3.7633,1131977.8
2025-08-23 09:00:00+00:00,3.7633,3.7709,3.753,3.7625,1440831.2
2025-08-23 09:15:00+00:00,3.7628,3.763,3.7412,3.745,2787876.1
2025-08-23 09:30:00+00:00,3.745,3.7606,3.7432,3.7504,1569497.1
2025-08-23 09:45:00+00:00,3.7503,3.7507,3.7377,3.7409,1588177.6
2025-08-23 10:00:00+00:00,3.7408,3.7435,3.7246,3.725,1774616.4
2025-08-23 10:15:00+00:00,3.7251,3.7317,3.719,3.7312,1541664.4
2025-08-23 10:30:00+00:00,3.7312,3.7313,3.7168,3.7197,1347652.5
2025-08-23 10:45:00+00:00,3.7198,3.727,3.7126,3.7147,1489181.7
2025-08-23 11:00:00+00:00,3.7148,3.736,3.7106,3.7359,1976082.9
2025-08-23 11:15:00+00:00,3.7359,3.7497,3.7347,3.7354,2274339.8
2025-08-23 11:30:00+00:00,3.7355,3.7504,3.7348,3.7399,1005381.6
2025-08-23 11:45:00+00:00,3.74,3.7506,3.7314,3.7382,1706639.3
2025-08-23 12:00:00+00:00,3.7383,3.7499,3.7201,3.7498,2728365.5
2025-08-23 12:15:00+00:00,3.7498,3.7638,3.7436,3.746,2043210.2
2025-08-23 12:30:00+00:00,3.7461,3.7545,3.7365,3.7427,1516298.3
2025-08-23 12:45:00+00:00,3.7427,3.747,3.7308,3.738,1054594.2
2025-08-23 13:00:00+00:00,3.7381,3.7389,3.7288,3.7342,1199169.2
2025-08-23 13:15:00+00:00,3.7342,3.7384,3.7226,3.7236,1057570.9
2025-08-23 13:30:00+00:00,3.7237,3.7269,3.7062,3.7153,3077570.0
2025-08-23 13:45:00+00:00,3.7154,3.7332,3.714,3.726,3003318.7
2025-08-23 14:00:00+00:00,3.726,3.7294,3.7156,3.7266,1609533.3
2025-08-23 14:15:00+00:00,3.7265,3.7457,3.7211,3.7395,1948524.1
2025-08-23 14:30:00+00:00,3.7394,3.7464,3.709,3.7168,2551141.9
2025-08-23 14:45:00+00:00,3.7169,3.726,3.7075,3.7111,1823811.1
2025-08-23 15:00:00+00:00,3.7112,3.725,3.709,3.7145,2240125.4
2025-08-23 15:15:00+00:00,3.7145,3.7241,3.7084,3.7132,1496913.6
2025-08-23 15:30:00+00:00,3.7132,3.7158,3.7069,3.7071,1480129.3
2025-08-23 15:45:00+00:00,3.7071,3.715,3.7026,3.7083,1486880.0
2025-08-23 16:00:00+00:00,3.7084,3.7112,3.6964,3.6972,2195553.7
2025-08-23 16:15:00+00:00,3.6972,3.7028,3.686,3.6874,3896922.5
2025-08-23 16:30:00+00:00,3.6875,3.6882,3.6781,3.6827,1825277.6
2025-08-23 16:45:00+00:00,3.6827,3.6943,3.6826,3.6928,1377687.8
2025-08-23 17:00:00+00:00,3.6929,3.6985,3.6892,3.6941,1033264.8
2025-08-23 17:15:00+00:00,3.694,3.6958,3.6818,3.6824,1609648.7
2025-08-23 17:30:00+00:00,3.6824,3.6999,3.6824,3.695,935960.3
2025-08-23 17:45:00+00:00,3.6949,3.6999,3.6949,3.6973,376891.7
2025-08-23 18:00:00+00:00,3.6973,3.7015,3.6936,3.7001,699128.2
2025-08-23 18:15:00+00:00,3.7001,3.7055,3.6949,3.7025,879626.7
2025-08-23 18:30:00+00:00,3.7024,3.7076,3.7004,3.7074,1077057.7
2025-08-23 18:45:00+00:00,3.7073,3.708,3.6993,3.7025,570958.4
2025-08-23 19:00:00+00:00,3.7025,3.7096,3.7006,3.7067,677589.3
2025-08-23 19:15:00+00:00,3.7066,3.7111,3.7042,3.7057,776842.3
2025-08-23 19:30:00+00:00,3.7057,3.7146,3.7054,3.7123,380052.9
2025-08-23 19:45:00+00:00,3.7123,3.7273,3.7123,3.7219,1111617.8
2025-08-23 20:00:00+00:00,3.7219,3.7263,3.7151,3.7179,979258.1
2025-08-23 20:15:00+00:00,3.7179,3.7295,3.716,3.7291,907466.1
2025-08-23 20:30:00+00:00,3.7291,3.7299,3.716,3.72,836640.0
2025-08-23 20:45:00+00:00,3.7199,3.7268,3.7174,3.7241,501619.9
2025-08-23 21:00:00+00:00,3.724,3.729,3.7174,3.7269,874913.9
2025-08-23 21:15:00+00:00,3.7269,3.7276,3.7144,3.7147,752497.4
2025-08-23 21:30:00+00:00,3.7146,3.7207,3.7132,3.717,543722.0
2025-08-23 21:45:00+00:00,3.717,3.7175,3.7106,3.713,265650.1
2025-08-23 22:00:00+00:00,3.713,3.722,3.713,3.7202,686344.1
2025-08-23 22:15:00+00:00,3.7202,3.7212,3.7146,3.7191,329270.0
2025-08-23 22:30:00+00:00,3.719,3.7219,3.7158,3.7158,420680.2
2025-08-23 22:45:00+00:00,3.7158,3.7325,3.7153,3.7308,848924.4
2025-08-23 23:00:00+00:00,3.7309,3.737,3.7308,3.7337,893342.5
2025-08-23 23:15:00+00:00,3.7337,3.7421,3.7323,3.7372,529154.4
2025-08-23 23:30:00+00:00,3.7372,3.7372,3.7278,3.7317,533910.0
2025-08-23 23:45:00+00:00,3.7318,3.7376,3.7315,3.7358,477313.6
2025-08-24 00:00:00+00:00,3.7359,3.7485,3.7358,3.7378,1339258.1
2025-08-24 00:15:00+00:00,3.7378,3.7436,3.7265,3.7403,1426764.1
2025-08-24 00:30:00+00:00,3.7402,3.752,3.7374,3.7483,1243713.3
2025-08-24 00:45:00+00:00,3.7482,3.7482,3.7377,3.7394,861998.3
2025-08-24 01:00:00+00:00,3.7394,3.7394,3.7149,3.7251,1434822.6
2025-08-24 01:15:00+00:00,3.725,3.7334,3.7113,3.7154,1035561.3
2025-08-24 01:30:00+00:00,3.7155,3.7366,3.7132,3.7311,953414.4
2025-08-24 01:45:00+00:00,3.7311,3.7401,3.7247,3.7332,946355.1
2025-08-24 02:00:00+00:00,3.7331,3.7415,3.7261,3.7331,974311.6
2025-08-24 02:15:00+00:00,3.7331,3.742,3.7222,3.7351,1210031.6
2025-08-24 02:30:00+00:00,3.735,3.737,3.72,3.7214,1086632.0
2025-08-24 02:45:00+00:00,3.7215,3.7295,3.7152,3.7178,1836730.6
2025-08-24 03:00:00+00:00,3.7178,3.7199,3.704,3.7069,1534463.3
2025-08-24 03:15:00+00:00,3.7067,3.7123,3.6972,3.6985,1517503.3
2025-08-24 03:30:00+00:00,3.6985,3.7146,3.6955,3.7105,921129.5
2025-08-24 03:45:00+00:00,3.7105,3.7282,3.7091,3.7229,1092279.4
2025-08-24 04:00:00+00:00,3.7229,3.73,3.7129,3.7186,1215126.6
2025-08-24 04:15:00+00:00,3.7186,3.7298,3.7168,3.7248,741872.8
2025-08-24 04:30:00+00:00,3.7247,3.7395,3.7223,3.7385,1331267.3
2025-08-24 04:45:00+00:00,3.7385,3.7449,3.7308,3.7445,1061778.9
2025-08-24 05:00:00+00:00,3.7444,3.7459,3.7298,3.7337,1171547.9
2025-08-24 05:15:00+00:00,3.7337,3.738,3.731,3.7334,892696.8
2025-08-24 05:30:00+00:00,3.7333,3.7342,3.7194,3.7201,900791.1
2025-08-24 05:45:00+00:00,3.7201,3.726,3.7145,3.7176,1155120.7
2025-08-24 06:00:00+00:00,3.7176,3.7186,3.7067,3.7077,887263.7
2025-08-24 06:15:00+00:00,3.7076,3.7086,3.693,3.7049,2296572.5
2025-08-24 06:30:00+00:00,3.705,3.7062,3.6898,3.7032,1647061.5
2025-08-24 06:45:00+00:00,3.7032,3.7032,3.6868,3.6914,1649997.7
2025-08-24 07:00:00+00:00,3.6913,3.703,3.6892,3.7028,1338129.8
2025-08-24 07:15:00+00:00,3.7028,3.7043,3.685,3.701,1123484.8
2025-08-24 07:30:00+00:00,3.701,3.7066,3.6825,3.684,1111106.5
2025-08-24 07:45:00+00:00,3.684,3.6853,3.6676,3.6687,2335507.2
2025-08-24 08:00:00+00:00,3.6687,3.6906,3.6632,3.6885,2084108.7
2025-08-24 08:15:00+00:00,3.6885,3.6932,3.6775,3.6802,792411.1
2025-08-24 08:30:00+00:00,3.6801,3.689,3.6775,3.6813,680990.1
2025-08-24 08:45:00+00:00,3.6815,3.6888,3.6771,3.6855,459725.9
2025-08-24 09:00:00+00:00,3.6854,3.6932,3.6736,3.6763,903543.4
2025-08-24 09:15:00+00:00,3.6763,3.6829,3.6723,3.6782,918333.1
2025-08-24 09:30:00+00:00,3.6781,3.6946,3.674,3.6915,1622172.5
2025-08-24 09:45:00+00:00,3.6914,3.6925,3.6779,3.6794,1086112.3
2025-08-24 10:00:00+00:00,3.6793,3.6794,3.6533,3.654,2345213.2
2025-08-24 10:15:00+00:00,3.654,3.6574,3.6441,3.6466,2580051.0
2025-08-24 10:30:00+00:00,3.6465,3.6466,3.6178,3.6257,5372763.7
2025-08-24 10:45:00+00:00,3.6257,3.6333,3.616,3.6167,3582972.3
2025-08-24 11:00:00+00:00,3.6168,3.6315,3.6098,3.6144,2990110.1
2025-08-24 11:15:00+00:00,3.6144,3.6209,3.6015,3.6153,2952001.4
2025-08-24 11:30:00+00:00,3.6152,3.623,3.608,3.6082,1442139.6
2025-08-24 11:45:00+00:00,3.6083,3.6222,3.608,3.619,1209761.0
2025-08-24 12:00:00+00:00,3.6188,3.629,3.6121,3.6243,1328917.9
2025-08-24 12:15:00+00:00,3.6242,3.6292,3.6163,3.6221,1519648.7
2025-08-24 12:30:00+00:00,3.622,3.6284,3.6187,3.6262,919739.4
2025-08-24 12:45:00+00:00,3.6263,3.6332,3.62,3.6311,813083.5
2025-08-24 13:00:00+00:00,3.631,3.6367,3.628,3.6345,1516838.2
2025-08-24 13:15:00+00:00,3.6345,3.6388,3.6303,3.6364,1458191.4
2025-08-24 13:30:00+00:00,3.6363,3.6402,3.6226,3.6265,1235270.7
2025-08-24 13:45:00+00:00,3.6265,3.6306,3.6206,3.6223,847386.9
2025-08-24 14:00:00+00:00,3.6223,3.6234,3.6092,3.6152,1990286.1
2025-08-24 14:15:00+00:00,3.6151,3.6403,3.6135,3.6239,2028963.8
2025-08-24 14:30:00+00:00,3.6239,3.6328,3.6184,3.6245,1178762.1
2025-08-24 14:45:00+00:00,3.6245,3.6424,3.6235,3.6403,2313764.3
2025-08-24 15:00:00+00:00,3.6402,3.6699,3.6331,3.6618,4189465.6
2025-08-24 15:15:00+00:00,3.6618,3.6781,3.6525,3.6698,3167057.4
2025-08-24 15:30:00+00:00,3.6698,3.6758,3.644,3.6477,2869086.0
2025-08-24 15:45:00+00:00,3.6476,3.6488,3.623,3.6305,2019823.0
2025-08-24 16:00:00+00:00,3.6306,3.6436,3.6272,3.6411,2359751.4
2025-08-24 16:15:00+00:00,3.6411,3.6438,3.6291,3.6335,1725777.3
2025-08-24 16:30:00+00:00,3.6336,3.6591,3.627,3.6522,2162679.6
2025-08-24 16:45:00+00:00,3.6519,3.6686,3.6462,3.6591,1436400.8
2025-08-24 17:00:00+00:00,3.659,3.6938,3.658,3.6938,2426059.8
2025-08-24 17:15:00+00:00,3.6937,3.6986,3.6779,3.6834,2950604.2
2025-08-24 17:30:00+00:00,3.6834,3.7168,3.6774,3.7164,2932569.8
2025-08-24 17:45:00+00:00,3.7164,3.7275,3.7066,3.715,4656223.5
2025-08-24 18:00:00+00:00,3.715,3.743,3.7042,3.7426,2528248.4
2025-08-24 18:15:00+00:00,3.7425,3.7872,3.739,3.7825,5337247.5
2025-08-24 18:30:00+00:00,3.7824,3.8016,3.7736,3.7934,7307707.6
2025-08-24 18:45:00+00:00,3.7933,3.8017,3.7853,3.792,3648920.2
2025-08-24 19:00:00+00:00,3.7919,3.8405,3.7908,3.8241,5503699.2
2025-08-24 19:15:00+00:00,3.8241,3.8493,3.8192,3.8317,5947430.8
2025-08-24 19:30:00+00:00,3.8317,3.8337,3.6226,3.7235,33245126.1
2025-08-24 19:45:00+00:00,3.7235,3.726,3.6596,3.7026,11298791.9
2025-08-24 20:00:00+00:00,3.7025,3.7044,3.6132,3.646,11990475.4
2025-08-24 20:15:00+00:00,3.646,3.7051,3.6418,3.6908,5463681.8
2025-08-24 20:30:00+00:00,3.6907,3.7029,3.6675,3.7017,4902236.9
2025-08-24 20:45:00+00:00,3.7018,3.7021,3.6716,3.6761,1789177.4
2025-08-24 21:00:00+00:00,3.6762,3.694,3.65,3.6814,3749288.5
2025-08-24 21:15:00+00:00,3.6814,3.6912,3.6737,3.686,1620906.7
2025-08-24 21:30:00+00:00,3.6861,3.7243,3.6834,3.7113,2665918.6
2025-08-24 21:45:00+00:00,3.7113,3.7295,3.6928,3.6985,1862724.0
2025-08-24 22:00:00+00:00,3.6985,3.704,3.6736,3.6897,2452327.0
2025-08-24 22:15:00+00:00,3.6896,3.6896,3.6336,3.6346,3494910.7
2025-08-24 22:30:00+00:00,3.6345,3.6633,3.6296,3.663,2556596.2
2025-08-24 22:45:00+00:00,3.6629,3.6853,3.6553,3.6836,1720986.8
2025-08-24 23:00:00+00:00,3.6837,3.7,3.6705,3.6891,1850010.7
2025-08-24 23:15:00+00:00,3.6891,3.6981,3.6826,3.6926,1199844.6
2025-08-24 23:30:00+00:00,3.6926,3.6991,3.6823,3.6946,1078445.3
2025-08-24 23:45:00+00:00,3.6946,3.6992,3.6758,3.6793,1290382.5
2025-08-25 00:00:00+00:00,3.6792,3.703,3.6775,3.6948,1896757.0
2025-08-25 00:15:00+00:00,3.6948,3.7023,3.6547,3.656,2467105.6
2025-08-25 00:30:00+00:00,3.6561,3.6565,3.58,3.5951,8414028.5
2025-08-25 00:45:00+00:00,3.5952,3.6213,3.5877,3.6161,3712378.3
2025-08-25 01:00:00+00:00,3.616,3.6246,3.6112,3.6237,2089290.1
2025-08-25 01:15:00+00:00,3.6237,3.6686,3.605,3.6496,3043945.0
2025-08-25 01:30:00+00:00,3.6495,3.6521,3.6292,3.6297,4131086.2
2025-08-25 01:45:00+00:00,3.6297,3.6527,3.6268,3.6437,1369986.0
2025-08-25 02:00:00+00:00,3.6437,3.6762,3.6408,3.6751,1683883.5
2025-08-25 02:15:00+00:00,3.6751,3.7118,3.6707,3.6939,3290513.4
2025-08-25 02:30:00+00:00,3.6939,3.7153,3.6925,3.7032,2088342.7
2025-08-25 02:45:00+00:00,3.7033,3.725,3.6994,3.7157,1750818.6
2025-08-25 03:00:00+00:00,3.7156,3.7368,3.7032,3.709,3941453.8
2025-08-25 03:15:00+00:00,3.7091,3.7238,3.6937,3.6998,2976936.0
2025-08-25 03:30:00+00:00,3.6998,3.7164,3.689,3.7057,2313799.1
2025-08-25 03:45:00+00:00,3.7056,3.7138,3.6816,3.6882,1862656.7
2025-08-25 04:00:00+00:00,3.6882,3.6956,3.665,3.6651,2278421.5
2025-08-25 04:15:00+00:00,3.6651,3.6796,3.6581,3.6619,1940631.2
2025-08-25 04:30:00+00:00,3.6619,3.6664,3.6472,3.6542,1498658.8
2025-08-25 04:45:00+00:00,3.6541,3.6621,3.6476,3.6494,1307486.7
2025-08-25 05:00:00+00:00,3.6494,3.661,3.622,3.623,2640821.0
2025-08-25 05:15:00+00:00,3.6231,3.6398,3.6165,3.634,1932259.9
2025-08-25 05:30:00+00:00,3.6344,3.6382,3.6213,3.6312,1546013.0
2025-08-25 05:45:00+00:00,3.6312,3.6373,3.6093,3.6096,2028266.7
2025-08-25 06:00:00+00:00,3.6095,3.6134,3.5824,3.5848,4380459.5
2025-08-25 06:15:00+00:00,3.5849,3.5966,3.5668,3.5804,4544974.9
2025-08-25 06:30:00+00:00,3.5804,3.5829,3.5509,3.5517,4071113.2
2025-08-25 06:45:00+00:00,3.5516,3.5531,3.5236,3.5253,6338966.9
2025-08-25 07:00:00+00:00,3.5253,3.5469,3.5238,3.5457,5167388.5
2025-08-25 07:15:00+00:00,3.5457,3.5488,3.5251,3.5255,2238586.3
2025-08-25 07:30:00+00:00,3.5257,3.5297,3.5035,3.5214,5252138.0
2025-08-25 07:45:00+00:00,3.5214,3.5225,3.4816,3.4979,5317877.4
2025-08-25 08:00:00+00:00,3.4978,3.5011,3.4656,3.4899,6889810.8
2025-08-25 08:15:00+00:00,3.49,3.5093,3.4851,3.491,3815334.9
2025-08-25 08:30:00+00:00,3.491,3.4998,3.4768,3.4778,2630053.2
2025-08-25 08:45:00+00:00,3.4777,3.4974,3.4762,3.4896,1454498.5
2025-08-25 09:00:00+00:00,3.4896,3.4908,3.4685,3.4799,2448125.3
2025-08-25 09:15:00+00:00,3.4799,3.4904,3.4675,3.4679,2121969.6
2025-08-25 09:30:00+00:00,3.4679,3.4855,3.4628,3.4821,2425000.0
2025-08-25 09:45:00+00:00,3.482,3.4918,3.4751,3.4918,1629595.7
2025-08-25 10:00:00+00:00,3.4917,3.4917,3.4661,3.4805,2310150.6
2025-08-25 10:15:00+00:00,3.4805,3.4825,3.4403,3.4534,4714329.9
2025-08-25 10:30:00+00:00,3.4536,3.4627,3.4376,3.4571,2928077.1
2025-08-25 10:45:00+00:00,3.4569,3.471,3.4504,3.4517,2459417.7
2025-08-25 11:00:00+00:00,3.4518,3.4538,3.4452,3.4528,1825262.2
2025-08-25 11:15:00+00:00,3.4529,3.4607,3.4484,3.4518,1536530.9
2025-08-25 11:30:00+00:00,3.4519,3.4658,3.4512,3.4551,2261638.1
2025-08-25 11:45:00+00:00,3.4552,3.4737,3.4545,3.4647,2054339.1
2025-08-25 12:00:00+00:00,3.4646,3.4718,3.4519,3.4694,2544465.1
2025-08-25 12:15:00+00:00,3.4692,3.4814,3.455,3.4808,2921889.9
2025-08-25 12:30:00+00:00,3.4808,3.4809,3.4574,3.4755,3226253.3
2025-08-25 12:45:00+00:00,3.4752,3.4864,3.465,3.4862,1339882.0
2025-08-25 13:00:00+00:00,3.4861,3.4885,3.4705,3.476,2068481.9
2025-08-25 13:15:00+00:00,3.4761,3.4948,3.461,3.4818,3965459.1
2025-08-25 13:30:00+00:00,3.4819,3.4869,3.4469,3.46,4101589.6
2025-08-25 13:45:00+00:00,3.4599,3.4842,3.439,3.4748,4252319.8
2025-08-25 14:00:00+00:00,3.4749,3.4997,3.4642,3.4924,3115458.6
2025-08-25 14:15:00+00:00,3.4924,3.5076,3.4812,3.4823,6507549.0
2025-08-25 14:30:00+00:00,3.4823,3.4948,3.47,3.4746,2438932.8
2025-08-25 14:45:00+00:00,3.4745,3.4945,3.4728,3.4848,1643507.5
2025-08-25 15:00:00+00:00,3.4848,3.4925,3.466,3.4727,2317858.7
2025-08-25 15:15:00+00:00,3.4728,3.495,3.471,3.4894,1383264.1
2025-08-25 15:30:00+00:00,3.4895,3.4934,3.469,3.4807,1544736.2
2025-08-25 15:45:00+00:00,3.4806,3.4806,3.453,3.4603,1550111.7
2025-08-25 16:00:00+00:00,3.4605,3.4778,3.4425,3.4775,2856964.0
2025-08-25 16:15:00+00:00,3.4775,3.4912,3.4719,3.474,1520304.8
2025-08-25 16:30:00+00:00,3.474,3.4832,3.4657,3.4772,1184544.4
2025-08-25 16:45:00+00:00,3.4772,3.4822,3.4584,3.4589,1297036.1
2025-08-25 17:00:00+00:00,3.4589,3.4614,3.4322,3.4469,3458740.5
2025-08-25 17:15:00+00:00,3.447,3.462,3.4357,3.4568,1530106.5
2025-08-25 17:30:00+00:00,3.4569,3.4619,3.439,3.4457,1234302.2
2025-08-25 17:45:00+00:00,3.4457,3.4604,3.4393,3.4495,984136.3
2025-08-25 18:00:00+00:00,3.4495,3.462,3.4395,3.4587,1513218.5
2025-08-25 18:15:00+00:00,3.4588,3.4624,3.4484,3.451,1519479.8
2025-08-25 18:30:00+00:00,3.4509,3.4552,3.4367,3.4452,1139707.1
2025-08-25 18:45:00+00:00,3.4452,3.449,3.44,3.442,799771.9
2025-08-25 19:00:00+00:00,3.442,3.445,3.4251,3.4302,2942394.1
2025-08-25 19:15:00+00:00,3.4301,3.4307,3.4041,3.4286,5806096.7
2025-08-25 19:30:00+00:00,3.4285,3.4289,3.3936,3.4028,5221300.9
2025-08-25 19:45:00+00:00,3.4028,3.4072,3.3656,3.3712,5885611.5
2025-08-25 20:00:00+00:00,3.3712,3.391,3.3406,3.3594,11422185.9
2025-08-25 20:15:00+00:00,3.3593,3.3839,3.3589,3.3705,3820659.4
2025-08-25 20:30:00+00:00,3.3705,3.3718,3.3222,3.3427,10622257.8
2025-08-25 20:45:00+00:00,3.3427,3.3556,3.322,3.3247,3743207.8
2025-08-25 21:00:00+00:00,3.3246,3.3493,3.3187,3.3275,6696103.6
2025-08-25 21:15:00+00:00,3.3275,3.347,3.3249,3.3271,2876494.6
2025-08-25 21:30:00+00:00,3.3272,3.3479,3.3109,3.3235,4132730.4
2025-08-25 21:45:00+00:00,3.3236,3.3374,3.32,3.3217,1559974.5
2025-08-25 22:00:00+00:00,3.3218,3.3357,3.3153,3.3164,2380812.5
2025-08-25 22:15:00+00:00,3.3163,3.3378,3.3099,3.3357,3055269.0
2025-08-25 22:30:00+00:00,3.3358,3.3588,3.3319,3.3583,3114889.9
2025-08-25 22:45:00+00:00,3.3583,3.3598,3.3339,3.3407,2088185.1
2025-08-25 23:00:00+00:00,3.3407,3.3438,3.3304,3.3418,1533979.8
2025-08-25 23:15:00+00:00,3.3418,3.3512,3.326,3.3356,1538732.8
2025-08-25 23:30:00+00:00,3.3357,3.3453,3.331,3.3447,858844.9
2025-08-25 23:45:00+00:00,3.3446,3.3502,3.3372,3.3387,1281021.3
2025-08-26 00:00:00+00:00,3.3386,3.3492,3.3248,3.349,2785620.8
2025-08-26 00:15:00+00:00,3.3489,3.3632,3.3446,3.3613,2527917.0
2025-08-26 00:30:00+00:00,3.3612,3.3713,3.3372,3.3377,2878845.8
2025-08-26 00:45:00+00:00,3.3377,3.3558,3.3202,3.3445,3477856.6
2025-08-26 01:00:00+00:00,3.3446,3.3657,3.3285,3.3445,2447656.9
2025-08-26 01:15:00+00:00,3.3446,3.3651,3.3415,3.3647,1387498.8
2025-08-26 01:30:00+00:00,3.3646,3.37,3.3533,3.363,1095569.4
2025-08-26 01:45:00+00:00,3.3631,3.3834,3.3625,3.3826,1685694.5
2025-08-26 02:00:00+00:00,3.3824,3.3943,3.3745,3.3902,2463155.5
2025-08-26 02:15:00+00:00,3.3902,3.3916,3.3692,3.3787,1641156.2
2025-08-26 02:30:00+00:00,3.3787,3.3812,3.3569,3.3632,1180948.9
2025-08-26 02:45:00+00:00,3.3632,3.368,3.3465,3.3566,1781182.9
2025-08-26 03:00:00+00:00,3.3567,3.3606,3.3503,3.3531,1062455.9
2025-08-26 03:15:00+00:00,3.3531,3.3686,3.3436,3.36,1086826.5
2025-08-26 03:30:00+00:00,3.36,3.372,3.3585,3.3688,507115.9
2025-08-26 03:45:00+00:00,3.3689,3.37,3.361,3.3642,500596.2
2025-08-26 04:00:00+00:00,3.3643,3.3825,3.3638,3.382,1193322.8
2025-08-26 04:15:00+00:00,3.3819,3.3894,3.3728,3.38,1486112.9
2025-08-26 04:30:00+00:00,3.38,3.392,3.38,3.389,991821.9
2025-08-26 04:45:00+00:00,3.3889,3.3986,3.382,3.3934,1753993.8
2025-08-26 05:00:00+00:00,3.3934,3.4058,3.39,3.405,1880411.2
2025-08-26 05:15:00+00:00,3.4049,3.4139,3.4036,3.4061,1399225.5
2025-08-26 05:30:00+00:00,3.4061,3.4351,3.4021,3.4351,2285044.9
2025-08-26 05:45:00+00:00,3.435,3.4371,3.4159,3.4178,2460777.2
2025-08-26 06:00:00+00:00,3.4178,3.441,3.4125,3.44,2138206.9
2025-08-26 06:15:00+00:00,3.44,3.4466,3.4152,3.4254,2596977.6
2025-08-26 06:30:00+00:00,3.4254,3.4288,3.4128,3.4142,1071729.5
2025-08-26 06:45:00+00:00,3.4143,3.4205,3.4026,3.4117,1803644.3
2025-08-26 07:00:00+00:00,3.4116,3.4137,3.3964,3.3981,2203418.7
2025-08-26 07:15:00+00:00,3.3981,3.4051,3.3886,3.3938,1617692.9
2025-08-26 07:30:00+00:00,3.3937,3.4399,3.3926,3.4269,3390539.8
2025-08-26 07:45:00+00:00,3.4269,3.4373,3.414,3.4346,2123956.8
2025-08-26 08:00:00+00:00,3.4342,3.4394,3.4187,3.4302,1427938.9
2025-08-26 08:15:00+00:00,3.4302,3.44,3.4143,3.4165,1265081.8
2025-08-26 08:30:00+00:00,3.4163,3.4165,3.3984,3.4021,2129041.1
2025-08-26 08:45:00+00:00,3.4021,3.4164,3.3976,3.4022,1513758.0
2025-08-26 09:00:00+00:00,3.4022,3.4109,3.3928,3.405,1239643.0
2025-08-26 09:15:00+00:00,3.4051,3.4141,3.4048,3.4109,893737.2
2025-08-26 09:30:00+00:00,3.411,3.4141,3.4,3.4029,2156725.3
2025-08-26 09:45:00+00:00,3.403,3.4072,3.396,3.4036,1658771.3
2025-08-26 10:00:00+00:00,3.4037,3.4161,3.3986,3.4119,1294625.3
2025-08-26 10:15:00+00:00,3.4118,3.4147,3.3949,3.401,1031869.2
2025-08-26 10:30:00+00:00,3.401,3.4193,3.4007,3.4157,1502458.6
2025-08-26 10:45:00+00:00,3.4157,3.4213,3.3921,3.3987,2274830.3
2025-08-26 11:00:00+00:00,3.3987,3.4068,3.3883,3.3965,1629683.1
2025-08-26 11:15:00+00:00,3.3965,3.3965,3.3773,3.3826,2016839.0
2025-08-26 11:30:00+00:00,3.3825,3.3838,3.3677,3.3738,2041856.3
2025-08-26 11:45:00+00:00,3.3738,3.3839,3.3647,3.3839,1802869.7
2025-08-26 12:00:00+00:00,3.3839,3.385,3.3557,3.3568,3086980.8
2025-08-26 12:15:00+00:00,3.3569,3.3663,3.3514,3.3651,1454815.1
2025-08-26 12:30:00+00:00,3.3652,3.45,3.3644,3.428,8975231.2
2025-08-26 12:45:00+00:00,3.4279,3.4445,3.3739,3.4123,6953859.8
2025-08-26 13:00:00+00:00,3.4124,3.416,3.3944,3.3961,2595538.2
2025-08-26 13:15:00+00:00,3.3961,3.4055,3.384,3.3912,1739277.9
2025-08-26 13:30:00+00:00,3.3913,3.4224,3.3832,3.4003,5124038.8
2025-08-26 13:45:00+00:00,3.4003,3.4057,3.3629,3.4023,5472423.5
2025-08-26 14:00:00+00:00,3.4024,3.4123,3.377,3.3865,3190369.0
2025-08-26 14:15:00+00:00,3.3864,3.423,3.3837,3.4077,3115986.2
2025-08-26 14:30:00+00:00,3.4077,3.4243,3.4064,3.4239,2133698.6
2025-08-26 14:45:00+00:00,3.424,3.4442,3.4123,3.4358,3032535.6
2025-08-26 15:00:00+00:00,3.4357,3.4497,3.4191,3.4272,4046470.8
2025-08-26 15:15:00+00:00,3.4272,3.4374,3.4154,3.4189,1599783.2
2025-08-26 15:30:00+00:00,3.419,3.4196,3.391,3.3957,2380980.7
2025-08-26 15:45:00+00:00,3.3953,3.4073,3.3949,3.4014,1115774.5
2025-08-26 16:00:00+00:00,3.4014,3.4138,3.3842,3.3853,1598685.1
2025-08-26 16:15:00+00:00,3.3854,3.4022,3.3853,3.3961,1534867.5
2025-08-26 16:30:00+00:00,3.396,3.4044,3.3876,3.4005,1363369.5
2025-08-26 16:45:00+00:00,3.4004,3.4151,3.3924,3.4139,1646503.7
2025-08-26 17:00:00+00:00,3.4138,3.4166,3.3957,3.4034,1839565.5
2025-08-26 17:15:00+00:00,3.4033,3.4172,3.3969,3.4151,1125868.8
2025-08-26 17:30:00+00:00,3.4151,3.4174,3.3904,3.4007,2476711.3
2025-08-26 17:45:00+00:00,3.4008,3.4181,3.3944,3.418,2534220.3
2025-08-26 18:00:00+00:00,3.4181,3.4269,3.4145,3.4197,1427104.6
2025-08-26 18:15:00+00:00,3.4196,3.4358,3.4145,3.4344,1214864.7
2025-08-26 18:30:00+00:00,3.4343,3.4394,3.4257,3.4355,1340816.3
2025-08-26 18:45:00+00:00,3.4355,3.4395,3.4262,3.4282,1322213.0
2025-08-26 19:00:00+00:00,3.4281,3.4298,3.4136,3.4294,1222421.3
2025-08-26 19:15:00+00:00,3.4294,3.4524,3.4265,3.4501,1971289.4
2025-08-26 19:30:00+00:00,3.4501,3.4583,3.444,3.4511,4037464.3
2025-08-26 19:45:00+00:00,3.4511,3.49,3.4506,3.4814,3088318.7
2025-08-26 20:00:00+00:00,3.4812,3.4897,3.466,3.4887,2601533.4
2025-08-26 20:15:00+00:00,3.4887,3.49,3.4713,3.4782,2176801.6
2025-08-26 20:30:00+00:00,3.4783,3.4789,3.4517,3.4553,1859974.3
2025-08-26 20:45:00+00:00,3.4552,3.4701,3.445,3.4648,1732840.8
2025-08-26 21:00:00+00:00,3.4649,3.4662,3.438,3.4417,1188071.8
2025-08-26 21:15:00+00:00,3.4417,3.4555,3.4392,3.4428,1766561.0
2025-08-26 21:30:00+00:00,3.4427,3.459,3.4427,3.4512,1044786.0
2025-08-26 21:45:00+00:00,3.4511,3.4695,3.4497,3.4657,857269.5
2025-08-26 22:00:00+00:00,3.4657,3.4718,3.4534,3.4641,1356799.8
2025-08-26 22:15:00+00:00,3.464,3.4717,3.4512,3.4554,976046.3
2025-08-26 22:30:00+00:00,3.4553,3.4626,3.4491,3.4516,815364.6
2025-08-26 22:45:00+00:00,3.4516,3.4662,3.4491,3.4657,649062.7
2025-08-26 23:00:00+00:00,3.4658,3.4826,3.4602,3.4771,1634389.4
2025-08-26 23:15:00+00:00,3.477,3.477,3.4591,3.4602,933314.2
2025-08-26 23:30:00+00:00,3.4601,3.4609,3.4484,3.4573,1373916.7
2025-08-26 23:45:00+00:00,3.4573,3.4581,3.4469,3.4515,1026592.0
2025-08-27 00:00:00+00:00,3.4514,3.452,3.4424,3.4427,1020240.7
2025-08-27 00:15:00+00:00,3.4426,3.4533,3.4389,3.4444,1211931.2
2025-08-27 00:30:00+00:00,3.4445,3.4485,3.4367,3.4385,866576.1
2025-08-27 00:45:00+00:00,3.4386,3.4404,3.42,3.4295,2231939.4
2025-08-27 01:00:00+00:00,3.4295,3.4314,3.4158,3.4217,1879091.4
2025-08-27 01:15:00+00:00,3.4216,3.4223,3.4095,3.4173,1410389.4
2025-08-27 01:30:00+00:00,3.4172,3.4304,3.4137,3.418,1131842.8
2025-08-27 01:45:00+00:00,3.4181,3.4376,3.4172,3.4372,1286962.8
2025-08-27 02:00:00+00:00,3.4372,3.4396,3.4181,3.4262,1386824.5
2025-08-27 02:15:00+00:00,3.4261,3.4569,3.426,3.4475,2603680.3
2025-08-27 02:30:00+00:00,3.4474,3.462,3.4459,3.4586,1932263.3
2025-08-27 02:45:00+00:00,3.4587,3.4617,3.4493,3.4498,1531842.7
2025-08-27 03:00:00+00:00,3.4499,3.4567,3.4363,3.438,1499966.4
2025-08-27 03:15:00+00:00,3.438,3.4388,3.4264,3.4336,1209774.5
2025-08-27 03:30:00+00:00,3.4336,3.4516,3.4336,3.4504,1680082.5
2025-08-27 03:45:00+00:00,3.4505,3.5045,3.4505,3.4709,7579655.8
2025-08-27 04:00:00+00:00,3.471,3.5047,3.4667,3.4876,3379799.8
2025-08-27 04:15:00+00:00,3.4876,3.4979,3.4677,3.4691,2478876.6
2025-08-27 04:30:00+00:00,3.4692,3.4866,3.4687,3.4852,1573605.4
2025-08-27 04:45:00+00:00,3.4851,3.505,3.4851,3.4965,2853995.7
2025-08-27 05:00:00+00:00,3.4965,3.4985,3.4786,3.487,1755068.9
2025-08-27 05:15:00+00:00,3.487,3.4914,3.4624,3.4682,2467325.4
2025-08-27 05:30:00+00:00,3.4684,3.4699,3.4533,3.4596,1672867.3
2025-08-27 05:45:00+00:00,3.4597,3.4612,3.4514,3.4592,1110145.0
2025-08-27 06:00:00+00:00,3.4592,3.4615,3.4474,3.4523,1463693.7
2025-08-27 06:15:00+00:00,3.4523,3.4586,3.4452,3.4547,998409.4
2025-08-27 06:30:00+00:00,3.4546,3.4618,3.4475,3.4475,1004969.0
2025-08-27 06:45:00+00:00,3.4475,3.4487,3.4401,3.4406,1117319.4
2025-08-27 07:00:00+00:00,3.4407,3.4453,3.4357,3.4364,1242628.5
2025-08-27 07:15:00+00:00,3.4364,3.4376,3.4191,3.421,2136651.9
2025-08-27 07:30:00+00:00,3.421,3.4257,3.4141,3.4184,2170245.2
2025-08-27 07:45:00+00:00,3.4184,3.4338,3.414,3.4301,1687731.7
2025-08-27 08:00:00+00:00,3.4302,3.442,3.4269,3.4281,1975681.3
2025-08-27 08:15:00+00:00,3.4282,3.43,3.42,3.4257,1052630.6
2025-08-27 08:30:00+00:00,3.4257,3.435,3.4206,3.4233,861696.2
2025-08-27 08:45:00+00:00,3.4234,3.4383,3.4114,3.437,1788839.3
2025-08-27 09:00:00+00:00,3.437,3.4498,3.431,3.4384,1869765.5
2025-08-27 09:15:00+00:00,3.4384,3.452,3.438,3.4474,1205469.9
2025-08-27 09:30:00+00:00,3.4474,3.4522,3.4326,3.435,1577748.6
2025-08-27 09:45:00+00:00,3.435,3.4365,3.4268,3.4286,1026732.7
2025-08-27 10:00:00+00:00,3.4287,3.4392,3.4253,3.4392,1105685.5
2025-08-27 10:15:00+00:00,3.4391,3.4458,3.4268,3.4422,2001977.3
2025-08-27 10:30:00+00:00,3.4421,3.4452,3.4158,3.4262,1674265.1
2025-08-27 10:45:00+00:00,3.4262,3.4346,3.4238,3.4286,728325.8
2025-08-27 11:00:00+00:00,3.4287,3.439,3.4286,3.438,819960.4
2025-08-27 11:15:00+00:00,3.438,3.4419,3.4292,3.4325,1266863.7
2025-08-27 11:30:00+00:00,3.4326,3.4448,3.4319,3.4359,845717.8
2025-08-27 11:45:00+00:00,3.4359,3.4492,3.4356,3.4456,1048783.2
2025-08-27 12:00:00+00:00,3.4456,3.455,3.4274,3.4416,1908458.8
2025-08-27 12:15:00+00:00,3.4417,3.4439,3.4297,3.432,1048672.8
2025-08-27 12:30:00+00:00,3.432,3.4385,3.4254,3.4291,988499.6
2025-08-27 12:45:00+00:00,3.4292,3.449,3.4283,3.446,1080637.3
2025-08-27 13:00:00+00:00,3.446,3.4483,3.4323,3.4393,1271077.7
2025-08-27 13:15:00+00:00,3.4393,3.4528,3.4345,3.4461,935304.4
2025-08-27 13:30:00+00:00,3.4462,3.4815,3.4253,3.462,4773073.6
2025-08-27 13:45:00+00:00,3.4622,3.4815,3.455,3.4573,3486904.7
2025-08-27 14:00:00+00:00,3.4574,3.4722,3.4497,3.4661,1883927.8
2025-08-27 14:15:00+00:00,3.466,3.4891,3.4599,3.4856,2242013.2
2025-08-27 14:30:00+00:00,3.4855,3.5153,3.4847,3.4994,7798942.8
2025-08-27 14:45:00+00:00,3.4995,3.5048,3.4776,3.4836,4312080.5
2025-08-27 15:00:00+00:00,3.4837,3.5141,3.4808,3.5107,2716003.4
2025-08-27 15:15:00+00:00,3.5106,3.5145,3.483,3.4973,3303007.1
2025-08-27 15:30:00+00:00,3.4972,3.4998,3.4818,3.489,2602771.4
2025-08-27 15:45:00+00:00,3.4889,3.5003,3.4863,3.4971,1456578.9
2025-08-27 16:00:00+00:00,3.4972,3.4984,3.4779,3.4836,1513989.4
2025-08-27 16:15:00+00:00,3.4835,3.4976,3.4658,3.4734,2415128.2
2025-08-27 16:30:00+00:00,3.4734,3.4777,3.4586,3.4752,2467016.0
2025-08-27 16:45:00+00:00,3.4751,3.4947,3.473,3.4817,1386153.0
2025-08-27 17:00:00+00:00,3.4817,3.4844,3.4701,3.4715,1643987.4
2025-08-27 17:15:00+00:00,3.4715,3.4921,3.4684,3.4914,1170600.6
2025-08-27 17:30:00+00:00,3.4913,3.4998,3.485,3.4982,1044184.2
2025-08-27 17:45:00+00:00,3.4983,3.5096,3.4936,3.4987,1338610.6
2025-08-27 18:00:00+00:00,3.4986,3.52,3.4976,3.5164,1931891.6
2025-08-27 18:15:00+00:00,3.5163,3.5182,3.5038,3.5147,2443182.1
2025-08-27 18:30:00+00:00,3.5145,3.5156,3.4951,3.4968,2028560.3
2025-08-27 18:45:00+00:00,3.4968,3.5039,3.4808,3.4814,1916283.0
2025-08-27 19:00:00+00:00,3.4815,3.4878,3.4476,3.4546,4537187.8
2025-08-27 19:15:00+00:00,3.4547,3.4777,3.4515,3.4733,1894431.6
2025-08-27 19:30:00+00:00,3.4732,3.4879,3.4725,3.4756,1284294.9
2025-08-27 19:45:00+00:00,3.4756,3.4759,3.4648,3.4663,1220771.0
2025-08-27 20:00:00+00:00,3.4663,3.4688,3.4325,3.4596,3883325.2
2025-08-27 20:15:00+00:00,3.4596,3.5034,3.4307,3.4885,15713326.9
2025-08-27 20:30:00+00:00,3.4883,3.5046,3.4755,3.4915,5200667.7
2025-08-27 20:45:00+00:00,3.4915,3.4986,3.4775,3.4982,1951613.9
2025-08-27 21:00:00+00:00,3.4983,3.5103,3.4766,3.4877,2556278.6
2025-08-27 21:15:00+00:00,3.4876,3.4942,3.4735,3.4859,1731038.8
2025-08-27 21:30:00+00:00,3.4859,3.4927,3.4659,3.4779,1017211.6
2025-08-27 21:45:00+00:00,3.4779,3.4802,3.4528,3.4606,1161956.4
2025-08-27 22:00:00+00:00,3.4607,3.4622,3.4256,3.4377,3033186.0
2025-08-27 22:15:00+00:00,3.4378,3.4481,3.4337,3.4406,1246916.5
2025-08-27 22:30:00+00:00,3.4405,3.4659,3.4381,3.4657,1052904.9
2025-08-27 22:45:00+00:00,3.4658,3.468,3.4495,3.4541,844944.8
2025-08-27 23:00:00+00:00,3.4538,3.4615,3.4469,3.4475,689230.9
2025-08-27 23:15:00+00:00,3.4475,3.4519,3.4351,3.4445,881938.2
2025-08-27 23:30:00+00:00,3.4444,3.4512,3.4263,3.4292,996577.9
2025-08-27 23:45:00+00:00,3.4294,3.4381,3.4284,3.4358,866117.2
2025-08-28 00:00:00+00:00,3.4359,3.4551,3.4314,3.4541,1045378.3
2025-08-28 00:15:00+00:00,3.454,3.4613,3.4268,3.4422,1471584.7
2025-08-28 00:30:00+00:00,3.4421,3.4448,3.4167,3.4445,2436265.4
2025-08-28 00:45:00+00:00,3.4444,3.4606,3.4302,3.4485,2522956.4
2025-08-28 01:00:00+00:00,3.4485,3.4708,3.4482,3.4678,1827435.8
2025-08-28 01:15:00+00:00,3.4677,3.4788,3.4605,3.4616,1616540.9
2025-08-28 01:30:00+00:00,3.4616,3.481,3.4611,3.4662,1080560.1
2025-08-28 01:45:00+00:00,3.4662,3.4772,3.4625,3.4709,535058.2
2025-08-28 02:00:00+00:00,3.4709,3.478,3.4632,3.4646,820723.5
2025-08-28 02:15:00+00:00,3.4645,3.4794,3.4602,3.4747,1164612.1
2025-08-28 02:30:00+00:00,3.4746,3.4809,3.4626,3.4633,1056940.8
2025-08-28 02:45:00+00:00,3.4633,3.4668,3.4518,3.457,1087053.1
2025-08-28 03:00:00+00:00,3.457,3.4707,3.4512,3.4679,1220018.3
2025-08-28 03:15:00+00:00,3.4678,3.4748,3.4604,3.4691,553636.9
2025-08-28 03:30:00+00:00,3.4691,3.4795,3.4681,3.475,809558.2
2025-08-28 03:45:00+00:00,3.4749,3.4834,3.4659,3.4793,882421.4
2025-08-28 04:00:00+00:00,3.4794,3.4926,3.4716,3.4916,1278404.1
2025-08-28 04:15:00+00:00,3.4915,3.4961,3.4858,3.4865,1324976.4
2025-08-28 04:30:00+00:00,3.4864,3.4958,3.4825,3.4938,1572260.6
2025-08-28 04:45:00+00:00,3.4937,3.507,3.4896,3.4995,2728286.2
2025-08-28 05:00:00+00:00,3.4994,3.5115,3.4945,3.5007,2234110.1
2025-08-28 05:15:00+00:00,3.5007,3.5036,3.487,3.4909,1752575.7
2025-08-28 05:30:00+00:00,3.4909,3.497,3.485,3.4851,837899.7
2025-08-28 05:45:00+00:00,3.4851,3.4902,3.4786,3.4863,1189367.4
2025-08-28 06:00:00+00:00,3.4864,3.4891,3.4746,3.4779,926109.6
2025-08-28 06:15:00+00:00,3.4778,3.4869,3.474,3.4869,776782.1
2025-08-28 06:30:00+00:00,3.4868,3.4925,3.4824,3.4888,1080813.5
2025-08-28 06:45:00+00:00,3.4887,3.4985,3.483,3.498,887055.6
2025-08-28 07:00:00+00:00,3.498,3.499,3.49,3.4956,934522.5
2025-08-28 07:15:00+00:00,3.4957,3.5006,3.4804,3.4877,1801830.6
2025-08-28 07:30:00+00:00,3.4878,3.4889,3.4804,3.4859,966950.3
2025-08-28 07:45:00+00:00,3.4859,3.5004,3.4857,3.499,1065998.5
2025-08-28 08:00:00+00:00,3.4988,3.5286,3.4988,3.5152,3339722.5
2025-08-28 08:15:00+00:00,3.5151,3.523,3.5,3.5006,1562515.9
2025-08-28 08:30:00+00:00,3.5006,3.5159,3.4965,3.5056,1156200.5
2025-08-28 08:45:00+00:00,3.5056,3.5084,3.5011,3.5057,1059062.0
2025-08-28 09:00:00+00:00,3.5056,3.5062,3.4859,3.4873,1868290.1
2025-08-28 09:15:00+00:00,3.4874,3.4907,3.4829,3.489,1107358.6
2025-08-28 09:30:00+00:00,3.4891,3.49,3.4808,3.4825,761189.5
2025-08-28 09:45:00+00:00,3.4826,3.4855,3.4767,3.4805,1216009.1
2025-08-28 10:00:00+00:00,3.4805,3.4901,3.4716,3.4885,1547066.5
2025-08-28 10:15:00+00:00,3.4884,3.4896,3.4773,3.4837,990284.9
2025-08-28 10:30:00+00:00,3.4838,3.4921,3.481,3.489,1194438.2
2025-08-28 10:45:00+00:00,3.4891,3.4982,3.4841,3.498,891119.6
2025-08-28 11:00:00+00:00,3.4982,3.4984,3.484,3.4855,1235697.1
2025-08-28 11:15:00+00:00,3.4856,3.4992,3.4849,3.4976,1137239.1
2025-08-28 11:30:00+00:00,3.4976,3.5007,3.4876,3.4889,1049722.2
2025-08-28 11:45:00+00:00,3.489,3.5002,3.4852,3.4998,821517.2
2025-08-28 12:00:00+00:00,3.4998,3.5054,3.491,3.4977,979107.1
2025-08-28 12:15:00+00:00,3.4977,3.507,3.4955,3.5022,1258309.1
2025-08-28 12:30:00+00:00,3.5023,3.517,3.4934,3.5134,3603587.3
2025-08-28 12:45:00+00:00,3.5134,3.5168,3.5067,3.5124,1963977.3
2025-08-28 13:00:00+00:00,3.5125,3.515,3.5048,3.5093,1191881.3
2025-08-28 13:15:00+00:00,3.5094,3.5255,3.5045,3.5078,2043756.4
2025-08-28 13:30:00+00:00,3.5078,3.5224,3.4975,3.5046,3275287.7
2025-08-28 13:45:00+00:00,3.5049,3.5074,3.48,3.4957,3340379.4
2025-08-28 14:00:00+00:00,3.4958,3.5164,3.4872,3.5081,2948931.5
2025-08-28 14:15:00+00:00,3.5082,3.5196,3.4882,3.4938,2582691.5
2025-08-28 14:30:00+00:00,3.4938,3.5128,3.4854,3.5038,1993353.7
2025-08-28 14:45:00+00:00,3.5038,3.5177,3.501,3.509,1409719.4
2025-08-28 15:00:00+00:00,3.5091,3.518,3.5004,3.5023,1706536.5
2025-08-28 15:15:00+00:00,3.5024,3.5172,3.4802,3.4807,2726727.6
2025-08-28 15:30:00+00:00,3.4808,3.4888,3.4643,3.4677,2741307.6
2025-08-28 15:45:00+00:00,3.4677,3.4681,3.447,3.4654,3175169.3
2025-08-28 16:00:00+00:00,3.4654,3.48,3.4626,3.4775,1512064.5
2025-08-28 16:15:00+00:00,3.4776,3.4838,3.4685,3.4756,1311774.9
2025-08-28 16:30:00+00:00,3.4755,3.477,3.465,3.4693,639957.6
2025-08-28 16:45:00+00:00,3.4692,3.4708,3.4212,3.4214,3651773.9
2025-08-28 17:00:00+00:00,3.4214,3.4394,3.419,3.4392,3396488.2
2025-08-28 17:15:00+00:00,3.4393,3.4506,3.4325,3.4478,1591932.8
2025-08-28 17:30:00+00:00,3.4477,3.4541,3.4378,3.4524,1012218.2
2025-08-28 17:45:00+00:00,3.4525,3.4552,3.4453,3.4476,1114948.5
2025-08-28 18:00:00+00:00,3.4475,3.4502,3.4355,3.4402,1533921.4
2025-08-28 18:15:00+00:00,3.4402,3.4534,3.434,3.4519,1169553.5
2025-08-28 18:30:00+00:00,3.4519,3.4626,3.4495,3.4518,1161137.6
2025-08-28 18:45:00+00:00,3.4518,3.4584,3.447,3.4522,963350.0
2025-08-28 19:00:00+00:00,3.4522,3.4635,3.4503,3.4529,793973.8
2025-08-28 19:15:00+00:00,3.4528,3.4528,3.4422,3.4498,770042.2
2025-08-28 19:30:00+00:00,3.4498,3.4518,3.4238,3.4268,1443462.9
2025-08-28 19:45:00+00:00,3.4268,3.4342,3.4148,3.4161,1682385.6
2025-08-28 20:00:00+00:00,3.4161,3.4283,3.4104,3.4262,2053902.5
2025-08-28 20:15:00+00:00,3.4261,3.4336,3.4235,3.4271,917000.6
2025-08-28 20:30:00+00:00,3.427,3.4345,3.4223,3.433,626143.7
2025-08-28 20:45:00+00:00,3.4329,3.4364,3.4257,3.4352,1036969.0
2025-08-28 21:00:00+00:00,3.4353,3.442,3.43,3.4408,716788.6
2025-08-28 21:15:00+00:00,3.4408,3.4474,3.438,3.4407,1234761.0
2025-08-28 21:30:00+00:00,3.4408,3.4483,3.4391,3.4469,539783.3
2025-08-28 21:45:00+00:00,3.4469,3.4534,3.4399,3.4522,515112.8
2025-08-28 22:00:00+00:00,3.4522,3.4707,3.4522,3.4695,1144327.9
2025-08-28 22:15:00+00:00,3.4695,3.484,3.4695,3.484,915997.1
2025-08-28 22:30:00+00:00,3.4839,3.4993,3.4837,3.4896,2846565.4
2025-08-28 22:45:00+00:00,3.4897,3.494,3.4858,3.4929,976854.4
2025-08-28 23:00:00+00:00,3.493,3.4965,3.4853,3.4894,980728.7
2025-08-28 23:15:00+00:00,3.4895,3.498,3.4863,3.4863,875346.7
2025-08-28 23:30:00+00:00,3.4863,3.4979,3.4774,3.4914,2243627.9
2025-08-28 23:45:00+00:00,3.4912,3.4945,3.4828,3.4903,1104360.3
2025-08-29 00:00:00+00:00,3.4902,3.4947,3.48,3.4827,1376859.5
2025-08-29 00:15:00+00:00,3.4828,3.4987,3.4774,3.4953,1568618.6
2025-08-29 00:30:00+00:00,3.4953,3.4957,3.4699,3.4704,1669033.4
2025-08-29 00:45:00+00:00,3.4705,3.471,3.4578,3.4651,1724260.0
2025-08-29 01:00:00+00:00,3.4651,3.4724,3.4478,3.4521,1536876.5
2025-08-29 01:15:00+00:00,3.4522,3.4525,3.4191,3.4228,3650664.8
2025-08-29 01:30:00+00:00,3.4229,3.4466,3.4216,3.4391,1525982.2
2025-08-29 01:45:00+00:00,3.4391,3.4427,3.4298,3.4298,1066202.1
2025-08-29 02:00:00+00:00,3.4299,3.4527,3.4222,3.4504,1634386.4
2025-08-29 02:15:00+00:00,3.4503,3.4715,3.4398,3.4577,1946875.2
2025-08-29 02:30:00+00:00,3.4578,3.464,3.4487,3.4601,1330113.9
2025-08-29 02:45:00+00:00,3.46,3.4647,3.4539,3.4577,947187.7
2025-08-29 03:00:00+00:00,3.4578,3.4652,3.4453,3.4497,1175311.7
2025-08-29 03:15:00+00:00,3.4498,3.4597,3.4448,3.4586,936526.7
2025-08-29 03:30:00+00:00,3.4586,3.4684,3.4517,3.4618,1101896.6
2025-08-29 03:45:00+00:00,3.4618,3.471,3.4578,3.4579,877970.1
2025-08-29 04:00:00+00:00,3.458,3.4633,3.446,3.4496,706633.8
2025-08-29 04:15:00+00:00,3.4496,3.4652,3.4489,3.4599,586895.0
2025-08-29 04:30:00+00:00,3.46,3.4621,3.4494,3.4596,561161.2
2025-08-29 04:45:00+00:00,3.4597,3.4601,3.4352,3.4431,1489332.0
2025-08-29 05:00:00+00:00,3.4431,3.4442,3.4315,3.4345,1042436.7
2025-08-29 05:15:00+00:00,3.4346,3.4354,3.4242,3.4295,1709859.7
2025-08-29 05:30:00+00:00,3.4296,3.4329,3.4261,3.4318,844338.9
2025-08-29 05:45:00+00:00,3.4318,3.4431,3.4239,3.4347,1036846.6
2025-08-29 06:00:00+00:00,3.4348,3.4416,3.4186,3.4186,1140240.8
2025-08-29 06:15:00+00:00,3.4186,3.4187,3.4053,3.4059,1412374.7
2025-08-29 06:30:00+00:00,3.406,3.4194,3.4005,3.4118,2732253.7
2025-08-29 06:45:00+00:00,3.4114,3.4211,3.4072,3.421,4943682.6
2025-08-29 07:00:00+00:00,3.421,3.4211,3.3525,3.3537,8351394.0
2025-08-29 07:15:00+00:00,3.3537,3.3657,3.3452,3.3563,4055327.9
2025-08-29 07:30:00+00:00,3.3562,3.3715,3.3551,3.3574,3613250.1
2025-08-29 07:45:00+00:00,3.3573,3.3668,3.3495,3.355,1859695.5
2025-08-29 08:00:00+00:00,3.355,3.3678,3.3435,3.3462,2545975.7
2025-08-29 08:15:00+00:00,3.3462,3.3506,3.3313,3.3383,3279348.2
2025-08-29 08:30:00+00:00,3.3383,3.349,3.3317,3.3393,1980184.4
2025-08-29 08:45:00+00:00,3.3392,3.3428,3.3186,3.3253,2726091.8
2025-08-29 09:00:00+00:00,3.3252,3.3264,3.2901,3.3016,8564191.5
2025-08-29 09:15:00+00:00,3.3015,3.3198,3.2985,3.3092,3158850.9
2025-08-29 09:30:00+00:00,3.3091,3.3099,3.2848,3.2891,3872256.4
2025-08-29 09:45:00+00:00,3.2891,3.3034,3.2853,3.2882,3742290.5
2025-08-29 10:00:00+00:00,3.2882,3.3088,3.2857,3.3025,3156040.7
2025-08-29 10:15:00+00:00,3.3026,3.3181,3.2939,3.3121,2089645.2
2025-08-29 10:30:00+00:00,3.312,3.3132,3.3012,3.3038,2070373.3
2025-08-29 10:45:00+00:00,3.3039,3.3118,3.2992,3.3017,1666889.8
2025-08-29 11:00:00+00:00,3.3017,3.3172,3.291,3.3131,2268424.7
2025-08-29 11:15:00+00:00,3.3131,3.3133,3.2984,3.3023,1461912.2
2025-08-29 11:30:00+00:00,3.3023,3.3065,3.2943,3.2962,1422455.3
2025-08-29 11:45:00+00:00,3.2963,3.3072,3.2959,3.307,1029344.5
2025-08-29 12:00:00+00:00,3.307,3.3209,3.3019,3.32,2529727.1
2025-08-29 12:15:00+00:00,3.3199,3.3229,3.3106,3.3202,2353907.8
2025-08-29 12:30:00+00:00,3.3202,3.4006,3.319,3.3494,20096887.5
2025-08-29 12:45:00+00:00,3.3493,3.3736,3.344,3.3642,4461666.8
2025-08-29 13:00:00+00:00,3.3643,3.3672,3.3382,3.3438,2980169.4
2025-08-29 13:15:00+00:00,3.3438,3.3499,3.3318,3.3456,2164041.2
2025-08-29 13:30:00+00:00,3.3456,3.3486,3.3102,3.3227,5392885.3
2025-08-29 13:45:00+00:00,3.3228,3.3337,3.2878,3.316,7889047.2
2025-08-29 14:00:00+00:00,3.316,3.338,3.275,3.3073,11273953.2
2025-08-29 14:15:00+00:00,3.307,3.3298,3.2936,3.3179,4020492.7
2025-08-29 14:30:00+00:00,3.3179,3.3224,3.3,3.3,3313977.1
2025-08-29 14:45:00+00:00,3.3,3.3212,3.2924,3.2981,2717025.5
2025-08-29 15:00:00+00:00,3.2981,3.3205,3.2955,3.3139,2598782.0
2025-08-29 15:15:00+00:00,3.314,3.329,3.314,3.3151,2100486.8
2025-08-29 15:30:00+00:00,3.3151,3.3225,3.3081,3.3195,1554908.1
2025-08-29 15:45:00+00:00,3.3194,3.3239,3.2914,3.3006,2179736.3
2025-08-29 16:00:00+00:00,3.3006,3.31,3.2814,3.3082,3901930.2
2025-08-29 16:15:00+00:00,3.3083,3.3138,3.2952,3.2993,1587994.1
2025-08-29 16:30:00+00:00,3.2992,3.3117,3.2965,3.3073,1147130.5
2025-08-29 16:45:00+00:00,3.3072,3.3086,3.2908,3.2966,1222085.2
2025-08-29 17:00:00+00:00,3.2965,3.2976,3.2677,3.2683,3229853.9
2025-08-29 17:15:00+00:00,3.2685,3.2798,3.255,3.2706,4873489.4
2025-08-29 17:30:00+00:00,3.2706,3.2825,3.266,3.2736,1463941.2
2025-08-29 17:45:00+00:00,3.2735,3.28,3.2652,3.2666,1392817.5
2025-08-29 18:00:00+00:00,3.2666,3.2742,3.2564,3.264,1568755.6
2025-08-29 18:15:00+00:00,3.2641,3.2664,3.2166,3.2205,9071820.3
2025-08-29 18:30:00+00:00,3.2207,3.2226,3.2095,3.217,3174597.3
2025-08-29 18:45:00+00:00,3.2169,3.226,3.2153,3.2212,1564939.3
2025-08-29 19:00:00+00:00,3.2211,3.2482,3.213,3.2447,2679996.7
2025-08-29 19:15:00+00:00,3.2446,3.264,3.2433,3.2589,2184510.5
2025-08-29 19:30:00+00:00,3.2589,3.2657,3.2475,3.2633,1650387.6
2025-08-29 19:45:00+00:00,3.2632,3.2712,3.2509,3.2544,1405150.6
2025-08-29 20:00:00+00:00,3.2545,3.2589,3.2296,3.236,2187642.0
2025-08-29 20:15:00+00:00,3.236,3.2501,3.232,3.2446,1535466.6
2025-08-29 20:30:00+00:00,3.2446,3.2446,3.2288,3.2314,1680088.3
2025-08-29 20:45:00+00:00,3.2316,3.2389,3.2226,3.2321,1632289.7
2025-08-29 21:00:00+00:00,3.2322,3.2405,3.2152,3.2372,1695753.0
2025-08-29 21:15:00+00:00,3.2373,3.2455,3.2289,3.2436,996461.6
2025-08-29 21:30:00+00:00,3.2438,3.264,3.2434,3.2623,2098087.5
2025-08-29 21:45:00+00:00,3.2623,3.2656,3.2546,3.2629,919840.5
2025-08-29 22:00:00+00:00,3.2629,3.2654,3.2505,3.2515,894682.3
2025-08-29 22:15:00+00:00,3.2514,3.2699,3.2514,3.268,950120.4
2025-08-29 22:30:00+00:00,3.2681,3.2713,3.2604,3.2631,857507.5
2025-08-29 22:45:00+00:00,3.2631,3.2734,3.2582,3.2733,895613.7
2025-08-29 23:00:00+00:00,3.2734,3.2832,3.2722,3.2817,1945602.1
2025-08-29 23:15:00+00:00,3.2818,3.2952,3.2738,3.2784,2813255.4
2025-08-29 23:30:00+00:00,3.2784,3.2891,3.2775,3.2883,992689.9
2025-08-29 23:45:00+00:00,3.2883,3.2883,3.2787,3.2803,1299725.2
2025-08-30 00:00:00+00:00,3.2803,3.281,3.272,3.2737,1310369.6
2025-08-30 00:15:00+00:00,3.2738,3.2858,3.2713,3.2748,1094851.9
2025-08-30 00:30:00+00:00,3.2749,3.2755,3.2552,3.2558,1473087.0
2025-08-30 00:45:00+00:00,3.2559,3.27,3.2559,3.265,999383.2
2025-08-30 01:00:00+00:00,3.2649,3.276,3.2636,3.2692,950618.0
2025-08-30 01:15:00+00:00,3.2692,3.2692,3.2512,3.2527,1544006.1
2025-08-30 01:30:00+00:00,3.2527,3.2587,3.2506,3.2509,727809.2
2025-08-30 01:45:00+00:00,3.2509,3.2531,3.2223,3.2249,4069321.1
2025-08-30 02:00:00+00:00,3.225,3.2596,3.2232,3.2591,2876951.7
2025-08-30 02:15:00+00:00,3.259,3.2633,3.2538,3.2589,1201936.5
2025-08-30 02:30:00+00:00,3.2589,3.2695,3.2587,3.2667,900208.6
2025-08-30 02:45:00+00:00,3.2667,3.2691,3.2629,3.2649,520518.0
2025-08-30 03:00:00+00:00,3.2649,3.2872,3.2644,3.286,1348300.9
2025-08-30 03:15:00+00:00,3.2861,3.3136,3.286,3.3075,3508022.1
2025-08-30 03:30:00+00:00,3.3076,3.316,3.3046,3.3081,3092849.4
2025-08-30 03:45:00+00:00,3.3081,3.309,3.2942,3.3039,3101154.3
2025-08-30 04:00:00+00:00,3.304,3.3108,3.3008,3.3065,1216451.6
2025-08-30 04:15:00+00:00,3.3064,3.312,3.3045,3.3097,819986.9
2025-08-30 04:30:00+00:00,3.3097,3.3097,3.2988,3.2998,923442.7
2025-08-30 04:45:00+00:00,3.2997,3.3012,3.2932,3.294,730742.4
2025-08-30 05:00:00+00:00,3.2941,3.3055,3.2916,3.2998,844981.6
2025-08-30 05:15:00+00:00,3.2998,3.3077,3.2988,3.3067,709736.4
2025-08-30 05:30:00+00:00,3.3067,3.3195,3.304,3.3173,2138046.6
2025-08-30 05:45:00+00:00,3.3173,3.3208,3.3076,3.3095,1231147.2
2025-08-30 06:00:00+00:00,3.3095,3.3166,3.3063,3.3079,936524.8
2025-08-30 06:15:00+00:00,3.308,3.3138,3.3033,3.3111,641564.7
2025-08-30 06:30:00+00:00,3.3112,3.3309,3.3093,3.3302,1870698.2
2025-08-30 06:45:00+00:00,3.3302,3.3326,3.3211,3.3248,1639177.1
2025-08-30 07:00:00+00:00,3.3248,3.3307,3.3226,3.3286,1622792.8
2025-08-30 07:15:00+00:00,3.3287,3.3323,3.3237,3.3322,879651.7
2025-08-30 07:30:00+00:00,3.3323,3.3411,3.3296,3.3406,1245282.9
2025-08-30 07:45:00+00:00,3.3406,3.343,3.3357,3.3411,964523.7
2025-08-30 08:00:00+00:00,3.3412,3.3418,3.3329,3.3355,920883.1
2025-08-30 08:15:00+00:00,3.3355,3.3397,3.3282,3.338,1013939.2
2025-08-30 08:30:00+00:00,3.3381,3.3396,3.3312,3.3345,1014937.6
2025-08-30 08:45:00+00:00,3.3345,3.3373,3.3279,3.3309,1019185.6
2025-08-30 09:00:00+00:00,3.3309,3.3351,3.3237,3.3262,2099987.8
2025-08-30 09:15:00+00:00,3.3263,3.3329,3.326,3.328,748245.9
2025-08-30 09:30:00+00:00,3.3281,3.3283,3.3114,3.319,2824576.3
2025-08-30 09:45:00+00:00,3.3189,3.3326,3.3166,3.3263,1233676.7
2025-08-30 10:00:00+00:00,3.3264,3.3333,3.3223,3.3234,1080773.3
2025-08-30 10:15:00+00:00,3.3234,3.3315,3.3209,3.3246,912217.8
2025-08-30 10:30:00+00:00,3.3246,3.3255,3.3116,3.3151,1207596.0
2025-08-30 10:45:00+00:00,3.315,3.3214,3.3137,3.3203,624232.2
2025-08-30 11:00:00+00:00,3.3204,3.3266,3.3133,3.3238,715050.4
2025-08-30 11:15:00+00:00,3.3238,3.3261,3.3176,3.3232,872577.7
2025-08-30 11:30:00+00:00,3.3231,3.3253,3.3108,3.3145,1045979.4
2025-08-30 11:45:00+00:00,3.3146,3.3241,3.3136,3.3179,730905.8
2025-08-30 12:00:00+00:00,3.318,3.3209,3.3128,3.316,661941.2
2025-08-30 12:15:00+00:00,3.3161,3.3169,3.3002,3.3069,2035467.7
2025-08-30 12:30:00+00:00,3.307,3.3086,3.275,3.2821,5553248.3
2025-08-30 12:45:00+00:00,3.2821,3.293,3.2805,3.2886,1297226.7
2025-08-30 13:00:00+00:00,3.2887,3.2901,3.2508,3.254,4937215.8
2025-08-30 13:15:00+00:00,3.2541,3.2673,3.25,3.2664,2058330.0
2025-08-30 13:30:00+00:00,3.2664,3.2754,3.2538,3.2556,2309589.4
2025-08-30 13:45:00+00:00,3.2555,3.2642,3.2462,3.2634,2047395.8
2025-08-30 14:00:00+00:00,3.2634,3.2644,3.2464,3.2525,1192203.3
2025-08-30 14:15:00+00:00,3.2524,3.2563,3.2454,3.2555,1427004.7
2025-08-30 14:30:00+00:00,3.2552,3.2668,3.2528,3.2641,2116543.1
2025-08-30 14:45:00+00:00,3.2641,3.2812,3.2634,3.2775,2407123.5
2025-08-30 15:00:00+00:00,3.2776,3.2836,3.273,3.2834,1577061.1
2025-08-30 15:15:00+00:00,3.2835,3.2992,3.2835,3.2977,2294596.7
2025-08-30 15:30:00+00:00,3.2978,3.3072,3.289,3.3068,2921473.3
2025-08-30 15:45:00+00:00,3.3069,3.3136,3.2991,3.3126,1729983.8
2025-08-30 16:00:00+00:00,3.3126,3.3129,3.2941,3.2952,1832964.2
2025-08-30 16:15:00+00:00,3.2951,3.3057,3.29,3.2942,1798697.8
2025-08-30 16:30:00+00:00,3.2942,3.3082,3.285,3.3014,3124918.9
2025-08-30 16:45:00+00:00,3.3014,3.3073,3.2938,3.2956,1169810.3
2025-08-30 17:00:00+00:00,3.2957,3.3039,3.2881,3.2934,2178409.1
2025-08-30 17:15:00+00:00,3.2933,3.2941,3.2831,3.2835,1120080.4
2025-08-30 17:30:00+00:00,3.2834,3.287,3.2768,3.2817,1180631.6
2025-08-30 17:45:00+00:00,3.2818,3.2866,3.2757,3.2845,1007186.5
2025-08-30 18:00:00+00:00,3.2845,3.2911,3.2775,3.281,789519.7
2025-08-30 18:15:00+00:00,3.2811,3.2843,3.276,3.2826,716240.2
2025-08-30 18:30:00+00:00,3.2827,3.2838,3.2753,3.2793,670567.3
2025-08-30 18:45:00+00:00,3.2794,3.2899,3.2793,3.2823,659221.6
2025-08-30 19:00:00+00:00,3.2823,3.2861,3.2766,3.2811,460796.4
2025-08-30 19:15:00+00:00,3.2812,3.2868,3.2758,3.286,430761.4
2025-08-30 19:30:00+00:00,3.286,3.292,3.2818,3.2915,669288.7
2025-08-30 19:45:00+00:00,3.2914,3.2921,3.2819,3.2907,650848.5
2025-08-30 20:00:00+00:00,3.2908,3.2912,3.2782,3.2805,440617.4
2025-08-30 20:15:00+00:00,3.2804,3.2875,3.2764,3.2861,567458.5
2025-08-30 20:30:00+00:00,3.2861,3.2866,3.2737,3.2795,595527.5
2025-08-30 20:45:00+00:00,3.2795,3.2837,3.2784,3.2836,400373.7
2025-08-30 21:00:00+00:00,3.2836,3.2955,3.2802,3.2949,820070.0
2025-08-30 21:15:00+00:00,3.2949,3.2949,3.2801,3.2861,1011372.4
2025-08-30 21:30:00+00:00,3.2861,3.2878,3.2824,3.2855,344612.3
2025-08-30 21:45:00+00:00,3.2855,3.2897,3.2845,3.2858,317071.2
2025-08-30 22:00:00+00:00,3.2858,3.2878,3.2772,3.2802,928130.4
2025-08-30 22:15:00+00:00,3.2803,3.2909,3.2798,3.2885,567878.2
2025-08-30 22:30:00+00:00,3.2886,3.2974,3.286,3.296,586088.9
2025-08-30 22:45:00+00:00,3.2961,3.2997,3.2948,3.2983,886457.5
2025-08-30 23:00:00+00:00,3.2983,3.3057,3.298,3.3014,674439.7
2025-08-30 23:15:00+00:00,3.3015,3.3081,3.2998,3.3059,960829.1
2025-08-30 23:30:00+00:00,3.3058,3.3067,3.3005,3.3049,733543.9
2025-08-30 23:45:00+00:00,3.3049,3.3058,3.3012,3.3048,613136.0
2025-08-31 00:00:00+00:00,3.3048,3.3154,3.3045,3.3122,1138809.9
2025-08-31 00:15:00+00:00,3.3121,3.313,3.3019,3.3111,983132.3
2025-08-31 00:30:00+00:00,3.3111,3.3244,3.3083,3.3216,2175647.5
2025-08-31 00:45:00+00:00,3.3215,3.343,3.3204,3.3376,2763189.2
2025-08-31 01:00:00+00:00,3.3376,3.3384,3.3204,3.3221,1291865.9
2025-08-31 01:15:00+00:00,3.3221,3.3287,3.3189,3.327,843104.4
2025-08-31 01:30:00+00:00,3.3269,3.3395,3.3248,3.3323,1320164.4
2025-08-31 01:45:00+00:00,3.3322,3.3407,3.3291,3.3391,951002.0
2025-08-31 02:00:00+00:00,3.3391,3.3437,3.3306,3.3315,1153269.5
2025-08-31 02:15:00+00:00,3.3316,3.3376,3.3308,3.3343,714733.1
2025-08-31 02:30:00+00:00,3.3343,3.3343,3.3268,3.327,638755.5
2025-08-31 02:45:00+00:00,3.327,3.3327,3.3263,3.332,465606.7
2025-08-31 03:00:00+00:00,3.3321,3.3365,3.3308,3.3354,1032532.3
2025-08-31 03:15:00+00:00,3.3355,3.3441,3.3326,3.3387,2320012.2
2025-08-31 03:30:00+00:00,3.3388,3.3478,3.3328,3.3464,1478639.0
2025-08-31 03:45:00+00:00,3.3464,3.3493,3.3413,3.3461,2091854.8
2025-08-31 04:00:00+00:00,3.346,3.3482,3.3334,3.3356,1220279.0
2025-08-31 04:15:00+00:00,3.3357,3.3357,3.3226,3.3228,1397198.3
2025-08-31 04:30:00+00:00,3.3227,3.3285,3.3207,3.3233,1010102.6
2025-08-31 04:45:00+00:00,3.3234,3.3284,3.3152,3.3255,1349831.3
2025-08-31 05:00:00+00:00,3.3254,3.3255,3.3155,3.3178,866578.8
2025-08-31 05:15:00+00:00,3.3178,3.3206,3.3088,3.3093,1045496.2
2025-08-31 05:30:00+00:00,3.3092,3.3196,3.3091,3.318,972852.3
2025-08-31 05:45:00+00:00,3.318,3.3189,3.3116,3.3182,525408.4
2025-08-31 06:00:00+00:00,3.3181,3.3206,3.3128,3.3174,565085.7
2025-08-31 06:15:00+00:00,3.3173,3.3175,3.3036,3.3049,1198994.0
2025-08-31 06:30:00+00:00,3.305,3.3117,3.3026,3.3078,987796.3
2025-08-31 06:45:00+00:00,3.3077,3.3078,3.3009,3.3035,780525.7
2025-08-31 07:00:00+00:00,3.3034,3.3191,3.3025,3.3153,880985.1
2025-08-31 07:15:00+00:00,3.3154,3.3194,3.3135,3.3185,867607.5
2025-08-31 07:30:00+00:00,3.3185,3.323,3.3126,3.3154,819115.8
2025-08-31 07:45:00+00:00,3.3153,3.3156,3.31,3.3115,511885.6
2025-08-31 08:00:00+00:00,3.3115,3.32,3.3115,3.3178,584907.5
2025-08-31 08:15:00+00:00,3.3178,3.323,3.3163,3.3189,992099.3
2025-08-31 08:30:00+00:00,3.3188,3.3298,3.3132,3.3298,1096086.2
2025-08-31 08:45:00+00:00,3.3297,3.3331,3.3232,3.3321,900410.6
2025-08-31 09:00:00+00:00,3.3322,3.333,3.3258,3.3271,671421.8
2025-08-31 09:15:00+00:00,3.3271,3.3342,3.3237,3.3301,1601747.2
2025-08-31 09:30:00+00:00,3.3301,3.3328,3.3228,3.3263,1283179.9
2025-08-31 09:45:00+00:00,3.3262,3.3272,3.3126,3.3141,1357980.9
2025-08-31 10:00:00+00:00,3.3142,3.3158,3.2984,3.3012,1445224.2
2025-08-31 10:15:00+00:00,3.3011,3.3034,3.2942,3.2985,1322341.4
2025-08-31 10:30:00+00:00,3.2984,3.3034,3.2917,3.2924,1032798.8
2025-08-31 10:45:00+00:00,3.2923,3.3074,3.2884,3.3028,1404711.0
2025-08-31 11:00:00+00:00,3.3028,3.305,3.2956,3.3025,679302.8
2025-08-31 11:15:00+00:00,3.3026,3.3095,3.2908,3.3082,1088267.9
2025-08-31 11:30:00+00:00,3.3081,3.3127,3.3028,3.3056,867000.4
2025-08-31 11:45:00+00:00,3.3057,3.3147,3.3049,3.3106,791314.1
2025-08-31 12:00:00+00:00,3.3106,3.3119,3.2991,3.3011,831062.9
2025-08-31 12:15:00+00:00,3.3011,3.3054,3.2941,3.2979,1638200.5
2025-08-31 12:30:00+00:00,3.298,3.3078,3.2955,3.2955,1101293.4
2025-08-31 12:45:00+00:00,3.2956,3.313,3.2913,3.3089,1130470.4
2025-08-31 13:00:00+00:00,3.3088,3.3164,3.2966,3.2988,1918059.5
2025-08-31 13:15:00+00:00,3.2988,3.3132,3.2976,3.3075,1158936.5
2025-08-31 13:30:00+00:00,3.3076,3.3113,3.2901,3.291,1709733.7
2025-08-31 13:45:00+00:00,3.2911,3.2993,3.2872,3.2948,1230097.9
2025-08-31 14:00:00+00:00,3.2949,3.299,3.2782,3.2863,1724448.1
2025-08-31 14:15:00+00:00,3.2863,3.2924,3.2815,3.2869,1265480.4
2025-08-31 14:30:00+00:00,3.287,3.3008,3.287,3.2948,1074615.1
2025-08-31 14:45:00+00:00,3.2948,3.297,3.2821,3.2858,985502.0
2025-08-31 15:00:00+00:00,3.2858,3.3043,3.2844,3.289,1779179.1
2025-08-31 15:15:00+00:00,3.2891,3.2958,3.2864,3.2939,848212.4
2025-08-31 15:30:00+00:00,3.2939,3.3004,3.2881,3.2996,940110.6
2025-08-31 15:45:00+00:00,3.2995,3.3063,3.296,3.3034,1381905.0
2025-08-31 16:00:00+00:00,3.3034,3.3034,3.29,3.2922,2568008.7
2025-08-31 16:15:00+00:00,3.2921,3.2947,3.2801,3.2887,1495867.6
2025-08-31 16:30:00+00:00,3.2886,3.2966,3.2827,3.2953,1170239.9
2025-08-31 16:45:00+00:00,3.2953,3.2998,3.2893,3.2946,735986.0
2025-08-31 17:00:00+00:00,3.2946,3.2956,3.2886,3.2938,459619.4
2025-08-31 17:15:00+00:00,3.2938,3.2967,3.286,3.2933,1270357.5
2025-08-31 17:30:00+00:00,3.2933,3.2988,3.288,3.2971,830901.5
2025-08-31 17:45:00+00:00,3.2972,3.2984,3.2858,3.2879,645349.5
2025-08-31 18:00:00+00:00,3.2879,3.2943,3.2848,3.2923,1011563.5
2025-08-31 18:15:00+00:00,3.2923,3.3028,3.292,3.3,737639.7
2025-08-31 18:30:00+00:00,3.3,3.3089,3.2999,3.3049,1205611.3
2025-08-31 18:45:00+00:00,3.305,3.3122,3.3036,3.3108,1027782.4
2025-08-31 19:00:00+00:00,3.3107,3.3138,3.2997,3.2998,973030.5
2025-08-31 19:15:00+00:00,3.2999,3.3041,3.2954,3.2971,1187143.1
2025-08-31 19:30:00+00:00,3.2972,3.3058,3.2952,3.3032,634812.5
2025-08-31 19:45:00+00:00,3.3032,3.3032,3.2895,3.2899,1264609.5
2025-08-31 20:00:00+00:00,3.29,3.3054,3.2835,3.301,1233941.7
2025-08-31 20:15:00+00:00,3.301,3.3034,3.2935,3.3005,913208.2
2025-08-31 20:30:00+00:00,3.3005,3.3069,3.2936,3.2948,605088.0
2025-08-31 20:45:00+00:00,3.2948,3.3026,3.2919,3.3,397659.8
2025-08-31 21:00:00+00:00,3.3,3.3,3.2914,3.2984,614851.4
2025-08-31 21:15:00+00:00,3.2984,3.3033,3.2943,3.2982,708115.0
2025-08-31 21:30:00+00:00,3.298,3.3083,3.2954,3.3073,881970.5
2025-08-31 21:45:00+00:00,3.3074,3.3074,3.3,3.3022,376696.5
2025-08-31 22:00:00+00:00,3.3023,3.3032,3.2903,3.3,1334623.3
2025-08-31 22:15:00+00:00,3.3,3.3086,3.3,3.3049,741880.5
2025-08-31 22:30:00+00:00,3.305,3.3056,3.2766,3.2777,1792290.5
2025-08-31 22:45:00+00:00,3.2777,3.289,3.2751,3.2848,2094601.2
2025-08-31 23:00:00+00:00,3.2848,3.2899,3.2702,3.2871,2013669.8
2025-08-31 23:15:00+00:00,3.2872,3.2872,3.2612,3.263,3156816.3
2025-08-31 23:30:00+00:00,3.2631,3.2656,3.2483,3.2497,3216508.7
2025-08-31 23:45:00+00:00,3.2497,3.2552,3.2436,3.2476,1541821.5
2025-09-01 00:00:00+00:00,3.2476,3.2502,3.2288,3.2342,2531096.4
2025-09-01 00:15:00+00:00,3.2342,3.245,3.2166,3.2261,3344662.9
2025-09-01 00:30:00+00:00,3.2262,3.2436,3.2084,3.2413,5296893.5
2025-09-01 00:45:00+00:00,3.2414,3.2536,3.2301,3.234,2662067.2
2025-09-01 01:00:00+00:00,3.234,3.2419,3.2162,3.225,2966824.7
2025-09-01 01:15:00+00:00,3.225,3.2384,3.217,3.2358,1230722.1
2025-09-01 01:30:00+00:00,3.2359,3.2476,3.2281,3.2465,2241895.1
2025-09-01 01:45:00+00:00,3.2465,3.2542,3.2259,3.2325,1687742.7
2025-09-01 02:00:00+00:00,3.2326,3.2364,3.2104,3.2142,1738651.5
2025-09-01 02:15:00+00:00,3.2141,3.219,3.1778,3.1916,6633507.7
2025-09-01 02:30:00+00:00,3.1915,3.1915,3.1684,3.1798,3334036.8
2025-09-01 02:45:00+00:00,3.1798,3.1822,3.1575,3.1761,4827732.3
2025-09-01 03:00:00+00:00,3.1761,3.1862,3.1672,3.1673,2431925.4
2025-09-01 03:15:00+00:00,3.1672,3.181,3.1644,3.1786,1583356.2
2025-09-01 03:30:00+00:00,3.1786,3.1821,3.1724,3.1787,1446069.3
2025-09-01 03:45:00+00:00,3.1788,3.19,3.173,3.1836,1697623.7
2025-09-01 04:00:00+00:00,3.1836,3.1836,3.1696,3.1738,1378377.0
2025-09-01 04:15:00+00:00,3.1737,3.1755,3.1584,3.1635,2383773.6
2025-09-01 04:30:00+00:00,3.1634,3.1638,3.1509,3.1528,3255686.4
2025-09-01 04:45:00+00:00,3.1528,3.1636,3.1446,3.1592,3100750.6
2025-09-01 05:00:00+00:00,3.1592,3.1687,3.1477,3.1574,1720776.3
2025-09-01 05:15:00+00:00,3.1574,3.1727,3.1494,3.1687,1238455.0
2025-09-01 05:30:00+00:00,3.1687,3.1881,3.1642,3.1869,1990746.0
2025-09-01 05:45:00+00:00,3.187,3.1892,3.1796,3.1815,1672917.1
2025-09-01 06:00:00+00:00,3.1814,3.1824,3.1611,3.1689,1475428.2
2025-09-01 06:15:00+00:00,3.1688,3.1909,3.1624,3.1842,2436358.8
2025-09-01 06:30:00+00:00,3.1842,3.1925,3.1826,3.1923,1054004.6
2025-09-01 06:45:00+00:00,3.1923,3.1968,3.1846,3.1892,936580.8
2025-09-01 07:00:00+00:00,3.1891,3.1971,3.1743,3.175,1368210.7
2025-09-01 07:15:00+00:00,3.175,3.2188,3.1733,3.2157,3418699.3
2025-09-01 07:30:00+00:00,3.2156,3.2459,3.2131,3.2312,5561772.1
2025-09-01 07:45:00+00:00,3.2312,3.2896,3.2309,3.2866,10079008.2
2025-09-01 08:00:00+00:00,3.2866,3.313,3.2856,3.2935,6895063.5
2025-09-01 08:15:00+00:00,3.2935,3.3076,3.2859,3.2961,2480585.0
2025-09-01 08:30:00+00:00,3.296,3.3093,3.2948,3.3089,1887074.0
2025-09-01 08:45:00+00:00,3.3089,3.3225,3.3012,3.3217,3872139.0
2025-09-01 09:00:00+00:00,3.3216,3.336,3.3169,3.3356,3487385.0
2025-09-01 09:15:00+00:00,3.3356,3.336,3.3229,3.3306,2108229.2
2025-09-01 09:30:00+00:00,3.3306,3.3381,3.3169,3.321,2451123.2
2025-09-01 09:45:00+00:00,3.321,3.3226,3.3045,3.3063,2712900.4
2025-09-01 10:00:00+00:00,3.3064,3.3174,3.2896,3.315,6122978.6
2025-09-01 10:15:00+00:00,3.315,3.3183,3.2927,3.2931,2805643.1
2025-09-01 10:30:00+00:00,3.2931,3.2941,3.2637,3.2785,5298714.1
2025-09-01 10:45:00+00:00,3.2784,3.2836,3.2628,3.2819,3944659.8
2025-09-01 11:00:00+00:00,3.2819,3.29,3.277,3.2836,1746492.8
2025-09-01 11:15:00+00:00,3.2836,3.2918,3.2763,3.2765,1126806.0
2025-09-01 11:30:00+00:00,3.2765,3.2768,3.2514,3.2528,3378051.3
2025-09-01 11:45:00+00:00,3.2527,3.265,3.2515,3.2583,1990604.0
2025-09-01 12:00:00+00:00,3.2582,3.2734,3.2422,3.2684,3992132.7
2025-09-01 12:15:00+00:00,3.2683,3.2769,3.2564,3.2702,1538627.8
2025-09-01 12:30:00+00:00,3.2703,3.2786,3.2565,3.2566,1592231.0
2025-09-01 12:45:00+00:00,3.2566,3.2686,3.2542,3.2614,1331486.5
2025-09-01 13:00:00+00:00,3.2614,3.2685,3.2507,3.2555,1581622.0
2025-09-01 13:15:00+00:00,3.2555,3.2751,3.245,3.2697,2360213.7
2025-09-01 13:30:00+00:00,3.2697,3.2706,3.2513,3.2522,1977794.5
2025-09-01 13:45:00+00:00,3.2522,3.254,3.2286,3.2368,2925237.4
2025-09-01 14:00:00+00:00,3.2368,3.2555,3.2353,3.248,2365339.1
2025-09-01 14:15:00+00:00,3.248,3.2536,3.2325,3.2372,1386537.1
2025-09-01 14:30:00+00:00,3.2372,3.2409,3.2183,3.2397,2242108.8
2025-09-01 14:45:00+00:00,3.2397,3.2486,3.2277,3.2448,1740073.0
2025-09-01 15:00:00+00:00,3.2448,3.2551,3.231,3.2416,1702725.3
2025-09-01 15:15:00+00:00,3.2415,3.247,3.2228,3.2302,1248400.0
2025-09-01 15:30:00+00:00,3.2301,3.2364,3.2201,3.2276,1609059.0
2025-09-01 15:45:00+00:00,3.2277,3.2319,3.2122,3.2198,2308212.3
2025-09-01 16:00:00+00:00,3.2197,3.2212,3.2055,3.2174,2975884.1
2025-09-01 16:15:00+00:00,3.2174,3.2222,3.2055,3.2129,1433636.6
2025-09-01 16:30:00+00:00,3.213,3.2201,3.2008,3.214,1500362.9
2025-09-01 16:45:00+00:00,3.214,3.223,3.2007,3.2121,2125407.6
2025-09-01 17:00:00+00:00,3.2119,3.2204,3.195,3.2084,2479365.7
2025-09-01 17:15:00+00:00,3.2084,3.2119,3.1931,3.1986,1238020.9
2025-09-01 17:30:00+00:00,3.1986,3.2071,3.1924,3.2012,1582947.9
2025-09-01 17:45:00+00:00,3.2012,3.2027,3.1924,3.1965,1666288.7
2025-09-01 18:00:00+00:00,3.1965,3.2174,3.1956,3.2153,1990071.7
2025-09-01 18:15:00+00:00,3.2152,3.227,3.2118,3.219,2208193.2
2025-09-01 18:30:00+00:00,3.2189,3.2267,3.2078,3.2192,1494363.6
2025-09-01 18:45:00+00:00,3.2192,3.2241,3.2146,3.2193,883576.5
2025-09-01 19:00:00+00:00,3.2192,3.2257,3.2137,3.2183,1144910.8
2025-09-01 19:15:00+00:00,3.2183,3.2264,3.2121,3.2125,1112453.0
2025-09-01 19:30:00+00:00,3.2124,3.2237,3.2116,3.2148,974772.4
2025-09-01 19:45:00+00:00,3.2148,3.2179,3.207,3.2151,832305.3
2025-09-01 20:00:00+00:00,3.2152,3.2179,3.2042,3.21,1166729.9
2025-09-01 20:15:00+00:00,3.2101,3.2112,3.2004,3.2052,1128981.9
2025-09-01 20:30:00+00:00,3.2051,3.2061,3.1477,3.1481,7318165.7
2025-09-01 20:45:00+00:00,3.1481,3.1689,3.1307,3.168,11253665.9
2025-09-01 21:00:00+00:00,3.168,3.17,3.144,3.152,4352053.5
2025-09-01 21:15:00+00:00,3.152,3.1603,3.1386,3.1417,2226619.0
2025-09-01 21:30:00+00:00,3.1417,3.1438,3.106,3.1216,4780438.4
2025-09-01 21:45:00+00:00,3.1216,3.1347,3.1126,3.1265,2940268.6
2025-09-01 22:00:00+00:00,3.1265,3.1311,3.114,3.1298,2908522.4
2025-09-01 22:15:00+00:00,3.1297,3.1513,3.1291,3.1356,2849261.6
2025-09-01 22:30:00+00:00,3.1356,3.1461,3.1305,3.1331,1516522.9
2025-09-01 22:45:00+00:00,3.133,3.1569,3.1304,3.1534,2041567.7
2025-09-01 23:00:00+00:00,3.1533,3.1699,3.1519,3.1653,2189614.1
2025-09-01 23:15:00+00:00,3.1652,3.1723,3.158,3.171,976277.7
2025-09-01 23:30:00+00:00,3.1708,3.1876,3.1609,3.1874,1406383.5
2025-09-01 23:45:00+00:00,3.1873,3.2036,3.1851,3.2025,2354798.3
2025-09-02 00:00:00+00:00,3.2025,3.2049,3.1949,3.1976,1972066.2
2025-09-02 00:15:00+00:00,3.1977,3.2253,3.1976,3.2093,3298757.9
2025-09-02 00:30:00+00:00,3.2093,3.2175,3.2015,3.2026,1725601.4
2025-09-02 00:45:00+00:00,3.2026,3.2182,3.2011,3.2131,1519301.0
2025-09-02 01:00:00+00:00,3.2131,3.2287,3.2121,3.222,2197422.2
2025-09-02 01:15:00+00:00,3.2221,3.2269,3.2115,3.2203,1797375.2
2025-09-02 01:30:00+00:00,3.2202,3.2514,3.2111,3.2501,2528688.2
2025-09-02 01:45:00+00:00,3.2502,3.2626,3.2436,3.2463,2882001.4
2025-09-02 02:00:00+00:00,3.2463,3.2599,3.2364,3.2396,2209647.2
2025-09-02 02:15:00+00:00,3.2396,3.2529,3.2279,3.2477,2568947.5
2025-09-02 02:30:00+00:00,3.2477,3.2583,3.2414,3.2565,1377663.1
2025-09-02 02:45:00+00:00,3.2566,3.2832,3.2564,3.283,2807770.9
2025-09-02 03:00:00+00:00,3.2827,3.2905,3.2736,3.2893,2387758.6
2025-09-02 03:15:00+00:00,3.2893,3.2981,3.2708,3.2716,1841842.8
2025-09-02 03:30:00+00:00,3.2716,3.2775,3.2655,3.2719,1366023.8
2025-09-02 03:45:00+00:00,3.2719,3.28,3.2719,3.2756,1121911.1
2025-09-02 04:00:00+00:00,3.2757,3.2844,3.2697,3.2842,980549.5
2025-09-02 04:15:00+00:00,3.2842,3.29,3.282,3.2843,1001616.1
2025-09-02 04:30:00+00:00,3.2843,3.2877,3.2783,3.2815,853283.1
2025-09-02 04:45:00+00:00,3.2815,3.2854,3.276,3.2841,765404.7
2025-09-02 05:00:00+00:00,3.2842,3.2856,3.2688,3.2775,1091945.3
2025-09-02 05:15:00+00:00,3.2775,3.2808,3.2726,3.2748,791883.2
2025-09-02 05:30:00+00:00,3.2748,3.2872,3.2741,3.2829,912530.1
2025-09-02 05:45:00+00:00,3.2828,3.2893,3.2828,3.2857,672409.2
2025-09-02 06:00:00+00:00,3.2857,3.2953,3.2824,3.2923,1184925.5
2025-09-02 06:15:00+00:00,3.2922,3.2965,3.2878,3.2928,829986.8
2025-09-02 06:30:00+00:00,3.2929,3.2992,3.2896,3.2959,981982.2
2025-09-02 06:45:00+00:00,3.2959,3.2976,3.2882,3.2953,1284064.9
2025-09-02 07:00:00+00:00,3.2952,3.297,3.2839,3.2847,1192747.1
2025-09-02 07:15:00+00:00,3.2846,3.2969,3.2844,3.2939,1320708.4
2025-09-02 07:30:00+00:00,3.2938,3.3016,3.2853,3.2889,1599396.0
2025-09-02 07:45:00+00:00,3.2888,3.2932,3.2695,3.2763,3737573.9
2025-09-02 08:00:00+00:00,3.2762,3.2862,3.2642,3.2657,1463447.9
2025-09-02 08:15:00+00:00,3.2657,3.2776,3.2647,3.2726,1342091.5
2025-09-02 08:30:00+00:00,3.2726,3.2892,3.2683,3.2871,1661020.1
2025-09-02 08:45:00+00:00,3.287,3.2956,3.2795,3.2796,1410434.6
2025-09-02 09:00:00+00:00,3.2797,3.2959,3.2749,3.2932,1477382.0
2025-09-02 09:15:00+00:00,3.2933,3.2961,3.2813,3.2837,981010.3
2025-09-02 09:30:00+00:00,3.2837,3.2894,3.279,3.2865,693384.9
2025-09-02 09:45:00+00:00,3.2864,3.2893,3.2827,3.2891,436369.0
2025-09-02 10:00:00+00:00,3.2892,3.291,3.2828,3.2869,578508.8
2025-09-02 10:15:00+00:00,3.287,3.2881,3.2739,3.2751,1515113.2
2025-09-02 10:30:00+00:00,3.275,3.2845,3.2717,3.2805,898449.9
2025-09-02 10:45:00+00:00,3.2804,3.2828,3.2766,3.2821,591652.5
2025-09-02 11:00:00+00:00,3.2821,3.2831,3.2654,3.2657,960741.5
2025-09-02 11:15:00+00:00,3.2656,3.2692,3.2586,3.2592,2005128.5
2025-09-02 11:30:00+00:00,3.2591,3.2633,3.2564,3.2612,1446060.0
2025-09-02 11:45:00+00:00,3.2611,3.2639,3.2484,3.2537,2270000.9
2025-09-02 12:00:00+00:00,3.2536,3.2593,3.2424,3.2446,2565308.4
2025-09-02 12:15:00+00:00,3.2447,3.257,3.2427,3.2543,1588168.9
2025-09-02 12:30:00+00:00,3.2542,3.258,3.2162,3.2236,3808395.9
2025-09-02 12:45:00+00:00,3.2235,3.2235,3.1902,3.1922,6172524.0
2025-09-02 13:00:00+00:00,3.1921,3.2101,3.19,3.2018,3443946.2
2025-09-02 13:15:00+00:00,3.2018,3.2256,3.1994,3.2115,3416198.8
2025-09-02 13:30:00+00:00,3.2116,3.2694,3.1939,3.2643,8434072.4
2025-09-02 13:45:00+00:00,3.2642,3.2966,3.2604,3.2857,6225318.2
2025-09-02 14:00:00+00:00,3.2857,3.3101,3.2585,3.2706,5448483.5
2025-09-02 14:15:00+00:00,3.2704,3.2931,3.2575,3.291,2956643.8
2025-09-02 14:30:00+00:00,3.2909,3.2988,3.2745,3.2792,3391712.7
2025-09-02 14:45:00+00:00,3.2793,3.2826,3.2624,3.2719,2069460.2
2025-09-02 15:00:00+00:00,3.2718,3.2751,3.254,3.27,2307263.6
2025-09-02 15:15:00+00:00,3.27,3.2776,3.2542,3.2615,1941315.0
2025-09-02 15:30:00+00:00,3.2615,3.2618,3.2315,3.2347,3555130.6
2025-09-02 15:45:00+00:00,3.2346,3.2418,3.2085,3.2188,4869739.5
2025-09-02 16:00:00+00:00,3.2188,3.2452,3.2185,3.2359,2589791.9
2025-09-02 16:15:00+00:00,3.2359,3.2477,3.2165,3.2209,2013068.8
2025-09-02 16:30:00+00:00,3.2208,3.2405,3.2194,3.2359,2021442.7
2025-09-02 16:45:00+00:00,3.2358,3.2463,3.2318,3.2411,868243.7
2025-09-02 17:00:00+00:00,3.241,3.2532,3.2409,3.2439,1231670.6
2025-09-02 17:15:00+00:00,3.244,3.2642,3.2431,3.2618,1317396.4
2025-09-02 17:30:00+00:00,3.2618,3.2744,3.2593,3.2606,2104659.1
2025-09-02 17:45:00+00:00,3.2606,3.2672,3.2557,3.261,943981.3
2025-09-02 18:00:00+00:00,3.2609,3.2642,3.2389,3.2465,1376963.8
2025-09-02 18:15:00+00:00,3.2466,3.2484,3.2368,3.2375,1141618.4
2025-09-02 18:30:00+00:00,3.2375,3.249,3.2342,3.242,1042509.3
2025-09-02 18:45:00+00:00,3.2419,3.2665,3.2294,3.2579,1768556.1
2025-09-02 19:00:00+00:00,3.2579,3.2719,3.2489,3.2493,1559401.6
2025-09-02 19:15:00+00:00,3.2492,3.2598,3.244,3.2493,1074439.4
2025-09-02 19:30:00+00:00,3.2492,3.2542,3.2413,3.2512,745020.9
2025-09-02 19:45:00+00:00,3.2511,3.2598,3.2488,3.2573,875902.8
2025-09-02 20:00:00+00:00,3.2574,3.271,3.2501,3.271,1089007.9
2025-09-02 20:15:00+00:00,3.2709,3.3,3.2685,3.2949,4651485.6
2025-09-02 20:30:00+00:00,3.2948,3.3154,3.2835,3.3027,3659074.0
2025-09-02 20:45:00+00:00,3.3028,3.3055,3.2912,3.2983,1618718.8
2025-09-02 21:00:00+00:00,3.2983,3.3121,3.2973,3.3088,1014085.8
2025-09-02 21:15:00+00:00,3.3087,3.3113,3.2929,3.3006,935904.1
2025-09-02 21:30:00+00:00,3.3006,3.3136,3.2989,3.3098,861446.3
2025-09-02 21:45:00+00:00,3.3098,3.3137,3.306,3.3083,748673.2
2025-09-02 22:00:00+00:00,3.3084,3.3097,3.298,3.308,1201375.3
2025-09-02 22:15:00+00:00,3.3081,3.3138,3.3046,3.3078,959701.2
2025-09-02 22:30:00+00:00,3.3078,3.3148,3.3028,3.3114,851996.4
2025-09-02 22:45:00+00:00,3.3114,3.3174,3.3054,3.3165,1035494.6
2025-09-02 23:00:00+00:00,3.3165,3.32,3.307,3.3176,1095069.2
2025-09-02 23:15:00+00:00,3.3176,3.3209,3.3078,3.3105,924731.9
2025-09-02 23:30:00+00:00,3.3106,3.3147,3.307,3.3123,824732.8
2025-09-02 23:45:00+00:00,3.3122,3.3196,3.311,3.3162,1077336.6
2025-09-03 00:00:00+00:00,3.3162,3.3254,3.31,3.3254,1654902.1
2025-09-03 00:15:00+00:00,3.3253,3.3396,3.3192,3.3313,2346226.7
2025-09-03 00:30:00+00:00,3.3313,3.3364,3.3169,3.3216,1746339.7
2025-09-03 00:45:00+00:00,3.3216,3.332,3.318,3.3288,1157996.4
2025-09-03 01:00:00+00:00,3.3289,3.3332,3.3129,3.3139,1493271.2
2025-09-03 01:15:00+00:00,3.3139,3.3258,3.31,3.3101,1287131.4
2025-09-03 01:30:00+00:00,3.3101,3.3222,3.31,3.3197,1023354.5
2025-09-03 01:45:00+00:00,3.3196,3.3412,3.3169,3.3393,2254522.0
2025-09-03 02:00:00+00:00,3.3392,3.3583,3.3211,3.3289,4069651.7
2025-09-03 02:15:00+00:00,3.3289,3.3471,3.3276,3.3426,2075903.7
2025-09-03 02:30:00+00:00,3.3425,3.3428,3.3256,3.3302,1821670.5
2025-09-03 02:45:00+00:00,3.33,3.3398,3.3297,3.3331,939207.1
2025-09-03 03:00:00+00:00,3.333,3.3419,3.3255,3.3288,939970.6
2025-09-03 03:15:00+00:00,3.3288,3.3373,3.3228,3.3239,1042442.5
2025-09-03 03:30:00+00:00,3.3238,3.3254,3.3147,3.3182,1093769.8
2025-09-03 03:45:00+00:00,3.3182,3.3287,3.3159,3.3263,689379.2
2025-09-03 04:00:00+00:00,3.3263,3.3312,3.3148,3.3173,1307567.7
2025-09-03 04:15:00+00:00,3.3174,3.3193,3.3078,3.3111,1503452.3
2025-09-03 04:30:00+00:00,3.3112,3.3186,3.307,3.3133,780522.6
2025-09-03 04:45:00+00:00,3.3133,3.3157,3.307,3.3125,666581.4
2025-09-03 05:00:00+00:00,3.3124,3.3136,3.3022,3.3045,1101412.1
2025-09-03 05:15:00+00:00,3.3045,3.3059,3.2946,3.2971,1234423.7
2025-09-03 05:30:00+00:00,3.2972,3.3014,3.294,3.295,697413.4
2025-09-03 05:45:00+00:00,3.2951,3.2995,3.289,3.2916,874061.1
2025-09-03 06:00:00+00:00,3.2917,3.2977,3.2809,3.296,2002067.2
2025-09-03 06:15:00+00:00,3.2961,3.3036,3.2926,3.3034,936259.7
2025-09-03 06:30:00+00:00,3.3033,3.3062,3.2945,3.2966,785036.7
2025-09-03 06:45:00+00:00,3.2965,3.3042,3.295,3.2974,952930.9
2025-09-03 07:00:00+00:00,3.2974,3.3017,3.29,3.2954,1426174.2
2025-09-03 07:15:00+00:00,3.2953,3.2954,3.282,3.2854,1481829.9
2025-09-03 07:30:00+00:00,3.2853,3.2884,3.2754,3.2787,3981510.0
2025-09-03 07:45:00+00:00,3.2787,3.3,3.2654,3.2985,5249596.8
2025-09-03 08:00:00+00:00,3.2985,3.3233,3.2956,3.3166,4693740.7
2025-09-03 08:15:00+00:00,3.3165,3.3238,3.3004,3.3064,3122878.5
2025-09-03 08:30:00+00:00,3.3065,3.312,3.3003,3.306,1103197.6
2025-09-03 08:45:00+00:00,3.306,3.3086,3.2957,3.3019,1151213.3
2025-09-03 09:00:00+00:00,3.302,3.3096,3.2966,3.2972,1910596.0
2025-09-03 09:15:00+00:00,3.2973,3.3141,3.2973,3.3124,1095130.6
2025-09-03 09:30:00+00:00,3.3124,3.3229,3.3097,3.3225,889267.2
2025-09-03 09:45:00+00:00,3.3226,3.3407,3.3196,3.339,3587571.7
2025-09-03 10:00:00+00:00,3.339,3.3426,3.3324,3.3417,1411768.3
2025-09-03 10:15:00+00:00,3.3416,3.3565,3.3413,3.356,2958004.6
2025-09-03 10:30:00+00:00,3.356,3.359,3.343,3.3471,2414569.8
2025-09-03 10:45:00+00:00,3.347,3.347,3.326,3.3356,2183137.9
2025-09-03 11:00:00+00:00,3.3355,3.3558,3.3305,3.3538,2650867.4
2025-09-03 11:15:00+00:00,3.3537,3.3567,3.3432,3.353,1500377.8
2025-09-03 11:30:00+00:00,3.353,3.3533,3.339,3.3448,1437605.4
2025-09-03 11:45:00+00:00,3.3448,3.351,3.3398,3.3457,745837.0
2025-09-03 12:00:00+00:00,3.3457,3.3576,3.3457,3.3547,1480599.5
2025-09-03 12:15:00+00:00,3.3548,3.3717,3.3547,3.3601,3002635.5
2025-09-03 12:30:00+00:00,3.3601,3.3798,3.3455,3.3455,4075773.4
2025-09-03 12:45:00+00:00,3.3455,3.3547,3.3402,3.3466,1886678.5
2025-09-03 13:00:00+00:00,3.3466,3.3653,3.3462,3.3584,1462916.5
2025-09-03 13:15:00+00:00,3.3582,3.3648,3.3501,3.3508,1413002.1
2025-09-03 13:30:00+00:00,3.3508,3.3711,3.3392,3.3655,2952810.3
2025-09-03 13:45:00+00:00,3.3652,3.38,3.3508,3.3528,4421427.7
2025-09-03 14:00:00+00:00,3.3529,3.3776,3.3519,3.3523,3218766.7
2025-09-03 14:15:00+00:00,3.3523,3.3709,3.3509,3.3671,2300697.0
2025-09-03 14:30:00+00:00,3.3669,3.3998,3.3668,3.3971,5765365.5
2025-09-03 14:45:00+00:00,3.3972,3.3985,3.3829,3.3913,2083766.6
2025-09-03 15:00:00+00:00,3.3913,3.3999,3.385,3.3853,1964240.6
2025-09-03 15:15:00+00:00,3.3852,3.3964,3.3791,3.3845,1309057.8
2025-09-03 15:30:00+00:00,3.3845,3.3889,3.378,3.3856,1129712.2
2025-09-03 15:45:00+00:00,3.3857,3.3875,3.373,3.3847,1414852.2
2025-09-03 16:00:00+00:00,3.3849,3.3956,3.3807,3.3911,1598711.9
2025-09-03 16:15:00+00:00,3.3911,3.3925,3.3743,3.376,914417.9
2025-09-03 16:30:00+00:00,3.376,3.3796,3.3571,3.3573,2906861.3
2025-09-03 16:45:00+00:00,3.3573,3.3632,3.349,3.3619,2628122.1
2025-09-03 17:00:00+00:00,3.3619,3.3763,3.3619,3.3751,1454371.9
2025-09-03 17:15:00+00:00,3.375,3.3797,3.3707,3.3793,1115367.6
2025-09-03 17:30:00+00:00,3.3792,3.3828,3.3688,3.3689,900384.3
2025-09-03 17:45:00+00:00,3.3689,3.3798,3.3668,3.3722,1021226.0
2025-09-03 18:00:00+00:00,3.3723,3.3853,3.3707,3.3821,991465.3
2025-09-03 18:15:00+00:00,3.382,3.3849,3.3764,3.3781,1168121.5
2025-09-03 18:30:00+00:00,3.3781,3.3806,3.371,3.3731,698866.0
2025-09-03 18:45:00+00:00,3.373,3.3786,3.368,3.3783,1294865.2
2025-09-03 19:00:00+00:00,3.3782,3.3833,3.3717,3.3763,877097.9
2025-09-03 19:15:00+00:00,3.3762,3.3818,3.3705,3.3778,700503.9
2025-09-03 19:30:00+00:00,3.3777,3.3888,3.3775,3.3876,1078796.0
2025-09-03 19:45:00+00:00,3.3876,3.4021,3.3866,3.3963,2841415.8
2025-09-03 20:00:00+00:00,3.3964,3.4052,3.3962,3.3989,2310253.8
2025-09-03 20:15:00+00:00,3.3988,3.3992,3.3874,3.3881,1065554.0
2025-09-03 20:30:00+00:00,3.3881,3.3984,3.388,3.3952,790773.7
2025-09-03 20:45:00+00:00,3.3952,3.3996,3.3919,3.3967,704927.3
2025-09-03 21:00:00+00:00,3.3967,3.4,3.392,3.3978,637569.4
2025-09-03 21:15:00+00:00,3.3978,3.4,3.3918,3.397,570299.6
2025-09-03 21:30:00+00:00,3.397,3.3986,3.3852,3.3873,532093.9
2025-09-03 21:45:00+00:00,3.3872,3.3967,3.3796,3.392,747284.6
2025-09-03 22:00:00+00:00,3.392,3.3997,3.3914,3.3951,982049.3
2025-09-03 22:15:00+00:00,3.3952,3.3998,3.3834,3.3854,1400804.3
2025-09-03 22:30:00+00:00,3.3853,3.3878,3.3801,3.3868,579087.4
2025-09-03 22:45:00+00:00,3.3868,3.3926,3.3832,3.3895,452589.2
2025-09-03 23:00:00+00:00,3.3895,3.3926,3.3815,3.382,558008.9
2025-09-03 23:15:00+00:00,3.3819,3.3884,3.3808,3.3874,416237.1
2025-09-03 23:30:00+00:00,3.3874,3.3896,3.3754,3.3757,1060888.8
2025-09-03 23:45:00+00:00,3.3757,3.3863,3.3752,3.386,767183.9
2025-09-04 00:00:00+00:00,3.386,3.3924,3.3795,3.3918,1095924.4
2025-09-04 00:15:00+00:00,3.3917,3.3996,3.3827,3.3919,1118949.6
2025-09-04 00:30:00+00:00,3.3919,3.3943,3.3846,3.3847,606392.4
2025-09-04 00:45:00+00:00,3.3848,3.3903,3.3816,3.3858,528662.6
2025-09-04 01:00:00+00:00,3.3857,3.3864,3.3684,3.3691,1377573.2
2025-09-04 01:15:00+00:00,3.3691,3.37,3.3644,3.3693,1233842.2
2025-09-04 01:30:00+00:00,3.3692,3.3811,3.3679,3.3749,1842652.4
2025-09-04 01:45:00+00:00,3.3749,3.3771,3.3691,3.3767,627399.7
2025-09-04 02:00:00+00:00,3.3767,3.3782,3.3713,3.3721,593631.6
2025-09-04 02:15:00+00:00,3.3721,3.3728,3.3582,3.3583,1003779.9
2025-09-04 02:30:00+00:00,3.3582,3.363,3.3516,3.3536,1972711.1
2025-09-04 02:45:00+00:00,3.3537,3.3579,3.351,3.3525,899277.2
2025-09-04 03:00:00+00:00,3.3524,3.3545,3.3403,3.3443,2491336.2
2025-09-04 03:15:00+00:00,3.3443,3.3558,3.3389,3.341,1379201.6
2025-09-04 03:30:00+00:00,3.341,3.3422,3.3325,3.3363,1823860.0
2025-09-04 03:45:00+00:00,3.3362,3.339,3.3313,3.3363,942211.1
2025-09-04 04:00:00+00:00,3.3363,3.3417,3.327,3.3369,1711730.1
2025-09-04 04:15:00+00:00,3.3369,3.3452,3.3315,3.3324,1434931.2
2025-09-04 04:30:00+00:00,3.3323,3.3409,3.3305,3.3383,1145867.4
2025-09-04 04:45:00+00:00,3.3384,3.3431,3.3329,3.3329,1205001.0
2025-09-04 05:00:00+00:00,3.333,3.3332,3.316,3.321,2795956.7
2025-09-04 05:15:00+00:00,3.321,3.3259,3.3054,3.3093,2569174.6
2025-09-04 05:30:00+00:00,3.3093,3.3131,3.3011,3.304,1682862.4
2025-09-04 05:45:00+00:00,3.3041,3.3103,3.3016,3.3098,1167579.2
2025-09-04 06:00:00+00:00,3.3097,3.3106,3.3013,3.3027,1147303.8
2025-09-04 06:15:00+00:00,3.3026,3.3026,3.2908,3.2981,2481472.9
2025-09-04 06:30:00+00:00,3.298,3.299,3.2928,3.2985,1057628.0
2025-09-04 06:45:00+00:00,3.2985,3.2994,3.2873,3.2924,2440510.3
2025-09-04 07:00:00+00:00,3.2923,3.3019,3.291,3.3018,1263093.8
2025-09-04 07:15:00+00:00,3.3017,3.3067,3.2938,3.2991,2107866.1
2025-09-04 07:30:00+00:00,3.2991,3.3007,3.2933,3.298,869995.2
2025-09-04 07:45:00+00:00,3.2979,3.3108,3.2969,3.3081,1054524.9
2025-09-04 08:00:00+00:00,3.308,3.3276,3.3065,3.3222,2737569.4
2025-09-04 08:15:00+00:00,3.3223,3.332,3.322,3.3312,2247870.5
2025-09-04 08:30:00+00:00,3.3313,3.3332,3.3183,3.3185,1939618.8
2025-09-04 08:45:00+00:00,3.3185,3.319,3.3105,3.3117,1262071.0
2025-09-04 09:00:00+00:00,3.3117,3.3235,3.3117,3.321,969029.0
2025-09-04 09:15:00+00:00,3.3209,3.3228,3.3103,3.3116,708436.5
2025-09-04 09:30:00+00:00,3.3117,3.315,3.3061,3.3089,988408.7
2025-09-04 09:45:00+00:00,3.309,3.3145,3.3046,3.3144,841320.8
2025-09-04 10:00:00+00:00,3.3145,3.327,3.3089,3.3237,1434950.4
2025-09-04 10:15:00+00:00,3.3237,3.3251,3.3157,3.3197,990398.8
2025-09-04 10:30:00+00:00,3.3197,3.3334,3.3183,3.3254,1145317.1
2025-09-04 10:45:00+00:00,3.3255,3.3294,3.3158,3.3161,1790094.0
2025-09-04 11:00:00+00:00,3.3161,3.3287,3.3098,3.3258,1373754.2
2025-09-04 11:15:00+00:00,3.3258,3.3296,3.3187,3.3201,851396.3
2025-09-04 11:30:00+00:00,3.3202,3.3272,3.3161,3.3193,1646249.8
2025-09-04 11:45:00+00:00,3.3193,3.3226,3.3096,3.3097,1059372.4
2025-09-04 12:00:00+00:00,3.3098,3.322,3.3052,3.3217,1723111.7
2025-09-04 12:15:00+00:00,3.3218,3.3291,3.31,3.318,1618295.0
2025-09-04 12:30:00+00:00,3.3181,3.3248,3.2958,3.3018,2621165.5
2025-09-04 12:45:00+00:00,3.3018,3.3151,3.2994,3.314,2194361.9
2025-09-04 13:00:00+00:00,3.314,3.315,3.3008,3.3016,1477344.4
2025-09-04 13:15:00+00:00,3.3017,3.3094,3.2997,3.3054,1421291.6
2025-09-04 13:30:00+00:00,3.3054,3.3133,3.2961,3.3017,2512884.2
2025-09-04 13:45:00+00:00,3.3018,3.3046,3.2835,3.2963,3986318.5
2025-09-04 14:00:00+00:00,3.2963,3.2984,3.2619,3.2715,7760656.1
2025-09-04 14:15:00+00:00,3.2716,3.2866,3.2652,3.2834,1912976.8
2025-09-04 14:30:00+00:00,3.2834,3.2918,3.2804,3.2844,1929523.0
2025-09-04 14:45:00+00:00,3.2844,3.2877,3.2768,3.2782,1173173.7
2025-09-04 15:00:00+00:00,3.2783,3.2803,3.2551,3.259,4017016.2
2025-09-04 15:15:00+00:00,3.2591,3.264,3.251,3.2566,2956571.4
2025-09-04 15:30:00+00:00,3.2566,3.2632,3.2543,3.2584,1651210.3
2025-09-04 15:45:00+00:00,3.2585,3.271,3.2567,3.2637,1270757.4
2025-09-04 16:00:00+00:00,3.2637,3.2739,3.2599,3.2694,1705377.3
2025-09-04 16:15:00+00:00,3.2694,3.2705,3.2507,3.2526,2056658.2
2025-09-04 16:30:00+00:00,3.2526,3.2584,3.25,3.2555,1312882.8
2025-09-04 16:45:00+00:00,3.2554,3.2606,3.2536,3.2566,921522.0
2025-09-04 17:00:00+00:00,3.2567,3.268,3.2556,3.2638,1143781.2
2025-09-04 17:15:00+00:00,3.2637,3.2726,3.2634,3.2702,808389.4
2025-09-04 17:30:00+00:00,3.2702,3.2709,3.257,3.2572,691414.5
2025-09-04 17:45:00+00:00,3.2572,3.2686,3.2565,3.2608,881575.2
2025-09-04 18:00:00+00:00,3.2608,3.2721,3.2603,3.2624,984936.3
2025-09-04 18:15:00+00:00,3.2623,3.2656,3.242,3.2429,2107158.1
2025-09-04 18:30:00+00:00,3.243,3.2571,3.2317,3.2502,2305293.5
2025-09-04 18:45:00+00:00,3.2501,3.2533,3.2425,3.2462,757692.2
2025-09-04 19:00:00+00:00,3.2461,3.2596,3.2435,3.2593,694177.9
2025-09-04 19:15:00+00:00,3.2592,3.2597,3.2518,3.2552,469944.7
2025-09-04 19:30:00+00:00,3.2551,3.2566,3.2402,3.2438,794564.0
2025-09-04 19:45:00+00:00,3.2437,3.2474,3.2381,3.2443,701108.2
2025-09-04 20:00:00+00:00,3.2443,3.2614,3.2409,3.2604,1360617.4
2025-09-04 20:15:00+00:00,3.2604,3.2684,3.2554,3.268,1124704.0
2025-09-04 20:30:00+00:00,3.2681,3.2738,3.2653,3.2682,1102269.4
2025-09-04 20:45:00+00:00,3.2681,3.271,3.2666,3.2676,1093689.7
2025-09-04 21:00:00+00:00,3.2676,3.2777,3.2651,3.273,1604315.1
2025-09-04 21:15:00+00:00,3.273,3.2783,3.2712,3.2752,809010.1
2025-09-04 21:30:00+00:00,3.2752,3.2809,3.2736,3.2802,485581.4
2025-09-04 21:45:00+00:00,3.2803,3.2856,3.276,3.2821,701139.7
2025-09-04 22:00:00+00:00,3.2821,3.2886,3.2793,3.2868,1975375.5
2025-09-04 22:15:00+00:00,3.2868,3.296,3.2835,3.2946,1355143.8
2025-09-04 22:30:00+00:00,3.2944,3.296,3.2892,3.2901,741244.5
2025-09-04 22:45:00+00:00,3.2901,3.3116,3.2889,3.3058,2388631.6
2025-09-04 23:00:00+00:00,3.3057,3.3145,3.305,3.3142,2218918.8
2025-09-04 23:15:00+00:00,3.3141,3.3174,3.3004,3.307,1537329.9
2025-09-04 23:30:00+00:00,3.3069,3.3074,3.2894,3.2933,1410149.9
2025-09-04 23:45:00+00:00,3.2934,3.2948,3.2834,3.2839,1362470.5
2025-09-05 00:00:00+00:00,3.2839,3.2947,3.2822,3.294,1738865.1
2025-09-05 00:15:00+00:00,3.2941,3.2998,3.289,3.2946,863763.8
2025-09-05 00:30:00+00:00,3.2945,3.298,3.2883,3.2892,771912.1
2025-09-05 00:45:00+00:00,3.2891,3.2891,3.2737,3.2752,2156754.0
2025-09-05 01:00:00+00:00,3.2753,3.2799,3.2725,3.277,1151165.4
2025-09-05 01:15:00+00:00,3.2771,3.294,3.2744,3.2932,1180068.8
2025-09-05 01:30:00+00:00,3.2932,3.2989,3.2882,3.2988,1296220.7
2025-09-05 01:45:00+00:00,3.2989,3.3032,3.2964,3.3009,908934.9
2025-09-05 02:00:00+00:00,3.301,3.3121,3.2986,3.3084,1093371.9
2025-09-05 02:15:00+00:00,3.3085,3.3138,3.2978,3.3131,1293551.5
2025-09-05 02:30:00+00:00,3.3131,3.3235,3.3084,3.3129,1929920.8
2025-09-05 02:45:00+00:00,3.313,3.3222,3.3116,3.3212,1080562.9
2025-09-05 03:00:00+00:00,3.3212,3.3212,3.3037,3.3045,1240567.4
2025-09-05 03:15:00+00:00,3.3046,3.311,3.3037,3.3079,686428.9
2025-09-05 03:30:00+00:00,3.3079,3.3243,3.307,3.3239,738418.9
2025-09-05 03:45:00+00:00,3.3239,3.3376,3.3222,3.3352,1308566.2
2025-09-05 04:00:00+00:00,3.3352,3.3369,3.3283,3.3286,1074872.1
2025-09-05 04:15:00+00:00,3.3286,3.34,3.3286,3.34,924121.7
2025-09-05 04:30:00+00:00,3.34,3.3464,3.339,3.3458,1250801.5
2025-09-05 04:45:00+00:00,3.3458,3.3468,3.3401,3.3456,712745.4
2025-09-05 05:00:00+00:00,3.3457,3.3461,3.3401,3.3426,918786.0
2025-09-05 05:15:00+00:00,3.3426,3.3467,3.3365,3.3368,644916.4
2025-09-05 05:30:00+00:00,3.3368,3.3446,3.3345,3.3432,707901.8
2025-09-05 05:45:00+00:00,3.3433,3.3483,3.343,3.3476,908118.8
2025-09-05 06:00:00+00:00,3.3477,3.3596,3.3456,3.3591,1644746.5
2025-09-05 06:15:00+00:00,3.3592,3.3619,3.3476,3.3592,1476563.1
2025-09-05 06:30:00+00:00,3.3592,3.3647,3.3535,3.3611,1068506.6
2025-09-05 06:45:00+00:00,3.3611,3.3643,3.3554,3.3641,1067183.9
2025-09-05 07:00:00+00:00,3.3641,3.3839,3.3633,3.3753,3568263.5
2025-09-05 07:15:00+00:00,3.3753,3.3929,3.3752,3.3867,2707278.6
2025-09-05 07:30:00+00:00,3.3867,3.3971,3.3826,3.3895,2764788.8
2025-09-05 07:45:00+00:00,3.3895,3.3979,3.3864,3.3935,1773976.1
2025-09-05 08:00:00+00:00,3.3936,3.3951,3.3781,3.3803,2301120.6
2025-09-05 08:15:00+00:00,3.3803,3.3836,3.3715,3.3731,1824037.3
2025-09-05 08:30:00+00:00,3.3731,3.3847,3.369,3.3818,1318466.9
2025-09-05 08:45:00+00:00,3.3819,3.3846,3.3755,3.3768,1282743.9
2025-09-05 09:00:00+00:00,3.3768,3.3785,3.3682,3.3687,1326390.9
2025-09-05 09:15:00+00:00,3.3686,3.3724,3.3622,3.3642,2083413.9
2025-09-05 09:30:00+00:00,3.3642,3.377,3.3602,3.3748,2218929.9
2025-09-05 09:45:00+00:00,3.3748,3.3837,3.3738,3.3835,1034648.6
2025-09-05 10:00:00+00:00,3.3834,3.3867,3.376,3.379,1570540.9
2025-09-05 10:15:00+00:00,3.379,3.3845,3.3777,3.3806,837084.1
2025-09-05 10:30:00+00:00,3.3806,3.3874,3.3779,3.38,1058253.4
2025-09-05 10:45:00+00:00,3.38,3.3805,3.3618,3.363,1520459.2
2025-09-05 11:00:00+00:00,3.3631,3.3795,3.3624,3.3749,1846170.5
2025-09-05 11:15:00+00:00,3.3749,3.3856,3.3715,3.3847,1387267.6
2025-09-05 11:30:00+00:00,3.3848,3.392,3.3835,3.389,1969478.7
2025-09-05 11:45:00+00:00,3.389,3.3897,3.3829,3.3889,1913623.7
2025-09-05 12:00:00+00:00,3.3889,3.396,3.388,3.3948,1923820.5
2025-09-05 12:15:00+00:00,3.3948,3.4098,3.3891,3.4089,3179740.2
2025-09-05 12:30:00+00:00,3.409,3.449,3.3805,3.4119,20066760.5
2025-09-05 12:45:00+00:00,3.4118,3.4424,3.406,3.4397,4403452.6
2025-09-05 13:00:00+00:00,3.4396,3.4542,3.4366,3.4446,4457024.9
2025-09-05 13:15:00+00:00,3.4446,3.4456,3.4277,3.4356,2645207.0
2025-09-05 13:30:00+00:00,3.4354,3.4489,3.4257,3.441,4040904.2
2025-09-05 13:45:00+00:00,3.441,3.4502,3.4316,3.4444,3302342.4
2025-09-05 14:00:00+00:00,3.4444,3.4444,3.4113,3.4125,3852552.9
2025-09-05 14:15:00+00:00,3.4126,3.4143,3.3487,3.3546,16531976.0
2025-09-05 14:30:00+00:00,3.3547,3.3632,3.3292,3.354,10753378.7
2025-09-05 14:45:00+00:00,3.354,3.365,3.3325,3.3512,6264626.1
2025-09-05 15:00:00+00:00,3.351,3.3646,3.3375,3.3631,3569119.7
2025-09-05 15:15:00+00:00,3.363,3.3787,3.3601,3.3758,3130143.3
2025-09-05 15:30:00+00:00,3.3758,3.3916,3.36,3.3904,2584766.6
2025-09-05 15:45:00+00:00,3.3904,3.3904,3.3748,3.3791,1668525.9
2025-09-05 16:00:00+00:00,3.3792,3.3793,3.356,3.3774,3468556.5
2025-09-05 16:15:00+00:00,3.3774,3.3847,3.3674,3.3769,1491081.4
2025-09-05 16:30:00+00:00,3.377,3.3897,3.3755,3.3896,933962.3
2025-09-05 16:45:00+00:00,3.3897,3.3952,3.3828,3.3938,1316581.0
2025-09-05 17:00:00+00:00,3.3939,3.3951,3.3729,3.3822,1467023.5
2025-09-05 17:15:00+00:00,3.3822,3.386,3.3782,3.3802,817333.9
2025-09-05 17:30:00+00:00,3.3802,3.3804,3.3589,3.3647,2348316.0
2025-09-05 17:45:00+00:00,3.3647,3.3782,3.3632,3.3775,1361056.2
2025-09-05 18:00:00+00:00,3.3774,3.3796,3.3643,3.3715,1149812.6
2025-09-05 18:15:00+00:00,3.3715,3.3843,3.3715,3.3832,1562134.4
2025-09-05 18:30:00+00:00,3.3831,3.3895,3.378,3.3862,992490.7
2025-09-05 18:45:00+00:00,3.3862,3.3895,3.3808,3.3824,947299.0
2025-09-05 19:00:00+00:00,3.3824,3.3863,3.3744,3.3808,1065593.6
2025-09-05 19:15:00+00:00,3.3807,3.4054,3.3805,3.3994,2600852.0
2025-09-05 19:30:00+00:00,3.3994,3.4034,3.3872,3.3973,1547689.8
2025-09-05 19:45:00+00:00,3.3973,3.4168,3.3959,3.416,2005764.5
2025-09-05 20:00:00+00:00,3.4161,3.4181,3.4084,3.4152,1706850.1
2025-09-05 20:15:00+00:00,3.4151,3.418,3.405,3.4071,850059.3
2025-09-05 20:30:00+00:00,3.4072,3.4217,3.4072,3.416,1084079.1
2025-09-05 20:45:00+00:00,3.4161,3.4235,3.4112,3.4225,792646.3
2025-09-05 21:00:00+00:00,3.4225,3.4251,3.4024,3.4056,1712067.3
2025-09-05 21:15:00+00:00,3.4056,3.4076,3.3767,3.3887,4246179.9
2025-09-05 21:30:00+00:00,3.3887,3.3966,3.3793,3.3938,1472065.0
2025-09-05 21:45:00+00:00,3.3938,3.3939,3.3755,3.38,792906.8
2025-09-05 22:00:00+00:00,3.3799,3.3845,3.3676,3.369,1525807.6
2025-09-05 22:15:00+00:00,3.369,3.3747,3.3678,3.373,780152.7
2025-09-05 22:30:00+00:00,3.373,3.3817,3.3716,3.3814,1126746.9
2025-09-05 22:45:00+00:00,3.3814,3.3858,3.379,3.3816,745246.8
2025-09-05 23:00:00+00:00,3.3815,3.3854,3.3764,3.3779,426804.3
2025-09-05 23:15:00+00:00,3.3778,3.3855,3.377,3.3772,651118.5
2025-09-05 23:30:00+00:00,3.3772,3.3775,3.3687,3.3743,396192.5
2025-09-05 23:45:00+00:00,3.3742,3.3754,3.3701,3.3724,393907.7
2025-09-06 00:00:00+00:00,3.3725,3.377,3.3704,3.3752,743173.5
2025-09-06 00:15:00+00:00,3.3752,3.3896,3.3752,3.3847,706077.8
2025-09-06 00:30:00+00:00,3.3847,3.3902,3.3844,3.3885,769167.5
2025-09-06 00:45:00+00:00,3.3885,3.3915,3.3822,3.3873,512653.9
2025-09-06 01:00:00+00:00,3.3873,3.3904,3.3838,3.3895,519549.2
2025-09-06 01:15:00+00:00,3.3896,3.3914,3.3851,3.388,511850.7
2025-09-06 01:30:00+00:00,3.3881,3.3881,3.3801,3.3817,619940.4
2025-09-06 01:45:00+00:00,3.3818,3.3896,3.3813,3.387,676445.0
2025-09-06 02:00:00+00:00,3.3871,3.3944,3.3848,3.3858,808817.6
2025-09-06 02:15:00+00:00,3.3859,3.3869,3.3783,3.381,569731.0
2025-09-06 02:30:00+00:00,3.381,3.3818,3.3758,3.3762,475278.3
2025-09-06 02:45:00+00:00,3.3763,3.3882,3.3756,3.3878,478418.9
2025-09-06 03:00:00+00:00,3.3877,3.3915,3.3832,3.3905,600402.2
2025-09-06 03:15:00+00:00,3.3906,3.4031,3.3901,3.403,1031496.1
2025-09-06 03:30:00+00:00,3.4031,3.4065,3.3988,3.4019,1010589.5
2025-09-06 03:45:00+00:00,3.4019,3.4053,3.4008,3.4033,437667.6
2025-09-06 04:00:00+00:00,3.4034,3.4034,3.3877,3.3887,1132234.8
2025-09-06 04:15:00+00:00,3.3887,3.3903,3.3824,3.386,762915.4
2025-09-06 04:30:00+00:00,3.3861,3.3886,3.3793,3.3858,1007925.1
2025-09-06 04:45:00+00:00,3.3858,3.3959,3.3858,3.3891,959348.9
2025-09-06 05:00:00+00:00,3.3892,3.3895,3.3839,3.3844,607375.2
2025-09-06 05:15:00+00:00,3.3845,3.3848,3.3688,3.3719,2099872.2
2025-09-06 05:30:00+00:00,3.3719,3.3763,3.3682,3.3706,779867.7
2025-09-06 05:45:00+00:00,3.3705,3.371,3.363,3.3668,1231477.6
2025-09-06 06:00:00+00:00,3.3669,3.3724,3.362,3.3716,437372.1
2025-09-06 06:15:00+00:00,3.3716,3.3716,3.3667,3.3697,424540.3
2025-09-06 06:30:00+00:00,3.3698,3.3788,3.3692,3.3744,1018765.7
2025-09-06 06:45:00+00:00,3.3745,3.3765,3.3718,3.3751,392193.2
2025-09-06 07:00:00+00:00,3.3752,3.3786,3.3722,3.377,395832.4
2025-09-06 07:15:00+00:00,3.3771,3.3796,3.3716,3.3791,386337.0
2025-09-06 07:30:00+00:00,3.3791,3.3795,3.3737,3.376,468615.7
2025-09-06 07:45:00+00:00,3.3761,3.377,3.372,3.3762,557647.4
2025-09-06 08:00:00+00:00,3.3762,3.3806,3.3722,3.3736,851627.6
2025-09-06 08:15:00+00:00,3.3737,3.3759,3.3708,3.3726,427828.5
2025-09-06 08:30:00+00:00,3.3727,3.3766,3.3715,3.3721,366658.4
2025-09-06 08:45:00+00:00,3.3721,3.3721,3.365,3.3652,837337.5
2025-09-06 09:00:00+00:00,3.3653,3.3656,3.3495,3.3512,1812598.4
2025-09-06 09:15:00+00:00,3.3512,3.3538,3.3458,3.3464,1524434.0
2025-09-06 09:30:00+00:00,3.3463,3.3562,3.3453,3.3547,817192.1
2025-09-06 09:45:00+00:00,3.3548,3.3557,3.347,3.3478,527985.5
2025-09-06 10:00:00+00:00,3.3478,3.3486,3.3417,3.3457,1380547.2
2025-09-06 10:15:00+00:00,3.3457,3.3473,3.3418,3.3456,644086.4
2025-09-06 10:30:00+00:00,3.3455,3.352,3.3428,3.352,844771.0
2025-09-06 10:45:00+00:00,3.3519,3.3545,3.347,3.3533,700832.1
2025-09-06 11:00:00+00:00,3.3533,3.3534,3.3453,3.3471,569217.0
2025-09-06 11:15:00+00:00,3.347,3.3486,3.3437,3.3457,559653.5
2025-09-06 11:30:00+00:00,3.3456,3.3457,3.338,3.3416,1329303.1
2025-09-06 11:45:00+00:00,3.3416,3.3522,3.341,3.3506,1128326.7
2025-09-06 12:00:00+00:00,3.3506,3.3596,3.3466,3.3567,1154046.5
2025-09-06 12:15:00+00:00,3.3567,3.3594,3.3523,3.354,499262.0
2025-09-06 12:30:00+00:00,3.354,3.3563,3.3448,3.3502,739209.0
2025-09-06 12:45:00+00:00,3.3501,3.3566,3.3479,3.3504,674728.1
2025-09-06 13:00:00+00:00,3.3505,3.3542,3.3486,3.3492,536947.7
2025-09-06 13:15:00+00:00,3.3493,3.3552,3.3483,3.3505,673805.0
2025-09-06 13:30:00+00:00,3.3506,3.352,3.3438,3.3472,802986.1
2025-09-06 13:45:00+00:00,3.3473,3.3556,3.3448,3.3552,572414.6
2025-09-06 14:00:00+00:00,3.3553,3.3612,3.3521,3.3588,614793.0
2025-09-06 14:15:00+00:00,3.3589,3.3669,3.357,3.3669,754420.3
2025-09-06 14:30:00+00:00,3.367,3.3679,3.3623,3.367,705444.3
2025-09-06 14:45:00+00:00,3.367,3.3683,3.3586,3.3606,565449.4
2025-09-06 15:00:00+00:00,3.3607,3.3607,3.3453,3.3471,1306945.0
2025-09-06 15:15:00+00:00,3.347,3.3555,3.3469,3.3512,958750.4
2025-09-06 15:30:00+00:00,3.3512,3.3556,3.3469,3.3473,922304.1
2025-09-06 15:45:00+00:00,3.3472,3.3473,3.3365,3.3365,2224214.4
2025-09-06 16:00:00+00:00,3.3365,3.3459,3.332,3.3408,1730909.3
2025-09-06 16:15:00+00:00,3.3407,3.3423,3.3253,3.34,2106466.6
2025-09-06 16:30:00+00:00,3.3399,3.3444,3.3367,3.3421,918729.9
2025-09-06 16:45:00+00:00,3.3422,3.3528,3.3344,3.3378,2005058.7
2025-09-06 17:00:00+00:00,3.3377,3.3418,3.3346,3.3373,944697.4
2025-09-06 17:15:00+00:00,3.3373,3.3414,3.3359,3.3364,501859.5
2025-09-06 17:30:00+00:00,3.3364,3.3364,3.3262,3.3269,1211489.2
2025-09-06 17:45:00+00:00,3.327,3.3327,3.3262,3.3321,574548.8
2025-09-06 18:00:00+00:00,3.332,3.3365,3.329,3.3353,625748.2
2025-09-06 18:15:00+00:00,3.3353,3.3407,3.3332,3.3358,960486.2
2025-09-06 18:30:00+00:00,3.3358,3.336,3.3288,3.3288,624257.1
2025-09-06 18:45:00+00:00,3.3288,3.3384,3.3278,3.3356,582279.4
2025-09-06 19:00:00+00:00,3.3355,3.3373,3.3253,3.3264,554634.7
2025-09-06 19:15:00+00:00,3.3265,3.3266,3.3206,3.3206,810261.7
2025-09-06 19:30:00+00:00,3.3207,3.3234,3.3151,3.3157,1241217.0
2025-09-06 19:45:00+00:00,3.3157,3.3186,3.3116,3.3152,825982.9
2025-09-06 20:00:00+00:00,3.3152,3.319,3.3134,3.3167,704287.9
2025-09-06 20:15:00+00:00,3.3166,3.3199,3.3154,3.3166,501907.3
2025-09-06 20:30:00+00:00,3.3166,3.3231,3.3155,3.3226,562621.2
2025-09-06 20:45:00+00:00,3.3225,3.3275,3.3214,3.3263,500881.6
2025-09-06 21:00:00+00:00,3.3262,3.3277,3.3172,3.3186,1237086.1
2025-09-06 21:15:00+00:00,3.3185,3.322,3.3171,3.32,475575.2
2025-09-06 21:30:00+00:00,3.3199,3.3223,3.318,3.3197,406529.2
2025-09-06 21:45:00+00:00,3.3196,3.3274,3.3196,3.3266,474887.9
2025-09-06 22:00:00+00:00,3.3265,3.3299,3.3232,3.3276,943494.4
2025-09-06 22:15:00+00:00,3.3276,3.3334,3.3267,3.3281,405933.0
2025-09-06 22:30:00+00:00,3.3281,3.3302,3.3223,3.3252,534074.5
2025-09-06 22:45:00+00:00,3.3252,3.3292,3.3233,3.3288,451548.6
2025-09-06 23:00:00+00:00,3.3288,3.3294,3.3231,3.3293,976388.4
2025-09-06 23:15:00+00:00,3.3293,3.3398,3.3272,3.3362,1023778.8
2025-09-06 23:30:00+00:00,3.3362,3.3406,3.3346,3.3355,681708.2
2025-09-06 23:45:00+00:00,3.3356,3.3367,3.3319,3.3342,959327.9
2025-09-07 00:00:00+00:00,3.3343,3.3431,3.3324,3.3411,886588.4
2025-09-07 00:15:00+00:00,3.3412,3.3444,3.3391,3.3401,582639.2
2025-09-07 00:30:00+00:00,3.3402,3.3464,3.3328,3.3464,892975.7
2025-09-07 00:45:00+00:00,3.3464,3.3494,3.3451,3.348,748381.1
2025-09-07 01:00:00+00:00,3.3481,3.3643,3.3475,3.3614,1398658.4
2025-09-07 01:15:00+00:00,3.3615,3.367,3.3567,3.3636,818432.1
2025-09-07 01:30:00+00:00,3.3637,3.367,3.36,3.3651,648038.6
2025-09-07 01:45:00+00:00,3.3652,3.3742,3.3648,3.3681,1186986.5
2025-09-07 02:00:00+00:00,3.3681,3.3699,3.3611,3.3653,1010366.9
2025-09-07 02:15:00+00:00,3.3654,3.3685,3.361,3.3684,550801.4
2025-09-07 02:30:00+00:00,3.3685,3.3726,3.3682,3.3707,736823.6
2025-09-07 02:45:00+00:00,3.3707,3.3756,3.3686,3.3739,664987.3
2025-09-07 03:00:00+00:00,3.374,3.3822,3.3704,3.3727,2175837.2
2025-09-07 03:15:00+00:00,3.3728,3.382,3.3722,3.3783,647892.2
2025-09-07 03:30:00+00:00,3.3783,3.3798,3.3697,3.3698,599113.2
2025-09-07 03:45:00+00:00,3.3698,3.3709,3.3658,3.3698,1023816.4
2025-09-07 04:00:00+00:00,3.3698,3.3706,3.3625,3.3629,822159.8
2025-09-07 04:15:00+00:00,3.3629,3.3702,3.3629,3.3665,651047.9
2025-09-07 04:30:00+00:00,3.3665,3.3701,3.3635,3.3651,460419.6
2025-09-07 04:45:00+00:00,3.3651,3.3674,3.3643,3.3669,288064.8
2025-09-07 05:00:00+00:00,3.3669,3.3746,3.3641,3.3745,999834.9
2025-09-07 05:15:00+00:00,3.3746,3.3791,3.3701,3.3787,505391.4
2025-09-07 05:30:00+00:00,3.3788,3.3793,3.3698,3.3717,517108.7
2025-09-07 05:45:00+00:00,3.3717,3.3814,3.3697,3.3813,577461.5
2025-09-07 06:00:00+00:00,3.3814,3.3829,3.3747,3.3763,607006.4
2025-09-07 06:15:00+00:00,3.3764,3.3784,3.3711,3.3724,459905.8
2025-09-07 06:30:00+00:00,3.3724,3.3749,3.3689,3.3711,474012.9
2025-09-07 06:45:00+00:00,3.3711,3.376,3.3693,3.3701,501254.7
2025-09-07 07:00:00+00:00,3.3701,3.3727,3.3669,3.3682,551109.2
2025-09-07 07:15:00+00:00,3.3682,3.3706,3.3614,3.368,1131375.5
2025-09-07 07:30:00+00:00,3.368,3.379,3.368,3.3777,733655.8
2025-09-07 07:45:00+00:00,3.3777,3.381,3.3653,3.37,641948.0
2025-09-07 08:00:00+00:00,3.37,3.3891,3.37,3.3885,2483812.3
2025-09-07 08:15:00+00:00,3.3882,3.3981,3.3869,3.3931,1920061.1
2025-09-07 08:30:00+00:00,3.3931,3.3963,3.387,3.3883,1695148.4
2025-09-07 08:45:00+00:00,3.3884,3.3908,3.3838,3.3861,823520.4
2025-09-07 09:00:00+00:00,3.386,3.392,3.3832,3.3884,681115.2
2025-09-07 09:15:00+00:00,3.3884,3.3926,3.3842,3.386,473827.0
2025-09-07 09:30:00+00:00,3.386,3.3868,3.375,3.3751,1045157.8
2025-09-07 09:45:00+00:00,3.375,3.3834,3.3729,3.3834,1011244.2
2025-09-07 10:00:00+00:00,3.3834,3.3875,3.38,3.3861,466360.9
2025-09-07 10:15:00+00:00,3.3861,3.3867,3.3805,3.3858,572420.4
2025-09-07 10:30:00+00:00,3.3857,3.3917,3.3857,3.3908,577994.2
2025-09-07 10:45:00+00:00,3.3908,3.3923,3.3869,3.3922,806070.5
2025-09-07 11:00:00+00:00,3.3922,3.394,3.3892,3.3924,539510.0
2025-09-07 11:15:00+00:00,3.3924,3.395,3.3911,3.3923,289494.1
2025-09-07 11:30:00+00:00,3.3924,3.3998,3.3909,3.3993,522073.6
2025-09-07 11:45:00+00:00,3.3994,3.4202,3.3976,3.42,2904652.2
2025-09-07 12:00:00+00:00,3.42,3.4201,3.4014,3.4018,2604652.2
2025-09-07 12:15:00+00:00,3.4017,3.4021,3.3936,3.3983,1383649.4
2025-09-07 12:30:00+00:00,3.3983,3.4069,3.3973,3.4025,999770.9
2025-09-07 12:45:00+00:00,3.4025,3.4034,3.3983,3.4034,683852.8
2025-09-07 13:00:00+00:00,3.4034,3.4036,3.3956,3.3976,898274.6
2025-09-07 13:15:00+00:00,3.3976,3.398,3.3905,3.3965,762785.7
2025-09-07 13:30:00+00:00,3.3965,3.4046,3.396,3.3993,679393.8
2025-09-07 13:45:00+00:00,3.3994,3.4061,3.399,3.4041,865895.0
2025-09-07 14:00:00+00:00,3.404,3.4215,3.3978,3.4107,3250882.3
2025-09-07 14:15:00+00:00,3.4108,3.4179,3.4022,3.4064,1469080.7
2025-09-07 14:30:00+00:00,3.4064,3.4111,3.401,3.4109,1481727.9
2025-09-07 14:45:00+00:00,3.411,3.4123,3.4024,3.4048,781271.3
2025-09-07 15:00:00+00:00,3.4048,3.4062,3.3987,3.4004,993520.5
2025-09-07 15:15:00+00:00,3.4005,3.4098,3.4005,3.406,655483.6
2025-09-07 15:30:00+00:00,3.406,3.413,3.403,3.412,788275.8
2025-09-07 15:45:00+00:00,3.412,3.4144,3.404,3.4063,880114.8
2025-09-07 16:00:00+00:00,3.4063,3.4111,3.3954,3.3975,1065309.1
2025-09-07 16:15:00+00:00,3.3976,3.4016,3.3934,3.397,1440444.9
2025-09-07 16:30:00+00:00,3.3971,3.3986,3.3855,3.3901,1596678.2
2025-09-07 16:45:00+00:00,3.3901,3.3932,3.3859,3.3871,1144844.4
2025-09-07 17:00:00+00:00,3.3872,3.3916,3.3803,3.3831,1085786.9
2025-09-07 17:15:00+00:00,3.3831,3.3859,3.3729,3.3739,1465318.0
2025-09-07 17:30:00+00:00,3.3739,3.3856,3.371,3.3823,1197195.3
2025-09-07 17:45:00+00:00,3.3822,3.3828,3.369,3.3699,982766.7
2025-09-07 18:00:00+00:00,3.3698,3.375,3.3656,3.372,1519638.1
2025-09-07 18:15:00+00:00,3.372,3.376,3.3688,3.3695,1215667.3
2025-09-07 18:30:00+00:00,3.3695,3.3729,3.3547,3.3634,1842251.0
2025-09-07 18:45:00+00:00,3.3635,3.3686,3.3621,3.3662,942300.5
2025-09-07 19:00:00+00:00,3.3662,3.3738,3.364,3.3663,1166265.5
2025-09-07 19:15:00+00:00,3.3664,3.372,3.3634,3.3682,701399.1
2025-09-07 19:30:00+00:00,3.3682,3.3849,3.3673,3.3839,844029.7
2025-09-07 19:45:00+00:00,3.384,3.3849,3.376,3.3781,1028314.5
2025-09-07 20:00:00+00:00,3.3782,3.3844,3.3746,3.375,1032770.1
2025-09-07 20:15:00+00:00,3.3749,3.381,3.3719,3.3779,785551.4
2025-09-07 20:30:00+00:00,3.3779,3.3826,3.3753,3.3821,514270.9
2025-09-07 20:45:00+00:00,3.3822,3.3918,3.3796,3.3908,850114.4
2025-09-07 21:00:00+00:00,3.3908,3.3956,3.3865,3.3952,1207086.6
2025-09-07 21:15:00+00:00,3.3951,3.3961,3.3856,3.3868,740000.3
2025-09-07 21:30:00+00:00,3.3869,3.3908,3.3846,3.3866,533880.6
2025-09-07 21:45:00+00:00,3.3867,3.3867,3.3814,3.3816,376123.0
2025-09-07 22:00:00+00:00,3.3815,3.3907,3.3807,3.3904,1182633.6
2025-09-07 22:15:00+00:00,3.3904,3.3962,3.3883,3.3957,1024550.4
2025-09-07 22:30:00+00:00,3.3957,3.3987,3.3802,3.3868,1664535.9
2025-09-07 22:45:00+00:00,3.3868,3.4012,3.3868,3.4003,1743882.9
2025-09-07 23:00:00+00:00,3.4004,3.4097,3.3983,3.3996,1645123.3
2025-09-07 23:15:00+00:00,3.3995,3.4179,3.3971,3.4117,1668163.2
2025-09-07 23:30:00+00:00,3.4118,3.414,3.4052,3.4079,733291.0
2025-09-07 23:45:00+00:00,3.408,3.4093,3.3929,3.3951,1158315.2
2025-09-08 00:00:00+00:00,3.3952,3.3986,3.3869,3.3875,1163305.4
2025-09-08 00:15:00+00:00,3.3875,3.3921,3.3787,3.3921,1434755.5
2025-09-08 00:30:00+00:00,3.3921,3.3966,3.3841,3.389,1484643.0
2025-09-08 00:45:00+00:00,3.389,3.3891,3.3718,3.3764,1094191.4
2025-09-08 01:00:00+00:00,3.3764,3.3834,3.3726,3.381,984933.6
2025-09-08 01:15:00+00:00,3.381,3.3833,3.3703,3.3707,629055.4
2025-09-08 01:30:00+00:00,3.3707,3.3784,3.3674,3.3734,1029952.6
2025-09-08 01:45:00+00:00,3.3734,3.377,3.3698,3.3744,636281.4
2025-09-08 02:00:00+00:00,3.3744,3.3765,3.3662,3.3735,922039.0
2025-09-08 02:15:00+00:00,3.3735,3.3778,3.3612,3.3687,1979401.0
2025-09-08 02:30:00+00:00,3.3687,3.3993,3.3673,3.3954,2543352.2
2025-09-08 02:45:00+00:00,3.3954,3.4056,3.3926,3.4048,1783326.5
2025-09-08 03:00:00+00:00,3.405,3.4173,3.4017,3.4136,2512083.6
2025-09-08 03:15:00+00:00,3.4137,3.4174,3.406,3.4112,1530094.9
2025-09-08 03:30:00+00:00,3.4113,3.4343,3.4108,3.4219,3113803.4
2025-09-08 03:45:00+00:00,3.4219,3.422,3.4028,3.4073,1707875.7
2025-09-08 04:00:00+00:00,3.4073,3.41,3.3857,3.3905,2370862.1
2025-09-08 04:15:00+00:00,3.3905,3.3986,3.3896,3.3964,1143359.4
2025-09-08 04:30:00+00:00,3.3965,3.4045,3.391,3.3921,920787.7
2025-09-08 04:45:00+00:00,3.3922,3.393,3.3823,3.3883,918811.9
2025-09-08 05:00:00+00:00,3.3884,3.3944,3.3823,3.3848,916538.1
2025-09-08 05:15:00+00:00,3.3849,3.393,3.3823,3.3885,930275.3
2025-09-08 05:30:00+00:00,3.3885,3.389,3.3799,3.381,897564.8
2025-09-08 05:45:00+00:00,3.381,3.3977,3.3799,3.3927,1502547.1
2025-09-08 06:00:00+00:00,3.3928,3.3983,3.3848,3.3955,2192665.8
2025-09-08 06:15:00+00:00,3.3954,3.4038,3.3854,3.4031,2089778.0
2025-09-08 06:30:00+00:00,3.403,3.4042,3.3955,3.401,815758.6
2025-09-08 06:45:00+00:00,3.401,3.4017,3.3921,3.3927,809025.3
2025-09-08 07:00:00+00:00,3.3927,3.4024,3.3904,3.4017,780522.6
2025-09-08 07:15:00+00:00,3.4018,3.4146,3.3974,3.4146,1673671.1
2025-09-08 07:30:00+00:00,3.4146,3.4193,3.4018,3.4116,2045834.5
2025-09-08 07:45:00+00:00,3.4115,3.4129,3.4038,3.4073,1061002.7
2025-09-08 08:00:00+00:00,3.4074,3.4173,3.4041,3.4127,1314209.0
2025-09-08 08:15:00+00:00,3.4127,3.4319,3.4071,3.4288,2453543.9
2025-09-08 08:30:00+00:00,3.4288,3.44,3.4273,3.4398,2856411.9
2025-09-08 08:45:00+00:00,3.4396,3.447,3.4328,3.4391,2463116.7
2025-09-08 09:00:00+00:00,3.4391,3.4487,3.432,3.4481,1711463.5
2025-09-08 09:15:00+00:00,3.448,3.4637,3.4456,3.4488,4198408.2
2025-09-08 09:30:00+00:00,3.4489,3.4498,3.4394,3.4454,1528430.0
2025-09-08 09:45:00+00:00,3.4454,3.4568,3.4454,3.4532,1111535.4
2025-09-08 10:00:00+00:00,3.4533,3.4642,3.4489,3.4615,2083776.0
2025-09-08 10:15:00+00:00,3.4615,3.486,3.46,3.476,5933997.3
2025-09-08 10:30:00+00:00,3.476,3.4832,3.4733,3.4807,1634283.9
2025-09-08 10:45:00+00:00,3.4807,3.4816,3.4706,3.4712,1952382.4
2025-09-08 11:00:00+00:00,3.4713,3.4726,3.4513,3.4529,2778380.2
2025-09-08 11:15:00+00:00,3.453,3.4631,3.4489,3.4515,1638945.2
2025-09-08 11:30:00+00:00,3.4514,3.47,3.4434,3.4673,3121335.2
2025-09-08 11:45:00+00:00,3.4673,3.4818,3.4634,3.4729,1817839.1
2025-09-08 12:00:00+00:00,3.473,3.48,3.4666,3.4675,1655455.7
2025-09-08 12:15:00+00:00,3.4675,3.4686,3.4605,3.4634,1765867.8
2025-09-08 12:30:00+00:00,3.4635,3.4889,3.463,3.4874,2925275.1
2025-09-08 12:45:00+00:00,3.4875,3.4889,3.4786,3.4843,1483735.7
2025-09-08 13:00:00+00:00,3.4844,3.5061,3.4844,3.5019,3768613.7
2025-09-08 13:15:00+00:00,3.5019,3.505,3.4908,3.4913,2395873.0
2025-09-08 13:30:00+00:00,3.4914,3.5044,3.4672,3.4765,5408237.4
2025-09-08 13:45:00+00:00,3.4766,3.4849,3.4615,3.4638,3049298.8
2025-09-08 14:00:00+00:00,3.4639,3.4816,3.4625,3.4753,1988619.4
2025-09-08 14:15:00+00:00,3.4753,3.4841,3.4656,3.4816,1449628.6
2025-09-08 14:30:00+00:00,3.4816,3.5006,3.481,3.4883,3561022.4
2025-09-08 14:45:00+00:00,3.4884,3.4955,3.4824,3.4955,1485602.0
2025-09-08 15:00:00+00:00,3.4956,3.5051,3.4913,3.498,2115988.7
2025-09-08 15:15:00+00:00,3.498,3.5125,3.4945,3.5095,2610838.6
2025-09-08 15:30:00+00:00,3.5095,3.5112,3.4884,3.4932,3062906.3
2025-09-08 15:45:00+00:00,3.4933,3.5029,3.4856,3.5028,1683875.5
2025-09-08 16:00:00+00:00,3.5028,3.505,3.4869,3.4875,1661395.7
2025-09-08 16:15:00+00:00,3.4874,3.4947,3.4738,3.4924,4271417.1
2025-09-08 16:30:00+00:00,3.4923,3.4923,3.4716,3.4801,2785222.0
2025-09-08 16:45:00+00:00,3.48,3.48,3.4715,3.4749,892656.2
2025-09-08 17:00:00+00:00,3.4748,3.4754,3.4554,3.4611,3097321.4
2025-09-08 17:15:00+00:00,3.4611,3.4823,3.4611,3.4817,1586337.8
2025-09-08 17:30:00+00:00,3.4817,3.4817,3.4626,3.4632,1211279.8
2025-09-08 17:45:00+00:00,3.4631,3.4734,3.4515,3.4557,2766229.6
2025-09-08 18:00:00+00:00,3.4557,3.4664,3.4478,3.4548,2075785.9
2025-09-08 18:15:00+00:00,3.4548,3.466,3.4548,3.4639,1328618.0
2025-09-08 18:30:00+00:00,3.4638,3.4715,3.4596,3.4687,938960.2
2025-09-08 18:45:00+00:00,3.4687,3.4778,3.4684,3.4738,901416.3
2025-09-08 19:00:00+00:00,3.4738,3.4746,3.4527,3.4602,2431418.3
2025-09-08 19:15:00+00:00,3.4602,3.4713,3.4571,3.4689,1246070.7
2025-09-08 19:30:00+00:00,3.469,3.4707,3.4526,3.4566,1138456.6
2025-09-08 19:45:00+00:00,3.4567,3.4609,3.4483,3.4518,1080812.0
2025-09-08 20:00:00+00:00,3.452,3.4596,3.4466,3.4557,1118792.9
2025-09-08 20:15:00+00:00,3.4557,3.4562,3.4401,3.4484,1426442.1
2025-09-08 20:30:00+00:00,3.4485,3.4545,3.4414,3.4419,834635.5
2025-09-08 20:45:00+00:00,3.4418,3.4503,3.4398,3.449,769253.9
2025-09-08 21:00:00+00:00,3.4489,3.4658,3.4404,3.4658,2285438.8
2025-09-08 21:15:00+00:00,3.4658,3.4749,3.4598,3.4682,1195447.0
2025-09-08 21:30:00+00:00,3.4682,3.4787,3.4662,3.4778,936428.8
2025-09-08 21:45:00+00:00,3.4778,3.4782,3.473,3.4775,423761.8
2025-09-08 22:00:00+00:00,3.4776,3.4946,3.4734,3.4878,1582889.4
2025-09-08 22:15:00+00:00,3.4878,3.4939,3.4846,3.4869,831090.2
2025-09-08 22:30:00+00:00,3.487,3.4938,3.4844,3.4894,872009.9
2025-09-08 22:45:00+00:00,3.4894,3.491,3.4782,3.4846,792993.0
2025-09-08 23:00:00+00:00,3.4847,3.4923,3.4814,3.4871,730127.1
2025-09-08 23:15:00+00:00,3.4872,3.4962,3.4819,3.4862,1438870.4
2025-09-08 23:30:00+00:00,3.4862,3.4894,3.4788,3.4843,1559205.7
2025-09-08 23:45:00+00:00,3.4843,3.5011,3.481,3.4976,1501627.1
2025-09-09 00:00:00+00:00,3.4976,3.5138,3.4974,3.5131,3444598.4
2025-09-09 00:15:00+00:00,3.5133,3.5174,3.4879,3.4909,3064159.9
2025-09-09 00:30:00+00:00,3.4908,3.4909,3.4733,3.4835,1960664.3
2025-09-09 00:45:00+00:00,3.4834,3.4919,3.4745,3.4895,1526492.1
2025-09-09 01:00:00+00:00,3.4894,3.4993,3.4837,3.4837,1586799.8
2025-09-09 01:15:00+00:00,3.4837,3.4851,3.4714,3.4729,1666752.6
2025-09-09 01:30:00+00:00,3.4728,3.475,3.4595,3.4739,2153510.5
2025-09-09 01:45:00+00:00,3.4738,3.4746,3.466,3.4699,676017.0
2025-09-09 02:00:00+00:00,3.47,3.471,3.4543,3.4555,1642974.6
2025-09-09 02:15:00+00:00,3.4554,3.4602,3.4467,3.4511,1857913.1
2025-09-09 02:30:00+00:00,3.4511,3.4657,3.4477,3.4573,1070754.7
2025-09-09 02:45:00+00:00,3.4574,3.4574,3.4312,3.4326,3592726.4
2025-09-09 03:00:00+00:00,3.4326,3.4437,3.4233,3.4385,2233345.0
2025-09-09 03:15:00+00:00,3.4385,3.4473,3.4309,3.4473,1572190.1
2025-09-09 03:30:00+00:00,3.4474,3.4526,3.4327,3.4501,1746215.6
2025-09-09 03:45:00+00:00,3.45,3.463,3.4445,3.4615,1367001.7
2025-09-09 04:00:00+00:00,3.4615,3.4652,3.4531,3.4588,1121383.8
2025-09-09 04:15:00+00:00,3.4588,3.4794,3.4584,3.4694,1878698.7
2025-09-09 04:30:00+00:00,3.4693,3.4818,3.468,3.4748,1237001.5
2025-09-09 04:45:00+00:00,3.4748,3.4797,3.4638,3.4766,1796990.0
2025-09-09 05:00:00+00:00,3.4765,3.4765,3.4614,3.4652,1024263.7
2025-09-09 05:15:00+00:00,3.4651,3.472,3.4621,3.4707,810160.7
2025-09-09 05:30:00+00:00,3.4707,3.4724,3.4604,3.4691,614610.5
2025-09-09 05:45:00+00:00,3.4692,3.483,3.4686,3.4827,1050407.3
2025-09-09 06:00:00+00:00,3.4827,3.5269,3.4798,3.5244,5404579.5
2025-09-09 06:15:00+00:00,3.5244,3.5551,3.5244,3.5376,7951626.6
2025-09-09 06:30:00+00:00,3.5375,3.623,3.5357,3.597,16158596.2
2025-09-09 06:45:00+00:00,3.5969,3.6033,3.5803,3.581,4778615.1
2025-09-09 07:00:00+00:00,3.5808,3.5981,3.5798,3.5925,3327555.7
2025-09-09 07:15:00+00:00,3.5926,3.6061,3.5872,3.6051,3660873.7
2025-09-09 07:30:00+00:00,3.6051,3.61,3.5944,3.5945,2756483.2
2025-09-09 07:45:00+00:00,3.5944,3.6129,3.589,3.6085,2814369.8
2025-09-09 08:00:00+00:00,3.6085,3.6166,3.5973,3.6003,2782801.3
2025-09-09 08:15:00+00:00,3.6004,3.6022,3.5936,3.5976,1460120.3
2025-09-09 08:30:00+00:00,3.5977,3.6083,3.5969,3.5972,1295800.7
2025-09-09 08:45:00+00:00,3.5972,3.5984,3.5843,3.5984,1812255.1
2025-09-09 09:00:00+00:00,3.5984,3.5998,3.5873,3.591,1365914.6
2025-09-09 09:15:00+00:00,3.5911,3.6045,3.591,3.6011,1340879.7
2025-09-09 09:30:00+00:00,3.601,3.6046,3.5908,3.5975,1179987.3
2025-09-09 09:45:00+00:00,3.5975,3.6031,3.5935,3.5969,789445.2
2025-09-09 10:00:00+00:00,3.597,3.6122,3.5958,3.6059,2121969.3
2025-09-09 10:15:00+00:00,3.6059,3.6108,3.5877,3.5893,2337877.4
2025-09-09 10:30:00+00:00,3.5893,3.6028,3.5859,3.6004,2279671.8
2025-09-09 10:45:00+00:00,3.6003,3.6036,3.5878,3.5938,1583784.3
2025-09-09 11:00:00+00:00,3.5938,3.6011,3.588,3.598,1351665.5
2025-09-09 11:15:00+00:00,3.598,3.6003,3.585,3.589,2232331.3
2025-09-09 11:30:00+00:00,3.589,3.5908,3.5752,3.5791,2042064.2
2025-09-09 11:45:00+00:00,3.5791,3.5838,3.567,3.5679,1607689.3
2025-09-09 12:00:00+00:00,3.5679,3.5794,3.5618,3.5782,2137097.0
2025-09-09 12:15:00+00:00,3.5782,3.5893,3.577,3.5841,1810201.4
2025-09-09 12:30:00+00:00,3.5841,3.5858,3.5447,3.5475,4088139.9
2025-09-09 12:45:00+00:00,3.5476,3.5601,3.5463,3.5514,1919683.5
2025-09-09 13:00:00+00:00,3.5515,3.5559,3.5348,3.5495,2972403.8
2025-09-09 13:15:00+00:00,3.5493,3.5505,3.5304,3.5466,2819560.2
2025-09-09 13:30:00+00:00,3.5465,3.5614,3.539,3.5602,3000554.6
2025-09-09 13:45:00+00:00,3.5601,3.564,3.5477,3.5492,2116388.6
2025-09-09 14:00:00+00:00,3.5493,3.5598,3.5057,3.5367,9712313.2
2025-09-09 14:15:00+00:00,3.5368,3.5409,3.5132,3.5258,3335941.4
2025-09-09 14:30:00+00:00,3.5257,3.5263,3.4671,3.4723,10700483.8
2025-09-09 14:45:00+00:00,3.4723,3.4818,3.456,3.4638,11501161.3
2025-09-09 15:00:00+00:00,3.4637,3.4773,3.4561,3.4578,3395832.6
2025-09-09 15:15:00+00:00,3.4579,3.4689,3.4502,3.4562,3264281.3
2025-09-09 15:30:00+00:00,3.4562,3.4594,3.4322,3.433,4344575.4
2025-09-09 15:45:00+00:00,3.433,3.454,3.4268,3.4472,3896099.5
2025-09-09 16:00:00+00:00,3.4472,3.4563,3.4422,3.4557,2465551.0
2025-09-09 16:15:00+00:00,3.4557,3.461,3.4394,3.4431,2247797.1
2025-09-09 16:30:00+00:00,3.4431,3.4484,3.4364,3.4397,1838694.7
2025-09-09 16:45:00+00:00,3.4396,3.445,3.4353,3.4449,1529016.3
2025-09-09 17:00:00+00:00,3.4449,3.4587,3.4426,3.458,2124601.8
2025-09-09 17:15:00+00:00,3.458,3.4618,3.4382,3.4395,1727596.4
2025-09-09 17:30:00+00:00,3.4396,3.443,3.4269,3.4363,2295451.2
2025-09-09 17:45:00+00:00,3.4362,3.4391,3.4286,3.4311,832483.8
2025-09-09 18:00:00+00:00,3.4312,3.435,3.427,3.4319,735156.5
2025-09-09 18:15:00+00:00,3.432,3.4594,3.4312,3.4514,2103358.9
2025-09-09 18:30:00+00:00,3.4514,3.4515,3.4364,3.4422,1399692.3
2025-09-09 18:45:00+00:00,3.4421,3.4512,3.4407,3.4479,939306.9
2025-09-09 19:00:00+00:00,3.4479,3.4534,3.4446,3.4492,818761.4
2025-09-09 19:15:00+00:00,3.4492,3.4634,3.445,3.4617,925555.1
2025-09-09 19:30:00+00:00,3.4618,3.4664,3.4592,3.4661,1260732.3
2025-09-09 19:45:00+00:00,3.4661,3.4741,3.465,3.469,1491873.6
2025-09-09 20:00:00+00:00,3.4691,3.474,3.4569,3.4601,1143119.0
2025-09-09 20:15:00+00:00,3.4601,3.4636,3.4524,3.4526,678435.1
2025-09-09 20:30:00+00:00,3.4526,3.4612,3.4526,3.4567,975213.8
2025-09-09 20:45:00+00:00,3.4568,3.4755,3.4566,3.4735,972170.2
2025-09-09 21:00:00+00:00,3.4734,3.485,3.4649,3.4847,1381267.9
2025-09-09 21:15:00+00:00,3.4847,3.4847,3.4632,3.4648,1424044.7
2025-09-09 21:30:00+00:00,3.4648,3.4753,3.4588,3.4732,959013.3
2025-09-09 21:45:00+00:00,3.4731,3.4732,3.4622,3.4638,483730.4
2025-09-09 22:00:00+00:00,3.4638,3.4732,3.4568,3.471,994557.4
2025-09-09 22:15:00+00:00,3.471,3.4715,3.4633,3.4637,517686.6
2025-09-09 22:30:00+00:00,3.4636,3.4811,3.4631,3.4809,1010710.1
2025-09-09 22:45:00+00:00,3.4809,3.4843,3.4748,3.48,1040033.1
2025-09-09 23:00:00+00:00,3.4801,3.4833,3.4712,3.4764,1390431.5
2025-09-09 23:15:00+00:00,3.4764,3.4771,3.4636,3.4691,675997.0
2025-09-09 23:30:00+00:00,3.4692,3.473,3.4622,3.4693,768700.4
2025-09-09 23:45:00+00:00,3.4693,3.4701,3.4638,3.4679,511656.8
2025-09-10 00:00:00+00:00,3.4679,3.4777,3.4667,3.471,1095187.8
2025-09-10 00:15:00+00:00,3.471,3.471,3.4539,3.4627,1698986.7
2025-09-10 00:30:00+00:00,3.4626,3.48,3.459,3.4763,1498378.9
2025-09-10 00:45:00+00:00,3.4763,3.4766,3.4581,3.4611,952369.7
2025-09-10 01:00:00+00:00,3.4611,3.4731,3.4596,3.4729,785399.5
2025-09-10 01:15:00+00:00,3.4728,3.4835,3.4723,3.4774,1186144.3
2025-09-10 01:30:00+00:00,3.4774,3.499,3.4774,3.499,2458102.3
2025-09-10 01:45:00+00:00,3.4989,3.502,3.4879,3.4953,1564704.5
2025-09-10 02:00:00+00:00,3.4954,3.5189,3.4954,3.5177,2317158.3
2025-09-10 02:15:00+00:00,3.5176,3.5484,3.5109,3.5448,2703083.3
2025-09-10 02:30:00+00:00,3.5448,3.5607,3.5421,3.5539,3460075.7
2025-09-10 02:45:00+00:00,3.5539,3.557,3.5436,3.5492,1269955.9
2025-09-10 03:00:00+00:00,3.5493,3.5493,3.5255,3.5334,1802529.6
2025-09-10 03:15:00+00:00,3.5335,3.5422,3.5232,3.5243,1226738.4
2025-09-10 03:30:00+00:00,3.5243,3.5371,3.5243,3.5355,989229.8
2025-09-10 03:45:00+00:00,3.5355,3.5405,3.535,3.5405,772676.4
2025-09-10 04:00:00+00:00,3.5405,3.5406,3.5163,3.5225,1207496.1
2025-09-10 04:15:00+00:00,3.5226,3.5263,3.5125,3.519,1058506.5
2025-09-10 04:30:00+00:00,3.5191,3.5255,3.5088,3.5108,1442331.2
2025-09-10 04:45:00+00:00,3.5108,3.5269,3.5085,3.5243,931615.3
2025-09-10 05:00:00+00:00,3.5242,3.5242,3.5044,3.5136,1561534.0
2025-09-10 05:15:00+00:00,3.5137,3.5168,3.4988,3.5152,1621392.2
2025-09-10 05:30:00+00:00,3.5152,3.5289,3.5147,3.5263,1009501.5
2025-09-10 05:45:00+00:00,3.5263,3.5315,3.508,3.5196,1592071.6
2025-09-10 06:00:00+00:00,3.5197,3.5197,3.5035,3.5071,1086654.8
2025-09-10 06:15:00+00:00,3.5071,3.5235,3.5062,3.5217,947604.4
2025-09-10 06:30:00+00:00,3.5216,3.5316,3.5201,3.5293,1110575.8
2025-09-10 06:45:00+00:00,3.5293,3.5347,3.5218,3.5232,691868.5
2025-09-10 07:00:00+00:00,3.5232,3.524,3.5149,3.5224,830567.8
2025-09-10 07:15:00+00:00,3.5225,3.5466,3.5152,3.5428,1522902.4
2025-09-10 07:30:00+00:00,3.5427,3.5538,3.5372,3.5497,1506030.4
2025-09-10 07:45:00+00:00,3.5498,3.5562,3.5396,3.5425,1896916.5
2025-09-10 08:00:00+00:00,3.5426,3.5573,3.5356,3.5552,1192758.2
2025-09-10 08:15:00+00:00,3.5551,3.5572,3.5409,3.5469,1014160.9
2025-09-10 08:30:00+00:00,3.5469,3.5472,3.535,3.5395,963847.3
2025-09-10 08:45:00+00:00,3.5396,3.5433,3.5181,3.5255,2156134.0
2025-09-10 09:00:00+00:00,3.5256,3.5292,3.5136,3.5213,1772171.7
2025-09-10 09:15:00+00:00,3.5213,3.5344,3.517,3.53,1180626.6
2025-09-10 09:30:00+00:00,3.53,3.5363,3.5256,3.5263,894945.5
2025-09-10 09:45:00+00:00,3.5262,3.532,3.5234,3.5296,568126.1
2025-09-10 10:00:00+00:00,3.5296,3.5308,3.5179,3.5202,813144.5
2025-09-10 10:15:00+00:00,3.5202,3.5235,3.5135,3.5216,1179533.6
2025-09-10 10:30:00+00:00,3.5217,3.5294,3.5216,3.5272,663260.7
2025-09-10 10:45:00+00:00,3.5273,3.529,3.5143,3.5167,557967.1
2025-09-10 11:00:00+00:00,3.5168,3.5243,3.5153,3.5239,604982.0
2025-09-10 11:15:00+00:00,3.524,3.5281,3.516,3.5181,403425.9
2025-09-10 11:30:00+00:00,3.5181,3.521,3.508,3.5091,1394045.0
2025-09-10 11:45:00+00:00,3.509,3.514,3.5088,3.5133,515919.2
2025-09-10 12:00:00+00:00,3.5133,3.5256,3.5122,3.5238,872893.1
2025-09-10 12:15:00+00:00,3.5238,3.5377,3.5205,3.5376,1317839.9
2025-09-10 12:30:00+00:00,3.5376,3.5773,3.5366,3.557,10135986.1
2025-09-10 12:45:00+00:00,3.557,3.5629,3.538,3.5621,2517086.1
2025-09-10 13:00:00+00:00,3.5621,3.5925,3.5578,3.5856,3626105.3
2025-09-10 13:15:00+00:00,3.5857,3.5892,3.5678,3.5836,2201424.3
2025-09-10 13:30:00+00:00,3.5837,3.6085,3.5687,3.6037,3371747.3
2025-09-10 13:45:00+00:00,3.6037,3.6261,3.5871,3.5927,5365169.7
2025-09-10 14:00:00+00:00,3.5927,3.6091,3.5857,3.5953,2446375.7
2025-09-10 14:15:00+00:00,3.5954,3.6114,3.5952,3.5999,2757176.8
2025-09-10 14:30:00+00:00,3.6,3.6085,3.5907,3.602,2189798.7
2025-09-10 14:45:00+00:00,3.6021,3.6037,3.59,3.5922,1524066.5
2025-09-10 15:00:00+00:00,3.5921,3.6128,3.5918,3.6076,1729346.4
2025-09-10 15:15:00+00:00,3.6076,3.6104,3.5967,3.6008,1131594.5
2025-09-10 15:30:00+00:00,3.6007,3.6091,3.593,3.6084,1167783.5
2025-09-10 15:45:00+00:00,3.6084,3.6137,3.603,3.6115,1917353.0
2025-09-10 16:00:00+00:00,3.6114,3.6153,3.5807,3.5815,3055977.5
2025-09-10 16:15:00+00:00,3.5815,3.5897,3.5735,3.5877,3011997.3
2025-09-10 16:30:00+00:00,3.5877,3.6039,3.5842,3.597,2255834.5
2025-09-10 16:45:00+00:00,3.597,3.6067,3.5933,3.6036,1272648.8
2025-09-10 17:00:00+00:00,3.6036,3.6098,3.5994,3.6089,1550220.9
2025-09-10 17:15:00+00:00,3.6089,3.6133,3.5871,3.5879,1649643.5
2025-09-10 17:30:00+00:00,3.5878,3.5973,3.58,3.5912,2333701.8
2025-09-10 17:45:00+00:00,3.5911,3.5912,3.5773,3.587,1171667.0
2025-09-10 18:00:00+00:00,3.587,3.5928,3.5786,3.5809,1146502.1
2025-09-10 18:15:00+00:00,3.5809,3.5809,3.5635,3.5663,1667516.8
2025-09-10 18:30:00+00:00,3.5663,3.5753,3.563,3.5693,853548.0
2025-09-10 18:45:00+00:00,3.5692,3.5812,3.5651,3.5785,756010.6
2025-09-10 19:00:00+00:00,3.5784,3.5799,3.5638,3.5641,658346.9
2025-09-10 19:15:00+00:00,3.564,3.5697,3.5446,3.5502,2540091.0
2025-09-10 19:30:00+00:00,3.5502,3.5554,3.5384,3.5523,1853608.7
2025-09-10 19:45:00+00:00,3.5523,3.5554,3.545,3.553,815493.0
2025-09-10 20:00:00+00:00,3.553,3.5664,3.5512,3.5658,901657.3
2025-09-10 20:15:00+00:00,3.5657,3.5756,3.5641,3.5741,1026157.7
2025-09-10 20:30:00+00:00,3.574,3.5787,3.5683,3.5786,667753.5
2025-09-10 20:45:00+00:00,3.5786,3.5795,3.5731,3.5748,574610.2
2025-09-10 21:00:00+00:00,3.5749,3.5973,3.5736,3.5943,1843861.4
2025-09-10 21:15:00+00:00,3.5943,3.5976,3.5862,3.588,943877.7
2025-09-10 21:30:00+00:00,3.588,3.5988,3.5863,3.5962,634835.7
2025-09-10 21:45:00+00:00,3.5961,3.5985,3.5866,3.5962,1149670.5
2025-09-10 22:00:00+00:00,3.5962,3.605,3.5953,3.6039,1292483.1
2025-09-10 22:15:00+00:00,3.6038,3.6079,3.599,3.6044,764433.4
2025-09-10 22:30:00+00:00,3.6043,3.605,3.5986,3.5998,814508.8
2025-09-10 22:45:00+00:00,3.5998,3.6068,3.5992,3.6064,698123.7
2025-09-10 23:00:00+00:00,3.6063,3.6155,3.606,3.6116,1020216.7
2025-09-10 23:15:00+00:00,3.6116,3.6242,3.6082,3.6089,1673836.0
2025-09-10 23:30:00+00:00,3.6089,3.6237,3.6067,3.6175,1257650.1
2025-09-10 23:45:00+00:00,3.6175,3.6217,3.6115,3.6182,1052554.0
2025-09-11 00:00:00+00:00,3.6182,3.6248,3.6125,3.6125,1266416.0
2025-09-11 00:15:00+00:00,3.6125,3.6393,3.6118,3.6386,2168763.2
2025-09-11 00:30:00+00:00,3.6386,3.6397,3.6198,3.6221,2228431.6
2025-09-11 00:45:00+00:00,3.6222,3.6323,3.6202,3.6228,1150190.8
2025-09-11 01:00:00+00:00,3.6228,3.6233,3.6102,3.6172,1465257.5
2025-09-11 01:15:00+00:00,3.6172,3.6204,3.6041,3.6158,1161111.4
2025-09-11 01:30:00+00:00,3.6158,3.622,3.6087,3.6103,890641.7
2025-09-11 01:45:00+00:00,3.6103,3.6128,3.6044,3.6114,947669.8
2025-09-11 02:00:00+00:00,3.6115,3.6119,3.6028,3.6084,630778.3
2025-09-11 02:15:00+00:00,3.6084,3.6092,3.5919,3.5997,1138251.7
2025-09-11 02:30:00+00:00,3.5997,3.6064,3.5936,3.6048,659789.2
2025-09-11 02:45:00+00:00,3.6047,3.6057,3.5921,3.5921,877660.3
2025-09-11 03:00:00+00:00,3.5921,3.5988,3.5921,3.5968,652562.8
2025-09-11 03:15:00+00:00,3.5968,3.6138,3.596,3.6117,1311046.5
2025-09-11 03:30:00+00:00,3.6117,3.6172,3.6093,3.6117,1220643.9
2025-09-11 03:45:00+00:00,3.6117,3.6354,3.6116,3.6333,1920116.3
2025-09-11 04:00:00+00:00,3.6334,3.6368,3.6241,3.625,1578278.0
2025-09-11 04:15:00+00:00,3.6251,3.6344,3.6189,3.6285,1344096.5
2025-09-11 04:30:00+00:00,3.6285,3.6368,3.621,3.6361,760320.4
2025-09-11 04:45:00+00:00,3.6358,3.6358,3.6168,3.6193,1603557.0
2025-09-11 05:00:00+00:00,3.6194,3.623,3.6065,3.6074,1344360.1
2025-09-11 05:15:00+00:00,3.6074,3.6149,3.6056,3.6149,760142.8
2025-09-11 05:30:00+00:00,3.615,3.6261,3.6078,3.6197,1420833.5
2025-09-11 05:45:00+00:00,3.6198,3.6212,3.6101,3.6166,710552.3
2025-09-11 06:00:00+00:00,3.6166,3.6173,3.6026,3.6134,1052474.5
2025-09-11 06:15:00+00:00,3.6133,3.6273,3.6093,3.621,983649.2
2025-09-11 06:30:00+00:00,3.621,3.6288,3.6202,3.627,976119.4
2025-09-11 06:45:00+00:00,3.627,3.6337,3.6223,3.6274,1555170.4
2025-09-11 07:00:00+00:00,3.6275,3.6297,3.6115,3.6186,1622876.5
2025-09-11 07:15:00+00:00,3.6187,3.6198,3.6093,3.617,872838.9
2025-09-11 07:30:00+00:00,3.6169,3.6235,3.6132,3.6214,570267.9
2025-09-11 07:45:00+00:00,3.6214,3.625,3.6136,3.621,925852.0
2025-09-11 08:00:00+00:00,3.621,3.6216,3.6111,3.6183,989587.3
2025-09-11 08:15:00+00:00,3.6183,3.6194,3.6135,3.6163,636168.3
2025-09-11 08:30:00+00:00,3.6164,3.6197,3.6136,3.6195,374981.1
2025-09-11 08:45:00+00:00,3.6195,3.6196,3.6108,3.6135,1042078.1
2025-09-11 09:00:00+00:00,3.6135,3.6144,3.6064,3.6071,1022740.4
2025-09-11 09:15:00+00:00,3.6071,3.6133,3.6029,3.6093,872457.8
2025-09-11 09:30:00+00:00,3.6093,3.6175,3.6032,3.6168,1246047.6
2025-09-11 09:45:00+00:00,3.6167,3.6193,3.6079,3.6174,515215.7
2025-09-11 10:00:00+00:00,3.6174,3.6296,3.6138,3.629,1075851.0
2025-09-11 10:15:00+00:00,3.6289,3.635,3.62,3.6211,1543198.7
2025-09-11 10:30:00+00:00,3.621,3.6302,3.6176,3.629,728837.5
2025-09-11 10:45:00+00:00,3.629,3.6347,3.6251,3.63,1030045.3
2025-09-11 11:00:00+00:00,3.6301,3.6469,3.6262,3.645,2562038.5
2025-09-11 11:15:00+00:00,3.6451,3.6453,3.62,3.62,1797368.8
2025-09-11 11:30:00+00:00,3.6201,3.6276,3.6155,3.6199,1134764.3
2025-09-11 11:45:00+00:00,3.62,3.6217,3.6095,3.6109,1352968.1
2025-09-11 12:00:00+00:00,3.6109,3.6472,3.6091,3.6395,4157698.2
2025-09-11 12:15:00+00:00,3.6394,3.6612,3.6271,3.6598,2719676.6
2025-09-11 12:30:00+00:00,3.6598,3.668,3.55,3.6039,20829724.1
2025-09-11 12:45:00+00:00,3.6038,3.6222,3.5969,3.6034,3674014.8
2025-09-11 13:00:00+00:00,3.6034,3.6056,3.5705,3.5763,3554854.3
2025-09-11 13:15:00+00:00,3.5763,3.5967,3.5722,3.5907,2218076.7
2025-09-11 13:30:00+00:00,3.5908,3.6272,3.5908,3.6056,4080692.0
2025-09-11 13:45:00+00:00,3.6052,3.6314,3.598,3.6274,3231453.1
2025-09-11 14:00:00+00:00,3.6276,3.6315,3.6053,3.6065,2519220.3
2025-09-11 14:15:00+00:00,3.6065,3.607,3.5845,3.6045,3697945.5
2025-09-11 14:30:00+00:00,3.6045,3.6239,3.6036,3.6162,2018068.1
2025-09-11 14:45:00+00:00,3.6161,3.6198,3.6042,3.6057,1950907.6
2025-09-11 15:00:00+00:00,3.6057,3.6077,3.5932,3.5966,1599226.6
2025-09-11 15:15:00+00:00,3.5966,3.6092,3.587,3.589,1346001.6
2025-09-11 15:30:00+00:00,3.589,3.597,3.5864,3.5883,1063684.4
2025-09-11 15:45:00+00:00,3.5882,3.5922,3.5785,3.588,1834384.3
2025-09-11 16:00:00+00:00,3.5879,3.6081,3.5879,3.6066,1621434.4
2025-09-11 16:15:00+00:00,3.6067,3.6091,3.5966,3.5968,877039.6
2025-09-11 16:30:00+00:00,3.5972,3.6061,3.5905,3.6041,1123055.8
2025-09-11 16:45:00+00:00,3.6041,3.6058,3.5965,3.6043,779775.1
2025-09-11 17:00:00+00:00,3.6044,3.6127,3.5973,3.6085,1081048.5
2025-09-11 17:15:00+00:00,3.6085,3.6119,3.6,3.6013,824602.3
2025-09-11 17:30:00+00:00,3.6014,3.6156,3.6014,3.6105,661331.1
2025-09-11 17:45:00+00:00,3.6105,3.6118,3.5965,3.6027,666958.9
2025-09-11 18:00:00+00:00,3.6026,3.6039,3.5953,3.5953,533865.7
2025-09-11 18:15:00+00:00,3.5953,3.6019,3.588,3.6018,1212622.3
2025-09-11 18:30:00+00:00,3.6019,3.6077,3.5945,3.6068,684703.5
2025-09-11 18:45:00+00:00,3.6067,3.6102,3.6007,3.6035,658617.9
2025-09-11 19:00:00+00:00,3.6035,3.607,3.5984,3.6011,446773.6
2025-09-11 19:15:00+00:00,3.6011,3.6111,3.5983,3.6111,441661.2
2025-09-11 19:30:00+00:00,3.611,3.6165,3.6068,3.6106,741903.2
2025-09-11 19:45:00+00:00,3.6106,3.619,3.6101,3.614,747701.0
2025-09-11 20:00:00+00:00,3.614,3.6192,3.608,3.6084,906631.5
2025-09-11 20:15:00+00:00,3.6084,3.6163,3.6076,3.6132,521597.2
2025-09-11 20:30:00+00:00,3.6133,3.6165,3.6105,3.6144,483385.2
2025-09-11 20:45:00+00:00,3.6143,3.6192,3.6108,3.6132,461508.0
2025-09-11 21:00:00+00:00,3.6132,3.6182,3.6112,3.6148,471151.0
2025-09-11 21:15:00+00:00,3.6148,3.6174,3.6093,3.6132,405818.4
2025-09-11 21:30:00+00:00,3.6133,3.6298,3.6127,3.6298,1300891.7
2025-09-11 21:45:00+00:00,3.6298,3.6372,3.624,3.6351,787991.5
2025-09-11 22:00:00+00:00,3.635,3.6635,3.6323,3.6549,3546154.5
2025-09-11 22:15:00+00:00,3.6549,3.6732,3.6469,3.668,2901337.1
2025-09-11 22:30:00+00:00,3.6679,3.6682,3.656,3.6567,2032128.4
2025-09-11 22:45:00+00:00,3.6567,3.6626,3.6489,3.6501,1314645.9
2025-09-11 23:00:00+00:00,3.65,3.6643,3.6494,3.6636,740881.9
2025-09-11 23:15:00+00:00,3.6636,3.6677,3.6592,3.6612,687559.0
2025-09-11 23:30:00+00:00,3.6612,3.6645,3.6551,3.6638,703265.6
2025-09-11 23:45:00+00:00,3.6638,3.6684,3.6574,3.665,612469.0
2025-09-12 00:00:00+00:00,3.6651,3.6696,3.6531,3.6541,1245637.0
2025-09-12 00:15:00+00:00,3.654,3.6729,3.6512,3.6703,1269340.4
2025-09-12 00:30:00+00:00,3.6704,3.699,3.6698,3.697,2514036.7
2025-09-12 00:45:00+00:00,3.6969,3.7,3.6747,3.6759,3546557.5
2025-09-12 01:00:00+00:00,3.6759,3.6864,3.6749,3.6799,1356907.2
2025-09-12 01:15:00+00:00,3.6799,3.6831,3.6744,3.6758,972117.0
2025-09-12 01:30:00+00:00,3.6759,3.6764,3.6654,3.6693,1386301.9
2025-09-12 01:45:00+00:00,3.6694,3.6694,3.6577,3.6585,1082643.3
2025-09-12 02:00:00+00:00,3.6585,3.6671,3.6584,3.6662,948757.9
2025-09-12 02:15:00+00:00,3.6663,3.674,3.6656,3.6663,876079.5
2025-09-12 02:30:00+00:00,3.6663,3.6783,3.6621,3.6734,1027252.9
2025-09-12 02:45:00+00:00,3.6734,3.6739,3.6596,3.6642,1377907.8
2025-09-12 03:00:00+00:00,3.6642,3.6657,3.6544,3.6555,1017164.7
2025-09-12 03:15:00+00:00,3.6554,3.6593,3.6533,3.6537,730692.1
2025-09-12 03:30:00+00:00,3.6537,3.6566,3.6441,3.6463,1790623.9
2025-09-12 03:45:00+00:00,3.6463,3.656,3.6457,3.6549,1157342.1
2025-09-12 04:00:00+00:00,3.6549,3.6569,3.6407,3.6471,1274340.1
2025-09-12 04:15:00+00:00,3.647,3.6656,3.647,3.6651,1382245.6
2025-09-12 04:30:00+00:00,3.665,3.6663,3.6583,3.6603,1738737.6
2025-09-12 04:45:00+00:00,3.6602,3.6606,3.6529,3.6559,960240.1
2025-09-12 05:00:00+00:00,3.6559,3.6632,3.653,3.6608,1364242.5
2025-09-12 05:15:00+00:00,3.6608,3.6714,3.6603,3.6663,1087720.7
2025-09-12 05:30:00+00:00,3.6664,3.6759,3.6627,3.675,1486390.9
2025-09-12 05:45:00+00:00,3.675,3.6852,3.6749,3.6847,1528211.4
2025-09-12 06:00:00+00:00,3.6847,3.6857,3.6707,3.672,1718514.9
2025-09-12 06:15:00+00:00,3.672,3.681,3.67,3.6708,780298.4
2025-09-12 06:30:00+00:00,3.6708,3.6772,3.6615,3.6661,1086846.5
2025-09-12 06:45:00+00:00,3.6661,3.6673,3.6622,3.6641,569015.1
2025-09-12 07:00:00+00:00,3.664,3.6762,3.6625,3.67,1245462.9
2025-09-12 07:15:00+00:00,3.67,3.6743,3.6621,3.6634,1098391.8
2025-09-12 07:30:00+00:00,3.6635,3.6667,3.655,3.6662,1428757.9
2025-09-12 07:45:00+00:00,3.6662,3.6749,3.6651,3.6731,770220.5
2025-09-12 08:00:00+00:00,3.6732,3.674,3.66,3.6675,1132151.2
2025-09-12 08:15:00+00:00,3.6674,3.6824,3.6585,3.6749,2932687.4
2025-09-12 08:30:00+00:00,3.6749,3.6791,3.6652,3.6761,1063728.3
2025-09-12 08:45:00+00:00,3.6761,3.6798,3.6716,3.6794,674360.0
2025-09-12 09:00:00+00:00,3.6793,3.6827,3.6734,3.6819,760334.7
2025-09-12 09:15:00+00:00,3.682,3.6869,3.6758,3.6813,1553080.4
2025-09-12 09:30:00+00:00,3.6814,3.6875,3.6482,3.6504,7228238.2
2025-09-12 09:45:00+00:00,3.6505,3.6545,3.6413,3.648,2753001.9
2025-09-12 10:00:00+00:00,3.6479,3.6483,3.62,3.6281,4037291.4
2025-09-12 10:15:00+00:00,3.628,3.6337,3.6215,3.626,1740724.4
2025-09-12 10:30:00+00:00,3.6259,3.633,3.6243,3.6316,1318877.7
2025-09-12 10:45:00+00:00,3.6316,3.6327,3.6219,3.6296,1324565.8
2025-09-12 11:00:00+00:00,3.6296,3.6296,3.6178,3.6252,1540879.4
2025-09-12 11:15:00+00:00,3.6253,3.6308,3.6206,3.6305,1532108.0
2025-09-12 11:30:00+00:00,3.6305,3.6312,3.6107,3.6126,2094062.0
2025-09-12 11:45:00+00:00,3.6127,3.6128,3.6018,3.6059,2137932.8
2025-09-12 12:00:00+00:00,3.6058,3.6078,3.5826,3.5941,4385614.6
2025-09-12 12:15:00+00:00,3.5941,3.6087,3.5904,3.6064,2170966.0
2025-09-12 12:30:00+00:00,3.6064,3.6113,3.6001,3.6092,2033003.7
2025-09-12 12:45:00+00:00,3.6093,3.6259,3.6064,3.6152,3204245.8
2025-09-12 13:00:00+00:00,3.6152,3.6261,3.6096,3.6218,1781528.1
2025-09-12 13:15:00+00:00,3.6218,3.6237,3.6155,3.6168,922380.0
2025-09-12 13:30:00+00:00,3.6168,3.6282,3.6107,3.6148,2159753.2
2025-09-12 13:45:00+00:00,3.6147,3.628,3.6108,3.6242,984677.2
2025-09-12 14:00:00+00:00,3.6241,3.6468,3.6162,3.634,5254824.4
2025-09-12 14:15:00+00:00,3.6341,3.6491,3.631,3.6454,2469142.6
2025-09-12 14:30:00+00:00,3.6455,3.6482,3.6203,3.6209,2760684.8
2025-09-12 14:45:00+00:00,3.6209,3.6416,3.6201,3.6371,2443178.9
2025-09-12 15:00:00+00:00,3.6372,3.6385,3.6208,3.6235,2218911.7
2025-09-12 15:15:00+00:00,3.6234,3.6325,3.6164,3.6171,1233740.8
2025-09-12 15:30:00+00:00,3.6171,3.625,3.6132,3.6248,1105117.6
2025-09-12 15:45:00+00:00,3.6248,3.6367,3.6247,3.6311,1011454.4
2025-09-12 16:00:00+00:00,3.631,3.6366,3.6216,3.6365,1027276.9
2025-09-12 16:15:00+00:00,3.6366,3.6435,3.6301,3.641,1363620.6
2025-09-12 16:30:00+00:00,3.6411,3.6454,3.6232,3.6267,1987509.1
2025-09-12 16:45:00+00:00,3.6268,3.6394,3.6221,3.6383,1300908.0
2025-09-12 17:00:00+00:00,3.6382,3.6432,3.628,3.6407,927058.4
2025-09-12 17:15:00+00:00,3.6408,3.6644,3.6408,3.6585,3253853.6
2025-09-12 17:30:00+00:00,3.6584,3.6738,3.6551,3.671,2939484.6
2025-09-12 17:45:00+00:00,3.6711,3.6746,3.6601,3.6654,2258762.0
2025-09-12 18:00:00+00:00,3.6653,3.6732,3.6584,3.6694,1475592.6
2025-09-12 18:15:00+00:00,3.6693,3.6792,3.6682,3.6784,1475317.7
2025-09-12 18:30:00+00:00,3.6784,3.6899,3.6784,3.6831,2222215.5
2025-09-12 18:45:00+00:00,3.6832,3.697,3.6832,3.6967,1837006.2
2025-09-12 19:00:00+00:00,3.6967,3.6969,3.6844,3.6901,1177681.6
2025-09-12 19:15:00+00:00,3.6901,3.691,3.6834,3.6909,1022985.5
2025-09-12 19:30:00+00:00,3.691,3.6984,3.6849,3.6969,873225.3
2025-09-12 19:45:00+00:00,3.6969,3.7075,3.6964,3.706,2586500.4
2025-09-12 20:00:00+00:00,3.706,3.7065,3.6816,3.6868,3124428.6
2025-09-12 20:15:00+00:00,3.6868,3.6873,3.6738,3.6776,2651214.1
2025-09-12 20:30:00+00:00,3.6776,3.6919,3.6766,3.6919,1000928.0
2025-09-12 20:45:00+00:00,3.6919,3.7013,3.6858,3.6903,1517184.4
2025-09-12 21:00:00+00:00,3.6904,3.6911,3.6684,3.6777,2114649.6
2025-09-12 21:15:00+00:00,3.6777,3.6837,3.675,3.681,796429.7
2025-09-12 21:30:00+00:00,3.6811,3.6827,3.6729,3.6804,533307.2
2025-09-12 21:45:00+00:00,3.6804,3.6861,3.6748,3.6789,696979.2
2025-09-12 22:00:00+00:00,3.679,3.6906,3.6789,3.6872,1011969.8
2025-09-12 22:15:00+00:00,3.6872,3.7113,3.6868,3.7094,3340763.8
2025-09-12 22:30:00+00:00,3.7094,3.7158,3.7004,3.7025,2495972.0
2025-09-12 22:45:00+00:00,3.7025,3.7252,3.7014,3.7231,2946300.5
2025-09-12 23:00:00+00:00,3.7231,3.7234,3.7088,3.7091,1363134.3
2025-09-12 23:15:00+00:00,3.7091,3.7231,3.7032,3.718,1830417.2
2025-09-12 23:30:00+00:00,3.718,3.7196,3.7126,3.7168,1074048.1
2025-09-12 23:45:00+00:00,3.7168,3.7229,3.7133,3.719,927469.0
2025-09-13 00:00:00+00:00,3.719,3.724,3.7141,3.7237,1379033.1
2025-09-13 00:15:00+00:00,3.7237,3.7306,3.709,3.7131,2235233.4
2025-09-13 00:30:00+00:00,3.7131,3.7389,3.712,3.7348,1616870.7
2025-09-13 00:45:00+00:00,3.7348,3.7421,3.7299,3.7403,1743729.5
2025-09-13 01:00:00+00:00,3.7403,3.7481,3.7367,3.7396,1505085.2
2025-09-13 01:15:00+00:00,3.7395,3.7588,3.7388,3.7401,2383362.6
2025-09-13 01:30:00+00:00,3.7402,3.7432,3.7283,3.7345,3555384.0
2025-09-13 01:45:00+00:00,3.7344,3.7344,3.7139,3.714,1784312.6
2025-09-13 02:00:00+00:00,3.7139,3.7276,3.705,3.7245,2283287.1
2025-09-13 02:15:00+00:00,3.7245,3.7291,3.718,3.7209,802515.9
2025-09-13 02:30:00+00:00,3.7209,3.7255,3.7113,3.7217,855170.6
2025-09-13 02:45:00+00:00,3.7216,3.7231,3.7161,3.7163,683209.9
2025-09-13 03:00:00+00:00,3.7163,3.7275,3.7147,3.7235,647519.4
2025-09-13 03:15:00+00:00,3.7236,3.7368,3.7227,3.7352,654686.5
2025-09-13 03:30:00+00:00,3.7352,3.7386,3.7293,3.735,935822.0
2025-09-13 03:45:00+00:00,3.7349,3.7402,3.7304,3.7373,975211.5
2025-09-13 04:00:00+00:00,3.7373,3.745,3.7318,3.7339,1421096.8
2025-09-13 04:15:00+00:00,3.7338,3.7338,3.7231,3.7251,682140.9
2025-09-13 04:30:00+00:00,3.7252,3.7299,3.7238,3.7264,952156.0
2025-09-13 04:45:00+00:00,3.7263,3.7293,3.7154,3.7159,827994.4
2025-09-13 05:00:00+00:00,3.7159,3.7189,3.7111,3.7175,871050.6
2025-09-13 05:15:00+00:00,3.7175,3.7224,3.7069,3.7198,1130537.2
2025-09-13 05:30:00+00:00,3.7199,3.7236,3.7108,3.7192,935383.2
2025-09-13 05:45:00+00:00,3.7193,3.7193,3.7122,3.7166,542600.7
2025-09-13 06:00:00+00:00,3.7166,3.736,3.7156,3.7319,1420474.8
2025-09-13 06:15:00+00:00,3.7319,3.732,3.7132,3.7191,1075244.1
2025-09-13 06:30:00+00:00,3.7191,3.7224,3.715,3.7184,658871.0
2025-09-13 06:45:00+00:00,3.7185,3.7209,3.7158,3.7208,620124.1
2025-09-13 07:00:00+00:00,3.7207,3.7257,3.7166,3.7256,498152.8
2025-09-13 07:15:00+00:00,3.7257,3.7271,3.722,3.7249,560635.9
2025-09-13 07:30:00+00:00,3.725,3.7318,3.7211,3.7234,971529.8
2025-09-13 07:45:00+00:00,3.7234,3.7324,3.7223,3.7293,1553698.8
2025-09-13 08:00:00+00:00,3.7294,3.751,3.7275,3.7505,2261542.9
2025-09-13 08:15:00+00:00,3.7505,3.7754,3.7505,3.7593,4587692.8
2025-09-13 08:30:00+00:00,3.7593,3.7788,3.757,3.7737,2267288.1
2025-09-13 08:45:00+00:00,3.7737,3.7848,3.7662,3.7848,2144936.5
2025-09-13 09:00:00+00:00,3.7849,3.802,3.7764,3.7921,5675507.2
2025-09-13 09:15:00+00:00,3.7921,3.8208,3.7793,3.8074,4762614.1
2025-09-13 09:30:00+00:00,3.8075,3.8162,3.8005,3.8149,2516212.5
2025-09-13 09:45:00+00:00,3.8148,3.8198,3.7941,3.8155,3803558.3
2025-09-13 10:00:00+00:00,3.8153,3.8194,3.8005,3.8123,1773766.1
2025-09-13 10:15:00+00:00,3.8123,3.8259,3.8092,3.81,2556621.9
2025-09-13 10:30:00+00:00,3.8101,3.8135,3.7935,3.8089,2760690.7
2025-09-13 10:45:00+00:00,3.8088,3.8102,3.79,3.8003,1940804.0
2025-09-13 11:00:00+00:00,3.8002,3.8013,3.7836,3.7878,2099935.2
2025-09-13 11:15:00+00:00,3.7877,3.8007,3.7846,3.7992,1345607.7
2025-09-13 11:30:00+00:00,3.7992,3.8089,3.7945,3.8082,1133975.7
2025-09-13 11:45:00+00:00,3.8083,3.833,3.8057,3.8319,2370199.5
2025-09-13 12:00:00+00:00,3.832,3.8323,3.8216,3.8289,3371906.7
2025-09-13 12:15:00+00:00,3.829,3.8326,3.8207,3.8254,1142353.8
2025-09-13 12:30:00+00:00,3.8254,3.8563,3.825,3.8512,3516878.9
2025-09-13 12:45:00+00:00,3.8513,3.8817,3.8505,3.8601,7417321.0
2025-09-13 13:00:00+00:00,3.8601,3.8601,3.8305,3.8457,2973694.8
2025-09-13 13:15:00+00:00,3.8456,3.86,3.8405,3.8534,1950974.3
2025-09-13 13:30:00+00:00,3.8534,3.8542,3.8365,3.8407,1364566.5
2025-09-13 13:45:00+00:00,3.8408,3.8454,3.7307,3.789,12540309.7
2025-09-13 14:00:00+00:00,3.789,3.8039,3.7557,3.793,8873702.4
2025-09-13 14:15:00+00:00,3.793,3.8317,3.7914,3.8233,4523080.4
2025-09-13 14:30:00+00:00,3.8233,3.8289,3.7991,3.8106,2899706.4
2025-09-13 14:45:00+00:00,3.8105,3.8293,3.8084,3.8167,2331412.8
2025-09-13 15:00:00+00:00,3.8167,3.8395,3.8074,3.8276,5922783.8
2025-09-13 15:15:00+00:00,3.8276,3.8351,3.8052,3.8113,1685011.8
2025-09-13 15:30:00+00:00,3.8113,3.8129,3.7742,3.7915,3927195.0
2025-09-13 15:45:00+00:00,3.7916,3.7982,3.7812,3.7852,1660278.1
2025-09-13 16:00:00+00:00,3.7852,3.8015,3.7765,3.7944,3083524.2
2025-09-13 16:15:00+00:00,3.7945,3.8041,3.7803,3.7993,1809804.6
2025-09-13 16:30:00+00:00,3.7993,3.805,3.765,3.7887,3117004.4
2025-09-13 16:45:00+00:00,3.7887,3.7947,3.7588,3.771,3477596.7
2025-09-13 17:00:00+00:00,3.7709,3.7756,3.7316,3.7324,5806073.8
2025-09-13 17:15:00+00:00,3.7327,3.758,3.7316,3.7485,2229130.6
2025-09-13 17:30:00+00:00,3.7484,3.7706,3.746,3.7689,1879338.9
2025-09-13 17:45:00+00:00,3.7688,3.7812,3.7678,3.7752,1102416.9
2025-09-13 18:00:00+00:00,3.7751,3.777,3.7521,3.7647,1540201.9
2025-09-13 18:15:00+00:00,3.7646,3.7801,3.7541,3.7759,1575608.1
2025-09-13 18:30:00+00:00,3.7759,3.784,3.76,3.7815,1048323.8
2025-09-13 18:45:00+00:00,3.7814,3.7902,3.7794,3.7852,1072666.9
2025-09-13 19:00:00+00:00,3.7853,3.793,3.7805,3.7878,779264.9
2025-09-13 19:15:00+00:00,3.7879,3.7901,3.7769,3.7801,892133.5
2025-09-13 19:30:00+00:00,3.7802,3.7924,3.777,3.791,751226.8
2025-09-13 19:45:00+00:00,3.7911,3.8007,3.785,3.7916,1144550.5
2025-09-13 20:00:00+00:00,3.7916,3.821,3.7854,3.8161,1818777.6
2025-09-13 20:15:00+00:00,3.8164,3.8257,3.8075,3.8191,1158285.0
2025-09-13 20:30:00+00:00,3.819,3.8314,3.8076,3.8077,1073188.0
2025-09-13 20:45:00+00:00,3.8077,3.8241,3.8077,3.8164,1049809.2
2025-09-13 21:00:00+00:00,3.8163,3.8353,3.8129,3.8292,1175397.2
2025-09-13 21:15:00+00:00,3.8293,3.8458,3.8223,3.8307,1252356.0
2025-09-13 21:30:00+00:00,3.8308,3.8449,3.8264,3.8338,1060385.3
2025-09-13 21:45:00+00:00,3.8339,3.838,3.8278,3.835,729226.5
2025-09-13 22:00:00+00:00,3.835,3.8467,3.8318,3.8446,908388.5
2025-09-13 22:15:00+00:00,3.8447,3.8461,3.8308,3.8381,774350.3
2025-09-13 22:30:00+00:00,3.8381,3.8381,3.8245,3.8268,808837.5
2025-09-13 22:45:00+00:00,3.8268,3.832,3.8213,3.8304,783720.7
2025-09-13 23:00:00+00:00,3.8304,3.8367,3.8188,3.822,978579.4
2025-09-13 23:15:00+00:00,3.822,3.8311,3.8089,3.8137,1634767.8
2025-09-13 23:30:00+00:00,3.8138,3.8153,3.8067,3.8127,1096410.1
2025-09-13 23:45:00+00:00,3.8126,3.8209,3.8109,3.8143,820862.1
2025-09-14 00:00:00+00:00,3.8142,3.8205,3.8112,3.8201,1060874.7
2025-09-14 00:15:00+00:00,3.8202,3.8234,3.8022,3.8054,1019273.5
2025-09-14 00:30:00+00:00,3.8054,3.8095,3.7954,3.7964,1030055.6
2025-09-14 00:45:00+00:00,3.7964,3.7985,3.771,3.7801,2489801.1
2025-09-14 01:00:00+00:00,3.78,3.78,3.75,3.7505,2510657.2
2025-09-14 01:15:00+00:00,3.7505,3.7616,3.744,3.7535,2472773.8
2025-09-14 01:30:00+00:00,3.7536,3.7681,3.7512,3.7669,1253931.0
2025-09-14 01:45:00+00:00,3.7668,3.7853,3.7635,3.7845,1737794.1
2025-09-14 02:00:00+00:00,3.7844,3.8089,3.7813,3.8059,2141216.5
2025-09-14 02:15:00+00:00,3.8059,3.8062,3.7861,3.7868,1352636.4
2025-09-14 02:30:00+00:00,3.7867,3.792,3.7737,3.7876,1298212.6
2025-09-14 02:45:00+00:00,3.7876,3.8117,3.7811,3.8079,1491911.2
2025-09-14 03:00:00+00:00,3.808,3.81,3.7826,3.7902,1701812.0
2025-09-14 03:15:00+00:00,3.7902,3.7932,3.7796,3.7849,887578.8
2025-09-14 03:30:00+00:00,3.7848,3.7867,3.7752,3.7776,1063696.8
2025-09-14 03:45:00+00:00,3.7776,3.7821,3.7542,3.7573,1745586.8
2025-09-14 04:00:00+00:00,3.7574,3.7583,3.7452,3.7499,2094351.6
2025-09-14 04:15:00+00:00,3.7498,3.7583,3.7332,3.755,3175337.6
2025-09-14 04:30:00+00:00,3.755,3.7663,3.7542,3.7654,1017909.2
2025-09-14 04:45:00+00:00,3.7654,3.7655,3.7534,3.7585,697517.0
2025-09-14 05:00:00+00:00,3.7585,3.7736,3.7547,3.7719,669138.1
2025-09-14 05:15:00+00:00,3.772,3.7806,3.7691,3.7724,751485.3
2025-09-14 05:30:00+00:00,3.7723,3.7849,3.7703,3.7803,1202609.1
2025-09-14 05:45:00+00:00,3.7803,3.7865,3.78,3.7843,522134.8
2025-09-14 06:00:00+00:00,3.7842,3.7886,3.7655,3.7685,1169996.0
2025-09-14 06:15:00+00:00,3.7686,3.7721,3.7583,3.7641,809993.5
2025-09-14 06:30:00+00:00,3.7641,3.7653,3.751,3.7532,920874.0
2025-09-14 06:45:00+00:00,3.753,3.7615,3.7486,3.7611,966520.7
2025-09-14 07:00:00+00:00,3.761,3.7627,3.7486,3.753,648073.1
2025-09-14 07:15:00+00:00,3.7531,3.7635,3.7498,3.7583,695975.5
2025-09-14 07:30:00+00:00,3.7581,3.778,3.7561,3.7649,1079189.8
2025-09-14 07:45:00+00:00,3.7649,3.7726,3.7496,3.7596,1136261.0
2025-09-14 08:00:00+00:00,3.7597,3.7597,3.7489,3.7556,888105.7
2025-09-14 08:15:00+00:00,3.7557,3.7593,3.7472,3.752,1130802.0
2025-09-14 08:30:00+00:00,3.7521,3.7675,3.7519,3.7658,781621.6
2025-09-14 08:45:00+00:00,3.7658,3.7767,3.7585,3.7732,2497651.9
2025-09-14 09:00:00+00:00,3.7733,3.7759,3.7623,3.7675,1943375.0
2025-09-14 09:15:00+00:00,3.767,3.7975,3.763,3.7923,2764214.8
2025-09-14 09:30:00+00:00,3.7924,3.8014,3.7894,3.8007,1427011.4
2025-09-14 09:45:00+00:00,3.8008,3.8038,3.7819,3.7966,1734237.2
2025-09-14 10:00:00+00:00,3.7966,3.8038,3.7767,3.7768,1285479.1
2025-09-14 10:15:00+00:00,3.7767,3.7908,3.7728,3.7738,1288111.1
2025-09-14 10:30:00+00:00,3.7739,3.7823,3.7737,3.7794,642289.9
2025-09-14 10:45:00+00:00,3.7794,3.7928,3.7778,3.7849,765704.1
2025-09-14 11:00:00+00:00,3.7849,3.7884,3.7718,3.773,919470.6
2025-09-14 11:15:00+00:00,3.7731,3.7741,3.7479,3.7491,1763670.6
2025-09-14 11:30:00+00:00,3.7491,3.7506,3.7226,3.7252,5095083.5
2025-09-14 11:45:00+00:00,3.7251,3.7348,3.7152,3.7226,2889290.6
2025-09-14 12:00:00+00:00,3.7225,3.7368,3.7214,3.7265,2048594.0
2025-09-14 12:15:00+00:00,3.7265,3.7359,3.7236,3.733,1147088.9
2025-09-14 12:30:00+00:00,3.7331,3.7367,3.703,3.7038,2282859.0
2025-09-14 12:45:00+00:00,3.7037,3.7151,3.6829,3.6913,5290390.8
2025-09-14 13:00:00+00:00,3.6914,3.7065,3.6841,3.7065,2258092.7
2025-09-14 13:15:00+00:00,3.7065,3.7065,3.6858,3.6902,2131760.4
2025-09-14 13:30:00+00:00,3.6901,3.6982,3.6823,3.6928,2328736.3
2025-09-14 13:45:00+00:00,3.6928,3.6978,3.6625,3.6792,4001696.6
2025-09-14 14:00:00+00:00,3.6791,3.7108,3.6773,3.6993,2168832.7
2025-09-14 14:15:00+00:00,3.6993,3.7,3.6741,3.6833,2123374.9
2025-09-14 14:30:00+00:00,3.6833,3.6908,3.6389,3.649,7743980.5
2025-09-14 14:45:00+00:00,3.649,3.663,3.6414,3.6595,3274424.6
2025-09-14 15:00:00+00:00,3.6595,3.6639,3.6406,3.6462,1987690.8
2025-09-14 15:15:00+00:00,3.6463,3.6576,3.6435,3.65,1719080.7
2025-09-14 15:30:00+00:00,3.65,3.6661,3.6464,3.656,1924396.5
2025-09-14 15:45:00+00:00,3.6556,3.6659,3.6526,3.6651,1094109.5
2025-09-14 16:00:00+00:00,3.6652,3.6835,3.6527,3.6743,2621054.3
2025-09-14 16:15:00+00:00,3.6743,3.6911,3.6702,3.6889,1671765.4
2025-09-14 16:30:00+00:00,3.6889,3.6949,3.6808,3.6943,1610900.3
2025-09-14 16:45:00+00:00,3.6943,3.6944,3.6813,3.6899,786079.3
2025-09-14 17:00:00+00:00,3.6898,3.701,3.679,3.7009,1601821.6
2025-09-14 17:15:00+00:00,3.701,3.7237,3.6976,3.7195,2737767.1
2025-09-14 17:30:00+00:00,3.7195,3.7255,3.7167,3.7236,1087936.6
2025-09-14 17:45:00+00:00,3.7237,3.7286,3.7167,3.7227,1766905.8
2025-09-14 18:00:00+00:00,3.7228,3.7246,3.71,3.7133,1360563.1
2025-09-14 18:15:00+00:00,3.7132,3.7137,3.7002,3.7044,794477.8
2025-09-14 18:30:00+00:00,3.7043,3.7088,3.6979,3.7039,638990.4
2025-09-14 18:45:00+00:00,3.704,3.7044,3.6952,3.6987,552793.3
2025-09-14 19:00:00+00:00,3.6987,3.7069,3.685,3.7042,1872058.1
2025-09-14 19:15:00+00:00,3.7043,3.7164,3.7004,3.7137,1232003.7
2025-09-14 19:30:00+00:00,3.7137,3.7193,3.7043,3.7071,882047.0
2025-09-14 19:45:00+00:00,3.7072,3.7103,3.6942,3.6992,884848.7
2025-09-14 20:00:00+00:00,3.6993,3.7094,3.6969,3.7076,493325.9
2025-09-14 20:15:00+00:00,3.7077,3.7122,3.7004,3.7008,397070.9
2025-09-14 20:30:00+00:00,3.7009,3.7116,3.6956,3.7114,680750.7
2025-09-14 20:45:00+00:00,3.7115,3.7127,3.7035,3.7043,480235.4
2025-09-14 21:00:00+00:00,3.7044,3.7132,3.6879,3.7022,1011989.7
2025-09-14 21:15:00+00:00,3.7023,3.716,3.7009,3.7095,471363.8
2025-09-14 21:30:00+00:00,3.7096,3.7292,3.7054,3.7277,1290036.7
2025-09-14 21:45:00+00:00,3.7277,3.7334,3.7136,3.7254,1767296.7
2025-09-14 22:00:00+00:00,3.7255,3.7282,3.7049,3.7111,905574.2
2025-09-14 22:15:00+00:00,3.7112,3.7139,3.7033,3.7107,631060.5
2025-09-14 22:30:00+00:00,3.7107,3.7294,3.7082,3.7291,656112.0
2025-09-14 22:45:00+00:00,3.7291,3.7321,3.7223,3.724,921974.2
2025-09-14 23:00:00+00:00,3.724,3.7246,3.6963,3.6992,1431091.3
2025-09-14 23:15:00+00:00,3.6992,3.7066,3.6903,3.693,1141849.5
2025-09-14 23:30:00+00:00,3.6929,3.6946,3.68,3.6889,1270695.3
2025-09-14 23:45:00+00:00,3.6887,3.693,3.68,3.684,997551.2
2025-09-15 00:00:00+00:00,3.684,3.6965,3.6784,3.6929,1007121.3
2025-09-15 00:15:00+00:00,3.6929,3.7066,3.6841,3.7048,879796.0
2025-09-15 00:30:00+00:00,3.7044,3.706,3.6878,3.6892,889414.7
2025-09-15 00:45:00+00:00,3.6892,3.6968,3.6812,3.6816,546703.3
2025-09-15 01:00:00+00:00,3.6815,3.6855,3.6585,3.6585,2109183.6
2025-09-15 01:15:00+00:00,3.6585,3.6765,3.6467,3.6729,1912183.6
2025-09-15 01:30:00+00:00,3.6726,3.7005,3.6717,3.6921,2245158.0
2025-09-15 01:45:00+00:00,3.6921,3.6984,3.68,3.6887,755616.9
2025-09-15 02:00:00+00:00,3.6888,3.7073,3.6872,3.7008,1460667.5
2025-09-15 02:15:00+00:00,3.7008,3.7069,3.6938,3.6985,766470.4
2025-09-15 02:30:00+00:00,3.6984,3.6991,3.68,3.6886,1092027.0
2025-09-15 02:45:00+00:00,3.6886,3.694,3.6805,3.6813,491887.6
2025-09-15 03:00:00+00:00,3.6813,3.7045,3.6798,3.6943,992711.5
2025-09-15 03:15:00+00:00,3.6943,3.7038,3.6892,3.6922,563724.1
2025-09-15 03:30:00+00:00,3.6922,3.702,3.6869,3.6994,468460.3
2025-09-15 03:45:00+00:00,3.6995,3.7095,3.6995,3.705,715733.4
2025-09-15 04:00:00+00:00,3.705,3.7055,3.6938,3.6947,607089.7
2025-09-15 04:15:00+00:00,3.6947,3.7212,3.6939,3.712,1795700.0
2025-09-15 04:30:00+00:00,3.712,3.715,3.7019,3.707,887858.2
2025-09-15 04:45:00+00:00,3.7071,3.7129,3.6958,3.6966,947785.1
2025-09-15 05:00:00+00:00,3.6966,3.7138,3.694,3.7107,746191.3
2025-09-15 05:15:00+00:00,3.7107,3.7195,3.7081,3.7124,1653875.7
2025-09-15 05:30:00+00:00,3.7124,3.7168,3.7076,3.7095,746892.3
2025-09-15 05:45:00+00:00,3.7095,3.7203,3.7094,3.7194,1330233.1
2025-09-15 06:00:00+00:00,3.7194,3.7203,3.7052,3.7077,2052396.2
2025-09-15 06:15:00+00:00,3.7078,3.7124,3.68,3.6807,2449796.3
2025-09-15 06:30:00+00:00,3.6807,3.6842,3.6507,3.6566,3239575.4
2025-09-15 06:45:00+00:00,3.6566,3.6566,3.6274,3.6425,5266063.3
2025-09-15 07:00:00+00:00,3.6425,3.6578,3.6404,3.6568,2125597.9
2025-09-15 07:15:00+00:00,3.6569,3.6719,3.6428,3.6439,2145670.9
2025-09-15 07:30:00+00:00,3.6439,3.6439,3.5843,3.6007,12919593.5
2025-09-15 07:45:00+00:00,3.6007,3.6046,3.5876,3.601,3135681.2
2025-09-15 08:00:00+00:00,3.6009,3.6009,3.5118,3.5533,16740471.9
2025-09-15 08:15:00+00:00,3.5533,3.5605,3.544,3.5482,3421757.2
2025-09-15 08:30:00+00:00,3.5482,3.5525,3.5321,3.5443,3518197.3
2025-09-15 08:45:00+00:00,3.5442,3.545,3.5177,3.5225,7982909.9
2025-09-15 09:00:00+00:00,3.5224,3.5471,3.514,3.5469,5175333.0
2025-09-15 09:15:00+00:00,3.5467,3.5559,3.5329,3.5478,3599494.7
2025-09-15 09:30:00+00:00,3.5476,3.556,3.5453,3.5499,1853143.0
2025-09-15 09:45:00+00:00,3.5498,3.5501,3.5382,3.5441,1388483.9
2025-09-15 10:00:00+00:00,3.544,3.5449,3.5177,3.526,2248950.3
2025-09-15 10:15:00+00:00,3.5259,3.5335,3.5201,3.5284,2145307.3
2025-09-15 10:30:00+00:00,3.5284,3.5366,3.5221,3.5332,2832813.8
2025-09-15 10:45:00+00:00,3.5332,3.5376,3.5256,3.5317,1035810.0
2025-09-15 11:00:00+00:00,3.5318,3.54,3.5205,3.5395,2472556.0
2025-09-15 11:15:00+00:00,3.5395,3.5416,3.5223,3.5282,1776831.3
2025-09-15 11:30:00+00:00,3.5282,3.5418,3.5245,3.5303,1749998.5
2025-09-15 11:45:00+00:00,3.5304,3.5366,3.521,3.5335,1258726.4
2025-09-15 12:00:00+00:00,3.5336,3.5336,3.5113,3.523,2631573.6
2025-09-15 12:15:00+00:00,3.5231,3.5369,3.51,3.5106,2678836.5
2025-09-15 12:30:00+00:00,3.5106,3.5169,3.508,3.5164,1751073.7
2025-09-15 12:45:00+00:00,3.5165,3.5165,3.5027,3.5087,2122224.2
2025-09-15 13:00:00+00:00,3.5088,3.5209,3.5013,3.518,1783860.1
2025-09-15 13:15:00+00:00,3.5181,3.5222,3.5101,3.5204,1203283.8
2025-09-15 13:30:00+00:00,3.5205,3.5385,3.5022,3.5055,3498265.3
2025-09-15 13:45:00+00:00,3.5052,3.5341,3.5039,3.5153,2268092.7
2025-09-15 14:00:00+00:00,3.5153,3.5189,3.4936,3.5093,4477486.8
2025-09-15 14:15:00+00:00,3.5092,3.5298,3.5014,3.5279,1930286.0
2025-09-15 14:30:00+00:00,3.5279,3.5322,3.5128,3.5298,1723721.6
2025-09-15 14:45:00+00:00,3.5299,3.5328,3.503,3.5048,1476743.0
2025-09-15 15:00:00+00:00,3.5048,3.5203,3.5,3.5026,2148701.0
2025-09-15 15:15:00+00:00,3.5025,3.5143,3.4937,3.5083,2313576.2
2025-09-15 15:30:00+00:00,3.5083,3.5089,3.4862,3.4903,2484320.7
2025-09-15 15:45:00+00:00,3.4903,3.5053,3.4772,3.4971,2998917.3
2025-09-15 16:00:00+00:00,3.497,3.4972,3.47,3.4927,3191196.9
2025-09-15 16:15:00+00:00,3.4927,3.4973,3.4774,3.4814,1024999.3
2025-09-15 16:30:00+00:00,3.4814,3.5013,3.477,3.5009,1360588.8
2025-09-15 16:45:00+00:00,3.5008,3.501,3.4668,3.4745,1972386.7
2025-09-15 17:00:00+00:00,3.4745,3.4868,3.4722,3.4771,1904092.6
2025-09-15 17:15:00+00:00,3.4772,3.483,3.4587,3.4702,3010665.5
2025-09-15 17:30:00+00:00,3.4701,3.4835,3.4654,3.4823,1442437.3
2025-09-15 17:45:00+00:00,3.4823,3.4977,3.4737,3.4976,1270030.6
2025-09-15 18:00:00+00:00,3.4976,3.4981,3.4818,3.487,1419952.6
2025-09-15 18:15:00+00:00,3.487,3.4955,3.4844,3.4866,564922.9
2025-09-15 18:30:00+00:00,3.4866,3.4936,3.4838,3.485,521406.6
2025-09-15 18:45:00+00:00,3.485,3.4984,3.4831,3.493,1334172.5
2025-09-15 19:00:00+00:00,3.4927,3.5053,3.4845,3.4884,1156021.4
2025-09-15 19:15:00+00:00,3.4883,3.4887,3.4802,3.4817,942617.8
2025-09-15 19:30:00+00:00,3.4817,3.4993,3.4728,3.4968,1712853.3
2025-09-15 19:45:00+00:00,3.4968,3.5007,3.485,3.4919,891887.8
2025-09-15 20:00:00+00:00,3.492,3.504,3.4891,3.5003,1385786.5
2025-09-15 20:15:00+00:00,3.5003,3.5064,3.4944,3.5035,1398341.7
2025-09-15 20:30:00+00:00,3.5035,3.5045,3.4948,3.5015,1223102.8
2025-09-15 20:45:00+00:00,3.5014,3.5138,3.4987,3.5076,1610886.6
2025-09-15 21:00:00+00:00,3.5077,3.512,3.5,3.5088,1471064.9
2025-09-15 21:15:00+00:00,3.5088,3.5174,3.5072,3.5133,1025860.0
2025-09-15 21:30:00+00:00,3.5134,3.5175,3.51,3.5168,756558.2
2025-09-15 21:45:00+00:00,3.5168,3.5197,3.5137,3.5174,455344.8
2025-09-15 22:00:00+00:00,3.5175,3.5219,3.5076,3.5122,1690255.1
2025-09-15 22:15:00+00:00,3.5123,3.5201,3.5105,3.5139,749281.8
2025-09-15 22:30:00+00:00,3.5139,3.5155,3.4962,3.5014,1294514.5
2025-09-15 22:45:00+00:00,3.5014,3.5021,3.4959,3.5,494343.2
2025-09-15 23:00:00+00:00,3.5,3.5081,3.4938,3.5071,849325.0
2025-09-15 23:15:00+00:00,3.5072,3.5204,3.5057,3.5192,1018379.9
2025-09-15 23:30:00+00:00,3.5193,3.5204,3.5103,3.5103,980785.7
2025-09-15 23:45:00+00:00,3.5104,3.5239,3.5087,3.5193,969979.5
2025-09-16 00:00:00+00:00,3.5193,3.5197,3.5139,3.5182,1077304.2
2025-09-16 00:15:00+00:00,3.5182,3.5266,3.5099,3.5124,1420790.4
2025-09-16 00:30:00+00:00,3.5124,3.5225,3.5122,3.516,847907.8
2025-09-16 00:45:00+00:00,3.516,3.5212,3.5058,3.521,735326.7
2025-09-16 01:00:00+00:00,3.5211,3.5343,3.5183,3.5313,1402442.1
2025-09-16 01:15:00+00:00,3.5314,3.5408,3.5287,3.5326,1315500.5
2025-09-16 01:30:00+00:00,3.5326,3.538,3.5181,3.5192,1255254.6
2025-09-16 01:45:00+00:00,3.5193,3.5273,3.5064,3.5084,1328532.4
2025-09-16 02:00:00+00:00,3.5084,3.5206,3.506,3.5192,753335.9
2025-09-16 02:15:00+00:00,3.5192,3.5243,3.512,3.5143,465800.4
2025-09-16 02:30:00+00:00,3.5143,3.5213,3.5089,3.5109,659929.1
2025-09-16 02:45:00+00:00,3.5109,3.5127,3.5012,3.5013,722544.9
2025-09-16 03:00:00+00:00,3.5013,3.5112,3.5003,3.504,925792.6
2025-09-16 03:15:00+00:00,3.5041,3.5098,3.5002,3.5013,879185.0
2025-09-16 03:30:00+00:00,3.5012,3.5148,3.5012,3.5085,1218353.8
2025-09-16 03:45:00+00:00,3.5085,3.5095,3.4961,3.4978,853996.2
2025-09-16 04:00:00+00:00,3.4979,3.5028,3.4764,3.4787,2049141.3
2025-09-16 04:15:00+00:00,3.4788,3.4989,3.4647,3.4974,2733103.7
2025-09-16 04:30:00+00:00,3.4975,3.4996,3.484,3.4881,1029069.7
2025-09-16 04:45:00+00:00,3.488,3.503,3.4866,3.4995,963588.8
2025-09-16 05:00:00+00:00,3.4994,3.5119,3.4931,3.5062,1766626.9
2025-09-16 05:15:00+00:00,3.506,3.5106,3.4924,3.5018,1853604.9
2025-09-16 05:30:00+00:00,3.5019,3.5117,3.4979,3.5111,1413035.3
2025-09-16 05:45:00+00:00,3.511,3.5215,3.5105,3.5209,1737292.2
2025-09-16 06:00:00+00:00,3.5208,3.5276,3.5134,3.5276,1217357.3
2025-09-16 06:15:00+00:00,3.5276,3.5288,3.5086,3.5108,1011109.5
2025-09-16 06:30:00+00:00,3.5108,3.5112,3.4988,3.5064,1387336.2
2025-09-16 06:45:00+00:00,3.5063,3.5172,3.5027,3.5083,1098120.7
2025-09-16 07:00:00+00:00,3.5083,3.5194,3.5083,3.515,801066.4
2025-09-16 07:15:00+00:00,3.5149,3.5278,3.5137,3.5265,1179433.4
2025-09-16 07:30:00+00:00,3.5264,3.5289,3.5159,3.5226,923238.1
2025-09-16 07:45:00+00:00,3.5225,3.535,3.521,3.5311,975102.5
2025-09-16 08:00:00+00:00,3.5311,3.5632,3.531,3.5627,3026046.4
2025-09-16 08:15:00+00:00,3.5628,3.5717,3.553,3.5572,3227577.8
2025-09-16 08:30:00+00:00,3.5572,3.5574,3.5424,3.5433,1512993.4
2025-09-16 08:45:00+00:00,3.5434,3.5683,3.542,3.563,1727334.9
2025-09-16 09:00:00+00:00,3.5631,3.5667,3.5531,3.5546,1347407.4
2025-09-16 09:15:00+00:00,3.5545,3.57,3.554,3.5594,1852173.1
2025-09-16 09:30:00+00:00,3.5593,3.5719,3.5518,3.5638,1577271.4
2025-09-16 09:45:00+00:00,3.5638,3.5715,3.5581,3.5658,1009428.4
2025-09-16 10:00:00+00:00,3.5657,3.5665,3.5554,3.5618,1535198.8
2025-09-16 10:15:00+00:00,3.5618,3.5704,3.5565,3.5639,1162748.6
2025-09-16 10:30:00+00:00,3.5639,3.5769,3.5626,3.5681,1067246.5
2025-09-16 10:45:00+00:00,3.5681,3.575,3.5629,3.5666,1143637.3
2025-09-16 11:00:00+00:00,3.5667,3.5728,3.5573,3.5575,1296771.3
2025-09-16 11:15:00+00:00,3.5575,3.5658,3.5517,3.5638,1352214.5
2025-09-16 11:30:00+00:00,3.5637,3.5739,3.5629,3.5702,1046504.4
2025-09-16 11:45:00+00:00,3.5703,3.576,3.5657,3.571,1107352.2
2025-09-16 12:00:00+00:00,3.5709,3.5871,3.5704,3.5823,1531956.7
2025-09-16 12:15:00+00:00,3.5823,3.5939,3.5736,3.5784,2779695.5
2025-09-16 12:30:00+00:00,3.5784,3.5883,3.5758,3.5843,1535106.5
2025-09-16 12:45:00+00:00,3.5844,3.6038,3.584,3.5984,2424460.3
2025-09-16 13:00:00+00:00,3.5985,3.6067,3.5926,3.5968,2041083.3
2025-09-16 13:15:00+00:00,3.5968,3.6334,3.596,3.6323,4967938.5
2025-09-16 13:30:00+00:00,3.6322,3.637,3.585,3.5861,5776337.9
2025-09-16 13:45:00+00:00,3.5862,3.6532,3.5455,3.6488,20306718.8
2025-09-16 14:00:00+00:00,3.6487,3.6487,3.5798,3.5979,12487217.1
2025-09-16 14:15:00+00:00,3.5978,3.6113,3.5786,3.5894,4571905.5
2025-09-16 14:30:00+00:00,3.5894,3.6007,3.5732,3.5791,3464066.3
2025-09-16 14:45:00+00:00,3.5792,3.6005,3.577,3.5936,1884961.1
2025-09-16 15:00:00+00:00,3.5935,3.5963,3.566,3.5724,3334682.6
2025-09-16 15:15:00+00:00,3.5725,3.5959,3.571,3.5868,1792068.9
2025-09-16 15:30:00+00:00,3.5869,3.601,3.5812,3.5967,1950429.5
2025-09-16 15:45:00+00:00,3.5967,3.6165,3.5907,3.616,2381365.9
2025-09-16 16:00:00+00:00,3.6159,3.6247,3.606,3.614,2782014.8
2025-09-16 16:15:00+00:00,3.6141,3.6228,3.5976,3.6034,2288938.4
2025-09-16 16:30:00+00:00,3.6032,3.615,3.5976,3.6045,1343895.9
2025-09-16 16:45:00+00:00,3.6045,3.6104,3.6,3.6071,972676.9
2025-09-16 17:00:00+00:00,3.607,3.6344,3.6057,3.6323,2076779.3
2025-09-16 17:15:00+00:00,3.6323,3.6476,3.6323,3.6388,2119966.4
2025-09-16 17:30:00+00:00,3.6389,3.6476,3.6203,3.6331,2566429.8
2025-09-16 17:45:00+00:00,3.6332,3.6464,3.6196,3.6255,2234248.4
2025-09-16 18:00:00+00:00,3.6256,3.6355,3.6228,3.6281,1473077.6
2025-09-16 18:15:00+00:00,3.628,3.6382,3.624,3.6261,1341746.7
2025-09-16 18:30:00+00:00,3.6261,3.6283,3.614,3.6228,1240936.4
2025-09-16 18:45:00+00:00,3.6229,3.6293,3.6195,3.6202,569021.0
2025-09-16 19:00:00+00:00,3.6202,3.6247,3.6132,3.6247,849989.5
2025-09-16 19:15:00+00:00,3.6248,3.6305,3.6158,3.6209,737971.8
2025-09-16 19:30:00+00:00,3.621,3.6246,3.6149,3.6177,539889.3
2025-09-16 19:45:00+00:00,3.6178,3.6287,3.6178,3.6273,868514.4
2025-09-16 20:00:00+00:00,3.6273,3.6357,3.6243,3.6264,788893.2
2025-09-16 20:15:00+00:00,3.6264,3.6403,3.6244,3.6396,721560.8
2025-09-16 20:30:00+00:00,3.6397,3.6398,3.6244,3.6284,783729.4
2025-09-16 20:45:00+00:00,3.6285,3.6376,3.6276,3.6356,430962.3
2025-09-16 21:00:00+00:00,3.6356,3.6416,3.6252,3.6262,905032.8
2025-09-16 21:15:00+00:00,3.6263,3.6333,3.6244,3.6302,789442.7
2025-09-16 21:30:00+00:00,3.6303,3.6386,3.6204,3.6241,1294030.3
2025-09-16 21:45:00+00:00,3.6241,3.6338,3.6222,3.6334,380991.8
2025-09-16 22:00:00+00:00,3.6334,3.637,3.6289,3.6312,1393297.6
2025-09-16 22:15:00+00:00,3.6311,3.6337,3.624,3.6248,714224.9
2025-09-16 22:30:00+00:00,3.6247,3.6255,3.6162,3.6216,866642.3
2025-09-16 22:45:00+00:00,3.6217,3.6231,3.6109,3.6109,888858.3
2025-09-16 23:00:00+00:00,3.611,3.615,3.6084,3.6089,1068569.9
2025-09-16 23:15:00+00:00,3.6088,3.6117,3.6034,3.6046,743207.7
2025-09-16 23:30:00+00:00,3.6046,3.6068,3.5948,3.5995,1402770.4
2025-09-16 23:45:00+00:00,3.5994,3.6014,3.5951,3.5986,817837.2
2025-09-17 00:00:00+00:00,3.5986,3.6041,3.587,3.59,1808219.0
2025-09-17 00:15:00+00:00,3.5901,3.6006,3.5901,3.594,765473.8
2025-09-17 00:30:00+00:00,3.594,3.6022,3.593,3.6008,500830.9
2025-09-17 00:45:00+00:00,3.6007,3.6008,3.5857,3.5968,767366.2
2025-09-17 01:00:00+00:00,3.5968,3.5985,3.5906,3.5982,437953.8
2025-09-17 01:15:00+00:00,3.5981,3.5995,3.5884,3.5978,700962.9
2025-09-17 01:30:00+00:00,3.5978,3.5983,3.584,3.5853,817464.1
2025-09-17 01:45:00+00:00,3.5852,3.5919,3.5804,3.5919,776145.0
2025-09-17 02:00:00+00:00,3.5919,3.5981,3.5836,3.5981,915733.2
2025-09-17 02:15:00+00:00,3.5981,3.604,3.5852,3.6025,1213028.6
2025-09-17 02:30:00+00:00,3.6026,3.624,3.601,3.6229,2520892.5
2025-09-17 02:45:00+00:00,3.623,3.6408,3.6195,3.6247,3351067.6
2025-09-17 03:00:00+00:00,3.6247,3.6261,3.6145,3.6217,1822748.8
2025-09-17 03:15:00+00:00,3.6218,3.632,3.617,3.6196,1235863.0
2025-09-17 03:30:00+00:00,3.6197,3.6214,3.6009,3.6033,1284586.7
2025-09-17 03:45:00+00:00,3.6033,3.608,3.5921,3.595,1753797.2
2025-09-17 04:00:00+00:00,3.5951,3.608,3.5917,3.6009,1178820.3
2025-09-17 04:15:00+00:00,3.601,3.6037,3.5848,3.5882,1241078.6
2025-09-17 04:30:00+00:00,3.5881,3.5984,3.5853,3.5909,784999.0
2025-09-17 04:45:00+00:00,3.5909,3.5909,3.5728,3.5858,2321464.9
2025-09-17 05:00:00+00:00,3.5858,3.5914,3.5845,3.5876,1012405.4
2025-09-17 05:15:00+00:00,3.5878,3.5944,3.5742,3.5766,1108258.9
2025-09-17 05:30:00+00:00,3.5767,3.5862,3.5761,3.5821,697594.8
2025-09-17 05:45:00+00:00,3.5822,3.6098,3.5678,3.6093,2695903.4
2025-09-17 06:00:00+00:00,3.6092,3.614,3.6012,3.6043,1487876.8
2025-09-17 06:15:00+00:00,3.6044,3.6123,3.6021,3.6072,645008.3
2025-09-17 06:30:00+00:00,3.6073,3.615,3.6035,3.613,1072855.2
2025-09-17 06:45:00+00:00,3.6129,3.616,3.605,3.6142,747606.3
2025-09-17 07:00:00+00:00,3.6142,3.6144,3.6023,3.6139,824862.6
2025-09-17 07:15:00+00:00,3.6138,3.624,3.612,3.6172,805339.4
2025-09-17 07:30:00+00:00,3.6172,3.6211,3.6126,3.6141,615832.7
2025-09-17 07:45:00+00:00,3.614,3.6195,3.6088,3.611,1393740.3
2025-09-17 08:00:00+00:00,3.6106,3.6119,3.5843,3.5847,1977560.1
2025-09-17 08:15:00+00:00,3.5847,3.5938,3.5838,3.5861,1397378.8
2025-09-17 08:30:00+00:00,3.5861,3.5918,3.5803,3.5836,1427520.9
2025-09-17 08:45:00+00:00,3.5836,3.5961,3.582,3.5878,917130.9
2025-09-17 09:00:00+00:00,3.5878,3.59,3.5817,3.5831,835909.6
2025-09-17 09:15:00+00:00,3.583,3.5859,3.574,3.5834,1169269.3
2025-09-17 09:30:00+00:00,3.5835,3.5907,3.5777,3.5816,744266.0
2025-09-17 09:45:00+00:00,3.5815,3.5834,3.5719,3.5727,674780.0
2025-09-17 10:00:00+00:00,3.5727,3.586,3.5719,3.5739,1224955.7
2025-09-17 10:15:00+00:00,3.5739,3.577,3.555,3.559,2415031.5
2025-09-17 10:30:00+00:00,3.559,3.5744,3.558,3.5721,1248736.3
2025-09-17 10:45:00+00:00,3.5721,3.5856,3.5688,3.5843,1146411.2
2025-09-17 11:00:00+00:00,3.5843,3.5893,3.5818,3.589,1129795.4
2025-09-17 11:15:00+00:00,3.5889,3.6032,3.5873,3.6016,1002071.9
2025-09-17 11:30:00+00:00,3.6016,3.6016,3.5865,3.5865,975655.8
2025-09-17 11:45:00+00:00,3.5865,3.6029,3.5865,3.5938,1229866.4
2025-09-17 12:00:00+00:00,3.5939,3.5986,3.587,3.5911,1074191.9
2025-09-17 12:15:00+00:00,3.591,3.5988,3.5843,3.5981,1021004.0
2025-09-17 12:30:00+00:00,3.598,3.6037,3.5811,3.587,1117695.6
2025-09-17 12:45:00+00:00,3.5869,3.5947,3.5809,3.5912,990873.7
2025-09-17 13:00:00+00:00,3.5912,3.5956,3.5839,3.5852,530877.6
2025-09-17 13:15:00+00:00,3.5852,3.5955,3.5817,3.5904,891365.6
2025-09-17 13:30:00+00:00,3.5904,3.5957,3.5719,3.5774,1747224.8
2025-09-17 13:45:00+00:00,3.5774,3.592,3.5728,3.5796,1223874.3
2025-09-17 14:00:00+00:00,3.5797,3.5871,3.576,3.5818,1089088.4
2025-09-17 14:15:00+00:00,3.5818,3.5824,3.557,3.5642,1654281.6
2025-09-17 14:30:00+00:00,3.5644,3.5741,3.555,3.5609,1313262.0
2025-09-17 14:45:00+00:00,3.5608,3.568,3.5565,3.5615,831478.3
2025-09-17 15:00:00+00:00,3.5616,3.5661,3.5577,3.5652,1186480.5
2025-09-17 15:15:00+00:00,3.5652,3.5709,3.5497,3.5514,1649859.8
2025-09-17 15:30:00+00:00,3.5514,3.5646,3.5512,3.5583,988012.9
2025-09-17 15:45:00+00:00,3.5583,3.5625,3.5523,3.5586,379903.1
2025-09-17 16:00:00+00:00,3.5585,3.5585,3.5453,3.5478,1860350.8
2025-09-17 16:15:00+00:00,3.5478,3.551,3.5221,3.5508,3949589.5
2025-09-17 16:30:00+00:00,3.5507,3.5576,3.5467,3.5531,1257458.7
2025-09-17 16:45:00+00:00,3.553,3.5672,3.5488,3.5589,2070162.2
2025-09-17 17:00:00+00:00,3.5589,3.5709,3.5583,3.5664,1368123.6
2025-09-17 17:15:00+00:00,3.5664,3.5737,3.5597,3.5731,714340.4
2025-09-17 17:30:00+00:00,3.5731,3.6174,3.5701,3.6025,3415944.6
2025-09-17 17:45:00+00:00,3.6026,3.625,3.5551,3.5551,4755892.9
2025-09-17 18:00:00+00:00,3.563,3.6336,3.5526,3.5781,13477390.8
2025-09-17 18:15:00+00:00,3.578,3.62,3.565,3.61,4729564.5
2025-09-17 18:30:00+00:00,3.6101,3.6124,3.5688,3.5697,5499158.8
2025-09-17 18:45:00+00:00,3.5697,3.5883,3.5536,3.573,4931450.9
2025-09-17 19:00:00+00:00,3.5729,3.6171,3.5701,3.5978,5122991.4
2025-09-17 19:15:00+00:00,3.5978,3.6391,3.5936,3.6354,3449014.3
2025-09-17 19:30:00+00:00,3.6356,3.6855,3.631,3.6782,4923316.8
2025-09-17 19:45:00+00:00,3.6781,3.6882,3.6635,3.6736,4017240.6
2025-09-17 20:00:00+00:00,3.6735,3.7098,3.6732,3.7078,4216483.0
2025-09-17 20:15:00+00:00,3.7077,3.7161,3.6852,3.6865,3504667.4
2025-09-17 20:30:00+00:00,3.6865,3.6991,3.6658,3.6734,2259176.1
2025-09-17 20:45:00+00:00,3.6734,3.6828,3.6467,3.6555,2385142.3
2025-09-17 21:00:00+00:00,3.6555,3.6619,3.6215,3.6618,4401659.7
2025-09-17 21:15:00+00:00,3.6619,3.6943,3.6591,3.6826,3297348.3
2025-09-17 21:30:00+00:00,3.6826,3.7024,3.6758,3.7023,2369389.8
2025-09-17 21:45:00+00:00,3.7023,3.7122,3.6913,3.7098,1409237.8
2025-09-17 22:00:00+00:00,3.7098,3.729,3.7098,3.7276,3147271.3
2025-09-17 22:15:00+00:00,3.7276,3.7562,3.7214,3.7552,4190151.6
2025-09-17 22:30:00+00:00,3.7552,3.767,3.7504,3.7665,3274961.2
2025-09-17 22:45:00+00:00,3.7663,3.788,3.756,3.7756,3323452.3
2025-09-17 23:00:00+00:00,3.7755,3.7997,3.7753,3.7787,4431427.2
2025-09-17 23:15:00+00:00,3.7787,3.7823,3.7451,3.7678,5015259.0
2025-09-17 23:30:00+00:00,3.7678,3.7878,3.763,3.7647,2200198.3
2025-09-17 23:45:00+00:00,3.7646,3.7813,3.7632,3.7705,1262111.3
2025-09-18 00:00:00+00:00,3.7706,3.7939,3.7706,3.7907,2415353.7
2025-09-18 00:15:00+00:00,3.7907,3.8041,3.774,3.7833,2518006.3
2025-09-18 00:30:00+00:00,3.7833,3.7931,3.7718,3.7769,1447315.6
2025-09-18 00:45:00+00:00,3.7769,3.7904,3.775,3.7784,1532711.8
2025-09-18 01:00:00+00:00,3.7783,3.807,3.7719,3.802,1940586.0
2025-09-18 01:15:00+00:00,3.802,3.8045,3.7912,3.7931,1558832.3
2025-09-18 01:30:00+00:00,3.7931,3.8067,3.7906,3.8001,1422285.5
2025-09-18 01:45:00+00:00,3.8001,3.8047,3.7843,3.7865,1497117.9
2025-09-18 02:00:00+00:00,3.7866,3.7897,3.7777,3.7873,1145136.3
2025-09-18 02:15:00+00:00,3.7872,3.7898,3.7651,3.769,1673899.8
2025-09-18 02:30:00+00:00,3.7691,3.7778,3.7671,3.7703,915764.8
2025-09-18 02:45:00+00:00,3.7704,3.7934,3.7688,3.7924,1373096.5
2025-09-18 03:00:00+00:00,3.7924,3.8192,3.785,3.8176,4081886.2
2025-09-18 03:15:00+00:00,3.8177,3.8295,3.812,3.8186,4130137.8
2025-09-18 03:30:00+00:00,3.8187,3.8236,3.8068,3.8148,1737078.8
2025-09-18 03:45:00+00:00,3.8148,3.82,3.802,3.8189,2248150.6
2025-09-18 04:00:00+00:00,3.8189,3.8284,3.812,3.8202,2558716.2
2025-09-18 04:15:00+00:00,3.8202,3.8282,3.812,3.8189,2724388.2
2025-09-18 04:30:00+00:00,3.8189,3.8236,3.8121,3.8217,1169137.1
2025-09-18 04:45:00+00:00,3.8217,3.8229,3.8131,3.8185,1485227.3
2025-09-18 05:00:00+00:00,3.8183,3.8291,3.8133,3.8235,1373596.8
2025-09-18 05:15:00+00:00,3.8236,3.8264,3.812,3.8122,1740754.1
2025-09-18 05:30:00+00:00,3.8122,3.813,3.787,3.7915,5970135.9
2025-09-18 05:45:00+00:00,3.7915,3.7952,3.7828,3.789,1918637.2
2025-09-18 06:00:00+00:00,3.789,3.7964,3.7692,3.772,2343742.8
2025-09-18 06:15:00+00:00,3.7721,3.7856,3.7562,3.7597,3495181.8
2025-09-18 06:30:00+00:00,3.7596,3.776,3.7519,3.775,2256498.1
2025-09-18 06:45:00+00:00,3.7751,3.7952,3.775,3.7933,1750353.2
2025-09-18 07:00:00+00:00,3.7932,3.8017,3.7906,3.7907,1984813.7
2025-09-18 07:15:00+00:00,3.7906,3.8021,3.7761,3.7859,2163301.5
2025-09-18 07:30:00+00:00,3.7858,3.8038,3.7828,3.8026,1190877.1
2025-09-18 07:45:00+00:00,3.8028,3.8074,3.789,3.7899,1347857.1
2025-09-18 08:00:00+00:00,3.7898,3.8044,3.7843,3.8043,1446016.6
2025-09-18 08:15:00+00:00,3.8043,3.8217,3.7965,3.8204,1728553.2
2025-09-18 08:30:00+00:00,3.8204,3.8385,3.8142,3.8255,2436641.6
2025-09-18 08:45:00+00:00,3.8254,3.8671,3.8206,3.8671,4427882.8
2025-09-18 09:00:00+00:00,3.867,3.875,3.8546,3.8568,5517413.9
2025-09-18 09:15:00+00:00,3.8568,3.9109,3.8536,3.8974,8700097.7
2025-09-18 09:30:00+00:00,3.8973,3.8997,3.8816,3.8817,3715440.0
2025-09-18 09:45:00+00:00,3.8817,3.8998,3.8794,3.8927,2135203.2
2025-09-18 10:00:00+00:00,3.8926,3.8985,3.8684,3.8787,2552885.9
2025-09-18 10:15:00+00:00,3.8786,3.8859,3.8614,3.8634,2214925.9
2025-09-18 10:30:00+00:00,3.8634,3.884,3.8621,3.8751,2246472.1
2025-09-18 10:45:00+00:00,3.8752,3.8929,3.8687,3.8892,2048281.9
2025-09-18 11:00:00+00:00,3.8893,3.8925,3.8801,3.8816,1369351.3
2025-09-18 11:15:00+00:00,3.8818,3.8951,3.8818,3.8847,1539952.0
2025-09-18 11:30:00+00:00,3.8848,3.8869,3.8683,3.8762,1322950.9
2025-09-18 11:45:00+00:00,3.8763,3.879,3.8641,3.8761,1437636.0
2025-09-18 12:00:00+00:00,3.8761,3.8788,3.8542,3.8681,2272195.9
2025-09-18 12:15:00+00:00,3.868,3.8878,3.8586,3.8878,2280369.5
2025-09-18 12:30:00+00:00,3.8878,3.8882,3.8594,3.8736,1621884.1
2025-09-18 12:45:00+00:00,3.8736,3.8798,3.8654,3.8669,779559.5
2025-09-18 13:00:00+00:00,3.8669,3.8738,3.8581,3.8693,1959227.6
2025-09-18 13:15:00+00:00,3.8693,3.8816,3.8665,3.872,2068907.5
2025-09-18 13:30:00+00:00,3.8721,3.898,3.8633,3.8752,4559450.2
2025-09-18 13:45:00+00:00,3.8752,3.8957,3.86,3.8728,3758864.5
2025-09-18 14:00:00+00:00,3.8728,3.8922,3.8716,3.8806,2555036.6
2025-09-18 14:15:00+00:00,3.8805,3.9244,3.878,3.9137,5566400.8
2025-09-18 14:30:00+00:00,3.9137,3.942,3.9103,3.938,5649872.2
2025-09-18 14:45:00+00:00,3.9377,3.9441,3.9158,3.9213,3650578.1
2025-09-18 15:00:00+00:00,3.9214,3.951,3.9172,3.9215,5190933.4
2025-09-18 15:15:00+00:00,3.9216,3.94,3.9104,3.9123,2481401.2
2025-09-18 15:30:00+00:00,3.9123,3.9586,3.912,3.9569,3798795.7
2025-09-18 15:45:00+00:00,3.957,3.9689,3.952,3.9531,4559672.3
2025-09-18 16:00:00+00:00,3.9531,3.9605,3.9386,3.9444,2862487.7
2025-09-18 16:15:00+00:00,3.9444,3.9552,3.9354,3.936,2407866.3
2025-09-18 16:30:00+00:00,3.936,3.9467,3.9313,3.9452,1557445.7
2025-09-18 16:45:00+00:00,3.9454,3.9488,3.9358,3.9443,1492883.3
2025-09-18 17:00:00+00:00,3.9442,3.9684,3.9356,3.9645,3315541.0
2025-09-18 17:15:00+00:00,3.9644,3.9711,3.9422,3.9469,2182577.6
2025-09-18 17:30:00+00:00,3.9469,3.9528,3.9376,3.9497,1571778.6
2025-09-18 17:45:00+00:00,3.9497,3.9587,3.9412,3.9467,1380614.9
2025-09-18 18:00:00+00:00,3.9466,3.9519,3.9398,3.9511,1175715.3
2025-09-18 18:15:00+00:00,3.9512,3.968,3.947,3.9567,1971022.6
2025-09-18 18:30:00+00:00,3.9567,3.9652,3.9507,3.959,1087812.0
2025-09-18 18:45:00+00:00,3.9591,3.9744,3.9591,3.9734,2169716.6
2025-09-18 19:00:00+00:00,3.9734,3.9736,3.9563,3.9656,2388257.9
2025-09-18 19:15:00+00:00,3.9657,3.97,3.9443,3.9456,1863845.2
2025-09-18 19:30:00+00:00,3.9455,3.9536,3.9261,3.9436,3846081.4
2025-09-18 19:45:00+00:00,3.9435,3.9596,3.936,3.9503,2424382.3
2025-09-18 20:00:00+00:00,3.9503,3.9596,3.9457,3.9539,1132083.4
2025-09-18 20:15:00+00:00,3.9539,3.9585,3.9413,3.9459,1257036.0
2025-09-18 20:30:00+00:00,3.946,3.9519,3.9375,3.9476,1349465.0
2025-09-18 20:45:00+00:00,3.9476,3.952,3.9385,3.9404,1179544.8
2025-09-18 21:00:00+00:00,3.9403,3.9423,3.9212,3.922,1656023.5
2025-09-18 21:15:00+00:00,3.9219,3.9392,3.9165,3.9371,2065043.0
2025-09-18 21:30:00+00:00,3.937,3.9398,3.928,3.9281,931064.9
2025-09-18 21:45:00+00:00,3.928,3.9325,3.9174,3.9199,797906.0
2025-09-18 22:00:00+00:00,3.92,3.9266,3.8904,3.8992,4300998.7
2025-09-18 22:15:00+00:00,3.8992,3.9129,3.8935,3.9096,3135580.0
2025-09-18 22:30:00+00:00,3.9096,3.912,3.9012,3.9029,1265497.1
2025-09-18 22:45:00+00:00,3.903,3.9054,3.8857,3.889,2864759.1
2025-09-18 23:00:00+00:00,3.8889,3.8889,3.8608,3.8742,5467407.4
2025-09-18 23:15:00+00:00,3.8741,3.8745,3.8636,3.8688,1931347.9
2025-09-18 23:30:00+00:00,3.8688,3.884,3.8659,3.8798,2248489.0
2025-09-18 23:45:00+00:00,3.8797,3.8984,3.8776,3.8881,2368857.5
2025-09-19 00:00:00+00:00,3.8879,3.9046,3.8875,3.888,3361391.5
2025-09-19 00:15:00+00:00,3.888,3.9037,3.8855,3.8953,1342493.7
2025-09-19 00:30:00+00:00,3.8952,3.9156,3.8885,3.9111,1832730.4
2025-09-19 00:45:00+00:00,3.9111,3.912,3.8924,3.894,1544417.4
2025-09-19 01:00:00+00:00,3.894,3.9004,3.88,3.8817,2433325.2
2025-09-19 01:15:00+00:00,3.8817,3.8922,3.8736,3.89,1878618.8
2025-09-19 01:30:00+00:00,3.8901,3.9043,3.8761,3.8813,1719392.8
2025-09-19 01:45:00+00:00,3.8813,3.8836,3.8648,3.8693,2024053.8
2025-09-19 02:00:00+00:00,3.8692,3.8963,3.8656,3.8761,2233324.8
2025-09-19 02:15:00+00:00,3.876,3.8824,3.8715,3.8783,1063316.2
2025-09-19 02:30:00+00:00,3.8783,3.8817,3.8655,3.8741,1179313.0
2025-09-19 02:45:00+00:00,3.8741,3.8912,3.8741,3.8823,1651465.8
2025-09-19 03:00:00+00:00,3.8823,3.8955,3.8823,3.8846,1362820.1
2025-09-19 03:15:00+00:00,3.8846,3.8936,3.8686,3.873,1429715.3
2025-09-19 03:30:00+00:00,3.873,3.8743,3.8337,3.8438,7245247.5
2025-09-19 03:45:00+00:00,3.8437,3.8476,3.8302,3.8375,2780264.5
2025-09-19 04:00:00+00:00,3.8374,3.8374,3.8079,3.8112,5459385.2
2025-09-19 04:15:00+00:00,3.8112,3.8399,3.8104,3.8392,1992359.7
2025-09-19 04:30:00+00:00,3.8391,3.8508,3.8302,3.8475,1923912.9
2025-09-19 04:45:00+00:00,3.8475,3.858,3.8454,3.8545,1613064.3
2025-09-19 05:00:00+00:00,3.8545,3.8649,3.8462,3.8608,1455346.5
2025-09-19 05:15:00+00:00,3.8607,3.8614,3.8307,3.831,1889720.4
2025-09-19 05:30:00+00:00,3.8309,3.8404,3.828,3.8306,1272515.0
2025-09-19 05:45:00+00:00,3.8306,3.8415,3.8301,3.8351,798364.1
2025-09-19 06:00:00+00:00,3.8351,3.8359,3.8211,3.8225,1338936.6
2025-09-19 06:15:00+00:00,3.8225,3.8356,3.8196,3.823,1177675.5
2025-09-19 06:30:00+00:00,3.8232,3.826,3.8123,3.8185,1874957.3
2025-09-19 06:45:00+00:00,3.8186,3.8187,3.7932,3.7933,3655866.8
2025-09-19 07:00:00+00:00,3.7932,3.7998,3.7753,3.7987,4369127.6
2025-09-19 07:15:00+00:00,3.7986,3.8171,3.7969,3.812,3842233.3
2025-09-19 07:30:00+00:00,3.812,3.8262,3.8041,3.8193,1519433.1
2025-09-19 07:45:00+00:00,3.8193,3.8208,3.7983,3.7984,1314670.7
2025-09-19 08:00:00+00:00,3.7983,3.8146,3.7969,3.81,1660159.1
2025-09-19 08:15:00+00:00,3.8099,3.8222,3.8056,3.8084,1605135.4
2025-09-19 08:30:00+00:00,3.8084,3.8098,3.7985,3.8052,2424400.2
2025-09-19 08:45:00+00:00,3.8052,3.8052,3.7924,3.7989,997305.9
2025-09-19 09:00:00+00:00,3.7989,3.8128,3.794,3.8098,1227016.3
2025-09-19 09:15:00+00:00,3.8097,3.81,3.7844,3.7901,1559848.1
2025-09-19 09:30:00+00:00,3.7901,3.796,3.7776,3.7799,2156547.8
2025-09-19 09:45:00+00:00,3.78,3.7813,3.7643,3.7686,3891888.4
2025-09-19 10:00:00+00:00,3.7687,3.7698,3.7508,3.7626,4169493.4
2025-09-19 10:15:00+00:00,3.7626,3.7688,3.7554,3.7554,1433754.4
2025-09-19 10:30:00+00:00,3.7554,3.7668,3.7505,3.7599,2243564.6
2025-09-19 10:45:00+00:00,3.7599,3.7605,3.7539,3.7562,895287.7
2025-09-19 11:00:00+00:00,3.7562,3.757,3.73,3.7389,3501701.4
2025-09-19 11:15:00+00:00,3.7388,3.7408,3.7102,3.7112,4019218.7
2025-09-19 11:30:00+00:00,3.7111,3.7205,3.7046,3.7058,3080279.3
2025-09-19 11:45:00+00:00,3.7058,3.7211,3.7044,3.7144,2424774.4
2025-09-19 12:00:00+00:00,3.7145,3.7406,3.7129,3.7397,2612443.6
2025-09-19 12:15:00+00:00,3.7397,3.7403,3.724,3.7314,2273974.7
2025-09-19 12:30:00+00:00,3.7312,3.7445,3.7259,3.7375,1378925.1
2025-09-19 12:45:00+00:00,3.7375,3.7405,3.7322,3.7377,822304.6
2025-09-19 13:00:00+00:00,3.7376,3.7514,3.7336,3.7477,1572838.4
2025-09-19 13:15:00+00:00,3.7477,3.7535,3.7339,3.7474,2091058.3
2025-09-19 13:30:00+00:00,3.7474,3.7475,3.7263,3.7337,2354758.3
2025-09-19 13:45:00+00:00,3.7336,3.7445,3.7297,3.7326,1450832.3
2025-09-19 14:00:00+00:00,3.7325,3.7405,3.7204,3.7228,1691939.4
2025-09-19 14:15:00+00:00,3.7228,3.7279,3.7098,3.7107,2729393.6
2025-09-19 14:30:00+00:00,3.7106,3.7203,3.6871,3.6891,4043939.3
2025-09-19 14:45:00+00:00,3.6891,3.6937,3.6687,3.6828,6282250.9
2025-09-19 15:00:00+00:00,3.6828,3.6859,3.6419,3.6532,8084033.2
2025-09-19 15:15:00+00:00,3.6536,3.6723,3.6388,3.67,5419979.7
2025-09-19 15:30:00+00:00,3.67,3.6769,3.6504,3.6733,3538719.9
2025-09-19 15:45:00+00:00,3.6733,3.6743,3.6542,3.6611,2229171.3
2025-09-19 16:00:00+00:00,3.6611,3.6745,3.6554,3.6663,2374791.1
2025-09-19 16:15:00+00:00,3.6663,3.6691,3.6566,3.6663,1888526.6
2025-09-19 16:30:00+00:00,3.6663,3.671,3.6557,3.6693,1729440.5
2025-09-19 16:45:00+00:00,3.6693,3.672,3.6617,3.6641,1605630.3
2025-09-19 17:00:00+00:00,3.6642,3.6706,3.6551,3.6669,2011334.0
2025-09-19 17:15:00+00:00,3.667,3.6793,3.6634,3.6654,2367897.2
2025-09-19 17:30:00+00:00,3.6654,3.6654,3.6506,3.6575,1986557.0
2025-09-19 17:45:00+00:00,3.6576,3.6625,3.6504,3.6512,1202479.0
2025-09-19 18:00:00+00:00,3.6512,3.6534,3.631,3.6444,2863960.5
2025-09-19 18:15:00+00:00,3.6444,3.6547,3.6369,3.6506,1378130.8
2025-09-19 18:30:00+00:00,3.6506,3.6682,3.6502,3.6669,1644431.2
2025-09-19 18:45:00+00:00,3.667,3.6725,3.6533,3.6578,1204075.0
2025-09-19 19:00:00+00:00,3.6578,3.6716,3.6574,3.6609,1573849.8
2025-09-19 19:15:00+00:00,3.661,3.6678,3.6575,3.664,1725546.6
2025-09-19 19:30:00+00:00,3.6641,3.6682,3.6552,3.6567,1673413.8
2025-09-19 19:45:00+00:00,3.6567,3.6599,3.6458,3.6467,2241639.1
2025-09-19 20:00:00+00:00,3.6468,3.6607,3.645,3.6523,1556789.1
2025-09-19 20:15:00+00:00,3.6524,3.6588,3.6483,3.6557,1056226.7
2025-09-19 20:30:00+00:00,3.6558,3.6573,3.6495,3.6533,927678.1
2025-09-19 20:45:00+00:00,3.6533,3.6542,3.6402,3.6437,1560157.3
2025-09-19 21:00:00+00:00,3.6438,3.652,3.6384,3.6517,1443976.4
2025-09-19 21:15:00+00:00,3.6518,3.6589,3.6486,3.6558,1083057.5
2025-09-19 21:30:00+00:00,3.6558,3.6682,3.6541,3.6633,2077890.3
2025-09-19 21:45:00+00:00,3.6633,3.6703,3.6628,3.6693,534088.6
2025-09-19 22:00:00+00:00,3.6693,3.6757,3.6661,3.6757,715148.5
2025-09-19 22:15:00+00:00,3.6757,3.6833,3.6712,3.6715,1657586.2
2025-09-19 22:30:00+00:00,3.6716,3.6766,3.6655,3.6664,1218199.9
2025-09-19 22:45:00+00:00,3.6665,3.6683,3.6601,3.6608,705928.4
2025-09-19 23:00:00+00:00,3.6608,3.6616,3.6502,3.6506,1139497.1
2025-09-19 23:15:00+00:00,3.6506,3.6539,3.6098,3.6134,6162938.4
2025-09-19 23:30:00+00:00,3.6133,3.6274,3.6087,3.6248,1789232.3
2025-09-19 23:45:00+00:00,3.6249,3.6391,3.6234,3.6355,1401532.7
2025-09-20 00:00:00+00:00,3.6355,3.651,3.6307,3.6492,2211666.8
2025-09-20 00:15:00+00:00,3.6492,3.6511,3.6354,3.6384,1231234.6
2025-09-20 00:30:00+00:00,3.6385,3.6643,3.6378,3.6628,1499301.2
2025-09-20 00:45:00+00:00,3.6628,3.6798,3.6626,3.6788,1578487.9
2025-09-20 01:00:00+00:00,3.6788,3.6792,3.6639,3.6648,1904212.5
2025-09-20 01:15:00+00:00,3.6647,3.6777,3.6632,3.6706,867378.8
2025-09-20 01:30:00+00:00,3.6705,3.6729,3.654,3.666,1314313.7
2025-09-20 01:45:00+00:00,3.666,3.6752,3.6656,3.6697,862578.9
2025-09-20 02:00:00+00:00,3.6698,3.6699,3.6461,3.6475,1404215.9
2025-09-20 02:15:00+00:00,3.6475,3.6643,3.6429,3.6599,1234629.9
2025-09-20 02:30:00+00:00,3.6599,3.6716,3.6551,3.6694,1078895.4
2025-09-20 02:45:00+00:00,3.6693,3.6787,3.6639,3.672,1315048.0
2025-09-20 03:00:00+00:00,3.672,3.6734,3.6569,3.6624,968691.3
2025-09-20 03:15:00+00:00,3.6624,3.6715,3.6596,3.6605,909057.3
2025-09-20 03:30:00+00:00,3.6604,3.674,3.6599,3.673,568463.2
2025-09-20 03:45:00+00:00,3.6729,3.6908,3.6728,3.685,1667740.3
2025-09-20 04:00:00+00:00,3.685,3.6911,3.678,3.6812,1739315.6
2025-09-20 04:15:00+00:00,3.6811,3.6832,3.6742,3.6772,606249.5
2025-09-20 04:30:00+00:00,3.6773,3.6841,3.6725,3.6821,977723.3
2025-09-20 04:45:00+00:00,3.6822,3.6831,3.674,3.6788,891454.2
2025-09-20 05:00:00+00:00,3.6788,3.6806,3.6672,3.6798,1137728.2
2025-09-20 05:15:00+00:00,3.6798,3.6847,3.6745,3.6799,650422.4
2025-09-20 05:30:00+00:00,3.6799,3.6919,3.6784,3.6877,1469988.8
2025-09-20 05:45:00+00:00,3.6876,3.6979,3.6856,3.6964,1599829.5
2025-09-20 06:00:00+00:00,3.6964,3.6964,3.6778,3.6809,1632317.9
2025-09-20 06:15:00+00:00,3.681,3.6897,3.6771,3.6852,673686.6
2025-09-20 06:30:00+00:00,3.6852,3.6882,3.682,3.6835,652081.9
2025-09-20 06:45:00+00:00,3.6835,3.685,3.6785,3.6808,732357.0
2025-09-20 07:00:00+00:00,3.6808,3.6868,3.678,3.6798,1319387.7
2025-09-20 07:15:00+00:00,3.6799,3.6854,3.6726,3.673,675696.2
2025-09-20 07:30:00+00:00,3.673,3.6782,3.6612,3.6754,2095167.3
2025-09-20 07:45:00+00:00,3.6754,3.6868,3.6698,3.6857,1132865.8
2025-09-20 08:00:00+00:00,3.6857,3.6859,3.665,3.6685,1499252.8
2025-09-20 08:15:00+00:00,3.6686,3.6718,3.6565,3.6584,1596202.3
2025-09-20 08:30:00+00:00,3.6583,3.665,3.6574,3.662,751285.4
2025-09-20 08:45:00+00:00,3.6619,3.6619,3.6452,3.6481,1430023.9
2025-09-20 09:00:00+00:00,3.6481,3.6564,3.6373,3.6557,1903427.7
2025-09-20 09:15:00+00:00,3.6558,3.6591,3.6451,3.648,1047591.0
2025-09-20 09:30:00+00:00,3.6479,3.6486,3.6361,3.6425,1172656.6
2025-09-20 09:45:00+00:00,3.6424,3.6464,3.6394,3.6413,589316.0
2025-09-20 10:00:00+00:00,3.6413,3.6484,3.6376,3.6473,899488.6
2025-09-20 10:15:00+00:00,3.6474,3.6492,3.6394,3.6395,852172.8
2025-09-20 10:30:00+00:00,3.6395,3.6404,3.6302,3.6337,1082018.9
2025-09-20 10:45:00+00:00,3.6337,3.6362,3.6202,3.6226,1604429.0
2025-09-20 11:00:00+00:00,3.6225,3.6408,3.6225,3.6343,1125786.0
2025-09-20 11:15:00+00:00,3.6342,3.6347,3.6176,3.6235,1439650.7
2025-09-20 11:30:00+00:00,3.6235,3.6324,3.6235,3.6288,1028590.5
2025-09-20 11:45:00+00:00,3.6287,3.6435,3.6286,3.6418,873827.6
2025-09-20 12:00:00+00:00,3.6417,3.6468,3.638,3.6441,798183.4
2025-09-20 12:15:00+00:00,3.6441,3.646,3.6332,3.6356,744763.1
2025-09-20 12:30:00+00:00,3.6355,3.6449,3.6346,3.64,879777.8
2025-09-20 12:45:00+00:00,3.64,3.6501,3.6395,3.6487,629208.4
2025-09-20 13:00:00+00:00,3.6487,3.6487,3.6375,3.642,1165482.6
2025-09-20 13:15:00+00:00,3.6419,3.6537,3.6396,3.6515,1143631.5
2025-09-20 13:30:00+00:00,3.6515,3.6643,3.6502,3.657,1429181.0
2025-09-20 13:45:00+00:00,3.6571,3.6619,3.6474,3.6508,1082635.5
2025-09-20 14:00:00+00:00,3.6508,3.6511,3.6372,3.6407,728351.2
2025-09-20 14:15:00+00:00,3.6407,3.6483,3.638,3.6416,710073.4
2025-09-20 14:30:00+00:00,3.6415,3.6475,3.6377,3.6458,888979.4
2025-09-20 14:45:00+00:00,3.6459,3.6706,3.6459,3.6673,2319215.6
2025-09-20 15:00:00+00:00,3.6674,3.686,3.6674,3.6832,2451270.5
2025-09-20 15:15:00+00:00,3.6833,3.6993,3.6832,3.6922,3064197.0
2025-09-20 15:30:00+00:00,3.6921,3.6956,3.682,3.6929,2208792.7
2025-09-20 15:45:00+00:00,3.693,3.7018,3.6864,3.6921,1795462.8
2025-09-20 16:00:00+00:00,3.6921,3.7078,3.6843,3.6848,1784349.9
2025-09-20 16:15:00+00:00,3.6848,3.6858,3.6672,3.6721,1618957.7
2025-09-20 16:30:00+00:00,3.6722,3.6945,3.6676,3.6895,1826752.6
2025-09-20 16:45:00+00:00,3.6895,3.6941,3.686,3.6887,729394.5
2025-09-20 17:00:00+00:00,3.6887,3.6922,3.6693,3.6707,1322533.7
2025-09-20 17:15:00+00:00,3.6708,3.6742,3.6576,3.6661,1834681.8
2025-09-20 17:30:00+00:00,3.6661,3.6742,3.6635,3.6704,595768.8
2025-09-20 17:45:00+00:00,3.6704,3.6721,3.6604,3.6674,694130.2
2025-09-20 18:00:00+00:00,3.6674,3.6674,3.652,3.656,1095044.6
2025-09-20 18:15:00+00:00,3.656,3.6629,3.6517,3.6607,630316.0
2025-09-20 18:30:00+00:00,3.6607,3.6627,3.6465,3.653,1388144.8
2025-09-20 18:45:00+00:00,3.653,3.6562,3.6473,3.6532,520879.0
2025-09-20 19:00:00+00:00,3.6533,3.657,3.6434,3.6569,1104377.6
2025-09-20 19:15:00+00:00,3.6569,3.6668,3.6564,3.6647,885839.8
2025-09-20 19:30:00+00:00,3.6647,3.6668,3.652,3.654,628996.1
2025-09-20 19:45:00+00:00,3.654,3.6558,3.6483,3.6538,506325.0
2025-09-20 20:00:00+00:00,3.6538,3.6584,3.6497,3.6556,503506.0
2025-09-20 20:15:00+00:00,3.6556,3.664,3.6542,3.6628,464587.9
2025-09-20 20:30:00+00:00,3.6628,3.6725,3.6627,3.67,470611.9
2025-09-20 20:45:00+00:00,3.6701,3.6742,3.6695,3.67,449052.6
2025-09-20 21:00:00+00:00,3.67,3.6743,3.6683,3.6743,315754.0
2025-09-20 21:15:00+00:00,3.6742,3.6797,3.67,3.6788,387532.8
2025-09-20 21:30:00+00:00,3.6788,3.6835,3.6727,3.6817,482165.3
2025-09-20 21:45:00+00:00,3.6818,3.6841,3.6676,3.6721,467110.1
2025-09-20 22:00:00+00:00,3.6722,3.6753,3.6684,3.6715,347341.8
2025-09-20 22:15:00+00:00,3.6715,3.6715,3.665,3.6668,342466.7
2025-09-20 22:30:00+00:00,3.6667,3.6668,3.659,3.6646,608472.6
2025-09-20 22:45:00+00:00,3.6646,3.6723,3.6646,3.6695,317721.3
2025-09-20 23:00:00+00:00,3.6695,3.6712,3.6591,3.6597,367057.2
2025-09-20 23:15:00+00:00,3.6596,3.6606,3.6533,3.6543,446085.1
2025-09-20 23:30:00+00:00,3.6542,3.655,3.65,3.6505,575119.2
2025-09-20 23:45:00+00:00,3.6505,3.6576,3.6484,3.655,544495.5
2025-09-21 00:00:00+00:00,3.6551,3.6606,3.6539,3.6596,650715.3
2025-09-21 00:15:00+00:00,3.6596,3.6596,3.6508,3.6522,430654.6
2025-09-21 00:30:00+00:00,3.6522,3.6605,3.6446,3.6602,1203743.9
2025-09-21 00:45:00+00:00,3.6601,3.6741,3.6591,3.6647,1186916.6
2025-09-21 01:00:00+00:00,3.6648,3.6691,3.6554,3.6597,631912.6
2025-09-21 01:15:00+00:00,3.6597,3.6616,3.6541,3.6566,552295.6
2025-09-21 01:30:00+00:00,3.6566,3.6566,3.6406,3.6414,1129168.9
2025-09-21 01:45:00+00:00,3.6415,3.6518,3.637,3.644,1857431.9
2025-09-21 02:00:00+00:00,3.644,3.6586,3.6432,3.6556,759218.6
2025-09-21 02:15:00+00:00,3.6556,3.6596,3.6367,3.6582,2008752.6
2025-09-21 02:30:00+00:00,3.6581,3.6712,3.6543,3.6618,1637909.3
2025-09-21 02:45:00+00:00,3.6618,3.6672,3.6602,3.6649,492722.1
2025-09-21 03:00:00+00:00,3.6648,3.668,3.6609,3.668,731692.9
2025-09-21 03:15:00+00:00,3.668,3.6736,3.6627,3.6735,735657.2
2025-09-21 03:30:00+00:00,3.6734,3.6735,3.6631,3.6652,658721.4
2025-09-21 03:45:00+00:00,3.6651,3.6689,3.664,3.667,390586.5
2025-09-21 04:00:00+00:00,3.667,3.6685,3.65,3.65,1007819.6
2025-09-21 04:15:00+00:00,3.65,3.6557,3.6481,3.6493,725201.3
2025-09-21 04:30:00+00:00,3.6493,3.656,3.6487,3.6511,498743.8
2025-09-21 04:45:00+00:00,3.651,3.6561,3.648,3.6561,400458.5
2025-09-21 05:00:00+00:00,3.6561,3.66,3.65,3.6534,738695.1
2025-09-21 05:15:00+00:00,3.6534,3.6591,3.6496,3.6513,436952.6
2025-09-21 05:30:00+00:00,3.6514,3.6553,3.6484,3.6553,480073.8
2025-09-21 05:45:00+00:00,3.6553,3.6709,3.654,3.6709,855972.6
2025-09-21 06:00:00+00:00,3.6709,3.6816,3.6702,3.6816,1314410.2
2025-09-21 06:15:00+00:00,3.6816,3.6824,3.6731,3.6762,1231784.6
2025-09-21 06:30:00+00:00,3.6761,3.6787,3.6683,3.6752,1511566.5
2025-09-21 06:45:00+00:00,3.6751,3.6751,3.6639,3.665,517052.6
2025-09-21 07:00:00+00:00,3.665,3.6652,3.6574,3.6624,744841.7
2025-09-21 07:15:00+00:00,3.6624,3.6658,3.6573,3.6657,675150.8
2025-09-21 07:30:00+00:00,3.6654,3.6656,3.6613,3.6619,266078.4
2025-09-21 07:45:00+00:00,3.6618,3.6633,3.656,3.6617,789276.4
2025-09-21 08:00:00+00:00,3.6617,3.6645,3.6458,3.6466,1090305.5
2025-09-21 08:15:00+00:00,3.6467,3.6487,3.6368,3.6379,1618006.2
2025-09-21 08:30:00+00:00,3.6379,3.6446,3.6346,3.6441,1357316.2
2025-09-21 08:45:00+00:00,3.6441,3.6475,3.6376,3.6398,682569.4
2025-09-21 09:00:00+00:00,3.6398,3.6405,3.6271,3.6286,1213691.7
2025-09-21 09:15:00+00:00,3.6286,3.6286,3.6054,3.6113,3232160.3
2025-09-21 09:30:00+00:00,3.6114,3.6162,3.5853,3.6141,5671598.8
2025-09-21 09:45:00+00:00,3.6141,3.6287,3.6069,3.6267,1862093.0
2025-09-21 10:00:00+00:00,3.6266,3.6387,3.6233,3.6362,1595863.9
2025-09-21 10:15:00+00:00,3.6362,3.6365,3.6234,3.6332,1114930.6
2025-09-21 10:30:00+00:00,3.6332,3.6395,3.6248,3.6248,1224580.2
2025-09-21 10:45:00+00:00,3.6248,3.6251,3.6182,3.6191,805446.2
2025-09-21 11:00:00+00:00,3.6192,3.6395,3.6153,3.6372,1123589.3
2025-09-21 11:15:00+00:00,3.6372,3.6372,3.6262,3.6281,927496.7
2025-09-21 11:30:00+00:00,3.6281,3.6372,3.6253,3.632,719393.2
2025-09-21 11:45:00+00:00,3.632,3.6329,3.6164,3.6183,1100075.9
2025-09-21 12:00:00+00:00,3.6184,3.6354,3.6169,3.6325,713816.5
2025-09-21 12:15:00+00:00,3.6326,3.6495,3.6309,3.6471,1794992.1
2025-09-21 12:30:00+00:00,3.6471,3.6706,3.6471,3.6582,2735694.9
2025-09-21 12:45:00+00:00,3.658,3.6604,3.6492,3.6494,1182512.8
2025-09-21 13:00:00+00:00,3.6494,3.6603,3.6451,3.6474,923853.0
2025-09-21 13:15:00+00:00,3.6474,3.6585,3.6448,3.6568,703181.0
2025-09-21 13:30:00+00:00,3.6569,3.663,3.647,3.6551,1034862.8
2025-09-21 13:45:00+00:00,3.655,3.6665,3.6547,3.6622,843211.3
2025-09-21 14:00:00+00:00,3.6622,3.6667,3.6523,3.6578,822048.9
2025-09-21 14:15:00+00:00,3.6579,3.6582,3.6493,3.6502,645656.0
2025-09-21 14:30:00+00:00,3.6502,3.6515,3.6385,3.6514,1152707.6
2025-09-21 14:45:00+00:00,3.6515,3.6578,3.6324,3.6337,1053243.3
2025-09-21 15:00:00+00:00,3.6337,3.641,3.631,3.6383,866323.3
2025-09-21 15:15:00+00:00,3.6382,3.6441,3.6332,3.6338,593291.6
2025-09-21 15:30:00+00:00,3.6339,3.6378,3.6266,3.6354,966596.7
2025-09-21 15:45:00+00:00,3.6354,3.6403,3.6252,3.6286,808356.1
2025-09-21 16:00:00+00:00,3.6285,3.6365,3.6258,3.6296,1017817.3
2025-09-21 16:15:00+00:00,3.6297,3.6328,3.6118,3.6252,1822496.1
2025-09-21 16:30:00+00:00,3.6251,3.6271,3.6031,3.6055,1655108.2
2025-09-21 16:45:00+00:00,3.6054,3.6147,3.6011,3.6137,1514562.7
2025-09-21 17:00:00+00:00,3.6136,3.6174,3.5966,3.6014,1599321.9
2025-09-21 17:15:00+00:00,3.6014,3.608,3.5934,3.6029,1615308.3
2025-09-21 17:30:00+00:00,3.6029,3.6149,3.5964,3.6143,1012854.7
2025-09-21 17:45:00+00:00,3.6142,3.6312,3.6116,3.6309,1025704.2
2025-09-21 18:00:00+00:00,3.631,3.6427,3.628,3.635,1275522.8
2025-09-21 18:15:00+00:00,3.6351,3.6429,3.6241,3.6255,1037860.6
2025-09-21 18:30:00+00:00,3.6255,3.6365,3.624,3.6342,619983.3
2025-09-21 18:45:00+00:00,3.6341,3.6425,3.632,3.642,525414.4
2025-09-21 19:00:00+00:00,3.6419,3.6425,3.614,3.6185,1336219.9
2025-09-21 19:15:00+00:00,3.6186,3.6269,3.6115,3.6269,1039036.3
2025-09-21 19:30:00+00:00,3.627,3.6303,3.6208,3.6247,543499.1
2025-09-21 19:45:00+00:00,3.6246,3.6374,3.624,3.6353,389669.8
2025-09-21 20:00:00+00:00,3.6352,3.6388,3.6253,3.6277,643869.0
2025-09-21 20:15:00+00:00,3.6276,3.6374,3.6234,3.6351,607458.9
2025-09-21 20:30:00+00:00,3.6351,3.6351,3.619,3.6194,547347.3
2025-09-21 20:45:00+00:00,3.6193,3.6286,3.6178,3.627,551052.6
2025-09-21 21:00:00+00:00,3.627,3.6332,3.624,3.633,491833.5
2025-09-21 21:15:00+00:00,3.633,3.633,3.6142,3.6158,651129.8
2025-09-21 21:30:00+00:00,3.6157,3.6318,3.6138,3.6266,567129.9
2025-09-21 21:45:00+00:00,3.6266,3.6271,3.6176,3.6179,360124.5
2025-09-21 22:00:00+00:00,3.6179,3.6235,3.6012,3.6039,1004258.0
2025-09-21 22:15:00+00:00,3.6038,3.6132,3.5983,3.6127,732834.4
2025-09-21 22:30:00+00:00,3.6126,3.6248,3.6066,3.6237,646360.4
2025-09-21 22:45:00+00:00,3.6236,3.6382,3.6236,3.6363,936754.3
2025-09-21 23:00:00+00:00,3.6364,3.6369,3.6058,3.614,1216913.4
2025-09-21 23:15:00+00:00,3.6139,3.6172,3.6066,3.6162,640641.4
2025-09-21 23:30:00+00:00,3.6162,3.6186,3.605,3.6173,606792.9
2025-09-21 23:45:00+00:00,3.6173,3.6174,3.6053,3.6066,418284.5
2025-09-22 00:00:00+00:00,3.6066,3.6283,3.6011,3.6113,1478477.8
2025-09-22 00:15:00+00:00,3.6113,3.6172,3.5881,3.5972,2736589.6
2025-09-22 00:30:00+00:00,3.5972,3.5988,3.5312,3.5419,15894446.8
2025-09-22 00:45:00+00:00,3.5418,3.5539,3.5075,3.5173,8900731.5
2025-09-22 01:00:00+00:00,3.5172,3.5375,3.5074,3.5225,3903986.0
2025-09-22 01:15:00+00:00,3.5224,3.5356,3.5109,3.5325,1977349.0
2025-09-22 01:30:00+00:00,3.5327,3.5575,3.5301,3.5481,2669039.7
2025-09-22 01:45:00+00:00,3.5482,3.5518,3.5232,3.5239,1546504.7
2025-09-22 02:00:00+00:00,3.5239,3.5383,3.5154,3.5208,2129501.3
2025-09-22 02:15:00+00:00,3.5208,3.5258,3.5001,3.5108,2471790.2
2025-09-22 02:30:00+00:00,3.5108,3.514,3.4647,3.489,9990507.3
2025-09-22 02:45:00+00:00,3.4889,3.501,3.4877,3.4972,2122506.3
2025-09-22 03:00:00+00:00,3.4972,3.5049,3.4914,3.4996,2095343.0
2025-09-22 03:15:00+00:00,3.4995,3.512,3.4987,3.512,1575697.3
2025-09-22 03:30:00+00:00,3.5119,3.5119,3.4932,3.4995,1980680.8
2025-09-22 03:45:00+00:00,3.4995,3.5149,3.4987,3.5128,1651065.3
2025-09-22 04:00:00+00:00,3.5127,3.5198,3.502,3.5026,1457733.2
2025-09-22 04:15:00+00:00,3.5027,3.5156,3.4999,3.5143,900833.9
2025-09-22 04:30:00+00:00,3.5144,3.5201,3.5086,3.5109,1256525.7
2025-09-22 04:45:00+00:00,3.5109,3.5128,3.5031,3.5045,875065.3
2025-09-22 05:00:00+00:00,3.5044,3.5068,3.493,3.4975,1454681.2
2025-09-22 05:15:00+00:00,3.4975,3.5018,3.489,3.4974,1193809.9
2025-09-22 05:30:00+00:00,3.4974,3.4974,3.4723,3.473,2017515.0
2025-09-22 05:45:00+00:00,3.4732,3.4828,3.4049,3.4096,5744827.0
2025-09-22 06:00:00+00:00,3.4114,3.4128,3.2148,3.3436,48378148.3
2025-09-22 06:15:00+00:00,3.3437,3.3729,3.3325,3.3576,11623383.4
2025-09-22 06:30:00+00:00,3.3577,3.3846,3.3499,3.3842,6966308.0
2025-09-22 06:45:00+00:00,3.3842,3.3845,3.3684,3.3778,3215650.0
2025-09-22 07:00:00+00:00,3.3777,3.3787,3.3418,3.3635,5498463.4
2025-09-22 07:15:00+00:00,3.3635,3.3697,3.3513,3.3611,3194637.6
2025-09-22 07:30:00+00:00,3.3611,3.3705,3.3463,3.3528,3145012.6
2025-09-22 07:45:00+00:00,3.3528,3.3554,3.3427,3.3443,1917432.5
2025-09-22 08:00:00+00:00,3.3442,3.3581,3.3254,3.3513,4297431.5
2025-09-22 08:15:00+00:00,3.3515,3.3645,3.3406,3.3617,2206139.8
2025-09-22 08:30:00+00:00,3.3616,3.3724,3.3567,3.3704,1836198.8
2025-09-22 08:45:00+00:00,3.3703,3.3773,3.3595,3.3629,1764056.0
2025-09-22 09:00:00+00:00,3.3629,3.365,3.3532,3.3577,1580811.4
2025-09-22 09:15:00+00:00,3.3578,3.3681,3.3519,3.355,1547965.9
2025-09-22 09:30:00+00:00,3.3549,3.3554,3.339,3.3443,2129140.2
2025-09-22 09:45:00+00:00,3.3444,3.3512,3.3275,3.3338,2879177.8
2025-09-22 10:00:00+00:00,3.3338,3.3537,3.3228,3.3474,2221626.8
2025-09-22 10:15:00+00:00,3.3473,3.3513,3.3414,3.349,1175434.7
2025-09-22 10:30:00+00:00,3.349,3.349,3.3281,3.3327,1338138.3
2025-09-22 10:45:00+00:00,3.3327,3.3819,3.3326,3.3739,3419639.2
2025-09-22 11:00:00+00:00,3.3739,3.3822,3.3607,3.3609,2137056.7
2025-09-22 11:15:00+00:00,3.361,3.3656,3.3504,3.3523,2344087.9
2025-09-22 11:30:00+00:00,3.3524,3.3526,3.3423,3.3478,1442341.0
2025-09-22 11:45:00+00:00,3.3479,3.3583,3.3419,3.3573,1630478.8
2025-09-22 12:00:00+00:00,3.3574,3.3612,3.343,3.3587,1515580.2
2025-09-22 12:15:00+00:00,3.3587,3.377,3.356,3.3741,1839910.4
2025-09-22 12:30:00+00:00,3.374,3.3745,3.3553,3.3554,1501192.9
2025-09-22 12:45:00+00:00,3.3554,3.377,3.3554,3.3722,1364104.0
2025-09-22 13:00:00+00:00,3.3721,3.3948,3.3675,3.3948,2591894.5
2025-09-22 13:15:00+00:00,3.3947,3.3965,3.375,3.3777,2346752.4
2025-09-22 13:30:00+00:00,3.3777,3.3843,3.3617,3.3647,2063249.0
2025-09-22 13:45:00+00:00,3.3647,3.3981,3.3587,3.3971,2853624.4
2025-09-22 14:00:00+00:00,3.397,3.3994,3.3818,3.3848,2622796.2
2025-09-22 14:15:00+00:00,3.3849,3.4022,3.3842,3.4018,2473132.1
2025-09-22 14:30:00+00:00,3.4017,3.4055,3.3868,3.3872,2258988.5
2025-09-22 14:45:00+00:00,3.3872,3.3876,3.3607,3.3715,2487632.8
2025-09-22 15:00:00+00:00,3.3715,3.3763,3.3559,3.36,2252954.8
2025-09-22 15:15:00+00:00,3.36,3.3641,3.3498,3.3635,1779303.9
2025-09-22 15:30:00+00:00,3.3635,3.3644,3.347,3.3521,1905207.4
2025-09-22 15:45:00+00:00,3.3522,3.3652,3.346,3.3597,1620435.6
2025-09-22 16:00:00+00:00,3.3598,3.3753,3.3566,3.3701,1983280.4
2025-09-22 16:15:00+00:00,3.3701,3.3724,3.3502,3.3519,2065255.1
2025-09-22 16:30:00+00:00,3.352,3.3589,3.3415,3.3439,1622373.1
2025-09-22 16:45:00+00:00,3.3439,3.3529,3.3386,3.3503,1399316.1
2025-09-22 17:00:00+00:00,3.3504,3.3547,3.3369,3.3435,2304570.9
2025-09-22 17:15:00+00:00,3.3436,3.3632,3.3398,3.3586,1392986.4
2025-09-22 17:30:00+00:00,3.3585,3.3652,3.3497,3.3555,1567803.3
2025-09-22 17:45:00+00:00,3.3555,3.3632,3.3531,3.3599,991791.6
2025-09-22 18:00:00+00:00,3.3599,3.368,3.3527,3.3591,1457541.7
2025-09-22 18:15:00+00:00,3.359,3.3607,3.35,3.3533,1051135.0
2025-09-22 18:30:00+00:00,3.3532,3.3636,3.3484,3.3484,1141282.3
2025-09-22 18:45:00+00:00,3.3484,3.3523,3.3421,3.3442,1330840.9
2025-09-22 19:00:00+00:00,3.3442,3.3471,3.335,3.3355,1240423.5
2025-09-22 19:15:00+00:00,3.3355,3.3424,3.3268,3.3306,4111554.3
2025-09-22 19:30:00+00:00,3.3306,3.333,3.3092,3.3211,4487801.0
2025-09-22 19:45:00+00:00,3.3213,3.3227,3.3102,3.3157,2413264.2
2025-09-22 20:00:00+00:00,3.3158,3.3278,3.3108,3.3246,1689034.2
2025-09-22 20:15:00+00:00,3.3245,3.3306,3.3184,3.3275,1557524.9
2025-09-22 20:30:00+00:00,3.3275,3.3477,3.3264,3.3439,1382212.9
2025-09-22 20:45:00+00:00,3.3439,3.3483,3.3394,3.3425,1142506.8
2025-09-22 21:00:00+00:00,3.3424,3.345,3.3357,3.3384,1051969.6
2025-09-22 21:15:00+00:00,3.3383,3.3579,3.3376,3.3511,1142686.6
2025-09-22 21:30:00+00:00,3.3512,3.3625,3.3486,3.36,766207.2
2025-09-22 21:45:00+00:00,3.3601,3.3667,3.3561,3.3646,486839.9
2025-09-22 22:00:00+00:00,3.3646,3.3646,3.3552,3.3587,991871.6
2025-09-22 22:15:00+00:00,3.3587,3.3647,3.3563,3.3571,624337.0
2025-09-22 22:30:00+00:00,3.3572,3.3636,3.3565,3.3628,421964.6
2025-09-22 22:45:00+00:00,3.3628,3.3633,3.357,3.3588,522825.2
2025-09-22 23:00:00+00:00,3.3589,3.3611,3.3551,3.3569,593955.2
2025-09-22 23:15:00+00:00,3.3569,3.3632,3.3556,3.3568,713533.9
2025-09-22 23:30:00+00:00,3.3568,3.36,3.3528,3.3563,874285.4
2025-09-22 23:45:00+00:00,3.3563,3.364,3.3545,3.3617,574728.5
2025-09-23 00:00:00+00:00,3.3617,3.3696,3.356,3.3679,1339932.3
2025-09-23 00:15:00+00:00,3.368,3.3829,3.368,3.379,1476421.3
2025-09-23 00:30:00+00:00,3.379,3.3838,3.3589,3.3639,1815111.9
2025-09-23 00:45:00+00:00,3.364,3.3651,3.3563,3.3585,681160.5
2025-09-23 01:00:00+00:00,3.3586,3.3607,3.3405,3.3423,1896125.2
2025-09-23 01:15:00+00:00,3.3423,3.3661,3.3403,3.3661,1498287.8
2025-09-23 01:30:00+00:00,3.3661,3.3667,3.3466,3.3513,1012909.6
2025-09-23 01:45:00+00:00,3.3513,3.3605,3.3399,3.34,1257701.3
2025-09-23 02:00:00+00:00,3.3399,3.353,3.3349,3.3443,1457138.5
2025-09-23 02:15:00+00:00,3.3442,3.3454,3.324,3.325,1241326.8
2025-09-23 02:30:00+00:00,3.3249,3.3312,3.3172,3.3217,1334409.1
2025-09-23 02:45:00+00:00,3.3217,3.3253,3.294,3.2988,5718328.4
2025-09-23 03:00:00+00:00,3.2988,3.302,3.2763,3.301,6913025.0
2025-09-23 03:15:00+00:00,3.301,3.3535,3.299,3.3503,4996098.4
2025-09-23 03:30:00+00:00,3.3502,3.3778,3.3502,3.3598,4784875.1
2025-09-23 03:45:00+00:00,3.3598,3.3744,3.358,3.3679,1847074.3
2025-09-23 04:00:00+00:00,3.3679,3.379,3.361,3.3614,2213782.8
2025-09-23 04:15:00+00:00,3.3614,3.364,3.3499,3.3519,1762224.2
2025-09-23 04:30:00+00:00,3.3519,3.3633,3.3391,3.3617,2791894.3
2025-09-23 04:45:00+00:00,3.3616,3.368,3.3559,3.3629,985648.9
2025-09-23 05:00:00+00:00,3.3629,3.3689,3.3467,3.3658,1875351.3
2025-09-23 05:15:00+00:00,3.3658,3.368,3.3531,3.3656,1226819.4
2025-09-23 05:30:00+00:00,3.3656,3.3776,3.3656,3.3743,1232698.5
2025-09-23 05:45:00+00:00,3.3743,3.3764,3.3566,3.3568,1301611.6
2025-09-23 06:00:00+00:00,3.3568,3.3735,3.3525,3.3725,2271710.2
2025-09-23 06:15:00+00:00,3.3724,3.3863,3.3687,3.3844,2225512.4
2025-09-23 06:30:00+00:00,3.3843,3.402,3.3834,3.3907,3836701.3
2025-09-23 06:45:00+00:00,3.3906,3.3982,3.3826,3.3948,1720630.6
2025-09-23 07:00:00+00:00,3.3948,3.3948,3.3771,3.3858,1916996.3
2025-09-23 07:15:00+00:00,3.3858,3.3902,3.3752,3.3765,1966412.0
2025-09-23 07:30:00+00:00,3.3766,3.3805,3.3709,3.3725,1737238.8
2025-09-23 07:45:00+00:00,3.3725,3.3788,3.3708,3.3743,1161925.1
2025-09-23 08:00:00+00:00,3.3743,3.3844,3.3672,3.3728,1802323.4
2025-09-23 08:15:00+00:00,3.3729,3.3827,3.3714,3.3785,1136935.2
2025-09-23 08:30:00+00:00,3.3785,3.3866,3.3687,3.3852,1128089.2
2025-09-23 08:45:00+00:00,3.3852,3.387,3.379,3.3864,622985.8
2025-09-23 09:00:00+00:00,3.3865,3.3997,3.3821,3.3939,1690408.2
2025-09-23 09:15:00+00:00,3.3939,3.3943,3.3704,3.3738,1634086.4
2025-09-23 09:30:00+00:00,3.3738,3.377,3.3649,3.3702,1564965.7
2025-09-23 09:45:00+00:00,3.3702,3.3723,3.3569,3.3652,1708225.8
2025-09-23 10:00:00+00:00,3.3652,3.3723,3.3587,3.3693,886673.8
2025-09-23 10:15:00+00:00,3.3693,3.3795,3.3613,3.3726,994060.5
2025-09-23 10:30:00+00:00,3.3725,3.3837,3.3694,3.3787,1087622.0
2025-09-23 10:45:00+00:00,3.3788,3.3859,3.3778,3.3814,683363.1
2025-09-23 11:00:00+00:00,3.3814,3.3816,3.3605,3.3629,1186304.5
2025-09-23 11:15:00+00:00,3.3629,3.3684,3.36,3.3652,1048433.6
2025-09-23 11:30:00+00:00,3.3651,3.3761,3.3626,3.376,575677.9
2025-09-23 11:45:00+00:00,3.3761,3.3774,3.3659,3.3675,474604.4
2025-09-23 12:00:00+00:00,3.3675,3.3748,3.362,3.3722,1190841.0
2025-09-23 12:15:00+00:00,3.3722,3.3808,3.36,3.3667,4585304.9
2025-09-23 12:30:00+00:00,3.3667,3.3827,3.3626,3.3816,1368345.8
2025-09-23 12:45:00+00:00,3.3816,3.3922,3.373,3.3792,5247346.6
2025-09-23 13:00:00+00:00,3.3792,3.3837,3.3713,3.3796,1279235.4
2025-09-23 13:15:00+00:00,3.3796,3.3796,3.3682,3.3725,736171.6
2025-09-23 13:30:00+00:00,3.3725,3.385,3.3582,3.3641,1976168.9
2025-09-23 13:45:00+00:00,3.3641,3.3747,3.3574,3.3666,1641508.6
2025-09-23 14:00:00+00:00,3.3667,3.3968,3.363,3.3878,2342847.4
2025-09-23 14:15:00+00:00,3.3878,3.3931,3.3736,3.3796,1410659.5
2025-09-23 14:30:00+00:00,3.3797,3.3829,3.3538,3.3699,2555368.2
2025-09-23 14:45:00+00:00,3.3699,3.3704,3.3557,3.3582,1249025.6
2025-09-23 15:00:00+00:00,3.3581,3.3794,3.3406,3.3726,3625009.1
2025-09-23 15:15:00+00:00,3.3728,3.3841,3.3604,3.3772,2020134.5
2025-09-23 15:30:00+00:00,3.3772,3.3849,3.3709,3.373,1278129.3
2025-09-23 15:45:00+00:00,3.373,3.3839,3.3713,3.3772,745395.8
2025-09-23 16:00:00+00:00,3.3772,3.3846,3.3653,3.3753,1153345.9
2025-09-23 16:15:00+00:00,3.3753,3.398,3.3716,3.3957,2459807.8
2025-09-23 16:30:00+00:00,3.3957,3.3973,3.3792,3.3844,2197603.6
2025-09-23 16:45:00+00:00,3.3844,3.4181,3.3836,3.4149,3270309.9
2025-09-23 17:00:00+00:00,3.4149,3.4175,3.3921,3.3937,1979764.5
2025-09-23 17:15:00+00:00,3.3937,3.4031,3.3827,3.3832,1997650.7
2025-09-23 17:30:00+00:00,3.3831,3.3873,3.355,3.3579,3094623.1
2025-09-23 17:45:00+00:00,3.358,3.375,3.3516,3.3548,2049398.7
2025-09-23 18:00:00+00:00,3.3548,3.3685,3.3516,3.366,2026031.9
2025-09-23 18:15:00+00:00,3.3661,3.3668,3.3407,3.3516,2707158.2
2025-09-23 18:30:00+00:00,3.3515,3.3561,3.3342,3.336,1526784.1
2025-09-23 18:45:00+00:00,3.336,3.3361,3.3211,3.3327,3097937.3
2025-09-23 19:00:00+00:00,3.3326,3.3541,3.3321,3.3487,1777050.8
2025-09-23 19:15:00+00:00,3.3486,3.3586,3.3367,3.3426,1216397.7
2025-09-23 19:30:00+00:00,3.3426,3.3445,3.326,3.3315,1602450.8
2025-09-23 19:45:00+00:00,3.3317,3.3327,3.3155,3.3237,2084202.9
2025-09-23 20:00:00+00:00,3.3236,3.3427,3.3207,3.3338,1416211.7
2025-09-23 20:15:00+00:00,3.3338,3.3356,3.3132,3.317,1682997.6
2025-09-23 20:30:00+00:00,3.317,3.3409,3.3123,3.3403,1592603.2
2025-09-23 20:45:00+00:00,3.3403,3.3453,3.3249,3.3444,1110014.0
2025-09-23 21:00:00+00:00,3.3443,3.3469,3.3339,3.3385,1241515.8
2025-09-23 21:15:00+00:00,3.3386,3.3539,3.3339,3.3539,1053040.4
2025-09-23 21:30:00+00:00,3.3538,3.3607,3.3499,3.3603,1130609.4
2025-09-23 21:45:00+00:00,3.3603,3.3604,3.3522,3.3543,379074.4
2025-09-23 22:00:00+00:00,3.3542,3.3566,3.3431,3.3508,742177.2
2025-09-23 22:15:00+00:00,3.3507,3.3524,3.3303,3.3307,684265.7
2025-09-23 22:30:00+00:00,3.3307,3.3473,3.3305,3.3421,593210.3
2025-09-23 22:45:00+00:00,3.342,3.3424,3.3323,3.3346,518060.2
2025-09-23 23:00:00+00:00,3.3345,3.3424,3.3288,3.3347,888668.9
2025-09-23 23:15:00+00:00,3.3347,3.339,3.307,3.3121,2511373.6
2025-09-23 23:30:00+00:00,3.312,3.3386,3.311,3.3329,1764011.4
2025-09-23 23:45:00+00:00,3.3329,3.3337,3.318,3.3188,650152.2
2025-09-24 00:00:00+00:00,3.3188,3.3296,3.3155,3.3283,1311777.9
2025-09-24 00:15:00+00:00,3.3282,3.3542,3.3274,3.3495,1894904.0
2025-09-24 00:30:00+00:00,3.3496,3.3506,3.3414,3.3437,1045736.1
2025-09-24 00:45:00+00:00,3.3436,3.3549,3.3392,3.3403,923232.4
2025-09-24 01:00:00+00:00,3.3402,3.3508,3.3305,3.3507,1000528.8
2025-09-24 01:15:00+00:00,3.3508,3.3595,3.3448,3.3587,1495805.3
2025-09-24 01:30:00+00:00,3.3587,3.3656,3.3542,3.355,961921.4
2025-09-24 01:45:00+00:00,3.355,3.3612,3.3535,3.3573,700558.0
2025-09-24 02:00:00+00:00,3.3574,3.3604,3.3324,3.3341,1189847.4
2025-09-24 02:15:00+00:00,3.334,3.3384,3.3231,3.3346,1607011.0
2025-09-24 02:30:00+00:00,3.3347,3.3399,3.3261,3.3347,814048.4
2025-09-24 02:45:00+00:00,3.3346,3.3409,3.3234,3.3362,1715627.5
2025-09-24 03:00:00+00:00,3.3361,3.3422,3.3214,3.327,865581.7
2025-09-24 03:15:00+00:00,3.3271,3.329,3.272,3.2832,6386747.4
2025-09-24 03:30:00+00:00,3.2831,3.299,3.2764,3.2825,5515901.9
2025-09-24 03:45:00+00:00,3.2824,3.2891,3.2733,3.2751,2488768.2
2025-09-24 04:00:00+00:00,3.275,3.2757,3.2333,3.2636,11445739.8
2025-09-24 04:15:00+00:00,3.2634,3.285,3.2464,3.2837,3312123.5
2025-09-24 04:30:00+00:00,3.2838,3.3364,3.2838,3.3281,5275406.4
2025-09-24 04:45:00+00:00,3.3282,3.335,3.314,3.3174,2804264.1
2025-09-24 05:00:00+00:00,3.3173,3.3297,3.3148,3.324,1761773.5
2025-09-24 05:15:00+00:00,3.324,3.3475,3.3187,3.339,1857700.8
2025-09-24 05:30:00+00:00,3.339,3.3657,3.3369,3.3643,3896421.7
2025-09-24 05:45:00+00:00,3.3643,3.3743,3.3592,3.3627,2052637.1
2025-09-24 06:00:00+00:00,3.3627,3.3645,3.3529,3.3579,1966523.8
2025-09-24 06:15:00+00:00,3.3578,3.3626,3.3476,3.3555,1553218.6
2025-09-24 06:30:00+00:00,3.3556,3.3594,3.3504,3.3559,942567.0
2025-09-24 06:45:00+00:00,3.3559,3.3658,3.3548,3.3593,1304031.4
2025-09-24 07:00:00+00:00,3.3594,3.3618,3.3528,3.3578,1039254.2
2025-09-24 07:15:00+00:00,3.3579,3.3688,3.3472,3.3504,1492162.7
2025-09-24 07:30:00+00:00,3.3504,3.3652,3.3481,3.3618,994574.5
2025-09-24 07:45:00+00:00,3.362,3.368,3.3599,3.3665,836658.4
2025-09-24 08:00:00+00:00,3.3665,3.38,3.366,3.3782,1989208.6
2025-09-24 08:15:00+00:00,3.3782,3.3794,3.3666,3.3669,1356975.0
2025-09-24 08:30:00+00:00,3.3669,3.3779,3.3647,3.3772,1078469.0
2025-09-24 08:45:00+00:00,3.3772,3.3832,3.373,3.3794,916035.8
2025-09-24 09:00:00+00:00,3.3793,3.383,3.3725,3.3751,691682.9
2025-09-24 09:15:00+00:00,3.3752,3.3819,3.3736,3.3798,688333.8
2025-09-24 09:30:00+00:00,3.3798,3.3966,3.379,3.3874,1801790.1
2025-09-24 09:45:00+00:00,3.3875,3.39,3.3819,3.3881,889763.9
2025-09-24 10:00:00+00:00,3.388,3.3891,3.3819,3.3826,792645.4
2025-09-24 10:15:00+00:00,3.3826,3.3867,3.3761,3.3771,1824410.7
2025-09-24 10:30:00+00:00,3.3771,3.3838,3.3752,3.3781,933961.3
2025-09-24 10:45:00+00:00,3.3782,3.3902,3.3742,3.3883,1135890.7
2025-09-24 11:00:00+00:00,3.3883,3.3983,3.3832,3.3931,1216475.5
2025-09-24 11:15:00+00:00,3.3929,3.3975,3.389,3.3909,1144991.4
2025-09-24 11:30:00+00:00,3.3908,3.3975,3.3838,3.3933,1564292.4
2025-09-24 11:45:00+00:00,3.3933,3.4,3.3871,3.3925,1072758.8
2025-09-24 12:00:00+00:00,3.3925,3.4005,3.3867,3.3943,1143734.0
2025-09-24 12:15:00+00:00,3.3944,3.3972,3.3887,3.3931,811376.4
2025-09-24 12:30:00+00:00,3.3932,3.4,3.3902,3.3996,935246.5
2025-09-24 12:45:00+00:00,3.3996,3.3997,3.3824,3.3885,1154092.7
2025-09-24 13:00:00+00:00,3.3886,3.3984,3.3863,3.3914,1321699.5
2025-09-24 13:15:00+00:00,3.3914,3.3993,3.3888,3.3892,887089.0
2025-09-24 13:30:00+00:00,3.3892,3.4038,3.3805,3.3944,2174315.9
2025-09-24 13:45:00+00:00,3.3943,3.3972,3.3714,3.3727,3654834.8
2025-09-24 14:00:00+00:00,3.3727,3.394,3.3723,3.3918,1986502.5
2025-09-24 14:15:00+00:00,3.3918,3.4013,3.3891,3.3976,1065225.6
2025-09-24 14:30:00+00:00,3.3976,3.4126,3.3973,3.412,1753718.6
2025-09-24 14:45:00+00:00,3.4119,3.4387,3.4081,3.4184,4874737.8
2025-09-24 15:00:00+00:00,3.4185,3.4241,3.4001,3.4077,2431837.1
2025-09-24 15:15:00+00:00,3.4078,3.4182,3.4063,3.4121,1866529.2
2025-09-24 15:30:00+00:00,3.4122,3.4159,3.4031,3.4109,1715291.7
2025-09-24 15:45:00+00:00,3.411,3.4132,3.3926,3.3989,3401928.0
2025-09-24 16:00:00+00:00,3.3989,3.4038,3.3832,3.3877,2494363.7
2025-09-24 16:15:00+00:00,3.3877,3.3964,3.3859,3.3937,1397184.6
2025-09-24 16:30:00+00:00,3.3937,3.4015,3.3865,3.3959,1226370.5
2025-09-24 16:45:00+00:00,3.3958,3.3961,3.3826,3.3875,977564.7
2025-09-24 17:00:00+00:00,3.3876,3.395,3.3799,3.3882,1069476.7
2025-09-24 17:15:00+00:00,3.3881,3.3881,3.375,3.3796,1205687.8
2025-09-24 17:30:00+00:00,3.3797,3.4043,3.3777,3.3956,2850745.2
2025-09-24 17:45:00+00:00,3.3955,3.3968,3.3856,3.3917,853546.9
2025-09-24 18:00:00+00:00,3.3917,3.395,3.383,3.387,796828.0
2025-09-24 18:15:00+00:00,3.3869,3.3917,3.3791,3.3877,646285.5
2025-09-24 18:30:00+00:00,3.3876,3.3957,3.3832,3.3891,702825.9
2025-09-24 18:45:00+00:00,3.389,3.3909,3.3796,3.3829,730810.0
2025-09-24 19:00:00+00:00,3.3829,3.3894,3.3778,3.3824,556586.2
2025-09-24 19:15:00+00:00,3.3824,3.389,3.3811,3.3839,521143.6
2025-09-24 19:30:00+00:00,3.3839,3.3864,3.3746,3.3769,940426.5
2025-09-24 19:45:00+00:00,3.3769,3.3937,3.3756,3.3906,966909.2
2025-09-24 20:00:00+00:00,3.3906,3.3955,3.3819,3.3865,1407343.1
2025-09-24 20:15:00+00:00,3.3865,3.3968,3.3848,3.3909,797781.3
2025-09-24 20:30:00+00:00,3.3909,3.3909,3.3714,3.388,1234914.5
2025-09-24 20:45:00+00:00,3.3879,3.398,3.3874,3.3957,760108.4
2025-09-24 21:00:00+00:00,3.3956,3.3994,3.3916,3.3959,1108731.5
2025-09-24 21:15:00+00:00,3.3958,3.3974,3.3875,3.3937,552070.5
2025-09-24 21:30:00+00:00,3.3937,3.395,3.3862,3.3872,604393.4
2025-09-24 21:45:00+00:00,3.3871,3.3871,3.3529,3.368,2937551.8
2025-09-24 22:00:00+00:00,3.368,3.386,3.3456,3.378,5915377.9
2025-09-24 22:15:00+00:00,3.378,3.3851,3.3628,3.3754,2196424.0
2025-09-24 22:30:00+00:00,3.3753,3.3769,3.349,3.3632,3453317.2
2025-09-24 22:45:00+00:00,3.3631,3.3699,3.3574,3.365,1647633.1
2025-09-24 23:00:00+00:00,3.3649,3.3872,3.3467,3.365,3643492.1
2025-09-24 23:15:00+00:00,3.3649,3.3649,3.3536,3.3545,2338751.7
2025-09-24 23:30:00+00:00,3.3544,3.362,3.3481,3.3597,2680823.2
2025-09-24 23:45:00+00:00,3.3597,3.3637,3.3521,3.3616,1106270.0
2025-09-25 00:00:00+00:00,3.3617,3.3687,3.3558,3.3641,934754.7
2025-09-25 00:15:00+00:00,3.364,3.3656,3.3345,3.3408,3351848.7
2025-09-25 00:30:00+00:00,3.3407,3.3598,3.3298,3.347,3595486.7
2025-09-25 00:45:00+00:00,3.3471,3.3644,3.3293,3.3407,4030866.1
2025-09-25 01:00:00+00:00,3.3406,3.3656,3.3309,3.3487,4367802.7
2025-09-25 01:15:00+00:00,3.3487,3.3595,3.3281,3.349,4445754.4
2025-09-25 01:30:00+00:00,3.349,3.3566,3.3188,3.3292,8024901.1
2025-09-25 01:45:00+00:00,3.3291,3.3367,3.3101,3.3178,4248401.5
2025-09-25 02:00:00+00:00,3.318,3.3434,3.316,3.3279,2792653.2
2025-09-25 02:15:00+00:00,3.3279,3.3286,3.3063,3.317,2101670.6
2025-09-25 02:30:00+00:00,3.3168,3.3606,3.3156,3.3417,3900845.3
2025-09-25 02:45:00+00:00,3.3417,3.3504,3.3362,3.3394,1209294.0
2025-09-25 03:00:00+00:00,3.3393,3.3423,3.3225,3.3249,1181047.7
2025-09-25 03:15:00+00:00,3.3248,3.3275,3.2893,3.2928,3922023.6
2025-09-25 03:30:00+00:00,3.2929,3.3031,3.286,3.2928,2772346.0
2025-09-25 03:45:00+00:00,3.2927,3.311,3.29,3.3095,1385663.1
2025-09-25 04:00:00+00:00,3.3093,3.3186,3.2888,3.2955,1996478.4
2025-09-25 04:15:00+00:00,3.2955,3.2964,3.2541,3.2741,8549344.5
2025-09-25 04:30:00+00:00,3.2741,3.2759,3.2496,3.2659,4319053.5
2025-09-25 04:45:00+00:00,3.2658,3.2717,3.235,3.249,6667996.2
2025-09-25 05:00:00+00:00,3.249,3.2666,3.2351,3.2636,2868060.1
2025-09-25 05:15:00+00:00,3.2636,3.2913,3.2598,3.2861,2847104.9
2025-09-25 05:30:00+00:00,3.286,3.2877,3.271,3.2779,1779477.7
2025-09-25 05:45:00+00:00,3.2778,3.2873,3.2709,3.2714,1104767.7
2025-09-25 06:00:00+00:00,3.2714,3.2777,3.2526,3.2538,2341098.8
2025-09-25 06:15:00+00:00,3.2538,3.2641,3.2461,3.2505,2945356.6
2025-09-25 06:30:00+00:00,3.2505,3.2638,3.2437,3.2465,1968507.5
2025-09-25 06:45:00+00:00,3.2464,3.2546,3.2403,3.2406,1075048.6
2025-09-25 07:00:00+00:00,3.2406,3.2612,3.2353,3.2504,3417076.4
2025-09-25 07:15:00+00:00,3.2504,3.267,3.2485,3.2594,1810339.5
2025-09-25 07:30:00+00:00,3.2593,3.2598,3.2513,3.2566,790978.7
2025-09-25 07:45:00+00:00,3.2566,3.2592,3.2373,3.241,1337243.2
2025-09-25 08:00:00+00:00,3.2409,3.2547,3.2393,3.2542,1786726.2
2025-09-25 08:15:00+00:00,3.2541,3.2612,3.2428,3.2611,1792540.1
2025-09-25 08:30:00+00:00,3.2611,3.2612,3.2226,3.2272,3220022.6
2025-09-25 08:45:00+00:00,3.2273,3.235,3.2211,3.234,2360070.3
2025-09-25 09:00:00+00:00,3.2341,3.2494,3.2273,3.2494,1914660.0
2025-09-25 09:15:00+00:00,3.2494,3.258,3.2428,3.2473,2244000.9
2025-09-25 09:30:00+00:00,3.2473,3.2579,3.2341,3.2351,2906638.5
2025-09-25 09:45:00+00:00,3.235,3.236,3.2024,3.2089,5896102.4
2025-09-25 10:00:00+00:00,3.2088,3.2213,3.2051,3.2165,1330998.4
2025-09-25 10:15:00+00:00,3.2165,3.2394,3.2165,3.2282,2277300.2
2025-09-25 10:30:00+00:00,3.2281,3.2314,3.2192,3.2202,1334497.3
2025-09-25 10:45:00+00:00,3.2201,3.224,3.2103,3.2112,1828356.2
2025-09-25 11:00:00+00:00,3.2112,3.2261,3.2111,3.2212,2539385.6
2025-09-25 11:15:00+00:00,3.2211,3.2223,3.2062,3.2177,2362188.4
2025-09-25 11:30:00+00:00,3.2176,3.2228,3.1709,3.2016,16310987.6
2025-09-25 11:45:00+00:00,3.2016,3.2049,3.1396,3.1691,17848479.2
2025-09-25 12:00:00+00:00,3.169,3.1866,3.1601,3.1792,3941205.3
2025-09-25 12:15:00+00:00,3.1792,3.1792,3.12,3.1317,5805068.6
2025-09-25 12:30:00+00:00,3.1322,3.1946,3.12,3.1901,10094132.9
2025-09-25 12:45:00+00:00,3.1901,3.1939,3.1676,3.1686,3647009.2
2025-09-25 13:00:00+00:00,3.1685,3.1806,3.1528,3.1777,4596324.7
2025-09-25 13:15:00+00:00,3.1777,3.2092,3.1737,3.2019,4698580.1
2025-09-25 13:30:00+00:00,3.2019,3.2019,3.1562,3.1624,5788674.8
2025-09-25 13:45:00+00:00,3.1623,3.194,3.1609,3.1906,5913005.0
2025-09-25 14:00:00+00:00,3.1905,3.2255,3.1902,3.2244,2933993.8
2025-09-25 14:15:00+00:00,3.2244,3.2488,3.2243,3.2348,5288019.8
2025-09-25 14:30:00+00:00,3.2347,3.2424,3.2238,3.2282,3444005.1
2025-09-25 14:45:00+00:00,3.2282,3.2325,3.2164,3.219,2267799.9
2025-09-25 15:00:00+00:00,3.2189,3.223,3.2061,3.2102,2221316.3
2025-09-25 15:15:00+00:00,3.2101,3.2113,3.1928,3.196,2196756.1
2025-09-25 15:30:00+00:00,3.1961,3.2057,3.1914,3.194,2303283.5
2025-09-25 15:45:00+00:00,3.1939,3.2102,3.1883,3.2102,2838150.9
2025-09-25 16:00:00+00:00,3.2102,3.2154,3.1987,3.2062,2048061.8
2025-09-25 16:15:00+00:00,3.2061,3.2062,3.1709,3.1736,4846318.6
2025-09-25 16:30:00+00:00,3.1736,3.1844,3.168,3.1818,2748434.9
2025-09-25 16:45:00+00:00,3.1817,3.1882,3.1586,3.1598,3027121.9
2025-09-25 17:00:00+00:00,3.1597,3.1613,3.1272,3.1279,5625016.5
2025-09-25 17:15:00+00:00,3.1272,3.1557,3.1161,3.1482,8786043.0
2025-09-25 17:30:00+00:00,3.1483,3.154,3.1002,3.1201,8096259.6
2025-09-25 17:45:00+00:00,3.12,3.125,3.0676,3.0849,11870912.6
2025-09-25 18:00:00+00:00,3.085,3.1093,3.0744,3.1083,7782988.9
2025-09-25 18:15:00+00:00,3.1082,3.1491,3.0945,3.1443,6006033.0
2025-09-25 18:30:00+00:00,3.1444,3.1581,3.1323,3.1519,2775555.2
2025-09-25 18:45:00+00:00,3.1518,3.1802,3.143,3.1797,3692984.7
2025-09-25 19:00:00+00:00,3.1797,3.1869,3.1767,3.181,2166084.2
2025-09-25 19:15:00+00:00,3.1811,3.2042,3.1765,3.1949,3072598.0
2025-09-25 19:30:00+00:00,3.1949,3.1991,3.177,3.1838,2664948.0
2025-09-25 19:45:00+00:00,3.1836,3.1843,3.1649,3.1713,2965287.1
2025-09-25 20:00:00+00:00,3.1713,3.1765,3.1546,3.1602,3331245.3
2025-09-25 20:15:00+00:00,3.1602,3.1728,3.1561,3.1585,1516831.1
2025-09-25 20:30:00+00:00,3.1584,3.1585,3.1325,3.1415,2297162.0
2025-09-25 20:45:00+00:00,3.1414,3.1457,3.1263,3.1318,1430402.3
2025-09-25 21:00:00+00:00,3.1318,3.1619,3.1313,3.1448,1869630.8
2025-09-25 21:15:00+00:00,3.1449,3.1569,3.1293,3.1349,1287153.8
2025-09-25 21:30:00+00:00,3.1349,3.1356,3.1124,3.1252,2666762.3
2025-09-25 21:45:00+00:00,3.1253,3.1514,3.125,3.1456,1141772.8
2025-09-25 22:00:00+00:00,3.1456,3.1627,3.1383,3.1621,1577796.2
2025-09-25 22:15:00+00:00,3.1621,3.1684,3.1444,3.1468,2026736.2
2025-09-25 22:30:00+00:00,3.1469,3.15,3.1412,3.1425,1287168.2
2025-09-25 22:45:00+00:00,3.1425,3.1427,3.1242,3.1327,1585678.2
2025-09-25 23:00:00+00:00,3.1328,3.1509,3.1278,3.1317,1340923.4
2025-09-25 23:15:00+00:00,3.1317,3.1388,3.1206,3.1298,1323356.7
2025-09-25 23:30:00+00:00,3.1298,3.1298,3.0947,3.1084,5280186.7
2025-09-25 23:45:00+00:00,3.1085,3.1107,3.0972,3.1091,2480620.1
2025-09-26 00:00:00+00:00,3.1092,3.141,3.1082,3.1361,3245541.2
2025-09-26 00:15:00+00:00,3.1361,3.1564,3.1322,3.1458,3251693.2
2025-09-26 00:30:00+00:00,3.1457,3.1457,3.1115,3.1134,1928051.2
2025-09-26 00:45:00+00:00,3.1135,3.166,3.112,3.1613,2774118.3
2025-09-26 01:00:00+00:00,3.1613,3.1728,3.1521,3.168,2220359.4
2025-09-26 01:15:00+00:00,3.168,3.177,3.1606,3.1609,1593148.1
2025-09-26 01:30:00+00:00,3.1609,3.166,3.1508,3.1579,1302287.1
2025-09-26 01:45:00+00:00,3.1579,3.1706,3.1528,3.16,1715379.1
2025-09-26 02:00:00+00:00,3.1601,3.1755,3.1484,3.1581,1849547.7
2025-09-26 02:15:00+00:00,3.1581,3.17,3.1538,3.155,921780.5
2025-09-26 02:30:00+00:00,3.155,3.1663,3.1478,3.1619,955603.1
2025-09-26 02:45:00+00:00,3.1618,3.1705,3.1504,3.1547,903721.9
2025-09-26 03:00:00+00:00,3.1548,3.1592,3.1393,3.1582,1723946.2
2025-09-26 03:15:00+00:00,3.1583,3.1671,3.148,3.1505,1550184.4
2025-09-26 03:30:00+00:00,3.1505,3.1553,3.1433,3.1541,875837.5
2025-09-26 03:45:00+00:00,3.1541,3.1619,3.1454,3.1594,923603.1
2025-09-26 04:00:00+00:00,3.1594,3.1622,3.1475,3.1535,1122027.4
2025-09-26 04:15:00+00:00,3.1535,3.1637,3.1483,3.1531,937074.4
2025-09-26 04:30:00+00:00,3.153,3.153,3.1305,3.1355,1888347.5
2025-09-26 04:45:00+00:00,3.1354,3.1402,3.1311,3.1341,941077.3
2025-09-26 05:00:00+00:00,3.134,3.1458,3.131,3.1404,1340666.9
2025-09-26 05:15:00+00:00,3.1404,3.1524,3.1398,3.1494,1023935.9
2025-09-26 05:30:00+00:00,3.1494,3.15,3.1314,3.1314,956473.5
2025-09-26 05:45:00+00:00,3.1314,3.1349,3.1135,3.1191,2899400.0
2025-09-26 06:00:00+00:00,3.1192,3.1255,3.1042,3.1177,2544955.9
2025-09-26 06:15:00+00:00,3.1177,3.1482,3.1165,3.14,2315836.8
2025-09-26 06:30:00+00:00,3.1399,3.15,3.1315,3.1478,2452815.8
2025-09-26 06:45:00+00:00,3.1478,3.148,3.1238,3.1303,2287231.5
2025-09-26 07:00:00+00:00,3.1303,3.1516,3.1303,3.1515,1887387.0
2025-09-26 07:15:00+00:00,3.1515,3.1584,3.1427,3.1427,2173036.7
2025-09-26 07:30:00+00:00,3.1427,3.1427,3.1248,3.1304,3168005.5
2025-09-26 07:45:00+00:00,3.1304,3.1554,3.1266,3.1536,2883780.2
2025-09-26 08:00:00+00:00,3.1536,3.1882,3.1533,3.1784,4768226.9
2025-09-26 08:15:00+00:00,3.1785,3.1874,3.17,3.1799,2467002.0
2025-09-26 08:30:00+00:00,3.1798,3.1829,3.1606,3.1697,1516482.9
2025-09-26 08:45:00+00:00,3.1698,3.1734,3.1622,3.1633,1159073.9
2025-09-26 09:00:00+00:00,3.1633,3.1758,3.1573,3.169,1462545.2
2025-09-26 09:15:00+00:00,3.169,3.169,3.1559,3.158,873974.4
2025-09-26 09:30:00+00:00,3.158,3.1619,3.1328,3.1399,3122355.8
2025-09-26 09:45:00+00:00,3.1398,3.1491,3.1374,3.1426,1980617.3
2025-09-26 10:00:00+00:00,3.1426,3.1449,3.0956,3.1024,5672438.2
2025-09-26 10:15:00+00:00,3.1023,3.1056,3.0918,3.098,4184878.8
2025-09-26 10:30:00+00:00,3.0981,3.1117,3.0852,3.0962,4455654.4
2025-09-26 10:45:00+00:00,3.0962,3.1079,3.0939,3.0987,2255744.8
2025-09-26 11:00:00+00:00,3.0985,3.1023,3.0789,3.082,2774338.2
2025-09-26 11:15:00+00:00,3.0819,3.1026,3.0795,3.0993,2094627.5
2025-09-26 11:30:00+00:00,3.0994,3.1243,3.0994,3.1158,2600914.5
2025-09-26 11:45:00+00:00,3.1159,3.1242,3.107,3.1077,2262087.3
2025-09-26 12:00:00+00:00,3.1076,3.1076,3.0726,3.0734,2481082.6
2025-09-26 12:15:00+00:00,3.0734,3.114,3.07,3.104,2776847.1
2025-09-26 12:30:00+00:00,3.1044,3.1596,3.0859,3.1493,11976002.7
2025-09-26 12:45:00+00:00,3.1492,3.1508,3.1245,3.1375,2582422.5
2025-09-26 13:00:00+00:00,3.1375,3.143,3.123,3.1287,2223496.7
2025-09-26 13:15:00+00:00,3.1289,3.1341,3.1146,3.1175,2889448.2
2025-09-26 13:30:00+00:00,3.1175,3.1487,3.1085,3.1434,3427500.9
2025-09-26 13:45:00+00:00,3.1433,3.167,3.1359,3.1566,6212379.4
2025-09-26 14:00:00+00:00,3.1564,3.1618,3.1318,3.1346,3417101.9
2025-09-26 14:15:00+00:00,3.1344,3.1479,3.1147,3.1224,3579312.8
2025-09-26 14:30:00+00:00,3.1224,3.1224,3.0954,3.1092,4211260.3
2025-09-26 14:45:00+00:00,3.1092,3.1237,3.1029,3.1139,2745764.6
2025-09-26 15:00:00+00:00,3.114,3.1387,3.1107,3.1242,2993139.1
2025-09-26 15:15:00+00:00,3.1242,3.1573,3.1204,3.1512,3094862.8
2025-09-26 15:30:00+00:00,3.1511,3.1619,3.1459,3.1563,2479331.2
2025-09-26 15:45:00+00:00,3.1562,3.1591,3.1432,3.151,2836849.7
2025-09-26 16:00:00+00:00,3.151,3.1925,3.148,3.1745,3639949.7
2025-09-26 16:15:00+00:00,3.1744,3.2016,3.1722,3.1825,2852815.3
2025-09-26 16:30:00+00:00,3.1825,3.1882,3.1762,3.185,1708345.4
2025-09-26 16:45:00+00:00,3.1849,3.2068,3.1833,3.2017,1861246.2
2025-09-26 17:00:00+00:00,3.2017,3.2132,3.1886,3.2028,3137088.7
2025-09-26 17:15:00+00:00,3.2029,3.236,3.1998,3.2314,4169237.7
2025-09-26 17:30:00+00:00,3.2315,3.2398,3.2184,3.2292,4286308.6
2025-09-26 17:45:00+00:00,3.2293,3.2404,3.2276,3.2382,2776507.3
2025-09-26 18:00:00+00:00,3.2383,3.2479,3.2293,3.2417,3830936.4
2025-09-26 18:15:00+00:00,3.2417,3.2543,3.2401,3.2454,3284677.2
2025-09-26 18:30:00+00:00,3.2455,3.2465,3.2253,3.2258,1755625.0
2025-09-26 18:45:00+00:00,3.2259,3.2359,3.2225,3.2284,1390654.0
2025-09-26 19:00:00+00:00,3.2283,3.2305,3.2101,3.2179,3447679.8
2025-09-26 19:15:00+00:00,3.218,3.227,3.2065,3.2079,1430113.5
2025-09-26 19:30:00+00:00,3.2078,3.2139,3.1902,3.1939,3998504.2
2025-09-26 19:45:00+00:00,3.194,3.2101,3.1905,3.2037,2528995.5
2025-09-26 20:00:00+00:00,3.2038,3.2183,3.1961,3.2171,1438857.6
2025-09-26 20:15:00+00:00,3.2171,3.2195,3.1992,3.2042,1373050.6
2025-09-26 20:30:00+00:00,3.2042,3.2104,3.1955,3.1992,1136813.8
2025-09-26 20:45:00+00:00,3.1992,3.2088,3.1955,3.2061,947949.1
2025-09-26 21:00:00+00:00,3.2061,3.2118,3.1996,3.2107,900319.8
2025-09-26 21:15:00+00:00,3.2107,3.2193,3.2002,3.2177,1045906.5
2025-09-26 21:30:00+00:00,3.2178,3.2229,3.2076,3.2076,1033622.6
2025-09-26 21:45:00+00:00,3.2077,3.2228,3.2065,3.2215,378306.3
2025-09-26 22:00:00+00:00,3.2216,3.2296,3.2142,3.2273,988008.5
2025-09-26 22:15:00+00:00,3.2274,3.23,3.2183,3.2183,487148.8
2025-09-26 22:30:00+00:00,3.2182,3.2234,3.2161,3.2161,711475.1
2025-09-26 22:45:00+00:00,3.216,3.2208,3.2106,3.2129,639515.3
2025-09-26 23:00:00+00:00,3.2129,3.2133,3.2033,3.2066,635810.9
2025-09-26 23:15:00+00:00,3.2066,3.218,3.2022,3.2157,589091.4
2025-09-26 23:30:00+00:00,3.2158,3.2218,3.2147,3.2184,620151.9
2025-09-26 23:45:00+00:00,3.2185,3.2216,3.2158,3.2204,576104.9
2025-09-27 00:00:00+00:00,3.2204,3.2204,3.2106,3.2119,993648.3
2025-09-27 00:15:00+00:00,3.2119,3.2195,3.2082,3.2152,774766.1
2025-09-27 00:30:00+00:00,3.2153,3.2187,3.2065,3.2101,822609.0
2025-09-27 00:45:00+00:00,3.21,3.216,3.2045,3.2156,701089.3
2025-09-27 01:00:00+00:00,3.2155,3.2163,3.203,3.2083,1062681.1
2025-09-27 01:15:00+00:00,3.2083,3.2098,3.1965,3.201,860215.1
2025-09-27 01:30:00+00:00,3.201,3.2042,3.1962,3.2012,910556.0
2025-09-27 01:45:00+00:00,3.2011,3.2054,3.2,3.2043,375696.8
2025-09-27 02:00:00+00:00,3.2043,3.2068,3.1986,3.2068,508815.9
2025-09-27 02:15:00+00:00,3.2068,3.2097,3.1944,3.1977,689643.9
2025-09-27 02:30:00+00:00,3.1978,3.2056,3.1951,3.2056,557925.4
2025-09-27 02:45:00+00:00,3.2055,3.206,3.195,3.1961,517775.3
2025-09-27 03:00:00+00:00,3.1961,3.2056,3.1945,3.1994,645816.9
2025-09-27 03:15:00+00:00,3.1994,3.2123,3.1989,3.2096,544871.5
2025-09-27 03:30:00+00:00,3.2096,3.214,3.206,3.2084,746248.9
2025-09-27 03:45:00+00:00,3.2083,3.2109,3.2004,3.201,597519.0
2025-09-27 04:00:00+00:00,3.2009,3.2068,3.1985,3.1986,544924.2
2025-09-27 04:15:00+00:00,3.1985,3.2062,3.1981,3.2059,670379.4
2025-09-27 04:30:00+00:00,3.2058,3.2127,3.2011,3.2014,1618897.1
2025-09-27 04:45:00+00:00,3.2014,3.2059,3.1967,3.2046,649040.1
2025-09-27 05:00:00+00:00,3.2045,3.2045,3.1912,3.1935,903876.1
2025-09-27 05:15:00+00:00,3.1934,3.197,3.1917,3.1948,545195.3
2025-09-27 05:30:00+00:00,3.1948,3.2034,3.1921,3.2033,649250.7
2025-09-27 05:45:00+00:00,3.2033,3.2107,3.2018,3.2066,812285.7
2025-09-27 06:00:00+00:00,3.2066,3.2077,3.1998,3.2014,514091.3
2025-09-27 06:15:00+00:00,3.2014,3.205,3.1977,3.2023,398054.6
2025-09-27 06:30:00+00:00,3.2022,3.2079,3.1991,3.2069,504772.5
2025-09-27 06:45:00+00:00,3.2069,3.212,3.2052,3.2117,530571.7
2025-09-27 07:00:00+00:00,3.2117,3.22,3.2117,3.2172,1250550.8
2025-09-27 07:15:00+00:00,3.2172,3.2195,3.2109,3.2114,620816.1
2025-09-27 07:30:00+00:00,3.2113,3.2137,3.2017,3.2018,994010.1
2025-09-27 07:45:00+00:00,3.2017,3.2046,3.198,3.2016,636157.5
2025-09-27 08:00:00+00:00,3.2016,3.2016,3.1764,3.1816,3901278.3
2025-09-27 08:15:00+00:00,3.1815,3.1967,3.1772,3.1935,1444344.7
2025-09-27 08:30:00+00:00,3.1934,3.1934,3.1847,3.1859,1067657.8
2025-09-27 08:45:00+00:00,3.1859,3.1913,3.1771,3.1793,1585450.1
2025-09-27 09:00:00+00:00,3.1792,3.1827,3.1664,3.1729,2653263.9
2025-09-27 09:15:00+00:00,3.1728,3.1798,3.1699,3.1735,1646881.7
2025-09-27 09:30:00+00:00,3.1735,3.1975,3.1724,3.1964,1498825.6
2025-09-27 09:45:00+00:00,3.1963,3.2115,3.1933,3.2062,2369899.8
2025-09-27 10:00:00+00:00,3.2062,3.2158,3.203,3.2147,2522962.6
2025-09-27 10:15:00+00:00,3.2147,3.216,3.2058,3.2076,2101200.6
2025-09-27 10:30:00+00:00,3.2076,3.2293,3.2076,3.2249,1729989.5
2025-09-27 10:45:00+00:00,3.225,3.2273,3.2165,3.2185,1204966.7
2025-09-27 11:00:00+00:00,3.2184,3.2202,3.2088,3.2102,929581.2
2025-09-27 11:15:00+00:00,3.2101,3.2148,3.2061,3.2131,594217.6
2025-09-27 11:30:00+00:00,3.213,3.2131,3.2032,3.2051,570258.4
2025-09-27 11:45:00+00:00,3.205,3.2114,3.2028,3.2101,1032294.8
2025-09-27 12:00:00+00:00,3.2101,3.2108,3.2,3.205,1084187.2
2025-09-27 12:15:00+00:00,3.205,3.21,3.1965,3.2024,797903.5
2025-09-27 12:30:00+00:00,3.2025,3.215,3.2022,3.2105,1002785.5
2025-09-27 12:45:00+00:00,3.2104,3.2247,3.209,3.2171,1491223.1
2025-09-27 13:00:00+00:00,3.2171,3.219,3.2106,3.2115,861537.6
2025-09-27 13:15:00+00:00,3.2114,3.2192,3.2114,3.2191,432112.9
2025-09-27 13:30:00+00:00,3.2191,3.2205,3.2115,3.2178,723858.4
2025-09-27 13:45:00+00:00,3.2178,3.2198,3.2104,3.2111,346620.7
2025-09-27 14:00:00+00:00,3.2111,3.2182,3.2059,3.2166,516780.6
2025-09-27 14:15:00+00:00,3.2166,3.2167,3.2099,3.2121,582274.9
2025-09-27 14:30:00+00:00,3.2122,3.2144,3.2071,3.2071,450601.5
2025-09-27 14:45:00+00:00,3.2071,3.2071,3.2023,3.2039,619456.4
2025-09-27 15:00:00+00:00,3.2039,3.2039,3.1865,3.1958,1706230.8
2025-09-27 15:15:00+00:00,3.1959,3.2115,3.1953,3.2003,1564734.1
2025-09-27 15:30:00+00:00,3.2004,3.2064,3.1943,3.1993,1216983.8
2025-09-27 15:45:00+00:00,3.1994,3.2069,3.1985,3.2059,1057868.5
2025-09-27 16:00:00+00:00,3.206,3.2074,3.1976,3.1992,918802.2
2025-09-27 16:15:00+00:00,3.1992,3.2052,3.1956,3.2004,577330.4
2025-09-27 16:30:00+00:00,3.2004,3.2035,3.1957,3.1985,585283.8
2025-09-27 16:45:00+00:00,3.1984,3.205,3.1918,3.1961,929500.1
2025-09-27 17:00:00+00:00,3.1961,3.1981,3.1824,3.1835,1413752.8
2025-09-27 17:15:00+00:00,3.1836,3.1838,3.1492,3.1662,5631419.3
2025-09-27 17:30:00+00:00,3.1662,3.1772,3.1641,3.1753,1285481.8
2025-09-27 17:45:00+00:00,3.1753,3.1795,3.1668,3.177,1910109.8
2025-09-27 18:00:00+00:00,3.1769,3.184,3.171,3.1753,984772.8
2025-09-27 18:15:00+00:00,3.1752,3.1778,3.1706,3.1761,500553.5
2025-09-27 18:30:00+00:00,3.1762,3.1793,3.1655,3.1675,585424.7
2025-09-27 18:45:00+00:00,3.1675,3.1788,3.1674,3.1781,403825.5
2025-09-27 19:00:00+00:00,3.1781,3.1793,3.1702,3.1715,568346.3
2025-09-27 19:15:00+00:00,3.1715,3.179,3.1693,3.1782,715363.5
2025-09-27 19:30:00+00:00,3.1783,3.1788,3.1706,3.1731,494208.1
2025-09-27 19:45:00+00:00,3.1731,3.1801,3.173,3.1785,473609.2
2025-09-27 20:00:00+00:00,3.1785,3.1824,3.1757,3.1769,580670.9
2025-09-27 20:15:00+00:00,3.1769,3.1782,3.1711,3.177,508405.5
2025-09-27 20:30:00+00:00,3.177,3.1847,3.1747,3.1757,622385.4
2025-09-27 20:45:00+00:00,3.1757,3.1768,3.17,3.1744,460700.4
2025-09-27 21:00:00+00:00,3.1744,3.1758,3.1715,3.1715,373501.3
2025-09-27 21:15:00+00:00,3.1715,3.1786,3.1712,3.1782,346474.4
2025-09-27 21:30:00+00:00,3.1782,3.1832,3.176,3.182,280066.8
2025-09-27 21:45:00+00:00,3.1819,3.1906,3.1819,3.1883,346738.3
2025-09-27 22:00:00+00:00,3.1883,3.1959,3.1865,3.1959,1113366.4
2025-09-27 22:15:00+00:00,3.1959,3.2052,3.1947,3.2045,1003639.7
2025-09-27 22:30:00+00:00,3.2044,3.2049,3.1901,3.1901,879930.3
2025-09-27 22:45:00+00:00,3.19,3.1917,3.1837,3.1881,541280.6
2025-09-27 23:00:00+00:00,3.188,3.1948,3.1826,3.1867,640943.6
2025-09-27 23:15:00+00:00,3.1867,3.1895,3.1732,3.1767,1536397.8
2025-09-27 23:30:00+00:00,3.1767,3.1812,3.1744,3.1792,519895.6
2025-09-27 23:45:00+00:00,3.1792,3.1835,3.1737,3.1765,1091689.3
2025-09-28 00:00:00+00:00,3.1766,3.1792,3.16,3.1643,1904389.4
2025-09-28 00:15:00+00:00,3.1643,3.1861,3.1619,3.1842,1045902.7
2025-09-28 00:30:00+00:00,3.1841,3.1871,3.1659,3.1751,1409939.2
2025-09-28 00:45:00+00:00,3.1751,3.1783,3.1655,3.1714,2530081.9
2025-09-28 01:00:00+00:00,3.1715,3.1739,3.1599,3.161,1766153.3
2025-09-28 01:15:00+00:00,3.1611,3.1693,3.16,3.1613,1073473.4
2025-09-28 01:30:00+00:00,3.1612,3.1612,3.1362,3.1394,2832107.4
2025-09-28 01:45:00+00:00,3.1395,3.1442,3.137,3.1399,1313121.3
2025-09-28 02:00:00+00:00,3.1398,3.1491,3.1386,3.1431,819514.4
2025-09-28 02:15:00+00:00,3.143,3.1508,3.1417,3.1499,738899.3
2025-09-28 02:30:00+00:00,3.1499,3.1545,3.142,3.1429,745753.1
2025-09-28 02:45:00+00:00,3.1428,3.149,3.1363,3.1479,515466.5
2025-09-28 03:00:00+00:00,3.148,3.1563,3.1479,3.1542,767184.9
2025-09-28 03:15:00+00:00,3.1543,3.1558,3.1425,3.1504,545292.5
2025-09-28 03:30:00+00:00,3.1504,3.1542,3.1391,3.1435,816846.9
2025-09-28 03:45:00+00:00,3.1435,3.1511,3.1414,3.1492,397565.8
2025-09-28 04:00:00+00:00,3.1491,3.1492,3.1427,3.1428,537218.7
2025-09-28 04:15:00+00:00,3.1427,3.1472,3.1394,3.1398,386302.1
2025-09-28 04:30:00+00:00,3.1398,3.1502,3.1397,3.148,536218.7
2025-09-28 04:45:00+00:00,3.148,3.149,3.1407,3.1453,385842.3
2025-09-28 05:00:00+00:00,3.1453,3.1511,3.1353,3.1375,920249.4
2025-09-28 05:15:00+00:00,3.1376,3.1489,3.1376,3.1489,474043.1
2025-09-28 05:30:00+00:00,3.1488,3.151,3.1413,3.1435,676484.7
2025-09-28 05:45:00+00:00,3.1434,3.1443,3.1376,3.1389,458823.8
2025-09-28 06:00:00+00:00,3.1388,3.1459,3.1382,3.1407,690837.2
2025-09-28 06:15:00+00:00,3.1408,3.1435,3.127,3.1282,1827075.9
2025-09-28 06:30:00+00:00,3.1283,3.1396,3.126,3.1342,1474996.1
2025-09-28 06:45:00+00:00,3.1342,3.1406,3.1302,3.1389,517430.6
2025-09-28 07:00:00+00:00,3.1388,3.1423,3.118,3.1298,1341795.7
2025-09-28 07:15:00+00:00,3.1297,3.1406,3.1289,3.133,696727.2
2025-09-28 07:30:00+00:00,3.1329,3.1402,3.1287,3.1343,3085300.3
2025-09-28 07:45:00+00:00,3.1343,3.1381,3.1311,3.1366,604202.6
2025-09-28 08:00:00+00:00,3.1366,3.143,3.1293,3.1295,822623.8
2025-09-28 08:15:00+00:00,3.1295,3.132,3.1187,3.124,1153079.0
2025-09-28 08:30:00+00:00,3.124,3.1275,3.1166,3.1252,1177669.0
2025-09-28 08:45:00+00:00,3.1252,3.1364,3.1208,3.1219,1414108.7
2025-09-28 09:00:00+00:00,3.1219,3.1276,3.1172,3.1199,1507172.3
2025-09-28 09:15:00+00:00,3.1198,3.1233,3.1148,3.1218,1187350.1
2025-09-28 09:30:00+00:00,3.1218,3.133,3.1211,3.1323,1313993.7
2025-09-28 09:45:00+00:00,3.1323,3.1323,3.1242,3.1256,688284.7
2025-09-28 10:00:00+00:00,3.1256,3.1256,3.1121,3.1203,1148263.3
2025-09-28 10:15:00+00:00,3.1204,3.1258,3.1197,3.1218,527440.3
2025-09-28 10:30:00+00:00,3.1217,3.1272,3.12,3.1261,734513.3
2025-09-28 10:45:00+00:00,3.1261,3.1282,3.1202,3.1242,671952.0
2025-09-28 11:00:00+00:00,3.1243,3.126,3.1192,3.1195,476282.4
2025-09-28 11:15:00+00:00,3.1196,3.1216,3.1084,3.11,1226037.2
2025-09-28 11:30:00+00:00,3.1099,3.1179,3.1074,3.1116,1110410.7
2025-09-28 11:45:00+00:00,3.1115,3.1176,3.1063,3.1158,706780.6
2025-09-28 12:00:00+00:00,3.1158,3.1164,3.1038,3.1082,1013634.0
2025-09-28 12:15:00+00:00,3.1083,3.1099,3.1027,3.1068,1064835.9
2025-09-28 12:30:00+00:00,3.1068,3.1071,3.0929,3.098,1683511.9
2025-09-28 12:45:00+00:00,3.0981,3.1118,3.0965,3.1064,1360140.9
2025-09-28 13:00:00+00:00,3.1064,3.1219,3.1044,3.1171,1320967.6
2025-09-28 13:15:00+00:00,3.1171,3.13,3.1153,3.1257,1980004.9
2025-09-28 13:30:00+00:00,3.1257,3.1478,3.1238,3.1459,3476967.0
2025-09-28 13:45:00+00:00,3.1459,3.1584,3.1383,3.1537,3701717.2
2025-09-28 14:00:00+00:00,3.1538,3.1577,3.1454,3.1483,1246662.2
2025-09-28 14:15:00+00:00,3.1483,3.1666,3.1459,3.1663,1535650.3
2025-09-28 14:30:00+00:00,3.1664,3.17,3.1606,3.1644,1345383.0
2025-09-28 14:45:00+00:00,3.1645,3.1693,3.1603,3.169,1478713.4
2025-09-28 15:00:00+00:00,3.169,3.1786,3.1655,3.1715,2069166.3
2025-09-28 15:15:00+00:00,3.1714,3.182,3.1714,3.1799,1374775.5
2025-09-28 15:30:00+00:00,3.1799,3.1803,3.1671,3.1695,1174851.5
2025-09-28 15:45:00+00:00,3.1695,3.1794,3.1654,3.1793,1378877.0
2025-09-28 16:00:00+00:00,3.1794,3.2008,3.1794,3.1929,2429085.4
2025-09-28 16:15:00+00:00,3.1929,3.1989,3.1829,3.1922,1639377.7
2025-09-28 16:30:00+00:00,3.1923,3.1934,3.1788,3.187,1101447.4
2025-09-28 16:45:00+00:00,3.1869,3.1927,3.1852,3.1915,630160.0
2025-09-28 17:00:00+00:00,3.1914,3.2044,3.1911,3.2021,1355688.4
2025-09-28 17:15:00+00:00,3.2022,3.2028,3.1831,3.1926,1175902.5
2025-09-28 17:30:00+00:00,3.1926,3.2036,3.1905,3.2013,1065712.2
2025-09-28 17:45:00+00:00,3.2014,3.2095,3.1917,3.1932,910030.8
2025-09-28 18:00:00+00:00,3.1933,3.1953,3.1868,3.19,984184.8
2025-09-28 18:15:00+00:00,3.1901,3.1921,3.187,3.1873,596831.6
2025-09-28 18:30:00+00:00,3.1873,3.1959,3.1868,3.1945,661010.2
2025-09-28 18:45:00+00:00,3.1945,3.2032,3.194,3.2032,551314.1
2025-09-28 19:00:00+00:00,3.2032,3.2071,3.1917,3.1919,1059266.6
2025-09-28 19:15:00+00:00,3.1919,3.2011,3.1892,3.1974,520712.0
2025-09-28 19:30:00+00:00,3.1973,3.2076,3.1961,3.2074,782738.6
2025-09-28 19:45:00+00:00,3.2073,3.2093,3.2054,3.2082,1492817.5
2025-09-28 20:00:00+00:00,3.2082,3.2196,3.2082,3.2184,1702465.1
2025-09-28 20:15:00+00:00,3.2184,3.2361,3.2138,3.2349,3082374.5
2025-09-28 20:30:00+00:00,3.235,3.2482,3.2345,3.243,2248022.1
2025-09-28 20:45:00+00:00,3.243,3.2465,3.2285,3.2331,2091986.3
2025-09-28 21:00:00+00:00,3.2331,3.2414,3.2324,3.2351,825222.6
2025-09-28 21:15:00+00:00,3.2352,3.236,3.2276,3.2283,668607.3
2025-09-28 21:30:00+00:00,3.2284,3.2284,3.2212,3.222,908808.7
2025-09-28 21:45:00+00:00,3.222,3.2283,3.2202,3.2282,359805.7
2025-09-28 22:00:00+00:00,3.2283,3.2648,3.2283,3.2538,3592071.3
2025-09-28 22:15:00+00:00,3.2538,3.2756,3.2531,3.2709,3070716.0
2025-09-28 22:30:00+00:00,3.2709,3.2769,3.2679,3.2761,1541943.1
2025-09-28 22:45:00+00:00,3.2762,3.2816,3.2706,3.2749,1446664.7
2025-09-28 23:00:00+00:00,3.275,3.2841,3.27,3.2765,1556815.2
2025-09-28 23:15:00+00:00,3.2766,3.2816,3.27,3.2741,913002.7
2025-09-28 23:30:00+00:00,3.2742,3.2788,3.2678,3.277,1262132.0
2025-09-28 23:45:00+00:00,3.277,3.2784,3.2713,3.2761,693960.6
2025-09-29 00:00:00+00:00,3.2761,3.2775,3.2646,3.2657,1493933.5
2025-09-29 00:15:00+00:00,3.2657,3.2765,3.2593,3.273,1133779.6
2025-09-29 00:30:00+00:00,3.273,3.2746,3.2664,3.2706,762663.9
2025-09-29 00:45:00+00:00,3.2705,3.2818,3.27,3.2722,839298.9
2025-09-29 01:00:00+00:00,3.2722,3.2838,3.2648,3.2804,1393304.6
2025-09-29 01:15:00+00:00,3.2804,3.2878,3.2699,3.2726,1671071.9
2025-09-29 01:30:00+00:00,3.2726,3.28,3.2712,3.2724,1023244.2
2025-09-29 01:45:00+00:00,3.2724,3.2735,3.2634,3.2647,1288476.5
2025-09-29 02:00:00+00:00,3.2648,3.274,3.2572,3.272,1527427.5
2025-09-29 02:15:00+00:00,3.2719,3.2965,3.27,3.2874,2151735.4
2025-09-29 02:30:00+00:00,3.2874,3.2911,3.274,3.2763,1541685.7
2025-09-29 02:45:00+00:00,3.2763,3.2862,3.2755,3.2838,835076.4
2025-09-29 03:00:00+00:00,3.2838,3.2849,3.2713,3.2723,819041.3
2025-09-29 03:15:00+00:00,3.2722,3.2844,3.2715,3.2831,822007.9
2025-09-29 03:30:00+00:00,3.2831,3.2847,3.278,3.2784,734158.3
2025-09-29 03:45:00+00:00,3.2784,3.2811,3.2718,3.2811,1480596.8
2025-09-29 04:00:00+00:00,3.2811,3.2857,3.2746,3.2762,1590500.0
2025-09-29 04:15:00+00:00,3.2763,3.2832,3.2731,3.2755,599831.4
2025-09-29 04:30:00+00:00,3.2755,3.2851,3.2715,3.2828,959405.9
2025-09-29 04:45:00+00:00,3.2828,3.2855,3.2765,3.2774,585809.4
2025-09-29 05:00:00+00:00,3.2773,3.28,3.2588,3.2673,2142561.4
2025-09-29 05:15:00+00:00,3.2672,3.2798,3.2619,3.2789,2094769.6
2025-09-29 05:30:00+00:00,3.2788,3.2843,3.2746,3.2824,829267.7
2025-09-29 05:45:00+00:00,3.2824,3.296,3.2821,3.2897,1302470.3
2025-09-29 06:00:00+00:00,3.2898,3.292,3.2715,3.2775,1278784.0
2025-09-29 06:15:00+00:00,3.2775,3.2906,3.2728,3.2866,964792.9
2025-09-29 06:30:00+00:00,3.2866,3.292,3.2829,3.2912,769629.9
2025-09-29 06:45:00+00:00,3.2912,3.2942,3.2817,3.2822,878615.2
2025-09-29 07:00:00+00:00,3.2822,3.2874,3.2795,3.2812,1014094.2
2025-09-29 07:15:00+00:00,3.2811,3.2862,3.2721,3.2857,937253.9
2025-09-29 07:30:00+00:00,3.2856,3.3116,3.285,3.3033,2648637.0
2025-09-29 07:45:00+00:00,3.3032,3.3106,3.3009,3.3063,1467315.8
2025-09-29 08:00:00+00:00,3.3063,3.3195,3.2993,3.3107,2717483.4
2025-09-29 08:15:00+00:00,3.3108,3.3175,3.3,3.3168,1382346.4
2025-09-29 08:30:00+00:00,3.3169,3.3246,3.3038,3.3063,2277401.7
2025-09-29 08:45:00+00:00,3.3063,3.3199,3.3058,3.3089,2030163.2
2025-09-29 09:00:00+00:00,3.3089,3.3194,3.3051,3.3056,1032994.9
2025-09-29 09:15:00+00:00,3.3056,3.3148,3.3011,3.308,1257407.5
2025-09-29 09:30:00+00:00,3.3081,3.3096,3.2688,3.2719,3185185.9
2025-09-29 09:45:00+00:00,3.2718,3.2759,3.258,3.2689,4368210.8
2025-09-29 10:00:00+00:00,3.269,3.269,3.2493,3.253,2871988.0
2025-09-29 10:15:00+00:00,3.253,3.261,3.252,3.2584,1220588.8
2025-09-29 10:30:00+00:00,3.2584,3.2596,3.2389,3.2402,1973494.1
2025-09-29 10:45:00+00:00,3.2403,3.2468,3.2324,3.2376,1800368.2
2025-09-29 11:00:00+00:00,3.2377,3.2381,3.2157,3.2246,4638167.4
2025-09-29 11:15:00+00:00,3.2245,3.2355,3.2235,3.2307,1361951.3
2025-09-29 11:30:00+00:00,3.2308,3.2374,3.2281,3.2361,877349.3
2025-09-29 11:45:00+00:00,3.2362,3.2376,3.2317,3.2362,904318.5
2025-09-29 12:00:00+00:00,3.2362,3.2362,3.2216,3.2303,1458703.1
2025-09-29 12:15:00+00:00,3.2303,3.251,3.2268,3.2505,1943376.0
2025-09-29 12:30:00+00:00,3.2504,3.2555,3.2184,3.2225,2280675.2
2025-09-29 12:45:00+00:00,3.2225,3.2352,3.2076,3.2119,2508681.1
2025-09-29 13:00:00+00:00,3.2118,3.2233,3.2034,3.2215,1792242.5
2025-09-29 13:15:00+00:00,3.2215,3.2247,3.2083,3.2104,1239927.1
2025-09-29 13:30:00+00:00,3.2105,3.2667,3.2074,3.2663,3346019.8
2025-09-29 13:45:00+00:00,3.2662,3.2816,3.2491,3.2717,6173857.6
2025-09-29 14:00:00+00:00,3.2714,3.308,3.2664,3.3066,4615737.5
2025-09-29 14:15:00+00:00,3.3067,3.324,3.2977,3.3009,4653044.2
2025-09-29 14:30:00+00:00,3.3009,3.3159,3.295,3.3063,2558903.6
2025-09-29 14:45:00+00:00,3.3064,3.3225,3.3061,3.3098,3268505.8
2025-09-29 15:00:00+00:00,3.3098,3.3284,3.2912,3.294,4723091.8
2025-09-29 15:15:00+00:00,3.2941,3.2994,3.2756,3.2837,3422367.9
2025-09-29 15:30:00+00:00,3.2838,3.2978,3.2796,3.2859,2038193.0
2025-09-29 15:45:00+00:00,3.2859,3.2872,3.2718,3.2791,1800452.0
2025-09-29 16:00:00+00:00,3.2791,3.2939,3.2784,3.291,1698558.8
2025-09-29 16:15:00+00:00,3.291,3.3008,3.2802,3.2819,1650404.0
2025-09-29 16:30:00+00:00,3.282,3.297,3.2774,3.2805,1245770.7
2025-09-29 16:45:00+00:00,3.2805,3.2853,3.2592,3.2613,2398266.3
2025-09-29 17:00:00+00:00,3.2613,3.2768,3.2501,3.2701,2430127.3
2025-09-29 17:15:00+00:00,3.2702,3.2735,3.2547,3.2643,2087142.5
2025-09-29 17:30:00+00:00,3.2642,3.2723,3.255,3.2677,1037261.8
2025-09-29 17:45:00+00:00,3.2676,3.2798,3.2672,3.2758,1218874.7
2025-09-29 18:00:00+00:00,3.2758,3.2764,3.257,3.2586,868611.1
2025-09-29 18:15:00+00:00,3.2585,3.2643,3.2534,3.2621,1005759.8
2025-09-29 18:30:00+00:00,3.2621,3.2649,3.2553,3.261,579199.1
2025-09-29 18:45:00+00:00,3.261,3.2682,3.261,3.2666,717945.9
2025-09-29 19:00:00+00:00,3.2665,3.2788,3.2627,3.2761,878423.4
2025-09-29 19:15:00+00:00,3.2761,3.2763,3.2626,3.2725,758018.5
2025-09-29 19:30:00+00:00,3.2725,3.281,3.2637,3.2809,710558.2
2025-09-29 19:45:00+00:00,3.281,3.293,3.2778,3.2891,1424759.8
2025-09-29 20:00:00+00:00,3.2892,3.3069,3.2832,3.3059,2318059.6
2025-09-29 20:15:00+00:00,3.3059,3.3107,3.2972,3.3022,1442340.4
2025-09-29 20:30:00+00:00,3.3023,3.3183,3.2975,3.3152,2484198.0
2025-09-29 20:45:00+00:00,3.3152,3.3217,3.3123,3.3171,1445813.1
2025-09-29 21:00:00+00:00,3.3171,3.3188,3.2986,3.3024,1677293.5
2025-09-29 21:15:00+00:00,3.3025,3.3126,3.2996,3.3077,1020950.7
2025-09-29 21:30:00+00:00,3.3077,3.3085,3.3022,3.3085,673854.4
2025-09-29 21:45:00+00:00,3.3085,3.309,3.2972,3.2986,429233.4
2025-09-29 22:00:00+00:00,3.2985,3.302,3.2889,3.2926,2084519.5
2025-09-29 22:15:00+00:00,3.2927,3.296,3.2891,3.2928,568064.7
2025-09-29 22:30:00+00:00,3.2928,3.2962,3.2807,3.2812,892503.6
2025-09-29 22:45:00+00:00,3.2812,3.2928,3.2792,3.2884,1025747.8
2025-09-29 23:00:00+00:00,3.2884,3.2927,3.2775,3.2803,968074.5
2025-09-29 23:15:00+00:00,3.2803,3.2888,3.2779,3.2819,643136.3
2025-09-29 23:30:00+00:00,3.2818,3.2891,3.2812,3.2821,805469.7
2025-09-29 23:45:00+00:00,3.282,3.285,3.2768,3.2786,583913.9
2025-09-30 00:00:00+00:00,3.2785,3.2905,3.274,3.2827,2421650.4
2025-09-30 00:15:00+00:00,3.2825,3.2825,3.2552,3.2606,3020393.7
2025-09-30 00:30:00+00:00,3.2605,3.2781,3.2588,3.2708,1563187.0
2025-09-30 00:45:00+00:00,3.2708,3.2871,3.2537,3.2558,3222378.4
2025-09-30 01:00:00+00:00,3.2557,3.2697,3.2522,3.2687,1694468.9
2025-09-30 01:15:00+00:00,3.2687,3.2789,3.2562,3.2602,2179121.6
2025-09-30 01:30:00+00:00,3.2602,3.2602,3.2426,3.2433,2263469.1
2025-09-30 01:45:00+00:00,3.2433,3.2526,3.2362,3.251,2151201.9
2025-09-30 02:00:00+00:00,3.2509,3.2562,3.245,3.2479,1445488.3
2025-09-30 02:15:00+00:00,3.2479,3.2551,3.2428,3.248,1289913.4
2025-09-30 02:30:00+00:00,3.248,3.2611,3.2444,3.2553,1716670.3
2025-09-30 02:45:00+00:00,3.2553,3.2618,3.2456,3.2492,1702496.6
2025-09-30 03:00:00+00:00,3.2491,3.2628,3.2428,3.2583,1891678.9
2025-09-30 03:15:00+00:00,3.2583,3.2688,3.2544,3.2641,1097993.6
2025-09-30 03:30:00+00:00,3.264,3.2746,3.2601,3.2737,1201215.5
2025-09-30 03:45:00+00:00,3.2736,3.275,3.2558,3.2585,1351971.2
2025-09-30 04:00:00+00:00,3.2585,3.264,3.2561,3.2561,1108633.0
2025-09-30 04:15:00+00:00,3.2561,3.2662,3.2532,3.2557,1083438.5
2025-09-30 04:30:00+00:00,3.2557,3.262,3.253,3.2593,822765.1
2025-09-30 04:45:00+00:00,3.2594,3.2613,3.2464,3.2494,969153.6
2025-09-30 05:00:00+00:00,3.2494,3.2596,3.2453,3.2562,1374703.2
2025-09-30 05:15:00+00:00,3.2561,3.2602,3.2464,3.2574,788421.5
2025-09-30 05:30:00+00:00,3.2573,3.2596,3.2464,3.2476,979663.3
2025-09-30 05:45:00+00:00,3.2475,3.2576,3.2394,3.2512,1054373.1
2025-09-30 06:00:00+00:00,3.2512,3.2556,3.2431,3.251,980060.5
2025-09-30 06:15:00+00:00,3.251,3.2588,3.247,3.2555,767365.3
2025-09-30 06:30:00+00:00,3.2556,3.2766,3.2556,3.2759,2226308.0
2025-09-30 06:45:00+00:00,3.2759,3.2767,3.2554,3.2584,1498709.1
2025-09-30 07:00:00+00:00,3.2583,3.2672,3.2536,3.2578,1314721.0
2025-09-30 07:15:00+00:00,3.2579,3.2583,3.2496,3.2509,1639018.9
2025-09-30 07:30:00+00:00,3.2509,3.2509,3.2253,3.2296,3448510.8
2025-09-30 07:45:00+00:00,3.2297,3.2429,3.2258,3.2361,1403732.8
2025-09-30 08:00:00+00:00,3.2361,3.2418,3.2303,3.2329,1295080.9
2025-09-30 08:15:00+00:00,3.2329,3.2349,3.2272,3.2332,910256.9
2025-09-30 08:30:00+00:00,3.2333,3.2375,3.2238,3.2283,1776054.4
2025-09-30 08:45:00+00:00,3.2284,3.2302,3.2178,3.2195,1293732.5
2025-09-30 09:00:00+00:00,3.2195,3.2228,3.2081,3.209,1534688.3
2025-09-30 09:15:00+00:00,3.2089,3.2248,3.2076,3.2228,1533479.9
2025-09-30 09:30:00+00:00,3.2229,3.2262,3.2052,3.207,1395108.3
2025-09-30 09:45:00+00:00,3.2069,3.2069,3.2,3.2041,1617039.1
2025-09-30 10:00:00+00:00,3.204,3.214,3.1962,3.2078,1968717.5
2025-09-30 10:15:00+00:00,3.2078,3.2154,3.2037,3.2117,1190169.0
2025-09-30 10:30:00+00:00,3.2117,3.218,3.2055,3.2141,1460539.3
2025-09-30 10:45:00+00:00,3.2141,3.2186,3.21,3.2105,877673.8
2025-09-30 11:00:00+00:00,3.2106,3.2141,3.2012,3.2046,660483.2
2025-09-30 11:15:00+00:00,3.2046,3.2136,3.1998,3.2118,762833.3
2025-09-30 11:30:00+00:00,3.2118,3.2286,3.2099,3.2269,2012513.2
2025-09-30 11:45:00+00:00,3.227,3.2311,3.2215,3.2239,1337549.0
2025-09-30 12:00:00+00:00,3.2239,3.2287,3.2185,3.2203,1000003.6
2025-09-30 12:15:00+00:00,3.2203,3.2368,3.2197,3.235,1220894.6
2025-09-30 12:30:00+00:00,3.235,3.24,3.2306,3.2338,1396292.0
2025-09-30 12:45:00+00:00,3.2338,3.235,3.2127,3.2142,1599195.6
2025-09-30 13:00:00+00:00,3.2143,3.2157,3.199,3.2065,1657838.2
2025-09-30 13:15:00+00:00,3.2066,3.2203,3.2028,3.2158,1905542.7
2025-09-30 13:30:00+00:00,3.2159,3.2374,3.1992,3.2341,2943918.7
2025-09-30 13:45:00+00:00,3.234,3.2446,3.2008,3.2111,3349197.4
2025-09-30 14:00:00+00:00,3.2111,3.219,3.1977,3.2076,2129947.3
2025-09-30 14:15:00+00:00,3.2076,3.219,3.1965,3.203,1494806.5
2025-09-30 14:30:00+00:00,3.203,3.2099,3.1959,3.2031,1477266.1
2025-09-30 14:45:00+00:00,3.2031,3.2208,3.1943,3.2192,1927123.0
2025-09-30 15:00:00+00:00,3.2193,3.2206,3.1766,3.1812,4157703.2
2025-09-30 15:15:00+00:00,3.1811,3.185,3.1578,3.1697,5208656.2
2025-09-30 15:30:00+00:00,3.1696,3.1818,3.1645,3.1676,2466342.8
2025-09-30 15:45:00+00:00,3.1675,3.1692,3.1569,3.1632,1933870.5
2025-09-30 16:00:00+00:00,3.1632,3.1651,3.1523,3.1563,2951445.7
2025-09-30 16:15:00+00:00,3.1562,3.1722,3.151,3.1665,2948549.0
2025-09-30 16:30:00+00:00,3.1665,3.1703,3.152,3.1589,1924262.0
2025-09-30 16:45:00+00:00,3.1589,3.1682,3.1527,3.1604,1343916.3
2025-09-30 17:00:00+00:00,3.1603,3.1716,3.1564,3.1662,1443782.2
2025-09-30 17:15:00+00:00,3.1661,3.1705,3.16,3.1648,1275540.8
2025-09-30 17:30:00+00:00,3.1647,3.1805,3.156,3.165,4773281.7
2025-09-30 17:45:00+00:00,3.1649,3.173,3.1558,3.1665,1373964.0
2025-09-30 18:00:00+00:00,3.1665,3.1823,3.1576,3.1803,1388891.5
2025-09-30 18:15:00+00:00,3.1803,3.1864,3.1737,3.186,1236565.5
2025-09-30 18:30:00+00:00,3.1859,3.1865,3.1753,3.1848,934496.6
2025-09-30 18:45:00+00:00,3.1847,3.1964,3.1832,3.1944,1178733.2
2025-09-30 19:00:00+00:00,3.1944,3.2053,3.1899,3.1986,1641872.3
2025-09-30 19:15:00+00:00,3.1985,3.209,3.1949,3.2089,916327.6
2025-09-30 19:30:00+00:00,3.2089,3.2352,3.2087,3.232,2264134.8
2025-09-30 19:45:00+00:00,3.2319,3.2738,3.2319,3.2577,5221591.4
2025-09-30 20:00:00+00:00,3.2578,3.2675,3.2547,3.2601,2563305.6
2025-09-30 20:15:00+00:00,3.2602,3.2815,3.2599,3.2786,2534290.1
2025-09-30 20:30:00+00:00,3.2786,3.2906,3.2736,3.2876,2139139.9
2025-09-30 20:45:00+00:00,3.2876,3.3029,3.2861,3.2988,2381899.6
2025-09-30 21:00:00+00:00,3.2989,3.311,3.2923,3.2942,2827212.9
2025-09-30 21:15:00+00:00,3.2943,3.3084,3.2866,3.2876,2706435.6
2025-09-30 21:30:00+00:00,3.2876,3.2985,3.2825,3.2929,2003589.9
2025-09-30 21:45:00+00:00,3.293,3.293,3.2665,3.2666,1493377.8
2025-09-30 22:00:00+00:00,3.2666,3.2862,3.2663,3.2774,1485783.5
2025-09-30 22:15:00+00:00,3.2774,3.2859,3.2694,3.2713,934681.6
2025-09-30 22:30:00+00:00,3.2712,3.2734,3.2598,3.2655,1357888.4
2025-09-30 22:45:00+00:00,3.2656,3.2708,3.2495,3.2544,1019217.7
2025-09-30 23:00:00+00:00,3.2544,3.255,3.2401,3.2435,2024180.0
2025-09-30 23:15:00+00:00,3.2435,3.2585,3.2405,3.2514,1499536.4
2025-09-30 23:30:00+00:00,3.2514,3.2568,3.2466,3.2547,695948.3
2025-09-30 23:45:00+00:00,3.2548,3.262,3.2523,3.2591,865801.3
2025-10-01 00:00:00+00:00,3.2592,3.2692,3.2574,3.2594,1083701.5
2025-10-01 00:15:00+00:00,3.2595,3.2603,3.2424,3.2439,814681.7
2025-10-01 00:30:00+00:00,3.2438,3.2513,3.2359,3.2384,1701332.1
2025-10-01 00:45:00+00:00,3.2384,3.2597,3.2361,3.2594,1177674.8
2025-10-01 01:00:00+00:00,3.2593,3.2637,3.2538,3.2586,718597.8
2025-10-01 01:15:00+00:00,3.2586,3.2656,3.2441,3.2629,1674621.8
2025-10-01 01:30:00+00:00,3.2629,3.2722,3.2506,3.2691,1603073.8
2025-10-01 01:45:00+00:00,3.269,3.2777,3.2658,3.275,1590859.8
2025-10-01 02:00:00+00:00,3.275,3.2785,3.2673,3.2713,1360578.1
2025-10-01 02:15:00+00:00,3.2712,3.2785,3.2693,3.2716,523546.9
2025-10-01 02:30:00+00:00,3.2717,3.272,3.2555,3.256,815536.7
2025-10-01 02:45:00+00:00,3.256,3.2629,3.2533,3.2545,592022.0
2025-10-01 03:00:00+00:00,3.2545,3.2581,3.2492,3.256,1079052.4
2025-10-01 03:15:00+00:00,3.2561,3.2573,3.2455,3.2502,1225784.8
2025-10-01 03:30:00+00:00,3.2503,3.2564,3.2367,3.2378,1000159.2
2025-10-01 03:45:00+00:00,3.2378,3.2381,3.2152,3.218,3191396.1
2025-10-01 04:00:00+00:00,3.218,3.2437,3.2142,3.2361,1679087.6
2025-10-01 04:15:00+00:00,3.2361,3.25,3.2361,3.2456,1229359.9
2025-10-01 04:30:00+00:00,3.2456,3.2517,3.239,3.2416,1062625.8
2025-10-01 04:45:00+00:00,3.2415,3.2457,3.2256,3.2305,1856537.8
2025-10-01 05:00:00+00:00,3.2306,3.261,3.229,3.2553,1705149.3
2025-10-01 05:15:00+00:00,3.2553,3.2629,3.2493,3.2524,704416.6
2025-10-01 05:30:00+00:00,3.2523,3.2593,3.244,3.2585,917054.7
2025-10-01 05:45:00+00:00,3.2586,3.26,3.2506,3.2531,808025.1
2025-10-01 06:00:00+00:00,3.2531,3.2579,3.2468,3.2506,923707.5
2025-10-01 06:15:00+00:00,3.2506,3.2569,3.2393,3.2467,919254.8
2025-10-01 06:30:00+00:00,3.2466,3.252,3.242,3.246,613468.6
2025-10-01 06:45:00+00:00,3.2461,3.2469,3.2308,3.2335,900479.1
2025-10-01 07:00:00+00:00,3.2336,3.2479,3.2318,3.2459,653743.2
2025-10-01 07:15:00+00:00,3.2458,3.2544,3.2454,3.2511,724917.2
2025-10-01 07:30:00+00:00,3.2511,3.2592,3.2482,3.2562,920522.0
2025-10-01 07:45:00+00:00,3.2561,3.2591,3.2513,3.2545,401501.0
2025-10-01 08:00:00+00:00,3.2545,3.2666,3.2518,3.2619,1126542.4
2025-10-01 08:15:00+00:00,3.262,3.283,3.2563,3.2827,1823686.9
2025-10-01 08:30:00+00:00,3.2826,3.3592,3.2817,3.3567,8139959.8
2025-10-01 08:45:00+00:00,3.3568,3.3857,3.3448,3.3812,10571877.2
2025-10-01 09:00:00+00:00,3.3811,3.3927,3.3711,3.3871,5040845.7
2025-10-01 09:15:00+00:00,3.3871,3.3999,3.3769,3.3999,3293232.0
2025-10-01 09:30:00+00:00,3.3999,3.4034,3.3863,3.4031,3291269.0
2025-10-01 09:45:00+00:00,3.4031,3.4043,3.397,3.3978,1530245.5
2025-10-01 10:00:00+00:00,3.3979,3.4095,3.3725,3.374,4270118.6
2025-10-01 10:15:00+00:00,3.3738,3.3988,3.3736,3.3934,2381101.3
2025-10-01 10:30:00+00:00,3.3934,3.3976,3.3813,3.3968,1971082.2
2025-10-01 10:45:00+00:00,3.3969,3.4072,3.3931,3.3978,1956080.8
2025-10-01 11:00:00+00:00,3.3979,3.4145,3.3979,3.4079,2490838.9
2025-10-01 11:15:00+00:00,3.4078,3.4192,3.4059,3.4166,1659842.2
2025-10-01 11:30:00+00:00,3.4166,3.4194,3.4033,3.4096,2662790.4
2025-10-01 11:45:00+00:00,3.4095,3.4185,3.4044,3.418,1325000.0
2025-10-01 12:00:00+00:00,3.4179,3.4251,3.399,3.4011,2514400.9
2025-10-01 12:15:00+00:00,3.4011,3.4152,3.3955,3.404,2306369.1
2025-10-01 12:30:00+00:00,3.4041,3.4056,3.3915,3.3939,3205493.4
2025-10-01 12:45:00+00:00,3.3939,3.4045,3.3903,3.3957,1634061.9
2025-10-01 13:00:00+00:00,3.3956,3.4125,3.3945,3.4124,1875540.1
2025-10-01 13:15:00+00:00,3.4124,3.4275,3.4085,3.4099,2334080.8
2025-10-01 13:30:00+00:00,3.41,3.4191,3.405,3.4124,2074510.9
2025-10-01 13:45:00+00:00,3.4124,3.4173,3.4023,3.4162,2116516.4
2025-10-01 14:00:00+00:00,3.4161,3.435,3.4054,3.4241,3419809.7
2025-10-01 14:15:00+00:00,3.4242,3.4467,3.4237,3.4428,4206117.6
2025-10-01 14:30:00+00:00,3.4428,3.4645,3.4353,3.4633,4534609.9
2025-10-01 14:45:00+00:00,3.4634,3.4634,3.4314,3.4474,3530049.5
2025-10-01 15:00:00+00:00,3.4474,3.4525,3.4365,3.4467,1986565.1
2025-10-01 15:15:00+00:00,3.4467,3.4598,3.4459,3.4519,1780379.3
2025-10-01 15:30:00+00:00,3.452,3.4727,3.448,3.4709,3501188.4
2025-10-01 15:45:00+00:00,3.4709,3.4889,3.4673,3.488,4174528.6
2025-10-01 16:00:00+00:00,3.4881,3.4982,3.4713,3.4836,5217984.0
2025-10-01 16:15:00+00:00,3.4837,3.486,3.4688,3.4744,2696976.2
2025-10-01 16:30:00+00:00,3.4745,3.4838,3.47,3.4733,2195427.8
2025-10-01 16:45:00+00:00,3.4732,3.4755,3.4517,3.4524,2631625.9
2025-10-01 17:00:00+00:00,3.4524,3.4607,3.4502,3.4513,2424931.8
2025-10-01 17:15:00+00:00,3.4513,3.4636,3.4513,3.4582,1062699.4
2025-10-01 17:30:00+00:00,3.4582,3.4608,3.4457,3.447,1247277.7
2025-10-01 17:45:00+00:00,3.4469,3.4513,3.4358,3.4443,2933539.5
2025-10-01 18:00:00+00:00,3.4443,3.4625,3.4443,3.4611,1701709.1
2025-10-01 18:15:00+00:00,3.461,3.4652,3.4513,3.4649,1038023.8
2025-10-01 18:30:00+00:00,3.4649,3.4807,3.4639,3.476,1539705.3
2025-10-01 18:45:00+00:00,3.4759,3.4926,3.4749,3.4904,2061565.2
2025-10-01 19:00:00+00:00,3.4904,3.5091,3.4845,3.5043,2728250.5
2025-10-01 19:15:00+00:00,3.5042,3.5285,3.5042,3.5269,3528727.9
2025-10-01 19:30:00+00:00,3.5269,3.5312,3.5133,3.5188,1983761.2
2025-10-01 19:45:00+00:00,3.5187,3.5291,3.5149,3.5151,1436358.7
2025-10-01 20:00:00+00:00,3.5152,3.5277,3.5011,3.5064,2650630.3
2025-10-01 20:15:00+00:00,3.5064,3.5161,3.4935,3.5042,1831025.4
2025-10-01 20:30:00+00:00,3.5042,3.5076,3.5,3.5047,592779.9
2025-10-01 20:45:00+00:00,3.5047,3.509,3.5023,3.5051,588704.9
2025-10-01 21:00:00+00:00,3.505,3.511,3.4974,3.5045,1078144.0
2025-10-01 21:15:00+00:00,3.5045,3.5062,3.4912,3.5002,721468.4
2025-10-01 21:30:00+00:00,3.5001,3.5006,3.4893,3.4928,1114218.1
2025-10-01 21:45:00+00:00,3.4928,3.4967,3.4875,3.4937,579244.4
2025-10-01 22:00:00+00:00,3.4937,3.5172,3.4929,3.5119,1766349.9
2025-10-01 22:15:00+00:00,3.5118,3.5142,3.497,3.5019,1486614.4
2025-10-01 22:30:00+00:00,3.5019,3.5019,3.4862,3.4921,593969.7
2025-10-01 22:45:00+00:00,3.4921,3.503,3.4909,3.5023,1599068.0
2025-10-01 23:00:00+00:00,3.5022,3.5247,3.4968,3.5199,2652026.0
2025-10-01 23:15:00+00:00,3.52,3.5295,3.5121,3.5172,2156357.9
2025-10-01 23:30:00+00:00,3.5172,3.5217,3.5125,3.5156,835781.4
2025-10-01 23:45:00+00:00,3.5156,3.5251,3.5145,3.5208,1250629.7
2025-10-02 00:00:00+00:00,3.5208,3.5356,3.5127,3.5333,3855686.2
2025-10-02 00:15:00+00:00,3.5332,3.5377,3.5247,3.5277,1741278.8
2025-10-02 00:30:00+00:00,3.5277,3.5327,3.5153,3.5153,1519255.1
2025-10-02 00:45:00+00:00,3.5153,3.5279,3.5083,3.5217,2051341.9
2025-10-02 01:00:00+00:00,3.5216,3.5522,3.5129,3.5475,2560478.2
2025-10-02 01:15:00+00:00,3.5474,3.5496,3.5297,3.5408,1796124.5
2025-10-02 01:30:00+00:00,3.5409,3.5566,3.5384,3.5558,1122228.7
2025-10-02 01:45:00+00:00,3.5559,3.5769,3.5538,3.5722,2283771.5
2025-10-02 02:00:00+00:00,3.5722,3.5779,3.549,3.556,1865227.9
2025-10-02 02:15:00+00:00,3.556,3.5677,3.548,3.5587,1246075.6
2025-10-02 02:30:00+00:00,3.5588,3.5739,3.5552,3.5675,1186786.7
2025-10-02 02:45:00+00:00,3.5675,3.578,3.5586,3.5667,1864133.5
2025-10-02 03:00:00+00:00,3.5669,3.5694,3.5532,3.5656,1244541.6
2025-10-02 03:15:00+00:00,3.5656,3.5722,3.5516,3.5693,1488644.6
2025-10-02 03:30:00+00:00,3.5694,3.5763,3.5614,3.5622,1318578.8
2025-10-02 03:45:00+00:00,3.5622,3.5692,3.5576,3.5662,837966.4
2025-10-02 04:00:00+00:00,3.5663,3.5692,3.5558,3.5658,1061264.6
2025-10-02 04:15:00+00:00,3.5658,3.5668,3.543,3.5441,1414295.9
2025-10-02 04:30:00+00:00,3.5441,3.5473,3.5368,3.5472,1290839.8
2025-10-02 04:45:00+00:00,3.5473,3.5594,3.5458,3.5592,813024.4
2025-10-02 05:00:00+00:00,3.5593,3.5665,3.5553,3.5582,1206149.2
2025-10-02 05:15:00+00:00,3.5583,3.5666,3.5472,3.5645,1034968.5
2025-10-02 05:30:00+00:00,3.5645,3.5707,3.5556,3.5616,1411974.3
2025-10-02 05:45:00+00:00,3.5616,3.5635,3.5523,3.5544,524729.5
2025-10-02 06:00:00+00:00,3.5544,3.5634,3.552,3.5625,741753.2
2025-10-02 06:15:00+00:00,3.5626,3.5771,3.5592,3.5718,985518.4
2025-10-02 06:30:00+00:00,3.5718,3.5924,3.5691,3.5786,3927715.8
2025-10-02 06:45:00+00:00,3.5786,3.5828,3.5714,3.5801,1170501.4
2025-10-02 07:00:00+00:00,3.5802,3.5847,3.571,3.5771,1538288.1
2025-10-02 07:15:00+00:00,3.577,3.5819,3.5715,3.5769,1007677.1
2025-10-02 07:30:00+00:00,3.5769,3.5819,3.5702,3.5747,858275.8
2025-10-02 07:45:00+00:00,3.5747,3.5777,3.5444,3.5535,2188211.1
2025-10-02 08:00:00+00:00,3.5536,3.5635,3.5486,3.5498,1306404.9
2025-10-02 08:15:00+00:00,3.5498,3.5738,3.5496,3.5728,1566215.1
2025-10-02 08:30:00+00:00,3.5728,3.5733,3.5628,3.5685,728615.0
2025-10-02 08:45:00+00:00,3.5686,3.573,3.5596,3.5729,764635.6
2025-10-02 09:00:00+00:00,3.5729,3.574,3.5604,3.5614,754801.8
2025-10-02 09:15:00+00:00,3.5615,3.5742,3.561,3.5653,1409919.8
2025-10-02 09:30:00+00:00,3.5653,3.5665,3.5538,3.557,724439.7
2025-10-02 09:45:00+00:00,3.557,3.5684,3.5563,3.5671,963286.5
2025-10-02 10:00:00+00:00,3.5671,3.5696,3.5614,3.5652,723595.1
2025-10-02 10:15:00+00:00,3.5651,3.5662,3.5444,3.5447,1786464.3
2025-10-02 10:30:00+00:00,3.5448,3.5542,3.5422,3.5542,1098153.1
2025-10-02 10:45:00+00:00,3.5541,3.5544,3.5484,3.5533,720477.3
2025-10-02 11:00:00+00:00,3.5533,3.558,3.5496,3.5547,710582.2
2025-10-02 11:15:00+00:00,3.5547,3.5627,3.5536,3.5568,517322.2
2025-10-02 11:30:00+00:00,3.5568,3.5718,3.5538,3.5704,1301368.4
2025-10-02 11:45:00+00:00,3.5705,3.5768,3.5513,3.5556,1302713.0
2025-10-02 12:00:00+00:00,3.5556,3.5676,3.5509,3.5644,883389.1
2025-10-02 12:15:00+00:00,3.5645,3.5738,3.5638,3.5736,1119052.2
2025-10-02 12:30:00+00:00,3.5737,3.581,3.5609,3.5707,1449756.8
2025-10-02 12:45:00+00:00,3.5707,3.5816,3.5659,3.5801,960169.2
2025-10-02 13:00:00+00:00,3.5801,3.5826,3.5704,3.5704,1238728.3
2025-10-02 13:15:00+00:00,3.5705,3.572,3.5432,3.5619,2554587.6
2025-10-02 13:30:00+00:00,3.562,3.5793,3.5525,3.5774,2835940.6
2025-10-02 13:45:00+00:00,3.5774,3.5905,3.5693,3.5867,2397277.6
2025-10-02 14:00:00+00:00,3.5867,3.5894,3.5567,3.563,2222544.8
2025-10-02 14:15:00+00:00,3.5628,3.5776,3.5554,3.5762,1203159.2
2025-10-02 14:30:00+00:00,3.5763,3.5807,3.5142,3.522,4742940.1
2025-10-02 14:45:00+00:00,3.5218,3.5294,3.4804,3.5038,11680836.5
2025-10-02 15:00:00+00:00,3.5038,3.5176,3.4803,3.5146,6813894.9
2025-10-02 15:15:00+00:00,3.5146,3.5244,3.5015,3.5221,3769389.4
2025-10-02 15:30:00+00:00,3.5222,3.5285,3.5041,3.5271,2427188.7
2025-10-02 15:45:00+00:00,3.5271,3.5557,3.5246,3.5514,2877913.7
2025-10-02 16:00:00+00:00,3.5514,3.5662,3.5408,3.5591,3395833.7
2025-10-02 16:15:00+00:00,3.5591,3.5727,3.5483,3.5557,3903621.1
2025-10-02 16:30:00+00:00,3.5557,3.5626,3.5239,3.5325,2634817.8
2025-10-02 16:45:00+00:00,3.5325,3.5484,3.5311,3.5407,1509738.3
2025-10-02 17:00:00+00:00,3.5407,3.544,3.5304,3.5401,2006654.9
2025-10-02 17:15:00+00:00,3.5401,3.5478,3.5287,3.5476,1679647.4
2025-10-02 17:30:00+00:00,3.5476,3.5699,3.5436,3.5607,2075253.4
2025-10-02 17:45:00+00:00,3.5606,3.5748,3.5606,3.5707,1436248.0
2025-10-02 18:00:00+00:00,3.5706,3.5877,3.5706,3.5818,2749689.7
2025-10-02 18:15:00+00:00,3.5817,3.5963,3.5772,3.5923,2236712.9
2025-10-02 18:30:00+00:00,3.5922,3.6065,3.5852,3.6004,2931585.1
2025-10-02 18:45:00+00:00,3.6004,3.6149,3.5991,3.6074,2620399.5
2025-10-02 19:00:00+00:00,3.6073,3.642,3.6002,3.6386,4930194.9
2025-10-02 19:15:00+00:00,3.6387,3.6405,3.6065,3.6182,2881475.2
2025-10-02 19:30:00+00:00,3.6181,3.6228,3.6097,3.6131,1263976.5
2025-10-02 19:45:00+00:00,3.6131,3.6233,3.6093,3.6131,1141496.7
2025-10-02 20:00:00+00:00,3.6131,3.6159,3.6008,3.6041,1701569.9
2025-10-02 20:15:00+00:00,3.604,3.6066,3.5843,3.587,2141268.3
2025-10-02 20:30:00+00:00,3.587,3.589,3.5742,3.5873,1723910.2
2025-10-02 20:45:00+00:00,3.5874,3.596,3.5854,3.596,835825.7
2025-10-02 21:00:00+00:00,3.596,3.6055,3.5876,3.6016,1018795.6
2025-10-02 21:15:00+00:00,3.6018,3.6047,3.5836,3.5872,1012231.9
2025-10-02 21:30:00+00:00,3.5871,3.5879,3.5758,3.5782,698008.5
2025-10-02 21:45:00+00:00,3.5782,3.5849,3.575,3.575,614976.6
2025-10-02 22:00:00+00:00,3.575,3.5875,3.5742,3.5809,883033.6
2025-10-02 22:15:00+00:00,3.5808,3.5809,3.56,3.5677,2022877.6
2025-10-02 22:30:00+00:00,3.5678,3.5734,3.5602,3.5635,992017.3
2025-10-02 22:45:00+00:00,3.5636,3.568,3.5607,3.5646,685308.6
2025-10-02 23:00:00+00:00,3.5646,3.5781,3.5638,3.5768,1139703.7
2025-10-02 23:15:00+00:00,3.5769,3.5788,3.5672,3.5737,720527.1
2025-10-02 23:30:00+00:00,3.5737,3.5803,3.5703,3.5773,584156.5
2025-10-02 23:45:00+00:00,3.5774,3.59,3.5698,3.5853,1495773.8
2025-10-03 00:00:00+00:00,3.5852,3.5859,3.5518,3.5578,1786456.8
2025-10-03 00:15:00+00:00,3.5579,3.5677,3.5542,3.5631,1350112.0
2025-10-03 00:30:00+00:00,3.5631,3.5635,3.5436,3.547,1563049.6
2025-10-03 00:45:00+00:00,3.5469,3.5524,3.5445,3.5487,814272.1
2025-10-03 01:00:00+00:00,3.5488,3.5621,3.5444,3.5449,1480566.2
2025-10-03 01:15:00+00:00,3.5448,3.5521,3.531,3.5368,1747228.0
2025-10-03 01:30:00+00:00,3.5367,3.5455,3.534,3.5368,1048551.4
2025-10-03 01:45:00+00:00,3.5368,3.5419,3.5211,3.5276,1434558.5
2025-10-03 02:00:00+00:00,3.5276,3.5474,3.525,3.5474,1479006.2
2025-10-03 02:15:00+00:00,3.5474,3.552,3.5369,3.5382,998257.1
2025-10-03 02:30:00+00:00,3.5382,3.55,3.5306,3.5444,1210710.9
2025-10-03 02:45:00+00:00,3.5444,3.554,3.5377,3.5527,931934.7
2025-10-03 03:00:00+00:00,3.5526,3.5751,3.5498,3.5671,2135651.5
2025-10-03 03:15:00+00:00,3.5672,3.5857,3.5643,3.5663,2301953.8
2025-10-03 03:30:00+00:00,3.5663,3.5747,3.5606,3.5698,1069151.5
2025-10-03 03:45:00+00:00,3.5699,3.5772,3.5569,3.5614,1432005.5
2025-10-03 04:00:00+00:00,3.5615,3.5884,3.5572,3.5883,1235802.7
2025-10-03 04:15:00+00:00,3.5884,3.6086,3.5855,3.5975,2743241.1
2025-10-03 04:30:00+00:00,3.5976,3.5976,3.5764,3.5824,1514480.4
2025-10-03 04:45:00+00:00,3.5823,3.5967,3.5808,3.5951,1087792.9
2025-10-03 05:00:00+00:00,3.5955,3.598,3.5868,3.5886,970646.9
2025-10-03 05:15:00+00:00,3.5885,3.589,3.5768,3.5789,1109126.5
2025-10-03 05:30:00+00:00,3.5788,3.5817,3.5683,3.5718,829897.3
2025-10-03 05:45:00+00:00,3.5718,3.5842,3.5671,3.5818,887610.7
2025-10-03 06:00:00+00:00,3.5817,3.6024,3.5785,3.6015,1447588.8
2025-10-03 06:15:00+00:00,3.6015,3.608,3.5965,3.5977,1179822.0
2025-10-03 06:30:00+00:00,3.5977,3.5998,3.5904,3.5989,854590.9
2025-10-03 06:45:00+00:00,3.5988,3.5988,3.5651,3.5889,2201358.9
2025-10-03 07:00:00+00:00,3.5889,3.6133,3.584,3.6004,3467173.5
2025-10-03 07:15:00+00:00,3.6003,3.606,3.577,3.5795,1711968.8
2025-10-03 07:30:00+00:00,3.5796,3.597,3.5785,3.5855,1216495.0
2025-10-03 07:45:00+00:00,3.5854,3.5981,3.5835,3.5878,991328.8
2025-10-03 08:00:00+00:00,3.5878,3.5908,3.5708,3.572,1318973.4
2025-10-03 08:15:00+00:00,3.5719,3.5746,3.5555,3.5722,1945031.4
2025-10-03 08:30:00+00:00,3.5722,3.5876,3.5679,3.5873,1005757.9
2025-10-03 08:45:00+00:00,3.5873,3.604,3.584,3.6031,1238441.5
2025-10-03 09:00:00+00:00,3.6031,3.6119,3.5925,3.5952,1647925.4
2025-10-03 09:15:00+00:00,3.5952,3.6288,3.5895,3.6233,2424481.6
2025-10-03 09:30:00+00:00,3.6234,3.626,3.5989,3.6024,1517264.1
2025-10-03 09:45:00+00:00,3.6024,3.6151,3.6008,3.6085,1115109.8
2025-10-03 10:00:00+00:00,3.6084,3.6084,3.5938,3.598,981512.7
2025-10-03 10:15:00+00:00,3.598,3.6065,3.5934,3.6035,1144084.6
2025-10-03 10:30:00+00:00,3.6035,3.6113,3.5988,3.6087,789583.9
2025-10-03 10:45:00+00:00,3.6088,3.6115,3.6009,3.6023,956482.7
2025-10-03 11:00:00+00:00,3.6023,3.6034,3.5763,3.5792,1597150.5
2025-10-03 11:15:00+00:00,3.5792,3.582,3.5717,3.5779,1081983.2
2025-10-03 11:30:00+00:00,3.5779,3.5866,3.5725,3.584,742242.3
2025-10-03 11:45:00+00:00,3.5841,3.5876,3.5751,3.5762,692388.4
2025-10-03 12:00:00+00:00,3.5763,3.5798,3.5641,3.5786,1289478.4
2025-10-03 12:15:00+00:00,3.5787,3.5837,3.5628,3.5655,981033.8
2025-10-03 12:30:00+00:00,3.5656,3.5807,3.5628,3.5687,1132006.9
2025-10-03 12:45:00+00:00,3.5688,3.5768,3.5627,3.5709,972282.5
2025-10-03 13:00:00+00:00,3.571,3.571,3.5424,3.5461,2950254.4
2025-10-03 13:15:00+00:00,3.5461,3.5734,3.5429,3.5701,1260972.4
2025-10-03 13:30:00+00:00,3.5702,3.5819,3.5496,3.5597,2587098.4
2025-10-03 13:45:00+00:00,3.5596,3.5796,3.558,3.5726,1466578.0
2025-10-03 14:00:00+00:00,3.5726,3.5743,3.555,3.5601,2188355.6
2025-10-03 14:15:00+00:00,3.56,3.58,3.5407,3.5798,2469693.2
2025-10-03 14:30:00+00:00,3.5798,3.5892,3.5634,3.5868,1527038.6
2025-10-03 14:45:00+00:00,3.5867,3.6106,3.5866,3.5896,2573954.8
2025-10-03 15:00:00+00:00,3.5895,3.5895,3.5727,3.5846,1439674.8
2025-10-03 15:15:00+00:00,3.5847,3.6164,3.5846,3.5985,2635518.3
2025-10-03 15:30:00+00:00,3.5986,3.6351,3.5979,3.6201,3612842.3
2025-10-03 15:45:00+00:00,3.6202,3.64,3.61,3.6363,3000689.1
2025-10-03 16:00:00+00:00,3.6362,3.6582,3.6351,3.6439,6142593.0
2025-10-03 16:15:00+00:00,3.6438,3.6539,3.6317,3.6413,3679823.5
2025-10-03 16:30:00+00:00,3.6414,3.6664,3.635,3.6634,3674604.2
2025-10-03 16:45:00+00:00,3.6634,3.6645,3.601,3.6086,4415901.1
2025-10-03 17:00:00+00:00,3.6085,3.6085,3.5448,3.5886,11835332.3
2025-10-03 17:15:00+00:00,3.5884,3.5974,3.567,3.5755,4584265.5
2025-10-03 17:30:00+00:00,3.5754,3.5924,3.5645,3.5836,2666720.2
2025-10-03 17:45:00+00:00,3.5834,3.5846,3.5468,3.5593,3432313.6
2025-10-03 18:00:00+00:00,3.5595,3.5727,3.5469,3.5683,2244954.1
2025-10-03 18:15:00+00:00,3.5683,3.5869,3.5653,3.5857,1511402.3
2025-10-03 18:30:00+00:00,3.5859,3.588,3.5717,3.5857,1171508.7
2025-10-03 18:45:00+00:00,3.5856,3.5934,3.5801,3.5925,917659.5
2025-10-03 19:00:00+00:00,3.5926,3.594,3.5706,3.579,1577951.1
2025-10-03 19:15:00+00:00,3.579,3.6027,3.5789,3.5988,2246256.1
2025-10-03 19:30:00+00:00,3.5989,3.602,3.5902,3.5921,994557.7
2025-10-03 19:45:00+00:00,3.5921,3.5923,3.582,3.5848,827270.4
2025-10-03 20:00:00+00:00,3.5848,3.5864,3.5675,3.5751,1574396.3
2025-10-03 20:15:00+00:00,3.5751,3.5863,3.5717,3.5782,575667.7
2025-10-03 20:30:00+00:00,3.5782,3.5972,3.5782,3.5944,904538.2
2025-10-03 20:45:00+00:00,3.5945,3.5948,3.5792,3.5839,500509.5
2025-10-03 21:00:00+00:00,3.5839,3.5894,3.5798,3.5862,671089.8
2025-10-03 21:15:00+00:00,3.5862,3.5868,3.5766,3.5809,441789.3
2025-10-03 21:30:00+00:00,3.5808,3.5824,3.5719,3.5728,383921.9
2025-10-03 21:45:00+00:00,3.5728,3.5799,3.5685,3.5735,533679.6
2025-10-03 22:00:00+00:00,3.5735,3.5852,3.5725,3.5831,841973.7
2025-10-03 22:15:00+00:00,3.5831,3.5912,3.5801,3.5878,588028.6
2025-10-03 22:30:00+00:00,3.5877,3.5905,3.5836,3.5874,351959.3
2025-10-03 22:45:00+00:00,3.5873,3.5947,3.5835,3.5865,489093.4
2025-10-03 23:00:00+00:00,3.5864,3.5876,3.5717,3.5736,485407.9
2025-10-03 23:15:00+00:00,3.5736,3.5863,3.5726,3.577,534701.8
2025-10-03 23:30:00+00:00,3.5769,3.585,3.5726,3.5799,313197.5
2025-10-03 23:45:00+00:00,3.5798,3.5809,3.5753,3.5777,400074.4
2025-10-04 00:00:00+00:00,3.5778,3.5853,3.5701,3.5779,1325938.5
2025-10-04 00:15:00+00:00,3.5779,3.5847,3.5666,3.5672,800330.8
2025-10-04 00:30:00+00:00,3.5671,3.5732,3.5632,3.5693,721658.8
2025-10-04 00:45:00+00:00,3.5692,3.5766,3.5645,3.5766,603879.0
2025-10-04 01:00:00+00:00,3.5767,3.5793,3.5727,3.5776,953808.9
2025-10-04 01:15:00+00:00,3.5776,3.58,3.5727,3.5739,633213.2
2025-10-04 01:30:00+00:00,3.5738,3.575,3.5651,3.5667,1136792.9
2025-10-04 01:45:00+00:00,3.5667,3.5681,3.5438,3.5503,2102120.1
2025-10-04 02:00:00+00:00,3.5503,3.5615,3.5411,3.5454,1079264.3
2025-10-04 02:15:00+00:00,3.5455,3.5502,3.5351,3.5485,1725792.6
2025-10-04 02:30:00+00:00,3.5484,3.5504,3.5434,3.544,569283.0
2025-10-04 02:45:00+00:00,3.5439,3.5498,3.5423,3.5449,597071.5
2025-10-04 03:00:00+00:00,3.5448,3.5468,3.5228,3.5269,2172552.0
2025-10-04 03:15:00+00:00,3.5269,3.5368,3.5221,3.5362,1025345.3
2025-10-04 03:30:00+00:00,3.5361,3.5486,3.5335,3.5455,1018869.9
2025-10-04 03:45:00+00:00,3.5454,3.5462,3.5396,3.5434,636978.4
2025-10-04 04:00:00+00:00,3.5434,3.557,3.5407,3.5509,1327005.7
2025-10-04 04:15:00+00:00,3.551,3.5516,3.5393,3.5411,898692.1
2025-10-04 04:30:00+00:00,3.541,3.5524,3.539,3.5484,565997.6
2025-10-04 04:45:00+00:00,3.5484,3.5528,3.5433,3.5449,524390.7
2025-10-04 05:00:00+00:00,3.5448,3.5586,3.5431,3.5579,777871.0
2025-10-04 05:15:00+00:00,3.5578,3.5591,3.5516,3.5529,856394.9
2025-10-04 05:30:00+00:00,3.5528,3.5544,3.5375,3.5385,681272.3
2025-10-04 05:45:00+00:00,3.5385,3.5496,3.5345,3.5477,891184.9
2025-10-04 06:00:00+00:00,3.5477,3.5543,3.5458,3.5512,1249647.6
2025-10-04 06:15:00+00:00,3.5512,3.5631,3.5506,3.5535,1194381.3
2025-10-04 06:30:00+00:00,3.5536,3.5567,3.5506,3.553,471540.1
2025-10-04 06:45:00+00:00,3.553,3.5557,3.5514,3.553,385349.8
2025-10-04 07:00:00+00:00,3.5531,3.5542,3.5496,3.551,481561.9
2025-10-04 07:15:00+00:00,3.551,3.5512,3.5432,3.5452,794598.8
2025-10-04 07:30:00+00:00,3.5452,3.5506,3.5442,3.5463,489589.2
2025-10-04 07:45:00+00:00,3.5464,3.5464,3.5361,3.5411,771723.2
2025-10-04 08:00:00+00:00,3.5411,3.5496,3.5381,3.5389,908729.7
2025-10-04 08:15:00+00:00,3.5389,3.539,3.5296,3.5302,1493617.4
2025-10-04 08:30:00+00:00,3.5303,3.5324,3.5105,3.5178,1703541.4
2025-10-04 08:45:00+00:00,3.5178,3.5245,3.5144,3.5206,827519.2
2025-10-04 09:00:00+00:00,3.5205,3.5304,3.5151,3.5303,753184.7
2025-10-04 09:15:00+00:00,3.5304,3.5323,3.5237,3.5268,508879.0
2025-10-04 09:30:00+00:00,3.5268,3.5268,3.5169,3.5216,426956.4
2025-10-04 09:45:00+00:00,3.5216,3.5221,3.5053,3.5056,1603906.4
2025-10-04 10:00:00+00:00,3.5057,3.5176,3.5029,3.5122,690252.8
2025-10-04 10:15:00+00:00,3.5122,3.5147,3.5078,3.5129,888365.4
2025-10-04 10:30:00+00:00,3.5129,3.5147,3.4953,3.4995,1413068.8
2025-10-04 10:45:00+00:00,3.4996,3.502,3.4903,3.495,1254194.5
2025-10-04 11:00:00+00:00,3.495,3.5028,3.4919,3.4953,1011636.3
2025-10-04 11:15:00+00:00,3.4952,3.5044,3.4917,3.5038,729938.6
2025-10-04 11:30:00+00:00,3.5038,3.5071,3.4964,3.5033,523252.6
2025-10-04 11:45:00+00:00,3.5033,3.5073,3.4985,3.5002,590517.2
2025-10-04 12:00:00+00:00,3.5002,3.5118,3.499,3.5108,624538.9
2025-10-04 12:15:00+00:00,3.5108,3.5159,3.5089,3.5127,774725.9
2025-10-04 12:30:00+00:00,3.5126,3.5306,3.5103,3.53,1549406.5
2025-10-04 12:45:00+00:00,3.5299,3.5354,3.5193,3.5308,1873891.5
2025-10-04 13:00:00+00:00,3.5309,3.5762,3.5274,3.5621,4663230.0
2025-10-04 13:15:00+00:00,3.5621,3.5699,3.548,3.5493,1730274.1
2025-10-04 13:30:00+00:00,3.5492,3.5675,3.5485,3.5572,1658635.9
2025-10-04 13:45:00+00:00,3.5572,3.5614,3.5469,3.5524,845455.7
2025-10-04 14:00:00+00:00,3.5524,3.5787,3.5444,3.5757,2674512.1
2025-10-04 14:15:00+00:00,3.5758,3.577,3.558,3.5614,1437251.3
2025-10-04 14:30:00+00:00,3.5615,3.5621,3.548,3.5496,1380937.1
2025-10-04 14:45:00+00:00,3.5496,3.5497,3.531,3.5319,1523907.9
2025-10-04 15:00:00+00:00,3.5319,3.5443,3.5213,3.5253,2012346.9
2025-10-04 15:15:00+00:00,3.5254,3.53,3.5008,3.5052,2450353.0
2025-10-04 15:30:00+00:00,3.5052,3.5194,3.5029,3.5146,2306688.5
2025-10-04 15:45:00+00:00,3.5146,3.5229,3.5054,3.5092,1352249.1
2025-10-04 16:00:00+00:00,3.5093,3.523,3.5083,3.5159,1501539.7
2025-10-04 16:15:00+00:00,3.516,3.5179,3.5041,3.5179,1001449.0
2025-10-04 16:30:00+00:00,3.518,3.5447,3.5174,3.5354,2809322.9
2025-10-04 16:45:00+00:00,3.5354,3.5409,3.528,3.5377,1043853.5
2025-10-04 17:00:00+00:00,3.5377,3.5432,3.5269,3.5284,1301221.7
2025-10-04 17:15:00+00:00,3.5284,3.541,3.5266,3.5395,592400.3
2025-10-04 17:30:00+00:00,3.5395,3.5463,3.5212,3.5257,1234241.4
2025-10-04 17:45:00+00:00,3.5256,3.5319,3.5206,3.5308,421312.3
2025-10-04 18:00:00+00:00,3.5308,3.5357,3.5291,3.5334,553462.4
2025-10-04 18:15:00+00:00,3.5334,3.5362,3.5245,3.5315,514479.9
2025-10-04 18:30:00+00:00,3.5315,3.5341,3.5219,3.5291,530047.5
2025-10-04 18:45:00+00:00,3.5292,3.533,3.5257,3.5313,480679.2
2025-10-04 19:00:00+00:00,3.5313,3.5424,3.5299,3.5415,601950.7
2025-10-04 19:15:00+00:00,3.5416,3.5534,3.5385,3.5474,998850.1
2025-10-04 19:30:00+00:00,3.5474,3.5502,3.535,3.5354,619787.4
2025-10-04 19:45:00+00:00,3.5354,3.54,3.5344,3.5399,339651.4
2025-10-04 20:00:00+00:00,3.54,3.548,3.5395,3.5464,426259.6
2025-10-04 20:15:00+00:00,3.5465,3.5626,3.5464,3.5592,634836.2
2025-10-04 20:30:00+00:00,3.5592,3.5621,3.5564,3.5614,574257.8
2025-10-04 20:45:00+00:00,3.5614,3.5643,3.554,3.5551,859006.0
2025-10-04 21:00:00+00:00,3.5551,3.5686,3.5548,3.5639,553431.0
2025-10-04 21:15:00+00:00,3.5639,3.5707,3.5628,3.5696,606010.2
2025-10-04 21:30:00+00:00,3.5697,3.5765,3.5636,3.5723,1188058.6
2025-10-04 21:45:00+00:00,3.5724,3.5792,3.5641,3.5784,558451.2
2025-10-04 22:00:00+00:00,3.5785,3.5869,3.5784,3.5852,1313618.1
2025-10-04 22:15:00+00:00,3.5852,3.5987,3.5831,3.5965,1385994.9
2025-10-04 22:30:00+00:00,3.5965,3.6066,3.5942,3.6065,1663470.1
2025-10-04 22:45:00+00:00,3.6064,3.6144,3.6052,3.6126,2090001.6
2025-10-04 23:00:00+00:00,3.6126,3.616,3.5986,3.6055,1766664.2
2025-10-04 23:15:00+00:00,3.6056,3.6065,3.5961,3.6042,1056660.6
2025-10-04 23:30:00+00:00,3.6042,3.6249,3.6038,3.6248,1452648.5
2025-10-04 23:45:00+00:00,3.6249,3.6284,3.6178,3.6215,1460791.1
2025-10-05 00:00:00+00:00,3.6215,3.6258,3.6038,3.6038,2210447.5
2025-10-05 00:15:00+00:00,3.6038,3.6882,3.6029,3.6731,9474821.5
2025-10-05 00:30:00+00:00,3.673,3.6736,3.613,3.6164,3821835.1
2025-10-05 00:45:00+00:00,3.6163,3.6165,3.5792,3.5839,3869004.6
2025-10-05 01:00:00+00:00,3.5839,3.5995,3.5821,3.5909,2240587.2
2025-10-05 01:15:00+00:00,3.591,3.5933,3.5745,3.5836,1465027.3
2025-10-05 01:30:00+00:00,3.5837,3.5923,3.583,3.591,1331540.7
2025-10-05 01:45:00+00:00,3.5911,3.5935,3.5816,3.5857,939133.6
2025-10-05 02:00:00+00:00,3.5856,3.5878,3.5762,3.5841,805742.4
2025-10-05 02:15:00+00:00,3.584,3.5881,3.5752,3.5881,1010301.0
2025-10-05 02:30:00+00:00,3.5882,3.6546,3.5859,3.6212,7982314.7
2025-10-05 02:45:00+00:00,3.6211,3.659,3.6203,3.6551,2889251.3
2025-10-05 03:00:00+00:00,3.6553,3.6661,3.6425,3.6462,3013800.4
2025-10-05 03:15:00+00:00,3.6461,3.6509,3.6331,3.6484,2923611.5
2025-10-05 03:30:00+00:00,3.6484,3.6642,3.643,3.6602,2624354.4
2025-10-05 03:45:00+00:00,3.6601,3.6637,3.6371,3.642,1384836.8
2025-10-05 04:00:00+00:00,3.642,3.6565,3.6386,3.6474,1687634.6
2025-10-05 04:15:00+00:00,3.6474,3.6551,3.6396,3.6404,771266.8
2025-10-05 04:30:00+00:00,3.6404,3.6435,3.6269,3.6339,2214312.1
2025-10-05 04:45:00+00:00,3.6338,3.6819,3.6338,3.6541,7246399.6
2025-10-05 05:00:00+00:00,3.6542,3.6677,3.6452,3.6502,1594129.6
2025-10-05 05:15:00+00:00,3.6503,3.6641,3.6464,3.6622,1197918.1
2025-10-05 05:30:00+00:00,3.6622,3.667,3.6552,3.6657,964906.6
2025-10-05 05:45:00+00:00,3.6656,3.6657,3.6515,3.6616,914790.6
2025-10-05 06:00:00+00:00,3.6616,3.6659,3.6545,3.665,893853.8
2025-10-05 06:15:00+00:00,3.665,3.6692,3.6423,3.6503,2217722.8
2025-10-05 06:30:00+00:00,3.6504,3.6555,3.6389,3.6519,1059363.0
2025-10-05 06:45:00+00:00,3.6518,3.6607,3.6451,3.6511,1066736.4
2025-10-05 07:00:00+00:00,3.6511,3.6892,3.651,3.6834,3207503.5
2025-10-05 07:15:00+00:00,3.6834,3.6871,3.668,3.6687,2129276.2
2025-10-05 07:30:00+00:00,3.6687,3.6744,3.6615,3.6711,1126087.3
2025-10-05 07:45:00+00:00,3.6711,3.6866,3.6701,3.682,1471601.3
2025-10-05 08:00:00+00:00,3.682,3.6909,3.6676,3.6736,3964125.2
2025-10-05 08:15:00+00:00,3.6737,3.6898,3.6708,3.6757,1865593.2
2025-10-05 08:30:00+00:00,3.6756,3.6757,3.6607,3.6668,1279960.0
2025-10-05 08:45:00+00:00,3.6668,3.6697,3.6616,3.6616,579523.9
2025-10-05 09:00:00+00:00,3.6617,3.6668,3.6574,3.6613,1265089.1
2025-10-05 09:15:00+00:00,3.6612,3.6638,3.645,3.6513,1713784.5
2025-10-05 09:30:00+00:00,3.6513,3.6538,3.6166,3.6239,5838467.5
2025-10-05 09:45:00+00:00,3.6238,3.6373,3.6106,3.6193,3722944.6
2025-10-05 10:00:00+00:00,3.619,3.6204,3.579,3.5971,6545672.7
2025-10-05 10:15:00+00:00,3.5972,3.6119,3.5934,3.5992,2298120.2
2025-10-05 10:30:00+00:00,3.5992,3.6008,3.5888,3.6001,1692108.0
2025-10-05 10:45:00+00:00,3.6002,3.6079,3.596,3.596,1015842.7
2025-10-05 11:00:00+00:00,3.596,3.603,3.5827,3.5862,2009119.6
2025-10-05 11:15:00+00:00,3.5862,3.6044,3.5827,3.6005,1427440.2
2025-10-05 11:30:00+00:00,3.6005,3.6078,3.5948,3.6067,883706.6
2025-10-05 11:45:00+00:00,3.6068,3.6173,3.6055,3.6116,1412269.1
2025-10-05 12:00:00+00:00,3.6116,3.6122,3.59,3.5987,1435601.2
2025-10-05 12:15:00+00:00,3.5988,3.6091,3.5966,3.6014,1228971.2
2025-10-05 12:30:00+00:00,3.6014,3.6087,3.5882,3.5901,1194635.6
2025-10-05 12:45:00+00:00,3.5902,3.6058,3.5896,3.5952,691201.3
2025-10-05 13:00:00+00:00,3.5951,3.6074,3.5924,3.6044,603487.0
2025-10-05 13:15:00+00:00,3.6043,3.6067,3.5948,3.6042,686965.8
2025-10-05 13:30:00+00:00,3.6041,3.6116,3.5957,3.6036,876711.7
2025-10-05 13:45:00+00:00,3.6037,3.6106,3.6003,3.6036,697044.7
2025-10-05 14:00:00+00:00,3.6036,3.6222,3.6023,3.6183,1139344.2
2025-10-05 14:15:00+00:00,3.6184,3.6198,3.6093,3.6157,590036.7
2025-10-05 14:30:00+00:00,3.6158,3.6184,3.5853,3.5886,3298934.7
2025-10-05 14:45:00+00:00,3.5885,3.5944,3.5777,3.5924,1888660.0
2025-10-05 15:00:00+00:00,3.5923,3.5948,3.586,3.5948,613536.8
2025-10-05 15:15:00+00:00,3.5948,3.6073,3.5948,3.5994,1020088.4
2025-10-05 15:30:00+00:00,3.5993,3.6009,3.5922,3.5927,570437.2
2025-10-05 15:45:00+00:00,3.5927,3.5939,3.5871,3.592,575167.7
2025-10-05 16:00:00+00:00,3.592,3.6016,3.5885,3.599,716431.0
2025-10-05 16:15:00+00:00,3.5989,3.6018,3.5901,3.5916,678598.3
2025-10-05 16:30:00+00:00,3.5916,3.5976,3.5852,3.5862,592329.2
2025-10-05 16:45:00+00:00,3.5862,3.5968,3.5649,3.5955,4679455.6
2025-10-05 17:00:00+00:00,3.5956,3.6038,3.5852,3.5929,1250388.9
2025-10-05 17:15:00+00:00,3.5929,3.5994,3.5874,3.5878,627165.8
2025-10-05 17:30:00+00:00,3.5878,3.5878,3.5717,3.5796,1310685.3
2025-10-05 17:45:00+00:00,3.5795,3.5805,3.5624,3.5687,1450132.9
2025-10-05 18:00:00+00:00,3.5686,3.5772,3.5583,3.5692,2112570.7
2025-10-05 18:15:00+00:00,3.5691,3.5717,3.5629,3.5681,989363.6
2025-10-05 18:30:00+00:00,3.568,3.582,3.5672,3.5771,797854.3
2025-10-05 18:45:00+00:00,3.5771,3.5809,3.5684,3.5692,389999.7
2025-10-05 19:00:00+00:00,3.5692,3.5698,3.5455,3.5564,1724175.5
2025-10-05 19:15:00+00:00,3.5564,3.5638,3.553,3.5546,710589.9
2025-10-05 19:30:00+00:00,3.5545,3.5566,3.5483,3.5488,561654.0
2025-10-05 19:45:00+00:00,3.5488,3.5532,3.5195,3.5325,6257775.6
2025-10-05 20:00:00+00:00,3.5324,3.5449,3.5258,3.5396,1461930.6
2025-10-05 20:15:00+00:00,3.5396,3.5433,3.533,3.5433,695441.0
2025-10-05 20:30:00+00:00,3.5434,3.5543,3.5424,3.5466,806019.2
2025-10-05 20:45:00+00:00,3.5466,3.5485,3.5398,3.5399,484335.8
2025-10-05 21:00:00+00:00,3.5399,3.5466,3.5334,3.5461,785112.9
2025-10-05 21:15:00+00:00,3.5462,3.5492,3.5393,3.5449,522234.3
2025-10-05 21:30:00+00:00,3.5449,3.5451,3.536,3.5432,815955.4
2025-10-05 21:45:00+00:00,3.5431,3.5493,3.5407,3.5475,490408.1
2025-10-05 22:00:00+00:00,3.5476,3.5584,3.5319,3.5337,2320268.8
2025-10-05 22:15:00+00:00,3.5337,3.5503,3.5313,3.5456,690277.2
2025-10-05 22:30:00+00:00,3.5457,3.5498,3.5425,3.5464,315409.8
2025-10-05 22:45:00+00:00,3.5464,3.5509,3.5421,3.5481,536264.3
2025-10-05 23:00:00+00:00,3.548,3.5725,3.5455,3.5559,2687172.3
2025-10-05 23:15:00+00:00,3.5559,3.5627,3.5551,3.5626,1100029.6
2025-10-05 23:30:00+00:00,3.5627,3.5669,3.5601,3.5623,1274478.7
2025-10-05 23:45:00+00:00,3.5624,3.5666,3.5583,3.5627,548544.9
2025-10-06 00:00:00+00:00,3.5627,3.5643,3.5381,3.5551,2089012.4
2025-10-06 00:15:00+00:00,3.555,3.5879,3.5529,3.5564,4085859.1
2025-10-06 00:30:00+00:00,3.5564,3.5678,3.548,3.5649,1655274.3
2025-10-06 00:45:00+00:00,3.565,3.5677,3.5396,3.5501,1293899.8
2025-10-06 01:00:00+00:00,3.55,3.5628,3.5366,3.5556,1165157.0
2025-10-06 01:15:00+00:00,3.5556,3.5822,3.5457,3.5743,1329791.1
2025-10-06 01:30:00+00:00,3.5742,3.5912,3.5514,3.5699,3303891.0
2025-10-06 01:45:00+00:00,3.5698,3.5778,3.5659,3.5737,1013351.7
2025-10-06 02:00:00+00:00,3.5736,3.5789,3.5657,3.5694,769453.8
2025-10-06 02:15:00+00:00,3.5694,3.5782,3.5648,3.5654,888700.4
2025-10-06 02:30:00+00:00,3.5654,3.569,3.55,3.5683,1602867.6
2025-10-06 02:45:00+00:00,3.5682,3.5892,3.5682,3.5766,1695275.4
2025-10-06 03:00:00+00:00,3.5767,3.5773,3.5685,3.5713,715802.0
2025-10-06 03:15:00+00:00,3.5714,3.5753,3.5658,3.5683,475816.4
2025-10-06 03:30:00+00:00,3.5684,3.5728,3.564,3.5662,898276.6
2025-10-06 03:45:00+00:00,3.5662,3.5722,3.5632,3.569,556114.3
2025-10-06 04:00:00+00:00,3.569,3.5758,3.5627,3.5751,1231109.1
2025-10-06 04:15:00+00:00,3.5752,3.5869,3.5747,3.5865,990032.4
2025-10-06 04:30:00+00:00,3.5866,3.5884,3.5688,3.5727,533685.8
2025-10-06 04:45:00+00:00,3.5727,3.5747,3.5541,3.5559,1080538.7
2025-10-06 05:00:00+00:00,3.5558,3.5601,3.5507,3.5518,1019965.7
2025-10-06 05:15:00+00:00,3.5518,3.5682,3.5504,3.5675,782314.4
2025-10-06 05:30:00+00:00,3.5675,3.5688,3.5558,3.5606,544341.2
2025-10-06 05:45:00+00:00,3.5606,3.5704,3.5603,3.5687,575980.3
2025-10-06 06:00:00+00:00,3.5688,3.5868,3.5679,3.5836,1471395.8
2025-10-06 06:15:00+00:00,3.5835,3.5891,3.5742,3.589,921470.9
2025-10-06 06:30:00+00:00,3.5891,3.6223,3.5889,3.616,3943242.3
2025-10-06 06:45:00+00:00,3.6159,3.6443,3.6086,3.6413,3305862.1
2025-10-06 07:00:00+00:00,3.6414,3.6636,3.6345,3.6429,4395822.6
2025-10-06 07:15:00+00:00,3.6428,3.6508,3.6272,3.629,1695723.3
2025-10-06 07:30:00+00:00,3.6291,3.6305,3.604,3.61,2692680.6
2025-10-06 07:45:00+00:00,3.6099,3.6206,3.6008,3.6196,2004621.0
2025-10-06 08:00:00+00:00,3.6196,3.6508,3.6196,3.6474,2393392.9
2025-10-06 08:15:00+00:00,3.6473,3.6476,3.6334,3.6415,1803787.6
2025-10-06 08:30:00+00:00,3.6416,3.6586,3.6326,3.6346,2283573.3
2025-10-06 08:45:00+00:00,3.6345,3.6487,3.6305,3.6487,1706007.3
2025-10-06 09:00:00+00:00,3.6487,3.6557,3.6412,3.6527,1273140.4
2025-10-06 09:15:00+00:00,3.6527,3.6539,3.6408,3.6452,991661.4
2025-10-06 09:30:00+00:00,3.6452,3.6455,3.6358,3.6407,876833.8
2025-10-06 09:45:00+00:00,3.6408,3.6596,3.6371,3.6527,1211302.9
2025-10-06 10:00:00+00:00,3.6527,3.6547,3.6329,3.6354,1117775.3
2025-10-06 10:15:00+00:00,3.6355,3.6376,3.6251,3.6315,1135124.8
2025-10-06 10:30:00+00:00,3.6315,3.6344,3.6272,3.6286,690055.9
2025-10-06 10:45:00+00:00,3.6287,3.6338,3.6208,3.6221,1125155.0
2025-10-06 11:00:00+00:00,3.6221,3.6246,3.6119,3.6122,1752105.7
2025-10-06 11:15:00+00:00,3.6121,3.6309,3.6117,3.6277,1570420.7
2025-10-06 11:30:00+00:00,3.6277,3.6334,3.6025,3.6216,3079194.7
2025-10-06 11:45:00+00:00,3.6217,3.6284,3.6074,3.61,1134934.2
2025-10-06 12:00:00+00:00,3.61,3.631,3.61,3.6305,1251422.9
2025-10-06 12:15:00+00:00,3.6306,3.6407,3.6261,3.6278,1695475.9
2025-10-06 12:30:00+00:00,3.6279,3.6314,3.6174,3.6231,1115963.8
2025-10-06 12:45:00+00:00,3.6232,3.6288,3.6161,3.6164,565081.2
2025-10-06 13:00:00+00:00,3.6164,3.6273,3.6115,3.6123,1098418.1
2025-10-06 13:15:00+00:00,3.6123,3.6286,3.6027,3.6211,2494494.3
2025-10-06 13:30:00+00:00,3.6211,3.6347,3.6036,3.6118,3319287.1
2025-10-06 13:45:00+00:00,3.6119,3.6363,3.6054,3.6337,3159304.6
2025-10-06 14:00:00+00:00,3.6337,3.6452,3.6218,3.6269,2378683.9
2025-10-06 14:15:00+00:00,3.6269,3.6369,3.6162,3.6313,1654885.9
2025-10-06 14:30:00+00:00,3.6314,3.648,3.631,3.641,1722960.7
2025-10-06 14:45:00+00:00,3.6411,3.6483,3.6223,3.6351,1589066.3
2025-10-06 15:00:00+00:00,3.6348,3.681,3.6337,3.6623,6324938.6
2025-10-06 15:15:00+00:00,3.6624,3.6777,3.6617,3.6767,2615454.6
2025-10-06 15:30:00+00:00,3.6767,3.6811,3.6652,3.6729,2100168.2
2025-10-06 15:45:00+00:00,3.6728,3.6803,3.6657,3.6712,1064807.8
2025-10-06 16:00:00+00:00,3.6712,3.6779,3.6477,3.6512,2344447.7
2025-10-06 16:15:00+00:00,3.6512,3.6602,3.639,3.6416,1549276.6
2025-10-06 16:30:00+00:00,3.6416,3.6542,3.6411,3.6493,1100593.3
2025-10-06 16:45:00+00:00,3.6493,3.6621,3.6418,3.6599,947579.0
2025-10-06 17:00:00+00:00,3.6599,3.6645,3.6511,3.6607,1196816.7
2025-10-06 17:15:00+00:00,3.6607,3.7221,3.6568,3.6855,5154818.0
2025-10-06 17:30:00+00:00,3.6855,3.6894,3.6639,3.6748,1754175.7
2025-10-06 17:45:00+00:00,3.6748,3.6835,3.6663,3.6688,1102645.9
2025-10-06 18:00:00+00:00,3.6688,3.6751,3.663,3.6684,1069605.8
2025-10-06 18:15:00+00:00,3.6685,3.6766,3.6671,3.6672,620905.2
2025-10-06 18:30:00+00:00,3.6672,3.673,3.6621,3.6655,1023107.3
2025-10-06 18:45:00+00:00,3.6654,3.6939,3.665,3.6873,1454312.4
2025-10-06 19:00:00+00:00,3.6874,3.6883,3.6708,3.6733,838513.7
2025-10-06 19:15:00+00:00,3.6733,3.6764,3.664,3.6715,749436.3
2025-10-06 19:30:00+00:00,3.6715,3.6756,3.6617,3.6637,936784.5
2025-10-06 19:45:00+00:00,3.6637,3.6762,3.6577,3.6684,1226248.8
2025-10-06 20:00:00+00:00,3.6684,3.6774,3.6618,3.6639,767495.1
2025-10-06 20:15:00+00:00,3.664,3.664,3.6476,3.652,1451022.2
2025-10-06 20:30:00+00:00,3.6519,3.66,3.6392,3.6432,1562543.9
2025-10-06 20:45:00+00:00,3.6431,3.6632,3.642,3.6588,953385.6
2025-10-06 21:00:00+00:00,3.6588,3.6662,3.6477,3.6478,1076686.5
2025-10-06 21:15:00+00:00,3.6478,3.6581,3.6378,3.6573,1358423.8
2025-10-06 21:30:00+00:00,3.6573,3.6613,3.6473,3.6603,776241.3
2025-10-06 21:45:00+00:00,3.6603,3.6633,3.648,3.6632,534301.6
2025-10-06 22:00:00+00:00,3.6632,3.6692,3.6535,3.6561,1001900.8
2025-10-06 22:15:00+00:00,3.656,3.6594,3.6508,3.657,594700.2
2025-10-06 22:30:00+00:00,3.6569,3.6591,3.6454,3.6485,594113.4
2025-10-06 22:45:00+00:00,3.6485,3.6535,3.6442,3.6491,496823.1
2025-10-06 23:00:00+00:00,3.649,3.6518,3.6392,3.6397,595040.9
2025-10-06 23:15:00+00:00,3.6397,3.6398,3.6238,3.6334,2136254.4
2025-10-06 23:30:00+00:00,3.6335,3.639,3.6304,3.6333,768465.0
2025-10-06 23:45:00+00:00,3.6333,3.6339,3.6207,3.622,1020977.7
2025-10-07 00:00:00+00:00,3.622,3.6323,3.6206,3.6231,1345065.3
2025-10-07 00:15:00+00:00,3.6232,3.6266,3.618,3.6191,901128.5
2025-10-07 00:30:00+00:00,3.6191,3.6326,3.6173,3.6306,975930.9
2025-10-07 00:45:00+00:00,3.6305,3.6314,3.6182,3.6276,625438.5
2025-10-07 01:00:00+00:00,3.6276,3.6339,3.622,3.6222,1288974.6
2025-10-07 01:15:00+00:00,3.6221,3.6221,3.6053,3.6145,1701820.3
2025-10-07 01:30:00+00:00,3.6145,3.6155,3.6053,3.6148,801567.6
2025-10-07 01:45:00+00:00,3.6148,3.6148,3.6034,3.6095,896969.7
2025-10-07 02:00:00+00:00,3.6094,3.6138,3.6033,3.604,958185.0
2025-10-07 02:15:00+00:00,3.6041,3.6147,3.5956,3.6144,1317965.2
2025-10-07 02:30:00+00:00,3.6143,3.6191,3.6051,3.6119,896611.5
2025-10-07 02:45:00+00:00,3.6119,3.6208,3.6118,3.6154,836457.5
2025-10-07 03:00:00+00:00,3.6153,3.6242,3.612,3.6235,795956.2
2025-10-07 03:15:00+00:00,3.6234,3.6234,3.608,3.6081,1095123.8
2025-10-07 03:30:00+00:00,3.6081,3.6214,3.607,3.6212,818392.3
2025-10-07 03:45:00+00:00,3.6211,3.6283,3.6202,3.6273,636166.3
2025-10-07 04:00:00+00:00,3.6273,3.6273,3.6047,3.6097,1360565.0
2025-10-07 04:15:00+00:00,3.6097,3.6253,3.605,3.6253,1200833.7
2025-10-07 04:30:00+00:00,3.6252,3.641,3.6231,3.6389,1321430.3
2025-10-07 04:45:00+00:00,3.6389,3.657,3.6377,3.6444,1811862.5
2025-10-07 05:00:00+00:00,3.6443,3.6475,3.6301,3.6469,969435.5
2025-10-07 05:15:00+00:00,3.647,3.6555,3.6388,3.6528,736122.4
2025-10-07 05:30:00+00:00,3.6529,3.6674,3.6485,3.6643,1324664.2
2025-10-07 05:45:00+00:00,3.6643,3.6669,3.6512,3.6583,1223467.6
2025-10-07 06:00:00+00:00,3.6584,3.6658,3.6474,3.6501,1285545.2
2025-10-07 06:15:00+00:00,3.65,3.6501,3.626,3.6263,2066223.9
2025-10-07 06:30:00+00:00,3.6263,3.6389,3.6073,3.6107,2551921.7
2025-10-07 06:45:00+00:00,3.6106,3.6181,3.5932,3.5939,2764467.3
2025-10-07 07:00:00+00:00,3.5938,3.6036,3.5851,3.5942,2544844.9
2025-10-07 07:15:00+00:00,3.5941,3.6069,3.5861,3.6054,1602128.8
2025-10-07 07:30:00+00:00,3.6055,3.6057,3.5879,3.5979,1409311.1
2025-10-07 07:45:00+00:00,3.598,3.6016,3.5926,3.5996,1580110.6
2025-10-07 08:00:00+00:00,3.5996,3.5997,3.5631,3.5677,4416188.1
2025-10-07 08:15:00+00:00,3.5676,3.577,3.5613,3.573,2495453.9
2025-10-07 08:30:00+00:00,3.573,3.5977,3.5673,3.5973,1683624.5
2025-10-07 08:45:00+00:00,3.5973,3.6024,3.5894,3.591,1273569.6
2025-10-07 09:00:00+00:00,3.591,3.6021,3.5868,3.5987,1378465.1
2025-10-07 09:15:00+00:00,3.5987,3.6014,3.5896,3.5921,1601134.0
2025-10-07 09:30:00+00:00,3.5921,3.5976,3.5846,3.5873,923716.6
2025-10-07 09:45:00+00:00,3.5873,3.5917,3.5831,3.5867,907892.1
2025-10-07 10:00:00+00:00,3.5867,3.5987,3.5819,3.5971,1028380.1
2025-10-07 10:15:00+00:00,3.5971,3.5983,3.5875,3.5908,908486.5
2025-10-07 10:30:00+00:00,3.5907,3.6005,3.5872,3.5988,1027580.7
2025-10-07 10:45:00+00:00,3.5988,3.6004,3.5934,3.5957,704053.8
2025-10-07 11:00:00+00:00,3.5958,3.6,3.5891,3.5893,864663.5
2025-10-07 11:15:00+00:00,3.5894,3.599,3.587,3.5891,988204.0
2025-10-07 11:30:00+00:00,3.5891,3.5971,3.5869,3.5885,990312.0
2025-10-07 11:45:00+00:00,3.5885,3.5955,3.5855,3.5901,1127030.4
2025-10-07 12:00:00+00:00,3.5901,3.5946,3.5783,3.5854,1638379.8
2025-10-07 12:15:00+00:00,3.5854,3.5863,3.5725,3.5778,1669220.3
2025-10-07 12:30:00+00:00,3.5778,3.588,3.5718,3.5857,1543101.8
2025-10-07 12:45:00+00:00,3.5857,3.6201,3.5853,3.6142,3480177.5
2025-10-07 13:00:00+00:00,3.6142,3.6182,3.6,3.6014,2003855.0
2025-10-07 13:15:00+00:00,3.6015,3.6139,3.5969,3.6137,1447830.8
2025-10-07 13:30:00+00:00,3.6138,3.6152,3.5508,3.5658,6891882.9
2025-10-07 13:45:00+00:00,3.5657,3.5785,3.5501,3.5751,3097029.6
2025-10-07 14:00:00+00:00,3.5752,3.5786,3.5228,3.5299,9091003.6
2025-10-07 14:15:00+00:00,3.53,3.5484,3.5216,3.5264,3404991.2
2025-10-07 14:30:00+00:00,3.5264,3.5395,3.52,3.5337,3525244.1
2025-10-07 14:45:00+00:00,3.5336,3.5399,3.5203,3.5212,3067820.0
2025-10-07 15:00:00+00:00,3.5212,3.532,3.4757,3.504,12872425.0
2025-10-07 15:15:00+00:00,3.5041,3.5214,3.5002,3.5048,3577233.9
2025-10-07 15:30:00+00:00,3.5047,3.5075,3.48,3.4907,4634182.3
2025-10-07 15:45:00+00:00,3.4908,3.4933,3.4723,3.4874,4661360.8
2025-10-07 16:00:00+00:00,3.4874,3.4915,3.4696,3.4724,3052871.7
2025-10-07 16:15:00+00:00,3.4724,3.488,3.4632,3.4716,4078779.0
2025-10-07 16:30:00+00:00,3.4716,3.501,3.471,3.4977,4031099.8
2025-10-07 16:45:00+00:00,3.4976,3.5148,3.4858,3.4916,3080693.2
2025-10-07 17:00:00+00:00,3.4916,3.4974,3.4815,3.4865,1679519.2
2025-10-07 17:15:00+00:00,3.4865,3.4928,3.4754,3.4806,1400325.9
2025-10-07 17:30:00+00:00,3.4806,3.4838,3.4754,3.4792,663819.8
2025-10-07 17:45:00+00:00,3.4791,3.4864,3.4675,3.4681,1418235.7
2025-10-07 18:00:00+00:00,3.4682,3.4788,3.4649,3.4734,1296063.6
2025-10-07 18:15:00+00:00,3.4735,3.4766,3.4558,3.4637,2688097.5
2025-10-07 18:30:00+00:00,3.4637,3.468,3.457,3.4616,990360.8
2025-10-07 18:45:00+00:00,3.4616,3.4626,3.4505,3.4513,1271756.5
2025-10-07 19:00:00+00:00,3.4513,3.4636,3.444,3.4529,2964470.1
2025-10-07 19:15:00+00:00,3.4529,3.4639,3.4498,3.4511,857344.2
2025-10-07 19:30:00+00:00,3.4511,3.4606,3.4467,3.4492,882756.5
2025-10-07 19:45:00+00:00,3.4491,3.4683,3.4448,3.4515,1728988.8
2025-10-07 20:00:00+00:00,3.4515,3.4776,3.4486,3.4694,1973779.4
2025-10-07 20:15:00+00:00,3.4694,3.4793,3.4587,3.4782,1634845.0
2025-10-07 20:30:00+00:00,3.4783,3.4875,3.4762,3.4767,972394.4
2025-10-07 20:45:00+00:00,3.4767,3.4861,3.4725,3.474,764116.8
2025-10-07 21:00:00+00:00,3.4741,3.4746,3.4651,3.4672,1029879.6
2025-10-07 21:15:00+00:00,3.4672,3.4782,3.4644,3.4764,630362.0
2025-10-07 21:30:00+00:00,3.4765,3.4773,3.4587,3.459,789756.0
2025-10-07 21:45:00+00:00,3.459,3.4595,3.4477,3.4551,734692.5
2025-10-07 22:00:00+00:00,3.4551,3.4602,3.4512,3.4556,1037739.2
2025-10-07 22:15:00+00:00,3.4556,3.4707,3.4549,3.4623,789505.5
2025-10-07 22:30:00+00:00,3.4623,3.4659,3.4526,3.4582,635480.9
2025-10-07 22:45:00+00:00,3.4583,3.4619,3.4535,3.458,284849.5
2025-10-07 23:00:00+00:00,3.4581,3.4604,3.4501,3.452,648554.7
2025-10-07 23:15:00+00:00,3.452,3.4559,3.4461,3.4536,884727.4
2025-10-07 23:30:00+00:00,3.4536,3.4537,3.4404,3.4498,1555828.5
2025-10-07 23:45:00+00:00,3.4498,3.4544,3.4388,3.4486,1560772.7
2025-10-08 00:00:00+00:00,3.4487,3.4605,3.4464,3.4547,1349243.4
2025-10-08 00:15:00+00:00,3.4547,3.4677,3.4546,3.4594,994587.4
2025-10-08 00:30:00+00:00,3.4594,3.4758,3.4437,3.4712,1471346.3
2025-10-08 00:45:00+00:00,3.4712,3.4786,3.4653,3.4666,1369273.9
2025-10-08 01:00:00+00:00,3.4666,3.477,3.4607,3.4708,894620.2
2025-10-08 01:15:00+00:00,3.4708,3.4826,3.4647,3.4746,775579.0
2025-10-08 01:30:00+00:00,3.4746,3.4814,3.4695,3.4717,529469.2
2025-10-08 01:45:00+00:00,3.4717,3.4789,3.4712,3.4757,429329.8
2025-10-08 02:00:00+00:00,3.4757,3.4788,3.4693,3.4719,586085.6
2025-10-08 02:15:00+00:00,3.4719,3.4853,3.4716,3.4841,669590.4
2025-10-08 02:30:00+00:00,3.4841,3.4843,3.4688,3.469,501201.2
2025-10-08 02:45:00+00:00,3.4691,3.4851,3.4662,3.476,1145874.9
2025-10-08 03:00:00+00:00,3.4759,3.476,3.4546,3.4546,724564.0
2025-10-08 03:15:00+00:00,3.4545,3.461,3.4223,3.4351,3796808.2
2025-10-08 03:30:00+00:00,3.4351,3.445,3.4282,3.4346,1834937.8
2025-10-08 03:45:00+00:00,3.4345,3.4452,3.4302,3.4374,2039669.7
2025-10-08 04:00:00+00:00,3.4374,3.4565,3.4225,3.4548,2790031.0
2025-10-08 04:15:00+00:00,3.4549,3.4682,3.4539,3.4611,2107551.9
2025-10-08 04:30:00+00:00,3.4611,3.4754,3.4574,3.4614,1514306.7
2025-10-08 04:45:00+00:00,3.4615,3.4666,3.4574,3.4658,626408.1
2025-10-08 05:00:00+00:00,3.4658,3.4662,3.452,3.4544,601500.2
2025-10-08 05:15:00+00:00,3.4544,3.457,3.4453,3.4546,1110893.9
2025-10-08 05:30:00+00:00,3.4547,3.46,3.449,3.4502,696733.9
2025-10-08 05:45:00+00:00,3.4502,3.4565,3.444,3.4539,564640.5
2025-10-08 06:00:00+00:00,3.4538,3.4572,3.4426,3.4544,909060.6
2025-10-08 06:15:00+00:00,3.4544,3.4602,3.447,3.4526,652283.7
2025-10-08 06:30:00+00:00,3.4526,3.4588,3.4489,3.451,485188.7
2025-10-08 06:45:00+00:00,3.451,3.4781,3.451,3.4725,1795641.9
2025-10-08 07:00:00+00:00,3.4726,3.4834,3.4692,3.4761,1394227.4
2025-10-08 07:15:00+00:00,3.4761,3.4867,3.4666,3.4723,4760154.3
2025-10-08 07:30:00+00:00,3.4723,3.4724,3.4526,3.4597,1556954.6
2025-10-08 07:45:00+00:00,3.4598,3.4739,3.454,3.4723,843284.6
2025-10-08 08:00:00+00:00,3.4724,3.4755,3.4647,3.4665,679504.5
2025-10-08 08:15:00+00:00,3.4665,3.4792,3.4642,3.4755,675784.8
2025-10-08 08:30:00+00:00,3.4755,3.4975,3.4746,3.4973,1356810.6
2025-10-08 08:45:00+00:00,3.4973,3.4979,3.4758,3.483,1192275.4
2025-10-08 09:00:00+00:00,3.4829,3.4893,3.4757,3.4777,967248.8
2025-10-08 09:15:00+00:00,3.4777,3.4777,3.4681,3.4737,670710.8
2025-10-08 09:30:00+00:00,3.4738,3.479,3.4686,3.4749,773368.8
2025-10-08 09:45:00+00:00,3.475,3.4789,3.4676,3.4788,503145.1
2025-10-08 10:00:00+00:00,3.4788,3.4877,3.4708,3.4721,866412.4
2025-10-08 10:15:00+00:00,3.4721,3.481,3.4696,3.4727,608261.8
2025-10-08 10:30:00+00:00,3.4727,3.4858,3.4699,3.4836,749076.2
2025-10-08 10:45:00+00:00,3.4835,3.4861,3.4784,3.4825,572203.6
2025-10-08 11:00:00+00:00,3.4826,3.4843,3.471,3.4793,1260439.9
2025-10-08 11:15:00+00:00,3.4793,3.4796,3.4665,3.4686,764525.1
2025-10-08 11:30:00+00:00,3.4687,3.4691,3.4556,3.4563,1309561.9
2025-10-08 11:45:00+00:00,3.4564,3.4622,3.455,3.4612,662209.5
2025-10-08 12:00:00+00:00,3.4611,3.4678,3.4544,3.4636,1001524.1
2025-10-08 12:15:00+00:00,3.4637,3.4651,3.4486,3.4583,1112441.5
2025-10-08 12:30:00+00:00,3.4583,3.4642,3.4499,3.4606,739772.8
2025-10-08 12:45:00+00:00,3.4607,3.4625,3.4497,3.4549,665339.3
2025-10-08 13:00:00+00:00,3.4549,3.462,3.447,3.4593,874325.8
2025-10-08 13:15:00+00:00,3.4593,3.4624,3.4456,3.4478,1201856.6
2025-10-08 13:30:00+00:00,3.4479,3.4549,3.4307,3.4394,2167385.1
2025-10-08 13:45:00+00:00,3.4394,3.458,3.4273,3.4553,1917209.9
2025-10-08 14:00:00+00:00,3.4553,3.4923,3.4553,3.469,4512525.7
2025-10-08 14:15:00+00:00,3.4689,3.4869,3.4561,3.4567,1694485.9
2025-10-08 14:30:00+00:00,3.4567,3.4669,3.4488,3.4539,1678620.6
2025-10-08 14:45:00+00:00,3.4539,3.4596,3.4416,3.448,1393144.1
2025-10-08 15:00:00+00:00,3.4479,3.4721,3.4454,3.4648,1104477.3
2025-10-08 15:15:00+00:00,3.4648,3.477,3.4576,3.4679,1291640.5
2025-10-08 15:30:00+00:00,3.4679,3.4681,3.4596,3.4613,812421.3
2025-10-08 15:45:00+00:00,3.4613,3.4613,3.4504,3.4569,721159.1
2025-10-08 16:00:00+00:00,3.4569,3.4733,3.4507,3.4733,1060007.5
2025-10-08 16:15:00+00:00,3.4734,3.48,3.4686,3.4747,1406911.2
2025-10-08 16:30:00+00:00,3.4746,3.4809,3.4681,3.4799,672589.3
2025-10-08 16:45:00+00:00,3.4799,3.4961,3.4723,3.4944,1941308.0
2025-10-08 17:00:00+00:00,3.4944,3.516,3.4933,3.5139,2839030.7
2025-10-08 17:15:00+00:00,3.5138,3.5416,3.5094,3.5382,4083875.5
2025-10-08 17:30:00+00:00,3.5382,3.5512,3.5257,3.5395,4701916.6
2025-10-08 17:45:00+00:00,3.5396,3.5643,3.5392,3.5565,2600436.0
2025-10-08 18:00:00+00:00,3.5564,3.562,3.5479,3.5495,2021748.2
2025-10-08 18:15:00+00:00,3.5494,3.5518,3.5367,3.5373,1648228.2
2025-10-08 18:30:00+00:00,3.5374,3.5514,3.5298,3.5315,2030599.2
2025-10-08 18:45:00+00:00,3.5314,3.5494,3.5285,3.5424,1840121.3
2025-10-08 19:00:00+00:00,3.5423,3.5459,3.5181,3.521,2236567.6
2025-10-08 19:15:00+00:00,3.521,3.5354,3.516,3.5314,1038580.9
2025-10-08 19:30:00+00:00,3.5315,3.5454,3.5307,3.5335,1171059.5
2025-10-08 19:45:00+00:00,3.5335,3.5473,3.5319,3.5377,1003756.0
2025-10-08 20:00:00+00:00,3.5378,3.541,3.5302,3.538,628866.4
2025-10-08 20:15:00+00:00,3.538,3.546,3.5355,3.5367,985399.2
2025-10-08 20:30:00+00:00,3.5366,3.5374,3.5274,3.5308,683222.0
2025-10-08 20:45:00+00:00,3.5307,3.5317,3.5172,3.5189,772038.7
2025-10-08 21:00:00+00:00,3.5188,3.5264,3.5125,3.5132,613989.0
2025-10-08 21:15:00+00:00,3.5131,3.5324,3.5131,3.5305,581689.4
2025-10-08 21:30:00+00:00,3.5304,3.5389,3.5277,3.5364,441125.6
2025-10-08 21:45:00+00:00,3.5365,3.5365,3.5189,3.5257,433543.6
2025-10-08 22:00:00+00:00,3.5256,3.5377,3.5249,3.5322,591931.2
2025-10-08 22:15:00+00:00,3.5321,3.5368,3.5256,3.5326,609017.3
2025-10-08 22:30:00+00:00,3.5326,3.537,3.5305,3.5364,412192.6
2025-10-08 22:45:00+00:00,3.5364,3.5364,3.5257,3.5262,384915.0
2025-10-08 23:00:00+00:00,3.5261,3.5289,3.5174,3.5209,808470.7
2025-10-08 23:15:00+00:00,3.5208,3.534,3.5196,3.5334,368908.6
2025-10-08 23:30:00+00:00,3.5334,3.5379,3.5291,3.531,491864.9
2025-10-08 23:45:00+00:00,3.5309,3.5349,3.5283,3.5339,317308.6
2025-10-09 00:00:00+00:00,3.5339,3.5395,3.5233,3.5254,696650.4
2025-10-09 00:15:00+00:00,3.5253,3.5385,3.5218,3.5224,537721.5
2025-10-09 00:30:00+00:00,3.5224,3.5269,3.5148,3.5203,785426.9
2025-10-09 00:45:00+00:00,3.5202,3.5254,3.5172,3.5188,470396.2
2025-10-09 01:00:00+00:00,3.5188,3.5209,3.505,3.5051,1254115.4
2025-10-09 01:15:00+00:00,3.505,3.5164,3.5002,3.5059,1294576.4
2025-10-09 01:30:00+00:00,3.5059,3.5073,3.4881,3.4907,1877963.6
2025-10-09 01:45:00+00:00,3.4907,3.513,3.4899,3.5106,1204104.4
2025-10-09 02:00:00+00:00,3.5105,3.513,3.4868,3.4973,1156569.2
2025-10-09 02:15:00+00:00,3.4972,3.4991,3.4739,3.4767,1572507.1
2025-10-09 02:30:00+00:00,3.4766,3.4816,3.4452,3.446,3144371.9
2025-10-09 02:45:00+00:00,3.446,3.4554,3.4338,3.4437,3015499.3
2025-10-09 03:00:00+00:00,3.4438,3.4704,3.4438,3.4655,1871673.2
2025-10-09 03:15:00+00:00,3.4654,3.4822,3.4649,3.475,1186953.4
2025-10-09 03:30:00+00:00,3.4749,3.4891,3.472,3.478,1015462.1
2025-10-09 03:45:00+00:00,3.478,3.4899,3.4772,3.4832,587573.0
2025-10-09 04:00:00+00:00,3.4831,3.4868,3.4741,3.4747,757831.4
2025-10-09 04:15:00+00:00,3.4746,3.4923,3.4739,3.4905,695917.8
2025-10-09 04:30:00+00:00,3.4906,3.4906,3.4777,3.4806,561835.6
2025-10-09 04:45:00+00:00,3.4806,3.4941,3.48,3.4919,473574.1
2025-10-09 05:00:00+00:00,3.4919,3.4967,3.4802,3.4803,739427.3
2025-10-09 05:15:00+00:00,3.4802,3.484,3.4728,3.4829,632778.5
2025-10-09 05:30:00+00:00,3.4829,3.4909,3.4742,3.4752,834931.7
2025-10-09 05:45:00+00:00,3.4752,3.4814,3.4714,3.4802,535115.5
2025-10-09 06:00:00+00:00,3.4802,3.481,3.4626,3.4636,945166.2
2025-10-09 06:15:00+00:00,3.4636,3.4723,3.4587,3.4696,742205.8
2025-10-09 06:30:00+00:00,3.4696,3.4773,3.4674,3.4686,553738.4
2025-10-09 06:45:00+00:00,3.4685,3.4763,3.4531,3.4564,791604.6
2025-10-09 07:00:00+00:00,3.4563,3.4625,3.4512,3.4564,1016532.6
2025-10-09 07:15:00+00:00,3.4563,3.4608,3.4443,3.4489,1054723.8
2025-10-09 07:30:00+00:00,3.449,3.4491,3.4354,3.4388,903258.9
2025-10-09 07:45:00+00:00,3.4387,3.453,3.438,3.4397,844144.8
2025-10-09 08:00:00+00:00,3.4397,3.4444,3.4109,3.4157,4490929.6
2025-10-09 08:15:00+00:00,3.4156,3.4232,3.3786,3.3804,6827447.6
2025-10-09 08:30:00+00:00,3.3801,3.4001,3.375,3.3835,4835195.2
2025-10-09 08:45:00+00:00,3.3835,3.4002,3.3735,3.3801,2379604.7
2025-10-09 09:00:00+00:00,3.3802,3.4034,3.379,3.4033,3114549.1
2025-10-09 09:15:00+00:00,3.4033,3.4057,3.3865,3.3967,3365932.1
2025-10-09 09:30:00+00:00,3.3966,3.4073,3.3946,3.3989,1661348.9
2025-10-09 09:45:00+00:00,3.3989,3.4068,3.3969,3.4014,1343935.3
2025-10-09 10:00:00+00:00,3.4015,3.4082,3.3984,3.4032,1577119.6
2025-10-09 10:15:00+00:00,3.4032,3.4054,3.3842,3.3872,1108099.3
2025-10-09 10:30:00+00:00,3.3872,3.4144,3.3872,3.409,1417461.3
2025-10-09 10:45:00+00:00,3.4091,3.4153,3.3987,3.4028,1046875.2
2025-10-09 11:00:00+00:00,3.4028,3.4162,3.402,3.4077,1415514.6
2025-10-09 11:15:00+00:00,3.4076,3.4203,3.402,3.4038,3991057.9
2025-10-09 11:30:00+00:00,3.4039,3.4063,3.3908,3.4054,2497090.0
2025-10-09 11:45:00+00:00,3.4055,3.4073,3.3962,3.3964,739957.4
2025-10-09 12:00:00+00:00,3.3964,3.4133,3.3942,3.4055,1489607.1
2025-10-09 12:15:00+00:00,3.4055,3.4115,3.4017,3.4052,919607.2
2025-10-09 12:30:00+00:00,3.4053,3.4323,3.3982,3.4239,2348087.6
2025-10-09 12:45:00+00:00,3.4239,3.4276,3.4125,3.4203,1638471.6
2025-10-09 13:00:00+00:00,3.4202,3.43,3.4033,3.4042,2070369.8
2025-10-09 13:15:00+00:00,3.4043,3.4273,3.4028,3.4211,1646652.7
2025-10-09 13:30:00+00:00,3.421,3.421,3.3883,3.3934,2759196.3
2025-10-09 13:45:00+00:00,3.3935,3.4079,3.3796,3.3834,2743631.0
2025-10-09 14:00:00+00:00,3.3835,3.3989,3.3641,3.3961,5132982.6
2025-10-09 14:15:00+00:00,3.396,3.3977,3.3609,3.3681,3610215.6
2025-10-09 14:30:00+00:00,3.368,3.368,3.3415,3.3462,6178344.3
2025-10-09 14:45:00+00:00,3.3461,3.3768,3.341,3.3701,2783853.1
2025-10-09 15:00:00+00:00,3.3702,3.3866,3.3702,3.3759,1857066.8
2025-10-09 15:15:00+00:00,3.3759,3.385,3.36,3.3612,1534658.6
2025-10-09 15:30:00+00:00,3.3613,3.3652,3.3487,3.3519,1851001.3
2025-10-09 15:45:00+00:00,3.3519,3.3702,3.3509,3.3633,1401748.6
2025-10-09 16:00:00+00:00,3.3633,3.3722,3.3577,3.3594,1281348.6
2025-10-09 16:15:00+00:00,3.3594,3.3696,3.3496,3.3658,1749607.9
2025-10-09 16:30:00+00:00,3.3657,3.3676,3.3521,3.3647,1084536.3
2025-10-09 16:45:00+00:00,3.3648,3.3679,3.324,3.3348,3606744.1
2025-10-09 17:00:00+00:00,3.3348,3.369,3.3319,3.3663,3379557.2
2025-10-09 17:15:00+00:00,3.3664,3.3769,3.3584,3.3616,1053330.5
2025-10-09 17:30:00+00:00,3.3617,3.375,3.3605,3.3678,1271519.6
2025-10-09 17:45:00+00:00,3.3678,3.3941,3.3668,3.3916,2307049.5
2025-10-09 18:00:00+00:00,3.3915,3.3947,3.3806,3.3899,1724943.7
2025-10-09 18:15:00+00:00,3.3898,3.3967,3.3825,3.385,910270.1
2025-10-09 18:30:00+00:00,3.3849,3.3881,3.3803,3.3848,875954.9
2025-10-09 18:45:00+00:00,3.3848,3.389,3.3793,3.3834,619314.1
2025-10-09 19:00:00+00:00,3.3835,3.3955,3.3821,3.3945,894232.5
2025-10-09 19:15:00+00:00,3.3945,3.4002,3.3894,3.3988,810926.1
2025-10-09 19:30:00+00:00,3.3989,3.3997,3.39,3.391,1013189.1
2025-10-09 19:45:00+00:00,3.3911,3.3983,3.3881,3.3969,636402.9
2025-10-09 20:00:00+00:00,3.3969,3.4028,3.3835,3.3839,878061.7
2025-10-09 20:15:00+00:00,3.3839,3.3904,3.3812,3.3814,510662.4
2025-10-09 20:30:00+00:00,3.3814,3.3844,3.3765,3.3839,892896.7
2025-10-09 20:45:00+00:00,3.3839,3.387,3.3817,3.3864,432393.0
2025-10-09 21:00:00+00:00,3.3865,3.3939,3.3829,3.3933,569103.5
2025-10-09 21:15:00+00:00,3.3934,3.3956,3.3863,3.3865,977272.2
2025-10-09 21:30:00+00:00,3.3866,3.398,3.3808,3.3968,981195.5
2025-10-09 21:45:00+00:00,3.3968,3.4004,3.3904,3.3988,294094.0
2025-10-09 22:00:00+00:00,3.3989,3.4002,3.387,3.3932,1104997.3
2025-10-09 22:15:00+00:00,3.3932,3.4058,3.3916,3.4026,879934.7
2025-10-09 22:30:00+00:00,3.4026,3.4106,3.398,3.4092,1036381.0
2025-10-09 22:45:00+00:00,3.4092,3.4124,3.406,3.4112,1366517.8
2025-10-09 23:00:00+00:00,3.4113,3.412,3.3986,3.4014,1447180.7
2025-10-09 23:15:00+00:00,3.4014,3.408,3.3955,3.4048,1023769.4
2025-10-09 23:30:00+00:00,3.4048,3.4065,3.402,3.4058,346982.4
2025-10-09 23:45:00+00:00,3.4059,3.4096,3.404,3.4063,344612.1
2025-10-10 00:00:00+00:00,3.4063,3.4128,3.404,3.4103,878863.8
2025-10-10 00:15:00+00:00,3.4103,3.4213,3.4103,3.421,1071019.7
2025-10-10 00:30:00+00:00,3.421,3.4281,3.4185,3.4225,1900191.1
2025-10-10 00:45:00+00:00,3.4224,3.4224,3.4124,3.4164,571657.2
2025-10-10 01:00:00+00:00,3.4165,3.4245,3.414,3.4242,518832.7
2025-10-10 01:15:00+00:00,3.4243,3.4245,3.4191,3.4233,417351.1
2025-10-10 01:30:00+00:00,3.4232,3.4248,3.4092,3.4122,624515.7
2025-10-10 01:45:00+00:00,3.4122,3.4195,3.4086,3.4181,714541.8
2025-10-10 02:00:00+00:00,3.4182,3.4203,3.4034,3.4124,862737.1
2025-10-10 02:15:00+00:00,3.4123,3.4316,3.412,3.4236,1236980.7
2025-10-10 02:30:00+00:00,3.4235,3.4272,3.4155,3.4228,964779.1
2025-10-10 02:45:00+00:00,3.4228,3.4299,3.4171,3.4226,1188455.7
2025-10-10 03:00:00+00:00,3.4226,3.4249,3.4091,3.4163,952911.1
2025-10-10 03:15:00+00:00,3.4163,3.4491,3.4161,3.4488,1692794.3
2025-10-10 03:30:00+00:00,3.4488,3.4642,3.4488,3.4639,2615711.7
2025-10-10 03:45:00+00:00,3.4639,3.468,3.4412,3.4417,2470724.9
2025-10-10 04:00:00+00:00,3.4416,3.4567,3.4409,3.4498,1174906.2
2025-10-10 04:15:00+00:00,3.4497,3.4512,3.4386,3.44,673528.6
2025-10-10 04:30:00+00:00,3.4401,3.4452,3.4321,3.4425,913234.3
2025-10-10 04:45:00+00:00,3.4426,3.4448,3.4365,3.4431,703242.3
2025-10-10 05:00:00+00:00,3.4431,3.4443,3.4269,3.4328,975524.6
2025-10-10 05:15:00+00:00,3.4328,3.4526,3.4328,3.4437,766626.5
2025-10-10 05:30:00+00:00,3.4438,3.4441,3.4304,3.4439,781363.6
2025-10-10 05:45:00+00:00,3.4439,3.4681,3.4432,3.4681,1598080.0
2025-10-10 06:00:00+00:00,3.4682,3.4781,3.4641,3.4674,2572180.5
2025-10-10 06:15:00+00:00,3.4674,3.472,3.4569,3.4578,1091651.2
2025-10-10 06:30:00+00:00,3.4578,3.4652,3.4484,3.4506,1201893.6
2025-10-10 06:45:00+00:00,3.4506,3.4569,3.433,3.4374,1277276.2
2025-10-10 07:00:00+00:00,3.4374,3.44,3.4263,3.4387,1469882.0
2025-10-10 07:15:00+00:00,3.4388,3.4437,3.4308,3.4391,1072770.1
2025-10-10 07:30:00+00:00,3.439,3.4399,3.4227,3.4357,1436881.6
2025-10-10 07:45:00+00:00,3.4357,3.4357,3.4138,3.4169,1898133.6
2025-10-10 08:00:00+00:00,3.417,3.4284,3.4115,3.4238,1904132.7
2025-10-10 08:15:00+00:00,3.4238,3.4372,3.4233,3.4333,1196680.5
2025-10-10 08:30:00+00:00,3.4333,3.4367,3.4208,3.4269,838708.9
2025-10-10 08:45:00+00:00,3.4269,3.4502,3.4269,3.4481,954609.5
2025-10-10 09:00:00+00:00,3.4481,3.4568,3.4477,3.4514,2202955.6
2025-10-10 09:15:00+00:00,3.4513,3.4681,3.4467,3.464,1376214.5
2025-10-10 09:30:00+00:00,3.464,3.4681,3.4534,3.4578,1141915.2
2025-10-10 09:45:00+00:00,3.4578,3.4614,3.4369,3.4381,1112924.0
2025-10-10 10:00:00+00:00,3.4381,3.4527,3.4356,3.4468,808845.1
2025-10-10 10:15:00+00:00,3.4468,3.4538,3.4435,3.444,593993.0
2025-10-10 10:30:00+00:00,3.4439,3.4488,3.4416,3.4462,512357.6
2025-10-10 10:45:00+00:00,3.4463,3.4628,3.4458,3.4573,972181.0
2025-10-10 11:00:00+00:00,3.4574,3.4639,3.4538,3.4559,749099.6
2025-10-10 11:15:00+00:00,3.456,3.4597,3.4512,3.4571,490096.9
2025-10-10 11:30:00+00:00,3.4571,3.4649,3.4569,3.4615,715869.2
2025-10-10 11:45:00+00:00,3.4615,3.469,3.4586,3.4665,1008627.7
2025-10-10 12:00:00+00:00,3.4666,3.4732,3.4568,3.4586,912164.4
2025-10-10 12:15:00+00:00,3.4585,3.4619,3.4526,3.4562,811669.1
2025-10-10 12:30:00+00:00,3.4563,3.4635,3.4508,3.4556,1147294.2
2025-10-10 12:45:00+00:00,3.4556,3.4699,3.4535,3.4684,1014163.8
2025-10-10 13:00:00+00:00,3.4685,3.4736,3.4564,3.458,1476551.6
2025-10-10 13:15:00+00:00,3.458,3.469,3.4549,3.4653,1199798.7
2025-10-10 13:30:00+00:00,3.4653,3.4772,3.4563,3.472,2238677.8
2025-10-10 13:45:00+00:00,3.4721,3.4741,3.4531,3.4638,1738408.2
2025-10-10 14:00:00+00:00,3.4639,3.477,3.4537,3.4626,1807979.5
2025-10-10 14:15:00+00:00,3.4626,3.4658,3.4452,3.4493,1801287.4
2025-10-10 14:30:00+00:00,3.4493,3.465,3.4466,3.4583,1165363.4
2025-10-10 14:45:00+00:00,3.4583,3.4666,3.4266,3.4394,5415166.0
2025-10-10 15:00:00+00:00,3.4393,3.4427,3.4041,3.422,9810235.2
2025-10-10 15:15:00+00:00,3.4219,3.4316,3.3458,3.3468,12504015.6
2025-10-10 15:30:00+00:00,3.3468,3.3469,3.2748,3.3314,25461057.5
2025-10-10 15:45:00+00:00,3.3314,3.3319,3.2945,3.3009,4954104.1
2025-10-10 16:00:00+00:00,3.3009,3.3235,3.2865,3.3088,4784520.3
2025-10-10 16:15:00+00:00,3.3088,3.3262,3.2976,3.3197,3058454.7
2025-10-10 16:30:00+00:00,3.3197,3.3396,3.315,3.3167,3783824.6
2025-10-10 16:45:00+00:00,3.3167,3.3214,3.3054,3.3092,2281630.6
2025-10-10 17:00:00+00:00,3.3091,3.3168,3.2898,3.2936,3793603.2
2025-10-10 17:15:00+00:00,3.2937,3.3131,3.2878,3.3109,2357926.9
2025-10-10 17:30:00+00:00,3.3109,3.3151,3.2826,3.2853,2331761.7
2025-10-10 17:45:00+00:00,3.2854,3.2881,3.2663,3.2674,3847002.2
2025-10-10 18:00:00+00:00,3.2673,3.2798,3.2647,3.2787,2352540.1
2025-10-10 18:15:00+00:00,3.2787,3.288,3.2686,3.2757,1708883.7
2025-10-10 18:30:00+00:00,3.2756,3.2788,3.2606,3.2661,2310530.5
2025-10-10 18:45:00+00:00,3.2662,3.2765,3.2522,3.2523,3325220.1
2025-10-10 19:00:00+00:00,3.2522,3.2571,3.236,3.2391,4330873.1
2025-10-10 19:15:00+00:00,3.239,3.2553,3.2018,3.2025,6302642.6
2025-10-10 19:30:00+00:00,3.2033,3.2533,3.2,3.2525,6277848.4
2025-10-10 19:45:00+00:00,3.2526,3.26,3.2332,3.2374,2685564.7
2025-10-10 20:00:00+00:00,3.2373,3.2564,3.2322,3.2517,3372826.7
2025-10-10 20:15:00+00:00,3.2516,3.2636,3.2455,3.261,1940857.4
2025-10-10 20:30:00+00:00,3.2611,3.2614,3.25,3.2546,1815900.8
2025-10-10 20:45:00+00:00,3.2547,3.2594,3.0365,3.0759,33273438.7
2025-10-10 21:00:00+00:00,3.0764,3.0997,2.6452,2.7444,49700147.1
2025-10-10 21:15:00+00:00,2.7415,2.7522,0.5669,2.0048,119790198.9
2025-10-10 21:30:00+00:00,2.0081,2.5,1.9765,2.4051,43713102.4
2025-10-10 21:45:00+00:00,2.403,2.6131,2.3982,2.5226,32440117.1
2025-10-10 22:00:00+00:00,2.5221,2.5367,2.2129,2.4361,35529794.1
2025-10-10 22:15:00+00:00,2.4361,2.5307,2.4125,2.4295,26346437.9
2025-10-10 22:30:00+00:00,2.4299,2.5,2.3884,2.4779,27008445.1
2025-10-10 22:45:00+00:00,2.4779,2.6256,2.4756,2.5643,26814178.9
2025-10-10 23:00:00+00:00,2.5644,2.5743,2.5004,2.5411,15369339.4
2025-10-10 23:15:00+00:00,2.541,2.6641,2.5296,2.6631,15769724.3
2025-10-10 23:30:00+00:00,2.6632,2.7301,2.6418,2.702,17193377.5
2025-10-10 23:45:00+00:00,2.7024,2.7097,2.5599,2.5967,16747420.6
2025-10-11 00:00:00+00:00,2.5972,2.6655,2.563,2.6285,13262442.4
2025-10-11 00:15:00+00:00,2.628,2.63,2.528,2.6255,14622161.6
2025-10-11 00:30:00+00:00,2.6254,2.6267,2.5747,2.6008,6696434.2
2025-10-11 00:45:00+00:00,2.6007,2.6592,2.6004,2.6343,5958142.1
2025-10-11 01:00:00+00:00,2.6343,2.647,2.5873,2.604,6859910.7
2025-10-11 01:15:00+00:00,2.6039,2.608,2.5471,2.5607,8786952.3
2025-10-11 01:30:00+00:00,2.5607,2.6149,2.5596,2.572,7620428.9
2025-10-11 01:45:00+00:00,2.572,2.6016,2.5472,2.5625,5806645.2
2025-10-11 02:00:00+00:00,2.5625,2.6501,2.559,2.6402,8642766.7
2025-10-11 02:15:00+00:00,2.6401,2.7181,2.6357,2.7115,8271548.3
2025-10-11 02:30:00+00:00,2.7114,2.7727,2.7081,2.7715,7708628.7
2025-10-11 02:45:00+00:00,2.7715,2.7878,2.7535,2.7575,8536188.6
2025-10-11 03:00:00+00:00,2.7574,2.7652,2.6786,2.7004,8372567.6
2025-10-11 03:15:00+00:00,2.7003,2.7104,2.6811,2.6922,5045102.3
2025-10-11 03:30:00+00:00,2.6923,2.702,2.6614,2.6794,5161008.0
2025-10-11 03:45:00+00:00,2.6795,2.7222,2.6774,2.7045,3724125.4
2025-10-11 04:00:00+00:00,2.7045,2.7304,2.6936,2.7167,4485773.4
2025-10-11 04:15:00+00:00,2.7165,2.7526,2.7153,2.7507,4607877.5
2025-10-11 04:30:00+00:00,2.7507,2.7539,2.7121,2.7342,4910333.5
2025-10-11 04:45:00+00:00,2.7342,2.7666,2.7127,2.7607,4322768.5
2025-10-11 05:00:00+00:00,2.7606,2.7634,2.7423,2.7525,2520099.7
2025-10-11 05:15:00+00:00,2.7525,2.7539,2.6806,2.6819,4893838.4
2025-10-11 05:30:00+00:00,2.6821,2.702,2.6745,2.702,4530710.2
2025-10-11 05:45:00+00:00,2.7021,2.7295,2.6908,2.6918,4380561.6
2025-10-11 06:00:00+00:00,2.6919,2.7178,2.6792,2.7173,3044279.1
2025-10-11 06:15:00+00:00,2.7171,2.7538,2.7068,2.7515,4115945.4
2025-10-11 06:30:00+00:00,2.7514,2.7649,2.7474,2.76,2901290.5
2025-10-11 06:45:00+00:00,2.7601,2.776,2.7143,2.7207,3776089.3
2025-10-11 07:00:00+00:00,2.7207,2.7289,2.7018,2.7283,3483185.2
2025-10-11 07:15:00+00:00,2.7282,2.7546,2.7081,2.728,5071309.9
2025-10-11 07:30:00+00:00,2.7282,2.739,2.7045,2.7177,3256330.9
2025-10-11 07:45:00+00:00,2.7179,2.7256,2.6927,2.7036,4513963.2
2025-10-11 08:00:00+00:00,2.7035,2.7079,2.6821,2.6976,3445547.8
2025-10-11 08:15:00+00:00,2.6978,2.7738,2.693,2.7544,5251879.3
2025-10-11 08:30:00+00:00,2.7544,2.7625,2.7325,2.7493,3238103.6
2025-10-11 08:45:00+00:00,2.7493,2.7822,2.7463,2.7691,3376301.0
2025-10-11 09:00:00+00:00,2.7692,2.8162,2.7688,2.7847,5802864.8
2025-10-11 09:15:00+00:00,2.7846,2.7856,2.7565,2.7789,3571608.3
2025-10-11 09:30:00+00:00,2.779,2.7807,2.7498,2.7593,2892626.1
2025-10-11 09:45:00+00:00,2.7591,2.7608,2.7277,2.7303,3186173.5
2025-10-11 10:00:00+00:00,2.7305,2.7642,2.7301,2.7524,3158245.2
2025-10-11 10:15:00+00:00,2.7525,2.7582,2.7406,2.7544,2118929.4
2025-10-11 10:30:00+00:00,2.7544,2.7569,2.7072,2.7119,3773543.2
2025-10-11 10:45:00+00:00,2.712,2.7292,2.7076,2.7258,2204336.9
2025-10-11 11:00:00+00:00,2.7259,2.7287,2.7052,2.714,2334435.0
2025-10-11 11:15:00+00:00,2.714,2.7197,2.69,2.7164,3180581.1
2025-10-11 11:30:00+00:00,2.7165,2.7191,2.6981,2.7102,2459675.4
2025-10-11 11:45:00+00:00,2.7103,2.7174,2.7055,2.7129,1677631.8
2025-10-11 12:00:00+00:00,2.7129,2.7129,2.6913,2.704,2792011.1
2025-10-11 12:15:00+00:00,2.704,2.7174,2.6942,2.7167,2176199.3
2025-10-11 12:30:00+00:00,2.7168,2.7172,2.6772,2.6876,2866454.6
2025-10-11 12:45:00+00:00,2.6877,2.6908,2.6524,2.6821,4863483.4
2025-10-11 13:00:00+00:00,2.6822,2.69,2.6615,2.6764,3673514.4
2025-10-11 13:15:00+00:00,2.6764,2.6774,2.6518,2.6583,3415333.2
2025-10-11 13:30:00+00:00,2.6583,2.661,2.6144,2.6473,8078456.4
2025-10-11 13:45:00+00:00,2.6473,2.6772,2.6449,2.6629,5355372.1
2025-10-11 14:00:00+00:00,2.6629,2.6727,2.6514,2.6677,3903955.6
2025-10-11 14:15:00+00:00,2.6677,2.6706,2.6362,2.6503,3577154.1
2025-10-11 14:30:00+00:00,2.6502,2.6644,2.6483,2.6484,3701888.9
2025-10-11 14:45:00+00:00,2.6483,2.663,2.6431,2.6603,2971890.4
2025-10-11 15:00:00+00:00,2.6603,2.7029,2.6601,2.6936,3829539.9
2025-10-11 15:15:00+00:00,2.6936,2.6969,2.668,2.6752,2826197.4
2025-10-11 15:30:00+00:00,2.6751,2.6751,2.6524,2.653,1992791.5
2025-10-11 15:45:00+00:00,2.6531,2.6685,2.6481,2.6615,2726745.3
2025-10-11 16:00:00+00:00,2.6614,2.6845,2.6525,2.6828,2535285.4
2025-10-11 16:15:00+00:00,2.6828,2.6902,2.6735,2.6777,2340373.1
2025-10-11 16:30:00+00:00,2.6778,2.6851,2.6473,2.6533,2548554.4
2025-10-11 16:45:00+00:00,2.6533,2.6658,2.6478,2.661,1739062.4
2025-10-11 17:00:00+00:00,2.6609,2.6776,2.657,2.6747,2009855.3
2025-10-11 17:15:00+00:00,2.6746,2.6864,2.6599,2.6852,2061967.6
2025-10-11 17:30:00+00:00,2.6852,2.6852,2.655,2.6662,2573156.8
2025-10-11 17:45:00+00:00,2.6662,2.6827,2.6542,2.6827,1591198.2
2025-10-11 18:00:00+00:00,2.6826,2.6827,2.6618,2.663,1437296.1
2025-10-11 18:15:00+00:00,2.663,2.6706,2.6594,2.6645,1240529.2
2025-10-11 18:30:00+00:00,2.6645,2.6735,2.6583,2.671,1207837.0
2025-10-11 18:45:00+00:00,2.671,2.6723,2.6511,2.6512,1120338.6
2025-10-11 19:00:00+00:00,2.6511,2.6526,2.6105,2.6209,3801178.2
2025-10-11 19:15:00+00:00,2.6209,2.6221,2.5727,2.5899,7850161.3
2025-10-11 19:30:00+00:00,2.5899,2.5916,2.5621,2.5779,4587859.7
2025-10-11 19:45:00+00:00,2.578,2.5888,2.5457,2.5742,5255351.3
2025-10-11 20:00:00+00:00,2.5741,2.5847,2.5434,2.5611,5239039.1
2025-10-11 20:15:00+00:00,2.561,2.5734,2.5386,2.5528,4218034.4
2025-10-11 20:30:00+00:00,2.5528,2.5539,2.5116,2.5242,6739298.5
2025-10-11 20:45:00+00:00,2.5243,2.5541,2.5047,2.5265,5075889.7
2025-10-11 21:00:00+00:00,2.5265,2.5272,2.4806,2.5021,8024492.1
2025-10-11 21:15:00+00:00,2.502,2.5617,2.4935,2.5306,6281309.7
2025-10-11 21:30:00+00:00,2.5305,2.5413,2.5147,2.5303,2949944.1
2025-10-11 21:45:00+00:00,2.5302,2.558,2.5302,2.5442,2074170.6
2025-10-11 22:00:00+00:00,2.5441,2.556,2.5326,2.5421,3743687.5
2025-10-11 22:15:00+00:00,2.5421,2.5602,2.5359,2.555,3039445.7
2025-10-11 22:30:00+00:00,2.5551,2.5651,2.5435,2.5465,3068021.3
2025-10-11 22:45:00+00:00,2.5465,2.5568,2.5408,2.5493,2328916.5
2025-10-11 23:00:00+00:00,2.5492,2.5553,2.5369,2.5408,2621645.6
2025-10-11 23:15:00+00:00,2.5407,2.5544,2.5372,2.5476,1761146.8
2025-10-11 23:30:00+00:00,2.5475,2.5498,2.5313,2.5341,1517440.6
2025-10-11 23:45:00+00:00,2.5341,2.5464,2.5285,2.5398,1627875.7
2025-10-12 00:00:00+00:00,2.5399,2.5426,2.5287,2.5327,1892201.8
2025-10-12 00:15:00+00:00,2.5326,2.5456,2.4986,2.4986,3715167.0
2025-10-12 00:30:00+00:00,2.4985,2.5296,2.4964,2.5021,4240593.1
2025-10-12 00:45:00+00:00,2.5021,2.5073,2.4718,2.476,3124767.9
2025-10-12 01:00:00+00:00,2.476,2.4918,2.4726,2.4899,3553610.8
2025-10-12 01:15:00+00:00,2.4899,2.5057,2.4668,2.4742,4443366.2
2025-10-12 01:30:00+00:00,2.4741,2.4771,2.4557,2.466,4805725.4
2025-10-12 01:45:00+00:00,2.4659,2.4818,2.4426,2.4469,4677893.7
2025-10-12 02:00:00+00:00,2.4469,2.4561,2.4366,2.4534,3910951.3
2025-10-12 02:15:00+00:00,2.4535,2.4903,2.4526,2.4843,3835196.0
2025-10-12 02:30:00+00:00,2.4842,2.4976,2.4511,2.4612,3807217.8
2025-10-12 02:45:00+00:00,2.4612,2.472,2.4416,2.4644,3660424.3
2025-10-12 03:00:00+00:00,2.4645,2.5018,2.4556,2.4911,5200568.3
2025-10-12 03:15:00+00:00,2.491,2.5086,2.4744,2.4953,3791133.6
2025-10-12 03:30:00+00:00,2.4953,2.5233,2.492,2.5087,4262724.4
2025-10-12 03:45:00+00:00,2.5087,2.512,2.4812,2.483,2293599.6
2025-10-12 04:00:00+00:00,2.4829,2.508,2.4751,2.506,2686510.1
2025-10-12 04:15:00+00:00,2.506,2.5363,2.5053,2.5252,3008665.1
2025-10-12 04:30:00+00:00,2.5252,2.5364,2.5179,2.5246,2230385.8
2025-10-12 04:45:00+00:00,2.5246,2.5368,2.5169,2.5241,2045390.6
2025-10-12 05:00:00+00:00,2.524,2.531,2.5121,2.5181,2003580.2
2025-10-12 05:15:00+00:00,2.5181,2.5362,2.5172,2.5343,1360616.8
2025-10-12 05:30:00+00:00,2.5344,2.5404,2.5266,2.5313,1534833.6
2025-10-12 05:45:00+00:00,2.5314,2.542,2.5284,2.5364,1594875.5
2025-10-12 06:00:00+00:00,2.5365,2.5511,2.533,2.5459,1788343.5
2025-10-12 06:15:00+00:00,2.546,2.5619,2.543,2.5558,2009257.0
2025-10-12 06:30:00+00:00,2.5557,2.556,2.5415,2.5507,1739674.9
2025-10-12 06:45:00+00:00,2.5508,2.5539,2.5398,2.5445,1496259.1
2025-10-12 07:00:00+00:00,2.5445,2.5495,2.5343,2.5348,1339616.7
2025-10-12 07:15:00+00:00,2.5348,2.5466,2.5286,2.5337,1516612.5
2025-10-12 07:30:00+00:00,2.5336,2.536,2.5276,2.5355,1171914.3
2025-10-12 07:45:00+00:00,2.5355,2.5464,2.5321,2.5349,1257144.9
2025-10-12 08:00:00+00:00,2.5349,2.5399,2.5302,2.5319,1073425.6
2025-10-12 08:15:00+00:00,2.5319,2.5378,2.5295,2.5312,1101942.4
2025-10-12 08:30:00+00:00,2.5312,2.5313,2.5054,2.5064,2700284.3
2025-10-12 08:45:00+00:00,2.5064,2.5087,2.4915,2.4937,2718142.6
2025-10-12 09:00:00+00:00,2.4937,2.4939,2.4661,2.4799,3806447.0
2025-10-12 09:15:00+00:00,2.4799,2.496,2.4799,2.4904,2439464.6
2025-10-12 09:30:00+00:00,2.4904,2.4966,2.4804,2.4963,2229818.9
2025-10-12 09:45:00+00:00,2.4963,2.5075,2.4831,2.5057,2546465.9
2025-10-12 10:00:00+00:00,2.5057,2.5191,2.4922,2.4959,2879774.5
2025-10-12 10:15:00+00:00,2.4958,2.5004,2.4849,2.4938,1380158.8
2025-10-12 10:30:00+00:00,2.4939,2.501,2.4902,2.4928,1185109.5
2025-10-12 10:45:00+00:00,2.4927,2.5005,2.4908,2.498,994180.6
2025-10-12 11:00:00+00:00,2.498,2.5225,2.4954,2.5152,2403281.4
2025-10-12 11:15:00+00:00,2.5152,2.5224,2.4984,2.5114,2107263.2
2025-10-12 11:30:00+00:00,2.5114,2.5279,2.5095,2.5138,1738994.1
2025-10-12 11:45:00+00:00,2.5138,2.5202,2.5093,2.5179,1453884.9
2025-10-12 12:00:00+00:00,2.5178,2.5481,2.5156,2.544,2602359.8
2025-10-12 12:15:00+00:00,2.5439,2.5534,2.5348,2.5494,2256538.1
2025-10-12 12:30:00+00:00,2.5493,2.5531,2.5263,2.5424,3173763.8
2025-10-12 12:45:00+00:00,2.5424,2.5424,2.5228,2.5323,2138690.6
2025-10-12 13:00:00+00:00,2.5323,2.5452,2.521,2.5371,2278622.4
2025-10-12 13:15:00+00:00,2.5371,2.5442,2.504,2.5205,4048075.6
2025-10-12 13:30:00+00:00,2.5204,2.5209,2.4948,2.5093,3351601.0
2025-10-12 13:45:00+00:00,2.5094,2.5105,2.4836,2.4905,3046946.8
2025-10-12 14:00:00+00:00,2.4906,2.5083,2.4877,2.5052,2638989.6
2025-10-12 14:15:00+00:00,2.505,2.5239,2.4967,2.5205,2907140.6
2025-10-12 14:30:00+00:00,2.5206,2.5268,2.4913,2.5076,3067244.5
2025-10-12 14:45:00+00:00,2.5076,2.6537,2.5072,2.6005,28996924.8
2025-10-12 15:00:00+00:00,2.6006,2.6892,2.5907,2.682,15697601.4
2025-10-12 15:15:00+00:00,2.6823,2.7221,2.6518,2.6954,12629271.0
2025-10-12 15:30:00+00:00,2.6954,2.6969,2.6391,2.6725,9429304.0
2025-10-12 15:45:00+00:00,2.6725,2.7513,2.6725,2.7323,9574278.4
2025-10-12 16:00:00+00:00,2.7324,2.796,2.7322,2.7619,14210278.3
2025-10-12 16:15:00+00:00,2.762,2.7653,2.7259,2.7355,6902562.3
2025-10-12 16:30:00+00:00,2.7355,2.7736,2.7049,2.7706,7151835.9
2025-10-12 16:45:00+00:00,2.7708,2.7992,2.7308,2.7592,9918432.3
2025-10-12 17:00:00+00:00,2.7595,2.7843,2.7445,2.7772,6495306.9
2025-10-12 17:15:00+00:00,2.7773,2.8008,2.7764,2.7998,5321247.7
2025-10-12 17:30:00+00:00,2.7998,2.8054,2.7785,2.7938,4365045.7
2025-10-12 17:45:00+00:00,2.7938,2.8024,2.7577,2.7784,5306893.1
2025-10-12 18:00:00+00:00,2.7783,2.8024,2.7755,2.7929,2418605.1
2025-10-12 18:15:00+00:00,2.793,2.8068,2.7773,2.7894,2425562.4
2025-10-12 18:30:00+00:00,2.7894,2.7956,2.7571,2.7608,2468064.4
2025-10-12 18:45:00+00:00,2.7608,2.7872,2.7518,2.784,2286378.0
2025-10-12 19:00:00+00:00,2.784,2.8202,2.7819,2.8192,2957811.5
2025-10-12 19:15:00+00:00,2.8192,2.8373,2.8149,2.835,3587897.8
2025-10-12 19:30:00+00:00,2.835,2.8359,2.8111,2.8208,2954423.0
2025-10-12 19:45:00+00:00,2.8207,2.8488,2.8168,2.8444,2561165.4
2025-10-12 20:00:00+00:00,2.8445,2.8549,2.8235,2.8286,2947509.6
2025-10-12 20:15:00+00:00,2.8286,2.8525,2.8228,2.8515,1968700.4
2025-10-12 20:30:00+00:00,2.8514,2.8579,2.836,2.8521,2340628.1
2025-10-12 20:45:00+00:00,2.8521,2.876,2.8277,2.8358,3284441.4
2025-10-12 21:00:00+00:00,2.8359,2.8719,2.8212,2.8535,3204648.3
2025-10-12 21:15:00+00:00,2.8534,2.859,2.7904,2.7912,4956387.6
2025-10-12 21:30:00+00:00,2.7911,2.7936,2.7332,2.7715,8071033.0
2025-10-12 21:45:00+00:00,2.7717,2.7962,2.7716,2.796,1718172.2
2025-10-12 22:00:00+00:00,2.796,2.8229,2.783,2.796,3623992.5
2025-10-12 22:15:00+00:00,2.7961,2.8088,2.7761,2.7866,2086544.7
2025-10-12 22:30:00+00:00,2.7866,2.7993,2.7789,2.7921,1966452.2
2025-10-12 22:45:00+00:00,2.792,2.8006,2.7804,2.7876,2504879.8
2025-10-12 23:00:00+00:00,2.7875,2.7894,2.7674,2.7783,2208968.4
2025-10-12 23:15:00+00:00,2.7782,2.7955,2.7606,2.7847,2703294.0
2025-10-12 23:30:00+00:00,2.7847,2.8016,2.7844,2.7948,1808284.3
2025-10-12 23:45:00+00:00,2.7949,2.8123,2.791,2.8057,1424023.7
2025-10-13 00:00:00+00:00,2.8058,2.8099,2.7814,2.794,2853703.0
2025-10-13 00:15:00+00:00,2.7936,2.8342,2.782,2.7837,4860754.5
2025-10-13 00:30:00+00:00,2.7837,2.7837,2.7558,2.7727,3637232.4
2025-10-13 00:45:00+00:00,2.7728,2.8003,2.7684,2.7836,2956873.3
2025-10-13 01:00:00+00:00,2.7835,2.787,2.7619,2.7683,2489932.1
2025-10-13 01:15:00+00:00,2.7683,2.7925,2.7609,2.7814,1732226.5
2025-10-13 01:30:00+00:00,2.7813,2.8068,2.7799,2.7964,1859748.3
2025-10-13 01:45:00+00:00,2.7963,2.8184,2.7937,2.8139,1513842.1
2025-10-13 02:00:00+00:00,2.8138,2.8271,2.7885,2.7986,2602721.9
2025-10-13 02:15:00+00:00,2.7987,2.8127,2.7875,2.7942,2345085.4
2025-10-13 02:30:00+00:00,2.7941,2.806,2.7851,2.7914,1557656.8
2025-10-13 02:45:00+00:00,2.7915,2.8079,2.7907,2.8078,1293334.9
2025-10-13 03:00:00+00:00,2.8079,2.8152,2.7987,2.8044,1567876.1
2025-10-13 03:15:00+00:00,2.8045,2.8119,2.7985,2.8025,1269942.5
2025-10-13 03:30:00+00:00,2.8025,2.8059,2.7749,2.7808,2437174.0
2025-10-13 03:45:00+00:00,2.7808,2.7826,2.7612,2.7704,2166508.5
2025-10-13 04:00:00+00:00,2.7705,2.777,2.7538,2.7578,2055488.5
2025-10-13 04:15:00+00:00,2.7578,2.7643,2.7441,2.7465,2865558.6
2025-10-13 04:30:00+00:00,2.7465,2.7768,2.7454,2.7683,2898512.5
2025-10-13 04:45:00+00:00,2.7683,2.7995,2.7611,2.7954,2811534.3
2025-10-13 05:00:00+00:00,2.7953,2.8074,2.786,2.7952,2159549.9
2025-10-13 05:15:00+00:00,2.7952,2.8202,2.7925,2.8189,2826720.3
2025-10-13 05:30:00+00:00,2.819,2.8249,2.8112,2.8161,2033889.1
2025-10-13 05:45:00+00:00,2.816,2.8264,2.7955,2.8018,3199880.3
2025-10-13 06:00:00+00:00,2.8017,2.814,2.7865,2.8096,2848122.9
2025-10-13 06:15:00+00:00,2.8096,2.8213,2.8006,2.8191,1932910.8
2025-10-13 06:30:00+00:00,2.819,2.8482,2.811,2.8126,3057433.3
2025-10-13 06:45:00+00:00,2.8125,2.8317,2.8066,2.8262,2311905.7
2025-10-13 07:00:00+00:00,2.8262,2.8527,2.8157,2.8451,2740476.6
2025-10-13 07:15:00+00:00,2.845,2.8682,2.84,2.8613,3241421.1
2025-10-13 07:30:00+00:00,2.8614,2.8722,2.8518,2.8559,2591807.3
2025-10-13 07:45:00+00:00,2.8559,2.8559,2.8301,2.8397,2785696.9
2025-10-13 08:00:00+00:00,2.8397,2.8506,2.8333,2.8427,2372046.0
2025-10-13 08:15:00+00:00,2.8427,2.8514,2.8348,2.8437,1840745.4
2025-10-13 08:30:00+00:00,2.8438,2.8682,2.8425,2.8519,2018759.1
2025-10-13 08:45:00+00:00,2.8519,2.8736,2.8502,2.8657,1729021.8
2025-10-13 09:00:00+00:00,2.8657,2.8992,2.8458,2.8492,11369867.7
2025-10-13 09:15:00+00:00,2.8493,2.8531,2.8312,2.8397,4049709.5
2025-10-13 09:30:00+00:00,2.8397,2.889,2.8364,2.8851,5719301.5
2025-10-13 09:45:00+00:00,2.8851,2.9066,2.8774,2.9049,3754730.5
2025-10-13 10:00:00+00:00,2.9048,2.9067,2.8675,2.8702,5167029.3
2025-10-13 10:15:00+00:00,2.8703,2.88,2.8508,2.8664,3416113.2
2025-10-13 10:30:00+00:00,2.8664,2.8705,2.8538,2.8684,1848907.4
2025-10-13 10:45:00+00:00,2.8684,2.8785,2.86,2.8705,1448171.6
2025-10-13 11:00:00+00:00,2.8705,2.8759,2.8277,2.8535,7594301.0
2025-10-13 11:15:00+00:00,2.8535,2.8584,2.7695,2.7732,7361768.0
2025-10-13 11:30:00+00:00,2.7732,2.8266,2.7727,2.8213,5701281.3
2025-10-13 11:45:00+00:00,2.8213,2.83,2.8008,2.8076,3504116.1
2025-10-13 12:00:00+00:00,2.8076,2.8311,2.7863,2.8209,4376092.6
2025-10-13 12:15:00+00:00,2.8207,2.8238,2.7986,2.8059,2306481.1
2025-10-13 12:30:00+00:00,2.8058,2.8398,2.8014,2.8284,2686724.0
2025-10-13 12:45:00+00:00,2.8284,2.8391,2.8073,2.8147,2238991.5
2025-10-13 13:00:00+00:00,2.8146,2.8258,2.8023,2.8083,2626369.3
2025-10-13 13:15:00+00:00,2.8084,2.8276,2.8059,2.8165,1752851.1
2025-10-13 13:30:00+00:00,2.8164,2.9219,2.8149,2.88,20532825.5
2025-10-13 13:45:00+00:00,2.8798,2.9113,2.852,2.9023,7099233.4
2025-10-13 14:00:00+00:00,2.9022,2.9127,2.8612,2.8693,5237315.8
2025-10-13 14:15:00+00:00,2.8692,2.8753,2.8263,2.8364,5328883.6
2025-10-13 14:30:00+00:00,2.8362,2.8745,2.8073,2.8521,5519191.4
2025-10-13 14:45:00+00:00,2.8521,2.8577,2.8101,2.8246,3322695.3
2025-10-13 15:00:00+00:00,2.8246,2.8673,2.8206,2.8542,3301870.1
2025-10-13 15:15:00+00:00,2.8541,2.8836,2.8484,2.8528,3085234.8
2025-10-13 15:30:00+00:00,2.853,2.8743,2.8456,2.8509,2323508.4
2025-10-13 15:45:00+00:00,2.8509,2.8829,2.8509,2.8652,1814811.5
2025-10-13 16:00:00+00:00,2.8652,2.8873,2.8618,2.8746,2223240.5
2025-10-13 16:15:00+00:00,2.8747,2.8814,2.8382,2.8593,3666314.0
2025-10-13 16:30:00+00:00,2.8593,2.8687,2.8421,2.8456,1750108.0
2025-10-13 16:45:00+00:00,2.8457,2.8783,2.8451,2.8712,1870062.0
2025-10-13 17:00:00+00:00,2.8712,2.9057,2.8649,2.8732,3420264.0
2025-10-13 17:15:00+00:00,2.8733,2.884,2.8634,2.8695,1684472.2
2025-10-13 17:30:00+00:00,2.8696,2.8783,2.8592,2.8649,1885436.4
2025-10-13 17:45:00+00:00,2.865,2.91,2.8469,2.907,3155351.1
2025-10-13 18:00:00+00:00,2.9069,2.9105,2.881,2.8844,3927796.0
2025-10-13 18:15:00+00:00,2.8845,2.9196,2.8844,2.9188,3101243.4
2025-10-13 18:30:00+00:00,2.919,2.9319,2.9082,2.9264,2977451.9
2025-10-13 18:45:00+00:00,2.9265,2.9292,2.8998,2.9193,2212257.2
2025-10-13 19:00:00+00:00,2.9193,2.9491,2.911,2.9455,2695873.1
2025-10-13 19:15:00+00:00,2.9456,2.9561,2.931,2.9346,3988832.5
2025-10-13 19:30:00+00:00,2.9346,2.97,2.9332,2.9699,2972298.4
2025-10-13 19:45:00+00:00,2.97,2.975,2.9487,2.9654,3368537.1
2025-10-13 20:00:00+00:00,2.9655,2.9706,2.9506,2.9571,2715602.7
2025-10-13 20:15:00+00:00,2.957,2.963,2.9505,2.9551,1336240.0
2025-10-13 20:30:00+00:00,2.955,2.9716,2.9521,2.9673,1196488.9
2025-10-13 20:45:00+00:00,2.9673,2.9983,2.9667,2.9973,2591926.0
2025-10-13 21:00:00+00:00,2.9972,3.0118,2.9863,2.9933,4651296.7
2025-10-13 21:15:00+00:00,2.9932,3.008,2.9779,2.98,2665910.9
2025-10-13 21:30:00+00:00,2.98,2.9878,2.9761,2.9821,1380507.4
2025-10-13 21:45:00+00:00,2.982,2.9871,2.9783,2.9836,606177.9
2025-10-13 22:00:00+00:00,2.9835,2.9968,2.979,2.9812,1740177.3
2025-10-13 22:15:00+00:00,2.9811,2.9963,2.9783,2.9851,1031186.4
2025-10-13 22:30:00+00:00,2.985,2.9924,2.9777,2.989,1175037.2
2025-10-13 22:45:00+00:00,2.989,3.005,2.9819,3.005,1661968.1
2025-10-13 23:00:00+00:00,3.0049,3.0086,2.99,3.0032,2143939.0
2025-10-13 23:15:00+00:00,3.0033,3.0137,2.9926,3.0035,1901511.3
2025-10-13 23:30:00+00:00,3.0034,3.0049,2.9812,2.9877,1881481.8
2025-10-13 23:45:00+00:00,2.9877,2.9903,2.9786,2.989,1261138.4
2025-10-14 00:00:00+00:00,2.989,2.9981,2.9732,2.9777,2014078.7
2025-10-14 00:15:00+00:00,2.9776,2.988,2.9705,2.9729,1875634.9
2025-10-14 00:30:00+00:00,2.9729,2.9759,2.9524,2.9622,3173579.6
2025-10-14 00:45:00+00:00,2.9621,2.9621,2.9428,2.9527,2798685.1
2025-10-14 01:00:00+00:00,2.9526,2.9591,2.933,2.9454,2706749.2
2025-10-14 01:15:00+00:00,2.9454,2.9676,2.9431,2.9587,1361335.0
2025-10-14 01:30:00+00:00,2.9587,2.9632,2.9464,2.9501,1067646.8
2025-10-14 01:45:00+00:00,2.9502,2.9505,2.929,2.9351,1357929.8
2025-10-14 02:00:00+00:00,2.935,2.9372,2.9164,2.9211,2201738.2
2025-10-14 02:15:00+00:00,2.921,2.9225,2.8925,2.908,3763872.3
2025-10-14 02:30:00+00:00,2.908,2.9149,2.8964,2.9016,2127571.6
2025-10-14 02:45:00+00:00,2.9015,2.9076,2.8824,2.8888,3291572.1
2025-10-14 03:00:00+00:00,2.8888,2.8908,2.8568,2.8682,5659528.2
2025-10-14 03:15:00+00:00,2.8682,2.8762,2.85,2.8526,2562538.5
2025-10-14 03:30:00+00:00,2.8526,2.8653,2.8509,2.8611,1604209.1
2025-10-14 03:45:00+00:00,2.8611,2.8788,2.8592,2.8623,2122959.4
2025-10-14 04:00:00+00:00,2.8622,2.8711,2.8381,2.8545,3681210.9
2025-10-14 04:15:00+00:00,2.8545,2.865,2.8458,2.8626,2287619.0
2025-10-14 04:30:00+00:00,2.8626,2.8626,2.8158,2.8197,5578938.9
2025-10-14 04:45:00+00:00,2.8197,2.8267,2.7815,2.7989,8100213.8
2025-10-14 05:00:00+00:00,2.7989,2.8312,2.7902,2.8216,7303773.2
2025-10-14 05:15:00+00:00,2.8215,2.8253,2.8033,2.8052,2580281.0
2025-10-14 05:30:00+00:00,2.8053,2.8099,2.7648,2.7788,5714480.4
2025-10-14 05:45:00+00:00,2.7789,2.7907,2.7725,2.7808,2925214.0
2025-10-14 06:00:00+00:00,2.7809,2.8014,2.7795,2.7877,4088537.8
2025-10-14 06:15:00+00:00,2.7876,2.7904,2.7624,2.7681,3739711.7
2025-10-14 06:30:00+00:00,2.768,2.7804,2.7246,2.7316,11429135.8
2025-10-14 06:45:00+00:00,2.7316,2.7467,2.6669,2.7268,17961404.3
2025-10-14 07:00:00+00:00,2.7268,2.7453,2.7127,2.735,6090818.8
2025-10-14 07:15:00+00:00,2.7351,2.7543,2.7222,2.7409,4479827.6
2025-10-14 07:30:00+00:00,2.7408,2.7416,2.7051,2.7225,6125940.6
2025-10-14 07:45:00+00:00,2.7225,2.7271,2.7011,2.7174,5497041.4
2025-10-14 08:00:00+00:00,2.7174,2.7256,2.6939,2.7206,6297432.8
2025-10-14 08:15:00+00:00,2.7206,2.7256,2.7013,2.721,3743934.8
2025-10-14 08:30:00+00:00,2.721,2.7479,2.7209,2.7406,4355489.3
2025-10-14 08:45:00+00:00,2.7406,2.7445,2.7208,2.7237,2298379.1
2025-10-14 09:00:00+00:00,2.7237,2.7396,2.7218,2.7307,2471148.5
2025-10-14 09:15:00+00:00,2.7308,2.7493,2.7275,2.7416,2243042.7
2025-10-14 09:30:00+00:00,2.7417,2.7569,2.7393,2.7444,3301372.0
2025-10-14 09:45:00+00:00,2.7444,2.7483,2.7226,2.734,3082010.6
2025-10-14 10:00:00+00:00,2.7341,2.7341,2.7046,2.711,3135737.0
2025-10-14 10:15:00+00:00,2.711,2.711,2.6811,2.6885,5656047.4
2025-10-14 10:30:00+00:00,2.6885,2.7155,2.66,2.6945,7908882.7
2025-10-14 10:45:00+00:00,2.6945,2.7109,2.6812,2.7076,3179507.5
2025-10-14 11:00:00+00:00,2.7075,2.7449,2.7048,2.7395,4085126.0
2025-10-14 11:15:00+00:00,2.7395,2.7434,2.7277,2.7352,2711193.4
2025-10-14 11:30:00+00:00,2.7352,2.7484,2.723,2.7245,2738621.7
2025-10-14 11:45:00+00:00,2.7244,2.7338,2.7193,2.7214,1937351.7
2025-10-14 12:00:00+00:00,2.7215,2.7248,2.703,2.7181,3017092.0
2025-10-14 12:15:00+00:00,2.7182,2.7183,2.6993,2.7091,1785046.5
2025-10-14 12:30:00+00:00,2.709,2.7137,2.6852,2.6938,3238566.0
2025-10-14 12:45:00+00:00,2.6937,2.7069,2.6829,2.688,2583379.9
2025-10-14 13:00:00+00:00,2.688,2.6999,2.6709,2.6836,2946937.2
2025-10-14 13:15:00+00:00,2.6837,2.6981,2.6692,2.6946,3161312.6
2025-10-14 13:30:00+00:00,2.6946,2.7129,2.6499,2.6895,9001917.2
2025-10-14 13:45:00+00:00,2.6894,2.7266,2.6783,2.7061,6744816.7
2025-10-14 14:00:00+00:00,2.706,2.7313,2.692,2.7309,4011706.7
2025-10-14 14:15:00+00:00,2.7309,2.7559,2.7264,2.7406,7944103.3
2025-10-14 14:30:00+00:00,2.7406,2.7603,2.7143,2.7546,3644846.5
2025-10-14 14:45:00+00:00,2.755,2.774,2.734,2.7362,4986526.1
2025-10-14 15:00:00+00:00,2.7363,2.7626,2.7311,2.7344,2703047.0
2025-10-14 15:15:00+00:00,2.7343,2.7511,2.7248,2.7458,2373396.1
2025-10-14 15:30:00+00:00,2.7459,2.7857,2.7445,2.7814,5408765.7
2025-10-14 15:45:00+00:00,2.7815,2.8184,2.778,2.8175,7331071.4
2025-10-14 16:00:00+00:00,2.8174,2.8324,2.7938,2.8259,5320116.2
2025-10-14 16:15:00+00:00,2.8259,2.8722,2.8187,2.8366,10045155.8
2025-10-14 16:30:00+00:00,2.8366,2.8465,2.81,2.8324,4707585.5
2025-10-14 16:45:00+00:00,2.8325,2.858,2.811,2.8214,5174857.9
2025-10-14 17:00:00+00:00,2.8214,2.8548,2.7706,2.8425,10703363.8
2025-10-14 17:15:00+00:00,2.8424,2.8549,2.8312,2.8446,3332101.8
2025-10-14 17:30:00+00:00,2.8447,2.8536,2.8218,2.8404,2948361.2
2025-10-14 17:45:00+00:00,2.8405,2.8496,2.8245,2.8275,1938209.9
2025-10-14 18:00:00+00:00,2.8275,2.8634,2.8262,2.8591,2516844.1
2025-10-14 18:15:00+00:00,2.8592,2.8665,2.8478,2.8487,1980246.3
2025-10-14 18:30:00+00:00,2.8488,2.863,2.8336,2.8393,2253663.0
2025-10-14 18:45:00+00:00,2.8394,2.8592,2.8313,2.8429,1381114.2
2025-10-14 19:00:00+00:00,2.843,2.8454,2.8324,2.8408,1369723.0
2025-10-14 19:15:00+00:00,2.8408,2.8536,2.8351,2.8432,1838750.4
2025-10-14 19:30:00+00:00,2.8433,2.8456,2.7622,2.7725,11481095.0
2025-10-14 19:45:00+00:00,2.7725,2.8143,2.7681,2.8033,6605884.6
2025-10-14 20:00:00+00:00,2.8036,2.8171,2.7866,2.798,2585230.2
2025-10-14 20:15:00+00:00,2.798,2.8183,2.7953,2.8111,1839587.0
2025-10-14 20:30:00+00:00,2.8111,2.8188,2.8016,2.8154,1223941.2
2025-10-14 20:45:00+00:00,2.8154,2.8171,2.8089,2.8112,693946.6
2025-10-14 21:00:00+00:00,2.8113,2.8166,2.7956,2.7996,1164618.7
2025-10-14 21:15:00+00:00,2.7996,2.814,2.7944,2.8102,1192387.2
2025-10-14 21:30:00+00:00,2.8102,2.8197,2.8051,2.8128,1287206.7
2025-10-14 21:45:00+00:00,2.8128,2.8278,2.8104,2.8231,472356.4
2025-10-14 22:00:00+00:00,2.8231,2.8417,2.8231,2.8324,1417458.4
2025-10-14 22:15:00+00:00,2.8324,2.8368,2.8249,2.8267,802957.4
2025-10-14 22:30:00+00:00,2.8267,2.8283,2.8204,2.822,741684.0
2025-10-14 22:45:00+00:00,2.8221,2.8234,2.8078,2.8183,802207.0
2025-10-14 23:00:00+00:00,2.8183,2.8333,2.817,2.8291,963706.2
2025-10-14 23:15:00+00:00,2.8291,2.8328,2.8213,2.8245,912119.8
2025-10-14 23:30:00+00:00,2.8244,2.8294,2.8201,2.8216,696111.4
2025-10-14 23:45:00+00:00,2.8216,2.8304,2.8159,2.8189,621319.6
2025-10-15 00:00:00+00:00,2.8189,2.8265,2.8023,2.8046,1332835.1
2025-10-15 00:15:00+00:00,2.8046,2.8134,2.7939,2.8019,2312564.0
2025-10-15 00:30:00+00:00,2.8018,2.8108,2.7913,2.8073,1264414.0
2025-10-15 00:45:00+00:00,2.8073,2.8213,2.8055,2.8195,1071934.4
2025-10-15 01:00:00+00:00,2.8194,2.8231,2.7913,2.8022,1657641.3
2025-10-15 01:15:00+00:00,2.8022,2.8099,2.7942,2.7942,830133.3
2025-10-15 01:30:00+00:00,2.7941,2.8044,2.7913,2.8034,912132.2
2025-10-15 01:45:00+00:00,2.8033,2.8188,2.7983,2.8164,1388750.6
2025-10-15 02:00:00+00:00,2.8163,2.8291,2.8132,2.828,1428173.6
2025-10-15 02:15:00+00:00,2.828,2.8556,2.8273,2.8541,2814723.9
2025-10-15 02:30:00+00:00,2.854,2.8563,2.835,2.8374,1407647.9
2025-10-15 02:45:00+00:00,2.8375,2.8498,2.8304,2.8326,1774001.0
2025-10-15 03:00:00+00:00,2.8325,2.837,2.8093,2.8155,2438328.3
2025-10-15 03:15:00+00:00,2.8154,2.8162,2.7983,2.8135,1955821.5
2025-10-15 03:30:00+00:00,2.8134,2.8134,2.7921,2.7979,1396924.3
2025-10-15 03:45:00+00:00,2.7979,2.8054,2.7828,2.7998,1953482.1
2025-10-15 04:00:00+00:00,2.7998,2.8044,2.7843,2.8015,1439585.8
2025-10-15 04:15:00+00:00,2.8016,2.8208,2.7992,2.8183,1064725.3
2025-10-15 04:30:00+00:00,2.8183,2.8244,2.8091,2.8136,910519.0
2025-10-15 04:45:00+00:00,2.8136,2.8299,2.811,2.8223,995752.6
2025-10-15 05:00:00+00:00,2.8223,2.835,2.8221,2.8272,1479447.9
2025-10-15 05:15:00+00:00,2.8271,2.8338,2.8117,2.8158,1351903.3
2025-10-15 05:30:00+00:00,2.8157,2.8296,2.8061,2.8276,1172754.9
2025-10-15 05:45:00+00:00,2.8276,2.8287,2.8162,2.8198,566236.3
2025-10-15 06:00:00+00:00,2.8198,2.8238,2.8005,2.8047,1609312.7
2025-10-15 06:15:00+00:00,2.8047,2.807,2.7871,2.7926,1339029.5
2025-10-15 06:30:00+00:00,2.7926,2.8311,2.7878,2.8234,2005493.5
2025-10-15 06:45:00+00:00,2.8234,2.8314,2.8212,2.8314,1548944.6
2025-10-15 07:00:00+00:00,2.8314,2.835,2.8162,2.8297,1542133.9
2025-10-15 07:15:00+00:00,2.8298,2.8397,2.8221,2.8231,1164344.9
2025-10-15 07:30:00+00:00,2.823,2.8244,2.8103,2.8145,1172037.8
2025-10-15 07:45:00+00:00,2.8145,2.8464,2.8132,2.8373,2054253.0
2025-10-15 08:00:00+00:00,2.8372,2.8519,2.8341,2.8494,2199258.8
2025-10-15 08:15:00+00:00,2.8494,2.8715,2.842,2.8702,2805024.1
2025-10-15 08:30:00+00:00,2.8701,2.8897,2.8562,2.8579,4772532.5
2025-10-15 08:45:00+00:00,2.8579,2.8579,2.8308,2.8336,2021846.1
2025-10-15 09:00:00+00:00,2.8335,2.8336,2.8182,2.8288,2169998.4
2025-10-15 09:15:00+00:00,2.8288,2.8319,2.8085,2.8116,2304001.6
2025-10-15 09:30:00+00:00,2.8115,2.8268,2.8027,2.8203,2135016.2
2025-10-15 09:45:00+00:00,2.8203,2.8288,2.8126,2.8163,1062226.1
2025-10-15 10:00:00+00:00,2.8163,2.8288,2.8107,2.8248,1263852.4
2025-10-15 10:15:00+00:00,2.8249,2.826,2.8053,2.8157,1831835.8
2025-10-15 10:30:00+00:00,2.8158,2.8199,2.8062,2.8193,2550385.7
2025-10-15 10:45:00+00:00,2.8193,2.8202,2.8097,2.8123,1184643.6
2025-10-15 11:00:00+00:00,2.8122,2.8225,2.8088,2.8089,1286587.6
2025-10-15 11:15:00+00:00,2.809,2.8105,2.7843,2.8057,3244473.1
2025-10-15 11:30:00+00:00,2.8058,2.8185,2.7974,2.8177,947977.6
2025-10-15 11:45:00+00:00,2.8176,2.8187,2.8031,2.8047,707562.9
2025-10-15 12:00:00+00:00,2.8047,2.816,2.7982,2.805,1097598.9
2025-10-15 12:15:00+00:00,2.8051,2.8095,2.7742,2.7809,2020166.7
2025-10-15 12:30:00+00:00,2.7808,2.7884,2.7743,2.7855,1662427.9
2025-10-15 12:45:00+00:00,2.7855,2.7983,2.784,2.7949,1349021.3
2025-10-15 13:00:00+00:00,2.7948,2.7948,2.7653,2.7795,2460630.5
2025-10-15 13:15:00+00:00,2.7794,2.7862,2.7712,2.7754,1140315.1
2025-10-15 13:30:00+00:00,2.7753,2.8086,2.7577,2.7809,4759781.3
2025-10-15 13:45:00+00:00,2.7809,2.7891,2.7156,2.7773,10578424.4
2025-10-15 14:00:00+00:00,2.7773,2.8106,2.7749,2.7983,5013895.4
2025-10-15 14:15:00+00:00,2.7982,2.8064,2.7835,2.789,2539130.4
2025-10-15 14:30:00+00:00,2.7892,2.7907,2.7554,2.7619,2961815.4
2025-10-15 14:45:00+00:00,2.7619,2.7629,2.7226,2.7435,4735344.8
2025-10-15 15:00:00+00:00,2.7435,2.76,2.722,2.7426,3846850.5
2025-10-15 15:15:00+00:00,2.7425,2.7548,2.7219,2.7297,4011147.9
2025-10-15 15:30:00+00:00,2.7296,2.7386,2.6979,2.7074,5409746.3
2025-10-15 15:45:00+00:00,2.7074,2.7152,2.69,2.7127,4530752.0
2025-10-15 16:00:00+00:00,2.7127,2.7235,2.7034,2.7107,3307549.7
2025-10-15 16:15:00+00:00,2.7106,2.7251,2.698,2.7185,1871067.2
2025-10-15 16:30:00+00:00,2.7184,2.7256,2.7044,2.709,1682515.4
2025-10-15 16:45:00+00:00,2.709,2.7238,2.7037,2.7059,1494047.2
2025-10-15 17:00:00+00:00,2.7059,2.7077,2.6827,2.6837,3152904.3
2025-10-15 17:15:00+00:00,2.6838,2.7037,2.6806,2.6905,2721480.9
2025-10-15 17:30:00+00:00,2.6904,2.701,2.681,2.6969,1571441.8
2025-10-15 17:45:00+00:00,2.6969,2.7154,2.6969,2.7154,1642865.2
2025-10-15 18:00:00+00:00,2.7153,2.7175,2.7001,2.7025,1288593.3
2025-10-15 18:15:00+00:00,2.7024,2.7216,2.7021,2.7123,1558587.7
2025-10-15 18:30:00+00:00,2.7123,2.7169,2.7029,2.7069,1550995.2
2025-10-15 18:45:00+00:00,2.7069,2.7264,2.7032,2.7232,1265549.9
2025-10-15 19:00:00+00:00,2.7232,2.724,2.7003,2.7081,1095926.8
2025-10-15 19:15:00+00:00,2.708,2.7238,2.7033,2.7192,1402215.3
2025-10-15 19:30:00+00:00,2.7193,2.7229,2.6966,2.7036,1247349.1
2025-10-15 19:45:00+00:00,2.7035,2.7035,2.6858,2.6948,1499944.4
2025-10-15 20:00:00+00:00,2.6948,2.7059,2.6932,2.6993,1139028.7
2025-10-15 20:15:00+00:00,2.6993,2.7105,2.6843,2.6872,1352800.5
2025-10-15 20:30:00+00:00,2.6871,2.6995,2.6422,2.6977,9822889.5
2025-10-15 20:45:00+00:00,2.6977,2.7016,2.6805,2.6823,3252813.2
2025-10-15 21:00:00+00:00,2.6823,2.69,2.6569,2.6756,2588103.7
2025-10-15 21:15:00+00:00,2.6754,2.6935,2.6631,2.6901,1897998.7
2025-10-15 21:30:00+00:00,2.6901,2.7002,2.6815,2.6881,1855035.9
2025-10-15 21:45:00+00:00,2.688,2.6907,2.6633,2.6722,956325.4
2025-10-15 22:00:00+00:00,2.6723,2.6818,2.6689,2.6811,1618929.1
2025-10-15 22:15:00+00:00,2.6811,2.69,2.6737,2.6742,1261586.7
2025-10-15 22:30:00+00:00,2.6741,2.6817,2.6725,2.6762,939172.6
2025-10-15 22:45:00+00:00,2.6761,2.6774,2.6519,2.6607,1738559.6
2025-10-15 23:00:00+00:00,2.6607,2.6752,2.6561,2.673,1501238.7
2025-10-15 23:15:00+00:00,2.6729,2.6817,2.6638,2.6767,1003984.6
2025-10-15 23:30:00+00:00,2.6767,2.6861,2.6767,2.6809,1195914.2
2025-10-15 23:45:00+00:00,2.6809,2.6841,2.6706,2.6788,856715.3
2025-10-16 00:00:00+00:00,2.6788,2.683,2.6632,2.6635,1310872.6
2025-10-16 00:15:00+00:00,2.6635,2.6855,2.6635,2.682,1319463.4
2025-10-16 00:30:00+00:00,2.682,2.682,2.6658,2.6703,1502805.2
2025-10-16 00:45:00+00:00,2.6702,2.6796,2.665,2.6667,945417.5
2025-10-16 01:00:00+00:00,2.6666,2.6931,2.6652,2.6858,1724861.9
2025-10-16 01:15:00+00:00,2.6857,2.6924,2.673,2.6805,1142541.0
2025-10-16 01:30:00+00:00,2.6804,2.6931,2.6757,2.6864,1565229.7
2025-10-16 01:45:00+00:00,2.6865,2.7032,2.6824,2.7003,1290099.2
2025-10-16 02:00:00+00:00,2.7004,2.7172,2.6915,2.7034,2390626.6
2025-10-16 02:15:00+00:00,2.7034,2.7035,2.694,2.7009,1916791.5
2025-10-16 02:30:00+00:00,2.7008,2.7014,2.6823,2.6858,991222.4
2025-10-16 02:45:00+00:00,2.6858,2.7034,2.6827,2.7034,801278.6
2025-10-16 03:00:00+00:00,2.7035,2.7064,2.6939,2.6943,1007190.8
2025-10-16 03:15:00+00:00,2.6943,2.7079,2.6915,2.7007,829758.9
2025-10-16 03:30:00+00:00,2.7007,2.7007,2.6844,2.6909,1793538.8
2025-10-16 03:45:00+00:00,2.6909,2.6933,2.6804,2.6831,922553.3
2025-10-16 04:00:00+00:00,2.6832,2.6995,2.6801,2.6961,1138580.7
2025-10-16 04:15:00+00:00,2.6962,2.7009,2.6936,2.6968,566499.0
2025-10-16 04:30:00+00:00,2.6969,2.6993,2.6745,2.6794,785895.7
2025-10-16 04:45:00+00:00,2.6793,2.6819,2.6656,2.6728,1316206.8
2025-10-16 05:00:00+00:00,2.6729,2.6789,2.6652,2.6774,1055597.5
2025-10-16 05:15:00+00:00,2.6774,2.6797,2.6694,2.6731,763266.2
2025-10-16 05:30:00+00:00,2.673,2.6929,2.673,2.6867,1826944.8
2025-10-16 05:45:00+00:00,2.6867,2.6912,2.6562,2.6717,1760524.5
2025-10-16 06:00:00+00:00,2.6718,2.6831,2.6705,2.6748,957816.0
2025-10-16 06:15:00+00:00,2.6748,2.6886,2.6733,2.6884,769079.7
2025-10-16 06:30:00+00:00,2.6884,2.6978,2.6866,2.6879,1434123.2
2025-10-16 06:45:00+00:00,2.688,2.706,2.688,2.7001,1487538.4
2025-10-16 07:00:00+00:00,2.7002,2.7022,2.6861,2.6907,1095342.0
2025-10-16 07:15:00+00:00,2.6907,2.6911,2.6657,2.6658,1776289.6
2025-10-16 07:30:00+00:00,2.6657,2.6778,2.6631,2.6764,1118042.6
2025-10-16 07:45:00+00:00,2.6764,2.6776,2.6641,2.6681,1448016.6
2025-10-16 08:00:00+00:00,2.6682,2.6723,2.6571,2.67,1582605.8
2025-10-16 08:15:00+00:00,2.67,2.6706,2.6548,2.6556,986743.4
2025-10-16 08:30:00+00:00,2.6557,2.6608,2.6408,2.6495,2488963.5
2025-10-16 08:45:00+00:00,2.6496,2.6555,2.6452,2.6524,1389064.9
2025-10-16 09:00:00+00:00,2.6524,2.6688,2.6475,2.6618,1765938.3
2025-10-16 09:15:00+00:00,2.6618,2.672,2.6532,2.6538,1373468.4
2025-10-16 09:30:00+00:00,2.6538,2.6646,2.5576,2.6589,17802299.7
2025-10-16 09:45:00+00:00,2.659,2.6975,2.6589,2.6839,10661260.7
2025-10-16 10:00:00+00:00,2.6839,2.7145,2.6796,2.7051,4484062.2
2025-10-16 10:15:00+00:00,2.7052,2.7214,2.6987,2.7004,3814709.9
2025-10-16 10:30:00+00:00,2.7004,2.7129,2.6982,2.7094,1736658.8
2025-10-16 10:45:00+00:00,2.7094,2.7188,2.7077,2.7098,1485442.0
2025-10-16 11:00:00+00:00,2.7097,2.7238,2.7015,2.7083,2658364.6
2025-10-16 11:15:00+00:00,2.7083,2.7157,2.6935,2.6964,2592289.7
2025-10-16 11:30:00+00:00,2.6963,2.7066,2.6902,2.7008,1975989.2
2025-10-16 11:45:00+00:00,2.7007,2.7161,2.7003,2.7155,1225152.0
2025-10-16 12:00:00+00:00,2.7156,2.7411,2.7114,2.7122,3753705.7
2025-10-16 12:15:00+00:00,2.7122,2.7217,2.7086,2.7138,1908753.6
2025-10-16 12:30:00+00:00,2.7139,2.7267,2.7073,2.7164,2407696.9
2025-10-16 12:45:00+00:00,2.7164,2.7219,2.7064,2.7078,1209926.9
2025-10-16 13:00:00+00:00,2.7078,2.7127,2.6939,2.7001,1405171.3
2025-10-16 13:15:00+00:00,2.7001,2.7048,2.6752,2.6889,4005441.2
2025-10-16 13:30:00+00:00,2.689,2.7045,2.6802,2.6893,4468254.2
2025-10-16 13:45:00+00:00,2.6894,2.6964,2.656,2.6651,5045204.0
2025-10-16 14:00:00+00:00,2.6652,2.6697,2.6429,2.6498,5092526.8
2025-10-16 14:15:00+00:00,2.6498,2.6576,2.6225,2.6428,7888165.4
2025-10-16 14:30:00+00:00,2.6428,2.6912,2.6408,2.6881,5756261.4
2025-10-16 14:45:00+00:00,2.6882,2.6922,2.65,2.6523,3725565.3
2025-10-16 15:00:00+00:00,2.6524,2.6633,2.6325,2.6611,3904717.4
2025-10-16 15:15:00+00:00,2.6611,2.6662,2.6272,2.6307,4073864.0
2025-10-16 15:30:00+00:00,2.6307,2.6427,2.6058,2.6171,8038559.7
2025-10-16 15:45:00+00:00,2.617,2.6191,2.5754,2.5893,10397148.6
2025-10-16 16:00:00+00:00,2.5894,2.6032,2.561,2.5913,10565681.1
2025-10-16 16:15:00+00:00,2.5912,2.5987,2.5697,2.5795,6155778.5
2025-10-16 16:30:00+00:00,2.5795,2.6027,2.5618,2.5863,5452836.0
2025-10-16 16:45:00+00:00,2.5861,2.6424,2.58,2.6409,5773475.5
2025-10-16 17:00:00+00:00,2.641,2.6414,2.6132,2.6173,6108581.0
2025-10-16 17:15:00+00:00,2.6172,2.6449,2.6169,2.6319,2876959.1
2025-10-16 17:30:00+00:00,2.6318,2.6378,2.6105,2.6148,2215183.1
2025-10-16 17:45:00+00:00,2.6148,2.6199,2.6065,2.6159,1841185.1
2025-10-16 18:00:00+00:00,2.6158,2.6163,2.5739,2.5812,4379479.7
2025-10-16 18:15:00+00:00,2.5812,2.5935,2.5712,2.5757,3579708.5
2025-10-16 18:30:00+00:00,2.5757,2.605,2.5694,2.5932,6229078.3
2025-10-16 18:45:00+00:00,2.5932,2.6029,2.5771,2.5921,4120417.3
2025-10-16 19:00:00+00:00,2.5921,2.5967,2.5623,2.5667,5471418.6
2025-10-16 19:15:00+00:00,2.5667,2.5716,2.5406,2.5527,6438025.6
2025-10-16 19:30:00+00:00,2.5527,2.5556,2.5241,2.5422,4662969.2
2025-10-16 19:45:00+00:00,2.5422,2.5682,2.5306,2.5489,3501581.6
2025-10-16 20:00:00+00:00,2.5489,2.5635,2.5387,2.5396,2797242.3
2025-10-16 20:15:00+00:00,2.5395,2.5499,2.5243,2.5348,2156880.9
2025-10-16 20:30:00+00:00,2.5347,2.539,2.5068,2.5214,4772405.0
2025-10-16 20:45:00+00:00,2.5214,2.5355,2.5119,2.5181,2592452.6
2025-10-16 21:00:00+00:00,2.518,2.5293,2.511,2.5269,3454482.5
2025-10-16 21:15:00+00:00,2.5267,2.535,2.5197,2.5275,1649870.9
2025-10-16 21:30:00+00:00,2.5273,2.5474,2.5268,2.5372,3224623.3
2025-10-16 21:45:00+00:00,2.5373,2.5515,2.5372,2.5494,1003645.6
2025-10-16 22:00:00+00:00,2.5495,2.5536,2.5298,2.5306,2939015.8
2025-10-16 22:15:00+00:00,2.5305,2.5357,2.5274,2.5326,1033493.4
2025-10-16 22:30:00+00:00,2.5325,2.5343,2.5174,2.5198,1601064.9
2025-10-16 22:45:00+00:00,2.5196,2.5211,2.5022,2.5026,1818474.7
2025-10-16 23:00:00+00:00,2.5027,2.5164,2.496,2.5114,3604687.3
2025-10-16 23:15:00+00:00,2.5114,2.5299,2.5082,2.5193,3402242.3
2025-10-16 23:30:00+00:00,2.5193,2.5229,2.5101,2.5163,1771505.3
2025-10-16 23:45:00+00:00,2.5163,2.5252,2.5098,2.5151,1386169.9
2025-10-17 00:00:00+00:00,2.5151,2.5211,2.5094,2.5126,2132291.2
2025-10-17 00:15:00+00:00,2.5127,2.5222,2.5065,2.5213,1708063.8
2025-10-17 00:30:00+00:00,2.5213,2.5285,2.512,2.5168,3097478.0
2025-10-17 00:45:00+00:00,2.5169,2.517,2.5043,2.516,1848266.0
2025-10-17 01:00:00+00:00,2.516,2.5437,2.5118,2.5271,4069813.8
2025-10-17 01:15:00+00:00,2.5271,2.5367,2.5135,2.5228,2486154.0
2025-10-17 01:30:00+00:00,2.5228,2.5273,2.509,2.5141,1548694.5
2025-10-17 01:45:00+00:00,2.5141,2.5191,2.5013,2.515,2231732.1
2025-10-17 02:00:00+00:00,2.515,2.5183,2.4938,2.4998,3282950.6
2025-10-17 02:15:00+00:00,2.4998,2.4999,2.4758,2.4779,5237751.1
2025-10-17 02:30:00+00:00,2.4779,2.5003,2.4777,2.4984,2335672.9
2025-10-17 02:45:00+00:00,2.4985,2.5116,2.4942,2.5037,1469049.8
2025-10-17 03:00:00+00:00,2.5037,2.5204,2.5036,2.516,1680876.2
2025-10-17 03:15:00+00:00,2.5159,2.525,2.5051,2.5094,1721515.9
2025-10-17 03:30:00+00:00,2.5093,2.518,2.5056,2.51,1204294.6
2025-10-17 03:45:00+00:00,2.5099,2.5283,2.5095,2.528,1250811.2
2025-10-17 04:00:00+00:00,2.528,2.5288,2.5185,2.5233,1279726.7
2025-10-17 04:15:00+00:00,2.5232,2.5294,2.5163,2.5208,1396411.6
2025-10-17 04:30:00+00:00,2.5208,2.5322,2.5207,2.5244,1310318.3
2025-10-17 04:45:00+00:00,2.5243,2.5346,2.5206,2.5307,2080769.0
2025-10-17 05:00:00+00:00,2.5308,2.5339,2.5247,2.5286,2429120.5
2025-10-17 05:15:00+00:00,2.5286,2.5366,2.521,2.5324,2430699.6
2025-10-17 05:30:00+00:00,2.5324,2.5373,2.5099,2.5149,2904397.1
2025-10-17 05:45:00+00:00,2.5149,2.5165,2.5006,2.5038,1868092.6
2025-10-17 06:00:00+00:00,2.5038,2.5132,2.4966,2.4985,1541954.5
2025-10-17 06:15:00+00:00,2.4986,2.5014,2.4739,2.4774,3098732.6
2025-10-17 06:30:00+00:00,2.4774,2.4819,2.4335,2.4445,12230789.5
2025-10-17 06:45:00+00:00,2.4445,2.4533,2.4136,2.4235,11902643.0
2025-10-17 07:00:00+00:00,2.4235,2.4304,2.386,2.3879,14102395.0
2025-10-17 07:15:00+00:00,2.388,2.4124,2.3772,2.3848,8810953.4
2025-10-17 07:30:00+00:00,2.3845,2.3934,2.3608,2.3661,9035617.4
2025-10-17 07:45:00+00:00,2.3662,2.3851,2.3568,2.3642,5350596.5
2025-10-17 08:00:00+00:00,2.3644,2.3701,2.3388,2.3441,8373682.2
2025-10-17 08:15:00+00:00,2.3443,2.346,2.3067,2.3296,14369892.7
2025-10-17 08:30:00+00:00,2.3297,2.3593,2.3235,2.3308,7269281.9
2025-10-17 08:45:00+00:00,2.331,2.3379,2.3131,2.314,4791625.3
2025-10-17 09:00:00+00:00,2.3139,2.3379,2.3072,2.3331,6392535.5
2025-10-17 09:15:00+00:00,2.3332,2.338,2.3184,2.3379,4036009.0
2025-10-17 09:30:00+00:00,2.3379,2.388,2.3357,2.3537,8692922.4
2025-10-17 09:45:00+00:00,2.3537,2.363,2.3348,2.3352,3988858.8
2025-10-17 10:00:00+00:00,2.3352,2.3507,2.3151,2.326,4989815.7
2025-10-17 10:15:00+00:00,2.326,2.3265,2.2788,2.2934,16649469.6
2025-10-17 10:30:00+00:00,2.2935,2.3143,2.2872,2.3004,8966467.6
2025-10-17 10:45:00+00:00,2.3005,2.3322,2.299,2.3274,6031700.7
2025-10-17 11:00:00+00:00,2.3275,2.3825,2.3253,2.3758,9943309.3
2025-10-17 11:15:00+00:00,2.376,2.4054,2.3735,2.3889,11281554.3
2025-10-17 11:30:00+00:00,2.3889,2.3966,2.3692,2.3815,5393160.1
2025-10-17 11:45:00+00:00,2.3814,2.3994,2.377,2.391,3269398.6
2025-10-17 12:00:00+00:00,2.391,2.4154,2.3854,2.3988,4786254.5
2025-10-17 12:15:00+00:00,2.3987,2.4186,2.3939,2.4006,3041191.1
2025-10-17 12:30:00+00:00,2.4006,2.4163,2.3945,2.4025,3380831.7
2025-10-17 12:45:00+00:00,2.4025,2.4074,2.3807,2.385,3470648.2
2025-10-17 13:00:00+00:00,2.385,2.3966,2.3743,2.3743,3143569.5
2025-10-17 13:15:00+00:00,2.3743,2.4058,2.3717,2.393,4433447.3
2025-10-17 13:30:00+00:00,2.3931,2.4213,2.3745,2.3837,8855178.2
2025-10-17 13:45:00+00:00,2.3838,2.4255,2.3641,2.405,7827839.0
2025-10-17 14:00:00+00:00,2.4049,2.4116,2.375,2.3881,4994987.4
2025-10-17 14:15:00+00:00,2.3882,2.3933,2.3691,2.3709,3358284.5
2025-10-17 14:30:00+00:00,2.3709,2.3884,2.3457,2.3737,8006660.0
2025-10-17 14:45:00+00:00,2.3737,2.4016,2.3689,2.3737,5834584.1
2025-10-17 15:00:00+00:00,2.3737,2.3941,2.3704,2.3715,3778862.1
2025-10-17 15:15:00+00:00,2.3715,2.4025,2.3712,2.3959,3310301.5
2025-10-17 15:30:00+00:00,2.3959,2.4058,2.3699,2.3972,3366755.7
2025-10-17 15:45:00+00:00,2.3971,2.4339,2.3966,2.4316,3895569.4
2025-10-17 16:00:00+00:00,2.4316,2.4677,2.4271,2.4359,9700117.0
2025-10-17 16:15:00+00:00,2.4358,2.4474,2.4181,2.4252,4044671.1
2025-10-17 16:30:00+00:00,2.4251,2.4304,2.4068,2.415,3042891.6
2025-10-17 16:45:00+00:00,2.4151,2.4225,2.3961,2.4045,2645892.2
2025-10-17 17:00:00+00:00,2.4045,2.4184,2.4018,2.4115,1967652.7
2025-10-17 17:15:00+00:00,2.4115,2.4159,2.3941,2.3983,1957974.0
2025-10-17 17:30:00+00:00,2.3983,2.4148,2.39,2.4115,2567714.8
2025-10-17 17:45:00+00:00,2.4116,2.4233,2.3951,2.416,2755426.4
2025-10-17 18:00:00+00:00,2.416,2.433,2.4136,2.4149,2285221.0
2025-10-17 18:15:00+00:00,2.4148,2.438,2.413,2.4307,1677363.5
2025-10-17 18:30:00+00:00,2.4306,2.4422,2.4255,2.428,1763666.9
2025-10-17 18:45:00+00:00,2.4279,2.433,2.4151,2.4224,1305700.9
2025-10-17 19:00:00+00:00,2.4225,2.4334,2.4207,2.4263,1993870.2
2025-10-17 19:15:00+00:00,2.4262,2.4291,2.4141,2.4217,2053934.8
2025-10-17 19:30:00+00:00,2.4217,2.4217,2.4005,2.4106,2417346.8
2025-10-17 19:45:00+00:00,2.4105,2.4219,2.4053,2.4218,1296654.3
2025-10-17 20:00:00+00:00,2.4216,2.4291,2.4104,2.4269,1602708.9
2025-10-17 20:15:00+00:00,2.427,2.4452,2.4256,2.4413,1872741.6
2025-10-17 20:30:00+00:00,2.4414,2.4448,2.432,2.4329,1883221.3
2025-10-17 20:45:00+00:00,2.4329,2.444,2.4322,2.4365,1526325.9
2025-10-17 21:00:00+00:00,2.4366,2.4567,2.4345,2.4535,2727257.0
2025-10-17 21:15:00+00:00,2.4535,2.4575,2.4445,2.4517,1994307.5
2025-10-17 21:30:00+00:00,2.4518,2.4569,2.4462,2.4533,1277071.5
2025-10-17 21:45:00+00:00,2.4534,2.465,2.4523,2.4618,786001.1
2025-10-17 22:00:00+00:00,2.4619,2.4678,2.4529,2.4535,1922905.5
2025-10-17 22:15:00+00:00,2.4535,2.4574,2.4477,2.4484,1202073.3
2025-10-17 22:30:00+00:00,2.4485,2.4497,2.435,2.4376,1894327.9
2025-10-17 22:45:00+00:00,2.4376,2.4478,2.4376,2.4465,768818.9
2025-10-17 23:00:00+00:00,2.4465,2.4504,2.4367,2.439,1027354.2
2025-10-17 23:15:00+00:00,2.439,2.4405,2.4329,2.4344,1035310.2
2025-10-17 23:30:00+00:00,2.4343,2.4416,2.4309,2.4402,809553.5
2025-10-17 23:45:00+00:00,2.4402,2.4427,2.4347,2.4359,956914.4
2025-10-18 00:00:00+00:00,2.4358,2.4397,2.431,2.4341,1272188.9
2025-10-18 00:15:00+00:00,2.434,2.4494,2.4304,2.4474,1702160.2
2025-10-18 00:30:00+00:00,2.4474,2.4514,2.4359,2.4511,1557064.7
2025-10-18 00:45:00+00:00,2.4511,2.4512,2.4375,2.4416,691538.0
2025-10-18 01:00:00+00:00,2.4416,2.4536,2.4415,2.452,1203017.3
2025-10-18 01:15:00+00:00,2.4521,2.4683,2.4484,2.4671,1535031.0
2025-10-18 01:30:00+00:00,2.4671,2.4744,2.4631,2.4686,1616093.0
2025-10-18 01:45:00+00:00,2.4687,2.48,2.464,2.478,1267939.6
2025-10-18 02:00:00+00:00,2.4781,2.4861,2.4612,2.463,2129578.9
2025-10-18 02:15:00+00:00,2.463,2.4699,2.4581,2.4686,1547354.6
2025-10-18 02:30:00+00:00,2.4687,2.4702,2.4458,2.4468,1388473.1
2025-10-18 02:45:00+00:00,2.4467,2.4489,2.4385,2.4406,1293274.7
2025-10-18 03:00:00+00:00,2.4406,2.4466,2.4388,2.4432,1200356.6
2025-10-18 03:15:00+00:00,2.4433,2.4524,2.4404,2.451,866175.8
2025-10-18 03:30:00+00:00,2.4511,2.4599,2.4511,2.4537,865711.1
2025-10-18 03:45:00+00:00,2.4537,2.4611,2.4512,2.4567,1574007.9
2025-10-18 04:00:00+00:00,2.4566,2.4572,2.4371,2.4377,1741184.1
2025-10-18 04:15:00+00:00,2.4376,2.442,2.4333,2.4401,974226.4
2025-10-18 04:30:00+00:00,2.44,2.4419,2.4237,2.4258,1281121.8
2025-10-18 04:45:00+00:00,2.4258,2.4279,2.4213,2.4217,1052973.0
2025-10-18 05:00:00+00:00,2.4217,2.4326,2.4216,2.4311,1037131.3
2025-10-18 05:15:00+00:00,2.4311,2.4337,2.4235,2.4238,1272283.8
2025-10-18 05:30:00+00:00,2.4238,2.4306,2.4162,2.4273,1879696.5
2025-10-18 05:45:00+00:00,2.4272,2.4394,2.4272,2.4385,1480583.7
2025-10-18 06:00:00+00:00,2.4386,2.4531,2.4334,2.4439,3081905.1
2025-10-18 06:15:00+00:00,2.444,2.4453,2.4323,2.434,1501069.4
2025-10-18 06:30:00+00:00,2.434,2.437,2.4253,2.4288,910167.8
2025-10-18 06:45:00+00:00,2.4288,2.4438,2.4267,2.4422,1162412.5
2025-10-18 07:00:00+00:00,2.4422,2.49,2.4421,2.4711,5530892.3
2025-10-18 07:15:00+00:00,2.4712,2.4717,2.4439,2.4471,2649329.0
2025-10-18 07:30:00+00:00,2.4471,2.4595,2.4417,2.4554,1702104.3
2025-10-18 07:45:00+00:00,2.4554,2.4621,2.4355,2.4422,2056629.5
2025-10-18 08:00:00+00:00,2.4423,2.4524,2.4394,2.451,1527570.3
2025-10-18 08:15:00+00:00,2.451,2.453,2.4458,2.4508,1061045.0
2025-10-18 08:30:00+00:00,2.4508,2.4552,2.4478,2.4499,1063840.8
2025-10-18 08:45:00+00:00,2.4498,2.4529,2.4429,2.445,1039530.5
2025-10-18 09:00:00+00:00,2.445,2.4501,2.4375,2.4436,1304160.5
2025-10-18 09:15:00+00:00,2.4436,2.4665,2.4382,2.4588,2410514.7
2025-10-18 09:30:00+00:00,2.4588,2.461,2.4505,2.4593,964615.7
2025-10-18 09:45:00+00:00,2.4593,2.4613,2.4488,2.4567,1514554.3
2025-10-18 10:00:00+00:00,2.4568,2.4602,2.4503,2.4518,654332.8
2025-10-18 10:15:00+00:00,2.4518,2.4597,2.4474,2.4592,987634.1
2025-10-18 10:30:00+00:00,2.4591,2.473,2.4586,2.4702,1632531.6
2025-10-18 10:45:00+00:00,2.4702,2.4721,2.4582,2.4684,1635898.9
2025-10-18 11:00:00+00:00,2.4684,2.4821,2.4641,2.4811,2409072.3
2025-10-18 11:15:00+00:00,2.4811,2.4862,2.4662,2.4668,1744425.3
2025-10-18 11:30:00+00:00,2.4668,2.4799,2.4638,2.4777,1119751.5
2025-10-18 11:45:00+00:00,2.4777,2.4871,2.4752,2.486,1210570.3
2025-10-18 12:00:00+00:00,2.4861,2.4952,2.4779,2.4907,1853490.1
2025-10-18 12:15:00+00:00,2.4907,2.5018,2.4868,2.491,2520651.8
2025-10-18 12:30:00+00:00,2.491,2.4918,2.48,2.4868,1491470.6
2025-10-18 12:45:00+00:00,2.4868,2.4936,2.4834,2.4911,785898.0
2025-10-18 13:00:00+00:00,2.4911,2.4918,2.4676,2.4743,1984421.4
2025-10-18 13:15:00+00:00,2.4743,2.4746,2.4557,2.4605,2158840.7
2025-10-18 13:30:00+00:00,2.4606,2.463,2.4498,2.4593,1810879.2
2025-10-18 13:45:00+00:00,2.4594,2.4719,2.4539,2.4606,1870190.3
2025-10-18 14:00:00+00:00,2.4607,2.4682,2.445,2.4536,2324649.8
2025-10-18 14:15:00+00:00,2.4537,2.4723,2.4537,2.4717,1622501.1
2025-10-18 14:30:00+00:00,2.4718,2.4897,2.4717,2.4802,1747365.4
2025-10-18 14:45:00+00:00,2.4803,2.4862,2.4779,2.4846,1372122.3
2025-10-18 15:00:00+00:00,2.4846,2.4936,2.4836,2.4844,1632040.9
2025-10-18 15:15:00+00:00,2.4844,2.4892,2.4754,2.476,1082500.2
2025-10-18 15:30:00+00:00,2.4759,2.4759,2.4628,2.4754,1605564.1
2025-10-18 15:45:00+00:00,2.4755,2.4805,2.4713,2.4725,1010959.7
2025-10-18 16:00:00+00:00,2.4726,2.4818,2.4644,2.4651,1271078.7
2025-10-18 16:15:00+00:00,2.4652,2.468,2.455,2.4599,1512000.6
2025-10-18 16:30:00+00:00,2.46,2.4605,2.45,2.4573,2388447.9
2025-10-18 16:45:00+00:00,2.4573,2.4692,2.455,2.4682,1274585.4
2025-10-18 17:00:00+00:00,2.4682,2.4716,2.46,2.4716,1450382.3
2025-10-18 17:15:00+00:00,2.4716,2.4935,2.47,2.4916,1789189.9
2025-10-18 17:30:00+00:00,2.4917,2.4978,2.4864,2.487,1598325.9
2025-10-18 17:45:00+00:00,2.4869,2.5218,2.4861,2.517,4253284.5
2025-10-18 18:00:00+00:00,2.5171,2.5239,2.5033,2.5047,2637584.0
2025-10-18 18:15:00+00:00,2.5047,2.5052,2.4965,2.5006,1401590.3
2025-10-18 18:30:00+00:00,2.5005,2.5072,2.4966,2.4974,819340.5
2025-10-18 18:45:00+00:00,2.4973,2.4994,2.4911,2.4934,1501859.2
2025-10-18 19:00:00+00:00,2.4933,2.496,2.4873,2.4894,1095416.7
2025-10-18 19:15:00+00:00,2.4895,2.5047,2.4892,2.5028,1874972.0
2025-10-18 19:30:00+00:00,2.5027,2.5029,2.4958,2.4987,841899.0
2025-10-18 19:45:00+00:00,2.4986,2.5017,2.4924,2.4961,906658.9
2025-10-18 20:00:00+00:00,2.496,2.5055,2.4944,2.4954,1063709.5
2025-10-18 20:15:00+00:00,2.4953,2.5064,2.4939,2.5056,878716.2
2025-10-18 20:30:00+00:00,2.5057,2.5133,2.5028,2.5056,764732.5
2025-10-18 20:45:00+00:00,2.5056,2.5124,2.4994,2.4995,768158.5
2025-10-18 21:00:00+00:00,2.4994,2.5006,2.4844,2.4922,1292793.7
2025-10-18 21:15:00+00:00,2.4922,2.5003,2.4871,2.5002,632617.9
2025-10-18 21:30:00+00:00,2.5003,2.5038,2.497,2.4994,562792.0
2025-10-18 21:45:00+00:00,2.4993,2.5076,2.4973,2.5042,410006.6
2025-10-18 22:00:00+00:00,2.5042,2.5055,2.4982,2.5009,625783.7
2025-10-18 22:15:00+00:00,2.5008,2.5099,2.5,2.508,507768.5
2025-10-18 22:30:00+00:00,2.5079,2.5084,2.501,2.5015,495125.1
2025-10-18 22:45:00+00:00,2.5015,2.5016,2.4963,2.5004,418244.4
2025-10-18 23:00:00+00:00,2.5003,2.5014,2.4945,2.5013,819015.5
2025-10-18 23:15:00+00:00,2.5013,2.5028,2.4937,2.4985,575207.0
2025-10-18 23:30:00+00:00,2.4985,2.503,2.4982,2.4987,592653.9
2025-10-18 23:45:00+00:00,2.4986,2.5011,2.4972,2.4997,366655.5
2025-10-19 00:00:00+00:00,2.4996,2.5003,2.4892,2.4907,1272380.1
2025-10-19 00:15:00+00:00,2.4907,2.4951,2.4881,2.4882,1111328.1
2025-10-19 00:30:00+00:00,2.4882,2.489,2.4769,2.4782,1796726.7
2025-10-19 00:45:00+00:00,2.4781,2.4839,2.4733,2.4837,1590805.0
2025-10-19 01:00:00+00:00,2.4836,2.4836,2.4716,2.4761,662595.3
2025-10-19 01:15:00+00:00,2.476,2.4828,2.4743,2.48,763168.4
2025-10-19 01:30:00+00:00,2.4799,2.4809,2.4727,2.479,746772.8
2025-10-19 01:45:00+00:00,2.479,2.4848,2.4784,2.4816,824426.8
2025-10-19 02:00:00+00:00,2.4816,2.4832,2.4764,2.4776,700593.3
2025-10-19 02:15:00+00:00,2.4775,2.4855,2.4761,2.4788,695345.4
2025-10-19 02:30:00+00:00,2.4787,2.4811,2.4735,2.4781,1176829.9
2025-10-19 02:45:00+00:00,2.478,2.4802,2.474,2.4781,498032.5
2025-10-19 03:00:00+00:00,2.4781,2.4803,2.4734,2.4796,656220.4
2025-10-19 03:15:00+00:00,2.4797,2.4973,2.4796,2.4956,1274149.4
2025-10-19 03:30:00+00:00,2.4956,2.5094,2.4941,2.5054,1547948.5
2025-10-19 03:45:00+00:00,2.5054,2.5165,2.5027,2.5076,1330646.8
2025-10-19 04:00:00+00:00,2.5075,2.51,2.4905,2.4943,1409834.3
2025-10-19 04:15:00+00:00,2.4943,2.4965,2.4887,2.4938,849233.6
2025-10-19 04:30:00+00:00,2.4938,2.4999,2.4938,2.497,558253.5
2025-10-19 04:45:00+00:00,2.4969,2.498,2.492,2.4936,369825.7
2025-10-19 05:00:00+00:00,2.4936,2.5026,2.4926,2.4957,660577.7
2025-10-19 05:15:00+00:00,2.4956,2.5104,2.4942,2.4991,1065173.0
2025-10-19 05:30:00+00:00,2.4991,2.5007,2.4918,2.4922,678741.3
2025-10-19 05:45:00+00:00,2.4922,2.4922,2.4845,2.4888,803853.2
2025-10-19 06:00:00+00:00,2.4889,2.4926,2.482,2.482,732170.5
2025-10-19 06:15:00+00:00,2.4821,2.4847,2.4786,2.481,711891.2
2025-10-19 06:30:00+00:00,2.4811,2.484,2.4703,2.4807,1180370.5
2025-10-19 06:45:00+00:00,2.4808,2.4876,2.48,2.4843,770136.2
2025-10-19 07:00:00+00:00,2.4844,2.4936,2.482,2.4873,1322464.4
2025-10-19 07:15:00+00:00,2.4872,2.4958,2.4871,2.4895,1214661.0
2025-10-19 07:30:00+00:00,2.4895,2.4979,2.4832,2.4839,1091462.6
2025-10-19 07:45:00+00:00,2.4839,2.488,2.4803,2.4852,939785.4
2025-10-19 08:00:00+00:00,2.4853,2.4935,2.4791,2.481,1493206.6
2025-10-19 08:15:00+00:00,2.481,2.5135,2.4532,2.4818,8642937.8
2025-10-19 08:30:00+00:00,2.4817,2.4817,2.4642,2.4667,2589177.3
2025-10-19 08:45:00+00:00,2.4668,2.4683,2.455,2.4552,3999663.4
2025-10-19 09:00:00+00:00,2.4553,2.4592,2.4444,2.454,3722041.2
2025-10-19 09:15:00+00:00,2.4541,2.4611,2.4405,2.4431,3068179.7
2025-10-19 09:30:00+00:00,2.4432,2.4818,2.4422,2.4775,3825537.5
2025-10-19 09:45:00+00:00,2.4775,2.518,2.4734,2.4968,8868917.8
2025-10-19 10:00:00+00:00,2.4968,2.5103,2.4841,2.4966,2532536.3
2025-10-19 10:15:00+00:00,2.4965,2.543,2.492,2.5316,5792522.0
2025-10-19 10:30:00+00:00,2.5315,2.655,2.5165,2.594,26891089.2
2025-10-19 10:45:00+00:00,2.5941,2.5985,2.5792,2.5947,5586327.7
2025-10-19 11:00:00+00:00,2.5946,2.6379,2.5919,2.6353,7885366.9
2025-10-19 11:15:00+00:00,2.6353,2.6471,2.6129,2.619,5951555.0
2025-10-19 11:30:00+00:00,2.619,2.6274,2.6071,2.6072,2289096.5
2025-10-19 11:45:00+00:00,2.6072,2.6182,2.6028,2.6121,2176203.2
2025-10-19 12:00:00+00:00,2.6121,2.6181,2.5922,2.5975,2923642.5
2025-10-19 12:15:00+00:00,2.5974,2.6026,2.5885,2.598,2092141.4
2025-10-19 12:30:00+00:00,2.5981,2.6063,2.5911,2.592,2187024.1
2025-10-19 12:45:00+00:00,2.592,2.5954,2.5839,2.5954,1474935.8
2025-10-19 13:00:00+00:00,2.5951,2.6,2.5805,2.5847,1596000.5
2025-10-19 13:15:00+00:00,2.5847,2.5932,2.5799,2.593,1193446.0
2025-10-19 13:30:00+00:00,2.5931,2.6211,2.5925,2.6165,2164724.9
2025-10-19 13:45:00+00:00,2.6166,2.6442,2.6115,2.6368,4178270.3
2025-10-19 14:00:00+00:00,2.6368,2.6445,2.6221,2.6358,3602300.3
2025-10-19 14:15:00+00:00,2.6358,2.6584,2.629,2.6412,4734095.0
2025-10-19 14:30:00+00:00,2.6413,2.6468,2.6191,2.6278,2766045.5
2025-10-19 14:45:00+00:00,2.6278,2.6385,2.6241,2.6343,1485333.8
2025-10-19 15:00:00+00:00,2.6342,2.6392,2.6155,2.6181,2472151.9
2025-10-19 15:15:00+00:00,2.6181,2.6271,2.6113,2.615,2009932.9
2025-10-19 15:30:00+00:00,2.615,2.6214,2.6108,2.6138,1510753.9
2025-10-19 15:45:00+00:00,2.6138,2.6257,2.6107,2.6252,901482.3
2025-10-19 16:00:00+00:00,2.6252,2.6283,2.6136,2.6152,1134630.2
2025-10-19 16:15:00+00:00,2.6151,2.6167,2.6073,2.6132,1281446.2
2025-10-19 16:30:00+00:00,2.6132,2.6337,2.6043,2.6316,1574452.9
2025-10-19 16:45:00+00:00,2.6317,2.6326,2.6172,2.6202,1650093.9
2025-10-19 17:00:00+00:00,2.6202,2.6415,2.6179,2.6328,2999901.5
2025-10-19 17:15:00+00:00,2.6328,2.6407,2.6269,2.627,2652702.0
2025-10-19 17:30:00+00:00,2.6269,2.6334,2.6239,2.6273,885649.6
2025-10-19 17:45:00+00:00,2.6273,2.6277,2.6144,2.6175,931761.7
2025-10-19 18:00:00+00:00,2.6176,2.6239,2.6121,2.6151,1085666.0
2025-10-19 18:15:00+00:00,2.6151,2.6173,2.6091,2.6098,1246660.3
2025-10-19 18:30:00+00:00,2.6098,2.6236,2.6071,2.6221,849982.1
2025-10-19 18:45:00+00:00,2.6221,2.6229,2.6133,2.6173,1200154.3
2025-10-19 19:00:00+00:00,2.6173,2.6179,2.5966,2.6037,1651707.9
2025-10-19 19:15:00+00:00,2.6036,2.607,2.6011,2.6066,529600.4
2025-10-19 19:30:00+00:00,2.6066,2.6088,2.6011,2.6057,834497.3
2025-10-19 19:45:00+00:00,2.6056,2.6059,2.6002,2.6038,625627.8
2025-10-19 20:00:00+00:00,2.6037,2.6086,2.5997,2.6001,938284.5
2025-10-19 20:15:00+00:00,2.6,2.606,2.5959,2.6039,826982.9
2025-10-19 20:30:00+00:00,2.6039,2.6066,2.598,2.6057,733237.1
2025-10-19 20:45:00+00:00,2.6056,2.613,2.6051,2.6118,614989.5
2025-10-19 21:00:00+00:00,2.6118,2.6131,2.5973,2.6031,864839.8
2025-10-19 21:15:00+00:00,2.6031,2.6035,2.5862,2.5876,1020606.3
2025-10-19 21:30:00+00:00,2.5876,2.599,2.5852,2.5977,806130.7
2025-10-19 21:45:00+00:00,2.5976,2.6043,2.5976,2.6037,527438.6
2025-10-19 22:00:00+00:00,2.6038,2.6111,2.6009,2.6077,990810.7
2025-10-19 22:15:00+00:00,2.6076,2.6146,2.606,2.6122,879331.8
2025-10-19 22:30:00+00:00,2.6123,2.6178,2.6105,2.6168,1123271.6
2025-10-19 22:45:00+00:00,2.6168,2.6168,2.6069,2.6103,929077.7
2025-10-19 23:00:00+00:00,2.6103,2.6105,2.5965,2.5977,865177.9
2025-10-19 23:15:00+00:00,2.5976,2.6023,2.5961,2.6009,864088.1
2025-10-19 23:30:00+00:00,2.6009,2.6014,2.5768,2.5796,1897345.3
2025-10-19 23:45:00+00:00,2.5796,2.5817,2.5723,2.5807,1389627.1
2025-10-20 00:00:00+00:00,2.5806,2.5806,2.5576,2.5595,2472067.2
2025-10-20 00:15:00+00:00,2.5595,2.5618,2.5284,2.5338,4316910.3
2025-10-20 00:30:00+00:00,2.5337,2.5487,2.52,2.5421,3804902.1
2025-10-20 00:45:00+00:00,2.5421,2.5569,2.5404,2.5551,1451079.8
2025-10-20 01:00:00+00:00,2.5551,2.5684,2.5504,2.5624,2154698.3
2025-10-20 01:15:00+00:00,2.5624,2.5643,2.5534,2.5581,1381293.7
2025-10-20 01:30:00+00:00,2.5581,2.5654,2.5478,2.5535,1170537.9
2025-10-20 01:45:00+00:00,2.5535,2.5586,2.5462,2.5536,1332674.7
2025-10-20 02:00:00+00:00,2.5535,2.5535,2.5376,2.5446,1448011.3
2025-10-20 02:15:00+00:00,2.5446,2.5635,2.5423,2.5572,1592062.4
2025-10-20 02:30:00+00:00,2.5572,2.5687,2.5524,2.5622,1764562.6
2025-10-20 02:45:00+00:00,2.5621,2.5731,2.5605,2.5645,1458889.5
2025-10-20 03:00:00+00:00,2.5645,2.5667,2.5555,2.5593,1315831.3
2025-10-20 03:15:00+00:00,2.5593,2.5697,2.5579,2.5662,1016486.7
2025-10-20 03:30:00+00:00,2.5662,2.5904,2.561,2.5854,1919834.7
2025-10-20 03:45:00+00:00,2.5854,2.6336,2.583,2.6252,5640082.2
2025-10-20 04:00:00+00:00,2.6253,2.6388,2.6202,2.6303,4663143.4
2025-10-20 04:15:00+00:00,2.6304,2.6363,2.6127,2.6186,2312240.8
2025-10-20 04:30:00+00:00,2.6187,2.6314,2.6183,2.6281,1750021.7
2025-10-20 04:45:00+00:00,2.6281,2.6375,2.622,2.6359,1503275.4
2025-10-20 05:00:00+00:00,2.636,2.6399,2.6242,2.6378,1360032.0
2025-10-20 05:15:00+00:00,2.6377,2.6455,2.6284,2.6384,1529909.5
2025-10-20 05:30:00+00:00,2.6383,2.6576,2.6373,2.6576,4230850.0
2025-10-20 05:45:00+00:00,2.6576,2.668,2.6527,2.6627,2400667.0
2025-10-20 06:00:00+00:00,2.6628,2.663,2.6513,2.6567,2998396.8
2025-10-20 06:15:00+00:00,2.6568,2.6663,2.655,2.6565,2480894.5
2025-10-20 06:30:00+00:00,2.6566,2.6715,2.6555,2.6686,2400640.1
2025-10-20 06:45:00+00:00,2.6687,2.6784,2.6628,2.6688,2365135.1
2025-10-20 07:00:00+00:00,2.6688,2.6688,2.6537,2.6628,3241675.5
2025-10-20 07:15:00+00:00,2.6627,2.6729,2.6582,2.6617,1669600.4
2025-10-20 07:30:00+00:00,2.6616,2.6627,2.6453,2.648,2368395.9
2025-10-20 07:45:00+00:00,2.648,2.65,2.6396,2.6465,2808151.2
2025-10-20 08:00:00+00:00,2.6465,2.6481,2.6354,2.6418,2188711.3
2025-10-20 08:15:00+00:00,2.6419,2.6489,2.6301,2.6429,3466471.7
2025-10-20 08:30:00+00:00,2.6429,2.6651,2.6429,2.6528,2970031.3
2025-10-20 08:45:00+00:00,2.6528,2.657,2.6439,2.6442,1457342.6
2025-10-20 09:00:00+00:00,2.6442,2.6442,2.6311,2.639,1772681.0
2025-10-20 09:15:00+00:00,2.6391,2.6402,2.6261,2.6283,1621764.6
2025-10-20 09:30:00+00:00,2.6284,2.6351,2.6256,2.6326,2606958.3
2025-10-20 09:45:00+00:00,2.6326,2.6366,2.6271,2.632,1411871.2
2025-10-20 10:00:00+00:00,2.632,2.6394,2.6242,2.6284,2162870.7
2025-10-20 10:15:00+00:00,2.6285,2.635,2.624,2.629,1947463.4
2025-10-20 10:30:00+00:00,2.629,2.6366,2.6192,2.6213,1926793.1
2025-10-20 10:45:00+00:00,2.6213,2.6222,2.6107,2.6153,1899063.4
2025-10-20 11:00:00+00:00,2.6153,2.6183,2.6068,2.6073,1629557.6
2025-10-20 11:15:00+00:00,2.6073,2.6182,2.6059,2.614,1389453.6
2025-10-20 11:30:00+00:00,2.614,2.614,2.6034,2.6083,1128137.1
2025-10-20 11:45:00+00:00,2.6083,2.6194,2.6063,2.6185,1462808.6
2025-10-20 12:00:00+00:00,2.6185,2.6185,2.61,2.6127,1135479.7
2025-10-20 12:15:00+00:00,2.6128,2.6275,2.6108,2.627,1418214.8
2025-10-20 12:30:00+00:00,2.627,2.6295,2.6191,2.6219,1267593.1
2025-10-20 12:45:00+00:00,2.622,2.6294,2.6182,2.6262,1552534.3
2025-10-20 13:00:00+00:00,2.6263,2.6285,2.6115,2.6116,1358433.2
2025-10-20 13:15:00+00:00,2.6116,2.6237,2.6093,2.6217,1572969.2
2025-10-20 13:30:00+00:00,2.6216,2.6394,2.6209,2.6326,2183397.2
2025-10-20 13:45:00+00:00,2.6325,2.641,2.6304,2.6362,1478846.2
2025-10-20 14:00:00+00:00,2.6363,2.6389,2.6202,2.6218,1799745.1
2025-10-20 14:15:00+00:00,2.6218,2.6256,2.6011,2.6234,2509129.2
2025-10-20 14:30:00+00:00,2.6232,2.6244,2.6082,2.6137,1656190.0
2025-10-20 14:45:00+00:00,2.6137,2.6235,2.6124,2.6193,883389.2
2025-10-20 15:00:00+00:00,2.6194,2.6349,2.6115,2.6117,1906423.3
2025-10-20 15:15:00+00:00,2.6117,2.6178,2.608,2.6155,1491545.3
2025-10-20 15:30:00+00:00,2.6155,2.6175,2.6096,2.6132,903256.4
2025-10-20 15:45:00+00:00,2.6133,2.6241,2.5953,2.5967,3617399.5
2025-10-20 16:00:00+00:00,2.5968,2.597,2.5491,2.5881,9244078.3
2025-10-20 16:15:00+00:00,2.588,2.5957,2.5815,2.5858,2253948.6
2025-10-20 16:30:00+00:00,2.5857,2.586,2.5581,2.5648,4535165.6
2025-10-20 16:45:00+00:00,2.5648,2.5692,2.552,2.5636,3149891.9
2025-10-20 17:00:00+00:00,2.5635,2.5822,2.5564,2.5581,2453473.1
2025-10-20 17:15:00+00:00,2.5581,2.5645,2.5519,2.5563,1723463.7
2025-10-20 17:30:00+00:00,2.5563,2.559,2.5449,2.5517,2208691.8
2025-10-20 17:45:00+00:00,2.5517,2.5737,2.5516,2.567,1926307.2
2025-10-20 18:00:00+00:00,2.567,2.5741,2.5612,2.5614,1173764.0
2025-10-20 18:15:00+00:00,2.5613,2.5652,2.5532,2.5638,1520277.5
2025-10-20 18:30:00+00:00,2.5638,2.5744,2.5571,2.5712,1158706.0
2025-10-20 18:45:00+00:00,2.5712,2.5832,2.5696,2.5815,1254723.7
2025-10-20 19:00:00+00:00,2.5814,2.5865,2.5712,2.5804,1212334.3
2025-10-20 19:15:00+00:00,2.5803,2.5805,2.5698,2.5795,1102102.7
2025-10-20 19:30:00+00:00,2.5795,2.5921,2.5758,2.59,1021090.5
2025-10-20 19:45:00+00:00,2.5901,2.602,2.587,2.5874,1494551.1
2025-10-20 20:00:00+00:00,2.5875,2.5934,2.5758,2.5882,1383863.5
2025-10-20 20:15:00+00:00,2.5881,2.5888,2.581,2.5814,896857.3
2025-10-20 20:30:00+00:00,2.5814,2.5893,2.5771,2.5893,544495.2
2025-10-20 20:45:00+00:00,2.5893,2.5938,2.5845,2.5918,754090.2
2025-10-20 21:00:00+00:00,2.5918,2.6033,2.5886,2.596,1173713.9
2025-10-20 21:15:00+00:00,2.5959,2.5959,2.5787,2.5818,1100426.2
2025-10-20 21:30:00+00:00,2.5818,2.5828,2.5711,2.577,608358.1
2025-10-20 21:45:00+00:00,2.577,2.577,2.5691,2.573,535454.7
2025-10-20 22:00:00+00:00,2.573,2.5779,2.5636,2.5771,1095432.7
2025-10-20 22:15:00+00:00,2.5772,2.5829,2.5745,2.5747,1022339.8
2025-10-20 22:30:00+00:00,2.5747,2.5927,2.5745,2.5893,1113346.8
2025-10-20 22:45:00+00:00,2.5893,2.5893,2.5833,2.5861,658122.4
2025-10-20 23:00:00+00:00,2.5862,2.5868,2.5732,2.5762,637330.0
2025-10-20 23:15:00+00:00,2.5763,2.5819,2.5743,2.5818,767569.8
2025-10-20 23:30:00+00:00,2.5819,2.5827,2.5733,2.5745,1061904.8
2025-10-20 23:45:00+00:00,2.5746,2.5762,2.5707,2.5734,590837.4
2025-10-21 00:00:00+00:00,2.5735,2.5735,2.5602,2.5614,1848551.5
2025-10-21 00:15:00+00:00,2.5614,2.5705,2.5613,2.5678,942599.2
2025-10-21 00:30:00+00:00,2.5679,2.5753,2.5631,2.5726,674151.2
2025-10-21 00:45:00+00:00,2.5726,2.5729,2.5647,2.5647,487155.8
2025-10-21 01:00:00+00:00,2.5648,2.5683,2.5491,2.5523,2245112.8
2025-10-21 01:15:00+00:00,2.5524,2.5646,2.5524,2.5641,691581.7
2025-10-21 01:30:00+00:00,2.5641,2.5656,2.5526,2.555,1162299.3
2025-10-21 01:45:00+00:00,2.555,2.5588,2.5357,2.5462,2674098.4
2025-10-21 02:00:00+00:00,2.5462,2.548,2.5324,2.5384,2198684.4
2025-10-21 02:15:00+00:00,2.5384,2.5418,2.5269,2.5378,2741749.3
2025-10-21 02:30:00+00:00,2.5377,2.5492,2.5336,2.5411,2626782.7
2025-10-21 02:45:00+00:00,2.541,2.5455,2.5371,2.539,1249019.5
2025-10-21 03:00:00+00:00,2.539,2.5448,2.5343,2.5366,1492849.7
2025-10-21 03:15:00+00:00,2.5366,2.5419,2.5343,2.5363,1041398.0
2025-10-21 03:30:00+00:00,2.5362,2.5374,2.5305,2.531,980380.4
2025-10-21 03:45:00+00:00,2.5311,2.5325,2.5222,2.5278,1395017.9
2025-10-21 04:00:00+00:00,2.5277,2.5279,2.491,2.5039,8225827.6
2025-10-21 04:15:00+00:00,2.5038,2.5078,2.4924,2.5047,2303490.8
2025-10-21 04:30:00+00:00,2.5046,2.5047,2.48,2.483,3745353.4
2025-10-21 04:45:00+00:00,2.4829,2.4886,2.4737,2.4807,3592582.5
2025-10-21 05:00:00+00:00,2.4807,2.4893,2.4729,2.487,2410535.2
2025-10-21 05:15:00+00:00,2.4869,2.4928,2.481,2.4886,2492829.0
2025-10-21 05:30:00+00:00,2.4886,2.4998,2.4773,2.4784,4811800.6
2025-10-21 05:45:00+00:00,2.4784,2.4855,2.4725,2.479,1883720.1
2025-10-21 06:00:00+00:00,2.4791,2.4811,2.4706,2.4778,1520018.8
2025-10-21 06:15:00+00:00,2.4778,2.4966,2.4755,2.4907,2408865.5
2025-10-21 06:30:00+00:00,2.4908,2.4961,2.489,2.4909,1400406.6
2025-10-21 06:45:00+00:00,2.4909,2.4983,2.4893,2.4941,795127.3
2025-10-21 07:00:00+00:00,2.4941,2.4962,2.4849,2.4851,1050359.7
2025-10-21 07:15:00+00:00,2.4852,2.503,2.4852,2.5027,1384142.0
2025-10-21 07:30:00+00:00,2.5027,2.5082,2.4969,2.4982,1093434.2
2025-10-21 07:45:00+00:00,2.4981,2.5089,2.4976,2.503,1489731.1
2025-10-21 08:00:00+00:00,2.503,2.5031,2.4857,2.4876,1837383.9
2025-10-21 08:15:00+00:00,2.4876,2.4917,2.4835,2.4865,980771.0
2025-10-21 08:30:00+00:00,2.4866,2.4866,2.47,2.4717,2350277.0
2025-10-21 08:45:00+00:00,2.4716,2.4882,2.4679,2.4813,2453856.3
2025-10-21 09:00:00+00:00,2.4813,2.4867,2.4747,2.4844,1252514.0
2025-10-21 09:15:00+00:00,2.4843,2.4871,2.4802,2.4814,946665.3
2025-10-21 09:30:00+00:00,2.4814,2.4846,2.4779,2.4818,982662.8
2025-10-21 09:45:00+00:00,2.4818,2.4855,2.4789,2.4807,419339.1
2025-10-21 10:00:00+00:00,2.4808,2.4895,2.4789,2.4835,1204257.0
2025-10-21 10:15:00+00:00,2.4836,2.4862,2.4734,2.476,843174.7
2025-10-21 10:30:00+00:00,2.476,2.4928,2.475,2.4817,2074100.8
2025-10-21 10:45:00+00:00,2.4818,2.504,2.4818,2.4916,2783076.5
2025-10-21 11:00:00+00:00,2.4916,2.4927,2.4817,2.4894,1600144.8
2025-10-21 11:15:00+00:00,2.4894,2.4963,2.4872,2.4902,1418562.1
2025-10-21 11:30:00+00:00,2.4903,2.4968,2.4845,2.4923,1085908.2
2025-10-21 11:45:00+00:00,2.4924,2.5007,2.4923,2.4961,872499.1
2025-10-21 12:00:00+00:00,2.4962,2.4984,2.4911,2.4949,941752.5
2025-10-21 12:15:00+00:00,2.4949,2.5277,2.4942,2.5104,3897168.2
2025-10-21 12:30:00+00:00,2.5104,2.523,2.5031,2.5219,2405472.6
2025-10-21 12:45:00+00:00,2.5219,2.5261,2.5033,2.5059,2800788.1
2025-10-21 13:00:00+00:00,2.5058,2.5118,2.4842,2.4989,3807370.8
2025-10-21 13:15:00+00:00,2.499,2.508,2.4953,2.5043,1892867.5
2025-10-21 13:30:00+00:00,2.5043,2.5168,2.4892,2.5021,2923398.0
2025-10-21 13:45:00+00:00,2.502,2.502,2.4856,2.4974,2362530.6
2025-10-21 14:00:00+00:00,2.4974,2.5499,2.4971,2.5477,5260427.8
2025-10-21 14:15:00+00:00,2.5476,2.5754,2.5375,2.5416,6807609.0
2025-10-21 14:30:00+00:00,2.5416,2.5738,2.5407,2.5699,3491220.8
2025-10-21 14:45:00+00:00,2.5698,2.6491,2.5602,2.645,9523264.5
2025-10-21 15:00:00+00:00,2.645,2.6677,2.6265,2.65,11727290.6
2025-10-21 15:15:00+00:00,2.6499,2.6679,2.6409,2.6603,5954497.3
2025-10-21 15:30:00+00:00,2.6603,2.6718,2.6375,2.6712,4496732.3
2025-10-21 15:45:00+00:00,2.6712,2.679,2.653,2.6666,2857995.2
2025-10-21 16:00:00+00:00,2.6665,2.6726,2.646,2.6717,3308136.2
2025-10-21 16:15:00+00:00,2.6717,2.6842,2.6664,2.6779,3056538.2
2025-10-21 16:30:00+00:00,2.678,2.6836,2.6618,2.6726,3536328.1
2025-10-21 16:45:00+00:00,2.6728,2.6827,2.611,2.6215,8045342.1
2025-10-21 17:00:00+00:00,2.6216,2.6448,2.6144,2.636,6908171.8
2025-10-21 17:15:00+00:00,2.6359,2.6378,2.5843,2.6138,9794565.3
2025-10-21 17:30:00+00:00,2.6138,2.6287,2.6022,2.623,3222279.7
2025-10-21 17:45:00+00:00,2.623,2.6271,2.6072,2.6115,1842855.8
2025-10-21 18:00:00+00:00,2.6115,2.6229,2.5963,2.6027,2654943.6
2025-10-21 18:15:00+00:00,2.6027,2.6168,2.5994,2.6058,2062839.2
2025-10-21 18:30:00+00:00,2.6058,2.6108,2.5977,2.6037,2659160.3
2025-10-21 18:45:00+00:00,2.6036,2.6171,2.6033,2.6133,1327893.2
2025-10-21 19:00:00+00:00,2.6132,2.6206,2.6097,2.6199,1260683.0
2025-10-21 19:15:00+00:00,2.6199,2.6217,2.5911,2.606,2578833.6
2025-10-21 19:30:00+00:00,2.6059,2.6114,2.5989,2.602,1243577.3
2025-10-21 19:45:00+00:00,2.602,2.6058,2.5956,2.5967,1207140.1
2025-10-21 20:00:00+00:00,2.5967,2.6025,2.58,2.5871,2056539.5
2025-10-21 20:15:00+00:00,2.5871,2.5877,2.5558,2.5708,5052226.4
2025-10-21 20:30:00+00:00,2.5709,2.5759,2.5621,2.5649,1883882.4
2025-10-21 20:45:00+00:00,2.5649,2.5761,2.559,2.5675,1493651.5
2025-10-21 21:00:00+00:00,2.5675,2.5796,2.5635,2.5783,1206419.0
2025-10-21 21:15:00+00:00,2.5782,2.5808,2.5303,2.5511,4648967.3
2025-10-21 21:30:00+00:00,2.5512,2.5658,2.5466,2.5655,1136486.1
2025-10-21 21:45:00+00:00,2.5654,2.5708,2.5613,2.5684,428225.8
2025-10-21 22:00:00+00:00,2.5683,2.5703,2.5483,2.5559,1968156.6
2025-10-21 22:15:00+00:00,2.5558,2.5622,2.5308,2.5343,2522579.7
2025-10-21 22:30:00+00:00,2.5342,2.5427,2.5076,2.5262,7187311.4
2025-10-21 22:45:00+00:00,2.5262,2.5375,2.5159,2.5189,1820275.2
2025-10-21 23:00:00+00:00,2.5189,2.5256,2.5134,2.5152,1931922.5
2025-10-21 23:15:00+00:00,2.5153,2.5218,2.5056,2.507,1892763.5
2025-10-21 23:30:00+00:00,2.5069,2.5071,2.4776,2.4837,5037579.8
2025-10-21 23:45:00+00:00,2.484,2.4943,2.4785,2.4874,2062120.6
2025-10-22 00:00:00+00:00,2.4873,2.5,2.4818,2.4979,3992468.0
2025-10-22 00:15:00+00:00,2.4979,2.498,2.478,2.4821,2616036.8
2025-10-22 00:30:00+00:00,2.4822,2.4961,2.4633,2.4787,4611746.7
2025-10-22 00:45:00+00:00,2.4788,2.484,2.474,2.477,1854427.9
2025-10-22 01:00:00+00:00,2.477,2.4992,2.4754,2.4938,2294014.1
2025-10-22 01:15:00+00:00,2.4938,2.4938,2.476,2.4831,1738627.0
2025-10-22 01:30:00+00:00,2.483,2.4844,2.4741,2.4837,1183994.5
2025-10-22 01:45:00+00:00,2.4838,2.4913,2.4775,2.4863,2169297.7
2025-10-22 02:00:00+00:00,2.4864,2.494,2.4821,2.4935,1471613.5
2025-10-22 02:15:00+00:00,2.4935,2.4953,2.4854,2.4945,962105.4
2025-10-22 02:30:00+00:00,2.4945,2.4946,2.4793,2.4862,1861911.5
2025-10-22 02:45:00+00:00,2.4862,2.4882,2.4819,2.4842,748140.4
2025-10-22 03:00:00+00:00,2.4843,2.4845,2.4686,2.4697,1569504.7
2025-10-22 03:15:00+00:00,2.4698,2.4716,2.4571,2.4677,3636465.0
2025-10-22 03:30:00+00:00,2.4677,2.4726,2.4584,2.4624,1158400.8
2025-10-22 03:45:00+00:00,2.4624,2.4729,2.4605,2.471,727890.3
2025-10-22 04:00:00+00:00,2.471,2.4873,2.4684,2.4819,2549029.4
2025-10-22 04:15:00+00:00,2.482,2.4846,2.4752,2.4781,1864650.8
2025-10-22 04:30:00+00:00,2.4781,2.4882,2.4746,2.4827,1471871.0
2025-10-22 04:45:00+00:00,2.4827,2.4874,2.4809,2.4864,856532.2
2025-10-22 05:00:00+00:00,2.4865,2.4865,2.4699,2.4705,1991519.9
2025-10-22 05:15:00+00:00,2.4705,2.4715,2.3151,2.4079,27585476.5
2025-10-22 05:30:00+00:00,2.4078,2.4164,2.4011,2.4158,5083202.2
2025-10-22 05:45:00+00:00,2.4158,2.4244,2.4101,2.4165,3735003.3
2025-10-22 06:00:00+00:00,2.4165,2.4237,2.4067,2.4225,2071941.5
2025-10-22 06:15:00+00:00,2.4225,2.4261,2.4143,2.4153,2045622.0
2025-10-22 06:30:00+00:00,2.4154,2.4247,2.4149,2.4206,2082896.9
2025-10-22 06:45:00+00:00,2.4205,2.4227,2.4138,2.4149,1225340.0
2025-10-22 07:00:00+00:00,2.4149,2.416,2.4012,2.4017,2109783.2
2025-10-22 07:15:00+00:00,2.4018,2.4125,2.4017,2.408,2246445.0
2025-10-22 07:30:00+00:00,2.4081,2.4197,2.403,2.4137,2332302.7
2025-10-22 07:45:00+00:00,2.4136,2.4193,2.4085,2.4132,1868369.8
2025-10-22 08:00:00+00:00,2.4131,2.4131,2.3959,2.3966,1873118.3
2025-10-22 08:15:00+00:00,2.3965,2.4025,2.393,2.3985,2531499.5
2025-10-22 08:30:00+00:00,2.3986,2.4046,2.3901,2.404,1993780.2
2025-10-22 08:45:00+00:00,2.4039,2.4087,2.4028,2.404,1578182.2
2025-10-22 09:00:00+00:00,2.4041,2.4079,2.3966,2.3992,1554132.3
2025-10-22 09:15:00+00:00,2.3992,2.4063,2.3915,2.4055,2065618.5
2025-10-22 09:30:00+00:00,2.4056,2.4115,2.3918,2.3926,2465454.3
2025-10-22 09:45:00+00:00,2.3925,2.4036,2.3886,2.3966,1540173.2
2025-10-22 10:00:00+00:00,2.3967,2.4121,2.3929,2.4086,1834776.1
2025-10-22 10:15:00+00:00,2.4086,2.4129,2.3977,2.4023,1474826.3
2025-10-22 10:30:00+00:00,2.4024,2.4078,2.3997,2.4023,727420.1
2025-10-22 10:45:00+00:00,2.4023,2.4054,2.3914,2.3935,2438025.7
2025-10-22 11:00:00+00:00,2.3935,2.4272,2.3724,2.4255,11003494.9
2025-10-22 11:15:00+00:00,2.4254,2.4404,2.4153,2.4252,4880425.6
2025-10-22 11:30:00+00:00,2.4253,2.4325,2.4165,2.4219,3677891.9
2025-10-22 11:45:00+00:00,2.4219,2.4267,2.4136,2.4208,1610685.4
2025-10-22 12:00:00+00:00,2.4209,2.4251,2.4134,2.4196,1596271.4
2025-10-22 12:15:00+00:00,2.4197,2.4427,2.4197,2.4326,2758327.4
2025-10-22 12:30:00+00:00,2.4326,2.4379,2.4299,2.4314,1976401.9
2025-10-22 12:45:00+00:00,2.4315,2.4317,2.4216,2.4275,1621560.6
2025-10-22 13:00:00+00:00,2.4276,2.4438,2.4224,2.4389,2035229.7
2025-10-22 13:15:00+00:00,2.4389,2.4389,2.4291,2.4303,1852632.0
2025-10-22 13:30:00+00:00,2.4303,2.4408,2.4154,2.4292,4644350.1
2025-10-22 13:45:00+00:00,2.4294,2.4562,2.4207,2.452,4143514.4
2025-10-22 14:00:00+00:00,2.4519,2.4525,2.4194,2.4244,4530270.6
2025-10-22 14:15:00+00:00,2.4245,2.4288,2.4,2.4092,7289742.3
2025-10-22 14:30:00+00:00,2.4093,2.4428,2.3946,2.4261,11590170.3
2025-10-22 14:45:00+00:00,2.4262,2.4599,2.41,2.4599,6128297.5
2025-10-22 15:00:00+00:00,2.4599,2.4734,2.4322,2.4338,5699541.0
2025-10-22 15:15:00+00:00,2.4338,2.4349,2.4209,2.4245,2278727.4
2025-10-22 15:30:00+00:00,2.4246,2.4472,2.4184,2.4435,2940285.4
2025-10-22 15:45:00+00:00,2.4436,2.4508,2.4352,2.4425,1622888.7
2025-10-22 16:00:00+00:00,2.4424,2.4531,2.4372,2.4397,1972853.9
2025-10-22 16:15:00+00:00,2.4397,2.4536,2.4288,2.45,2146291.2
2025-10-22 16:30:00+00:00,2.4501,2.4572,2.4238,2.4415,6254335.6
2025-10-22 16:45:00+00:00,2.4416,2.4513,2.434,2.4389,2566401.2
2025-10-22 17:00:00+00:00,2.439,2.4458,2.4354,2.4408,1187741.9
2025-10-22 17:15:00+00:00,2.4409,2.4433,2.4329,2.4383,1550546.7
2025-10-22 17:30:00+00:00,2.4383,2.4461,2.4264,2.4299,1708565.5
2025-10-22 17:45:00+00:00,2.4299,2.4341,2.4092,2.4175,2775112.0
2025-10-22 18:00:00+00:00,2.4174,2.4311,2.4147,2.4166,1825227.7
2025-10-22 18:15:00+00:00,2.4165,2.4279,2.4018,2.4217,2835771.1
2025-10-22 18:30:00+00:00,2.4217,2.4239,2.4057,2.4072,1629677.7
2025-10-22 18:45:00+00:00,2.4071,2.4165,2.4064,2.4161,1514947.2
2025-10-22 19:00:00+00:00,2.416,2.4478,2.413,2.4367,3939391.1
2025-10-22 19:15:00+00:00,2.4368,2.4464,2.4336,2.4344,1420264.4
2025-10-22 19:30:00+00:00,2.4345,2.4371,2.4227,2.4241,1146168.9
2025-10-22 19:45:00+00:00,2.4241,2.431,2.4004,2.4248,2931121.6
2025-10-22 20:00:00+00:00,2.425,2.4336,2.4222,2.4271,1720690.8
2025-10-22 20:15:00+00:00,2.427,2.4273,2.4122,2.4147,1768519.7
2025-10-22 20:30:00+00:00,2.4147,2.4278,2.4089,2.4256,1616805.1
2025-10-22 20:45:00+00:00,2.4256,2.4256,2.4029,2.4058,1960709.1
2025-10-22 21:00:00+00:00,2.4057,2.406,2.3375,2.3695,13602834.8
2025-10-22 21:15:00+00:00,2.3697,2.3867,2.3643,2.3691,3980481.8
2025-10-22 21:30:00+00:00,2.369,2.3719,2.359,2.3598,2269081.3
2025-10-22 21:45:00+00:00,2.3598,2.3712,2.3592,2.3601,1465850.2
2025-10-22 22:00:00+00:00,2.36,2.3733,2.3581,2.3686,2557296.9
2025-10-22 22:15:00+00:00,2.3686,2.3696,2.3479,2.3496,1586069.2
2025-10-22 22:30:00+00:00,2.3495,2.3682,2.3484,2.3641,1904667.7
2025-10-22 22:45:00+00:00,2.3641,2.3682,2.3521,2.3596,2117563.1
2025-10-22 23:00:00+00:00,2.3595,2.3718,2.358,2.3692,2555904.2
2025-10-22 23:15:00+00:00,2.3691,2.3857,2.3682,2.3729,4044055.1
2025-10-22 23:30:00+00:00,2.373,2.3944,2.373,2.3794,2714144.7
2025-10-22 23:45:00+00:00,2.3793,2.3871,2.3789,2.3811,1144429.7
2025-10-23 00:00:00+00:00,2.3811,2.3838,2.3757,2.3816,1791583.1
2025-10-23 00:15:00+00:00,2.3816,2.3875,2.3708,2.374,1161995.4
2025-10-23 00:30:00+00:00,2.3741,2.3871,2.3732,2.3815,1136774.9
2025-10-23 00:45:00+00:00,2.3816,2.3938,2.3798,2.3888,1272842.2
2025-10-23 01:00:00+00:00,2.3887,2.4076,2.387,2.4026,1738778.9
2025-10-23 01:15:00+00:00,2.4026,2.4089,2.388,2.393,1971249.5
2025-10-23 01:30:00+00:00,2.3929,2.4013,2.3913,2.3993,984156.0
2025-10-23 01:45:00+00:00,2.3992,2.4011,2.3948,2.3994,780306.1
2025-10-23 02:00:00+00:00,2.3995,2.3998,2.391,2.3949,870872.4
2025-10-23 02:15:00+00:00,2.3949,2.4018,2.3934,2.3976,1460861.2
2025-10-23 02:30:00+00:00,2.3976,2.4048,2.3959,2.4031,774476.5
2025-10-23 02:45:00+00:00,2.4031,2.4041,2.394,2.399,1722786.9
2025-10-23 03:00:00+00:00,2.399,2.4059,2.3972,2.4003,1093569.9
2025-10-23 03:15:00+00:00,2.4004,2.4121,2.3991,2.4119,846982.6
2025-10-23 03:30:00+00:00,2.412,2.4133,2.4016,2.4016,906785.8
2025-10-23 03:45:00+00:00,2.4016,2.4044,2.3979,2.4018,599316.7
2025-10-23 04:00:00+00:00,2.4018,2.4047,2.3946,2.3962,932256.0
2025-10-23 04:15:00+00:00,2.3963,2.4097,2.3957,2.4066,982374.1
2025-10-23 04:30:00+00:00,2.4066,2.427,2.4013,2.4231,1825724.0
2025-10-23 04:45:00+00:00,2.4231,2.4245,2.4151,2.4167,952001.6
2025-10-23 05:00:00+00:00,2.4168,2.4267,2.4161,2.4255,915583.2
2025-10-23 05:15:00+00:00,2.4255,2.4255,2.4171,2.4201,690603.8
2025-10-23 05:30:00+00:00,2.4202,2.4242,2.4168,2.4224,654528.7
2025-10-23 05:45:00+00:00,2.4224,2.4362,2.4197,2.435,1501173.1
2025-10-23 06:00:00+00:00,2.4351,2.4395,2.428,2.4383,1600351.8
2025-10-23 06:15:00+00:00,2.4383,2.467,2.4381,2.4527,4586471.9
2025-10-23 06:30:00+00:00,2.4528,2.4636,2.4518,2.4616,1684274.2
2025-10-23 06:45:00+00:00,2.4616,2.4708,2.4608,2.4691,2187352.8
2025-10-23 07:00:00+00:00,2.4692,2.4713,2.4537,2.4557,1615374.5
2025-10-23 07:15:00+00:00,2.4558,2.4596,2.4441,2.4493,1921986.9
2025-10-23 07:30:00+00:00,2.4493,2.4539,2.4429,2.4484,1365549.3
2025-10-23 07:45:00+00:00,2.4484,2.4528,2.4443,2.4499,1148962.0
2025-10-23 08:00:00+00:00,2.4499,2.4632,2.4473,2.4612,1771032.6
2025-10-23 08:15:00+00:00,2.4612,2.467,2.4559,2.4602,1309487.1
2025-10-23 08:30:00+00:00,2.4603,2.462,2.4526,2.4576,971971.1
2025-10-23 08:45:00+00:00,2.4576,2.4673,2.4571,2.4601,929462.7
2025-10-23 09:00:00+00:00,2.4601,2.462,2.452,2.4527,1379193.6
2025-10-23 09:15:00+00:00,2.4527,2.4596,2.4507,2.4559,832055.6
2025-10-23 09:30:00+00:00,2.4558,2.4591,2.4542,2.4583,522741.8
2025-10-23 09:45:00+00:00,2.4583,2.4619,2.4532,2.4599,782937.0
2025-10-23 10:00:00+00:00,2.4599,2.4682,2.4599,2.467,1039772.2
2025-10-23 10:15:00+00:00,2.4671,2.4742,2.4636,2.4641,1309660.4
2025-10-23 10:30:00+00:00,2.464,2.4665,2.4549,2.457,1546379.7
2025-10-23 10:45:00+00:00,2.4569,2.4606,2.4535,2.457,1051208.8
2025-10-23 11:00:00+00:00,2.457,2.4587,2.452,2.4569,997352.0
2025-10-23 11:15:00+00:00,2.4569,2.464,2.4512,2.4596,869075.9
2025-10-23 11:30:00+00:00,2.4596,2.4607,2.4407,2.4421,1962294.8
2025-10-23 11:45:00+00:00,2.4421,2.4451,2.4359,2.4421,1641982.9
2025-10-23 12:00:00+00:00,2.442,2.442,2.4215,2.4309,2886625.3
2025-10-23 12:15:00+00:00,2.4308,2.444,2.4257,2.4403,2000499.6
2025-10-23 12:30:00+00:00,2.4403,2.4406,2.431,2.4367,1495233.8
2025-10-23 12:45:00+00:00,2.4368,2.4464,2.4368,2.446,1281341.4
2025-10-23 13:00:00+00:00,2.4461,2.4509,2.4331,2.4504,2571227.7
2025-10-23 13:15:00+00:00,2.4505,2.459,2.4489,2.4578,1746068.0
2025-10-23 13:30:00+00:00,2.4578,2.4793,2.4559,2.4635,4110790.3
2025-10-23 13:45:00+00:00,2.4636,2.4661,2.4485,2.4549,2080099.1
2025-10-23 14:00:00+00:00,2.455,2.4568,2.4263,2.4296,2832821.9
2025-10-23 14:15:00+00:00,2.4294,2.4399,2.4229,2.4329,2356715.7
2025-10-23 14:30:00+00:00,2.433,2.4518,2.4311,2.4419,1504403.3
2025-10-23 14:45:00+00:00,2.4419,2.4502,2.4402,2.4488,1170826.4
2025-10-23 15:00:00+00:00,2.4489,2.4714,2.4416,2.462,3243443.0
2025-10-23 15:15:00+00:00,2.462,2.4645,2.4468,2.4606,2280484.9
2025-10-23 15:30:00+00:00,2.4607,2.4774,2.4576,2.4604,3088440.3
2025-10-23 15:45:00+00:00,2.4604,2.4683,2.4562,2.4576,1610747.5
2025-10-23 16:00:00+00:00,2.4577,2.4686,2.4537,2.4629,1873672.7
2025-10-23 16:15:00+00:00,2.4629,2.4666,2.4517,2.4529,917871.8
2025-10-23 16:30:00+00:00,2.4528,2.4595,2.4495,2.4579,1077728.7
2025-10-23 16:45:00+00:00,2.458,2.4856,2.4575,2.4837,2327105.4
2025-10-23 17:00:00+00:00,2.4837,2.4854,2.4569,2.4653,2876214.7
2025-10-23 17:15:00+00:00,2.4653,2.4748,2.462,2.4719,921320.2
2025-10-23 17:30:00+00:00,2.472,2.499,2.471,2.4922,3892881.3
2025-10-23 17:45:00+00:00,2.4923,2.5037,2.4876,2.4922,1964146.2
2025-10-23 18:00:00+00:00,2.4923,2.4944,2.4763,2.4783,1966415.6
2025-10-23 18:15:00+00:00,2.4782,2.4833,2.476,2.4762,1536240.2
2025-10-23 18:30:00+00:00,2.4762,2.4763,2.4691,2.4724,1474399.3
2025-10-23 18:45:00+00:00,2.4724,2.4731,2.4596,2.4652,1232391.0
2025-10-23 19:00:00+00:00,2.4653,2.4663,2.4481,2.4584,1953378.5
2025-10-23 19:15:00+00:00,2.4584,2.4666,2.4522,2.4656,686616.8
2025-10-23 19:30:00+00:00,2.4656,2.4658,2.4584,2.4612,658698.4
2025-10-23 19:45:00+00:00,2.4613,2.4689,2.459,2.462,1082893.1
2025-10-23 20:00:00+00:00,2.4619,2.4622,2.4421,2.4472,2105620.6
2025-10-23 20:15:00+00:00,2.4471,2.451,2.4437,2.4497,986865.0
2025-10-23 20:30:00+00:00,2.4498,2.4517,2.4383,2.4421,1142312.2
2025-10-23 20:45:00+00:00,2.4421,2.4426,2.4044,2.4205,5875494.8
2025-10-23 21:00:00+00:00,2.4205,2.4301,2.415,2.4297,2118221.0
2025-10-23 21:15:00+00:00,2.4297,2.4297,2.4222,2.4238,1297498.0
2025-10-23 21:30:00+00:00,2.4239,2.4262,2.417,2.418,822626.8
2025-10-23 21:45:00+00:00,2.4181,2.4217,2.4159,2.4166,640317.7
2025-10-23 22:00:00+00:00,2.4165,2.426,2.4131,2.4188,2029248.1
2025-10-23 22:15:00+00:00,2.4189,2.4252,2.4173,2.4235,796968.9
2025-10-23 22:30:00+00:00,2.4235,2.4314,2.4235,2.4263,1227524.7
2025-10-23 22:45:00+00:00,2.4263,2.4303,2.4245,2.4247,784407.8
2025-10-23 23:00:00+00:00,2.4247,2.4256,2.4195,2.4233,686997.3
2025-10-23 23:15:00+00:00,2.4234,2.4273,2.4192,2.4249,1022259.8
2025-10-23 23:30:00+00:00,2.425,2.425,2.4208,2.4242,624711.7
2025-10-23 23:45:00+00:00,2.4242,2.4303,2.4222,2.4284,732299.5
2025-10-24 00:00:00+00:00,2.4283,2.4295,2.4172,2.4262,1836762.3
2025-10-24 00:15:00+00:00,2.4261,2.4298,2.405,2.4094,2533395.2
2025-10-24 00:30:00+00:00,2.4094,2.4294,2.409,2.4235,2166713.7
2025-10-24 00:45:00+00:00,2.4236,2.4381,2.423,2.4284,1876083.1
2025-10-24 01:00:00+00:00,2.4285,2.4337,2.4247,2.4259,869343.1
2025-10-24 01:15:00+00:00,2.4259,2.4265,2.4089,2.4111,1275031.4
2025-10-24 01:30:00+00:00,2.4111,2.421,2.4094,2.4179,1514580.2
2025-10-24 01:45:00+00:00,2.4179,2.4263,2.4179,2.4212,1228683.7
2025-10-24 02:00:00+00:00,2.4211,2.4211,2.412,2.4133,722117.4
2025-10-24 02:15:00+00:00,2.4134,2.4164,2.3989,2.4072,1926391.6
2025-10-24 02:30:00+00:00,2.4073,2.4157,2.4054,2.4136,1623872.2
2025-10-24 02:45:00+00:00,2.4136,2.4182,2.411,2.4127,951027.8
2025-10-24 03:00:00+00:00,2.4128,2.4136,2.404,2.4079,1522276.6
2025-10-24 03:15:00+00:00,2.408,2.4114,2.4043,2.4084,816673.5
2025-10-24 03:30:00+00:00,2.4084,2.4087,2.4001,2.4052,1366359.3
2025-10-24 03:45:00+00:00,2.4052,2.4118,2.402,2.4117,817864.6
2025-10-24 04:00:00+00:00,2.4117,2.4189,2.406,2.4183,931794.3
2025-10-24 04:15:00+00:00,2.4184,2.4409,2.4151,2.4388,2714052.9
2025-10-24 04:30:00+00:00,2.4388,2.4654,2.4388,2.4635,4207651.9
2025-10-24 04:45:00+00:00,2.4635,2.4776,2.4615,2.4666,3301205.4
2025-10-24 05:00:00+00:00,2.4666,2.4807,2.4613,2.473,2338671.5
2025-10-24 05:15:00+00:00,2.4731,2.489,2.473,2.4832,3028837.5
2025-10-24 05:30:00+00:00,2.4832,2.4862,2.4757,2.4814,1646964.3
2025-10-24 05:45:00+00:00,2.4814,2.4882,2.4763,2.4771,1617905.7
2025-10-24 06:00:00+00:00,2.4771,2.4814,2.4703,2.4775,1732751.3
2025-10-24 06:15:00+00:00,2.4775,2.4851,2.4727,2.479,1358730.9
2025-10-24 06:30:00+00:00,2.4791,2.4846,2.4761,2.4814,835213.6
2025-10-24 06:45:00+00:00,2.4815,2.4817,2.475,2.4771,1040257.6
2025-10-24 07:00:00+00:00,2.4772,2.4829,2.4682,2.4689,1805136.4
2025-10-24 07:15:00+00:00,2.4689,2.4756,2.4662,2.4753,1074154.0
2025-10-24 07:30:00+00:00,2.4752,2.4758,2.4572,2.4579,1797403.6
2025-10-24 07:45:00+00:00,2.4579,2.4631,2.4485,2.46,3319236.9
2025-10-24 08:00:00+00:00,2.46,2.4633,2.4453,2.4555,2161454.5
2025-10-24 08:15:00+00:00,2.4556,2.4598,2.4496,2.4535,1249639.0
2025-10-24 08:30:00+00:00,2.4535,2.4778,2.4497,2.4764,2104446.5
2025-10-24 08:45:00+00:00,2.4763,2.4813,2.4694,2.4724,1565088.8
2025-10-24 09:00:00+00:00,2.4724,2.48,2.4676,2.4781,1513848.9
2025-10-24 09:15:00+00:00,2.4781,2.49,2.4775,2.4847,2079316.3
2025-10-24 09:30:00+00:00,2.4847,2.4866,2.475,2.4804,1130190.0
2025-10-24 09:45:00+00:00,2.4805,2.4837,2.4752,2.4785,1005012.6
2025-10-24 10:00:00+00:00,2.4785,2.479,2.4719,2.4769,778687.7
2025-10-24 10:15:00+00:00,2.4769,2.4777,2.4654,2.4663,856142.1
2025-10-24 10:30:00+00:00,2.4664,2.4763,2.4663,2.4717,1021057.6
2025-10-24 10:45:00+00:00,2.4718,2.4724,2.4653,2.468,758362.5
2025-10-24 11:00:00+00:00,2.4681,2.471,2.4615,2.4687,1006626.0
2025-10-24 11:15:00+00:00,2.4687,2.4699,2.4581,2.462,953279.5
2025-10-24 11:30:00+00:00,2.462,2.467,2.4474,2.4655,2167556.7
2025-10-24 11:45:00+00:00,2.4656,2.4797,2.4605,2.4795,1531951.6
2025-10-24 12:00:00+00:00,2.4795,2.4852,2.4794,2.4819,1155810.4
2025-10-24 12:15:00+00:00,2.4819,2.491,2.4735,2.4872,2358142.9
2025-10-24 12:30:00+00:00,2.4872,2.5346,2.482,2.5091,9848186.8
2025-10-24 12:45:00+00:00,2.5091,2.51,2.4889,2.5008,2621587.0
2025-10-24 13:00:00+00:00,2.5009,2.5031,2.489,2.4957,2850012.8
2025-10-24 13:15:00+00:00,2.4957,2.508,2.4945,2.5039,1426154.3
2025-10-24 13:30:00+00:00,2.5039,2.5075,2.4816,2.482,3764418.2
2025-10-24 13:45:00+00:00,2.482,2.4982,2.465,2.4977,5450378.7
2025-10-24 14:00:00+00:00,2.4976,2.4976,2.4694,2.4783,3591904.5
2025-10-24 14:15:00+00:00,2.4782,2.4795,2.44,2.4482,4816955.1
2025-10-24 14:30:00+00:00,2.4481,2.4585,2.4421,2.4562,3535004.1
2025-10-24 14:45:00+00:00,2.4561,2.4597,2.4489,2.4577,2541344.0
2025-10-24 15:00:00+00:00,2.4578,2.4725,2.4512,2.4692,3190558.9
2025-10-24 15:15:00+00:00,2.4693,2.4862,2.4689,2.4861,4075647.4
2025-10-24 15:30:00+00:00,2.4862,2.4872,2.4668,2.4728,2319360.8
2025-10-24 15:45:00+00:00,2.4728,2.4728,2.4592,2.4672,2127871.1
2025-10-24 16:00:00+00:00,2.4672,2.4696,2.4481,2.4561,2272521.3
2025-10-24 16:15:00+00:00,2.4561,2.4687,2.4541,2.4619,1328229.7
2025-10-24 16:30:00+00:00,2.462,2.463,2.4453,2.4489,1430153.1
2025-10-24 16:45:00+00:00,2.4489,2.4639,2.4453,2.4618,1079198.5
2025-10-24 17:00:00+00:00,2.4618,2.4744,2.4599,2.465,1305847.2
2025-10-24 17:15:00+00:00,2.465,2.48,2.4636,2.4782,1172161.2
2025-10-24 17:30:00+00:00,2.4782,2.4829,2.4757,2.4784,985464.7
2025-10-24 17:45:00+00:00,2.4784,2.4837,2.4722,2.4735,1520440.6
2025-10-24 18:00:00+00:00,2.4736,2.4887,2.4706,2.4832,1362069.4
2025-10-24 18:15:00+00:00,2.4831,2.4933,2.4831,2.491,1384010.5
2025-10-24 18:30:00+00:00,2.4909,2.4969,2.4874,2.4961,1076322.2
2025-10-24 18:45:00+00:00,2.4962,2.5132,2.4939,2.5132,1605251.5
2025-10-24 19:00:00+00:00,2.5131,2.5265,2.5085,2.5165,3112944.6
2025-10-24 19:15:00+00:00,2.5165,2.5275,2.516,2.5233,1377777.3
2025-10-24 19:30:00+00:00,2.5232,2.526,2.5158,2.5199,1293522.2
2025-10-24 19:45:00+00:00,2.5199,2.5207,2.5093,2.5097,1482514.2
2025-10-24 20:00:00+00:00,2.5097,2.5131,2.506,2.5117,1261672.7
2025-10-24 20:15:00+00:00,2.5117,2.5221,2.5116,2.5181,643268.9
2025-10-24 20:30:00+00:00,2.518,2.5195,2.5132,2.5183,1001816.3
2025-10-24 20:45:00+00:00,2.5183,2.5221,2.5133,2.5163,1321177.9
2025-10-24 21:00:00+00:00,2.5164,2.5192,2.5056,2.5056,2328765.2
2025-10-24 21:15:00+00:00,2.5055,2.5159,2.5052,2.51,1119083.2
2025-10-24 21:30:00+00:00,2.5101,2.513,2.5069,2.5123,368575.7
2025-10-24 21:45:00+00:00,2.5122,2.5193,2.5122,2.5173,419088.4
2025-10-24 22:00:00+00:00,2.5173,2.5189,2.5085,2.5098,708229.4
2025-10-24 22:15:00+00:00,2.5097,2.5166,2.5081,2.516,551821.3
2025-10-24 22:30:00+00:00,2.516,2.5214,2.5131,2.5142,1211934.4
2025-10-24 22:45:00+00:00,2.5142,2.517,2.5088,2.5142,1554890.8
2025-10-24 23:00:00+00:00,2.5142,2.5148,2.5108,2.5129,883659.4
2025-10-24 23:15:00+00:00,2.5129,2.5208,2.5112,2.519,570839.9
2025-10-24 23:30:00+00:00,2.519,2.5246,2.5169,2.5217,693091.5
2025-10-24 23:45:00+00:00,2.5218,2.5242,2.5191,2.5224,817971.1
2025-10-25 00:00:00+00:00,2.5224,2.5248,2.5148,2.516,1314491.9
2025-10-25 00:15:00+00:00,2.516,2.5175,2.5115,2.514,1408461.2
2025-10-25 00:30:00+00:00,2.514,2.5231,2.5117,2.5171,1196534.6
2025-10-25 00:45:00+00:00,2.5171,2.5245,2.5145,2.517,1129179.6
2025-10-25 01:00:00+00:00,2.517,2.5233,2.5138,2.5228,805169.0
2025-10-25 01:15:00+00:00,2.5228,2.5355,2.5194,2.5313,2530356.8
2025-10-25 01:30:00+00:00,2.5313,2.5376,2.5145,2.5146,2170664.7
2025-10-25 01:45:00+00:00,2.5147,2.5227,2.5122,2.5227,847637.2
2025-10-25 02:00:00+00:00,2.5226,2.5243,2.5165,2.5187,612318.6
2025-10-25 02:15:00+00:00,2.5188,2.5272,2.5188,2.523,925398.1
2025-10-25 02:30:00+00:00,2.5229,2.526,2.5183,2.5235,610148.6
2025-10-25 02:45:00+00:00,2.5234,2.5368,2.5234,2.532,1035631.5
2025-10-25 03:00:00+00:00,2.5319,2.536,2.5221,2.5271,1192566.8
2025-10-25 03:15:00+00:00,2.5271,2.5309,2.5247,2.5293,700753.0
2025-10-25 03:30:00+00:00,2.5293,2.5331,2.5246,2.5301,689794.4
2025-10-25 03:45:00+00:00,2.53,2.5303,2.5187,2.5188,907259.9
2025-10-25 04:00:00+00:00,2.5188,2.5282,2.518,2.5274,1238814.0
2025-10-25 04:15:00+00:00,2.5274,2.5382,2.5261,2.5299,1222062.3
2025-10-25 04:30:00+00:00,2.5299,2.5341,2.5214,2.5256,1427374.0
2025-10-25 04:45:00+00:00,2.5255,2.5319,2.5249,2.5262,842092.2
2025-10-25 05:00:00+00:00,2.5263,2.5307,2.5192,2.5223,1106463.8
2025-10-25 05:15:00+00:00,2.5223,2.5261,2.5163,2.521,1077496.2
2025-10-25 05:30:00+00:00,2.521,2.5214,2.5149,2.5169,883844.6
2025-10-25 05:45:00+00:00,2.5169,2.5224,2.513,2.5173,905609.7
2025-10-25 06:00:00+00:00,2.5173,2.5219,2.5112,2.5126,1101706.6
2025-10-25 06:15:00+00:00,2.5125,2.5135,2.5052,2.5066,1115089.4
2025-10-25 06:30:00+00:00,2.5066,2.5093,2.4966,2.4981,2238963.9
2025-10-25 06:45:00+00:00,2.4982,2.501,2.4924,2.4977,1135564.3
2025-10-25 07:00:00+00:00,2.4977,2.5028,2.496,2.5023,1679630.4
2025-10-25 07:15:00+00:00,2.5024,2.5079,2.5003,2.5039,1751152.3
2025-10-25 07:30:00+00:00,2.5038,2.5129,2.484,2.489,3033420.3
2025-10-25 07:45:00+00:00,2.4889,2.4938,2.4834,2.4928,2918775.4
2025-10-25 08:00:00+00:00,2.4928,2.4954,2.4891,2.4906,1299613.6
2025-10-25 08:15:00+00:00,2.4905,2.4994,2.4895,2.4954,1374217.0
2025-10-25 08:30:00+00:00,2.4953,2.4977,2.4861,2.489,1328110.6
2025-10-25 08:45:00+00:00,2.489,2.499,2.4882,2.4984,1909537.7
2025-10-25 09:00:00+00:00,2.4983,2.4997,2.4906,2.4975,1405361.6
2025-10-25 09:15:00+00:00,2.4974,2.4974,2.4806,2.4856,1461876.3
2025-10-25 09:30:00+00:00,2.4856,2.4912,2.4815,2.4892,1488436.6
2025-10-25 09:45:00+00:00,2.4892,2.4896,2.4764,2.4801,1777932.5
2025-10-25 10:00:00+00:00,2.4801,2.482,2.4651,2.4664,2373219.4
2025-10-25 10:15:00+00:00,2.4664,2.4719,2.4658,2.4683,1132709.9
2025-10-25 10:30:00+00:00,2.4682,2.4757,2.4666,2.4735,907180.7
2025-10-25 10:45:00+00:00,2.4736,2.4751,2.4678,2.4694,836390.4
2025-10-25 11:00:00+00:00,2.4694,2.4746,2.466,2.4721,893429.7
2025-10-25 11:15:00+00:00,2.4721,2.4796,2.4716,2.4794,972965.6
2025-10-25 11:30:00+00:00,2.4793,2.4812,2.4715,2.4741,1935041.2
2025-10-25 11:45:00+00:00,2.474,2.4847,2.474,2.4826,1515581.1
2025-10-25 12:00:00+00:00,2.4826,2.4916,2.4806,2.4896,1594186.2
2025-10-25 12:15:00+00:00,2.4897,2.496,2.4871,2.494,1150968.3
2025-10-25 12:30:00+00:00,2.4939,2.4998,2.4923,2.4998,1087928.0
2025-10-25 12:45:00+00:00,2.4998,2.508,2.499,2.5029,2352321.8
2025-10-25 13:00:00+00:00,2.503,2.5045,2.4927,2.495,1717224.6
2025-10-25 13:15:00+00:00,2.4949,2.5029,2.4938,2.497,1462638.1
2025-10-25 13:30:00+00:00,2.497,2.503,2.493,2.4994,1273307.6
2025-10-25 13:45:00+00:00,2.4994,2.5055,2.4946,2.5046,1012959.2
2025-10-25 14:00:00+00:00,2.5045,2.5062,2.5013,2.5036,883598.4
2025-10-25 14:15:00+00:00,2.5037,2.5169,2.5026,2.5115,2537935.5
2025-10-25 14:30:00+00:00,2.5114,2.5203,2.508,2.5162,1775153.9
2025-10-25 14:45:00+00:00,2.5163,2.5253,2.5141,2.5233,1233895.9
2025-10-25 15:00:00+00:00,2.5233,2.5241,2.51,2.5113,1775414.0
2025-10-25 15:15:00+00:00,2.5113,2.5182,2.5113,2.5159,1221875.6
2025-10-25 15:30:00+00:00,2.5159,2.5217,2.511,2.5156,1052425.9
2025-10-25 15:45:00+00:00,2.5157,2.5215,2.5122,2.517,1002028.9
2025-10-25 16:00:00+00:00,2.5169,2.5205,2.5123,2.5159,1205939.8
2025-10-25 16:15:00+00:00,2.5158,2.5182,2.5107,2.5132,863464.1
2025-10-25 16:30:00+00:00,2.5131,2.5187,2.5123,2.516,757936.1
2025-10-25 16:45:00+00:00,2.5161,2.5218,2.5098,2.5202,1337122.5
2025-10-25 17:00:00+00:00,2.5202,2.5272,2.5183,2.5228,1267398.9
2025-10-25 17:15:00+00:00,2.5227,2.5234,2.5171,2.5199,606874.8
2025-10-25 17:30:00+00:00,2.5199,2.5298,2.5199,2.5289,990568.5
2025-10-25 17:45:00+00:00,2.529,2.5306,2.5257,2.5285,829397.1
2025-10-25 18:00:00+00:00,2.5286,2.5365,2.5268,2.535,837094.4
2025-10-25 18:15:00+00:00,2.535,2.5549,2.5336,2.5505,2167520.3
2025-10-25 18:30:00+00:00,2.5504,2.5636,2.5467,2.5595,2086823.4
2025-10-25 18:45:00+00:00,2.5594,2.5641,2.5517,2.5545,1303402.3
2025-10-25 19:00:00+00:00,2.5544,2.5557,2.5474,2.5494,958707.4
2025-10-25 19:15:00+00:00,2.5494,2.55,2.5416,2.5447,1143722.6
2025-10-25 19:30:00+00:00,2.5447,2.5507,2.5444,2.5476,752998.5
2025-10-25 19:45:00+00:00,2.5477,2.551,2.5451,2.5509,554325.0
2025-10-25 20:00:00+00:00,2.551,2.5552,2.5479,2.5528,702603.7
2025-10-25 20:15:00+00:00,2.5528,2.556,2.5495,2.5537,666189.3
2025-10-25 20:30:00+00:00,2.5537,2.5541,2.5417,2.5463,999347.1
2025-10-25 20:45:00+00:00,2.5463,2.5499,2.5398,2.5413,986061.5
2025-10-25 21:00:00+00:00,2.5413,2.5436,2.5378,2.5425,1005762.4
2025-10-25 21:15:00+00:00,2.5425,2.5461,2.5375,2.5429,661263.9
2025-10-25 21:30:00+00:00,2.5428,2.543,2.5278,2.5315,1057511.9
2025-10-25 21:45:00+00:00,2.5315,2.536,2.5281,2.5345,606712.1
2025-10-25 22:00:00+00:00,2.5345,2.5349,2.526,2.5264,806172.3
2025-10-25 22:15:00+00:00,2.5264,2.5329,2.5259,2.5319,627439.8
2025-10-25 22:30:00+00:00,2.5319,2.5392,2.5319,2.538,724302.9
2025-10-25 22:45:00+00:00,2.5379,2.547,2.5362,2.5419,932135.9
2025-10-25 23:00:00+00:00,2.5419,2.543,2.5375,2.543,594587.8
2025-10-25 23:15:00+00:00,2.543,2.5449,2.5325,2.5355,667963.5
2025-10-25 23:30:00+00:00,2.5354,2.5403,2.5309,2.5361,603162.7
2025-10-25 23:45:00+00:00,2.536,2.5373,2.5287,2.5325,654717.0
2025-10-26 00:00:00+00:00,2.5325,2.5334,2.5198,2.5264,1466572.5
2025-10-26 00:15:00+00:00,2.5264,2.5344,2.5255,2.533,868663.0
2025-10-26 00:30:00+00:00,2.5329,2.5363,2.5276,2.5334,979832.0
2025-10-26 00:45:00+00:00,2.5334,2.5377,2.5239,2.5254,1954318.8
2025-10-26 01:00:00+00:00,2.5254,2.5285,2.5209,2.5215,1466288.9
2025-10-26 01:15:00+00:00,2.5215,2.524,2.5133,2.515,1322388.2
2025-10-26 01:30:00+00:00,2.515,2.5204,2.5139,2.5179,877540.6
2025-10-26 01:45:00+00:00,2.5178,2.5202,2.503,2.5073,2316022.9
2025-10-26 02:00:00+00:00,2.5073,2.5074,2.5008,2.5034,1263365.7
2025-10-26 02:15:00+00:00,2.5033,2.5083,2.5016,2.5077,633374.4
2025-10-26 02:30:00+00:00,2.5077,2.5113,2.5018,2.5058,902633.8
2025-10-26 02:45:00+00:00,2.5058,2.5088,2.495,2.5015,3169280.5
2025-10-26 03:00:00+00:00,2.5015,2.5027,2.4971,2.4974,954948.3
2025-10-26 03:15:00+00:00,2.4974,2.5092,2.4964,2.5083,2037494.9
2025-10-26 03:30:00+00:00,2.5083,2.5097,2.5003,2.5015,816216.5
2025-10-26 03:45:00+00:00,2.5016,2.5073,2.4975,2.5067,764176.8
2025-10-26 04:00:00+00:00,2.5067,2.5179,2.5041,2.5176,1345643.2
2025-10-26 04:15:00+00:00,2.5176,2.5221,2.5114,2.5215,872612.1
2025-10-26 04:30:00+00:00,2.5214,2.5226,2.5161,2.5178,714111.7
2025-10-26 04:45:00+00:00,2.5177,2.5241,2.5175,2.5239,746146.1
2025-10-26 05:00:00+00:00,2.524,2.5265,2.5184,2.525,657308.5
2025-10-26 05:15:00+00:00,2.5251,2.5271,2.5228,2.5246,631967.3
2025-10-26 05:30:00+00:00,2.5247,2.5307,2.522,2.5306,732366.3
2025-10-26 05:45:00+00:00,2.5307,2.5353,2.5305,2.534,692622.6
2025-10-26 06:00:00+00:00,2.5341,2.5353,2.5264,2.5265,1077991.3
2025-10-26 06:15:00+00:00,2.5265,2.5344,2.5235,2.5339,767399.4
2025-10-26 06:30:00+00:00,2.5339,2.5345,2.5219,2.5242,637397.8
2025-10-26 06:45:00+00:00,2.5243,2.5292,2.5227,2.5278,863480.7
2025-10-26 07:00:00+00:00,2.5279,2.5315,2.5248,2.531,643665.2
2025-10-26 07:15:00+00:00,2.5309,2.5337,2.5271,2.5283,527931.1
2025-10-26 07:30:00+00:00,2.5284,2.5333,2.5284,2.5315,792884.3
2025-10-26 07:45:00+00:00,2.5315,2.538,2.5307,2.535,729134.3
2025-10-26 08:00:00+00:00,2.5351,2.5447,2.5351,2.5416,1036929.9
2025-10-26 08:15:00+00:00,2.5416,2.5431,2.5349,2.5406,854154.6
2025-10-26 08:30:00+00:00,2.5405,2.5436,2.5373,2.5428,833308.8
2025-10-26 08:45:00+00:00,2.5427,2.5474,2.5413,2.5432,856702.5
2025-10-26 09:00:00+00:00,2.5433,2.545,2.5365,2.5372,685838.8
2025-10-26 09:15:00+00:00,2.5371,2.578,2.537,2.5774,4204054.1
2025-10-26 09:30:00+00:00,2.5774,2.5825,2.5645,2.5687,3647894.2
2025-10-26 09:45:00+00:00,2.5686,2.5752,2.5639,2.5717,2651382.4
2025-10-26 10:00:00+00:00,2.5717,2.5741,2.5574,2.5622,2107148.1
2025-10-26 10:15:00+00:00,2.5622,2.5635,2.5565,2.5605,925335.4
2025-10-26 10:30:00+00:00,2.5605,2.5607,2.5512,2.558,1085739.3
2025-10-26 10:45:00+00:00,2.558,2.56,2.5557,2.5584,822367.1
2025-10-26 11:00:00+00:00,2.5585,2.5622,2.5493,2.5565,1016869.5
2025-10-26 11:15:00+00:00,2.5566,2.5686,2.5565,2.5679,1321292.1
2025-10-26 11:30:00+00:00,2.5679,2.6015,2.5676,2.6002,4350692.4
2025-10-26 11:45:00+00:00,2.6003,2.6092,2.5893,2.6012,3650583.3
2025-10-26 12:00:00+00:00,2.6012,2.6089,2.5964,2.6085,2991371.4
2025-10-26 12:15:00+00:00,2.6085,2.616,2.5966,2.5996,3164653.0
2025-10-26 12:30:00+00:00,2.5995,2.6105,2.5993,2.602,1710708.0
2025-10-26 12:45:00+00:00,2.602,2.62,2.602,2.6179,2694490.3
2025-10-26 13:00:00+00:00,2.618,2.6258,2.6131,2.6191,3055501.2
2025-10-26 13:15:00+00:00,2.6191,2.6498,2.617,2.6469,2675325.6
2025-10-26 13:30:00+00:00,2.6469,2.6591,2.64,2.6523,3835918.8
2025-10-26 13:45:00+00:00,2.6523,2.6567,2.6379,2.646,3216657.6
2025-10-26 14:00:00+00:00,2.646,2.6468,2.6332,2.6345,1853510.9
2025-10-26 14:15:00+00:00,2.6346,2.6382,2.623,2.629,2283340.2
2025-10-26 14:30:00+00:00,2.6289,2.6424,2.6283,2.64,2394367.9
2025-10-26 14:45:00+00:00,2.6401,2.6407,2.6326,2.6372,1167810.3
2025-10-26 15:00:00+00:00,2.6372,2.6397,2.6265,2.63,1619364.5
2025-10-26 15:15:00+00:00,2.6301,2.6363,2.6265,2.6362,1236655.9
2025-10-26 15:30:00+00:00,2.6361,2.6446,2.6361,2.6431,1196990.3
2025-10-26 15:45:00+00:00,2.643,2.6464,2.6384,2.639,1039646.0
2025-10-26 16:00:00+00:00,2.6391,2.6425,2.6269,2.6269,1561959.1
2025-10-26 16:15:00+00:00,2.6268,2.6361,2.6156,2.6293,2194047.3
2025-10-26 16:30:00+00:00,2.6293,2.6336,2.6251,2.6332,811764.8
2025-10-26 16:45:00+00:00,2.6332,2.6364,2.6214,2.6222,1155673.2
2025-10-26 17:00:00+00:00,2.6221,2.6278,2.6177,2.6253,1229064.5
2025-10-26 17:15:00+00:00,2.6252,2.63,2.6228,2.626,492786.8
2025-10-26 17:30:00+00:00,2.626,2.631,2.6251,2.6297,535878.2
2025-10-26 17:45:00+00:00,2.6296,2.6312,2.6249,2.627,680935.6
2025-10-26 18:00:00+00:00,2.627,2.639,2.627,2.6377,929431.4
2025-10-26 18:15:00+00:00,2.6376,2.6413,2.6322,2.6333,1108926.0
2025-10-26 18:30:00+00:00,2.6333,2.6408,2.6323,2.6378,648239.0
2025-10-26 18:45:00+00:00,2.6377,2.6407,2.6349,2.6363,387793.4
2025-10-26 19:00:00+00:00,2.6363,2.6368,2.6287,2.6319,760904.4
2025-10-26 19:15:00+00:00,2.6319,2.6327,2.6275,2.6314,555324.9
2025-10-26 19:30:00+00:00,2.6313,2.6324,2.6274,2.6314,682552.6
2025-10-26 19:45:00+00:00,2.6314,2.6338,2.6281,2.631,403238.8
2025-10-26 20:00:00+00:00,2.6309,2.6309,2.6217,2.6257,692237.1
2025-10-26 20:15:00+00:00,2.6256,2.6258,2.61,2.6123,1319389.2
2025-10-26 20:30:00+00:00,2.6123,2.6238,2.6123,2.6216,1191921.7
2025-10-26 20:45:00+00:00,2.6216,2.6226,2.6152,2.6161,537026.4
2025-10-26 21:00:00+00:00,2.6161,2.6193,2.6136,2.6187,938869.3
2025-10-26 21:15:00+00:00,2.6186,2.6206,2.6044,2.6107,908321.5
2025-10-26 21:30:00+00:00,2.6106,2.6257,2.6047,2.6226,1482782.4
2025-10-26 21:45:00+00:00,2.6225,2.6311,2.6208,2.6298,450810.4
2025-10-26 22:00:00+00:00,2.6299,2.6816,2.6299,2.6628,9367181.3
2025-10-26 22:15:00+00:00,2.6628,2.6661,2.6499,2.6557,2578684.3
2025-10-26 22:30:00+00:00,2.6557,2.6689,2.6552,2.6683,1715475.3
2025-10-26 22:45:00+00:00,2.6684,2.6774,2.6671,2.6707,1804204.9
2025-10-26 23:00:00+00:00,2.6707,2.6755,2.664,2.6701,1688641.4
2025-10-26 23:15:00+00:00,2.6701,2.676,2.6656,2.6725,1212958.8
2025-10-26 23:30:00+00:00,2.6724,2.6823,2.6707,2.6779,1546009.4
2025-10-26 23:45:00+00:00,2.678,2.6814,2.6716,2.6747,1234104.5
2025-10-27 00:00:00+00:00,2.6746,2.6782,2.6611,2.6748,3164803.9
2025-10-27 00:15:00+00:00,2.6749,2.6869,2.6749,2.684,2481679.2
2025-10-27 00:30:00+00:00,2.684,2.7025,2.6823,2.6946,4091521.1
2025-10-27 00:45:00+00:00,2.6946,2.6984,2.6835,2.6906,1864280.9
2025-10-27 01:00:00+00:00,2.6906,2.696,2.6735,2.6767,2828461.8
2025-10-27 01:15:00+00:00,2.6768,2.6919,2.6721,2.69,1425426.7
2025-10-27 01:30:00+00:00,2.69,2.7002,2.6869,2.6911,1857979.6
2025-10-27 01:45:00+00:00,2.6912,2.7033,2.6912,2.6998,1503305.7
2025-10-27 02:00:00+00:00,2.6999,2.7039,2.6949,2.6951,1882060.1
2025-10-27 02:15:00+00:00,2.6952,2.7042,2.6862,2.6862,1798324.6
2025-10-27 02:30:00+00:00,2.6862,2.6874,2.6797,2.6872,1693107.5
2025-10-27 02:45:00+00:00,2.6873,2.6891,2.6802,2.681,1109320.8
2025-10-27 03:00:00+00:00,2.681,2.6863,2.6793,2.6799,1373317.4
2025-10-27 03:15:00+00:00,2.68,2.685,2.6673,2.6675,1560410.1
2025-10-27 03:30:00+00:00,2.6675,2.6706,2.661,2.6625,1429359.5
2025-10-27 03:45:00+00:00,2.6625,2.6714,2.6616,2.6682,1204546.1
2025-10-27 04:00:00+00:00,2.6683,2.6698,2.6577,2.6632,1742350.8
2025-10-27 04:15:00+00:00,2.6632,2.6987,2.663,2.6966,3835557.8
2025-10-27 04:30:00+00:00,2.6966,2.7094,2.6947,2.7069,3494934.4
2025-10-27 04:45:00+00:00,2.7069,2.7139,2.7034,2.7119,1618607.2
2025-10-27 05:00:00+00:00,2.712,2.7199,2.7054,2.7088,2181287.3
2025-10-27 05:15:00+00:00,2.7089,2.7179,2.705,2.7153,2142084.1
2025-10-27 05:30:00+00:00,2.7154,2.7157,2.6999,2.7009,1505823.0
2025-10-27 05:45:00+00:00,2.7009,2.7009,2.6866,2.6873,1404753.5
2025-10-27 06:00:00+00:00,2.6874,2.6882,2.6682,2.6755,2602588.9
2025-10-27 06:15:00+00:00,2.6754,2.6841,2.6742,2.6838,1568181.2
2025-10-27 06:30:00+00:00,2.6837,2.684,2.671,2.6742,1564007.8
2025-10-27 06:45:00+00:00,2.6742,2.6854,2.6731,2.6798,2123839.8
2025-10-27 07:00:00+00:00,2.6798,2.6835,2.6627,2.6629,3066709.7
2025-10-27 07:15:00+00:00,2.663,2.6731,2.6614,2.6681,2123973.9
2025-10-27 07:30:00+00:00,2.668,2.6682,2.637,2.6508,3808020.7
2025-10-27 07:45:00+00:00,2.6508,2.6583,2.6482,2.6553,1857568.8
2025-10-27 08:00:00+00:00,2.6553,2.6623,2.6498,2.656,1502148.6
2025-10-27 08:15:00+00:00,2.6561,2.6613,2.6363,2.6394,2019920.2
2025-10-27 08:30:00+00:00,2.6395,2.6537,2.6394,2.6496,1599818.4
2025-10-27 08:45:00+00:00,2.6496,2.65,2.6333,2.636,2271131.9
2025-10-27 09:00:00+00:00,2.636,2.6383,2.6152,2.628,4126301.7
2025-10-27 09:15:00+00:00,2.628,2.6348,2.6181,2.6251,1802066.2
2025-10-27 09:30:00+00:00,2.6252,2.6328,2.6215,2.6294,1656932.5
2025-10-27 09:45:00+00:00,2.6294,2.6294,2.6193,2.6243,1427045.9
2025-10-27 10:00:00+00:00,2.6243,2.6293,2.6196,2.6263,1064577.7
2025-10-27 10:15:00+00:00,2.6264,2.6374,2.626,2.6289,1394960.8
2025-10-27 10:30:00+00:00,2.6289,2.6324,2.6243,2.6257,1065409.9
2025-10-27 10:45:00+00:00,2.6257,2.6306,2.6217,2.6255,1790763.7
2025-10-27 11:00:00+00:00,2.6256,2.6337,2.6252,2.6295,1319486.1
2025-10-27 11:15:00+00:00,2.6294,2.6347,2.6058,2.6173,3750448.1
2025-10-27 11:30:00+00:00,2.6174,2.6367,2.6147,2.636,2214396.6
2025-10-27 11:45:00+00:00,2.636,2.638,2.6274,2.6341,1820002.1
2025-10-27 12:00:00+00:00,2.6341,2.6355,2.627,2.6292,1392454.1
2025-10-27 12:15:00+00:00,2.6293,2.6301,2.6226,2.6247,1080144.9
2025-10-27 12:30:00+00:00,2.6247,2.6247,2.6081,2.6133,2590001.8
2025-10-27 12:45:00+00:00,2.6132,2.6154,2.606,2.6072,1335917.6
2025-10-27 13:00:00+00:00,2.6071,2.619,2.6023,2.6113,2039271.1
2025-10-27 13:15:00+00:00,2.6114,2.6206,2.6101,2.6122,1102989.6
2025-10-27 13:30:00+00:00,2.6122,2.6193,2.5746,2.5904,7271384.4
2025-10-27 13:45:00+00:00,2.5903,2.6166,2.5852,2.611,3767016.8
2025-10-27 14:00:00+00:00,2.6111,2.6149,2.5827,2.5962,3352182.4
2025-10-27 14:15:00+00:00,2.5962,2.6055,2.5851,2.6036,3638521.9
2025-10-27 14:30:00+00:00,2.6036,2.6087,2.5905,2.6005,3248478.1
2025-10-27 14:45:00+00:00,2.6005,2.6048,2.5928,2.5955,1913301.8
2025-10-27 15:00:00+00:00,2.5955,2.6197,2.5944,2.6185,3023349.6
2025-10-27 15:15:00+00:00,2.6186,2.6218,2.6053,2.6193,2460973.8
2025-10-27 15:30:00+00:00,2.6193,2.6239,2.6139,2.6174,1815265.4
2025-10-27 15:45:00+00:00,2.6173,2.6248,2.6147,2.6213,1927075.3
2025-10-27 16:00:00+00:00,2.6214,2.6414,2.6214,2.6369,3289105.1
2025-10-27 16:15:00+00:00,2.6369,2.6385,2.6248,2.6311,1769560.4
2025-10-27 16:30:00+00:00,2.6312,2.6554,2.6277,2.6469,2495976.0
2025-10-27 16:45:00+00:00,2.647,2.6602,2.6414,2.6544,1947955.2
2025-10-27 17:00:00+00:00,2.6544,2.6629,2.6457,2.6611,1623453.4
2025-10-27 17:15:00+00:00,2.661,2.6758,2.6581,2.6586,2756409.3
2025-10-27 17:30:00+00:00,2.6586,2.6764,2.6559,2.6734,1830944.4
2025-10-27 17:45:00+00:00,2.6735,2.6746,2.664,2.6706,1372411.8
2025-10-27 18:00:00+00:00,2.6706,2.6844,2.6644,2.682,1964904.5
2025-10-27 18:15:00+00:00,2.6821,2.6845,2.661,2.6633,1452626.7
2025-10-27 18:30:00+00:00,2.6633,2.6756,2.6607,2.6737,1808787.1
2025-10-27 18:45:00+00:00,2.6737,2.6742,2.6567,2.6589,1718677.1
2025-10-27 19:00:00+00:00,2.6589,2.6608,2.642,2.6597,2092517.8
2025-10-27 19:15:00+00:00,2.6597,2.6597,2.6443,2.6458,1633171.6
2025-10-27 19:30:00+00:00,2.6459,2.6468,2.6326,2.6368,2324695.0
2025-10-27 19:45:00+00:00,2.6369,2.645,2.634,2.6371,1293744.1
2025-10-27 20:00:00+00:00,2.6371,2.6379,2.6213,2.6242,2522519.8
2025-10-27 20:15:00+00:00,2.6243,2.6371,2.6234,2.6259,1580554.1
2025-10-27 20:30:00+00:00,2.6258,2.628,2.6165,2.6204,2128402.7
2025-10-27 20:45:00+00:00,2.6204,2.6263,2.613,2.6176,1777571.7
2025-10-27 21:00:00+00:00,2.6176,2.6329,2.6148,2.6225,2609407.8
2025-10-27 21:15:00+00:00,2.6225,2.6322,2.6104,2.6163,1747800.7
2025-10-27 21:30:00+00:00,2.6163,2.633,2.615,2.6237,1069390.9
2025-10-27 21:45:00+00:00,2.6237,2.6355,2.6192,2.6213,827601.6
2025-10-27 22:00:00+00:00,2.6213,2.6361,2.6173,2.6297,1360638.3
2025-10-27 22:15:00+00:00,2.6298,2.6316,2.625,2.6272,1147331.8
2025-10-27 22:30:00+00:00,2.6273,2.6282,2.6,2.6038,2639760.1
2025-10-27 22:45:00+00:00,2.6038,2.6111,2.602,2.604,1278601.2
2025-10-27 23:00:00+00:00,2.604,2.6046,2.5951,2.5983,1878094.6
2025-10-27 23:15:00+00:00,2.5983,2.6036,2.5858,2.6024,1684777.9
2025-10-27 23:30:00+00:00,2.6024,2.6117,2.6019,2.604,1053919.5
2025-10-27 23:45:00+00:00,2.604,2.6096,2.6022,2.6095,623673.1
2025-10-28 00:00:00+00:00,2.6096,2.6142,2.601,2.6054,1178658.5
2025-10-28 00:15:00+00:00,2.6054,2.6193,2.6045,2.6168,1070188.9
2025-10-28 00:30:00+00:00,2.6168,2.617,2.599,2.607,1240698.0
2025-10-28 00:45:00+00:00,2.607,2.612,2.596,2.61,2528136.1
2025-10-28 01:00:00+00:00,2.61,2.6288,2.61,2.6241,1398600.4
2025-10-28 01:15:00+00:00,2.6242,2.6279,2.6175,2.6222,975316.3
2025-10-28 01:30:00+00:00,2.6222,2.6323,2.6154,2.6292,1359845.4
2025-10-28 01:45:00+00:00,2.6293,2.6304,2.6238,2.6251,941241.1
2025-10-28 02:00:00+00:00,2.6251,2.6266,2.6053,2.6087,1089554.2
2025-10-28 02:15:00+00:00,2.6088,2.6091,2.593,2.6036,2492129.5
2025-10-28 02:30:00+00:00,2.6036,2.615,2.6015,2.6113,1686192.1
2025-10-28 02:45:00+00:00,2.6113,2.6134,2.5836,2.5997,2170102.4
2025-10-28 03:00:00+00:00,2.5996,2.6116,2.5861,2.5874,1730024.2
2025-10-28 03:15:00+00:00,2.5875,2.6115,2.5873,2.6103,1805264.5
2025-10-28 03:30:00+00:00,2.6104,2.6112,2.5966,2.6025,1242869.0
2025-10-28 03:45:00+00:00,2.6025,2.6061,2.5913,2.5981,984879.4
2025-10-28 04:00:00+00:00,2.5981,2.6019,2.588,2.6014,1240275.6
2025-10-28 04:15:00+00:00,2.6014,2.6035,2.595,2.5971,930593.4
2025-10-28 04:30:00+00:00,2.5972,2.6036,2.5935,2.5979,778880.0
2025-10-28 04:45:00+00:00,2.5979,2.6104,2.5977,2.6032,856908.3
2025-10-28 05:00:00+00:00,2.6032,2.6082,2.5994,2.6,923745.8
2025-10-28 05:15:00+00:00,2.6,2.6088,2.5988,2.6057,1393484.0
2025-10-28 05:30:00+00:00,2.6056,2.6056,2.5865,2.5871,1633421.3
2025-10-28 05:45:00+00:00,2.5871,2.5872,2.5475,2.5666,8878541.0
2025-10-28 06:00:00+00:00,2.5667,2.5835,2.5661,2.5811,2713122.4
2025-10-28 06:15:00+00:00,2.5812,2.5848,2.5768,2.5832,1478730.4
2025-10-28 06:30:00+00:00,2.5832,2.6094,2.5812,2.6085,2921909.1
2025-10-28 06:45:00+00:00,2.6085,2.6324,2.608,2.6306,3311486.4
2025-10-28 07:00:00+00:00,2.6307,2.6418,2.622,2.6242,4695309.4
2025-10-28 07:15:00+00:00,2.6241,2.6288,2.6183,2.6191,1495887.1
2025-10-28 07:30:00+00:00,2.6192,2.6232,2.6137,2.617,1259126.8
2025-10-28 07:45:00+00:00,2.617,2.6195,2.6062,2.6065,1125380.1
2025-10-28 08:00:00+00:00,2.6066,2.6155,2.6064,2.6076,835261.1
2025-10-28 08:15:00+00:00,2.6075,2.6288,2.6063,2.6261,1487325.1
2025-10-28 08:30:00+00:00,2.6262,2.6355,2.6225,2.6332,2026225.1
2025-10-28 08:45:00+00:00,2.6332,2.6363,2.629,2.6329,1145162.9
2025-10-28 09:00:00+00:00,2.6329,2.6407,2.6215,2.6242,2325830.5
2025-10-28 09:15:00+00:00,2.6242,2.6256,2.6112,2.6119,1463604.0
2025-10-28 09:30:00+00:00,2.6119,2.6249,2.6101,2.6236,1150285.6
2025-10-28 09:45:00+00:00,2.6236,2.6332,2.6228,2.6298,941962.6
2025-10-28 10:00:00+00:00,2.6299,2.6313,2.6205,2.6246,1226617.3
2025-10-28 10:15:00+00:00,2.6245,2.6306,2.6192,2.6291,776811.5
2025-10-28 10:30:00+00:00,2.629,2.629,2.6164,2.6187,1061945.2
2025-10-28 10:45:00+00:00,2.6188,2.6268,2.6186,2.626,775232.0
2025-10-28 11:00:00+00:00,2.6261,2.6274,2.6208,2.6227,844775.5
2025-10-28 11:15:00+00:00,2.6228,2.6307,2.6215,2.6301,1476931.7
2025-10-28 11:30:00+00:00,2.63,2.6383,2.624,2.6251,1076388.5
2025-10-28 11:45:00+00:00,2.6252,2.6254,2.6073,2.6109,1750778.4
2025-10-28 12:00:00+00:00,2.6109,2.6145,2.6069,2.6132,1248226.7
2025-10-28 12:15:00+00:00,2.6132,2.6143,2.6023,2.6053,1403705.1
2025-10-28 12:30:00+00:00,2.6053,2.621,2.6038,2.6207,1773059.8
2025-10-28 12:45:00+00:00,2.6206,2.6378,2.62,2.6291,2163025.5
2025-10-28 13:00:00+00:00,2.6292,2.6469,2.6285,2.6391,2919170.9
2025-10-28 13:15:00+00:00,2.6392,2.6475,2.634,2.6412,2528176.1
2025-10-28 13:30:00+00:00,2.6412,2.647,2.6302,2.639,2101713.6
2025-10-28 13:45:00+00:00,2.639,2.6518,2.6372,2.6429,3256258.6
2025-10-28 14:00:00+00:00,2.643,2.6474,2.6359,2.645,1939186.5
2025-10-28 14:15:00+00:00,2.645,2.6568,2.6248,2.6327,4211613.2
2025-10-28 14:30:00+00:00,2.6328,2.6354,2.5929,2.598,6286394.8
2025-10-28 14:45:00+00:00,2.598,2.613,2.557,2.6101,11170712.2
2025-10-28 15:00:00+00:00,2.6102,2.6161,2.6077,2.6123,2798553.9
2025-10-28 15:15:00+00:00,2.6123,2.6123,2.5892,2.5897,2974056.5
2025-10-28 15:30:00+00:00,2.5897,2.5923,2.5772,2.5786,3989069.8
2025-10-28 15:45:00+00:00,2.5787,2.5969,2.5786,2.5939,1973137.4
2025-10-28 16:00:00+00:00,2.5939,2.6047,2.5918,2.5971,1864603.4
2025-10-28 16:15:00+00:00,2.5971,2.5995,2.5808,2.5935,1570976.9
2025-10-28 16:30:00+00:00,2.5935,2.614,2.5925,2.6038,2863172.1
2025-10-28 16:45:00+00:00,2.6039,2.618,2.603,2.6069,1651439.2
2025-10-28 17:00:00+00:00,2.607,2.6166,2.6041,2.6143,1014877.0
2025-10-28 17:15:00+00:00,2.6144,2.6175,2.6055,2.6057,1643488.5
2025-10-28 17:30:00+00:00,2.6058,2.6107,2.5972,2.6033,1363943.7
2025-10-28 17:45:00+00:00,2.6034,2.6113,2.5997,2.6084,1191744.1
2025-10-28 18:00:00+00:00,2.6085,2.6104,2.5963,2.608,2540012.9
2025-10-28 18:15:00+00:00,2.6081,2.611,2.5883,2.5918,1173138.4
2025-10-28 18:30:00+00:00,2.5919,2.598,2.5828,2.5831,1288065.0
2025-10-28 18:45:00+00:00,2.5832,2.5875,2.5801,2.587,1050678.8
2025-10-28 19:00:00+00:00,2.5871,2.5953,2.5823,2.5872,976297.6
2025-10-28 19:15:00+00:00,2.5872,2.5872,2.5574,2.5592,3908528.6
2025-10-28 19:30:00+00:00,2.5591,2.574,2.551,2.5634,2982210.6
2025-10-28 19:45:00+00:00,2.5633,2.565,2.526,2.5416,6655501.4
2025-10-28 20:00:00+00:00,2.5415,2.5418,2.5147,2.5212,6875597.4
2025-10-28 20:15:00+00:00,2.5212,2.5312,2.49,2.4954,10530829.2
2025-10-28 20:30:00+00:00,2.496,2.5245,2.49,2.5066,6466192.9
2025-10-28 20:45:00+00:00,2.5065,2.5065,2.4862,2.4958,3304036.9
2025-10-28 21:00:00+00:00,2.4958,2.4987,2.4553,2.487,10651462.0
2025-10-28 21:15:00+00:00,2.487,2.4899,2.4733,2.4779,1968758.2
2025-10-28 21:30:00+00:00,2.4779,2.5017,2.4769,2.5014,1812169.5
2025-10-28 21:45:00+00:00,2.5015,2.5082,2.4903,2.4942,1036095.4
2025-10-28 22:00:00+00:00,2.4942,2.4978,2.4863,2.4905,1540993.5
2025-10-28 22:15:00+00:00,2.4904,2.5037,2.4883,2.503,1603116.7
2025-10-28 22:30:00+00:00,2.5029,2.5086,2.5,2.5075,1313454.8
2025-10-28 22:45:00+00:00,2.5075,2.515,2.5066,2.5076,1085705.5
2025-10-28 23:00:00+00:00,2.5076,2.51,2.5008,2.5066,1218494.8
2025-10-28 23:15:00+00:00,2.5066,2.5108,2.4973,2.5041,869250.1
2025-10-28 23:30:00+00:00,2.5041,2.5112,2.5021,2.5045,1049039.5
2025-10-28 23:45:00+00:00,2.5045,2.5107,2.5036,2.5038,729173.0
2025-10-29 00:00:00+00:00,2.5039,2.5039,2.4959,2.5018,1802492.3
2025-10-29 00:15:00+00:00,2.5018,2.5063,2.4984,2.5039,877554.2
2025-10-29 00:30:00+00:00,2.5039,2.5069,2.498,2.4986,865798.5
2025-10-29 00:45:00+00:00,2.4986,2.5003,2.494,2.4961,911035.9
2025-10-29 01:00:00+00:00,2.496,2.5,2.4909,2.4973,1049416.4
2025-10-29 01:15:00+00:00,2.4972,2.5028,2.4926,2.4938,936272.9
2025-10-29 01:30:00+00:00,2.4937,2.5139,2.4937,2.5026,1918701.1
2025-10-29 01:45:00+00:00,2.5026,2.5056,2.4926,2.5046,1549539.0
2025-10-29 02:00:00+00:00,2.5046,2.5055,2.4989,2.5039,1155339.8
2025-10-29 02:15:00+00:00,2.5038,2.5082,2.5006,2.5066,1007725.2
2025-10-29 02:30:00+00:00,2.5066,2.5094,2.5021,2.507,744518.3
2025-10-29 02:45:00+00:00,2.507,2.5104,2.5037,2.5043,664671.9
2025-10-29 03:00:00+00:00,2.5043,2.5048,2.4887,2.4957,3138466.6
2025-10-29 03:15:00+00:00,2.4957,2.5006,2.4911,2.494,1467525.5
2025-10-29 03:30:00+00:00,2.4941,2.4995,2.493,2.4986,921768.4
2025-10-29 03:45:00+00:00,2.4986,2.5012,2.4953,2.4971,651891.0
2025-10-29 04:00:00+00:00,2.4971,2.5019,2.4945,2.5005,682837.0
2025-10-29 04:15:00+00:00,2.5005,2.502,2.4952,2.4991,808848.4
2025-10-29 04:30:00+00:00,2.4992,2.5054,2.4932,2.4956,1099803.8
2025-10-29 04:45:00+00:00,2.4957,2.499,2.4949,2.4949,703172.8
2025-10-29 05:00:00+00:00,2.4949,2.499,2.4902,2.4928,964188.4
2025-10-29 05:15:00+00:00,2.4929,2.5043,2.4929,2.5016,1146762.4
2025-10-29 05:30:00+00:00,2.5016,2.5104,2.4965,2.5004,1226470.3
2025-10-29 05:45:00+00:00,2.5003,2.5022,2.4936,2.4946,2498623.9
2025-10-29 06:00:00+00:00,2.4946,2.502,2.4932,2.4975,1518509.0
2025-10-29 06:15:00+00:00,2.4975,2.5009,2.4932,2.4946,1242212.4
2025-10-29 06:30:00+00:00,2.4947,2.496,2.4903,2.4938,1659362.6
2025-10-29 06:45:00+00:00,2.4938,2.5046,2.4938,2.4994,947014.2
2025-10-29 07:00:00+00:00,2.4995,2.4995,2.4955,2.498,601916.0
2025-10-29 07:15:00+00:00,2.4981,2.5048,2.4961,2.5021,1665417.4
2025-10-29 07:30:00+00:00,2.5021,2.5024,2.4925,2.4938,1332192.4
2025-10-29 07:45:00+00:00,2.4939,2.5076,2.4908,2.5023,1233167.9
2025-10-29 08:00:00+00:00,2.5024,2.504,2.4896,2.4905,2126307.1
2025-10-29 08:15:00+00:00,2.4905,2.4946,2.4901,2.4923,1749634.6
2025-10-29 08:30:00+00:00,2.4923,2.4944,2.4809,2.4818,1369723.2
2025-10-29 08:45:00+00:00,2.4819,2.4855,2.478,2.4824,1865000.8
2025-10-29 09:00:00+00:00,2.4823,2.483,2.4774,2.4801,1466760.1
2025-10-29 09:15:00+00:00,2.4801,2.4897,2.4801,2.4843,930433.5
2025-10-29 09:30:00+00:00,2.4844,2.4912,2.4806,2.49,875549.3
2025-10-29 09:45:00+00:00,2.49,2.4972,2.4885,2.4905,995023.1
2025-10-29 10:00:00+00:00,2.4905,2.5,2.4883,2.4993,936291.2
2025-10-29 10:15:00+00:00,2.4993,2.5121,2.4954,2.5108,3340461.1
2025-10-29 10:30:00+00:00,2.5108,2.5252,2.5099,2.5169,3971708.5
2025-10-29 10:45:00+00:00,2.517,2.5197,2.5065,2.5102,1621129.0
2025-10-29 11:00:00+00:00,2.5103,2.5254,2.5075,2.5229,1430048.0
2025-10-29 11:15:00+00:00,2.523,2.5387,2.5205,2.5314,2591446.2
2025-10-29 11:30:00+00:00,2.5314,2.5348,2.5275,2.5302,1250206.0
2025-10-29 11:45:00+00:00,2.5303,2.5365,2.53,2.5331,1342098.8
2025-10-29 12:00:00+00:00,2.5331,2.5423,2.5321,2.5367,1702823.7
2025-10-29 12:15:00+00:00,2.5367,2.543,2.5328,2.5329,973093.2
2025-10-29 12:30:00+00:00,2.5329,2.5446,2.5328,2.5431,748387.1
2025-10-29 12:45:00+00:00,2.5431,2.5514,2.5411,2.5435,915591.2
2025-10-29 13:00:00+00:00,2.5435,2.5534,2.5422,2.551,978199.3
2025-10-29 13:15:00+00:00,2.551,2.5568,2.5436,2.5463,1827685.6
2025-10-29 13:30:00+00:00,2.5463,2.5541,2.528,2.5375,3070087.6
2025-10-29 13:45:00+00:00,2.5375,2.5401,2.5252,2.5308,2635838.2
2025-10-29 14:00:00+00:00,2.5307,2.5335,2.5164,2.5267,2670970.9
2025-10-29 14:15:00+00:00,2.5267,2.5282,2.5054,2.5115,2981696.6
2025-10-29 14:30:00+00:00,2.5115,2.5244,2.5074,2.5197,2574424.9
2025-10-29 14:45:00+00:00,2.5198,2.5277,2.5124,2.5185,1438604.2
2025-10-29 15:00:00+00:00,2.5186,2.5296,2.5133,2.5134,2089879.4
2025-10-29 15:15:00+00:00,2.5134,2.5248,2.5077,2.5124,3174275.1
2025-10-29 15:30:00+00:00,2.5125,2.5168,2.4925,2.4979,3809443.9
2025-10-29 15:45:00+00:00,2.4979,2.5018,2.482,2.4931,3421382.2
2025-10-29 16:00:00+00:00,2.4932,2.495,2.4817,2.4894,3273853.0
2025-10-29 16:15:00+00:00,2.4894,2.5104,2.4851,2.5062,2169941.6
2025-10-29 16:30:00+00:00,2.5063,2.5087,2.498,2.5037,1244963.4
2025-10-29 16:45:00+00:00,2.5037,2.5072,2.4968,2.5009,1142434.2
2025-10-29 17:00:00+00:00,2.5008,2.5165,2.4992,2.5107,1215431.9
2025-10-29 17:15:00+00:00,2.5108,2.5119,2.5017,2.5086,844310.4
2025-10-29 17:30:00+00:00,2.5086,2.5518,2.5062,2.5487,3576841.8
2025-10-29 17:45:00+00:00,2.5488,2.5698,2.542,2.5695,2860311.7
2025-10-29 18:00:00+00:00,2.5694,2.5741,2.535,2.5355,7856100.0
2025-10-29 18:15:00+00:00,2.5356,2.5583,2.5346,2.5525,2232738.4
2025-10-29 18:30:00+00:00,2.5525,2.58,2.3952,2.4712,33417526.6
2025-10-29 18:45:00+00:00,2.4712,2.5423,2.4675,2.529,11892441.6
2025-10-29 19:00:00+00:00,2.529,2.5623,2.5198,2.5605,6170026.9
2025-10-29 19:15:00+00:00,2.5605,2.5683,2.5457,2.5615,4708978.5
2025-10-29 19:30:00+00:00,2.5614,2.5614,2.5139,2.5225,5394594.3
2025-10-29 19:45:00+00:00,2.5224,2.5556,2.5219,2.5482,3400976.1
2025-10-29 20:00:00+00:00,2.5483,2.5631,2.5279,2.5424,4390963.1
2025-10-29 20:15:00+00:00,2.5423,2.5895,2.5372,2.5878,2902271.0
2025-10-29 20:30:00+00:00,2.5878,2.5916,2.5712,2.5785,2295193.4
2025-10-29 20:45:00+00:00,2.5784,2.5871,2.5707,2.5843,1601155.9
2025-10-29 21:00:00+00:00,2.5843,2.585,2.5694,2.5707,1368239.8
2025-10-29 21:15:00+00:00,2.5706,2.5815,2.5659,2.5675,1473591.3
2025-10-29 21:30:00+00:00,2.5675,2.5876,2.5675,2.5714,928803.1
2025-10-29 21:45:00+00:00,2.5714,2.5784,2.5675,2.5711,672362.9
2025-10-29 22:00:00+00:00,2.5711,2.5719,2.5586,2.5675,1466882.2
2025-10-29 22:15:00+00:00,2.5675,2.5693,2.5577,2.5588,890540.0
2025-10-29 22:30:00+00:00,2.5588,2.5588,2.5484,2.5533,1739249.1
2025-10-29 22:45:00+00:00,2.5534,2.56,2.55,2.5532,797225.3
2025-10-29 23:00:00+00:00,2.5531,2.5541,2.5344,2.5347,2433632.7
2025-10-29 23:15:00+00:00,2.5346,2.5401,2.5206,2.5232,2232633.4
2025-10-29 23:30:00+00:00,2.5233,2.5236,2.4932,2.5018,3481156.3
2025-10-29 23:45:00+00:00,2.5019,2.5145,2.5012,2.5106,2117007.4
2025-10-30 00:00:00+00:00,2.5105,2.5117,2.4821,2.501,2932334.9
2025-10-30 00:15:00+00:00,2.5009,2.5128,2.5003,2.5088,1767326.5
2025-10-30 00:30:00+00:00,2.5088,2.516,2.4947,2.5058,1891908.0
2025-10-30 00:45:00+00:00,2.5059,2.5173,2.4989,2.5136,1241142.9
2025-10-30 01:00:00+00:00,2.5136,2.5137,2.4934,2.5029,1508717.4
2025-10-30 01:15:00+00:00,2.503,2.5082,2.4946,2.4955,1250069.0
2025-10-30 01:30:00+00:00,2.4956,2.5063,2.4947,2.5023,1182196.5
2025-10-30 01:45:00+00:00,2.5024,2.5092,2.4974,2.4994,1430748.6
2025-10-30 02:00:00+00:00,2.4994,2.5046,2.4944,2.5033,1369077.9
2025-10-30 02:15:00+00:00,2.5034,2.5267,2.5034,2.5257,1542493.5
2025-10-30 02:30:00+00:00,2.5256,2.5317,2.5251,2.5285,1051400.4
2025-10-30 02:45:00+00:00,2.5284,2.5391,2.5236,2.5389,1083801.2
2025-10-30 03:00:00+00:00,2.5389,2.5396,2.5201,2.5311,1538460.4
2025-10-30 03:15:00+00:00,2.531,2.5357,2.5235,2.5291,1066019.1
2025-10-30 03:30:00+00:00,2.529,2.5303,2.5154,2.5171,960892.8
2025-10-30 03:45:00+00:00,2.5172,2.5175,2.5044,2.5147,983890.8
2025-10-30 04:00:00+00:00,2.5147,2.5151,2.4623,2.4657,3501966.6
2025-10-30 04:15:00+00:00,2.4657,2.4685,2.4028,2.4261,10813296.9
2025-10-30 04:30:00+00:00,2.4263,2.4652,2.4028,2.4416,9859952.4
2025-10-30 04:45:00+00:00,2.4416,2.4577,2.4286,2.4313,3634517.5
2025-10-30 05:00:00+00:00,2.4314,2.4423,2.4261,2.4417,2558285.8
2025-10-30 05:15:00+00:00,2.4417,2.4418,2.4232,2.4347,2055721.7
2025-10-30 05:30:00+00:00,2.4347,2.4795,2.4324,2.4765,2971365.6
2025-10-30 05:45:00+00:00,2.4765,2.497,2.4747,2.4891,2594476.1
2025-10-30 06:00:00+00:00,2.4891,2.4919,2.479,2.4853,2089017.9
2025-10-30 06:15:00+00:00,2.4853,2.4862,2.4726,2.4768,1753611.9
2025-10-30 06:30:00+00:00,2.4767,2.4958,2.4701,2.4935,1931179.5
2025-10-30 06:45:00+00:00,2.4935,2.4979,2.4844,2.4848,1176459.3
2025-10-30 07:00:00+00:00,2.4847,2.5091,2.4767,2.5045,1927739.5
2025-10-30 07:15:00+00:00,2.5044,2.5178,2.5013,2.5119,2463805.1
2025-10-30 07:30:00+00:00,2.5119,2.5199,2.5105,2.5196,1206352.7
2025-10-30 07:45:00+00:00,2.5195,2.5222,2.5071,2.51,2086344.8
2025-10-30 08:00:00+00:00,2.51,2.5115,2.4904,2.4925,4745950.7
2025-10-30 08:15:00+00:00,2.4925,2.4957,2.487,2.4906,1402824.0
2025-10-30 08:30:00+00:00,2.4906,2.5039,2.4879,2.5013,1455944.8
2025-10-30 08:45:00+00:00,2.5012,2.5023,2.4899,2.4919,910551.2
2025-10-30 09:00:00+00:00,2.4918,2.4953,2.4766,2.4771,1503593.7
2025-10-30 09:15:00+00:00,2.4772,2.4798,2.4625,2.4707,2169679.4
2025-10-30 09:30:00+00:00,2.4708,2.4771,2.4581,2.4611,1350084.7
2025-10-30 09:45:00+00:00,2.4611,2.4635,2.452,2.4526,2040092.0
2025-10-30 10:00:00+00:00,2.4525,2.4567,2.4422,2.4449,2170262.8
2025-10-30 10:15:00+00:00,2.4449,2.4541,2.4419,2.4471,1727558.5
2025-10-30 10:30:00+00:00,2.4471,2.4554,2.4345,2.435,1521210.8
2025-10-30 10:45:00+00:00,2.4351,2.4481,2.4326,2.4355,1476520.8
2025-10-30 11:00:00+00:00,2.4355,2.447,2.4281,2.437,3410538.0
2025-10-30 11:15:00+00:00,2.437,2.4456,2.43,2.4416,1516239.8
2025-10-30 11:30:00+00:00,2.4416,2.446,2.4334,2.4374,1338220.3
2025-10-30 11:45:00+00:00,2.4374,2.4438,2.4282,2.4302,1412054.6
2025-10-30 12:00:00+00:00,2.4302,2.4335,2.4134,2.4184,3426505.9
2025-10-30 12:15:00+00:00,2.4184,2.4184,2.3909,2.3995,4636828.1
2025-10-30 12:30:00+00:00,2.3996,2.4124,2.363,2.3636,8802427.7
2025-10-30 12:45:00+00:00,2.363,2.3821,2.363,2.3807,4686909.8
2025-10-30 13:00:00+00:00,2.3808,2.3914,2.3711,2.3788,2327012.7
2025-10-30 13:15:00+00:00,2.3788,2.3823,2.3607,2.37,3080269.6
2025-10-30 13:30:00+00:00,2.3701,2.3746,2.327,2.3481,10133053.3
2025-10-30 13:45:00+00:00,2.348,2.3659,2.339,2.3399,4324234.6
2025-10-30 14:00:00+00:00,2.34,2.3524,2.3159,2.3269,7200872.3
2025-10-30 14:15:00+00:00,2.3269,2.3363,2.3122,2.3218,4316467.8
2025-10-30 14:30:00+00:00,2.3218,2.3339,2.3154,2.3303,3181600.4
2025-10-30 14:45:00+00:00,2.3303,2.3313,2.3141,2.3203,3627612.3
2025-10-30 15:00:00+00:00,2.3203,2.3257,2.2978,2.3041,4908794.4
2025-10-30 15:15:00+00:00,2.3042,2.307,2.2808,2.3053,7555917.5
2025-10-30 15:30:00+00:00,2.3054,2.3062,2.2854,2.2956,3117152.5
2025-10-30 15:45:00+00:00,2.2956,2.2956,2.2798,2.2859,2728433.7
2025-10-30 16:00:00+00:00,2.2859,2.2989,2.2645,2.2958,6355175.3
2025-10-30 16:15:00+00:00,2.2957,2.3014,2.2854,2.3007,4032003.9
2025-10-30 16:30:00+00:00,2.3008,2.3014,2.28,2.2824,1850351.5
2025-10-30 16:45:00+00:00,2.2825,2.2968,2.282,2.2965,1634369.9
2025-10-30 17:00:00+00:00,2.2965,2.2968,2.2687,2.2768,3076991.3
2025-10-30 17:15:00+00:00,2.2768,2.2795,2.255,2.2575,5940580.6
2025-10-30 17:30:00+00:00,2.2575,2.2576,2.2343,2.2485,8026981.1
2025-10-30 17:45:00+00:00,2.2486,2.2782,2.2485,2.2686,4084145.0
2025-10-30 18:00:00+00:00,2.2686,2.2696,2.2568,2.2572,2588331.7
2025-10-30 18:15:00+00:00,2.2571,2.2625,2.2451,2.2506,1538558.4
2025-10-30 18:30:00+00:00,2.2506,2.2583,2.2312,2.2328,2520532.8
2025-10-30 18:45:00+00:00,2.2327,2.2462,2.23,2.2342,2174719.1
2025-10-30 19:00:00+00:00,2.2342,2.239,2.218,2.228,3954340.4
2025-10-30 19:15:00+00:00,2.228,2.2342,2.2189,2.2284,1931771.2
2025-10-30 19:30:00+00:00,2.2285,2.2365,2.2076,2.2188,4541468.3
2025-10-30 19:45:00+00:00,2.2188,2.234,2.2073,2.2136,3276933.4
2025-10-30 20:00:00+00:00,2.2136,2.2392,2.2063,2.2305,4935585.6
2025-10-30 20:15:00+00:00,2.2304,2.2372,2.2237,2.2283,2929283.5
2025-10-30 20:30:00+00:00,2.2284,2.241,2.2132,2.2329,4414087.8
2025-10-30 20:45:00+00:00,2.2329,2.2579,2.2281,2.2563,4358863.2
2025-10-30 21:00:00+00:00,2.2564,2.2581,2.2462,2.2533,2503301.7
2025-10-30 21:15:00+00:00,2.2532,2.2573,2.2412,2.2498,2391166.2
2025-10-30 21:30:00+00:00,2.2499,2.2546,2.2424,2.2514,1498777.8
2025-10-30 21:45:00+00:00,2.2514,2.2713,2.2505,2.2691,2332249.4
2025-10-30 22:00:00+00:00,2.2692,2.2745,2.2648,2.2719,2216759.9
2025-10-30 22:15:00+00:00,2.2719,2.2758,2.268,2.2706,1302767.8
2025-10-30 22:30:00+00:00,2.2707,2.2759,2.267,2.2738,1907943.1
2025-10-30 22:45:00+00:00,2.2738,2.2772,2.27,2.2771,1280596.0
2025-10-30 23:00:00+00:00,2.2772,2.2797,2.2655,2.2693,1921980.3
2025-10-30 23:15:00+00:00,2.2694,2.2783,2.2653,2.2781,2097854.2
2025-10-30 23:30:00+00:00,2.2781,2.29,2.2745,2.2758,3580186.5
2025-10-30 23:45:00+00:00,2.2759,2.2929,2.2745,2.2894,1950904.9
2025-10-31 00:00:00+00:00,2.2895,2.303,2.2847,2.3021,2994025.9
2025-10-31 00:15:00+00:00,2.3021,2.3026,2.2946,2.3001,1815576.6
2025-10-31 00:30:00+00:00,2.3001,2.3116,2.2982,2.3114,2125167.3
2025-10-31 00:45:00+00:00,2.3114,2.3298,2.3092,2.3241,4166196.6
2025-10-31 01:00:00+00:00,2.3241,2.3448,2.3185,2.3357,3656958.5
2025-10-31 01:15:00+00:00,2.3358,2.34,2.3291,2.3347,2511711.2
2025-10-31 01:30:00+00:00,2.3348,2.3373,2.3226,2.3245,2435207.9
2025-10-31 01:45:00+00:00,2.3246,2.3311,2.3231,2.3292,1944285.2
2025-10-31 02:00:00+00:00,2.3292,2.3315,2.3054,2.3076,3030579.6
2025-10-31 02:15:00+00:00,2.3077,2.3263,2.3077,2.3224,2433603.0
2025-10-31 02:30:00+00:00,2.3225,2.3245,2.3031,2.3055,1773280.3
2025-10-31 02:45:00+00:00,2.3056,2.3106,2.2978,2.3093,1942085.0
2025-10-31 03:00:00+00:00,2.3094,2.3238,2.3046,2.3179,1890897.1
2025-10-31 03:15:00+00:00,2.3179,2.3261,2.3163,2.3224,1109246.7
2025-10-31 03:30:00+00:00,2.3224,2.3295,2.316,2.3201,1767927.4
2025-10-31 03:45:00+00:00,2.3202,2.3336,2.3202,2.3297,1584194.7
2025-10-31 04:00:00+00:00,2.3297,2.3461,2.3268,2.341,2437480.2
2025-10-31 04:15:00+00:00,2.341,2.3521,2.3369,2.3461,3096888.1
2025-10-31 04:30:00+00:00,2.3462,2.3564,2.3429,2.351,2131352.9
2025-10-31 04:45:00+00:00,2.351,2.3536,2.347,2.3514,1145286.6
2025-10-31 05:00:00+00:00,2.3513,2.3513,2.34,2.342,1657891.2
2025-10-31 05:15:00+00:00,2.3421,2.3438,2.3354,2.3399,974013.1
2025-10-31 05:30:00+00:00,2.3399,2.3429,2.3294,2.334,1262969.5
2025-10-31 05:45:00+00:00,2.334,2.341,2.334,2.3389,1365178.5
2025-10-31 06:00:00+00:00,2.339,2.3459,2.3354,2.3388,1830629.7
2025-10-31 06:15:00+00:00,2.3387,2.3491,2.3369,2.3474,1547184.6
2025-10-31 06:30:00+00:00,2.3474,2.3493,2.3429,2.3441,1611505.3
2025-10-31 06:45:00+00:00,2.3441,2.3509,2.3426,2.3498,1677060.8
2025-10-31 07:00:00+00:00,2.3498,2.3577,2.345,2.3572,1978349.0
2025-10-31 07:15:00+00:00,2.3573,2.3573,2.347,2.3501,1237163.6
2025-10-31 07:30:00+00:00,2.3501,2.3539,2.3473,2.3478,1461179.7
2025-10-31 07:45:00+00:00,2.3479,2.3486,2.333,2.3372,1888061.6
2025-10-31 08:00:00+00:00,2.3372,2.3429,2.3224,2.3234,2001338.3
2025-10-31 08:15:00+00:00,2.3234,2.3417,2.3234,2.3391,1394104.1
2025-10-31 08:30:00+00:00,2.339,2.3418,2.3301,2.3356,1243564.6
2025-10-31 08:45:00+00:00,2.3356,2.3465,2.3356,2.3455,1284481.5
2025-10-31 09:00:00+00:00,2.3455,2.3534,2.344,2.3482,1739048.7
2025-10-31 09:15:00+00:00,2.3481,2.3543,2.3418,2.3422,891036.7
2025-10-31 09:30:00+00:00,2.3422,2.3485,2.3411,2.3481,621946.5
2025-10-31 09:45:00+00:00,2.348,2.3533,2.3447,2.3485,1044903.2
2025-10-31 10:00:00+00:00,2.3485,2.3526,2.3465,2.3496,856482.5
2025-10-31 10:15:00+00:00,2.3496,2.3714,2.3496,2.3652,3581011.2
2025-10-31 10:30:00+00:00,2.3652,2.3748,2.3489,2.3579,4981047.1
2025-10-31 10:45:00+00:00,2.3578,2.3605,2.3465,2.3505,1660282.5
2025-10-31 11:00:00+00:00,2.3505,2.3559,2.3459,2.3463,1655472.0
2025-10-31 11:15:00+00:00,2.3463,2.3487,2.3415,2.3444,1086102.1
2025-10-31 11:30:00+00:00,2.3444,2.3532,2.3422,2.3511,798884.1
2025-10-31 11:45:00+00:00,2.3511,2.3758,2.3509,2.3723,3308301.7
2025-10-31 12:00:00+00:00,2.3723,2.3824,2.3627,2.3648,2707879.6
2025-10-31 12:15:00+00:00,2.3648,2.3857,2.3638,2.3813,2435872.0
2025-10-31 12:30:00+00:00,2.3813,2.3905,2.3623,2.3689,2970350.2
2025-10-31 12:45:00+00:00,2.369,2.3704,2.3551,2.3567,2307908.4
2025-10-31 13:00:00+00:00,2.3567,2.3678,2.3566,2.3658,1317978.7
2025-10-31 13:15:00+00:00,2.3658,2.3751,2.3585,2.362,1953686.4
2025-10-31 13:30:00+00:00,2.362,2.362,2.3455,2.3524,2662684.8
2025-10-31 13:45:00+00:00,2.3523,2.3843,2.3505,2.3842,2748044.5
2025-10-31 14:00:00+00:00,2.3843,2.3902,2.3664,2.368,3171535.8
2025-10-31 14:15:00+00:00,2.368,2.3775,2.3602,2.3754,2073757.9
2025-10-31 14:30:00+00:00,2.3753,2.3857,2.37,2.3775,2944318.8
2025-10-31 14:45:00+00:00,2.3775,2.3988,2.375,2.3905,3145881.1
2025-10-31 15:00:00+00:00,2.3904,2.3994,2.3768,2.3925,3667792.3
2025-10-31 15:15:00+00:00,2.3925,2.3974,2.3786,2.3818,2090087.7
2025-10-31 15:30:00+00:00,2.3818,2.3872,2.3673,2.377,2487403.8
2025-10-31 15:45:00+00:00,2.3771,2.3843,2.366,2.3702,2552000.1
2025-10-31 16:00:00+00:00,2.3703,2.3747,2.3556,2.3595,1982081.1
2025-10-31 16:15:00+00:00,2.3595,2.3595,2.3454,2.3542,3048018.3
2025-10-31 16:30:00+00:00,2.3542,2.359,2.3362,2.3387,2085366.2
2025-10-31 16:45:00+00:00,2.3386,2.3393,2.3064,2.3107,8017024.5
2025-10-31 17:00:00+00:00,2.3107,2.3244,2.3031,2.3201,4040068.4
2025-10-31 17:15:00+00:00,2.3201,2.3229,2.2977,2.3132,3725378.5
2025-10-31 17:30:00+00:00,2.3132,2.3277,2.3114,2.3266,2681019.9
2025-10-31 17:45:00+00:00,2.3267,2.332,2.3191,2.3228,1700757.3
2025-10-31 18:00:00+00:00,2.3229,2.3391,2.3229,2.3308,1680868.8
2025-10-31 18:15:00+00:00,2.3308,2.3325,2.3232,2.3277,1144775.3
2025-10-31 18:30:00+00:00,2.3278,2.3521,2.314,2.3466,4401991.8
2025-10-31 18:45:00+00:00,2.3467,2.3471,2.3325,2.3403,1952004.5
2025-10-31 19:00:00+00:00,2.3403,2.3403,2.3252,2.3365,1300256.2
2025-10-31 19:15:00+00:00,2.3365,2.3613,2.3349,2.3573,2296515.2
2025-10-31 19:30:00+00:00,2.3572,2.3864,2.3568,2.3853,3000654.0
2025-10-31 19:45:00+00:00,2.3854,2.3957,2.3821,2.3883,4384519.5
2025-10-31 20:00:00+00:00,2.3882,2.3882,2.3791,2.3834,2069096.8
2025-10-31 20:15:00+00:00,2.3835,2.3879,2.3747,2.377,1127809.5
2025-10-31 20:30:00+00:00,2.3771,2.3795,2.3634,2.365,1311413.1
2025-10-31 20:45:00+00:00,2.3651,2.3751,2.358,2.3603,1573839.9
2025-10-31 21:00:00+00:00,2.3602,2.3638,2.3503,2.3519,1860290.2
2025-10-31 21:15:00+00:00,2.3519,2.3609,2.3516,2.3581,1619452.5
2025-10-31 21:30:00+00:00,2.3581,2.3632,2.3509,2.3519,990335.8
2025-10-31 21:45:00+00:00,2.352,2.3597,2.3519,2.358,307355.8
2025-10-31 22:00:00+00:00,2.3581,2.3687,2.3547,2.3673,1122822.2
2025-10-31 22:15:00+00:00,2.3672,2.3715,2.362,2.3654,1486723.4
2025-10-31 22:30:00+00:00,2.3654,2.3704,2.3615,2.3618,735423.4
2025-10-31 22:45:00+00:00,2.3618,2.3676,2.3607,2.3655,596462.6
2025-10-31 23:00:00+00:00,2.3655,2.3689,2.3639,2.3639,538618.6
2025-10-31 23:15:00+00:00,2.3639,2.3696,2.3628,2.3664,480947.9
2025-10-31 23:30:00+00:00,2.3664,2.3716,2.3641,2.3711,586357.7
2025-10-31 23:45:00+00:00,2.3712,2.3718,2.3612,2.3626,618997.0
2025-11-01 00:00:00+00:00,2.3626,2.3637,2.3501,2.3526,1943142.4
2025-11-01 00:15:00+00:00,2.3526,2.3551,2.3459,2.3507,1002819.1
2025-11-01 00:30:00+00:00,2.3507,2.3507,2.3424,2.348,1344277.1
2025-11-01 00:45:00+00:00,2.3479,2.3591,2.3475,2.355,1078655.3
2025-11-01 01:00:00+00:00,2.355,2.3605,2.3523,2.355,903436.0
2025-11-01 01:15:00+00:00,2.355,2.3592,2.3494,2.3571,747273.4
2025-11-01 01:30:00+00:00,2.3571,2.3631,2.3489,2.3527,1008271.6
2025-11-01 01:45:00+00:00,2.3526,2.3526,2.3391,2.3398,719241.8
2025-11-01 02:00:00+00:00,2.3398,2.3423,2.3307,2.3344,1577403.1
2025-11-01 02:15:00+00:00,2.3343,2.3459,2.3341,2.3443,1062401.7
2025-11-01 02:30:00+00:00,2.3444,2.3508,2.3373,2.3508,797525.2
2025-11-01 02:45:00+00:00,2.3508,2.3598,2.3501,2.3591,826171.1
2025-11-01 03:00:00+00:00,2.3591,2.3714,2.3577,2.364,1128738.8
2025-11-01 03:15:00+00:00,2.364,2.3745,2.364,2.3726,1439951.0
2025-11-01 03:30:00+00:00,2.3726,2.3834,2.3714,2.3822,939013.2
2025-11-01 03:45:00+00:00,2.3822,2.3832,2.3743,2.3784,823800.2
2025-11-01 04:00:00+00:00,2.3784,2.3851,2.3703,2.3707,1130584.0
2025-11-01 04:15:00+00:00,2.3708,2.3736,2.3635,2.3712,897235.0
2025-11-01 04:30:00+00:00,2.3711,2.3719,2.3626,2.366,737482.2
2025-11-01 04:45:00+00:00,2.3659,2.3682,2.3635,2.3661,385977.3
2025-11-01 05:00:00+00:00,2.3661,2.3678,2.3591,2.3624,727264.8
2025-11-01 05:15:00+00:00,2.3624,2.3626,2.3572,2.3597,640910.3
2025-11-01 05:30:00+00:00,2.3598,2.3665,2.3567,2.362,605647.6
2025-11-01 05:45:00+00:00,2.362,2.3639,2.3533,2.3561,1061081.1
2025-11-01 06:00:00+00:00,2.356,2.362,2.3556,2.357,695262.5
2025-11-01 06:15:00+00:00,2.357,2.3587,2.3539,2.3586,660219.7
2025-11-01 06:30:00+00:00,2.3586,2.3654,2.3482,2.3502,1078486.4
2025-11-01 06:45:00+00:00,2.3501,2.3608,2.3474,2.3591,1133793.7
2025-11-01 07:00:00+00:00,2.3592,2.3684,2.3555,2.3653,1653937.1
2025-11-01 07:15:00+00:00,2.3654,2.3887,2.3653,2.3838,2533605.5
2025-11-01 07:30:00+00:00,2.3838,2.386,2.3674,2.3694,1661463.0
2025-11-01 07:45:00+00:00,2.3694,2.3835,2.3622,2.3795,1055035.7
2025-11-01 08:00:00+00:00,2.3794,2.3847,2.3746,2.3758,1420784.5
2025-11-01 08:15:00+00:00,2.3758,2.3876,2.3752,2.3858,1093514.4
2025-11-01 08:30:00+00:00,2.3858,2.3885,2.3761,2.379,2217815.4
2025-11-01 08:45:00+00:00,2.379,2.3936,2.3787,2.3927,2032241.6
2025-11-01 09:00:00+00:00,2.3926,2.3956,2.3834,2.3898,1630389.9
2025-11-01 09:15:00+00:00,2.3897,2.3904,2.3822,2.3837,1054144.2
2025-11-01 09:30:00+00:00,2.3837,2.3837,2.3707,2.3714,1285614.4
2025-11-01 09:45:00+00:00,2.3714,2.3793,2.3714,2.3734,621947.3
2025-11-01 10:00:00+00:00,2.3734,2.3807,2.3717,2.3755,731308.4
2025-11-01 10:15:00+00:00,2.3755,2.3828,2.3737,2.3756,607034.6
2025-11-01 10:30:00+00:00,2.3756,2.3842,2.3751,2.3837,818289.8
2025-11-01 10:45:00+00:00,2.3837,2.3858,2.3757,2.377,680660.4
2025-11-01 11:00:00+00:00,2.377,2.3841,2.377,2.3793,874268.6
2025-11-01 11:15:00+00:00,2.3792,2.3828,2.377,2.3794,725326.9
2025-11-01 11:30:00+00:00,2.3794,2.3823,2.373,2.3811,734592.4
2025-11-01 11:45:00+00:00,2.381,2.3838,2.3743,2.3799,480950.3
2025-11-01 12:00:00+00:00,2.38,2.3876,2.3798,2.3801,686677.8
2025-11-01 12:15:00+00:00,2.38,2.3828,2.3765,2.381,649477.0
2025-11-01 12:30:00+00:00,2.381,2.3854,2.3809,2.3825,446381.0
2025-11-01 12:45:00+00:00,2.3826,2.3826,2.374,2.3749,726134.0
2025-11-01 13:00:00+00:00,2.375,2.3807,2.3731,2.378,840146.8
2025-11-01 13:15:00+00:00,2.378,2.3796,2.3716,2.3771,631501.5
2025-11-01 13:30:00+00:00,2.377,2.3843,2.3571,2.3653,3252812.8
2025-11-01 13:45:00+00:00,2.3653,2.3749,2.3621,2.3708,2786619.1
2025-11-01 14:00:00+00:00,2.3708,2.3758,2.3439,2.3456,2639870.3
2025-11-01 14:15:00+00:00,2.3456,2.3594,2.3415,2.3571,4055065.8
2025-11-01 14:30:00+00:00,2.357,2.3614,2.3511,2.3571,1982750.2
2025-11-01 14:45:00+00:00,2.3572,2.3624,2.3476,2.3557,1031874.7
2025-11-01 15:00:00+00:00,2.3558,2.3809,2.354,2.371,3718501.2
2025-11-01 15:15:00+00:00,2.3711,2.376,2.3523,2.3666,4155887.1
2025-11-01 15:30:00+00:00,2.3666,2.3729,2.3561,2.3621,2156865.7
2025-11-01 15:45:00+00:00,2.3621,2.3755,2.3582,2.3745,1196785.9
2025-11-01 16:00:00+00:00,2.3746,2.3833,2.3693,2.3698,1664475.5
2025-11-01 16:15:00+00:00,2.3699,2.3814,2.3692,2.3765,847399.1
2025-11-01 16:30:00+00:00,2.3764,2.3929,2.3763,2.3918,2258368.8
2025-11-01 16:45:00+00:00,2.3918,2.3947,2.3818,2.3838,1691614.9
2025-11-01 17:00:00+00:00,2.3837,2.3872,2.3727,2.3765,1791261.8
2025-11-01 17:15:00+00:00,2.3766,2.3788,2.3717,2.3749,719235.5
2025-11-01 17:30:00+00:00,2.3749,2.3808,2.3731,2.3762,952130.1
2025-11-01 17:45:00+00:00,2.3761,2.3826,2.3743,2.3773,728218.8
2025-11-01 18:00:00+00:00,2.3773,2.3849,2.3752,2.3786,765082.5
2025-11-01 18:15:00+00:00,2.3785,2.3824,2.3729,2.376,706493.1
2025-11-01 18:30:00+00:00,2.3759,2.3793,2.3742,2.3789,621886.2
2025-11-01 18:45:00+00:00,2.3788,2.3863,2.3781,2.385,659251.1
2025-11-01 19:00:00+00:00,2.3849,2.3849,2.3745,2.378,706691.1
2025-11-01 19:15:00+00:00,2.3781,2.3807,2.3744,2.3779,268807.8
2025-11-01 19:30:00+00:00,2.3778,2.3805,2.3753,2.3787,452479.2
2025-11-01 19:45:00+00:00,2.3786,2.3848,2.3775,2.3846,387029.7
2025-11-01 20:00:00+00:00,2.3847,2.3885,2.3827,2.3854,543757.8
2025-11-01 20:15:00+00:00,2.3854,2.397,2.3836,2.3968,917892.2
2025-11-01 20:30:00+00:00,2.3968,2.4025,2.3947,2.3983,1709940.0
2025-11-01 20:45:00+00:00,2.3983,2.3996,2.3875,2.3893,957971.8
2025-11-01 21:00:00+00:00,2.3893,2.3917,2.3811,2.3816,750681.9
2025-11-01 21:15:00+00:00,2.3816,2.3863,2.379,2.3813,667288.9
2025-11-01 21:30:00+00:00,2.3813,2.386,2.3773,2.3784,657108.7
2025-11-01 21:45:00+00:00,2.3783,2.3783,2.3619,2.3625,1074589.1
2025-11-01 22:00:00+00:00,2.3625,2.3686,2.3614,2.3618,1080724.5
2025-11-01 22:15:00+00:00,2.3619,2.3669,2.3601,2.3655,497876.6
2025-11-01 22:30:00+00:00,2.3655,2.3721,2.3641,2.3718,512210.2
2025-11-01 22:45:00+00:00,2.3718,2.376,2.3699,2.3739,788184.3
2025-11-01 23:00:00+00:00,2.3738,2.3759,2.3693,2.3719,743781.7
2025-11-01 23:15:00+00:00,2.372,2.3781,2.3698,2.3762,500361.8
2025-11-01 23:30:00+00:00,2.3763,2.3793,2.3722,2.3769,677006.9
2025-11-01 23:45:00+00:00,2.3768,2.3809,2.3761,2.3782,369925.3
2025-11-02 00:00:00+00:00,2.3783,2.3787,2.3683,2.3703,857873.1
2025-11-02 00:15:00+00:00,2.3702,2.3702,2.36,2.362,1337217.8
2025-11-02 00:30:00+00:00,2.362,2.3676,2.3614,2.3674,667364.1
2025-11-02 00:45:00+00:00,2.3674,2.3691,2.3615,2.362,416927.8
2025-11-02 01:00:00+00:00,2.362,2.3653,2.355,2.3619,1016209.5
2025-11-02 01:15:00+00:00,2.362,2.3673,2.3607,2.3645,772382.7
2025-11-02 01:30:00+00:00,2.3645,2.3656,2.3604,2.3632,512405.8
2025-11-02 01:45:00+00:00,2.3632,2.3643,2.354,2.3607,1945618.8
2025-11-02 02:00:00+00:00,2.3607,2.3684,2.3571,2.367,1187022.1
2025-11-02 02:15:00+00:00,2.367,2.367,2.3571,2.363,1046122.5
2025-11-02 02:30:00+00:00,2.3629,2.3764,2.3602,2.3617,1730922.0
2025-11-02 02:45:00+00:00,2.3617,2.3648,2.3605,2.3626,1343059.8
2025-11-02 03:00:00+00:00,2.3627,2.3635,2.356,2.3608,590374.9
2025-11-02 03:15:00+00:00,2.3609,2.3611,2.3569,2.3575,306203.1
2025-11-02 03:30:00+00:00,2.3575,2.3628,2.3462,2.3536,2322860.5
2025-11-02 03:45:00+00:00,2.3536,2.3571,2.3486,2.3534,1366727.6
2025-11-02 04:00:00+00:00,2.3534,2.3589,2.3496,2.3539,1089877.2
2025-11-02 04:15:00+00:00,2.3539,2.3637,2.3531,2.3588,913608.9
2025-11-02 04:30:00+00:00,2.3588,2.3694,2.3536,2.3683,1277577.7
2025-11-02 04:45:00+00:00,2.3682,2.3801,2.3651,2.377,3666879.6
2025-11-02 05:00:00+00:00,2.377,2.3787,2.3631,2.3672,1127244.0
2025-11-02 05:15:00+00:00,2.3672,2.3701,2.354,2.3605,1847857.3
2025-11-02 05:30:00+00:00,2.3606,2.3648,2.3568,2.3647,1981322.0
2025-11-02 05:45:00+00:00,2.3648,2.367,2.3563,2.3661,1608668.7
2025-11-02 06:00:00+00:00,2.3662,2.3668,2.3567,2.3606,1078669.4
2025-11-02 06:15:00+00:00,2.3606,2.3668,2.3592,2.3649,531208.9
2025-11-02 06:30:00+00:00,2.365,2.3655,2.3596,2.3655,514876.2
2025-11-02 06:45:00+00:00,2.3655,2.3768,2.3654,2.3735,2094679.4
2025-11-02 07:00:00+00:00,2.3735,2.3763,2.3676,2.3718,758000.7
2025-11-02 07:15:00+00:00,2.3719,2.3764,2.368,2.3727,767786.3
2025-11-02 07:30:00+00:00,2.3728,2.3834,2.3712,2.3817,937119.6
2025-11-02 07:45:00+00:00,2.3817,2.3948,2.3795,2.3914,1870600.5
2025-11-02 08:00:00+00:00,2.3915,2.395,2.3844,2.3866,1215559.8
2025-11-02 08:15:00+00:00,2.3866,2.3904,2.3793,2.3833,1002569.2
2025-11-02 08:30:00+00:00,2.3833,2.3839,2.3767,2.3783,800228.5
2025-11-02 08:45:00+00:00,2.3783,2.3783,2.3668,2.3709,1246977.2
2025-11-02 09:00:00+00:00,2.3708,2.3771,2.3707,2.3768,777308.9
2025-11-02 09:15:00+00:00,2.3768,2.3836,2.3703,2.3781,862629.9
2025-11-02 09:30:00+00:00,2.3782,2.379,2.3517,2.3577,2562484.4
2025-11-02 09:45:00+00:00,2.3577,2.3577,2.3486,2.3525,2926658.2
2025-11-02 10:00:00+00:00,2.3526,2.3616,2.3492,2.3581,3030667.1
2025-11-02 10:15:00+00:00,2.3581,2.3592,2.3418,2.343,2374161.4
2025-11-02 10:30:00+00:00,2.3431,2.349,2.3322,2.3451,2926372.9
2025-11-02 10:45:00+00:00,2.3452,2.3507,2.3419,2.348,1181487.5
2025-11-02 11:00:00+00:00,2.348,2.3561,2.3411,2.3423,2542819.6
2025-11-02 11:15:00+00:00,2.3424,2.3625,2.3401,2.361,1518287.5
2025-11-02 11:30:00+00:00,2.3611,2.3674,2.3551,2.3669,2113573.3
2025-11-02 11:45:00+00:00,2.367,2.3739,2.3652,2.3713,1521264.4
2025-11-02 12:00:00+00:00,2.3712,2.3722,2.362,2.365,1413370.3
2025-11-02 12:15:00+00:00,2.3651,2.3716,2.3582,2.3621,813650.2
2025-11-02 12:30:00+00:00,2.3621,2.3672,2.3536,2.3543,849814.8
2025-11-02 12:45:00+00:00,2.3543,2.3609,2.352,2.3562,609101.8
2025-11-02 13:00:00+00:00,2.3563,2.3576,2.3482,2.3499,914885.2
2025-11-02 13:15:00+00:00,2.3499,2.35,2.325,2.3394,3586810.4
2025-11-02 13:30:00+00:00,2.3394,2.3437,2.335,2.3425,1664066.9
2025-11-02 13:45:00+00:00,2.3424,2.3444,2.332,2.342,1973796.4
2025-11-02 14:00:00+00:00,2.3419,2.346,2.3305,2.3332,1522605.5
2025-11-02 14:15:00+00:00,2.3332,2.3366,2.3121,2.3144,3591733.0
2025-11-02 14:30:00+00:00,2.3145,2.3285,2.3143,2.3167,1922216.7
2025-11-02 14:45:00+00:00,2.3167,2.3197,2.3009,2.3157,3201299.3
2025-11-02 15:00:00+00:00,2.3157,2.3236,2.3069,2.3188,1968409.8
2025-11-02 15:15:00+00:00,2.3188,2.3323,2.3157,2.3319,1510357.5
2025-11-02 15:30:00+00:00,2.332,2.3363,2.32,2.3224,1593040.3
2025-11-02 15:45:00+00:00,2.3224,2.3272,2.3117,2.3133,1169190.1
2025-11-02 16:00:00+00:00,2.3133,2.316,2.2883,2.2905,4636563.3
2025-11-02 16:15:00+00:00,2.2905,2.3092,2.2819,2.3073,3422126.1
2025-11-02 16:30:00+00:00,2.3073,2.3189,2.3035,2.3179,1711963.0
2025-11-02 16:45:00+00:00,2.318,2.3235,2.3103,2.3227,1060605.7
2025-11-02 17:00:00+00:00,2.3228,2.3266,2.3175,2.3238,1253986.3
2025-11-02 17:15:00+00:00,2.3238,2.3265,2.3153,2.3175,852305.4
2025-11-02 17:30:00+00:00,2.3176,2.3183,2.3123,2.3165,941679.3
2025-11-02 17:45:00+00:00,2.3166,2.3207,2.3095,2.3203,691466.5
2025-11-02 18:00:00+00:00,2.3204,2.3209,2.3115,2.3119,757066.8
2025-11-02 18:15:00+00:00,2.3119,2.3161,2.3087,2.3134,538281.1
2025-11-02 18:30:00+00:00,2.3135,2.3196,2.3119,2.3184,591104.9
2025-11-02 18:45:00+00:00,2.3185,2.3196,2.3118,2.3146,515272.6
2025-11-02 19:00:00+00:00,2.3146,2.3176,2.3043,2.3075,1242584.7
2025-11-02 19:15:00+00:00,2.3075,2.3075,2.2938,2.2944,1759310.2
2025-11-02 19:30:00+00:00,2.2944,2.3044,2.2935,2.2976,965592.1
2025-11-02 19:45:00+00:00,2.2976,2.3059,2.2973,2.3059,576189.1
2025-11-02 20:00:00+00:00,2.3058,2.3094,2.294,2.2982,962467.6
2025-11-02 20:15:00+00:00,2.2981,2.306,2.298,2.3045,848531.7
2025-11-02 20:30:00+00:00,2.3046,2.3086,2.303,2.3075,460159.0
2025-11-02 20:45:00+00:00,2.3076,2.3126,2.3068,2.311,450777.6
2025-11-02 21:00:00+00:00,2.3111,2.3184,2.3101,2.3117,844498.5
2025-11-02 21:15:00+00:00,2.3118,2.3169,2.3096,2.3141,528234.6
2025-11-02 21:30:00+00:00,2.3142,2.3222,2.3142,2.3217,947251.8
2025-11-02 21:45:00+00:00,2.3217,2.3284,2.3205,2.3218,937114.9
2025-11-02 22:00:00+00:00,2.3218,2.3267,2.3189,2.3241,695478.0
2025-11-02 22:15:00+00:00,2.3242,2.3301,2.3222,2.3231,591126.3
2025-11-02 22:30:00+00:00,2.3232,2.3237,2.3049,2.3103,1331664.8
2025-11-02 22:45:00+00:00,2.3103,2.3177,2.3088,2.3173,438279.2
2025-11-02 23:00:00+00:00,2.3174,2.3493,2.3173,2.3491,1723942.6
2025-11-02 23:15:00+00:00,2.3492,2.3527,2.3329,2.3371,3166786.5
2025-11-02 23:30:00+00:00,2.3372,2.3499,2.3332,2.3439,3212762.6
2025-11-02 23:45:00+00:00,2.344,2.36,2.3435,2.3528,2316252.0
2025-11-03 00:00:00+00:00,2.3529,2.3615,2.3476,2.3576,2477124.2
2025-11-03 00:15:00+00:00,2.3576,2.3599,2.3469,2.3482,1062724.0
2025-11-03 00:30:00+00:00,2.3483,2.3511,2.3383,2.3404,1212468.8
2025-11-03 00:45:00+00:00,2.3403,2.3442,2.3151,2.3167,2207110.8
2025-11-03 01:00:00+00:00,2.3166,2.3232,2.3082,2.3198,1847331.4
2025-11-03 01:15:00+00:00,2.3199,2.3227,2.3023,2.3048,1624908.6
2025-11-03 01:30:00+00:00,2.3049,2.3076,2.2882,2.3015,3088067.8
2025-11-03 01:45:00+00:00,2.3014,2.305,2.2905,2.3001,1660766.2
2025-11-03 02:00:00+00:00,2.3001,2.3032,2.2775,2.2962,3834162.8
2025-11-03 02:15:00+00:00,2.2961,2.2962,2.2729,2.274,2447844.4
2025-11-03 02:30:00+00:00,2.274,2.2792,2.2595,2.2663,5656721.0
2025-11-03 02:45:00+00:00,2.2663,2.2809,2.2578,2.2731,2979542.8
2025-11-03 03:00:00+00:00,2.273,2.277,2.2378,2.242,5645536.6
2025-11-03 03:15:00+00:00,2.242,2.2542,2.23,2.2328,5099054.4
2025-11-03 03:30:00+00:00,2.2328,2.2328,2.2089,2.2182,5692040.5
2025-11-03 03:45:00+00:00,2.2182,2.2182,2.2,2.2074,5137071.7
2025-11-03 04:00:00+00:00,2.2074,2.2119,2.1917,2.2079,6518164.2
2025-11-03 04:15:00+00:00,2.2079,2.211,2.1929,2.2002,3513054.2
2025-11-03 04:30:00+00:00,2.2002,2.2044,2.1942,2.1982,2485389.9
2025-11-03 04:45:00+00:00,2.1982,2.2196,2.198,2.219,1920413.2
2025-11-03 05:00:00+00:00,2.219,2.2289,2.2174,2.224,3475216.4
2025-11-03 05:15:00+00:00,2.2239,2.2254,2.2158,2.2206,2009083.3
2025-11-03 05:30:00+00:00,2.2207,2.2219,2.1992,2.2016,2172134.5
2025-11-03 05:45:00+00:00,2.2016,2.2021,2.1921,2.1938,1640307.8
2025-11-03 06:00:00+00:00,2.1938,2.1996,2.1792,2.1848,3639739.6
2025-11-03 06:15:00+00:00,2.1848,2.1933,2.1818,2.1894,2337594.5
2025-11-03 06:30:00+00:00,2.1894,2.1904,2.1719,2.1752,10067654.3
2025-11-03 06:45:00+00:00,2.1752,2.1828,2.154,2.1751,5562306.6
2025-11-03 07:00:00+00:00,2.1751,2.1765,2.1662,2.174,1968752.2
2025-11-03 07:15:00+00:00,2.174,2.1974,2.1713,2.189,3551672.6
2025-11-03 07:30:00+00:00,2.1891,2.2027,2.1864,2.1881,2407182.6
2025-11-03 07:45:00+00:00,2.1881,2.2012,2.187,2.193,1236526.5
2025-11-03 08:00:00+00:00,2.193,2.2039,2.189,2.2013,1683939.7
2025-11-03 08:15:00+00:00,2.2014,2.2022,2.1868,2.1896,1851062.3
2025-11-03 08:30:00+00:00,2.1896,2.1954,2.1829,2.1947,2128372.9
2025-11-03 08:45:00+00:00,2.1947,2.2137,2.1854,2.2064,3018311.1
2025-11-03 09:00:00+00:00,2.2063,2.2255,2.2028,2.2164,3584641.9
2025-11-03 09:15:00+00:00,2.2163,2.2165,2.191,2.1945,2043161.1
2025-11-03 09:30:00+00:00,2.1944,2.1993,2.1823,2.1892,1798576.3
2025-11-03 09:45:00+00:00,2.1892,2.1909,2.1737,2.1769,2311257.7
2025-11-03 10:00:00+00:00,2.177,2.1867,2.1753,2.182,1667865.4
2025-11-03 10:15:00+00:00,2.1819,2.1839,2.1772,2.1815,1464384.3
2025-11-03 10:30:00+00:00,2.1816,2.1818,2.1628,2.1657,2281457.8
2025-11-03 10:45:00+00:00,2.1657,2.1712,2.1513,2.1615,2856817.7
2025-11-03 11:00:00+00:00,2.1615,2.1851,2.1609,2.1767,3691655.1
2025-11-03 11:15:00+00:00,2.1767,2.1941,2.176,2.1814,2100609.5
2025-11-03 11:30:00+00:00,2.1814,2.1867,2.1791,2.1843,1274962.5
2025-11-03 11:45:00+00:00,2.1843,2.1914,2.1746,2.1765,1769957.1
2025-11-03 12:00:00+00:00,2.1765,2.187,2.1722,2.1852,2589990.6
2025-11-03 12:15:00+00:00,2.1852,2.1914,2.1814,2.1858,1384882.3
2025-11-03 12:30:00+00:00,2.1859,2.1869,2.174,2.1743,1058200.1
2025-11-03 12:45:00+00:00,2.1742,2.1826,2.1706,2.1733,1267114.4
2025-11-03 13:00:00+00:00,2.1732,2.176,2.1656,2.1694,1694274.2
2025-11-03 13:15:00+00:00,2.1693,2.1703,2.1602,2.1673,2209560.3
2025-11-03 13:30:00+00:00,2.1672,2.1824,2.1672,2.1757,1685434.5
2025-11-03 13:45:00+00:00,2.1757,2.1777,2.1613,2.1648,2145667.2
2025-11-03 14:00:00+00:00,2.1648,2.1895,2.1643,2.1717,4824706.1
2025-11-03 14:15:00+00:00,2.1717,2.173,2.1622,2.1689,2121221.5
2025-11-03 14:30:00+00:00,2.1688,2.1729,2.1567,2.1643,2703670.4
2025-11-03 14:45:00+00:00,2.1642,2.1809,2.1597,2.1807,2353158.8
2025-11-03 15:00:00+00:00,2.1807,2.1847,2.157,2.1585,3319809.2
2025-11-03 15:15:00+00:00,2.1585,2.1585,2.0631,2.077,21140578.9
2025-11-03 15:30:00+00:00,2.0769,2.1042,1.976,2.0706,41058594.8
2025-11-03 15:45:00+00:00,2.0705,2.0821,2.0396,2.0425,12226409.6
2025-11-03 16:00:00+00:00,2.0425,2.0742,2.032,2.0689,13910388.1
2025-11-03 16:15:00+00:00,2.0689,2.0952,2.0594,2.0781,9122831.7
2025-11-03 16:30:00+00:00,2.0778,2.0935,2.077,2.09,4091496.6
2025-11-03 16:45:00+00:00,2.09,2.106,2.09,2.0963,3511613.2
2025-11-03 17:00:00+00:00,2.0963,2.1077,2.089,2.0988,3552670.9
2025-11-03 17:15:00+00:00,2.099,2.1368,2.0926,2.1045,5532451.3
2025-11-03 17:30:00+00:00,2.1046,2.1297,2.1029,2.118,2931554.7
2025-11-03 17:45:00+00:00,2.118,2.1299,2.1161,2.1273,2296783.7
2025-11-03 18:00:00+00:00,2.1273,2.1315,2.1108,2.1136,2486958.4
2025-11-03 18:15:00+00:00,2.1136,2.1259,2.1078,2.1145,2158979.6
2025-11-03 18:30:00+00:00,2.1146,2.1161,2.1011,2.102,1739572.6
2025-11-03 18:45:00+00:00,2.102,2.1022,2.0879,2.0965,2859891.8
2025-11-03 19:00:00+00:00,2.0965,2.0996,2.0821,2.0956,3284149.2
2025-11-03 19:15:00+00:00,2.0956,2.1073,2.0845,2.0866,2363721.9
2025-11-03 19:30:00+00:00,2.0865,2.0978,2.0858,2.0945,1701002.7
2025-11-03 19:45:00+00:00,2.0946,2.1004,2.0807,2.0835,2617024.8
2025-11-03 20:00:00+00:00,2.0835,2.0884,2.0647,2.0684,3477982.8
2025-11-03 20:15:00+00:00,2.0684,2.0708,2.0522,2.061,2782741.1
2025-11-03 20:30:00+00:00,2.0611,2.0691,2.0513,2.0539,2369611.5
2025-11-03 20:45:00+00:00,2.054,2.0559,2.03,2.0413,4494568.4
2025-11-03 21:00:00+00:00,2.0413,2.0703,2.0395,2.0499,4327941.5
2025-11-03 21:15:00+00:00,2.0499,2.0618,2.03,2.0523,3704422.3
2025-11-03 21:30:00+00:00,2.0524,2.0723,2.0464,2.0709,2291524.3
2025-11-03 21:45:00+00:00,2.0708,2.076,2.0656,2.0744,1472239.5
2025-11-03 22:00:00+00:00,2.0744,2.0762,2.0589,2.0664,2232066.4
2025-11-03 22:15:00+00:00,2.0663,2.0714,2.0468,2.0471,1833661.3
2025-11-03 22:30:00+00:00,2.047,2.0622,2.0368,2.0584,2140093.0
2025-11-03 22:45:00+00:00,2.0585,2.07,2.0538,2.0582,915425.8
2025-11-03 23:00:00+00:00,2.0582,2.0582,2.0401,2.0534,1244819.3
2025-11-03 23:15:00+00:00,2.0534,2.0621,2.0471,2.0609,1096233.5
2025-11-03 23:30:00+00:00,2.0608,2.073,2.0567,2.0707,1251518.0
2025-11-03 23:45:00+00:00,2.0707,2.073,2.0643,2.0688,1156168.5
2025-11-04 00:00:00+00:00,2.0689,2.0701,2.0584,2.0598,1537826.0
2025-11-04 00:15:00+00:00,2.0597,2.0652,2.0409,2.0421,2403343.2
2025-11-04 00:30:00+00:00,2.0422,2.0946,2.0415,2.0916,5150100.4
2025-11-04 00:45:00+00:00,2.0917,2.098,2.0747,2.0824,2448700.2
2025-11-04 01:00:00+00:00,2.0824,2.0852,2.0685,2.0776,2427750.8
2025-11-04 01:15:00+00:00,2.0777,2.0982,2.0754,2.0864,2396417.6
2025-11-04 01:30:00+00:00,2.0865,2.1065,2.0829,2.0952,2163890.1
2025-11-04 01:45:00+00:00,2.0953,2.0971,2.0806,2.0893,1858891.4
2025-11-04 02:00:00+00:00,2.0892,2.0943,2.0814,2.0916,1365713.7
2025-11-04 02:15:00+00:00,2.0916,2.0973,2.086,2.0872,1391123.5
2025-11-04 02:30:00+00:00,2.0871,2.0906,2.0781,2.0815,1564913.9
2025-11-04 02:45:00+00:00,2.0815,2.0815,2.072,2.076,1335238.7
2025-11-04 03:00:00+00:00,2.0761,2.0922,2.0682,2.0913,2306888.2
2025-11-04 03:15:00+00:00,2.0914,2.095,2.0813,2.087,1889019.7
2025-11-04 03:30:00+00:00,2.0871,2.0942,2.0802,2.0887,1219439.5
2025-11-04 03:45:00+00:00,2.0886,2.0915,2.0819,2.0861,1157612.3
2025-11-04 04:00:00+00:00,2.086,2.0932,2.0805,2.089,1828023.7
2025-11-04 04:15:00+00:00,2.0891,2.0893,2.0774,2.0835,1661163.4
2025-11-04 04:30:00+00:00,2.0836,2.0901,2.0742,2.0748,1666366.6
2025-11-04 04:45:00+00:00,2.0748,2.0799,2.0695,2.0704,1052337.0
2025-11-04 05:00:00+00:00,2.0703,2.081,2.0665,2.074,1515986.1
2025-11-04 05:15:00+00:00,2.0741,2.0757,2.0257,2.0294,6809197.8
2025-11-04 05:30:00+00:00,2.0295,2.0299,1.997,2.0089,9031241.7
2025-11-04 05:45:00+00:00,2.009,2.0142,1.9742,1.9819,8748505.3
2025-11-04 06:00:00+00:00,1.9819,2.0492,1.9796,2.0484,7837757.6
2025-11-04 06:15:00+00:00,2.0485,2.0748,2.0435,2.051,8238829.9
2025-11-04 06:30:00+00:00,2.051,2.0513,2.0158,2.0171,4376550.2
2025-11-04 06:45:00+00:00,2.017,2.0377,2.0168,2.032,2937930.6
2025-11-04 07:00:00+00:00,2.0319,2.0359,2.007,2.0126,4624991.3
2025-11-04 07:15:00+00:00,2.0126,2.0259,1.9869,1.9907,5383289.7
2025-11-04 07:30:00+00:00,1.9907,2.0122,1.9855,1.9928,3990238.0
2025-11-04 07:45:00+00:00,1.9928,1.996,1.9805,1.9896,3876474.2
2025-11-04 08:00:00+00:00,1.9895,2.0113,1.9887,2.0004,4356495.4
2025-11-04 08:15:00+00:00,2.0004,2.0384,1.9919,2.0344,5982732.3
2025-11-04 08:30:00+00:00,2.0343,2.0561,2.0331,2.0358,3989614.2
2025-11-04 08:45:00+00:00,2.0358,2.0386,2.0218,2.0285,2644558.5
2025-11-04 09:00:00+00:00,2.0285,2.0352,2.0191,2.023,2932113.5
2025-11-04 09:15:00+00:00,2.023,2.0435,2.0186,2.035,2093667.6
2025-11-04 09:30:00+00:00,2.0351,2.0428,2.0257,2.0369,1711519.3
2025-11-04 09:45:00+00:00,2.0369,2.0558,2.0299,2.0512,4298583.8
2025-11-04 10:00:00+00:00,2.0513,2.0591,2.0472,2.0521,2161929.9
2025-11-04 10:15:00+00:00,2.0521,2.0589,2.0434,2.0469,2057397.7
2025-11-04 10:30:00+00:00,2.0469,2.0575,2.0422,2.0502,2049295.1
2025-11-04 10:45:00+00:00,2.0502,2.0562,2.0449,2.0544,2303134.3
2025-11-04 11:00:00+00:00,2.0543,2.0709,2.0518,2.061,4046094.9
2025-11-04 11:15:00+00:00,2.061,2.0671,2.0502,2.052,2564269.0
2025-11-04 11:30:00+00:00,2.0519,2.0599,2.0467,2.054,1974654.3
2025-11-04 11:45:00+00:00,2.054,2.0797,2.0489,2.0702,5403145.0
2025-11-04 12:00:00+00:00,2.0703,2.0708,2.0542,2.058,3207299.9
2025-11-04 12:15:00+00:00,2.058,2.0581,2.0475,2.0565,2486159.2
2025-11-04 12:30:00+00:00,2.0564,2.058,2.0378,2.0432,2368732.2
2025-11-04 12:45:00+00:00,2.0431,2.0514,2.0389,2.049,1976665.1
2025-11-04 13:00:00+00:00,2.0489,2.0565,2.0399,2.0495,2728503.7
2025-11-04 13:15:00+00:00,2.0495,2.0503,2.0244,2.0259,2965293.0
2025-11-04 13:30:00+00:00,2.0259,2.0423,2.0226,2.0283,3029549.4
2025-11-04 13:45:00+00:00,2.0282,2.0285,2.0168,2.026,2930800.0
2025-11-04 14:00:00+00:00,2.0259,2.0263,2.0094,2.0123,2988318.6
2025-11-04 14:15:00+00:00,2.0123,2.0208,2.01,2.0197,2360251.8
2025-11-04 14:30:00+00:00,2.0196,2.0521,2.0031,2.0515,9053676.9
2025-11-04 14:45:00+00:00,2.0515,2.078,2.0462,2.066,7053329.0
2025-11-04 15:00:00+00:00,2.0661,2.0833,2.0526,2.0533,6530870.7
2025-11-04 15:15:00+00:00,2.0534,2.0856,2.0533,2.0625,4838566.1
2025-11-04 15:30:00+00:00,2.0624,2.0637,2.0507,2.0563,3051397.4
2025-11-04 15:45:00+00:00,2.0562,2.0562,2.018,2.0227,5965000.8
2025-11-04 16:00:00+00:00,2.0227,2.0466,2.0221,2.0374,5169517.4
2025-11-04 16:15:00+00:00,2.0374,2.0397,2.0077,2.0287,6692237.9
2025-11-04 16:30:00+00:00,2.0286,2.0365,1.9956,1.9984,5488053.8
2025-11-04 16:45:00+00:00,1.9983,2.0006,1.982,1.9866,7139717.5
2025-11-04 17:00:00+00:00,1.9865,1.9867,1.9343,1.938,14352036.7
2025-11-04 17:15:00+00:00,1.9381,1.9878,1.9215,1.9625,14350446.5
2025-11-04 17:30:00+00:00,1.9624,1.9902,1.9621,1.9683,7079615.9
2025-11-04 17:45:00+00:00,1.9683,1.9747,1.9525,1.9623,5160529.8
2025-11-04 18:00:00+00:00,1.9623,1.9638,1.9336,1.9363,7192918.7
2025-11-04 18:15:00+00:00,1.9364,1.9391,1.9111,1.9206,8661617.1
2025-11-04 18:30:00+00:00,1.9205,1.9555,1.8866,1.9554,15643579.3
2025-11-04 18:45:00+00:00,1.9554,1.965,1.9206,1.9604,9610402.5
2025-11-04 19:00:00+00:00,1.9603,1.9805,1.9426,1.9517,8468743.3
2025-11-04 19:15:00+00:00,1.9517,1.9748,1.9439,1.9533,5897803.9
2025-11-04 19:30:00+00:00,1.9533,1.9604,1.9286,1.9334,3584558.1
2025-11-04 19:45:00+00:00,1.9334,1.9388,1.9222,1.927,3374661.5
2025-11-04 20:00:00+00:00,1.9271,1.9343,1.9066,1.909,4566436.9
2025-11-04 20:15:00+00:00,1.9089,1.9092,1.809,1.9027,32889248.0
2025-11-04 20:30:00+00:00,1.9028,1.9432,1.8774,1.9342,9496381.8
2025-11-04 20:45:00+00:00,1.9343,1.9421,1.9023,1.9164,8029071.9
2025-11-04 21:00:00+00:00,1.9166,1.9305,1.9026,1.9056,6439799.4
2025-11-04 21:15:00+00:00,1.9059,1.9106,1.8858,1.8939,6897845.2
2025-11-04 21:30:00+00:00,1.8941,1.8951,1.8425,1.8645,14244362.6
2025-11-04 21:45:00+00:00,1.8646,1.931,1.8635,1.9306,13378064.8
2025-11-04 22:00:00+00:00,1.9306,1.9695,1.9168,1.9692,9716907.5
2025-11-04 22:15:00+00:00,1.9689,1.9813,1.9645,1.9739,6059183.4
2025-11-04 22:30:00+00:00,1.9739,1.9979,1.9705,1.9798,4765795.5
2025-11-04 22:45:00+00:00,1.9798,1.9899,1.9739,1.983,2236054.6
2025-11-04 23:00:00+00:00,1.9831,1.9973,1.9758,1.9868,4857285.9
2025-11-04 23:15:00+00:00,1.9868,1.9894,1.9714,1.9799,2211698.8
2025-11-04 23:30:00+00:00,1.98,1.9816,1.9701,1.9778,1626395.2
2025-11-04 23:45:00+00:00,1.9778,1.9854,1.9731,1.9745,1982520.4
2025-11-05 00:00:00+00:00,1.9745,1.9832,1.9617,1.9687,2354387.1
2025-11-05 00:15:00+00:00,1.9688,1.9842,1.9553,1.9566,2413944.9
2025-11-05 00:30:00+00:00,1.9566,1.9588,1.9377,1.938,3615323.3
2025-11-05 00:45:00+00:00,1.9381,1.9578,1.9373,1.9502,2180610.2
2025-11-05 01:00:00+00:00,1.9502,1.9524,1.9276,1.938,2867021.2
2025-11-05 01:15:00+00:00,1.9381,1.9382,1.8853,1.8946,6993080.3
2025-11-05 01:30:00+00:00,1.8947,1.915,1.8789,1.8854,6477529.7
2025-11-05 01:45:00+00:00,1.8854,1.9583,1.8822,1.9497,7102089.3
2025-11-05 02:00:00+00:00,1.9497,1.9852,1.9491,1.9768,6725300.1
2025-11-05 02:15:00+00:00,1.9768,1.989,1.9667,1.9783,4744651.8
2025-11-05 02:30:00+00:00,1.9784,1.998,1.9715,1.9973,4431179.6
2025-11-05 02:45:00+00:00,1.9973,2.0225,1.9879,2.0171,6521352.8
2025-11-05 03:00:00+00:00,2.0172,2.0283,2.0073,2.0085,5281603.6
2025-11-05 03:15:00+00:00,2.0084,2.0205,1.999,2.0198,3767931.7
2025-11-05 03:30:00+00:00,2.0197,2.0318,2.0156,2.0273,3108042.8
2025-11-05 03:45:00+00:00,2.0274,2.0313,2.0206,2.0265,2297948.2
2025-11-05 04:00:00+00:00,2.0264,2.0349,2.0187,2.0203,2843232.1
2025-11-05 04:15:00+00:00,2.0203,2.0234,2.0056,2.0072,1758870.6
2025-11-05 04:30:00+00:00,2.0072,2.0312,2.0033,2.0284,2182830.1
2025-11-05 04:45:00+00:00,2.0283,2.0311,2.0067,2.0182,2969376.6
2025-11-05 05:00:00+00:00,2.0182,2.0356,2.0172,2.03,2527230.4
2025-11-05 05:15:00+00:00,2.0301,2.0339,2.0179,2.0225,1406650.4
2025-11-05 05:30:00+00:00,2.0226,2.0306,2.0187,2.0254,1525902.7
2025-11-05 05:45:00+00:00,2.0254,2.0266,2.019,2.0247,1213472.7
2025-11-05 06:00:00+00:00,2.0246,2.0279,2.0138,2.0165,1639390.0
2025-11-05 06:15:00+00:00,2.0166,2.0281,2.0123,2.0196,1412666.3
2025-11-05 06:30:00+00:00,2.0196,2.0303,2.0179,2.0207,1540578.5
2025-11-05 06:45:00+00:00,2.0207,2.0328,2.0178,2.0324,1537941.4
2025-11-05 07:00:00+00:00,2.0324,2.0337,2.0176,2.0238,1352829.5
2025-11-05 07:15:00+00:00,2.0237,2.0238,2.0087,2.0148,1248710.6
2025-11-05 07:30:00+00:00,2.0148,2.0282,2.0138,2.0275,1096654.7
2025-11-05 07:45:00+00:00,2.0275,2.0346,2.0258,2.0274,2621116.1
2025-11-05 08:00:00+00:00,2.0274,2.0275,2.0101,2.0143,2407341.5
2025-11-05 08:15:00+00:00,2.0142,2.0153,1.9837,1.9983,3927158.8
2025-11-05 08:30:00+00:00,1.9982,2.0144,1.9939,1.9969,2404318.9
2025-11-05 08:45:00+00:00,1.9969,2.004,1.9843,1.9993,3262092.5
2025-11-05 09:00:00+00:00,1.9993,2.0255,1.9952,2.0124,3678827.1
2025-11-05 09:15:00+00:00,2.0124,2.0229,2.0042,2.0214,2017580.4
2025-11-05 09:30:00+00:00,2.0213,2.0256,2.0125,2.0204,1639281.5
2025-11-05 09:45:00+00:00,2.0203,2.0359,2.0182,2.0291,4147060.6
2025-11-05 10:00:00+00:00,2.029,2.0324,2.0183,2.0214,2092346.5
2025-11-05 10:15:00+00:00,2.0214,2.0277,2.0172,2.0252,1369316.2
2025-11-05 10:30:00+00:00,2.0252,2.0302,2.0165,2.0196,1546645.7
2025-11-05 10:45:00+00:00,2.0196,2.0205,2.0025,2.0039,2291736.4
2025-11-05 11:00:00+00:00,2.004,2.0358,2.0037,2.0258,2970829.7
2025-11-05 11:15:00+00:00,2.0258,2.0404,2.0256,2.0332,2014247.3
2025-11-05 11:30:00+00:00,2.0331,2.0495,2.0329,2.0404,2584203.1
2025-11-05 11:45:00+00:00,2.0404,2.055,2.0381,2.0485,4186796.6
2025-11-05 12:00:00+00:00,2.0485,2.0488,2.0372,2.0375,2694075.2
2025-11-05 12:15:00+00:00,2.0374,2.0646,2.0355,2.0584,3888466.6
2025-11-05 12:30:00+00:00,2.0584,2.0611,2.047,2.0605,3131011.9
2025-11-05 12:45:00+00:00,2.0605,2.0611,2.0498,2.0565,1639253.7
2025-11-05 13:00:00+00:00,2.0565,2.0592,2.0425,2.0443,2000314.3
2025-11-05 13:15:00+00:00,2.0442,2.0476,2.0381,2.0437,2095375.1
2025-11-05 13:30:00+00:00,2.0437,2.0594,2.0392,2.0497,2074187.7
2025-11-05 13:45:00+00:00,2.0497,2.0687,2.0467,2.0558,3278343.3
2025-11-05 14:00:00+00:00,2.0558,2.062,2.0481,2.0497,1967112.6
2025-11-05 14:15:00+00:00,2.0497,2.0518,2.0369,2.0404,1928757.7
2025-11-05 14:30:00+00:00,2.0403,2.0458,2.0186,2.0306,4929267.6
2025-11-05 14:45:00+00:00,2.0306,2.0474,2.0245,2.0305,4061096.2
2025-11-05 15:00:00+00:00,2.0306,2.0312,2.0163,2.026,3649732.3
2025-11-05 15:15:00+00:00,2.026,2.0356,2.0221,2.0295,2207215.0
2025-11-05 15:30:00+00:00,2.0294,2.0437,2.0241,2.0334,3820613.0
2025-11-05 15:45:00+00:00,2.0334,2.0445,2.027,2.0406,2338219.5
2025-11-05 16:00:00+00:00,2.0407,2.0427,2.0204,2.0237,3955451.8
2025-11-05 16:15:00+00:00,2.0237,2.0318,2.0134,2.0314,2786673.3
2025-11-05 16:30:00+00:00,2.0313,2.0424,2.0297,2.0327,2529722.8
2025-11-05 16:45:00+00:00,2.0327,2.0575,2.0303,2.0497,2570158.0
2025-11-05 17:00:00+00:00,2.0498,2.0498,2.0351,2.0365,2166169.2
2025-11-05 17:15:00+00:00,2.0365,2.0552,2.0357,2.0496,1884036.7
2025-11-05 17:30:00+00:00,2.0497,2.0587,2.0291,2.0325,6975786.4
2025-11-05 17:45:00+00:00,2.0326,2.0358,2.0244,2.0355,2024504.0
2025-11-05 18:00:00+00:00,2.0355,2.0372,2.0266,2.0292,1305752.0
2025-11-05 18:15:00+00:00,2.0292,2.038,2.0276,2.0313,2751856.5
2025-11-05 18:30:00+00:00,2.0313,2.0454,2.0257,2.0357,3924838.2
2025-11-05 18:45:00+00:00,2.0353,2.0442,2.0315,2.0364,2557113.5
2025-11-05 19:00:00+00:00,2.0364,2.0393,2.0111,2.0215,3429265.0
2025-11-05 19:15:00+00:00,2.0216,2.0294,2.0192,2.0214,1851104.7
2025-11-05 19:30:00+00:00,2.0214,2.0375,2.0203,2.0292,1905013.6
2025-11-05 19:45:00+00:00,2.0292,2.0303,2.0205,2.0292,1306800.1
2025-11-05 20:00:00+00:00,2.0292,2.0442,2.0252,2.0414,1653366.7
2025-11-05 20:15:00+00:00,2.0413,2.0449,2.0287,2.0293,2056650.1
2025-11-05 20:30:00+00:00,2.0293,2.0348,2.0232,2.0297,1547290.6
2025-11-05 20:45:00+00:00,2.0298,2.0329,2.0254,2.0294,1941927.5
2025-11-05 21:00:00+00:00,2.0294,2.0294,2.0131,2.0192,3561124.8
2025-11-05 21:15:00+00:00,2.0192,2.0264,2.0132,2.0188,1708294.2
2025-11-05 21:30:00+00:00,2.0188,2.0239,2.0131,2.0179,1558392.1
2025-11-05 21:45:00+00:00,2.018,2.029,2.0168,2.0212,1091391.6
2025-11-05 22:00:00+00:00,2.0213,2.0291,2.0186,2.0264,1582668.1
2025-11-05 22:15:00+00:00,2.0264,2.0299,2.0208,2.0284,900022.8
2025-11-05 22:30:00+00:00,2.0285,2.0413,2.0265,2.0346,2565238.9
2025-11-05 22:45:00+00:00,2.0347,2.0412,2.0312,2.0402,956548.4
2025-11-05 23:00:00+00:00,2.0403,2.0432,2.0276,2.0312,1404449.5
2025-11-05 23:15:00+00:00,2.0313,2.0417,2.0308,2.0403,1190729.6
2025-11-05 23:30:00+00:00,2.0403,2.0403,2.031,2.0339,1094533.1
2025-11-05 23:45:00+00:00,2.0338,2.038,2.0299,2.0309,1310390.4
2025-11-06 00:00:00+00:00,2.0309,2.0349,2.0198,2.0316,1700647.4
2025-11-06 00:15:00+00:00,2.0317,2.0366,2.0252,2.0312,1295986.4
2025-11-06 00:30:00+00:00,2.0312,2.0333,2.0235,2.0269,1046499.6
2025-11-06 00:45:00+00:00,2.027,2.0342,2.0237,2.0289,969663.7
2025-11-06 01:00:00+00:00,2.029,2.0291,1.9986,2.0068,3676873.3
2025-11-06 01:15:00+00:00,2.0067,2.0101,1.9939,1.996,3082097.8
2025-11-06 01:30:00+00:00,1.9961,2.0165,1.9957,2.0117,2928918.3
2025-11-06 01:45:00+00:00,2.0116,2.0293,2.0106,2.0272,2102832.1
2025-11-06 02:00:00+00:00,2.0271,2.0335,2.0064,2.0103,4351708.5
2025-11-06 02:15:00+00:00,2.0103,2.024,2.0103,2.0131,1608283.4
2025-11-06 02:30:00+00:00,2.0131,2.0429,2.0111,2.0376,2719127.9
2025-11-06 02:45:00+00:00,2.0376,2.0561,2.0376,2.0421,3793360.8
2025-11-06 03:00:00+00:00,2.042,2.0446,2.0357,2.0401,2053026.4
2025-11-06 03:15:00+00:00,2.0401,2.0486,2.0344,2.0359,1454143.7
2025-11-06 03:30:00+00:00,2.0359,2.0467,2.0359,2.0423,1108748.8
2025-11-06 03:45:00+00:00,2.0423,2.0471,2.041,2.044,895094.9
2025-11-06 04:00:00+00:00,2.0441,2.0473,2.0389,2.0426,3127722.5
2025-11-06 04:15:00+00:00,2.0426,2.0478,2.0326,2.0345,3171846.2
2025-11-06 04:30:00+00:00,2.0346,2.0449,2.033,2.0414,1680075.2
2025-11-06 04:45:00+00:00,2.0414,2.0513,2.0356,2.0385,1539791.1
2025-11-06 05:00:00+00:00,2.0386,2.0387,2.0167,2.0175,1752760.5
2025-11-06 05:15:00+00:00,2.0176,2.0183,2.0013,2.0133,4700308.1
2025-11-06 05:30:00+00:00,2.0133,2.0154,2.0021,2.0069,1934340.3
2025-11-06 05:45:00+00:00,2.0069,2.0104,2.0031,2.0084,3225461.6
2025-11-06 06:00:00+00:00,2.0085,2.0129,1.9994,2.0082,1853531.3
2025-11-06 06:15:00+00:00,2.0082,2.015,2.0045,2.0081,3108346.2
2025-11-06 06:30:00+00:00,2.0081,2.0127,1.9951,2.0009,3480451.4
2025-11-06 06:45:00+00:00,2.0009,2.001,1.9936,1.9959,1376448.5
2025-11-06 07:00:00+00:00,1.9959,2.0057,1.9949,1.9979,1613578.1
2025-11-06 07:15:00+00:00,1.9979,2.0074,1.9819,2.0064,2695298.7
2025-11-06 07:30:00+00:00,2.0064,2.0066,1.9878,1.9936,1717741.7
2025-11-06 07:45:00+00:00,1.9936,1.9984,1.9909,1.9916,1182705.8
2025-11-06 08:00:00+00:00,1.9915,1.9956,1.9858,1.9954,1419889.2
2025-11-06 08:15:00+00:00,1.9954,2.0101,1.993,1.9988,3324712.9
2025-11-06 08:30:00+00:00,1.9989,2.0012,1.9929,1.993,997318.5
2025-11-06 08:45:00+00:00,1.9931,1.9939,1.9844,1.9923,1580489.1
2025-11-06 09:00:00+00:00,1.9923,1.9962,1.9805,1.9935,1959795.3
2025-11-06 09:15:00+00:00,1.9935,1.9962,1.9801,1.9834,2334191.1
2025-11-06 09:30:00+00:00,1.9835,1.995,1.9835,1.9906,1599156.1
2025-11-06 09:45:00+00:00,1.9907,1.9942,1.9855,1.9874,934815.9
2025-11-06 10:00:00+00:00,1.9875,1.9894,1.9745,1.9811,3324649.8
2025-11-06 10:15:00+00:00,1.9811,1.9997,1.9795,1.9908,1981847.0
2025-11-06 10:30:00+00:00,1.9907,2.0059,1.9903,1.993,1744436.6
2025-11-06 10:45:00+00:00,1.9931,1.998,1.9888,1.994,851503.2
2025-11-06 11:00:00+00:00,1.994,1.994,1.9785,1.9858,1465223.9
2025-11-06 11:15:00+00:00,1.9858,2.0014,1.9833,1.9989,1308621.2
2025-11-06 11:30:00+00:00,1.999,2.0019,1.9921,1.996,1434923.2
2025-11-06 11:45:00+00:00,1.9959,1.9981,1.9863,1.9916,1465782.2
2025-11-06 12:00:00+00:00,1.9916,1.9966,1.9866,1.9871,1634270.0
2025-11-06 12:15:00+00:00,1.9872,1.9897,1.9703,1.9767,3833539.4
2025-11-06 12:30:00+00:00,1.9766,1.9796,1.9618,1.963,4229050.4
2025-11-06 12:45:00+00:00,1.963,1.9683,1.959,1.9638,5691921.9
2025-11-06 13:00:00+00:00,1.9638,1.9777,1.9601,1.9765,6379802.7
2025-11-06 13:15:00+00:00,1.9765,2.003,1.9762,1.996,9489467.3
2025-11-06 13:30:00+00:00,1.9959,2.0029,1.9835,2.002,9091132.2
2025-11-06 13:45:00+00:00,2.002,2.0096,1.9911,2.0043,6929690.3
2025-11-06 14:00:00+00:00,2.0044,2.0119,1.9797,1.9841,7566086.3
2025-11-06 14:15:00+00:00,1.9841,1.9885,1.9716,1.9787,2174836.5
2025-11-06 14:30:00+00:00,1.9787,1.9799,1.955,1.9634,5516789.7
2025-11-06 14:45:00+00:00,1.9634,1.9807,1.9512,1.9579,4069633.5
2025-11-06 15:00:00+00:00,1.9579,1.969,1.9475,1.9597,5581534.9
2025-11-06 15:15:00+00:00,1.9598,1.9803,1.9553,1.9563,2988958.9
2025-11-06 15:30:00+00:00,1.9563,1.9584,1.9294,1.9309,7100724.1
2025-11-06 15:45:00+00:00,1.931,1.9435,1.9283,1.9364,4346544.6
2025-11-06 16:00:00+00:00,1.9365,1.9504,1.9317,1.9336,3055112.6
2025-11-06 16:15:00+00:00,1.9335,1.9378,1.9224,1.9285,3207377.2
2025-11-06 16:30:00+00:00,1.9285,1.9285,1.9014,1.9122,6635208.0
2025-11-06 16:45:00+00:00,1.9123,1.9337,1.9092,1.9268,4655659.8
2025-11-06 17:00:00+00:00,1.9267,1.944,1.9215,1.9283,4725138.8
2025-11-06 17:15:00+00:00,1.9283,1.9375,1.92,1.9356,2622441.2
2025-11-06 17:30:00+00:00,1.9356,1.9458,1.9278,1.9377,2561087.1
2025-11-06 17:45:00+00:00,1.9376,1.9593,1.9368,1.9537,3006349.6
2025-11-06 18:00:00+00:00,1.9537,1.9541,1.9361,1.9413,1889253.6
2025-11-06 18:15:00+00:00,1.9412,1.9425,1.9187,1.9298,4142243.4
2025-11-06 18:30:00+00:00,1.9297,1.9613,1.9288,1.9555,2950512.7
2025-11-06 18:45:00+00:00,1.9555,1.9752,1.9512,1.9579,4390518.4
2025-11-06 19:00:00+00:00,1.9578,1.9659,1.9486,1.9653,2664403.1
2025-11-06 19:15:00+00:00,1.9654,1.9704,1.9588,1.966,2287962.2
2025-11-06 19:30:00+00:00,1.966,1.9663,1.9472,1.9593,3044950.9
2025-11-06 19:45:00+00:00,1.9592,1.9689,1.9535,1.9636,2578333.5
2025-11-06 20:00:00+00:00,1.9636,1.9768,1.9615,1.9622,6165038.1
2025-11-06 20:15:00+00:00,1.9622,1.9682,1.9501,1.952,1943560.6
2025-11-06 20:30:00+00:00,1.952,1.9581,1.9385,1.9431,3300832.2
2025-11-06 20:45:00+00:00,1.9432,1.9616,1.94,1.9585,2531152.1
2025-11-06 21:00:00+00:00,1.9585,1.9619,1.9485,1.9579,1640895.4
2025-11-06 21:15:00+00:00,1.9579,1.9635,1.9523,1.9619,1454938.8
2025-11-06 21:30:00+00:00,1.9619,1.9823,1.9611,1.9794,1495548.1
2025-11-06 21:45:00+00:00,1.9793,1.9861,1.9673,1.9772,1945828.0
2025-11-06 22:00:00+00:00,1.9773,1.9859,1.9755,1.9761,1827399.5
2025-11-06 22:15:00+00:00,1.976,1.9841,1.9708,1.9728,1535081.5
2025-11-06 22:30:00+00:00,1.9728,1.9784,1.9615,1.9644,1663856.0
2025-11-06 22:45:00+00:00,1.9643,1.9823,1.9592,1.978,852862.1
2025-11-06 23:00:00+00:00,1.9779,1.9793,1.9603,1.9655,1250297.0
2025-11-06 23:15:00+00:00,1.9655,1.9673,1.9512,1.9664,1741130.7
2025-11-06 23:30:00+00:00,1.9664,1.9682,1.9485,1.9589,1855043.0
2025-11-06 23:45:00+00:00,1.9589,1.9675,1.9589,1.9667,1141335.6
2025-11-07 00:00:00+00:00,1.9666,1.9843,1.965,1.9792,2123879.1
2025-11-07 00:15:00+00:00,1.9793,1.9849,1.9604,1.9648,2006677.9
2025-11-07 00:30:00+00:00,1.9648,1.9888,1.9638,1.988,1995218.9
2025-11-07 00:45:00+00:00,1.988,1.9954,1.9808,1.9883,1946999.5
2025-11-07 01:00:00+00:00,1.9884,1.9924,1.9675,1.9806,1900963.4
2025-11-07 01:15:00+00:00,1.9806,1.9959,1.9774,1.9874,1547525.2
2025-11-07 01:30:00+00:00,1.9874,1.9889,1.9546,1.9584,4314804.4
2025-11-07 01:45:00+00:00,1.9583,1.9833,1.9514,1.9828,2315121.5
2025-11-07 02:00:00+00:00,1.9827,1.9857,1.9723,1.9771,1794426.8
2025-11-07 02:15:00+00:00,1.9771,1.985,1.9636,1.9646,1747079.7
2025-11-07 02:30:00+00:00,1.9646,1.9899,1.9644,1.9873,1816551.9
2025-11-07 02:45:00+00:00,1.9874,1.9994,1.9853,1.9981,2190875.6
2025-11-07 03:00:00+00:00,1.9981,2.0113,1.9937,2.0053,2559819.5
2025-11-07 03:15:00+00:00,2.0052,2.0062,1.9926,2.0001,1668655.7
2025-11-07 03:30:00+00:00,2.0001,2.0001,1.9869,1.9903,1434938.2
2025-11-07 03:45:00+00:00,1.9903,2.0062,1.9875,2.0051,4061456.7
2025-11-07 04:00:00+00:00,2.0052,2.0099,1.9851,1.9864,3125508.9
2025-11-07 04:15:00+00:00,1.9865,2.0015,1.9863,1.999,1599454.4
2025-11-07 04:30:00+00:00,1.999,2.001,1.9902,1.9975,1169606.0
2025-11-07 04:45:00+00:00,1.9974,2.0149,1.9964,2.0125,2076874.2
2025-11-07 05:00:00+00:00,2.0125,2.0281,2.0117,2.0208,4352060.5
2025-11-07 05:15:00+00:00,2.0208,2.022,2.0117,2.0163,3163407.3
2025-11-07 05:30:00+00:00,2.0163,2.0215,2.0137,2.0181,1172910.9
2025-11-07 05:45:00+00:00,2.0181,2.026,2.0135,2.0223,1229064.7
2025-11-07 06:00:00+00:00,2.0224,2.0234,2.0169,2.0169,1446894.6
2025-11-07 06:15:00+00:00,2.0168,2.0223,2.0156,2.0174,1205612.6
2025-11-07 06:30:00+00:00,2.0175,2.0181,2.0097,2.0131,1421132.2
2025-11-07 06:45:00+00:00,2.013,2.0133,2.0044,2.0054,1330961.1
2025-11-07 07:00:00+00:00,2.0053,2.013,2.0053,2.0076,959879.0
2025-11-07 07:15:00+00:00,2.0077,2.0183,2.0048,2.0112,830505.2
2025-11-07 07:30:00+00:00,2.0112,2.0118,1.9988,2.0069,947067.1
2025-11-07 07:45:00+00:00,2.0069,2.0227,2.0066,2.0202,1313462.3
2025-11-07 08:00:00+00:00,2.0203,2.0272,2.0164,2.0267,1838242.3
2025-11-07 08:15:00+00:00,2.0268,2.0288,2.0104,2.0106,1352687.0
2025-11-07 08:30:00+00:00,2.0106,2.0119,2.0052,2.0096,1076548.2
2025-11-07 08:45:00+00:00,2.0096,2.0107,2.005,2.0105,707722.4
2025-11-07 09:00:00+00:00,2.0105,2.0107,1.99,1.9999,1759026.8
2025-11-07 09:15:00+00:00,1.9999,2.009,1.9788,1.9799,2281369.6
2025-11-07 09:30:00+00:00,1.9799,1.9884,1.9649,1.9723,3200031.4
2025-11-07 09:45:00+00:00,1.9723,1.9814,1.9708,1.9801,3516712.0
2025-11-07 10:00:00+00:00,1.98,2.0,1.9761,1.9858,2499238.7
2025-11-07 10:15:00+00:00,1.9859,1.9883,1.9685,1.9829,3125753.0
2025-11-07 10:30:00+00:00,1.9828,1.9935,1.9827,1.9928,1801324.7
2025-11-07 10:45:00+00:00,1.9928,1.9947,1.9705,1.9771,1295828.8
2025-11-07 11:00:00+00:00,1.977,1.9771,1.9505,1.9519,3662634.1
2025-11-07 11:15:00+00:00,1.952,1.9672,1.9475,1.9613,4910672.5
2025-11-07 11:30:00+00:00,1.9614,1.9669,1.951,1.9624,3111209.7
2025-11-07 11:45:00+00:00,1.9623,1.9817,1.9575,1.9722,2727676.2
2025-11-07 12:00:00+00:00,1.9722,1.9801,1.9665,1.9694,2243934.2
2025-11-07 12:15:00+00:00,1.9694,1.9694,1.9521,1.953,2119033.4
2025-11-07 12:30:00+00:00,1.9529,1.9686,1.9444,1.9553,5232128.1
2025-11-07 12:45:00+00:00,1.9553,1.9553,1.9332,1.9482,4630416.5
2025-11-07 13:00:00+00:00,1.9482,1.9628,1.937,1.9556,2706425.8
2025-11-07 13:15:00+00:00,1.9556,1.9728,1.9489,1.9522,2847135.5
2025-11-07 13:30:00+00:00,1.952,1.9593,1.9459,1.9556,4706852.5
2025-11-07 13:45:00+00:00,1.9556,1.9731,1.9547,1.961,2210615.3
2025-11-07 14:00:00+00:00,1.961,1.9795,1.9538,1.9685,2638937.7
2025-11-07 14:15:00+00:00,1.9686,1.9689,1.9548,1.9638,2799394.9
2025-11-07 14:30:00+00:00,1.9639,1.9795,1.9284,1.9794,12923411.2
2025-11-07 14:45:00+00:00,1.9793,2.0067,1.97,1.9971,9873093.1
2025-11-07 15:00:00+00:00,1.9971,2.0218,1.982,2.0141,6111820.1
2025-11-07 15:15:00+00:00,2.0142,2.048,2.0074,2.0418,8854964.2
2025-11-07 15:30:00+00:00,2.0417,2.0481,2.02,2.0313,5295239.9
2025-11-07 15:45:00+00:00,2.0314,2.0695,2.0302,2.0586,8106530.6
2025-11-07 16:00:00+00:00,2.0586,2.0648,2.025,2.0394,11692958.3
2025-11-07 16:15:00+00:00,2.0395,2.0843,2.0345,2.0794,12654408.1
2025-11-07 16:30:00+00:00,2.0793,2.0897,2.0706,2.0877,5829491.5
2025-11-07 16:45:00+00:00,2.0877,2.115,2.0792,2.0975,5929270.0
2025-11-07 17:00:00+00:00,2.0974,2.1231,2.0835,2.1184,4286170.1
2025-11-07 17:15:00+00:00,2.1185,2.1492,2.1165,2.1407,7911467.6
2025-11-07 17:30:00+00:00,2.1407,2.1461,2.1228,2.1399,6334469.7
2025-11-07 17:45:00+00:00,2.1398,2.1434,2.1212,2.1358,4746196.2
2025-11-07 18:00:00+00:00,2.1359,2.175,2.1309,2.165,6133050.2
2025-11-07 18:15:00+00:00,2.165,2.1809,2.156,2.1761,4930326.8
2025-11-07 18:30:00+00:00,2.1761,2.1927,2.1691,2.1848,4335743.8
2025-11-07 18:45:00+00:00,2.1849,2.1879,2.1695,2.1789,3721869.4
2025-11-07 19:00:00+00:00,2.1788,2.1809,2.1624,2.1792,3046360.1
2025-11-07 19:15:00+00:00,2.1792,2.1827,2.1582,2.1606,2770466.3
2025-11-07 19:30:00+00:00,2.1607,2.1817,2.1607,2.1768,2264732.9
2025-11-07 19:45:00+00:00,2.1768,2.1781,2.1601,2.1698,2185141.0
2025-11-07 20:00:00+00:00,2.1698,2.1844,2.1633,2.1802,3251139.7
2025-11-07 20:15:00+00:00,2.1803,2.1818,2.1601,2.1676,2278158.6
2025-11-07 20:30:00+00:00,2.1676,2.1842,2.1654,2.181,1739556.2
2025-11-07 20:45:00+00:00,2.1811,2.1834,2.1729,2.1785,1524510.8
2025-11-07 21:00:00+00:00,2.1785,2.1877,2.1753,2.1844,1387103.8
2025-11-07 21:15:00+00:00,2.1844,2.191,2.1711,2.1747,2476812.2
2025-11-07 21:30:00+00:00,2.1746,2.1811,2.1724,2.1788,1045356.9
2025-11-07 21:45:00+00:00,2.1788,2.1823,2.1736,2.1821,702043.0
2025-11-07 22:00:00+00:00,2.1821,2.1857,2.1688,2.1704,1424097.2
2025-11-07 22:15:00+00:00,2.1705,2.1831,2.1701,2.1812,1107125.9
2025-11-07 22:30:00+00:00,2.1813,2.1845,2.1746,2.1778,950612.1
2025-11-07 22:45:00+00:00,2.1778,2.1888,2.1768,2.1855,620927.0
2025-11-07 23:00:00+00:00,2.1856,2.1875,2.161,2.1613,1638503.8
2025-11-07 23:15:00+00:00,2.1613,2.1716,2.1456,2.149,2481673.5
2025-11-07 23:30:00+00:00,2.1491,2.16,2.1481,2.1501,1839245.3
2025-11-07 23:45:00+00:00,2.1501,2.1582,2.1345,2.1441,2465277.6
2025-11-08 00:00:00+00:00,2.144,2.1641,2.144,2.1636,2134437.2
2025-11-08 00:15:00+00:00,2.1636,2.1726,2.15,2.1514,1941602.4
2025-11-08 00:30:00+00:00,2.1512,2.16,2.1328,2.155,1893258.9
2025-11-08 00:45:00+00:00,2.1549,2.1728,2.134,2.1362,2349768.3
2025-11-08 01:00:00+00:00,2.1363,2.164,2.1334,2.1495,2525015.9
2025-11-08 01:15:00+00:00,2.1496,2.1662,2.1486,2.1599,1374414.1
2025-11-08 01:30:00+00:00,2.16,2.1734,2.1515,2.1632,1528378.1
2025-11-08 01:45:00+00:00,2.1632,2.1769,2.1589,2.1754,3436784.1
2025-11-08 02:00:00+00:00,2.1754,2.1794,2.1661,2.1717,1931432.8
2025-11-08 02:15:00+00:00,2.1717,2.1861,2.1685,2.1802,2107495.4
2025-11-08 02:30:00+00:00,2.1802,2.1994,2.1777,2.1936,2544713.1
2025-11-08 02:45:00+00:00,2.1936,2.1936,2.1518,2.1542,2928542.9
2025-11-08 03:00:00+00:00,2.1541,2.1757,2.1541,2.1654,2163999.0
2025-11-08 03:15:00+00:00,2.1655,2.1792,2.1655,2.173,1299809.9
2025-11-08 03:30:00+00:00,2.173,2.1786,2.15,2.1551,2803590.4
2025-11-08 03:45:00+00:00,2.155,2.1595,2.1405,2.142,2115534.5
2025-11-08 04:00:00+00:00,2.1421,2.1556,2.1416,2.1539,1855841.3
2025-11-08 04:15:00+00:00,2.154,2.1626,2.1489,2.15,1592841.2
2025-11-08 04:30:00+00:00,2.1499,2.1749,2.1491,2.1711,1611439.6
2025-11-08 04:45:00+00:00,2.1711,2.1777,2.1578,2.1588,1507183.0
2025-11-08 05:00:00+00:00,2.1589,2.168,2.1503,2.1537,2105343.6
2025-11-08 05:15:00+00:00,2.1536,2.1558,2.1401,2.1439,1771966.7
2025-11-08 05:30:00+00:00,2.144,2.1502,2.1256,2.1318,4564752.4
2025-11-08 05:45:00+00:00,2.1318,2.1351,2.12,2.1263,3722803.1
2025-11-08 06:00:00+00:00,2.1264,2.1334,2.1165,2.1185,3513901.0
2025-11-08 06:15:00+00:00,2.1184,2.1356,2.1154,2.1223,2202530.1
2025-11-08 06:30:00+00:00,2.1223,2.1438,2.1209,2.1409,1684731.7
2025-11-08 06:45:00+00:00,2.141,2.1488,2.1402,2.1442,1256756.1
2025-11-08 07:00:00+00:00,2.1443,2.145,2.1248,2.1314,2517144.3
2025-11-08 07:15:00+00:00,2.1315,2.1366,2.1176,2.1284,2196148.2
2025-11-08 07:30:00+00:00,2.1284,2.1441,2.1248,2.1401,1427382.2
2025-11-08 07:45:00+00:00,2.1401,2.1607,2.138,2.1603,1806869.1
2025-11-08 08:00:00+00:00,2.1603,2.1664,2.1547,2.157,1637678.2
2025-11-08 08:15:00+00:00,2.1571,2.1628,2.1448,2.1598,1352066.3
2025-11-08 08:30:00+00:00,2.1598,2.1641,2.1529,2.163,1793196.7
2025-11-08 08:45:00+00:00,2.1629,2.1652,2.1565,2.1607,1340453.8
2025-11-08 09:00:00+00:00,2.1606,2.1618,2.1531,2.1563,1390836.3
2025-11-08 09:15:00+00:00,2.1562,2.1614,2.1525,2.159,1099962.7
2025-11-08 09:30:00+00:00,2.1589,2.1592,2.1413,2.142,1556489.9
2025-11-08 09:45:00+00:00,2.142,2.1426,2.125,2.1345,1762939.0
2025-11-08 10:00:00+00:00,2.1345,2.1381,2.1304,2.1328,1001118.5
2025-11-08 10:15:00+00:00,2.1329,2.1465,2.1293,2.1431,1413453.6
2025-11-08 10:30:00+00:00,2.143,2.1476,2.135,2.1379,916659.4
2025-11-08 10:45:00+00:00,2.138,2.1488,2.1371,2.1433,1690190.5
2025-11-08 11:00:00+00:00,2.1432,2.1536,2.1382,2.1508,1132730.6
2025-11-08 11:15:00+00:00,2.1509,2.1515,2.1443,2.1499,1287037.0
2025-11-08 11:30:00+00:00,2.15,2.1545,2.1221,2.1241,2135044.0
2025-11-08 11:45:00+00:00,2.124,2.1304,2.1181,2.1269,1955055.7
2025-11-08 12:00:00+00:00,2.127,2.1342,2.1187,2.1197,1686940.4
2025-11-08 12:15:00+00:00,2.1196,2.1364,2.1196,2.1336,1107875.4
2025-11-08 12:30:00+00:00,2.1336,2.1353,2.1245,2.1245,1322655.5
2025-11-08 12:45:00+00:00,2.1245,2.1295,2.121,2.1276,1109309.4
2025-11-08 13:00:00+00:00,2.1277,2.1289,2.1027,2.1136,2519034.8
2025-11-08 13:15:00+00:00,2.1137,2.1191,2.1068,2.1125,2241001.0
2025-11-08 13:30:00+00:00,2.1124,2.1126,2.0932,2.1023,3649473.6
2025-11-08 13:45:00+00:00,2.1024,2.1028,2.087,2.0887,2029173.1
2025-11-08 14:00:00+00:00,2.0887,2.0974,2.0748,2.077,4082372.7
2025-11-08 14:15:00+00:00,2.077,2.0828,2.0648,2.0779,3133281.6
2025-11-08 14:30:00+00:00,2.0779,2.0998,2.0768,2.091,2806646.1
2025-11-08 14:45:00+00:00,2.091,2.0975,2.0877,2.0897,1428077.8
2025-11-08 15:00:00+00:00,2.0897,2.0945,2.0772,2.0868,2375896.8
2025-11-08 15:15:00+00:00,2.0867,2.0899,2.0631,2.0733,2761368.9
2025-11-08 15:30:00+00:00,2.0733,2.0763,2.0602,2.0655,2374237.4
2025-11-08 15:45:00+00:00,2.0654,2.077,2.0647,2.0703,1716230.7
2025-11-08 16:00:00+00:00,2.0703,2.0857,2.059,2.0836,2673130.9
2025-11-08 16:15:00+00:00,2.0835,2.0867,2.0679,2.0794,1570326.4
2025-11-08 16:30:00+00:00,2.0795,2.0886,2.0757,2.0781,1491158.2
2025-11-08 16:45:00+00:00,2.0781,2.0825,2.0724,2.0815,1309839.8
2025-11-08 17:00:00+00:00,2.0815,2.0844,2.0739,2.0792,1022761.1
2025-11-08 17:15:00+00:00,2.0793,2.0955,2.0793,2.0901,1391423.8
2025-11-08 17:30:00+00:00,2.0901,2.1037,2.0888,2.1029,1494234.6
2025-11-08 17:45:00+00:00,2.1028,2.1049,2.0948,2.1,1250598.7
2025-11-08 18:00:00+00:00,2.1001,2.1051,2.0966,2.1021,1033578.5
2025-11-08 18:15:00+00:00,2.1022,2.1025,2.0919,2.0971,723578.9
2025-11-08 18:30:00+00:00,2.0971,2.1083,2.0971,2.1072,1290921.3
2025-11-08 18:45:00+00:00,2.1073,2.1118,2.1018,2.1053,1449550.8
2025-11-08 19:00:00+00:00,2.1053,2.1087,2.1029,2.1066,857838.7
2025-11-08 19:15:00+00:00,2.1067,2.1072,2.0779,2.0872,3545035.3
2025-11-08 19:30:00+00:00,2.0871,2.1002,2.0832,2.0978,1509956.0
2025-11-08 19:45:00+00:00,2.0978,2.0999,2.0912,2.0984,785423.5
2025-11-08 20:00:00+00:00,2.0984,2.1035,2.0919,2.0933,761787.2
2025-11-08 20:15:00+00:00,2.0932,2.102,2.0903,2.102,976955.6
2025-11-08 20:30:00+00:00,2.1021,2.1148,2.1019,2.1147,2596001.3
2025-11-08 20:45:00+00:00,2.1148,2.1189,2.1073,2.1129,873739.6
2025-11-08 21:00:00+00:00,2.1129,2.1171,2.108,2.1091,655041.1
2025-11-08 21:15:00+00:00,2.1091,2.1116,2.1064,2.1114,661083.7
2025-11-08 21:30:00+00:00,2.1115,2.1183,2.1069,2.1155,550000.0
2025-11-08 21:45:00+00:00,2.1154,2.1174,2.1106,2.113,492029.5
2025-11-08 22:00:00+00:00,2.1131,2.1137,2.1084,2.1108,643268.1
2025-11-08 22:15:00+00:00,2.1108,2.1158,2.1067,2.115,551022.7
2025-11-08 22:30:00+00:00,2.1151,2.1157,2.1125,2.1138,367223.2
2025-11-08 22:45:00+00:00,2.1138,2.1241,2.1122,2.1176,558457.3
2025-11-08 23:00:00+00:00,2.1176,2.1202,2.1126,2.119,497792.8
2025-11-08 23:15:00+00:00,2.119,2.1234,2.1167,2.1221,615734.0
2025-11-08 23:30:00+00:00,2.1222,2.125,2.1182,2.1193,472278.5
2025-11-08 23:45:00+00:00,2.1194,2.123,2.1182,2.1215,333845.1
2025-11-09 00:00:00+00:00,2.1215,2.1224,2.1114,2.1121,2552547.4
2025-11-09 00:15:00+00:00,2.1121,2.1137,2.0988,2.1028,1730812.4
2025-11-09 00:30:00+00:00,2.1028,2.109,2.1027,2.103,666015.3
2025-11-09 00:45:00+00:00,2.103,2.1064,2.0887,2.0937,1238620.4
2025-11-09 01:00:00+00:00,2.0937,2.1071,2.0928,2.1032,1094718.6
2025-11-09 01:15:00+00:00,2.1032,2.1064,2.0983,2.1005,462791.8
2025-11-09 01:30:00+00:00,2.1006,2.1009,2.0884,2.0998,783279.2
2025-11-09 01:45:00+00:00,2.0998,2.108,2.0996,2.1074,761927.7
2025-11-09 02:00:00+00:00,2.1073,2.1074,2.0988,2.1005,678322.2
2025-11-09 02:15:00+00:00,2.1006,2.1077,2.0952,2.0954,782157.5
2025-11-09 02:30:00+00:00,2.0953,2.0953,2.0677,2.0719,2322976.7
2025-11-09 02:45:00+00:00,2.0719,2.081,2.0577,2.0622,2101203.6
2025-11-09 03:00:00+00:00,2.0622,2.0721,2.061,2.0676,1876135.7
2025-11-09 03:15:00+00:00,2.0675,2.0715,2.0459,2.0546,3379604.9
2025-11-09 03:30:00+00:00,2.0547,2.0627,2.0499,2.055,1164997.2
2025-11-09 03:45:00+00:00,2.0551,2.0639,2.0506,2.0593,729040.2
2025-11-09 04:00:00+00:00,2.0592,2.0673,2.0568,2.065,984779.9
2025-11-09 04:15:00+00:00,2.0649,2.0776,2.0647,2.0707,1505070.2
2025-11-09 04:30:00+00:00,2.0707,2.073,2.0582,2.0606,906241.8
2025-11-09 04:45:00+00:00,2.0607,2.064,2.0576,2.0625,586580.3
2025-11-09 05:00:00+00:00,2.0625,2.0675,2.0559,2.0662,809251.4
2025-11-09 05:15:00+00:00,2.0662,2.0749,2.0639,2.0746,848566.0
2025-11-09 05:30:00+00:00,2.0748,2.0788,2.061,2.068,1897773.8
2025-11-09 05:45:00+00:00,2.068,2.0766,2.0671,2.0741,617375.6
2025-11-09 06:00:00+00:00,2.0742,2.0745,2.0655,2.0736,498867.3
2025-11-09 06:15:00+00:00,2.0736,2.0879,2.0704,2.0833,2067026.7
2025-11-09 06:30:00+00:00,2.0832,2.0943,2.0784,2.0877,990791.9
2025-11-09 06:45:00+00:00,2.0878,2.0889,2.068,2.0782,2781823.8
2025-11-09 07:00:00+00:00,2.0781,2.0863,2.0731,2.0847,852667.0
2025-11-09 07:15:00+00:00,2.0846,2.0871,2.08,2.0848,722571.9
2025-11-09 07:30:00+00:00,2.0848,2.1109,2.0848,2.1045,4708931.4
2025-11-09 07:45:00+00:00,2.1045,2.1087,2.0981,2.1035,1337949.0
2025-11-09 08:00:00+00:00,2.1035,2.1038,2.0951,2.1029,1164130.1
2025-11-09 08:15:00+00:00,2.1029,2.103,2.0906,2.0913,1150938.5
2025-11-09 08:30:00+00:00,2.0913,2.098,2.0855,2.0919,1068192.2
2025-11-09 08:45:00+00:00,2.0918,2.092,2.0822,2.0892,711039.4
2025-11-09 09:00:00+00:00,2.0893,2.1027,2.0893,2.0972,1036935.2
2025-11-09 09:15:00+00:00,2.0971,2.1073,2.0955,2.1002,1331989.6
2025-11-09 09:30:00+00:00,2.1002,2.1009,2.0791,2.0823,1465108.5
2025-11-09 09:45:00+00:00,2.0822,2.0823,2.0653,2.0715,2639433.8
2025-11-09 10:00:00+00:00,2.0715,2.072,2.0576,2.0623,2153709.4
2025-11-09 10:15:00+00:00,2.0623,2.0732,2.057,2.065,3818291.8
2025-11-09 10:30:00+00:00,2.0649,2.0701,2.0571,2.0696,1356899.6
2025-11-09 10:45:00+00:00,2.0696,2.0811,2.0694,2.0799,1286405.7
2025-11-09 11:00:00+00:00,2.0799,2.1037,2.0799,2.1022,3223776.3
2025-11-09 11:15:00+00:00,2.1021,2.1038,2.0888,2.0915,2037757.5
2025-11-09 11:30:00+00:00,2.0914,2.0948,2.0844,2.0911,929230.5
2025-11-09 11:45:00+00:00,2.0911,2.0975,2.0885,2.0907,1023334.9
2025-11-09 12:00:00+00:00,2.0906,2.096,2.0877,2.0936,1020684.4
2025-11-09 12:15:00+00:00,2.0937,2.1052,2.0926,2.0945,1744677.2
2025-11-09 12:30:00+00:00,2.0944,2.0987,2.09,2.0943,776434.9
2025-11-09 12:45:00+00:00,2.0943,2.0979,2.088,2.0895,862177.8
2025-11-09 13:00:00+00:00,2.0896,2.0955,2.0859,2.0928,1088899.9
2025-11-09 13:15:00+00:00,2.0928,2.1007,2.0876,2.1007,1019684.2
2025-11-09 13:30:00+00:00,2.1007,2.1081,2.0958,2.1033,1766889.3
2025-11-09 13:45:00+00:00,2.1034,2.1042,2.0959,2.1008,1469610.8
2025-11-09 14:00:00+00:00,2.1008,2.104,2.0862,2.0974,1845490.7
2025-11-09 14:15:00+00:00,2.0973,2.133,2.0945,2.132,5201267.6
2025-11-09 14:30:00+00:00,2.1321,2.1401,2.1126,2.1188,5104249.4
2025-11-09 14:45:00+00:00,2.1188,2.1207,2.0965,2.1002,2554447.7
2025-11-09 15:00:00+00:00,2.1001,2.1284,2.1001,2.1172,2681762.0
2025-11-09 15:15:00+00:00,2.1172,2.1291,2.114,2.1276,1260115.0
2025-11-09 15:30:00+00:00,2.1276,2.1352,2.1223,2.1296,1399195.3
2025-11-09 15:45:00+00:00,2.1296,2.1306,2.1134,2.1219,1954779.8
2025-11-09 16:00:00+00:00,2.1219,2.1251,2.1112,2.1126,1854792.4
2025-11-09 16:15:00+00:00,2.1125,2.1266,2.1069,2.1228,2825411.9
2025-11-09 16:30:00+00:00,2.1229,2.1241,2.1143,2.1232,1125389.7
2025-11-09 16:45:00+00:00,2.1232,2.1438,2.1224,2.1402,4141965.9
2025-11-09 17:00:00+00:00,2.1403,2.1409,2.127,2.1302,1354616.4
2025-11-09 17:15:00+00:00,2.1302,2.1304,2.1117,2.1168,1579517.1
2025-11-09 17:30:00+00:00,2.1168,2.1212,2.1084,2.1124,1150268.5
2025-11-09 17:45:00+00:00,2.1125,2.1182,2.1108,2.1164,774785.5
2025-11-09 18:00:00+00:00,2.1165,2.1181,2.1062,2.109,927553.8
2025-11-09 18:15:00+00:00,2.1091,2.1121,2.1054,2.1058,775951.2
2025-11-09 18:30:00+00:00,2.1057,2.1187,2.1053,2.1183,791027.6
2025-11-09 18:45:00+00:00,2.1183,2.1369,2.1153,2.1363,1762293.6
2025-11-09 19:00:00+00:00,2.1364,2.1394,2.1312,2.1338,1510381.0
2025-11-09 19:15:00+00:00,2.1338,2.1482,2.1323,2.1473,1304057.2
2025-11-09 19:30:00+00:00,2.1474,2.1537,2.1444,2.149,2127199.4
2025-11-09 19:45:00+00:00,2.1491,2.1663,2.148,2.1638,1853358.0
2025-11-09 20:00:00+00:00,2.1639,2.1669,2.1441,2.1521,2469112.9
2025-11-09 20:15:00+00:00,2.1522,2.1651,2.1489,2.1574,1439654.9
2025-11-09 20:30:00+00:00,2.1574,2.1645,2.1556,2.1556,1558512.2
2025-11-09 20:45:00+00:00,2.1556,2.156,2.1482,2.1542,1277409.2
2025-11-09 21:00:00+00:00,2.1543,2.1612,2.1459,2.1484,1306607.9
2025-11-09 21:15:00+00:00,2.1485,2.1609,2.1484,2.1542,1431202.3
2025-11-09 21:30:00+00:00,2.1542,2.1589,2.1517,2.1589,594353.2
2025-11-09 21:45:00+00:00,2.159,2.1616,2.1491,2.1562,992320.2
2025-11-09 22:00:00+00:00,2.1563,2.1567,2.1427,2.1483,1076661.7
2025-11-09 22:15:00+00:00,2.1484,2.1542,2.1401,2.1416,850019.3
2025-11-09 22:30:00+00:00,2.1416,2.1418,2.1305,2.1388,1205717.0
2025-11-09 22:45:00+00:00,2.1388,2.1545,2.1388,2.1501,768193.0
2025-11-09 23:00:00+00:00,2.1501,2.1707,2.1447,2.1467,2459896.7
2025-11-09 23:15:00+00:00,2.1467,2.1515,2.1358,2.137,1323666.6
2025-11-09 23:30:00+00:00,2.1371,2.1428,2.1344,2.1371,1065435.9
2025-11-09 23:45:00+00:00,2.1371,2.1444,2.1361,2.1437,945889.0
2025-11-10 00:00:00+00:00,2.1438,2.1457,2.127,2.1436,1820535.7
2025-11-10 00:15:00+00:00,2.1436,2.1617,2.1417,2.1497,1907632.6
2025-11-10 00:30:00+00:00,2.1497,2.1666,2.1471,2.1663,2201225.5
2025-11-10 00:45:00+00:00,2.1663,2.1897,2.1649,2.1702,4059082.1
2025-11-10 01:00:00+00:00,2.1702,2.1825,2.1551,2.163,4250945.1
2025-11-10 01:15:00+00:00,2.1631,2.1714,2.1569,2.162,2166480.0
2025-11-10 01:30:00+00:00,2.162,2.1668,2.154,2.1592,1125706.7
2025-11-10 01:45:00+00:00,2.1593,2.1729,2.159,2.1602,1448905.8
2025-11-10 02:00:00+00:00,2.1602,2.1641,2.1513,2.1617,1215830.7
2025-11-10 02:15:00+00:00,2.1617,2.1656,2.1575,2.161,1195427.4
2025-11-10 02:30:00+00:00,2.1611,2.166,2.1486,2.1501,1321960.4
2025-11-10 02:45:00+00:00,2.1501,2.163,2.1492,2.1623,1962331.6
2025-11-10 03:00:00+00:00,2.1623,2.1858,2.1623,2.172,2639627.9
2025-11-10 03:15:00+00:00,2.1719,2.1787,2.1702,2.1752,1075197.4
2025-11-10 03:30:00+00:00,2.1752,2.19,2.1733,2.1873,1518860.0
2025-11-10 03:45:00+00:00,2.1874,2.1874,2.1678,2.1751,2154326.8
2025-11-10 04:00:00+00:00,2.175,2.1866,2.1744,2.1799,1247427.5
2025-11-10 04:15:00+00:00,2.1799,2.1799,2.1658,2.1744,1390747.7
2025-11-10 04:30:00+00:00,2.1744,2.1798,2.1716,2.1775,1009323.3
2025-11-10 04:45:00+00:00,2.1776,2.19,2.1731,2.1825,1497561.3
2025-11-10 05:00:00+00:00,2.1825,2.1939,2.1825,2.1908,1247040.0
2025-11-10 05:15:00+00:00,2.1908,2.1911,2.1751,2.1783,1009526.0
2025-11-10 05:30:00+00:00,2.1783,2.1833,2.165,2.1783,1335153.4
2025-11-10 05:45:00+00:00,2.1783,2.1845,2.175,2.1809,834571.9
2025-11-10 06:00:00+00:00,2.1809,2.1867,2.1751,2.1786,1095785.8
2025-11-10 06:15:00+00:00,2.1787,2.1838,2.1624,2.1673,2162370.8
2025-11-10 06:30:00+00:00,2.1672,2.173,2.1641,2.171,923435.1
2025-11-10 06:45:00+00:00,2.171,2.1785,2.1693,2.1712,802946.6
2025-11-10 07:00:00+00:00,2.1712,2.1877,2.1698,2.1847,1750484.0
2025-11-10 07:15:00+00:00,2.1846,2.1846,2.1744,2.1763,887594.6
2025-11-10 07:30:00+00:00,2.1764,2.1834,2.1672,2.1751,1830784.7
2025-11-10 07:45:00+00:00,2.1751,2.1765,2.1715,2.1747,641861.3
2025-11-10 08:00:00+00:00,2.1747,2.1751,2.1582,2.1603,1445488.1
2025-11-10 08:15:00+00:00,2.1603,2.1728,2.1574,2.1717,1198067.6
2025-11-10 08:30:00+00:00,2.1717,2.1717,2.1437,2.1518,2364874.1
2025-11-10 08:45:00+00:00,2.1518,2.1608,2.1498,2.1599,1306160.4
2025-11-10 09:00:00+00:00,2.1599,2.1692,2.156,2.1687,1343475.3
2025-11-10 09:15:00+00:00,2.1687,2.1852,2.1654,2.1847,1702096.7
2025-11-10 09:30:00+00:00,2.1848,2.2012,2.1814,2.1978,1989609.2
2025-11-10 09:45:00+00:00,2.1979,2.23,2.1979,2.2178,5054919.0
2025-11-10 10:00:00+00:00,2.2178,2.2198,2.1862,2.19,3685574.8
2025-11-10 10:15:00+00:00,2.1901,2.2067,2.1888,2.1953,2471051.7
2025-11-10 10:30:00+00:00,2.1953,2.1972,2.1754,2.1846,2092609.2
2025-11-10 10:45:00+00:00,2.1846,2.1903,2.1815,2.1885,1148435.8
2025-11-10 11:00:00+00:00,2.1886,2.205,2.1855,2.1995,1753862.2
2025-11-10 11:15:00+00:00,2.1994,2.2043,2.1953,2.1974,1193188.8
2025-11-10 11:30:00+00:00,2.1975,2.201,2.1901,2.2001,1158430.1
2025-11-10 11:45:00+00:00,2.2001,2.2064,2.1927,2.1945,1195132.4
2025-11-10 12:00:00+00:00,2.1945,2.1971,2.176,2.1876,1932808.5
2025-11-10 12:15:00+00:00,2.1876,2.1927,2.1797,2.1903,1119921.3
2025-11-10 12:30:00+00:00,2.1903,2.1929,2.1826,2.1895,1033541.4
2025-11-10 12:45:00+00:00,2.1895,2.1895,2.1793,2.1856,1191458.6
2025-11-10 13:00:00+00:00,2.1857,2.2055,2.1813,2.1953,1982654.1
2025-11-10 13:15:00+00:00,2.1954,2.2012,2.1869,2.1989,1558839.0
2025-11-10 13:30:00+00:00,2.199,2.22,2.199,2.2142,1875602.2
2025-11-10 13:45:00+00:00,2.2142,2.2169,2.2037,2.2037,1169437.6
2025-11-10 14:00:00+00:00,2.2037,2.2037,2.1806,2.1836,2423363.4
2025-11-10 14:15:00+00:00,2.1836,2.1937,2.1773,2.1868,1403770.9
2025-11-10 14:30:00+00:00,2.1868,2.1896,2.1698,2.173,3831155.7
2025-11-10 14:45:00+00:00,2.1731,2.1758,2.1343,2.1486,7910926.2
2025-11-10 15:00:00+00:00,2.1486,2.1609,2.145,2.1495,2811560.2
2025-11-10 15:15:00+00:00,2.1496,2.1705,2.1494,2.1693,2835345.9
2025-11-10 15:30:00+00:00,2.1694,2.1749,2.1501,2.1671,3903761.7
2025-11-10 15:45:00+00:00,2.1671,2.1683,2.136,2.148,2718267.5
2025-11-10 16:00:00+00:00,2.1479,2.165,2.1403,2.1564,2642882.6
2025-11-10 16:15:00+00:00,2.1564,2.1594,2.1432,2.1453,1377057.7
2025-11-10 16:30:00+00:00,2.1454,2.1504,2.1272,2.1296,2522651.0
2025-11-10 16:45:00+00:00,2.1297,2.1417,2.122,2.1334,2597902.5
2025-11-10 17:00:00+00:00,2.1333,2.1496,2.1313,2.1399,1852906.9
2025-11-10 17:15:00+00:00,2.1399,2.1578,2.1384,2.1492,3289218.0
2025-11-10 17:30:00+00:00,2.1492,2.1636,2.1487,2.1622,1315748.1
2025-11-10 17:45:00+00:00,2.1623,2.1689,2.1558,2.1597,1346518.0
2025-11-10 18:00:00+00:00,2.1597,2.1649,2.1437,2.1438,1455362.1
2025-11-10 18:15:00+00:00,2.1438,2.1518,2.1431,2.149,730559.0
2025-11-10 18:30:00+00:00,2.1491,2.1546,2.1451,2.1509,741393.7
2025-11-10 18:45:00+00:00,2.1508,2.1537,2.1334,2.134,987627.1
2025-11-10 19:00:00+00:00,2.1339,2.1439,2.1313,2.1426,1541264.7
2025-11-10 19:15:00+00:00,2.1425,2.1496,2.1408,2.1424,721976.1
2025-11-10 19:30:00+00:00,2.1423,2.1605,2.1332,2.1548,1333092.9
2025-11-10 19:45:00+00:00,2.1547,2.1619,2.1461,2.149,1281440.7
2025-11-10 20:00:00+00:00,2.1489,2.1686,2.1477,2.1669,1247095.6
2025-11-10 20:15:00+00:00,2.1669,2.167,2.1499,2.1507,1212574.6
2025-11-10 20:30:00+00:00,2.1507,2.1598,2.1442,2.1588,976920.7
2025-11-10 20:45:00+00:00,2.1587,2.1647,2.1478,2.1525,1287173.7
2025-11-10 21:00:00+00:00,2.1525,2.1531,2.124,2.133,2649731.5
2025-11-10 21:15:00+00:00,2.1331,2.1331,2.1177,2.1237,1566326.4
2025-11-10 21:30:00+00:00,2.1238,2.1268,2.1176,2.125,1315022.5
2025-11-10 21:45:00+00:00,2.125,2.1275,2.1117,2.1257,2291916.3
2025-11-10 22:00:00+00:00,2.1257,2.1375,2.1207,2.1246,1652723.7
2025-11-10 22:15:00+00:00,2.1245,2.1377,2.1228,2.1368,981114.2
2025-11-10 22:30:00+00:00,2.1367,2.1519,2.1356,2.1504,956706.7
2025-11-10 22:45:00+00:00,2.1503,2.1735,2.1484,2.1703,1855574.2
2025-11-10 23:00:00+00:00,2.1704,2.1761,2.1622,2.1746,1328790.5
2025-11-10 23:15:00+00:00,2.1748,2.1786,2.1664,2.1688,1054090.4
2025-11-10 23:30:00+00:00,2.1689,2.1727,2.1567,2.1648,1264923.1
2025-11-10 23:45:00+00:00,2.1648,2.17,2.1578,2.1618,670585.0
2025-11-11 00:00:00+00:00,2.1618,2.166,2.1351,2.1354,3305587.9
2025-11-11 00:15:00+00:00,2.1354,2.1465,2.1276,2.1313,1745076.7
2025-11-11 00:30:00+00:00,2.1313,2.1341,2.1169,2.1178,1531246.1
2025-11-11 00:45:00+00:00,2.1177,2.1407,2.1148,2.1393,1467269.1
2025-11-11 01:00:00+00:00,2.1393,2.1489,2.1347,2.1486,1170232.7
2025-11-11 01:15:00+00:00,2.1485,2.1968,2.148,2.1677,5354818.5
2025-11-11 01:30:00+00:00,2.1678,2.1694,2.1475,2.1509,2409580.2
2025-11-11 01:45:00+00:00,2.1508,2.1647,2.1407,2.1466,1623301.1
2025-11-11 02:00:00+00:00,2.1467,2.1577,2.1314,2.1542,2066484.3
2025-11-11 02:15:00+00:00,2.1542,2.1635,2.1449,2.1635,1416678.9
2025-11-11 02:30:00+00:00,2.1635,2.194,2.1616,2.18,3035443.3
2025-11-11 02:45:00+00:00,2.18,2.1852,2.1687,2.1818,1395454.2
2025-11-11 03:00:00+00:00,2.1817,2.1951,2.1788,2.1944,2378900.4
2025-11-11 03:15:00+00:00,2.1945,2.205,2.1891,2.1961,2368654.0
2025-11-11 03:30:00+00:00,2.196,2.2031,2.1826,2.1827,1364153.1
2025-11-11 03:45:00+00:00,2.1829,2.194,2.181,2.1914,1386710.5
2025-11-11 04:00:00+00:00,2.1913,2.1947,2.1741,2.1749,1978167.2
2025-11-11 04:15:00+00:00,2.1749,2.1838,2.1673,2.1683,1543964.6
2025-11-11 04:30:00+00:00,2.1682,2.1698,2.1534,2.161,1843352.4
2025-11-11 04:45:00+00:00,2.161,2.163,2.1532,2.1581,1882462.4
2025-11-11 05:00:00+00:00,2.158,2.159,2.1361,2.1368,2167838.7
2025-11-11 05:15:00+00:00,2.1367,2.1434,2.13,2.1392,3137869.0
2025-11-11 05:30:00+00:00,2.1392,2.1422,2.1305,2.1314,2277132.3
2025-11-11 05:45:00+00:00,2.1314,2.1402,2.1252,2.1267,1952739.9
2025-11-11 06:00:00+00:00,2.1268,2.1303,2.1157,2.1218,3307455.6
2025-11-11 06:15:00+00:00,2.1219,2.1293,2.1172,2.1218,1345689.3
2025-11-11 06:30:00+00:00,2.1218,2.1266,2.1193,2.1198,1037842.6
2025-11-11 06:45:00+00:00,2.1197,2.1197,2.0972,2.1148,7608760.2
2025-11-11 07:00:00+00:00,2.1147,2.1182,2.0992,2.1072,2020458.7
2025-11-11 07:15:00+00:00,2.1072,2.1076,2.0912,2.1053,1996770.8
2025-11-11 07:30:00+00:00,2.1052,2.1084,2.0859,2.0916,1810463.9
2025-11-11 07:45:00+00:00,2.0916,2.0925,2.0819,2.0835,1765397.9
2025-11-11 08:00:00+00:00,2.0834,2.0987,2.0821,2.0923,1788000.6
2025-11-11 08:15:00+00:00,2.0923,2.0989,2.089,2.0893,1224738.6
2025-11-11 08:30:00+00:00,2.0892,2.0914,2.0686,2.0818,5102578.6
2025-11-11 08:45:00+00:00,2.0818,2.09,2.0814,2.0886,1865473.6
2025-11-11 09:00:00+00:00,2.0886,2.1047,2.0868,2.0941,1829615.4
2025-11-11 09:15:00+00:00,2.0941,2.0995,2.0866,2.0963,1249384.2
2025-11-11 09:30:00+00:00,2.0963,2.1032,2.0865,2.0867,1480473.0
2025-11-11 09:45:00+00:00,2.0868,2.0894,2.0815,2.0828,1032435.9
2025-11-11 10:00:00+00:00,2.0827,2.093,2.0805,2.0876,827227.8
2025-11-11 10:15:00+00:00,2.0876,2.096,2.0838,2.088,895882.6
2025-11-11 10:30:00+00:00,2.088,2.0934,2.0802,2.0927,955413.9
2025-11-11 10:45:00+00:00,2.0927,2.0956,2.087,2.0914,703249.7
2025-11-11 11:00:00+00:00,2.0913,2.1032,2.0902,2.098,963675.7
2025-11-11 11:15:00+00:00,2.0979,2.1017,2.0923,2.0951,1027135.3
2025-11-11 11:30:00+00:00,2.0951,2.0986,2.0902,2.095,1041997.8
2025-11-11 11:45:00+00:00,2.0949,2.096,2.0819,2.0921,1104854.7
2025-11-11 12:00:00+00:00,2.0921,2.1027,2.085,2.0902,1562236.1
2025-11-11 12:15:00+00:00,2.0901,2.0935,2.079,2.0801,1639480.1
2025-11-11 12:30:00+00:00,2.08,2.0852,2.0732,2.0785,1418292.7
2025-11-11 12:45:00+00:00,2.0785,2.0904,2.0735,2.0869,3541161.9
2025-11-11 13:00:00+00:00,2.0869,2.0979,2.0853,2.0938,1779822.4
2025-11-11 13:15:00+00:00,2.0937,2.0965,2.0872,2.0919,1633920.7
2025-11-11 13:30:00+00:00,2.0919,2.0973,2.0873,2.0908,674254.4
2025-11-11 13:45:00+00:00,2.0907,2.0978,2.0773,2.0812,1636652.8
2025-11-11 14:00:00+00:00,2.0813,2.084,2.0694,2.0797,2506452.1
2025-11-11 14:15:00+00:00,2.0796,2.0932,2.0775,2.0871,1280995.8
2025-11-11 14:30:00+00:00,2.0871,2.0895,2.0802,2.0825,1668604.3
2025-11-11 14:45:00+00:00,2.0826,2.1088,2.066,2.1075,4342245.8
2025-11-11 15:00:00+00:00,2.1074,2.1074,2.087,2.0975,3098309.6
2025-11-11 15:15:00+00:00,2.0974,2.1066,2.0873,2.0877,1550910.8
2025-11-11 15:30:00+00:00,2.0877,2.088,2.0742,2.0818,2145395.0
2025-11-11 15:45:00+00:00,2.0817,2.0855,2.07,2.0779,1944439.0
2025-11-11 16:00:00+00:00,2.0779,2.0869,2.0723,2.0797,3359147.5
2025-11-11 16:15:00+00:00,2.0797,2.0921,2.0747,2.0768,3393371.9
2025-11-11 16:30:00+00:00,2.0768,2.0854,2.0713,2.0798,2120465.3
2025-11-11 16:45:00+00:00,2.0797,2.0884,2.0757,2.0781,1180779.7
2025-11-11 17:00:00+00:00,2.0781,2.094,2.0742,2.0888,1340558.5
2025-11-11 17:15:00+00:00,2.0888,2.0905,2.0748,2.0763,1080295.5
2025-11-11 17:30:00+00:00,2.0763,2.0797,2.0577,2.0725,3273170.9
2025-11-11 17:45:00+00:00,2.0724,2.0766,2.066,2.0729,1305030.5
2025-11-11 18:00:00+00:00,2.0728,2.08,2.0607,2.069,1685310.1
2025-11-11 18:15:00+00:00,2.0691,2.0709,2.0538,2.0647,1721473.5
2025-11-11 18:30:00+00:00,2.0643,2.0699,2.0565,2.0583,1319795.7
2025-11-11 18:45:00+00:00,2.0583,2.0693,2.0576,2.0625,1304534.8
2025-11-11 19:00:00+00:00,2.0625,2.0625,2.0369,2.0497,4461996.3
2025-11-11 19:15:00+00:00,2.0497,2.0589,2.0497,2.0577,1249177.9
2025-11-11 19:30:00+00:00,2.0577,2.0602,2.0468,2.0488,1024636.6
2025-11-11 19:45:00+00:00,2.0487,2.0529,2.0355,2.0408,1446447.3
2025-11-11 20:00:00+00:00,2.0408,2.0449,2.0312,2.0377,2007337.7
2025-11-11 20:15:00+00:00,2.0377,2.0441,2.0354,2.037,1046109.0
2025-11-11 20:30:00+00:00,2.0369,2.0369,2.0203,2.021,4103819.7
2025-11-11 20:45:00+00:00,2.021,2.0255,2.0151,2.0209,1933457.1
2025-11-11 21:00:00+00:00,2.0209,2.0317,2.0173,2.0264,1678199.0
2025-11-11 21:15:00+00:00,2.0264,2.031,2.0224,2.026,859844.1
2025-11-11 21:30:00+00:00,2.026,2.0263,2.0066,2.01,2650104.8
2025-11-11 21:45:00+00:00,2.01,2.0179,2.007,2.0112,1185078.7
2025-11-11 22:00:00+00:00,2.0114,2.0234,2.0011,2.0223,2702291.9
2025-11-11 22:15:00+00:00,2.0222,2.0236,2.0097,2.0221,2174416.2
2025-11-11 22:30:00+00:00,2.0221,2.0308,2.0191,2.0293,786376.5
2025-11-11 22:45:00+00:00,2.0292,2.0343,2.0267,2.0296,487056.9
2025-11-11 23:00:00+00:00,2.0296,2.03,2.0188,2.0245,1356433.6
2025-11-11 23:15:00+00:00,2.0244,2.0308,2.0206,2.0241,918410.7
2025-11-11 23:30:00+00:00,2.024,2.024,2.0087,2.0146,1068731.7
2025-11-11 23:45:00+00:00,2.0146,2.0159,2.0013,2.0069,1936567.8
2025-11-12 00:00:00+00:00,2.0069,2.0182,1.9931,2.0055,3551678.9
2025-11-12 00:15:00+00:00,2.0055,2.0203,2.0035,2.0173,2287147.3
2025-11-12 00:30:00+00:00,2.0172,2.0193,2.0081,2.0176,1812499.3
2025-11-12 00:45:00+00:00,2.0175,2.02,2.004,2.0052,1124231.1
2025-11-12 01:00:00+00:00,2.0052,2.0214,2.0004,2.0195,2102324.6
2025-11-12 01:15:00+00:00,2.0195,2.0265,2.0102,2.0165,2075890.3
2025-11-12 01:30:00+00:00,2.0166,2.0238,2.0136,2.0214,1304773.3
2025-11-12 01:45:00+00:00,2.0214,2.025,2.0185,2.0226,990010.8
2025-11-12 02:00:00+00:00,2.0227,2.031,2.02,2.0288,1338999.5
2025-11-12 02:15:00+00:00,2.0289,2.0327,2.0148,2.0203,1604097.8
2025-11-12 02:30:00+00:00,2.0202,2.0206,2.0028,2.0127,1750994.3
2025-11-12 02:45:00+00:00,2.0127,2.022,2.0103,2.0194,858187.8
2025-11-12 03:00:00+00:00,2.0194,2.0258,2.0163,2.0245,964384.2
2025-11-12 03:15:00+00:00,2.0245,2.0271,2.0206,2.0251,979083.1
2025-11-12 03:30:00+00:00,2.0251,2.0264,2.0202,2.0232,759583.7
2025-11-12 03:45:00+00:00,2.0232,2.0253,2.02,2.022,582149.2
2025-11-12 04:00:00+00:00,2.022,2.0262,2.0184,2.0259,657940.7
2025-11-12 04:15:00+00:00,2.026,2.0272,2.0172,2.0175,1565114.6
2025-11-12 04:30:00+00:00,2.0176,2.0194,2.0123,2.0144,950118.3
2025-11-12 04:45:00+00:00,2.0144,2.022,2.0122,2.0214,1258929.9
2025-11-12 05:00:00+00:00,2.0214,2.025,2.0096,2.0148,2943859.6
2025-11-12 05:15:00+00:00,2.0148,2.0307,2.0135,2.0258,3093642.8
2025-11-12 05:30:00+00:00,2.0257,2.0288,2.0213,2.0281,776017.0
2025-11-12 05:45:00+00:00,2.0282,2.0292,2.0215,2.0228,789881.7
2025-11-12 06:00:00+00:00,2.0228,2.0385,2.0207,2.0344,1999502.4
2025-11-12 06:15:00+00:00,2.0344,2.0446,2.0331,2.0421,1478265.9
2025-11-12 06:30:00+00:00,2.042,2.0426,2.0367,2.0391,740178.2
2025-11-12 06:45:00+00:00,2.0392,2.0424,2.0317,2.0317,647187.6
2025-11-12 07:00:00+00:00,2.0318,2.038,2.029,2.0359,758476.3
2025-11-12 07:15:00+00:00,2.036,2.0384,2.0321,2.0353,629680.1
2025-11-12 07:30:00+00:00,2.0352,2.0352,2.0272,2.0278,1077744.8
2025-11-12 07:45:00+00:00,2.0278,2.0279,2.0081,2.011,2177854.3
2025-11-12 08:00:00+00:00,2.0111,2.0205,2.0111,2.0184,931197.9
2025-11-12 08:15:00+00:00,2.0184,2.0328,2.0184,2.0327,1427292.2
2025-11-12 08:30:00+00:00,2.0328,2.0494,2.0279,2.0447,1903523.1
2025-11-12 08:45:00+00:00,2.0448,2.0496,2.0358,2.0364,2140872.5
2025-11-12 09:00:00+00:00,2.0364,2.0534,2.035,2.0503,2077467.8
2025-11-12 09:15:00+00:00,2.0502,2.0577,2.0483,2.0506,2623654.8
2025-11-12 09:30:00+00:00,2.0506,2.0545,2.0423,2.0514,1699495.7
2025-11-12 09:45:00+00:00,2.0514,2.0529,2.0477,2.0502,653580.5
2025-11-12 10:00:00+00:00,2.0502,2.0582,2.0499,2.0578,1173956.8
2025-11-12 10:15:00+00:00,2.0578,2.0648,2.0535,2.0617,1205845.9
2025-11-12 10:30:00+00:00,2.0617,2.0764,2.0604,2.0691,2624296.8
2025-11-12 10:45:00+00:00,2.069,2.0764,2.0686,2.0719,1180422.3
2025-11-12 11:00:00+00:00,2.0719,2.0815,2.0719,2.0757,1861565.1
2025-11-12 11:15:00+00:00,2.0758,2.0804,2.0667,2.067,1849074.6
2025-11-12 11:30:00+00:00,2.0669,2.0715,2.06,2.0645,1479252.7
2025-11-12 11:45:00+00:00,2.0645,2.0702,2.0631,2.0683,978777.6
2025-11-12 12:00:00+00:00,2.0683,2.0691,2.0609,2.0665,1470512.1
2025-11-12 12:15:00+00:00,2.0665,2.0779,2.0619,2.0718,1675544.5
2025-11-12 12:30:00+00:00,2.0718,2.0732,2.06,2.0642,1585323.3
2025-11-12 12:45:00+00:00,2.0643,2.07,2.0632,2.0661,845689.8
2025-11-12 13:00:00+00:00,2.066,2.0683,2.0619,2.0664,701560.8
2025-11-12 13:15:00+00:00,2.0665,2.0769,2.0616,2.0757,1452416.5
2025-11-12 13:30:00+00:00,2.0757,2.0893,2.0709,2.0873,1704290.8
2025-11-12 13:45:00+00:00,2.0874,2.0939,2.0854,2.0895,1425932.2
2025-11-12 14:00:00+00:00,2.0895,2.0986,2.0789,2.0886,3671755.2
2025-11-12 14:15:00+00:00,2.0886,2.0918,2.0815,2.0848,786285.2
2025-11-12 14:30:00+00:00,2.0849,2.0853,2.0677,2.0727,2263138.7
2025-11-12 14:45:00+00:00,2.0726,2.0763,2.0207,2.0459,9714656.0
2025-11-12 15:00:00+00:00,2.0459,2.0592,2.0367,2.0381,3308791.8
2025-11-12 15:15:00+00:00,2.0382,2.0452,2.028,2.0325,3463010.2
2025-11-12 15:30:00+00:00,2.0326,2.041,2.0119,2.0181,5020554.0
2025-11-12 15:45:00+00:00,2.0182,2.0201,1.988,1.9966,7518168.8
2025-11-12 16:00:00+00:00,1.9967,2.0042,1.9597,1.9726,10160182.8
2025-11-12 16:15:00+00:00,1.9726,1.9839,1.9673,1.9757,5710417.4
2025-11-12 16:30:00+00:00,1.9756,1.9908,1.968,1.9801,3637067.4
2025-11-12 16:45:00+00:00,1.9802,1.9859,1.9664,1.9706,3566651.2
2025-11-12 17:00:00+00:00,1.9706,1.9752,1.9625,1.9646,3042741.0
2025-11-12 17:15:00+00:00,1.9647,1.9677,1.9538,1.9652,3649494.7
2025-11-12 17:30:00+00:00,1.9652,1.997,1.9612,1.9766,5127447.1
2025-11-12 17:45:00+00:00,1.9767,1.9882,1.9705,1.9779,5631905.8
2025-11-12 18:00:00+00:00,1.9778,1.9845,1.9725,1.9841,7654210.2
2025-11-12 18:15:00+00:00,1.9841,1.9937,1.9821,1.986,3069230.1
2025-11-12 18:30:00+00:00,1.986,1.9942,1.9833,1.9872,1112077.4
2025-11-12 18:45:00+00:00,1.9873,1.9873,1.9756,1.9759,1272843.7
2025-11-12 19:00:00+00:00,1.9759,1.9761,1.9575,1.9602,2022780.6
2025-11-12 19:15:00+00:00,1.9603,1.9651,1.9523,1.9597,1551029.9
2025-11-12 19:30:00+00:00,1.9597,1.9759,1.9476,1.9666,3088737.9
2025-11-12 19:45:00+00:00,1.9664,1.9673,1.9587,1.9629,1624851.9
2025-11-12 20:00:00+00:00,1.963,1.9715,1.9566,1.9668,1660924.5
2025-11-12 20:15:00+00:00,1.9669,1.9811,1.9657,1.9797,1410301.4
2025-11-12 20:30:00+00:00,1.9797,1.9878,1.9775,1.9781,1571625.9
2025-11-12 20:45:00+00:00,1.9781,1.9822,1.9727,1.9751,1482889.3
2025-11-12 21:00:00+00:00,1.9752,1.9843,1.9716,1.9829,1350957.7
2025-11-12 21:15:00+00:00,1.9829,1.983,1.9715,1.974,790243.7
2025-11-12 21:30:00+00:00,1.9739,1.983,1.9736,1.975,1348907.2
2025-11-12 21:45:00+00:00,1.9749,1.9805,1.9725,1.9796,651179.6
2025-11-12 22:00:00+00:00,1.9795,1.9809,1.9656,1.9695,819765.2
2025-11-12 22:15:00+00:00,1.9695,1.9745,1.9656,1.9682,966735.9
2025-11-12 22:30:00+00:00,1.9683,1.9768,1.967,1.9757,843655.8
2025-11-12 22:45:00+00:00,1.9756,1.9823,1.9749,1.9803,544642.5
2025-11-12 23:00:00+00:00,1.9803,1.9803,1.9662,1.9697,1244280.7
2025-11-12 23:15:00+00:00,1.9697,1.975,1.9668,1.9668,1124227.0
2025-11-12 23:30:00+00:00,1.9668,1.9694,1.9603,1.9612,943435.8
2025-11-12 23:45:00+00:00,1.9612,1.9674,1.9585,1.9664,967311.2
2025-11-13 00:00:00+00:00,1.9665,1.975,1.9639,1.9698,1299017.4
2025-11-13 00:15:00+00:00,1.9697,1.9772,1.9653,1.9685,795886.5
2025-11-13 00:30:00+00:00,1.9685,1.9851,1.9685,1.9754,1305923.7
2025-11-13 00:45:00+00:00,1.9753,1.9792,1.9705,1.9736,608200.6
2025-11-13 01:00:00+00:00,1.9736,1.995,1.9725,1.9906,1546149.3
2025-11-13 01:15:00+00:00,1.9905,1.9948,1.9767,1.9816,1487908.7
2025-11-13 01:30:00+00:00,1.9817,1.998,1.9799,1.9954,1673394.9
2025-11-13 01:45:00+00:00,1.9955,1.9967,1.981,1.9811,840202.2
2025-11-13 02:00:00+00:00,1.9811,1.987,1.9771,1.9795,878471.8
2025-11-13 02:15:00+00:00,1.9795,1.9822,1.9707,1.9709,912416.0
2025-11-13 02:30:00+00:00,1.971,1.9867,1.9702,1.9815,1130250.2
2025-11-13 02:45:00+00:00,1.9815,1.9841,1.9771,1.9795,817214.9
2025-11-13 03:00:00+00:00,1.9795,1.9811,1.9587,1.9598,1512437.9
2025-11-13 03:15:00+00:00,1.9599,1.9959,1.9486,1.9942,3468529.0
2025-11-13 03:30:00+00:00,1.9941,2.0177,1.9935,2.0109,2584280.3
2025-11-13 03:45:00+00:00,2.0108,2.0241,2.0038,2.0038,2308860.4
2025-11-13 04:00:00+00:00,2.0039,2.0056,1.9881,2.0025,2592338.5
2025-11-13 04:15:00+00:00,2.0026,2.0136,1.9922,2.005,1878480.3
2025-11-13 04:30:00+00:00,2.0051,2.0083,1.9964,2.0064,1045416.4
2025-11-13 04:45:00+00:00,2.0065,2.0102,1.9969,2.0045,1940395.9
2025-11-13 05:00:00+00:00,2.0044,2.0044,1.9913,1.9925,1183872.8
2025-11-13 05:15:00+00:00,1.9925,2.0034,1.9925,2.0032,997479.8
2025-11-13 05:30:00+00:00,2.0032,2.0147,2.0001,2.0147,2119234.8
2025-11-13 05:45:00+00:00,2.0146,2.031,2.0126,2.0248,2806916.9
2025-11-13 06:00:00+00:00,2.0248,2.0323,2.0176,2.0281,2578796.3
2025-11-13 06:15:00+00:00,2.028,2.0379,2.0263,2.0357,1582688.9
2025-11-13 06:30:00+00:00,2.0357,2.0378,2.0295,2.0347,1156888.0
2025-11-13 06:45:00+00:00,2.0348,2.0374,2.0271,2.0284,850398.3
2025-11-13 07:00:00+00:00,2.0284,2.0339,2.0256,2.0314,1196882.5
2025-11-13 07:15:00+00:00,2.0315,2.0383,2.0281,2.0337,1053357.3
2025-11-13 07:30:00+00:00,2.0338,2.0379,2.021,2.0225,1489313.5
2025-11-13 07:45:00+00:00,2.0224,2.0254,2.0175,2.0221,1369914.7
2025-11-13 08:00:00+00:00,2.0221,2.0259,2.0156,2.0185,1267654.4
2025-11-13 08:15:00+00:00,2.0185,2.0295,2.0176,2.0261,1161125.1
2025-11-13 08:30:00+00:00,2.0262,2.0336,2.0244,2.0331,752405.2
2025-11-13 08:45:00+00:00,2.0332,2.0348,2.0283,2.0301,1215508.7
2025-11-13 09:00:00+00:00,2.0302,2.0339,2.004,2.014,2507965.7
2025-11-13 09:15:00+00:00,2.0141,2.0225,2.0086,2.0155,1514132.4
2025-11-13 09:30:00+00:00,2.0155,2.0188,2.0097,2.0142,1092036.6
2025-11-13 09:45:00+00:00,2.0142,2.0159,2.0067,2.0092,931511.4
2025-11-13 10:00:00+00:00,2.0093,2.0201,2.0093,2.0171,666260.8
2025-11-13 10:15:00+00:00,2.0171,2.032,2.0166,2.0246,1660669.8
2025-11-13 10:30:00+00:00,2.0246,2.0251,2.0102,2.015,1419099.3
2025-11-13 10:45:00+00:00,2.0149,2.0191,2.0086,2.0162,2242234.7
2025-11-13 11:00:00+00:00,2.0162,2.0249,2.0156,2.0243,1099152.6
2025-11-13 11:15:00+00:00,2.0244,2.0273,2.0181,2.0221,1897551.4
2025-11-13 11:30:00+00:00,2.022,2.0228,2.0134,2.0187,1335729.3
2025-11-13 11:45:00+00:00,2.0187,2.0206,2.0156,2.0189,685771.1
2025-11-13 12:00:00+00:00,2.0189,2.0226,2.0117,2.0155,2044989.5
2025-11-13 12:15:00+00:00,2.0155,2.0228,2.0155,2.0205,773291.3
2025-11-13 12:30:00+00:00,2.0206,2.0268,2.0198,2.0231,1217705.8
2025-11-13 12:45:00+00:00,2.0231,2.0422,2.0224,2.0406,4088193.1
2025-11-13 13:00:00+00:00,2.0405,2.0456,2.0266,2.0286,3230268.5
2025-11-13 13:15:00+00:00,2.0286,2.0319,2.0139,2.0206,1986245.1
2025-11-13 13:30:00+00:00,2.0206,2.0223,2.0017,2.0127,4290411.8
2025-11-13 13:45:00+00:00,2.0128,2.0171,2.0046,2.0081,1608853.5
2025-11-13 14:00:00+00:00,2.0082,2.0123,1.9973,2.0002,2822275.9
2025-11-13 14:15:00+00:00,2.0001,2.0146,1.9967,2.0108,1604519.6
2025-11-13 14:30:00+00:00,2.0109,2.0166,1.9829,1.9944,5761403.4
2025-11-13 14:45:00+00:00,1.9943,2.0537,1.9926,2.0306,9616037.7
2025-11-13 15:00:00+00:00,2.0307,2.0384,2.0142,2.0381,5512715.1
2025-11-13 15:15:00+00:00,2.0381,2.0421,2.0033,2.008,2799621.6
2025-11-13 15:30:00+00:00,2.0081,2.011,1.9968,1.9994,3737171.0
2025-11-13 15:45:00+00:00,1.9994,2.0007,1.9876,1.9936,5236010.0
2025-11-13 16:00:00+00:00,1.9935,1.9984,1.9819,1.9944,3212971.8
2025-11-13 16:15:00+00:00,1.9944,1.9975,1.9665,1.9764,4970481.6
2025-11-13 16:30:00+00:00,1.9763,1.988,1.9609,1.97,3986377.8
2025-11-13 16:45:00+00:00,1.97,1.9733,1.9465,1.9493,4879311.9
2025-11-13 17:00:00+00:00,1.9493,1.9513,1.9327,1.9415,6857728.9
2025-11-13 17:15:00+00:00,1.9415,1.95,1.9307,1.9414,4215839.4
2025-11-13 17:30:00+00:00,1.9413,1.9476,1.9084,1.911,6701595.3
2025-11-13 17:45:00+00:00,1.9109,1.9163,1.8943,1.8979,5622396.6
2025-11-13 18:00:00+00:00,1.898,1.906,1.8753,1.8809,7252710.2
2025-11-13 18:15:00+00:00,1.8809,1.8864,1.8643,1.8723,5807708.8
2025-11-13 18:30:00+00:00,1.8724,1.8804,1.8557,1.8784,6442952.6
2025-11-13 18:45:00+00:00,1.8784,1.8823,1.8574,1.8679,5495524.0
2025-11-13 19:00:00+00:00,1.8679,1.8858,1.8623,1.8645,6024605.1
2025-11-13 19:15:00+00:00,1.8644,1.8826,1.8522,1.8791,6957762.2
2025-11-13 19:30:00+00:00,1.8791,1.8825,1.8444,1.8577,5577136.8
2025-11-13 19:45:00+00:00,1.8577,1.8594,1.8336,1.8424,5033111.6
2025-11-13 20:00:00+00:00,1.8423,1.8463,1.8267,1.8425,4490670.3
2025-11-13 20:15:00+00:00,1.8424,1.8428,1.8222,1.8362,4396610.8
2025-11-13 20:30:00+00:00,1.8362,1.8466,1.8264,1.8327,4655656.7
2025-11-13 20:45:00+00:00,1.8327,1.8345,1.8191,1.8245,4284339.1
2025-11-13 21:00:00+00:00,1.8245,1.8443,1.8232,1.8372,3695734.6
2025-11-13 21:15:00+00:00,1.8372,1.8384,1.82,1.8281,2640416.7
2025-11-13 21:30:00+00:00,1.8281,1.835,1.82,1.8345,3431942.1
2025-11-13 21:45:00+00:00,1.8344,1.8358,1.8246,1.8309,2160266.1
2025-11-13 22:00:00+00:00,1.831,1.8561,1.8255,1.8508,2876109.9
2025-11-13 22:15:00+00:00,1.8509,1.867,1.8432,1.8626,2617729.4
2025-11-13 22:30:00+00:00,1.8627,1.8786,1.8583,1.8741,1958124.1
2025-11-13 22:45:00+00:00,1.8741,1.8831,1.8684,1.8716,3606296.6
2025-11-13 23:00:00+00:00,1.8717,1.876,1.8602,1.8751,7572959.0
2025-11-13 23:15:00+00:00,1.8751,1.884,1.8717,1.8788,3547137.7
2025-11-13 23:30:00+00:00,1.8787,1.8898,1.8771,1.8888,1770394.0
2025-11-13 23:45:00+00:00,1.8887,1.8891,1.8664,1.8717,3065324.6
2025-11-14 00:00:00+00:00,1.8717,1.8749,1.8623,1.8648,2744128.0
2025-11-14 00:15:00+00:00,1.8647,1.8714,1.8491,1.865,3642194.7
2025-11-14 00:30:00+00:00,1.865,1.8784,1.856,1.8652,2331672.6
2025-11-14 00:45:00+00:00,1.8652,1.8673,1.8434,1.8487,2736573.2
2025-11-14 01:00:00+00:00,1.8488,1.8621,1.841,1.8554,3651844.0
2025-11-14 01:15:00+00:00,1.8555,1.8668,1.8487,1.8557,3164756.5
2025-11-14 01:30:00+00:00,1.8555,1.864,1.8473,1.8526,1982767.5
2025-11-14 01:45:00+00:00,1.8527,1.8587,1.8487,1.8507,1432900.7
2025-11-14 02:00:00+00:00,1.8508,1.8668,1.8501,1.8601,2460979.5
2025-11-14 02:15:00+00:00,1.8601,1.8654,1.8523,1.8618,2699731.1
2025-11-14 02:30:00+00:00,1.8618,1.8657,1.8572,1.8629,1230785.5
2025-11-14 02:45:00+00:00,1.863,1.8659,1.8504,1.8586,1685943.8
2025-11-14 03:00:00+00:00,1.8586,1.8598,1.8494,1.8506,1225008.7
2025-11-14 03:15:00+00:00,1.8505,1.8508,1.8429,1.8495,1316060.9
2025-11-14 03:30:00+00:00,1.8496,1.8498,1.8361,1.8378,1666753.4
2025-11-14 03:45:00+00:00,1.8379,1.8433,1.8334,1.8419,1548842.3
2025-11-14 04:00:00+00:00,1.842,1.8422,1.8273,1.8325,1463584.0
2025-11-14 04:15:00+00:00,1.8326,1.8391,1.8269,1.8324,912381.4
2025-11-14 04:30:00+00:00,1.8323,1.8323,1.7617,1.7915,18793072.0
2025-11-14 04:45:00+00:00,1.7916,1.8045,1.7858,1.8002,5638825.6
2025-11-14 05:00:00+00:00,1.8001,1.8167,1.7931,1.7954,4827173.0
2025-11-14 05:15:00+00:00,1.7954,1.8187,1.795,1.8076,2889601.8
2025-11-14 05:30:00+00:00,1.8075,1.8223,1.7981,1.8159,4314636.8
2025-11-14 05:45:00+00:00,1.816,1.8317,1.8148,1.8215,3470746.6
2025-11-14 06:00:00+00:00,1.8215,1.8301,1.8123,1.8262,4656064.6
2025-11-14 06:15:00+00:00,1.8261,1.8262,1.8111,1.8142,3011872.1
2025-11-14 06:30:00+00:00,1.8142,1.8179,1.8017,1.8066,2752210.8
2025-11-14 06:45:00+00:00,1.8066,1.8483,1.7945,1.8463,7078516.7
2025-11-14 07:00:00+00:00,1.8464,1.853,1.828,1.8363,5856238.6
2025-11-14 07:15:00+00:00,1.8362,1.8412,1.8336,1.838,2436743.7
2025-11-14 07:30:00+00:00,1.8379,1.8413,1.8294,1.8397,2117758.1
2025-11-14 07:45:00+00:00,1.8397,1.8539,1.8375,1.842,2509353.6
2025-11-14 08:00:00+00:00,1.8419,1.8425,1.817,1.8171,5521276.9
2025-11-14 08:15:00+00:00,1.817,1.8297,1.8151,1.8204,2778503.5
2025-11-14 08:30:00+00:00,1.8203,1.8241,1.8117,1.8174,1857267.7
2025-11-14 08:45:00+00:00,1.8173,1.82,1.8087,1.8168,1555732.1
2025-11-14 09:00:00+00:00,1.8167,1.8235,1.8135,1.8142,1777019.6
2025-11-14 09:15:00+00:00,1.8141,1.8157,1.8025,1.8068,1550980.4
2025-11-14 09:30:00+00:00,1.8067,1.8116,1.7942,1.8031,4433344.6
2025-11-14 09:45:00+00:00,1.803,1.8049,1.793,1.8001,2389907.7
2025-11-14 10:00:00+00:00,1.8002,1.8067,1.7951,1.8025,1852967.9
2025-11-14 10:15:00+00:00,1.8025,1.8127,1.8,1.8094,1282733.2
2025-11-14 10:30:00+00:00,1.8095,1.8173,1.8051,1.8097,3507412.3
2025-11-14 10:45:00+00:00,1.8096,1.8106,1.8002,1.8007,1243578.8
2025-11-14 11:00:00+00:00,1.8006,1.8036,1.786,1.7893,2920875.2
2025-11-14 11:15:00+00:00,1.7894,1.7966,1.7843,1.7877,1828920.7
2025-11-14 11:30:00+00:00,1.7877,1.7895,1.7716,1.7817,3967114.2
2025-11-14 11:45:00+00:00,1.7817,1.7895,1.7745,1.7891,3987566.1
2025-11-14 12:00:00+00:00,1.7891,1.7891,1.7641,1.7654,4612868.8
2025-11-14 12:15:00+00:00,1.7654,1.7755,1.7581,1.7659,5499006.5
2025-11-14 12:30:00+00:00,1.7659,1.7722,1.7412,1.7493,10539953.4
2025-11-14 12:45:00+00:00,1.7492,1.788,1.7452,1.7847,7965638.2
2025-11-14 13:00:00+00:00,1.7847,1.7922,1.7712,1.7726,4924100.7
2025-11-14 13:15:00+00:00,1.7726,1.777,1.7629,1.7683,2565374.2
2025-11-14 13:30:00+00:00,1.7684,1.7712,1.7505,1.7527,2905835.6
2025-11-14 13:45:00+00:00,1.7528,1.7735,1.749,1.7651,3924773.6
2025-11-14 14:00:00+00:00,1.765,1.7788,1.7585,1.762,5574261.8
2025-11-14 14:15:00+00:00,1.762,1.773,1.7551,1.7552,3500894.9
2025-11-14 14:30:00+00:00,1.7552,1.8013,1.7428,1.7954,13024768.7
2025-11-14 14:45:00+00:00,1.7954,1.8054,1.7836,1.7938,8556762.2
2025-11-14 15:00:00+00:00,1.7939,1.7944,1.7668,1.7712,4302720.7
2025-11-14 15:15:00+00:00,1.7712,1.7913,1.7636,1.7872,3987702.0
2025-11-14 15:30:00+00:00,1.7872,1.7996,1.7827,1.799,4357569.8
2025-11-14 15:45:00+00:00,1.799,1.82,1.795,1.7991,5085561.7
2025-11-14 16:00:00+00:00,1.7991,1.801,1.7905,1.791,2924739.6
2025-11-14 16:15:00+00:00,1.791,1.8164,1.7848,1.8085,2903500.6
2025-11-14 16:30:00+00:00,1.8085,1.8196,1.8016,1.8106,4066644.8
2025-11-14 16:45:00+00:00,1.8105,1.8194,1.8059,1.8138,2446312.6
2025-11-14 17:00:00+00:00,1.8137,1.818,1.809,1.8141,2106093.4
2025-11-14 17:15:00+00:00,1.814,1.8171,1.8002,1.8045,2031088.3
2025-11-14 17:30:00+00:00,1.8045,1.8047,1.7945,1.797,3454386.2
2025-11-14 17:45:00+00:00,1.7969,1.798,1.7719,1.7796,4348156.4
2025-11-14 18:00:00+00:00,1.7796,1.8024,1.7729,1.8014,3235975.8
2025-11-14 18:15:00+00:00,1.8015,1.8058,1.7853,1.7973,2030378.3
2025-11-14 18:30:00+00:00,1.7972,1.8017,1.7772,1.7816,2388701.6
2025-11-14 18:45:00+00:00,1.7816,1.7833,1.7731,1.7792,2236057.8
2025-11-14 19:00:00+00:00,1.7791,1.794,1.7746,1.7929,2769455.1
2025-11-14 19:15:00+00:00,1.7928,1.813,1.792,1.8046,2326734.6
2025-11-14 19:30:00+00:00,1.8046,1.8052,1.7953,1.7983,1337347.0
2025-11-14 19:45:00+00:00,1.7982,1.8114,1.7961,1.8078,1403030.4
2025-11-14 20:00:00+00:00,1.8078,1.8093,1.795,1.7963,1368128.2
2025-11-14 20:15:00+00:00,1.7962,1.799,1.7758,1.7782,2000398.0
2025-11-14 20:30:00+00:00,1.7781,1.7863,1.7414,1.7489,7586151.1
2025-11-14 20:45:00+00:00,1.7489,1.7598,1.742,1.7546,4403415.8
2025-11-14 21:00:00+00:00,1.7546,1.7817,1.7455,1.7793,4522998.8
2025-11-14 21:15:00+00:00,1.7792,1.7823,1.7666,1.769,1682469.7
2025-11-14 21:30:00+00:00,1.7691,1.7765,1.7682,1.7732,1010422.8
2025-11-14 21:45:00+00:00,1.7731,1.7757,1.7681,1.7714,1431726.7
2025-11-14 22:00:00+00:00,1.7713,1.7837,1.7579,1.7591,2169336.4
2025-11-14 22:15:00+00:00,1.7592,1.7697,1.7538,1.7692,3665521.7
2025-11-14 22:30:00+00:00,1.7691,1.7794,1.7673,1.7738,1443902.4
2025-11-14 22:45:00+00:00,1.7738,1.7772,1.751,1.759,1289673.6
2025-11-14 23:00:00+00:00,1.759,1.7593,1.7068,1.7382,8287384.3
2025-11-14 23:15:00+00:00,1.7382,1.7486,1.7245,1.7338,2601725.0
2025-11-14 23:30:00+00:00,1.7338,1.7498,1.73,1.7476,1482674.3
2025-11-14 23:45:00+00:00,1.7476,1.7553,1.7339,1.7395,1933028.3
2025-11-15 00:00:00+00:00,1.7395,1.7596,1.7364,1.7566,2718327.1
2025-11-15 00:15:00+00:00,1.7567,1.7651,1.7528,1.7567,1901475.8
2025-11-15 00:30:00+00:00,1.7566,1.7573,1.7458,1.7535,1312534.6
2025-11-15 00:45:00+00:00,1.7535,1.7572,1.742,1.7566,1306567.8
2025-11-15 01:00:00+00:00,1.7565,1.7665,1.75,1.7635,1428919.2
2025-11-15 01:15:00+00:00,1.7634,1.7728,1.761,1.7702,1437235.6
2025-11-15 01:30:00+00:00,1.7701,1.7753,1.7687,1.7737,951442.2
2025-11-15 01:45:00+00:00,1.7736,1.7829,1.7717,1.7805,1467121.4
2025-11-15 02:00:00+00:00,1.7805,1.7806,1.7726,1.7758,1142646.4
2025-11-15 02:15:00+00:00,1.7757,1.7829,1.7735,1.7818,992907.2
2025-11-15 02:30:00+00:00,1.7819,1.786,1.775,1.7856,1323619.3
2025-11-15 02:45:00+00:00,1.7855,1.7945,1.7826,1.7943,1587134.0
2025-11-15 03:00:00+00:00,1.7942,1.7977,1.788,1.7946,2129829.2
2025-11-15 03:15:00+00:00,1.7946,1.7957,1.7892,1.7917,1108023.8
2025-11-15 03:30:00+00:00,1.7916,1.792,1.7842,1.7909,1331024.1
2025-11-15 03:45:00+00:00,1.7909,1.7944,1.7888,1.7913,971497.5
2025-11-15 04:00:00+00:00,1.7913,1.795,1.7895,1.7915,1911546.2
2025-11-15 04:15:00+00:00,1.7914,1.799,1.7894,1.7914,2095717.9
2025-11-15 04:30:00+00:00,1.7914,1.7926,1.785,1.7856,901266.3
2025-11-15 04:45:00+00:00,1.7855,1.7899,1.7843,1.7879,828029.9
2025-11-15 05:00:00+00:00,1.7879,1.7911,1.7827,1.7842,965454.7
2025-11-15 05:15:00+00:00,1.7841,1.7918,1.784,1.7859,889529.0
2025-11-15 05:30:00+00:00,1.7859,1.7902,1.7819,1.7902,1208712.4
2025-11-15 05:45:00+00:00,1.7902,1.7996,1.7889,1.7962,1107179.5
2025-11-15 06:00:00+00:00,1.7962,1.7989,1.7929,1.7975,905200.4
2025-11-15 06:15:00+00:00,1.7974,1.8027,1.796,1.8012,1103254.2
2025-11-15 06:30:00+00:00,1.8012,1.8063,1.7961,1.7968,1268289.9
2025-11-15 06:45:00+00:00,1.7967,1.8012,1.7927,1.7954,1360665.5
2025-11-15 07:00:00+00:00,1.7955,1.7955,1.7873,1.7916,1547648.7
2025-11-15 07:15:00+00:00,1.7915,1.7939,1.7865,1.792,705378.3
2025-11-15 07:30:00+00:00,1.792,1.792,1.78,1.7817,1732784.3
2025-11-15 07:45:00+00:00,1.7816,1.7844,1.779,1.7827,804228.9
2025-11-15 08:00:00+00:00,1.7827,1.7842,1.7718,1.7747,1496990.7
2025-11-15 08:15:00+00:00,1.7746,1.7749,1.7647,1.7686,1789716.8
2025-11-15 08:30:00+00:00,1.7687,1.7712,1.7575,1.7589,2675132.4
2025-11-15 08:45:00+00:00,1.7589,1.7601,1.7427,1.7476,3237832.2
2025-11-15 09:00:00+00:00,1.7475,1.7616,1.7424,1.7608,2262421.9
2025-11-15 09:15:00+00:00,1.7608,1.7675,1.7563,1.7632,1301697.0
2025-11-15 09:30:00+00:00,1.7633,1.7651,1.7597,1.7625,1082947.8
2025-11-15 09:45:00+00:00,1.7624,1.7624,1.7482,1.7514,1565632.4
2025-11-15 10:00:00+00:00,1.7513,1.7552,1.7453,1.755,3092369.3
2025-11-15 10:15:00+00:00,1.7551,1.7607,1.7511,1.754,1428043.8
2025-11-15 10:30:00+00:00,1.754,1.76,1.7487,1.7593,1229828.8
2025-11-15 10:45:00+00:00,1.7593,1.7635,1.7576,1.7621,782925.9
2025-11-15 11:00:00+00:00,1.7621,1.7655,1.7566,1.7623,1117856.7
2025-11-15 11:15:00+00:00,1.7623,1.7636,1.7572,1.7625,794383.6
2025-11-15 11:30:00+00:00,1.7624,1.7632,1.7559,1.7587,1109749.3
2025-11-15 11:45:00+00:00,1.7587,1.7587,1.7497,1.7555,935578.2
2025-11-15 12:00:00+00:00,1.7555,1.7616,1.752,1.7613,1299757.9
2025-11-15 12:15:00+00:00,1.7613,1.7744,1.7594,1.7737,1645974.7
2025-11-15 12:30:00+00:00,1.7737,1.7749,1.7691,1.7714,1211464.8
2025-11-15 12:45:00+00:00,1.7715,1.7777,1.769,1.775,1132554.2
2025-11-15 13:00:00+00:00,1.775,1.7828,1.7709,1.7811,1882228.5
2025-11-15 13:15:00+00:00,1.7812,1.7932,1.7799,1.7876,2267495.4
2025-11-15 13:30:00+00:00,1.7877,1.7892,1.7812,1.7823,1307272.1
2025-11-15 13:45:00+00:00,1.7823,1.7943,1.7809,1.7915,1424887.5
2025-11-15 14:00:00+00:00,1.7915,1.7915,1.785,1.7904,978171.1
2025-11-15 14:15:00+00:00,1.7905,1.7919,1.7801,1.7829,1519983.4
2025-11-15 14:30:00+00:00,1.783,1.7895,1.78,1.7853,1040615.6
2025-11-15 14:45:00+00:00,1.7854,1.7883,1.7815,1.7872,777695.2
2025-11-15 15:00:00+00:00,1.7871,1.7916,1.7812,1.7902,1059402.2
2025-11-15 15:15:00+00:00,1.7903,1.7938,1.7842,1.7894,1007937.0
2025-11-15 15:30:00+00:00,1.7894,1.7895,1.7803,1.7825,1032166.1
2025-11-15 15:45:00+00:00,1.7825,1.789,1.7819,1.7838,2535256.2
2025-11-15 16:00:00+00:00,1.7837,1.7868,1.7727,1.7761,2135322.3
2025-11-15 16:15:00+00:00,1.7762,1.7782,1.7667,1.7703,1925523.4
2025-11-15 16:30:00+00:00,1.7703,1.7805,1.7701,1.7753,1464127.4
2025-11-15 16:45:00+00:00,1.7754,1.7834,1.7729,1.7811,1197565.2
2025-11-15 17:00:00+00:00,1.7812,1.7856,1.7755,1.7778,1158949.2
2025-11-15 17:15:00+00:00,1.7779,1.7951,1.7742,1.7804,2076392.8
2025-11-15 17:30:00+00:00,1.7805,1.7833,1.7774,1.7818,1406645.3
2025-11-15 17:45:00+00:00,1.7818,1.7902,1.7797,1.7901,1232728.8
2025-11-15 18:00:00+00:00,1.7901,1.7948,1.7867,1.7945,1610628.4
2025-11-15 18:15:00+00:00,1.7945,1.7951,1.7805,1.7845,1490754.3
2025-11-15 18:30:00+00:00,1.7844,1.7898,1.7826,1.7876,794007.2
2025-11-15 18:45:00+00:00,1.7876,1.7893,1.7836,1.7883,524219.3
2025-11-15 19:00:00+00:00,1.7884,1.791,1.7864,1.7892,688851.1
2025-11-15 19:15:00+00:00,1.7892,1.79,1.7838,1.7879,571319.8
2025-11-15 19:30:00+00:00,1.7879,1.788,1.7832,1.7856,711605.6
2025-11-15 19:45:00+00:00,1.7856,1.7864,1.7806,1.7852,740062.1
2025-11-15 20:00:00+00:00,1.7853,1.786,1.7812,1.7841,550246.8
2025-11-15 20:15:00+00:00,1.7841,1.7841,1.7732,1.7774,1442986.7
2025-11-15 20:30:00+00:00,1.7773,1.7773,1.7691,1.7697,964677.2
2025-11-15 20:45:00+00:00,1.7697,1.7785,1.7666,1.7691,3078246.4
2025-11-15 21:00:00+00:00,1.7691,1.778,1.7674,1.7756,1467298.1
2025-11-15 21:15:00+00:00,1.7756,1.7794,1.7716,1.7742,979201.9
2025-11-15 21:30:00+00:00,1.7742,1.7745,1.7574,1.7587,1645611.6
2025-11-15 21:45:00+00:00,1.7587,1.762,1.7525,1.7561,1831117.7
2025-11-15 22:00:00+00:00,1.7561,1.768,1.7527,1.768,1817236.2
2025-11-15 22:15:00+00:00,1.7681,1.7709,1.7613,1.7691,1128650.8
2025-11-15 22:30:00+00:00,1.7691,1.7715,1.7629,1.7687,646998.5
2025-11-15 22:45:00+00:00,1.7686,1.7728,1.7659,1.7713,358187.7
2025-11-15 23:00:00+00:00,1.7713,1.7718,1.7663,1.7676,569614.5
2025-11-15 23:15:00+00:00,1.7676,1.7744,1.7673,1.7727,674038.2
2025-11-15 23:30:00+00:00,1.7727,1.7749,1.7694,1.7696,452655.9
2025-11-15 23:45:00+00:00,1.7696,1.7719,1.7658,1.769,1186432.0
2025-11-16 00:00:00+00:00,1.7691,1.7725,1.7593,1.7613,1125492.3
2025-11-16 00:15:00+00:00,1.7613,1.7613,1.751,1.7523,1516878.6
2025-11-16 00:30:00+00:00,1.7522,1.7606,1.7463,1.7596,2376967.1
2025-11-16 00:45:00+00:00,1.7595,1.7641,1.7554,1.7556,1053859.9
2025-11-16 01:00:00+00:00,1.7556,1.7591,1.7446,1.759,3611599.0
2025-11-16 01:15:00+00:00,1.759,1.7591,1.7494,1.754,1272875.4
2025-11-16 01:30:00+00:00,1.754,1.7551,1.7174,1.7253,8575247.2
2025-11-16 01:45:00+00:00,1.7252,1.7465,1.7156,1.7445,2665820.4
2025-11-16 02:00:00+00:00,1.7444,1.7529,1.7354,1.7459,2356863.9
2025-11-16 02:15:00+00:00,1.746,1.7613,1.746,1.7575,2092388.5
2025-11-16 02:30:00+00:00,1.7575,1.7604,1.7524,1.7599,2186233.7
2025-11-16 02:45:00+00:00,1.7599,1.7658,1.7553,1.7657,1673300.9
2025-11-16 03:00:00+00:00,1.7657,1.7659,1.7572,1.759,1299773.9
2025-11-16 03:15:00+00:00,1.759,1.7708,1.7589,1.7635,1123477.6
2025-11-16 03:30:00+00:00,1.7635,1.7657,1.7614,1.7639,806947.7
2025-11-16 03:45:00+00:00,1.7638,1.7653,1.7593,1.764,742274.2
2025-11-16 04:00:00+00:00,1.7639,1.7665,1.7569,1.7604,905699.7
2025-11-16 04:15:00+00:00,1.7603,1.7631,1.7536,1.7558,832929.9
2025-11-16 04:30:00+00:00,1.7558,1.7558,1.7473,1.7508,904779.7
2025-11-16 04:45:00+00:00,1.7507,1.7563,1.7493,1.7563,586523.8
2025-11-16 05:00:00+00:00,1.7562,1.7702,1.7547,1.7689,1155394.9
2025-11-16 05:15:00+00:00,1.7688,1.774,1.7658,1.7686,1824280.2
2025-11-16 05:30:00+00:00,1.7686,1.7708,1.7662,1.7684,784352.2
2025-11-16 05:45:00+00:00,1.7684,1.7693,1.7623,1.764,629539.3
2025-11-16 06:00:00+00:00,1.7639,1.7725,1.7615,1.7691,1061692.1
2025-11-16 06:15:00+00:00,1.7692,1.77,1.7662,1.7666,757711.9
2025-11-16 06:30:00+00:00,1.7665,1.7697,1.7646,1.7655,548586.0
2025-11-16 06:45:00+00:00,1.7655,1.7673,1.7561,1.7576,761390.6
2025-11-16 07:00:00+00:00,1.7577,1.7628,1.7554,1.7554,950330.5
2025-11-16 07:15:00+00:00,1.7553,1.7578,1.7508,1.7543,728486.8
2025-11-16 07:30:00+00:00,1.7542,1.7584,1.7532,1.7544,810778.5
2025-11-16 07:45:00+00:00,1.7545,1.7648,1.7545,1.7646,981720.2
2025-11-16 08:00:00+00:00,1.7646,1.7697,1.7543,1.7549,1363699.7
2025-11-16 08:15:00+00:00,1.755,1.7573,1.751,1.7518,1017584.8
2025-11-16 08:30:00+00:00,1.7519,1.756,1.7512,1.7559,1024479.8
2025-11-16 08:45:00+00:00,1.7559,1.7608,1.7514,1.7593,761777.5
2025-11-16 09:00:00+00:00,1.7593,1.7597,1.7493,1.754,1029514.1
2025-11-16 09:15:00+00:00,1.7541,1.7572,1.7487,1.7572,787043.4
2025-11-16 09:30:00+00:00,1.7572,1.7599,1.7539,1.7593,966860.3
2025-11-16 09:45:00+00:00,1.7592,1.7805,1.7575,1.7794,3841226.4
2025-11-16 10:00:00+00:00,1.7793,1.7797,1.774,1.7765,1983093.0
2025-11-16 10:15:00+00:00,1.7766,1.7785,1.7705,1.7732,1454057.0
2025-11-16 10:30:00+00:00,1.7733,1.7764,1.7719,1.7735,1117671.6
2025-11-16 10:45:00+00:00,1.7734,1.7755,1.77,1.7702,2424404.8
2025-11-16 11:00:00+00:00,1.7703,1.7735,1.7511,1.7528,2735242.2
2025-11-16 11:15:00+00:00,1.7528,1.7605,1.7253,1.7286,7605401.7
2025-11-16 11:30:00+00:00,1.7287,1.7288,1.7108,1.715,7612653.8
2025-11-16 11:45:00+00:00,1.715,1.7201,1.7074,1.7182,4237467.6
2025-11-16 12:00:00+00:00,1.7182,1.7277,1.714,1.7187,2528977.4
2025-11-16 12:15:00+00:00,1.7188,1.7244,1.7164,1.7219,2896368.9
2025-11-16 12:30:00+00:00,1.7219,1.722,1.6963,1.711,5661962.0
2025-11-16 12:45:00+00:00,1.7111,1.7134,1.7007,1.7031,3958738.1
2025-11-16 13:00:00+00:00,1.703,1.707,1.6921,1.6992,3690201.9
2025-11-16 13:15:00+00:00,1.6992,1.7028,1.6848,1.6851,3267015.1
2025-11-16 13:30:00+00:00,1.6851,1.6911,1.6795,1.6803,3593531.0
2025-11-16 13:45:00+00:00,1.6803,1.6875,1.6751,1.6859,3502055.6
2025-11-16 14:00:00+00:00,1.6859,1.6937,1.6829,1.6904,2090469.9
2025-11-16 14:15:00+00:00,1.6904,1.6926,1.6836,1.6903,1710205.6
2025-11-16 14:30:00+00:00,1.6903,1.7074,1.6876,1.7045,3146005.4
2025-11-16 14:45:00+00:00,1.7044,1.7075,1.7016,1.7048,1614079.2
2025-11-16 15:00:00+00:00,1.7047,1.706,1.6953,1.6958,2125248.3
2025-11-16 15:15:00+00:00,1.6959,1.7062,1.6911,1.6934,3177720.3
2025-11-16 15:30:00+00:00,1.6934,1.6956,1.6878,1.6921,1500012.3
2025-11-16 15:45:00+00:00,1.6921,1.6939,1.6661,1.6697,8303950.3
2025-11-16 16:00:00+00:00,1.6696,1.6867,1.6651,1.6716,6512797.2
2025-11-16 16:15:00+00:00,1.6717,1.6743,1.6633,1.668,4531622.2
2025-11-16 16:30:00+00:00,1.668,1.6762,1.6614,1.6683,5179724.8
2025-11-16 16:45:00+00:00,1.6683,1.6724,1.6563,1.6631,4180569.6
2025-11-16 17:00:00+00:00,1.6631,1.667,1.6569,1.6593,2206742.2
2025-11-16 17:15:00+00:00,1.6594,1.6708,1.6529,1.6603,5291613.4
2025-11-16 17:30:00+00:00,1.6604,1.6653,1.6548,1.6572,3305156.5
2025-11-16 17:45:00+00:00,1.6573,1.668,1.6363,1.6627,7481749.1
2025-11-16 18:00:00+00:00,1.6626,1.6976,1.6587,1.6924,6237062.3
2025-11-16 18:15:00+00:00,1.6925,1.6966,1.6739,1.6776,3316343.4
2025-11-16 18:30:00+00:00,1.6776,1.6794,1.658,1.6595,2498874.6
2025-11-16 18:45:00+00:00,1.6595,1.6628,1.6521,1.6568,2885268.1
2025-11-16 19:00:00+00:00,1.6568,1.6824,1.6556,1.6791,3094552.1
2025-11-16 19:15:00+00:00,1.679,1.6831,1.6643,1.6712,2186012.5
2025-11-16 19:30:00+00:00,1.6713,1.6796,1.667,1.6724,1901384.8
2025-11-16 19:45:00+00:00,1.6724,1.6758,1.6596,1.6628,1538533.3
2025-11-16 20:00:00+00:00,1.6627,1.6761,1.66,1.6741,1481375.5
2025-11-16 20:15:00+00:00,1.674,1.6788,1.6626,1.6745,1997384.7
2025-11-16 20:30:00+00:00,1.6745,1.6759,1.6647,1.6664,1323531.8
2025-11-16 20:45:00+00:00,1.6665,1.6675,1.6596,1.6599,896140.8
2025-11-16 21:00:00+00:00,1.6599,1.6622,1.6468,1.6537,3090467.4
2025-11-16 21:15:00+00:00,1.6537,1.6553,1.6446,1.6479,3549241.6
2025-11-16 21:30:00+00:00,1.6479,1.6564,1.6464,1.6534,3336091.9
2025-11-16 21:45:00+00:00,1.6534,1.6602,1.651,1.6602,2001672.5
2025-11-16 22:00:00+00:00,1.6601,1.664,1.6442,1.6596,3324899.5
2025-11-16 22:15:00+00:00,1.6596,1.6701,1.6546,1.6633,2644064.5
2025-11-16 22:30:00+00:00,1.6633,1.6634,1.6518,1.6521,1413551.4
2025-11-16 22:45:00+00:00,1.6522,1.6829,1.6517,1.676,2867805.8
2025-11-16 23:00:00+00:00,1.6761,1.6822,1.6414,1.6749,5984784.5
2025-11-16 23:15:00+00:00,1.6749,1.6914,1.6694,1.6897,3084437.4
2025-11-16 23:30:00+00:00,1.6897,1.6949,1.6828,1.6866,2022733.6
2025-11-16 23:45:00+00:00,1.6867,1.6895,1.6769,1.6784,1794919.9
2025-11-17 00:00:00+00:00,1.6783,1.681,1.6719,1.6723,2048738.6
2025-11-17 00:15:00+00:00,1.6723,1.686,1.6541,1.6858,4072350.7
2025-11-17 00:30:00+00:00,1.6856,1.6969,1.6774,1.6881,3657621.0
2025-11-17 00:45:00+00:00,1.6881,1.6918,1.6835,1.6868,1998554.2
2025-11-17 01:00:00+00:00,1.6869,1.6908,1.68,1.6825,1798248.0
2025-11-17 01:15:00+00:00,1.6824,1.6866,1.6764,1.6827,2030318.9
2025-11-17 01:30:00+00:00,1.6827,1.6866,1.6777,1.6821,1387298.3
2025-11-17 01:45:00+00:00,1.6821,1.686,1.677,1.678,552137.0
