timestamp,open,high,low,close,volume
2025-07-10 02:00:00+00:00,3.0891,3.1379,3.0868,3.1327,13370156.9
2025-07-10 03:00:00+00:00,3.1327,3.1372,3.0972,3.1033,6548035.5
2025-07-10 04:00:00+00:00,3.1033,3.1619,3.0938,3.1542,13123483.4
2025-07-10 05:00:00+00:00,3.1543,3.1878,3.1464,3.1482,11981200.4
2025-07-10 06:00:00+00:00,3.1483,3.2034,3.1404,3.199,11362410.9
2025-07-10 07:00:00+00:00,3.1989,3.2434,3.1954,3.2113,20099812.4
2025-07-10 08:00:00+00:00,3.2113,3.2518,3.1966,3.2356,12528854.7
2025-07-10 09:00:00+00:00,3.2356,3.2516,3.209,3.2279,12227183.4
2025-07-10 10:00:00+00:00,3.2278,3.2471,3.2083,3.235,10170855.0
2025-07-10 11:00:00+00:00,3.235,3.2384,3.2147,3.229,6987475.9
2025-07-10 12:00:00+00:00,3.229,3.2562,3.2071,3.2519,12082212.7
2025-07-10 13:00:00+00:00,3.2519,3.2748,3.2261,3.2341,21467288.7
2025-07-10 14:00:00+00:00,3.2341,3.2368,3.2061,3.2191,13416206.4
2025-07-10 15:00:00+00:00,3.2191,3.2384,3.2101,3.2355,8629334.6
2025-07-10 16:00:00+00:00,3.2356,3.3486,3.2308,3.3415,30092934.7
2025-07-10 17:00:00+00:00,3.3416,3.4414,3.3261,3.4299,31550509.7
2025-07-10 18:00:00+00:00,3.4298,3.4318,3.3868,3.4148,20120049.8
2025-07-10 19:00:00+00:00,3.4148,3.4347,3.4042,3.413,10131239.8
2025-07-10 20:00:00+00:00,3.4129,3.4321,3.4031,3.4157,8430103.7
2025-07-10 21:00:00+00:00,3.4156,3.4809,3.4106,3.4618,28371655.3
2025-07-10 22:00:00+00:00,3.4615,3.4934,3.4478,3.4693,15521014.1
2025-07-10 23:00:00+00:00,3.4693,3.501,3.4543,3.4901,13223686.4
2025-07-11 00:00:00+00:00,3.4901,3.5107,3.3841,3.4348,26409132.8
2025-07-11 01:00:00+00:00,3.4348,3.4793,3.4239,3.4778,7827573.5
2025-07-11 02:00:00+00:00,3.4778,3.5028,3.4664,3.4914,10891164.7
2025-07-11 03:00:00+00:00,3.4914,3.4975,3.4599,3.4953,7190599.0
2025-07-11 04:00:00+00:00,3.4953,3.4953,3.462,3.4881,8839013.2
2025-07-11 05:00:00+00:00,3.4881,3.5518,3.4839,3.5146,24110431.4
2025-07-11 06:00:00+00:00,3.5147,3.5341,3.4494,3.4691,16903433.9
2025-07-11 07:00:00+00:00,3.469,3.5065,3.4371,3.4838,16179178.6
2025-07-11 08:00:00+00:00,3.4837,3.5096,3.4768,3.5069,9064979.7
2025-07-11 09:00:00+00:00,3.5068,3.5419,3.4909,3.5311,10684563.5
2025-07-11 10:00:00+00:00,3.5311,3.5394,3.5009,3.5217,10049375.0
2025-07-11 11:00:00+00:00,3.5218,3.5363,3.5007,3.5172,8909875.4
2025-07-11 12:00:00+00:00,3.5173,3.5291,3.4849,3.5241,12098381.3
2025-07-11 13:00:00+00:00,3.5242,3.5571,3.4901,3.5398,20306373.2
2025-07-11 14:00:00+00:00,3.5399,3.5715,3.5186,3.5414,18071805.3
2025-07-11 15:00:00+00:00,3.5413,3.5602,3.46,3.47,24935175.4
2025-07-11 16:00:00+00:00,3.4699,3.4957,3.4305,3.4612,28625991.2
2025-07-11 17:00:00+00:00,3.4612,3.4875,3.4559,3.4729,9778191.8
2025-07-11 18:00:00+00:00,3.4729,3.4895,3.4641,3.48,6680053.9
2025-07-11 19:00:00+00:00,3.48,3.5149,3.4592,3.5143,9126972.0
2025-07-11 20:00:00+00:00,3.5144,3.515,3.4361,3.4372,9629721.2
2025-07-11 21:00:00+00:00,3.4372,3.4518,3.383,3.41,15538866.0
2025-07-11 22:00:00+00:00,3.41,3.4171,3.2936,3.3588,26519615.7
2025-07-11 23:00:00+00:00,3.3588,3.3979,3.3549,3.3862,7082539.9
2025-07-12 00:00:00+00:00,3.3863,3.3998,3.3523,3.3912,8382305.7
2025-07-12 01:00:00+00:00,3.3912,3.4478,3.3912,3.4371,10471400.7
2025-07-12 02:00:00+00:00,3.4371,3.4632,3.431,3.4393,7156976.0
2025-07-12 03:00:00+00:00,3.4392,3.4536,3.4176,3.4339,5192809.9
2025-07-12 04:00:00+00:00,3.434,3.4397,3.4,3.4029,6050582.9
2025-07-12 05:00:00+00:00,3.4028,3.4238,3.3758,3.3972,8303607.0
2025-07-12 06:00:00+00:00,3.3972,3.4285,3.3778,3.4161,6723725.2
2025-07-12 07:00:00+00:00,3.4161,3.4462,3.414,3.4323,6139857.7
2025-07-12 08:00:00+00:00,3.4322,3.4489,3.4267,3.4436,4910970.9
2025-07-12 09:00:00+00:00,3.4436,3.4677,3.4362,3.4468,5472222.3
2025-07-12 10:00:00+00:00,3.4468,3.4551,3.4321,3.4417,4300396.9
2025-07-12 11:00:00+00:00,3.4418,3.4454,3.4133,3.4238,5435068.9
2025-07-12 12:00:00+00:00,3.4237,3.4319,3.334,3.3657,14876743.7
2025-07-12 13:00:00+00:00,3.3657,3.3739,3.3228,3.3669,12843846.8
2025-07-12 14:00:00+00:00,3.367,3.4002,3.3497,3.3537,8677197.6
2025-07-12 15:00:00+00:00,3.3536,3.3663,3.3069,3.3245,12768695.0
2025-07-12 16:00:00+00:00,3.3244,3.3633,3.3121,3.3407,7779332.2
2025-07-12 17:00:00+00:00,3.3407,3.3818,3.3377,3.3776,4777247.6
2025-07-12 18:00:00+00:00,3.3775,3.404,3.369,3.4003,6147556.9
2025-07-12 19:00:00+00:00,3.4003,3.4051,3.3817,3.3996,4829676.0
2025-07-12 20:00:00+00:00,3.3996,3.4085,3.3406,3.346,7028931.3
2025-07-12 21:00:00+00:00,3.346,3.3902,3.3454,3.3873,4827184.3
2025-07-12 22:00:00+00:00,3.3874,3.393,3.3596,3.3861,4253151.8
2025-07-12 23:00:00+00:00,3.3861,3.4065,3.3723,3.4007,4161452.3
2025-07-13 00:00:00+00:00,3.4008,3.4137,3.3773,3.3847,5159862.7
2025-07-13 01:00:00+00:00,3.3846,3.4108,3.3808,3.4044,3835604.7
2025-07-13 02:00:00+00:00,3.4044,3.419,3.3828,3.4135,4502147.3
2025-07-13 03:00:00+00:00,3.4134,3.4237,3.3987,3.4167,4742810.4
2025-07-13 04:00:00+00:00,3.417,3.4266,3.3996,3.4247,3777146.8
2025-07-13 05:00:00+00:00,3.4247,3.4383,3.4046,3.4062,5939711.1
2025-07-13 06:00:00+00:00,3.4062,3.4282,3.4024,3.416,3547814.5
2025-07-13 07:00:00+00:00,3.4159,3.4483,3.4126,3.4381,5814428.0
2025-07-13 08:00:00+00:00,3.4382,3.4564,3.416,3.4331,8754316.0
2025-07-13 09:00:00+00:00,3.4332,3.4377,3.4033,3.4168,4910772.5
2025-07-13 10:00:00+00:00,3.4168,3.4405,3.4147,3.4199,3929935.6
2025-07-13 11:00:00+00:00,3.4199,3.4497,3.4178,3.4477,6081142.9
2025-07-13 12:00:00+00:00,3.4477,3.4665,3.4372,3.454,9191212.3
2025-07-13 13:00:00+00:00,3.4541,3.4724,3.4269,3.4585,8388007.3
2025-07-13 14:00:00+00:00,3.4585,3.5394,3.4466,3.482,25254572.7
2025-07-13 15:00:00+00:00,3.482,3.5192,3.4637,3.4716,9995304.6
2025-07-13 16:00:00+00:00,3.4716,3.51,3.4693,3.474,8452748.3
2025-07-13 17:00:00+00:00,3.4739,3.5084,3.465,3.5019,5278932.6
2025-07-13 18:00:00+00:00,3.502,3.5268,3.4934,3.5149,5968787.1
2025-07-13 19:00:00+00:00,3.5149,3.53,3.4825,3.4838,6809136.1
2025-07-13 20:00:00+00:00,3.4838,3.5092,3.4738,3.4925,5432978.6
2025-07-13 21:00:00+00:00,3.4924,3.4939,3.4306,3.4557,8979652.9
2025-07-13 22:00:00+00:00,3.4557,3.4615,3.4222,3.4496,6975814.0
2025-07-13 23:00:00+00:00,3.4495,3.494,3.4482,3.4887,5115680.5
2025-07-14 00:00:00+00:00,3.4887,3.6676,3.4864,3.6408,30687228.7
2025-07-14 01:00:00+00:00,3.6409,3.727,3.6225,3.7187,24927642.4
2025-07-14 02:00:00+00:00,3.7188,3.7869,3.7085,3.7669,25052979.9
2025-07-14 03:00:00+00:00,3.7671,3.863,3.7569,3.8293,26222382.2
2025-07-14 04:00:00+00:00,3.8293,3.876,3.794,3.8642,19903681.2
2025-07-14 05:00:00+00:00,3.8643,3.9039,3.8071,3.8591,25475555.5
2025-07-14 06:00:00+00:00,3.8593,3.9077,3.8253,3.8904,18194841.7
2025-07-14 07:00:00+00:00,3.8904,3.9678,3.882,3.9415,20710977.3
2025-07-14 08:00:00+00:00,3.9416,3.9487,3.8825,3.9046,18722588.4
2025-07-14 09:00:00+00:00,3.9046,3.9566,3.895,3.93,13636284.3
2025-07-14 10:00:00+00:00,3.93,3.9968,3.906,3.9514,23319993.8
2025-07-14 11:00:00+00:00,3.9513,3.9728,3.9118,3.9498,13228185.4
2025-07-14 12:00:00+00:00,3.9498,3.9675,3.9303,3.9486,13138616.5
2025-07-14 13:00:00+00:00,3.9486,4.0034,3.9328,3.9597,24499106.7
2025-07-14 14:00:00+00:00,3.9598,3.9678,3.8614,3.9198,32577026.5
2025-07-14 15:00:00+00:00,3.9198,3.92,3.834,3.878,22433839.3
2025-07-14 16:00:00+00:00,3.8777,3.932,3.8467,3.9181,19889413.1
2025-07-14 17:00:00+00:00,3.9181,3.9205,3.8514,3.8679,11480189.0
2025-07-14 18:00:00+00:00,3.8679,3.8748,3.825,3.8298,8684422.2
2025-07-14 19:00:00+00:00,3.8298,3.8634,3.8205,3.8556,7633467.8
2025-07-14 20:00:00+00:00,3.8555,3.8586,3.8091,3.8478,8246687.0
2025-07-14 21:00:00+00:00,3.8478,3.8734,3.8262,3.8637,6165992.9
2025-07-14 22:00:00+00:00,3.8634,3.8859,3.8432,3.8787,7612523.7
2025-07-14 23:00:00+00:00,3.8786,3.8947,3.8541,3.8885,6922029.6
2025-07-15 00:00:00+00:00,3.8886,3.8894,3.8061,3.8395,12938879.8
2025-07-15 01:00:00+00:00,3.8396,3.9407,3.8214,3.9022,22610291.1
2025-07-15 02:00:00+00:00,3.9022,3.9144,3.8279,3.8904,20019629.6
2025-07-15 03:00:00+00:00,3.8904,3.906,3.8364,3.8916,23627153.7
2025-07-15 04:00:00+00:00,3.8916,3.9716,3.8505,3.9477,24568019.7
2025-07-15 05:00:00+00:00,3.9478,4.0075,3.8529,3.9034,30707323.5
2025-07-15 06:00:00+00:00,3.9035,3.9434,3.8746,3.9233,15359216.2
2025-07-15 07:00:00+00:00,3.9234,3.936,3.8629,3.8846,14971154.4
2025-07-15 08:00:00+00:00,3.8845,3.9059,3.8424,3.8835,15226899.6
2025-07-15 09:00:00+00:00,3.8834,3.9486,3.8804,3.9125,12052471.3
2025-07-15 10:00:00+00:00,3.9125,3.95,3.9097,3.944,7267131.7
2025-07-15 11:00:00+00:00,3.944,3.988,3.9327,3.9782,15731544.6
2025-07-15 12:00:00+00:00,3.9782,4.0498,3.8817,3.9678,40056890.7
2025-07-15 13:00:00+00:00,3.9677,4.03,3.95,3.9632,28764002.3
2025-07-15 14:00:00+00:00,3.9633,4.0133,3.8865,3.9103,28838825.4
2025-07-15 15:00:00+00:00,3.9103,3.9852,3.891,3.9564,22450254.4
2025-07-15 16:00:00+00:00,3.9562,4.0432,3.9478,4.0286,20616492.9
2025-07-15 17:00:00+00:00,4.0285,4.116,4.012,4.0537,27165122.7
2025-07-15 18:00:00+00:00,4.0536,4.0886,3.9608,3.9875,19683883.8
2025-07-15 19:00:00+00:00,3.9872,4.0412,3.9576,3.9643,13253838.0
2025-07-15 20:00:00+00:00,3.9643,3.977,3.936,3.9609,8636241.6
2025-07-15 21:00:00+00:00,3.9608,4.0407,3.9595,4.0165,8979608.8
2025-07-15 22:00:00+00:00,4.0165,4.0767,4.0043,4.0728,10452622.6
2025-07-15 23:00:00+00:00,4.0727,4.109,4.0586,4.1012,14958264.2
2025-07-16 00:00:00+00:00,4.1012,4.1029,4.0572,4.0809,12456562.2
2025-07-16 01:00:00+00:00,4.081,4.0911,4.0384,4.0385,9222166.0
2025-07-16 02:00:00+00:00,4.0385,4.0454,3.9624,4.0001,17292497.3
2025-07-16 03:00:00+00:00,4.0,4.0189,3.991,4.0172,5664578.0
2025-07-16 04:00:00+00:00,4.0173,4.0213,3.984,3.9956,6930425.1
2025-07-16 05:00:00+00:00,3.9956,4.0091,3.9768,3.9884,6540651.6
2025-07-16 06:00:00+00:00,3.9884,3.9992,3.9588,3.9976,8936650.7
2025-07-16 07:00:00+00:00,3.9975,4.0103,3.9759,3.9956,7091799.7
2025-07-16 08:00:00+00:00,3.9956,4.0378,3.9809,4.0376,7233872.1
2025-07-16 09:00:00+00:00,4.0375,4.0772,4.016,4.0361,15609881.5
2025-07-16 10:00:00+00:00,4.0362,4.0466,4.0091,4.0124,7489306.8
2025-07-16 11:00:00+00:00,4.0124,4.0265,4.0024,4.0064,5012783.1
2025-07-16 12:00:00+00:00,4.0064,4.0348,3.9957,4.0136,8321059.3
2025-07-16 13:00:00+00:00,4.0136,4.0293,3.9987,4.0098,7983420.0
2025-07-16 14:00:00+00:00,4.0098,4.025,3.9774,4.0152,16383085.3
2025-07-16 15:00:00+00:00,4.0153,4.0647,3.9601,3.9971,21860736.1
2025-07-16 16:00:00+00:00,3.997,4.0395,3.9767,4.0286,13153398.1
2025-07-16 17:00:00+00:00,4.0282,4.0385,4.0014,4.0243,10233575.4
2025-07-16 18:00:00+00:00,4.0242,4.0679,4.0027,4.0064,14414593.7
2025-07-16 19:00:00+00:00,4.0063,4.027,3.9914,4.0132,9725672.0
2025-07-16 20:00:00+00:00,4.0132,4.0674,4.0072,4.0352,11917236.8
2025-07-16 21:00:00+00:00,4.0352,4.068,3.9928,4.0176,10247822.0
2025-07-16 22:00:00+00:00,4.0177,4.0388,3.9189,3.9448,16873794.5
2025-07-16 23:00:00+00:00,3.9448,3.964,3.9193,3.9411,10876433.2
2025-07-17 00:00:00+00:00,3.9412,3.9786,3.9223,3.9534,9160547.7
2025-07-17 01:00:00+00:00,3.9534,3.9913,3.8644,3.9228,21534137.9
2025-07-17 02:00:00+00:00,3.923,3.9629,3.9157,3.9309,9060028.4
2025-07-17 03:00:00+00:00,3.9312,3.9337,3.8653,3.9058,12609289.8
2025-07-17 04:00:00+00:00,3.9058,3.9485,3.8811,3.9437,8283880.0
2025-07-17 05:00:00+00:00,3.9437,3.9664,3.9125,3.9657,8428318.9
2025-07-17 06:00:00+00:00,3.9656,4.0096,3.9572,4.0072,14518461.4
2025-07-17 07:00:00+00:00,4.0073,4.0085,3.9615,4.0021,9040837.1
2025-07-17 08:00:00+00:00,4.0021,4.0253,3.9826,4.015,8978568.3
2025-07-17 09:00:00+00:00,4.0149,4.0808,4.0035,4.062,16781012.6
2025-07-17 10:00:00+00:00,4.062,4.072,4.0121,4.0319,15293488.5
2025-07-17 11:00:00+00:00,4.032,4.0575,4.0059,4.0125,7694174.8
2025-07-17 12:00:00+00:00,4.0125,4.03,3.9744,4.0157,17420333.1
2025-07-17 13:00:00+00:00,4.0156,4.0268,3.91,3.9952,17667091.9
2025-07-17 14:00:00+00:00,3.9952,4.028,3.9773,4.0171,11600815.1
2025-07-17 15:00:00+00:00,4.0172,4.0557,3.9877,4.0476,13789140.9
2025-07-17 16:00:00+00:00,4.0476,4.0597,3.9502,4.006,15593781.6
2025-07-17 17:00:00+00:00,4.006,4.0181,3.9747,4.0147,7010872.7
2025-07-17 18:00:00+00:00,4.0148,4.034,4.0003,4.0311,7237128.4
2025-07-17 19:00:00+00:00,4.0312,4.0477,3.9544,3.9575,9534603.2
2025-07-17 20:00:00+00:00,3.9574,3.9726,3.9099,3.9682,16267968.3
2025-07-17 21:00:00+00:00,3.9682,4.041,3.9655,4.008,16380742.7
2025-07-17 22:00:00+00:00,4.008,4.0644,3.9976,4.0322,11357160.2
2025-07-17 23:00:00+00:00,4.0321,4.0674,4.005,4.009,8798486.6
2025-07-18 00:00:00+00:00,4.009,4.0287,3.9435,3.9613,19955919.5
2025-07-18 01:00:00+00:00,3.9613,4.038,3.945,4.027,19639998.1
2025-07-18 02:00:00+00:00,4.027,4.0447,3.9605,4.0179,16856989.3
2025-07-18 03:00:00+00:00,4.018,4.0584,4.0145,4.0323,12701882.9
2025-07-18 04:00:00+00:00,4.0324,4.2086,3.9975,4.1968,41352696.0
2025-07-18 05:00:00+00:00,4.1967,4.2524,4.143,4.1793,39606151.5
2025-07-18 06:00:00+00:00,4.1792,4.1964,4.0729,4.1225,27818719.2
2025-07-18 07:00:00+00:00,4.1225,4.1586,4.041,4.0496,21415357.3
2025-07-18 08:00:00+00:00,4.0494,4.0953,4.0022,4.0281,27607265.8
2025-07-18 09:00:00+00:00,4.0281,4.0677,4.0126,4.0642,11368612.4
2025-07-18 10:00:00+00:00,4.0643,4.0653,4.0069,4.0509,10864024.8
2025-07-18 11:00:00+00:00,4.0508,4.0529,3.9437,3.99,25815451.4
2025-07-18 12:00:00+00:00,3.9903,4.0457,3.9698,4.032,12065368.0
2025-07-18 13:00:00+00:00,4.0315,4.0315,3.9746,3.9898,12934499.3
2025-07-18 14:00:00+00:00,3.9898,4.0175,3.8246,3.8877,51947028.5
2025-07-18 15:00:00+00:00,3.8877,3.9061,3.802,3.8485,26424205.7
2025-07-18 16:00:00+00:00,3.8484,3.9035,3.8435,3.8787,13076712.8
2025-07-18 17:00:00+00:00,3.8788,3.9177,3.862,3.8867,9387101.0
2025-07-18 18:00:00+00:00,3.8866,3.8867,3.8432,3.8613,9068283.0
2025-07-18 19:00:00+00:00,3.8612,3.8689,3.75,3.8058,30826994.3
2025-07-18 20:00:00+00:00,3.8059,3.8066,3.6502,3.74,39536053.8
2025-07-18 21:00:00+00:00,3.74,3.7814,3.7319,3.7598,11555729.9
2025-07-18 22:00:00+00:00,3.7598,3.7971,3.7404,3.7592,9397317.9
2025-07-18 23:00:00+00:00,3.7591,3.791,3.7331,3.7817,9078886.3
2025-07-19 00:00:00+00:00,3.7816,3.7945,3.7165,3.7192,10810608.9
2025-07-19 01:00:00+00:00,3.7193,3.7533,3.6884,3.739,8481805.3
2025-07-19 02:00:00+00:00,3.739,3.7666,3.7172,3.7607,6752279.7
2025-07-19 03:00:00+00:00,3.7607,3.8078,3.7596,3.7966,10427515.2
2025-07-19 04:00:00+00:00,3.7966,3.8318,3.7919,3.8175,10869968.5
2025-07-19 05:00:00+00:00,3.8176,3.82,3.781,3.7961,7100965.3
2025-07-19 06:00:00+00:00,3.7961,3.8038,3.7633,3.7816,6840790.3
2025-07-19 07:00:00+00:00,3.7816,3.787,3.761,3.7718,4326669.0
2025-07-19 08:00:00+00:00,3.7717,3.7858,3.7369,3.7533,8308344.1
2025-07-19 09:00:00+00:00,3.7534,3.7833,3.7474,3.7589,4321090.0
2025-07-19 10:00:00+00:00,3.7589,3.7819,3.741,3.7726,5649692.2
2025-07-19 11:00:00+00:00,3.7726,3.814,3.746,3.7891,11989477.8
2025-07-19 12:00:00+00:00,3.7892,3.8069,3.753,3.8007,7128698.0
2025-07-19 13:00:00+00:00,3.8002,3.8011,3.7687,3.7853,6529134.0
2025-07-19 14:00:00+00:00,3.7853,3.792,3.744,3.7555,10173615.7
2025-07-19 15:00:00+00:00,3.7554,3.8028,3.7509,3.7788,6530397.6
2025-07-19 16:00:00+00:00,3.7787,3.7909,3.7613,3.781,4483624.0
2025-07-19 17:00:00+00:00,3.781,3.7904,3.765,3.7761,4831919.1
2025-07-19 18:00:00+00:00,3.7762,3.8082,3.7722,3.7783,5227277.0
2025-07-19 19:00:00+00:00,3.7784,3.7988,3.7613,3.7874,4733640.0
2025-07-19 20:00:00+00:00,3.7874,3.8494,3.7848,3.8225,9635507.0
2025-07-19 21:00:00+00:00,3.8224,3.8327,3.7667,3.7993,9199820.2
2025-07-19 22:00:00+00:00,3.7994,3.8264,3.7903,3.8175,3823201.5
2025-07-19 23:00:00+00:00,3.8176,3.8551,3.81,3.8348,5862166.5
2025-07-20 00:00:00+00:00,3.8348,3.8642,3.8105,3.8552,6069706.1
2025-07-20 01:00:00+00:00,3.8553,3.8927,3.8366,3.8426,11079448.4
2025-07-20 02:00:00+00:00,3.8424,3.854,3.83,3.8445,5086996.8
2025-07-20 03:00:00+00:00,3.8446,3.8822,3.8392,3.8588,7062225.9
2025-07-20 04:00:00+00:00,3.859,3.8655,3.8418,3.8606,4409337.9
2025-07-20 05:00:00+00:00,3.8605,3.9168,3.8567,3.9041,8801205.7
2025-07-20 06:00:00+00:00,3.9041,3.9069,3.8772,3.888,6018665.8
2025-07-20 07:00:00+00:00,3.8881,3.9814,3.8835,3.9594,15217862.6
2025-07-20 08:00:00+00:00,3.9593,3.9958,3.9451,3.9896,16032514.3
2025-07-20 09:00:00+00:00,3.9896,3.9991,3.9566,3.9566,10406892.7
2025-07-20 10:00:00+00:00,3.9565,3.9705,3.943,3.949,6424522.0
2025-07-20 11:00:00+00:00,3.9491,3.9849,3.9476,3.965,6230759.1
2025-07-20 12:00:00+00:00,3.965,3.9888,3.9571,3.9795,8570391.3
2025-07-20 13:00:00+00:00,3.9796,4.0336,3.9745,4.0331,11214848.5
2025-07-20 14:00:00+00:00,4.0331,4.035,3.98,4.003,12654117.9
2025-07-20 15:00:00+00:00,4.003,4.0155,3.9879,4.0075,6011827.5
2025-07-20 16:00:00+00:00,4.0075,4.0218,3.9532,3.9668,15261792.4
2025-07-20 17:00:00+00:00,3.9667,3.9677,3.884,3.9062,22027331.0
2025-07-20 18:00:00+00:00,3.9062,3.9398,3.9028,3.936,9732751.4
2025-07-20 19:00:00+00:00,3.936,3.9569,3.9348,3.9434,5341898.9
2025-07-20 20:00:00+00:00,3.9433,3.9519,3.9158,3.9299,4767634.9
2025-07-20 21:00:00+00:00,3.9299,3.9319,3.883,3.9188,8668412.8
2025-07-20 22:00:00+00:00,3.9187,3.9226,3.8065,3.8837,21638481.1
2025-07-20 23:00:00+00:00,3.8836,3.911,3.8568,3.8912,7826389.1
2025-07-21 00:00:00+00:00,3.8913,3.8969,3.8368,3.8875,12744055.4
2025-07-21 01:00:00+00:00,3.8874,3.9005,3.8553,3.8981,7482374.4
2025-07-21 02:00:00+00:00,3.8982,3.9596,3.8974,3.9595,12312097.6
2025-07-21 03:00:00+00:00,3.9595,3.9976,3.9594,3.978,11862768.6
2025-07-21 04:00:00+00:00,3.9779,3.9949,3.963,3.9778,8067023.6
2025-07-21 05:00:00+00:00,3.9779,3.9975,3.9663,3.9952,6955581.6
2025-07-21 06:00:00+00:00,3.9953,4.0248,3.982,3.9895,12754583.7
2025-07-21 07:00:00+00:00,3.9894,4.0219,3.9882,4.0034,8080639.8
2025-07-21 08:00:00+00:00,4.0034,4.0245,3.9893,4.0057,8740158.5
2025-07-21 09:00:00+00:00,4.0057,4.0112,3.9658,3.9964,11407541.0
2025-07-21 10:00:00+00:00,3.9964,4.0227,3.9702,4.0148,8704374.0
2025-07-21 11:00:00+00:00,4.0147,4.076,4.0117,4.0173,19885574.8
2025-07-21 12:00:00+00:00,4.0176,4.0494,3.9902,4.0261,12615655.8
2025-07-21 13:00:00+00:00,4.0261,4.0549,3.9932,4.0448,13841909.3
2025-07-21 14:00:00+00:00,4.0449,4.0564,4.0039,4.0296,13312974.4
2025-07-21 15:00:00+00:00,4.0294,4.0992,3.9951,4.0005,30049732.7
2025-07-21 16:00:00+00:00,4.0005,4.0108,3.9383,3.9951,24654372.0
2025-07-21 17:00:00+00:00,3.996,4.0057,3.9622,3.9897,8248799.3
2025-07-21 18:00:00+00:00,3.9897,4.0136,3.9457,3.956,6619087.8
2025-07-21 19:00:00+00:00,3.956,3.9823,3.9216,3.9495,11633427.1
2025-07-21 20:00:00+00:00,3.9493,3.9826,3.9345,3.9512,9552426.5
2025-07-21 21:00:00+00:00,3.951,3.9824,3.9391,3.9731,4081182.1
2025-07-21 22:00:00+00:00,3.973,3.9898,3.9527,3.9737,6683468.2
2025-07-21 23:00:00+00:00,3.9737,3.9852,3.9506,3.9624,4014997.8
2025-07-22 00:00:00+00:00,3.9625,4.009,3.9612,3.9615,8077215.3
2025-07-22 01:00:00+00:00,3.9614,4.035,3.8616,4.0201,31125890.9
2025-07-22 02:00:00+00:00,4.0204,4.0347,3.9705,3.9906,15426397.2
2025-07-22 03:00:00+00:00,3.9905,4.0056,3.9152,3.9478,16183960.0
2025-07-22 04:00:00+00:00,3.9477,3.9574,3.8137,3.8232,23108881.8
2025-07-22 05:00:00+00:00,3.8238,3.878,3.8196,3.8584,17543216.7
2025-07-22 06:00:00+00:00,3.8584,3.9099,3.8428,3.8898,10466193.3
2025-07-22 07:00:00+00:00,3.8898,3.9273,3.8663,3.8771,8964265.7
2025-07-22 08:00:00+00:00,3.8772,3.8773,3.802,3.8507,14076075.6
2025-07-22 09:00:00+00:00,3.8509,3.8645,3.8045,3.849,10514384.9
2025-07-22 10:00:00+00:00,3.8489,3.8899,3.8307,3.8898,7714270.8
2025-07-22 11:00:00+00:00,3.8898,3.9088,3.8654,3.8954,7843278.9
2025-07-22 12:00:00+00:00,3.8955,3.9073,3.8828,3.9019,6211266.3
2025-07-22 13:00:00+00:00,3.9018,3.9638,3.8873,3.8963,23116884.5
2025-07-22 14:00:00+00:00,3.8964,3.9173,3.838,3.9162,18139508.0
2025-07-22 15:00:00+00:00,3.9162,3.9476,3.8921,3.9257,12734608.0
2025-07-22 16:00:00+00:00,3.9256,3.9788,3.9172,3.9268,12290067.1
2025-07-22 17:00:00+00:00,3.9268,3.9436,3.8922,3.9258,8280224.1
2025-07-22 18:00:00+00:00,3.9257,3.9726,3.9052,3.96,8470587.2
2025-07-22 19:00:00+00:00,3.9599,3.9945,3.9178,3.932,12318890.8
2025-07-22 20:00:00+00:00,3.9319,3.9789,3.9238,3.9601,7414882.1
2025-07-22 21:00:00+00:00,3.9602,3.9722,3.9405,3.9672,3963979.3
2025-07-22 22:00:00+00:00,3.9672,3.9971,3.9663,3.9895,6167352.5
2025-07-22 23:00:00+00:00,3.9895,4.0269,3.9881,4.0131,9410457.3
2025-07-23 00:00:00+00:00,4.0132,4.0293,3.9723,3.9754,8769557.5
2025-07-23 01:00:00+00:00,3.9754,4.0019,3.9473,3.9797,9963524.6
2025-07-23 02:00:00+00:00,3.9798,3.989,3.9558,3.9623,6068473.0
2025-07-23 03:00:00+00:00,3.9624,3.9733,3.9352,3.9441,6318481.8
2025-07-23 04:00:00+00:00,3.9441,3.9836,3.9361,3.9833,4398255.7
2025-07-23 05:00:00+00:00,3.9834,4.0241,3.9823,3.9995,14554797.9
2025-07-23 06:00:00+00:00,3.9996,4.0098,3.95,3.9705,11960391.5
2025-07-23 07:00:00+00:00,3.9705,3.9816,3.9214,3.9345,10162570.4
2025-07-23 08:00:00+00:00,3.9345,3.9671,3.9277,3.9669,6294147.4
2025-07-23 09:00:00+00:00,3.967,3.9721,3.8849,3.8957,14314946.6
2025-07-23 10:00:00+00:00,3.8956,3.9106,3.87,3.9075,9155815.1
2025-07-23 11:00:00+00:00,3.9076,3.9155,3.875,3.9088,5949315.1
2025-07-23 12:00:00+00:00,3.9088,3.9168,3.8253,3.8413,15028417.9
2025-07-23 13:00:00+00:00,3.8414,3.8638,3.5738,3.7172,63611979.1
2025-07-23 14:00:00+00:00,3.718,3.7937,3.7038,3.7894,33221729.9
2025-07-23 15:00:00+00:00,3.7893,3.8232,3.7468,3.817,15778679.4
2025-07-23 16:00:00+00:00,3.817,3.817,3.6993,3.7079,22211537.2
2025-07-23 17:00:00+00:00,3.708,3.7182,3.6324,3.6955,28694032.9
2025-07-23 18:00:00+00:00,3.6956,3.7272,3.683,3.7257,8298795.6
2025-07-23 19:00:00+00:00,3.7256,3.7334,3.6916,3.6972,7765336.4
2025-07-23 20:00:00+00:00,3.6973,3.7183,3.5893,3.6592,21490010.0
2025-07-23 21:00:00+00:00,3.6594,3.6794,3.5824,3.6735,20713925.5
2025-07-23 22:00:00+00:00,3.6735,3.7216,3.644,3.7023,12009399.6
2025-07-23 23:00:00+00:00,3.7023,3.73,3.699,3.7171,7984416.1
2025-07-24 00:00:00+00:00,3.7171,3.7901,3.705,3.7744,14850537.6
2025-07-24 01:00:00+00:00,3.7745,3.7797,3.7421,3.7772,5650099.3
2025-07-24 02:00:00+00:00,3.7773,3.7816,3.7512,3.7636,5319457.0
2025-07-24 03:00:00+00:00,3.7636,3.7966,3.7561,3.7589,5157374.2
2025-07-24 04:00:00+00:00,3.7588,3.7692,3.6732,3.6818,13231812.3
2025-07-24 05:00:00+00:00,3.6818,3.6911,3.5878,3.5897,20791920.7
2025-07-24 06:00:00+00:00,3.5899,3.6391,3.508,3.5598,32627799.2
2025-07-24 07:00:00+00:00,3.5599,3.6587,3.5191,3.6541,23156293.0
2025-07-24 08:00:00+00:00,3.6539,3.7115,3.63,3.7034,12930718.7
2025-07-24 09:00:00+00:00,3.7034,3.7233,3.6739,3.6986,11074301.3
2025-07-24 10:00:00+00:00,3.6986,3.7167,3.6335,3.6872,13508490.4
2025-07-24 11:00:00+00:00,3.6871,3.7479,3.6789,3.7325,11127956.1
2025-07-24 12:00:00+00:00,3.7326,3.7464,3.6894,3.7175,10277207.0
2025-07-24 13:00:00+00:00,3.7174,3.7476,3.6956,3.7008,9349104.0
2025-07-24 14:00:00+00:00,3.701,3.8163,3.6728,3.8105,16515571.3
2025-07-24 15:00:00+00:00,3.8109,3.8456,3.7704,3.8265,20845982.4
2025-07-24 16:00:00+00:00,3.8265,3.8317,3.7456,3.7723,15830965.2
2025-07-24 17:00:00+00:00,3.7723,3.8713,3.7669,3.8538,16123824.1
2025-07-24 18:00:00+00:00,3.8537,3.8697,3.8311,3.8408,6970873.0
2025-07-24 19:00:00+00:00,3.8408,3.8635,3.8208,3.8236,6816910.6
2025-07-24 20:00:00+00:00,3.8232,3.8485,3.8155,3.8373,4030791.6
2025-07-24 21:00:00+00:00,3.8374,3.8388,3.7612,3.772,11084303.0
2025-07-24 22:00:00+00:00,3.772,3.7834,3.7528,3.7582,5667222.5
2025-07-24 23:00:00+00:00,3.7581,3.7581,3.6911,3.719,10855844.3
2025-07-25 00:00:00+00:00,3.7191,3.7238,3.6613,3.6715,14188314.1
2025-07-25 01:00:00+00:00,3.6714,3.7113,3.6415,3.6968,12354460.4
2025-07-25 02:00:00+00:00,3.6968,3.7012,3.6126,3.6248,12176951.2
2025-07-25 03:00:00+00:00,3.625,3.6619,3.5885,3.6183,14455211.9
2025-07-25 04:00:00+00:00,3.6181,3.6804,3.5881,3.6794,12057225.4
2025-07-25 05:00:00+00:00,3.6795,3.6849,3.6278,3.6343,9572969.0
2025-07-25 06:00:00+00:00,3.6344,3.6725,3.6155,3.6541,6971428.2
2025-07-25 07:00:00+00:00,3.6542,3.6828,3.6039,3.6483,10800562.8
2025-07-25 08:00:00+00:00,3.6485,3.6996,3.6381,3.6643,12074353.9
2025-07-25 09:00:00+00:00,3.6643,3.7286,3.6494,3.7249,11080738.8
2025-07-25 10:00:00+00:00,3.725,3.7495,3.7046,3.7478,8633344.7
2025-07-25 11:00:00+00:00,3.7479,3.7878,3.7428,3.759,8392796.5
2025-07-25 12:00:00+00:00,3.7592,3.7822,3.727,3.7616,8810065.5
2025-07-25 13:00:00+00:00,3.7618,3.7688,3.7209,3.757,8945447.5
2025-07-25 14:00:00+00:00,3.7569,3.7613,3.6402,3.6493,19061813.6
2025-07-25 15:00:00+00:00,3.6492,3.7018,3.6439,3.667,13720630.4
2025-07-25 16:00:00+00:00,3.667,3.7467,3.6508,3.7298,13935350.2
2025-07-25 17:00:00+00:00,3.73,3.7707,3.7262,3.7596,11539926.9
2025-07-25 18:00:00+00:00,3.7596,3.8033,3.7352,3.7907,9774607.3
2025-07-25 19:00:00+00:00,3.7907,3.8553,3.7841,3.8401,16306555.8
2025-07-25 20:00:00+00:00,3.8402,3.9684,3.8363,3.9307,23997897.6
2025-07-25 21:00:00+00:00,3.9307,3.9832,3.9306,3.9827,12969433.3
2025-07-25 22:00:00+00:00,3.9828,4.0042,3.9706,4.0002,10488605.1
2025-07-25 23:00:00+00:00,4.0003,4.0018,3.9381,3.9493,12567541.5
2025-07-26 00:00:00+00:00,3.9494,3.9943,3.9385,3.9795,8497414.2
2025-07-26 01:00:00+00:00,3.9795,3.9874,3.9357,3.9415,6985129.8
2025-07-26 02:00:00+00:00,3.9415,3.9826,3.9407,3.969,7020051.7
2025-07-26 03:00:00+00:00,3.9691,3.9862,3.952,3.982,5421234.0
2025-07-26 04:00:00+00:00,3.9821,4.0078,3.9746,3.9961,8207829.2
2025-07-26 05:00:00+00:00,3.9962,4.0143,3.9764,4.0106,8192583.0
2025-07-26 06:00:00+00:00,4.0106,4.025,3.9775,3.9894,9046029.7
2025-07-26 07:00:00+00:00,3.9895,4.0058,3.9852,3.987,4542916.7
2025-07-26 08:00:00+00:00,3.9871,4.04,3.9871,4.0212,8720044.4
2025-07-26 09:00:00+00:00,4.0213,4.0748,4.0199,4.071,12418775.4
2025-07-26 10:00:00+00:00,4.0711,4.0779,4.0254,4.027,9146654.6
2025-07-26 11:00:00+00:00,4.0271,4.0614,4.0262,4.0451,8422544.1
2025-07-26 12:00:00+00:00,4.0452,4.0835,4.028,4.0818,8222832.5
2025-07-26 13:00:00+00:00,4.0818,4.0888,4.0572,4.0652,8297481.3
2025-07-26 14:00:00+00:00,4.0651,4.1739,4.0622,4.1311,21178667.5
2025-07-26 15:00:00+00:00,4.1312,4.2089,4.1302,4.2057,33959988.0
2025-07-26 16:00:00+00:00,4.2057,4.3487,4.1901,4.2877,54768243.0
2025-07-26 17:00:00+00:00,4.2877,4.2936,4.2058,4.2071,20148628.5
2025-07-26 18:00:00+00:00,4.207,4.2378,4.1789,4.1935,15831591.0
2025-07-26 19:00:00+00:00,4.1936,4.2314,4.1723,4.2064,12006090.5
2025-07-26 20:00:00+00:00,4.2064,4.2166,4.1789,4.1998,6278580.5
2025-07-26 21:00:00+00:00,4.1997,4.205,4.1619,4.2011,7351623.4
2025-07-26 22:00:00+00:00,4.2011,4.2109,4.1823,4.1886,5789748.7
2025-07-26 23:00:00+00:00,4.1885,4.1885,4.1439,4.1623,9349777.1
2025-07-27 00:00:00+00:00,4.1624,4.1648,4.128,4.135,6867795.6
2025-07-27 01:00:00+00:00,4.1349,4.1651,4.1223,4.1487,9378339.4
2025-07-27 02:00:00+00:00,4.1486,4.1885,4.1327,4.186,8452826.9
2025-07-27 03:00:00+00:00,4.186,4.2206,4.1704,4.2075,12262136.2
2025-07-27 04:00:00+00:00,4.2075,4.2156,4.1927,4.2024,5230005.1
2025-07-27 05:00:00+00:00,4.2024,4.2221,4.1929,4.2206,8833079.0
2025-07-27 06:00:00+00:00,4.2206,4.2588,4.2092,4.2428,12066642.8
2025-07-27 07:00:00+00:00,4.2428,4.2498,4.2088,4.2184,10408545.9
2025-07-27 08:00:00+00:00,4.2184,4.2493,4.1986,4.2211,15083129.9
2025-07-27 09:00:00+00:00,4.2212,4.2235,4.1668,4.1831,11441834.5
2025-07-27 10:00:00+00:00,4.1831,4.2281,4.1767,4.2217,11699179.5
2025-07-27 11:00:00+00:00,4.2217,4.3069,4.2198,4.2879,24393219.4
2025-07-27 12:00:00+00:00,4.2879,4.4238,4.2784,4.4163,41144470.1
2025-07-27 13:00:00+00:00,4.416,4.4333,4.2327,4.2429,45653414.4
2025-07-27 14:00:00+00:00,4.243,4.2763,4.22,4.2513,36323659.2
2025-07-27 15:00:00+00:00,4.2513,4.2615,4.214,4.2312,11109069.9
2025-07-27 16:00:00+00:00,4.2314,4.3019,4.2307,4.2941,20125278.0
2025-07-27 17:00:00+00:00,4.2944,4.3354,4.2792,4.3241,14793825.2
2025-07-27 18:00:00+00:00,4.3236,4.3601,4.2904,4.3526,13376848.6
2025-07-27 19:00:00+00:00,4.3524,4.372,4.3288,4.3338,11658816.8
2025-07-27 20:00:00+00:00,4.3338,4.3808,4.3158,4.3238,7904739.9
2025-07-27 21:00:00+00:00,4.3239,4.3338,4.3015,4.3158,5451843.6
2025-07-27 22:00:00+00:00,4.3159,4.3573,4.3129,4.3155,7268910.2
2025-07-27 23:00:00+00:00,4.3155,4.3713,4.3079,4.3291,8811726.0
2025-07-28 00:00:00+00:00,4.329,4.4478,4.329,4.3941,21740950.2
2025-07-28 01:00:00+00:00,4.3942,4.3961,4.2923,4.3016,15518918.5
2025-07-28 02:00:00+00:00,4.3016,4.343,4.2909,4.3091,11355436.6
2025-07-28 03:00:00+00:00,4.3091,4.3104,4.2447,4.2861,11287212.1
2025-07-28 04:00:00+00:00,4.2861,4.3143,4.2653,4.3074,9852629.5
2025-07-28 05:00:00+00:00,4.3071,4.338,4.2952,4.3216,8880923.9
2025-07-28 06:00:00+00:00,4.3215,4.3294,4.2634,4.2726,10477279.6
2025-07-28 07:00:00+00:00,4.2726,4.2761,4.2295,4.251,12000698.8
2025-07-28 08:00:00+00:00,4.251,4.2652,4.2244,4.234,8591229.3
2025-07-28 09:00:00+00:00,4.234,4.2524,4.2264,4.2272,5621459.3
2025-07-28 10:00:00+00:00,4.2272,4.245,4.2066,4.2334,8558297.5
2025-07-28 11:00:00+00:00,4.2334,4.2603,4.2143,4.2359,8436405.3
2025-07-28 12:00:00+00:00,4.2359,4.2521,4.1626,4.2059,22700238.3
2025-07-28 13:00:00+00:00,4.2059,4.225,4.1587,4.1893,23119403.0
2025-07-28 14:00:00+00:00,4.1892,4.1956,4.0681,4.093,43869669.2
2025-07-28 15:00:00+00:00,4.093,4.1274,4.0421,4.0636,21742630.5
2025-07-28 16:00:00+00:00,4.0635,4.0777,4.0315,4.044,17453303.9
2025-07-28 17:00:00+00:00,4.044,4.0538,3.9945,4.0112,20411678.1
2025-07-28 18:00:00+00:00,4.0114,4.0249,3.96,3.9952,17919057.1
2025-07-28 19:00:00+00:00,3.9953,4.0234,3.9727,3.9827,13118776.0
2025-07-28 20:00:00+00:00,3.9826,3.9942,3.9149,3.9411,17935531.1
2025-07-28 21:00:00+00:00,3.9411,3.9771,3.9238,3.9576,9168413.0
2025-07-28 22:00:00+00:00,3.9575,3.971,3.9142,3.9379,10046613.9
2025-07-28 23:00:00+00:00,3.938,3.9481,3.8812,3.908,12813063.0
2025-07-29 00:00:00+00:00,3.908,3.9508,3.8832,3.9259,15489646.0
2025-07-29 01:00:00+00:00,3.9259,3.9712,3.9125,3.9206,10383015.9
2025-07-29 02:00:00+00:00,3.9206,3.936,3.879,3.8919,10773412.8
2025-07-29 03:00:00+00:00,3.892,3.9546,3.8918,3.9457,10981716.0
2025-07-29 04:00:00+00:00,3.9457,3.9735,3.9316,3.9372,10950038.8
2025-07-29 05:00:00+00:00,3.9372,3.9726,3.935,3.9663,6971549.2
2025-07-29 06:00:00+00:00,3.9664,3.9867,3.9509,3.9578,10407642.2
2025-07-29 07:00:00+00:00,3.9578,3.9964,3.9576,3.9915,8456487.1
2025-07-29 08:00:00+00:00,3.9915,4.008,3.9545,3.9571,9777439.5
2025-07-29 09:00:00+00:00,3.9572,3.9602,3.9341,3.9462,6531472.6
2025-07-29 10:00:00+00:00,3.9462,3.952,3.8707,3.8802,13522450.6
2025-07-29 11:00:00+00:00,3.8802,3.921,3.8778,3.8945,8702938.9
2025-07-29 12:00:00+00:00,3.8946,3.9147,3.8716,3.8953,12623107.1
2025-07-29 13:00:00+00:00,3.8954,3.9214,3.8258,3.8466,20525335.1
2025-07-29 14:00:00+00:00,3.8467,3.8485,3.7689,3.8116,41145874.7
2025-07-29 15:00:00+00:00,3.8117,3.8264,3.7828,3.7958,15214708.8
2025-07-29 16:00:00+00:00,3.7958,3.8196,3.7505,3.8182,17117816.4
2025-07-29 17:00:00+00:00,3.8183,3.858,3.8048,3.8381,11399059.4
2025-07-29 18:00:00+00:00,3.8382,3.8551,3.817,3.8399,6018392.9
2025-07-29 19:00:00+00:00,3.8399,3.8534,3.8059,3.8145,6455830.8
2025-07-29 20:00:00+00:00,3.8145,3.8366,3.7814,3.8072,8783388.8
2025-07-29 21:00:00+00:00,3.8072,3.8437,3.7883,3.8281,5362975.5
2025-07-29 22:00:00+00:00,3.8282,3.8367,3.7954,3.8271,5187636.7
2025-07-29 23:00:00+00:00,3.8271,3.8282,3.8026,3.8106,3158328.8
2025-07-30 00:00:00+00:00,3.8106,3.8132,3.7543,3.7891,7369793.1
2025-07-30 01:00:00+00:00,3.789,3.8266,3.7587,3.8124,6750709.9
2025-07-30 02:00:00+00:00,3.8122,3.8294,3.7818,3.8096,6505491.7
2025-07-30 03:00:00+00:00,3.8095,3.8417,3.8041,3.8134,7262274.4
2025-07-30 04:00:00+00:00,3.8134,3.8268,3.7765,3.7821,7020268.7
2025-07-30 05:00:00+00:00,3.7822,3.8041,3.7635,3.7958,5314567.9
2025-07-30 06:00:00+00:00,3.7958,3.8161,3.7942,3.8102,4126228.3
2025-07-30 07:00:00+00:00,3.8101,3.8191,3.769,3.7772,6005579.5
2025-07-30 08:00:00+00:00,3.7772,3.7998,3.7506,3.7797,6690990.1
2025-07-30 09:00:00+00:00,3.7798,3.7861,3.7394,3.7627,8429012.4
2025-07-30 10:00:00+00:00,3.7627,3.794,3.7488,3.7546,7918054.8
2025-07-30 11:00:00+00:00,3.7546,3.7702,3.6854,3.705,17695754.2
2025-07-30 12:00:00+00:00,3.7049,3.7375,3.6675,3.7271,15167680.0
2025-07-30 13:00:00+00:00,3.7271,3.7536,3.7038,3.7258,16741391.2
2025-07-30 14:00:00+00:00,3.7258,3.8323,3.7153,3.808,16368903.3
2025-07-30 15:00:00+00:00,3.808,3.8136,3.7536,3.7887,11236052.3
2025-07-30 16:00:00+00:00,3.7887,3.8117,3.7705,3.7882,7087023.9
2025-07-30 17:00:00+00:00,3.7883,3.7998,3.7692,3.7952,4298819.4
2025-07-30 18:00:00+00:00,3.7952,3.812,3.72,3.7229,15036244.5
2025-07-30 19:00:00+00:00,3.7228,3.7853,3.6125,3.7636,37771255.0
2025-07-30 20:00:00+00:00,3.7638,3.7897,3.7455,3.7563,8116240.8
2025-07-30 21:00:00+00:00,3.7563,3.774,3.7241,3.742,4598931.9
2025-07-30 22:00:00+00:00,3.742,3.752,3.7149,3.7333,5153176.7
2025-07-30 23:00:00+00:00,3.7333,3.7667,3.732,3.7564,8621650.5
2025-07-31 00:00:00+00:00,3.7565,3.8106,3.746,3.7947,7087964.3
2025-07-31 01:00:00+00:00,3.7948,3.815,3.7806,3.8029,4977864.4
2025-07-31 02:00:00+00:00,3.8029,3.8387,3.7902,3.8382,5260641.4
2025-07-31 03:00:00+00:00,3.8381,3.8753,3.8223,3.8647,8654101.4
2025-07-31 04:00:00+00:00,3.8648,3.8668,3.8243,3.8506,6555742.6
2025-07-31 05:00:00+00:00,3.8505,3.8678,3.8415,3.8636,4703991.7
2025-07-31 06:00:00+00:00,3.8636,3.9175,3.8424,3.9113,10323775.8
2025-07-31 07:00:00+00:00,3.9113,3.9273,3.8974,3.9224,9857880.9
2025-07-31 08:00:00+00:00,3.9225,3.9589,3.9074,3.9506,9506852.2
2025-07-31 09:00:00+00:00,3.9506,3.9506,3.9104,3.9185,7150351.8
2025-07-31 10:00:00+00:00,3.9185,3.9217,3.8888,3.8918,7300249.0
2025-07-31 11:00:00+00:00,3.8917,3.9054,3.8737,3.8867,8251854.2
2025-07-31 12:00:00+00:00,3.8868,3.889,3.8364,3.8394,12510287.9
2025-07-31 13:00:00+00:00,3.8394,3.8412,3.7481,3.7974,26075781.8
2025-07-31 14:00:00+00:00,3.7975,3.8095,3.7332,3.7518,15675625.8
2025-07-31 15:00:00+00:00,3.7518,3.7824,3.7409,3.7603,9449494.6
2025-07-31 16:00:00+00:00,3.7603,3.8352,3.7539,3.7926,13064608.3
2025-07-31 17:00:00+00:00,3.7927,3.7939,3.7314,3.7469,10240068.5
2025-07-31 18:00:00+00:00,3.7469,3.7544,3.7059,3.735,9556093.1
2025-07-31 19:00:00+00:00,3.7352,3.7437,3.6806,3.6952,10953845.2
2025-07-31 20:00:00+00:00,3.6953,3.7087,3.6724,3.6861,9284212.8
2025-07-31 21:00:00+00:00,3.6861,3.7103,3.644,3.6795,8928431.3
2025-07-31 22:00:00+00:00,3.6802,3.6803,3.62,3.6282,9508055.5
2025-07-31 23:00:00+00:00,3.6284,3.6516,3.586,3.6121,12553399.7
2025-08-01 00:00:00+00:00,3.6122,3.614,3.4864,3.5771,35685567.7
2025-08-01 01:00:00+00:00,3.5768,3.5961,3.5046,3.562,24576930.6
2025-08-01 02:00:00+00:00,3.562,3.6233,3.5521,3.6138,13625579.0
2025-08-01 03:00:00+00:00,3.6138,3.6323,3.5938,3.6017,10540068.6
2025-08-01 04:00:00+00:00,3.6016,3.6017,3.5689,3.5768,9098777.2
2025-08-01 05:00:00+00:00,3.5768,3.5972,3.5337,3.5522,10994767.7
2025-08-01 06:00:00+00:00,3.5522,3.5576,3.5024,3.5384,11218697.9
2025-08-01 07:00:00+00:00,3.5383,3.552,3.4955,3.5249,12066884.4
2025-08-01 08:00:00+00:00,3.5248,3.5248,3.425,3.4656,32683432.7
2025-08-01 09:00:00+00:00,3.4654,3.5191,3.4635,3.4807,15442677.4
2025-08-01 10:00:00+00:00,3.4808,3.5114,3.473,3.4849,8329105.5
2025-08-01 11:00:00+00:00,3.4849,3.515,3.4675,3.5086,8361540.9
2025-08-01 12:00:00+00:00,3.5085,3.5376,3.477,3.5002,21324031.9
2025-08-01 13:00:00+00:00,3.5004,3.5372,3.413,3.4454,25969753.5
2025-08-01 14:00:00+00:00,3.4456,3.5542,3.423,3.5425,23919208.9
2025-08-01 15:00:00+00:00,3.5425,3.553,3.4852,3.5457,17228331.4
2025-08-01 16:00:00+00:00,3.5457,3.595,3.538,3.552,16606930.3
2025-08-01 17:00:00+00:00,3.5519,3.5786,3.5052,3.5345,16823337.3
2025-08-01 18:00:00+00:00,3.5345,3.5894,3.5119,3.5522,16251166.3
2025-08-01 19:00:00+00:00,3.5523,3.5796,3.5362,3.5619,11499261.6
2025-08-01 20:00:00+00:00,3.5619,3.5731,3.4706,3.5254,17983871.6
2025-08-01 21:00:00+00:00,3.5253,3.5518,3.5058,3.509,9734804.1
2025-08-01 22:00:00+00:00,3.509,3.5118,3.3519,3.4112,32153930.6
2025-08-01 23:00:00+00:00,3.4112,3.4696,3.4034,3.4577,11335568.3
2025-08-02 00:00:00+00:00,3.4577,3.5028,3.4445,3.4969,10414318.6
2025-08-02 01:00:00+00:00,3.497,3.4998,3.4712,3.4955,4482930.9
2025-08-02 02:00:00+00:00,3.4956,3.4997,3.481,3.4882,2773429.5
2025-08-02 03:00:00+00:00,3.4882,3.5139,3.4882,3.5002,5529207.7
2025-08-02 04:00:00+00:00,3.5002,3.5282,3.4874,3.5276,4141515.0
2025-08-02 05:00:00+00:00,3.5276,3.5329,3.513,3.5228,3855455.9
2025-08-02 06:00:00+00:00,3.5228,3.528,3.4343,3.4537,12842566.3
2025-08-02 07:00:00+00:00,3.4536,3.5131,3.4252,3.5079,9761213.0
2025-08-02 08:00:00+00:00,3.508,3.5126,3.4506,3.4538,9838636.3
2025-08-02 09:00:00+00:00,3.4539,3.4753,3.4372,3.4541,6517828.1
2025-08-02 10:00:00+00:00,3.4542,3.4562,3.3837,3.4096,11272731.2
2025-08-02 11:00:00+00:00,3.4095,3.4432,3.3875,3.4185,6960886.1
2025-08-02 12:00:00+00:00,3.4185,3.4224,3.3911,3.4145,6342523.8
2025-08-02 13:00:00+00:00,3.4144,3.4448,3.3904,3.4325,6584815.4
2025-08-02 14:00:00+00:00,3.4323,3.4372,3.3636,3.3771,12372953.5
2025-08-02 15:00:00+00:00,3.3771,3.413,3.3467,3.3602,10268694.3
2025-08-02 16:00:00+00:00,3.3603,3.384,3.3163,3.3668,18365379.1
2025-08-02 17:00:00+00:00,3.3667,3.3927,3.3093,3.3279,13607393.2
2025-08-02 18:00:00+00:00,3.328,3.3372,3.2649,3.2837,21314891.3
2025-08-02 19:00:00+00:00,3.2836,3.3495,3.27,3.3152,14709422.6
2025-08-02 20:00:00+00:00,3.3152,3.3492,3.3111,3.3459,7272565.4
2025-08-02 21:00:00+00:00,3.3459,3.3684,3.3214,3.3494,6939784.6
2025-08-02 22:00:00+00:00,3.3493,3.3707,3.3257,3.3556,5211463.9
2025-08-02 23:00:00+00:00,3.3557,3.3622,3.2997,3.3331,8254410.4
2025-08-03 00:00:00+00:00,3.3332,3.3689,3.28,3.3619,14284837.3
2025-08-03 01:00:00+00:00,3.3619,3.3828,3.3464,3.3642,7327401.5
2025-08-03 02:00:00+00:00,3.3642,3.4152,3.364,3.4086,7849294.8
2025-08-03 03:00:00+00:00,3.4085,3.42,3.3956,3.4084,6915779.6
2025-08-03 04:00:00+00:00,3.4085,3.4115,3.3871,3.4008,4553843.6
2025-08-03 05:00:00+00:00,3.4007,3.4114,3.387,3.3949,3661743.7
2025-08-03 06:00:00+00:00,3.3949,3.4027,3.388,3.4016,2143104.6
2025-08-03 07:00:00+00:00,3.4016,3.4249,3.4015,3.4224,4208585.2
2025-08-03 08:00:00+00:00,3.4224,3.4492,3.4222,3.4437,7690236.8
2025-08-03 09:00:00+00:00,3.4438,3.4462,3.4222,3.4364,4468541.3
2025-08-03 10:00:00+00:00,3.4365,3.4627,3.4333,3.455,8399280.8
2025-08-03 11:00:00+00:00,3.455,3.4817,3.453,3.4544,10072728.3
2025-08-03 12:00:00+00:00,3.4544,3.4669,3.439,3.4561,6811738.7
2025-08-03 13:00:00+00:00,3.4561,3.4626,3.4242,3.4345,7521107.4
2025-08-03 14:00:00+00:00,3.4344,3.4374,3.4042,3.4272,9680166.7
2025-08-03 15:00:00+00:00,3.4272,3.4291,3.4057,3.4208,4815338.8
2025-08-03 16:00:00+00:00,3.4206,3.4249,3.4023,3.4215,6358358.7
2025-08-03 17:00:00+00:00,3.4215,3.4316,3.409,3.4236,4621065.2
2025-08-03 18:00:00+00:00,3.4235,3.4402,3.4107,3.4383,4476846.9
2025-08-03 19:00:00+00:00,3.4384,3.465,3.4279,3.4324,6513361.5
2025-08-03 20:00:00+00:00,3.4325,3.4347,3.4128,3.4294,4849852.5
2025-08-03 21:00:00+00:00,3.4294,3.4473,3.4229,3.4465,2849415.2
2025-08-03 22:00:00+00:00,3.4465,3.4593,3.424,3.4468,5809058.5
2025-08-03 23:00:00+00:00,3.4469,3.4742,3.4338,3.4446,5698124.6
2025-08-04 00:00:00+00:00,3.4447,3.5114,3.4307,3.511,9196844.5
2025-08-04 01:00:00+00:00,3.511,3.5187,3.4661,3.4693,8688922.1
2025-08-04 02:00:00+00:00,3.4694,3.5001,3.451,3.4974,7627238.8
2025-08-04 03:00:00+00:00,3.4975,3.5027,3.4708,3.489,5367762.7
2025-08-04 04:00:00+00:00,3.4891,3.5078,3.48,3.4894,6874723.3
2025-08-04 05:00:00+00:00,3.4895,3.4997,3.4601,3.4817,6609712.4
2025-08-04 06:00:00+00:00,3.4816,3.4854,3.4461,3.4748,6135879.1
2025-08-04 07:00:00+00:00,3.4749,3.4987,3.4576,3.4832,5863965.5
2025-08-04 08:00:00+00:00,3.4833,3.4978,3.4548,3.4604,6839924.4
2025-08-04 09:00:00+00:00,3.4605,3.4699,3.4288,3.4303,6810526.4
2025-08-04 10:00:00+00:00,3.4303,3.4478,3.4215,3.4273,6582702.4
2025-08-04 11:00:00+00:00,3.4273,3.4342,3.4062,3.4282,6936431.5
2025-08-04 12:00:00+00:00,3.4283,3.4629,3.4283,3.4597,7465120.9
2025-08-04 13:00:00+00:00,3.4597,3.524,3.4406,3.5186,18623256.3
2025-08-04 14:00:00+00:00,3.5187,3.5604,3.4744,3.4911,28020826.4
2025-08-04 15:00:00+00:00,3.491,3.5216,3.4778,3.4989,11233136.2
2025-08-04 16:00:00+00:00,3.499,3.5817,3.499,3.5774,14513201.8
2025-08-04 17:00:00+00:00,3.5774,3.6341,3.5667,3.5825,20475644.8
2025-08-04 18:00:00+00:00,3.5824,3.5968,3.5316,3.5398,9512811.0
2025-08-04 19:00:00+00:00,3.5398,3.547,3.4976,3.5085,9675062.3
2025-08-04 20:00:00+00:00,3.5085,3.5575,3.5006,3.5436,8904792.8
2025-08-04 21:00:00+00:00,3.5435,3.5988,3.5415,3.5779,8627014.5
2025-08-04 22:00:00+00:00,3.5779,3.6047,3.5779,3.6046,6302668.9
2025-08-04 23:00:00+00:00,3.6045,3.6082,3.58,3.5882,6002105.9
2025-08-05 00:00:00+00:00,3.5881,3.6011,3.5649,3.5802,6367051.1
2025-08-05 01:00:00+00:00,3.5802,3.5911,3.5352,3.542,6697587.8
2025-08-05 02:00:00+00:00,3.542,3.5607,3.5315,3.5606,4972142.4
2025-08-05 03:00:00+00:00,3.5606,3.5625,3.4867,3.4938,10363603.4
2025-08-05 04:00:00+00:00,3.4938,3.5089,3.468,3.4749,8538921.3
2025-08-05 05:00:00+00:00,3.4749,3.502,3.4703,3.5009,6083598.7
2025-08-05 06:00:00+00:00,3.5009,3.522,3.4566,3.4742,9375959.0
2025-08-05 07:00:00+00:00,3.4742,3.4742,3.4201,3.4383,14343301.0
2025-08-05 08:00:00+00:00,3.4383,3.466,3.4334,3.4576,6373047.3
2025-08-05 09:00:00+00:00,3.4576,3.49,3.4547,3.4881,7338924.2
2025-08-05 10:00:00+00:00,3.4881,3.5453,3.4755,3.5341,10748143.4
2025-08-05 11:00:00+00:00,3.5342,3.5712,3.5242,3.5634,7788764.7
2025-08-05 12:00:00+00:00,3.5634,3.5666,3.475,3.4905,15977422.7
2025-08-05 13:00:00+00:00,3.4905,3.5124,3.4633,3.4765,15704227.5
2025-08-05 14:00:00+00:00,3.4766,3.481,3.3731,3.4137,32004680.1
2025-08-05 15:00:00+00:00,3.4136,3.4316,3.3672,3.3858,16533927.1
2025-08-05 16:00:00+00:00,3.3856,3.4228,3.3769,3.4083,9976009.5
2025-08-05 17:00:00+00:00,3.4083,3.4244,3.3931,3.416,5671142.0
2025-08-05 18:00:00+00:00,3.416,3.4166,3.384,3.4066,5610292.3
2025-08-05 19:00:00+00:00,3.4067,3.4153,3.3704,3.3793,5222527.1
2025-08-05 20:00:00+00:00,3.3793,3.4103,3.3769,3.385,4701456.3
2025-08-05 21:00:00+00:00,3.3851,3.4021,3.3647,3.3753,4174289.3
2025-08-05 22:00:00+00:00,3.3752,3.3975,3.3393,3.3923,9542175.0
2025-08-05 23:00:00+00:00,3.3923,3.4218,3.3862,3.4093,6843760.5
2025-08-06 00:00:00+00:00,3.4095,3.4111,3.3681,3.3797,5356314.8
2025-08-06 01:00:00+00:00,3.3796,3.3932,3.3609,3.3914,5581861.8
2025-08-06 02:00:00+00:00,3.3913,3.4007,3.3706,3.3804,3932056.6
2025-08-06 03:00:00+00:00,3.3804,3.3842,3.3427,3.3498,6192806.3
2025-08-06 04:00:00+00:00,3.3499,3.3504,3.3257,3.3444,7014192.9
2025-08-06 05:00:00+00:00,3.3444,3.45,3.3366,3.4127,15674525.6
2025-08-06 06:00:00+00:00,3.4127,3.43,3.3922,3.4209,6397202.8
2025-08-06 07:00:00+00:00,3.421,3.4515,3.416,3.4488,5457783.6
2025-08-06 08:00:00+00:00,3.4489,3.4548,3.3947,3.4057,8911377.7
2025-08-06 09:00:00+00:00,3.4056,3.4338,3.3915,3.4183,5993450.5
2025-08-06 10:00:00+00:00,3.4183,3.4255,3.3911,3.3978,5007313.6
2025-08-06 11:00:00+00:00,3.3978,3.431,3.3902,3.402,5231103.1
2025-08-06 12:00:00+00:00,3.4019,3.4146,3.3681,3.3962,8970254.8
2025-08-06 13:00:00+00:00,3.3961,3.4252,3.3868,3.4124,10137435.1
2025-08-06 14:00:00+00:00,3.4127,3.4734,3.3993,3.4734,11311197.6
2025-08-06 15:00:00+00:00,3.4734,3.5038,3.4504,3.4935,12372909.3
2025-08-06 16:00:00+00:00,3.4936,3.506,3.4526,3.4683,10877341.0
2025-08-06 17:00:00+00:00,3.4683,3.5022,3.4552,3.4999,5302473.3
2025-08-06 18:00:00+00:00,3.4999,3.5278,3.4915,3.4922,8200480.1
2025-08-06 19:00:00+00:00,3.4923,3.5104,3.4854,3.5044,5377421.6
2025-08-06 20:00:00+00:00,3.5042,3.5054,3.4789,3.4913,3189530.5
2025-08-06 21:00:00+00:00,3.4914,3.5069,3.4837,3.5065,4753494.4
2025-08-06 22:00:00+00:00,3.5065,3.5149,3.4972,3.5006,5750237.0
2025-08-06 23:00:00+00:00,3.5006,3.5024,3.4901,3.4974,2971101.4
2025-08-07 00:00:00+00:00,3.4973,3.5044,3.4839,3.4873,4892001.8
2025-08-07 01:00:00+00:00,3.4873,3.5202,3.4726,3.4771,5656272.5
2025-08-07 02:00:00+00:00,3.4771,3.4854,3.4572,3.459,5667816.0
2025-08-07 03:00:00+00:00,3.459,3.4645,3.4455,3.4487,4277653.3
2025-08-07 04:00:00+00:00,3.4487,3.4713,3.4422,3.4486,4359477.0
2025-08-07 05:00:00+00:00,3.4487,3.4857,3.4412,3.4845,4311730.9
2025-08-07 06:00:00+00:00,3.4845,3.5133,3.477,3.4991,7578274.1
2025-08-07 07:00:00+00:00,3.499,3.5264,3.4974,3.5133,5929224.9
2025-08-07 08:00:00+00:00,3.5134,3.5331,3.4991,3.5031,6355677.8
2025-08-07 09:00:00+00:00,3.503,3.5229,3.4956,3.5214,3910437.9
2025-08-07 10:00:00+00:00,3.5214,3.676,3.521,3.6547,35366622.5
2025-08-07 11:00:00+00:00,3.6548,3.73,3.6548,3.7081,19820718.2
2025-08-07 12:00:00+00:00,3.7082,3.752,3.7011,3.7512,18913456.2
2025-08-07 13:00:00+00:00,3.7513,3.7851,3.7342,3.7511,21967994.4
2025-08-07 14:00:00+00:00,3.7511,3.7566,3.7143,3.7344,13909063.1
2025-08-07 15:00:00+00:00,3.7337,3.7377,3.7056,3.7324,9293411.4
2025-08-07 16:00:00+00:00,3.7323,3.7551,3.6301,3.6732,22871287.6
2025-08-07 17:00:00+00:00,3.6732,3.6896,3.6547,3.6882,9069448.7
2025-08-07 18:00:00+00:00,3.6882,3.7032,3.6775,3.6931,5792252.0
2025-08-07 19:00:00+00:00,3.693,3.7432,3.6797,3.739,10909103.0
2025-08-07 20:00:00+00:00,3.7392,3.7484,3.7236,3.7392,7821674.4
2025-08-07 21:00:00+00:00,3.7392,3.7638,3.719,3.7317,8390715.4
2025-08-07 22:00:00+00:00,3.7317,3.7751,3.731,3.7682,7225103.1
2025-08-07 23:00:00+00:00,3.7683,3.7942,3.744,3.7886,6875001.8
2025-08-08 00:00:00+00:00,3.7885,3.8086,3.7308,3.7702,19849934.8
2025-08-08 01:00:00+00:00,3.7702,3.7838,3.7312,3.753,15952670.9
2025-08-08 02:00:00+00:00,3.753,3.7859,3.7427,3.7622,5222423.6
2025-08-08 03:00:00+00:00,3.7622,3.8088,3.7537,3.7731,9480498.0
2025-08-08 04:00:00+00:00,3.773,3.7882,3.747,3.7725,6061497.9
2025-08-08 05:00:00+00:00,3.7726,3.8028,3.7626,3.7792,6903194.3
2025-08-08 06:00:00+00:00,3.7792,3.838,3.7765,3.8327,11873422.1
2025-08-08 07:00:00+00:00,3.8328,3.8773,3.8115,3.852,13182100.6
2025-08-08 08:00:00+00:00,3.852,3.8841,3.7959,3.8084,15157953.5
2025-08-08 09:00:00+00:00,3.8084,3.8139,3.7748,3.807,9119107.3
2025-08-08 10:00:00+00:00,3.807,3.8178,3.7855,3.8005,5163821.0
2025-08-08 11:00:00+00:00,3.8006,3.8412,3.7989,3.838,5550154.2
2025-08-08 12:00:00+00:00,3.838,3.838,3.7914,3.7944,7215081.2
2025-08-08 13:00:00+00:00,3.7945,3.8623,3.7941,3.8613,12311704.6
2025-08-08 14:00:00+00:00,3.8613,3.8798,3.7657,3.7867,20671554.4
2025-08-08 15:00:00+00:00,3.7868,3.7876,3.715,3.75,17623184.1
2025-08-08 16:00:00+00:00,3.75,3.7708,3.7433,3.77,7232759.9
2025-08-08 17:00:00+00:00,3.77,3.8578,3.7642,3.8571,14761554.2
2025-08-08 18:00:00+00:00,3.8572,3.87,3.8218,3.8316,12358164.1
2025-08-08 19:00:00+00:00,3.8315,3.8622,3.8238,3.8589,7503925.3
2025-08-08 20:00:00+00:00,3.8587,3.882,3.8367,3.8649,7003845.4
2025-08-08 21:00:00+00:00,3.865,3.8707,3.8487,3.8551,3042148.2
2025-08-08 22:00:00+00:00,3.855,3.863,3.8412,3.8597,5283704.5
2025-08-08 23:00:00+00:00,3.8596,3.865,3.835,3.8386,3106408.7
2025-08-09 00:00:00+00:00,3.8386,3.8565,3.8278,3.8304,4473895.6
2025-08-09 01:00:00+00:00,3.8303,3.8884,3.8269,3.8744,7787573.2
2025-08-09 02:00:00+00:00,3.8744,3.9372,3.8619,3.8884,14073174.1
2025-08-09 03:00:00+00:00,3.8885,3.9062,3.875,3.878,6261350.6
2025-08-09 04:00:00+00:00,3.8781,3.9246,3.8688,3.921,6905194.9
2025-08-09 05:00:00+00:00,3.9211,3.9814,3.9131,3.9427,16704368.1
2025-08-09 06:00:00+00:00,3.9428,3.9456,3.8856,3.9027,14007910.6
2025-08-09 07:00:00+00:00,3.9027,3.9169,3.8968,3.9096,6385587.9
2025-08-09 08:00:00+00:00,3.9096,3.9358,3.903,3.929,8347695.1
2025-08-09 09:00:00+00:00,3.9291,3.9552,3.922,3.9506,7819725.2
2025-08-09 10:00:00+00:00,3.9505,3.9623,3.9315,3.9358,10309545.2
2025-08-09 11:00:00+00:00,3.9358,3.9376,3.9105,3.9145,7155606.1
2025-08-09 12:00:00+00:00,3.9145,3.9609,3.9034,3.9593,9349893.8
2025-08-09 13:00:00+00:00,3.9593,3.9763,3.9138,3.9144,11418607.2
2025-08-09 14:00:00+00:00,3.9141,3.9288,3.8744,3.9285,13111666.1
2025-08-09 15:00:00+00:00,3.9285,3.9448,3.8976,3.9247,9178891.1
2025-08-09 16:00:00+00:00,3.9248,3.9629,3.9116,3.9153,10912053.3
2025-08-09 17:00:00+00:00,3.9153,3.9592,3.9105,3.9492,5557637.2
2025-08-09 18:00:00+00:00,3.9493,3.9629,3.9392,3.9561,4468010.9
2025-08-09 19:00:00+00:00,3.9562,3.9774,3.9362,3.9491,6296751.6
2025-08-09 20:00:00+00:00,3.9491,3.9639,3.9296,3.9521,7553373.7
2025-08-09 21:00:00+00:00,3.9521,3.9671,3.9063,3.9268,7468086.8
2025-08-09 22:00:00+00:00,3.9268,3.955,3.8902,3.8947,7442835.6
2025-08-09 23:00:00+00:00,3.8947,3.9101,3.885,3.8968,4984691.5
2025-08-10 00:00:00+00:00,3.8969,3.9366,3.89,3.9344,5036470.9
2025-08-10 01:00:00+00:00,3.9344,3.9439,3.9007,3.9256,8109839.8
2025-08-10 02:00:00+00:00,3.9259,3.9403,3.8921,3.8946,6818476.7
2025-08-10 03:00:00+00:00,3.8945,3.9764,3.882,3.9563,18776181.3
2025-08-10 04:00:00+00:00,3.9564,4.0,3.9485,3.9798,11507651.8
2025-08-10 05:00:00+00:00,3.9796,3.9812,3.8929,3.9039,14390254.7
2025-08-10 06:00:00+00:00,3.904,3.9066,3.8545,3.8764,10602845.8
2025-08-10 07:00:00+00:00,3.8765,3.9067,3.8,3.8235,17842370.9
2025-08-10 08:00:00+00:00,3.8235,3.8598,3.78,3.8468,15884124.1
2025-08-10 09:00:00+00:00,3.8467,3.856,3.8275,3.8314,5146521.4
2025-08-10 10:00:00+00:00,3.8314,3.8359,3.7892,3.7935,7750341.0
2025-08-10 11:00:00+00:00,3.7935,3.828,3.7856,3.8034,7576921.1
2025-08-10 12:00:00+00:00,3.8033,3.8325,3.8015,3.8258,4897495.2
2025-08-10 13:00:00+00:00,3.8258,3.8482,3.8002,3.802,6309688.7
2025-08-10 14:00:00+00:00,3.802,3.8572,3.7921,3.85,10644353.9
2025-08-10 15:00:00+00:00,3.85,3.8676,3.8381,3.86,7820333.3
2025-08-10 16:00:00+00:00,3.86,3.895,3.8502,3.8671,12033944.6
2025-08-10 17:00:00+00:00,3.867,3.8772,3.85,3.8596,4196913.2
2025-08-10 18:00:00+00:00,3.8597,3.8806,3.8584,3.8796,3654094.5
2025-08-10 19:00:00+00:00,3.8796,3.8938,3.8747,3.8906,3365096.3
2025-08-10 20:00:00+00:00,3.8907,3.8962,3.8421,3.8615,7625304.0
2025-08-10 21:00:00+00:00,3.8615,3.862,3.817,3.8469,6266872.6
2025-08-10 22:00:00+00:00,3.8469,3.8648,3.8385,3.8648,3596283.4
2025-08-10 23:00:00+00:00,3.8649,3.8798,3.8468,3.8744,4100513.3
2025-08-11 00:00:00+00:00,3.8745,3.8898,3.854,3.8602,5162454.1
2025-08-11 01:00:00+00:00,3.8601,3.9231,3.8524,3.9157,9501698.4
2025-08-11 02:00:00+00:00,3.9156,3.9779,3.9133,3.956,14401188.7
2025-08-11 03:00:00+00:00,3.956,3.9626,3.9312,3.9599,8048345.6
2025-08-11 04:00:00+00:00,3.96,3.9717,3.9301,3.9375,7373103.7
2025-08-11 05:00:00+00:00,3.9374,3.9652,3.9346,3.9454,6648213.3
2025-08-11 06:00:00+00:00,3.9454,3.9513,3.9232,3.9315,5934257.7
2025-08-11 07:00:00+00:00,3.9315,3.9411,3.83,3.8315,17064206.1
2025-08-11 08:00:00+00:00,3.8315,3.8701,3.8124,3.8674,14191070.7
2025-08-11 09:00:00+00:00,3.8674,3.8713,3.8229,3.8348,7416771.5
2025-08-11 10:00:00+00:00,3.8348,3.8364,3.8,3.8061,10588301.7
2025-08-11 11:00:00+00:00,3.8062,3.8111,3.7105,3.7242,30101789.9
2025-08-11 12:00:00+00:00,3.7241,3.7434,3.708,3.726,18081835.0
2025-08-11 13:00:00+00:00,3.7261,3.7695,3.6911,3.7603,20610346.4
2025-08-11 14:00:00+00:00,3.7604,3.777,3.7246,3.7384,16963839.8
2025-08-11 15:00:00+00:00,3.7385,3.7429,3.6966,3.7328,18661609.1
2025-08-11 16:00:00+00:00,3.7329,3.7793,3.7117,3.7228,16400088.5
2025-08-11 17:00:00+00:00,3.7227,3.7389,3.6984,3.7081,7486356.0
2025-08-11 18:00:00+00:00,3.7082,3.7233,3.6679,3.7073,11483992.5
2025-08-11 19:00:00+00:00,3.7073,3.7175,3.6694,3.6978,7530004.9
2025-08-11 20:00:00+00:00,3.6978,3.6992,3.6737,3.6945,5772036.1
2025-08-11 21:00:00+00:00,3.6944,3.7054,3.6325,3.6577,12168549.4
2025-08-11 22:00:00+00:00,3.6577,3.6604,3.6194,3.651,9685507.8
2025-08-11 23:00:00+00:00,3.6509,3.6608,3.6444,3.6517,4347214.0
2025-08-12 00:00:00+00:00,3.6516,3.6984,3.6478,3.6912,7065239.8
2025-08-12 01:00:00+00:00,3.6911,3.698,3.6766,3.695,4997850.1
2025-08-12 02:00:00+00:00,3.6951,3.7139,3.6874,3.6892,5886938.6
2025-08-12 03:00:00+00:00,3.6893,3.6962,3.6732,3.6759,4691758.5
2025-08-12 04:00:00+00:00,3.6758,3.7019,3.6703,3.7004,4211737.8
2025-08-12 05:00:00+00:00,3.7004,3.7005,3.6491,3.6647,7558007.9
2025-08-12 06:00:00+00:00,3.6647,3.6793,3.6363,3.6637,6294942.6
2025-08-12 07:00:00+00:00,3.6638,3.688,3.6633,3.681,4304392.7
2025-08-12 08:00:00+00:00,3.681,3.6906,3.655,3.6706,5216216.4
2025-08-12 09:00:00+00:00,3.6707,3.6731,3.6375,3.6392,6546083.1
2025-08-12 10:00:00+00:00,3.6392,3.643,3.61,3.6243,7869258.8
2025-08-12 11:00:00+00:00,3.6243,3.6453,3.5999,3.6411,9080350.8
2025-08-12 12:00:00+00:00,3.641,3.7547,3.6257,3.7397,23577678.4
2025-08-12 13:00:00+00:00,3.7398,3.7848,3.7021,3.7502,32625428.7
2025-08-12 14:00:00+00:00,3.7503,3.7892,3.7332,3.7873,11563379.9
2025-08-12 15:00:00+00:00,3.7872,3.8164,3.7763,3.807,12198490.8
2025-08-12 16:00:00+00:00,3.807,3.8406,3.7836,3.8376,14393889.7
2025-08-12 17:00:00+00:00,3.8377,3.8687,3.8206,3.8267,14941778.1
2025-08-12 18:00:00+00:00,3.8267,3.9049,3.8203,3.8581,18754696.2
2025-08-12 19:00:00+00:00,3.8582,3.9066,3.8537,3.9048,7164580.0
2025-08-12 20:00:00+00:00,3.905,3.9333,3.8827,3.9162,12302569.0
2025-08-12 21:00:00+00:00,3.9163,3.9177,3.8774,3.8874,9149383.4
2025-08-12 22:00:00+00:00,3.8874,3.8934,3.8635,3.8837,6728113.9
2025-08-12 23:00:00+00:00,3.8837,3.8941,3.8696,3.8825,4088553.0
2025-08-13 00:00:00+00:00,3.8824,3.9102,3.8709,3.8859,6534672.2
2025-08-13 01:00:00+00:00,3.886,3.887,3.8217,3.8427,13065646.9
2025-08-13 02:00:00+00:00,3.8426,3.8858,3.8153,3.8849,9280110.4
2025-08-13 03:00:00+00:00,3.8849,3.9278,3.8628,3.9071,11136587.6
2025-08-13 04:00:00+00:00,3.9071,3.9379,3.8937,3.9118,10436470.6
2025-08-13 05:00:00+00:00,3.9118,3.9159,3.8553,3.8585,8679656.1
2025-08-13 06:00:00+00:00,3.8584,3.8757,3.8417,3.8563,9459950.7
2025-08-13 07:00:00+00:00,3.8563,3.9077,3.855,3.9063,6650230.9
2025-08-13 08:00:00+00:00,3.9063,3.969,3.9033,3.9548,19568356.2
2025-08-13 09:00:00+00:00,3.9549,4.0,3.9482,3.9934,16263669.6
2025-08-13 10:00:00+00:00,3.9934,4.07,3.9808,4.0319,24279323.4
2025-08-13 11:00:00+00:00,4.032,4.055,4.0135,4.0396,11710723.4
2025-08-13 12:00:00+00:00,4.0396,4.0736,4.0135,4.0172,13859917.4
2025-08-13 13:00:00+00:00,4.0172,4.0734,3.9805,4.0203,27640188.2
2025-08-13 14:00:00+00:00,4.0204,4.028,3.9265,3.9352,31463364.0
2025-08-13 15:00:00+00:00,3.9353,3.9631,3.9052,3.9489,19102067.8
2025-08-13 16:00:00+00:00,3.9493,3.988,3.9382,3.9589,12547543.6
2025-08-13 17:00:00+00:00,3.9589,3.9995,3.9536,3.9895,8074328.4
2025-08-13 18:00:00+00:00,3.9895,4.0067,3.9502,3.9777,11346715.6
2025-08-13 19:00:00+00:00,3.9778,3.9984,3.9653,3.9901,7790763.3
2025-08-13 20:00:00+00:00,3.99,3.994,3.9606,3.9753,3574428.1
2025-08-13 21:00:00+00:00,3.9753,4.0057,3.9606,3.9754,6662915.8
2025-08-13 22:00:00+00:00,3.9754,4.0349,3.9663,4.0004,9653271.2
2025-08-13 23:00:00+00:00,4.0001,4.0344,3.9997,4.0051,7156868.2
2025-08-14 00:00:00+00:00,4.0051,4.052,3.9993,4.0135,11561550.6
2025-08-14 01:00:00+00:00,4.0134,4.0793,3.9923,4.0519,12652542.4
2025-08-14 02:00:00+00:00,4.0517,4.1325,4.0493,4.1268,18075092.0
2025-08-14 03:00:00+00:00,4.1267,4.1829,4.093,4.1512,21318430.6
2025-08-14 04:00:00+00:00,4.1512,4.1712,4.105,4.1083,12262421.7
2025-08-14 05:00:00+00:00,4.1082,4.1359,4.0439,4.0556,16844978.7
2025-08-14 06:00:00+00:00,4.0555,4.0579,3.9858,4.038,22133002.0
2025-08-14 07:00:00+00:00,4.038,4.0462,3.989,4.0193,14551236.9
2025-08-14 08:00:00+00:00,4.0194,4.0205,3.9469,3.972,15419782.0
2025-08-14 09:00:00+00:00,3.9721,3.9893,3.9423,3.9835,9852883.3
2025-08-14 10:00:00+00:00,3.9835,3.9881,3.91,3.934,13485230.1
2025-08-14 11:00:00+00:00,3.9339,3.958,3.9262,3.9458,7444830.5
2025-08-14 12:00:00+00:00,3.9458,3.9799,3.67,3.7697,78013314.5
2025-08-14 13:00:00+00:00,3.7698,3.8483,3.704,3.8261,42525744.5
2025-08-14 14:00:00+00:00,3.826,3.8694,3.7956,3.8591,17382031.1
2025-08-14 15:00:00+00:00,3.8591,3.8709,3.7995,3.813,13902554.6
2025-08-14 16:00:00+00:00,3.8129,3.8142,3.7368,3.7633,19777668.4
2025-08-14 17:00:00+00:00,3.7634,3.7858,3.7307,3.7759,8460391.1
2025-08-14 18:00:00+00:00,3.7758,3.7758,3.71,3.7517,9370731.7
2025-08-14 19:00:00+00:00,3.7517,3.7685,3.7271,3.7292,4715592.2
2025-08-14 20:00:00+00:00,3.7292,3.7396,3.7089,3.7378,7741557.4
2025-08-14 21:00:00+00:00,3.7378,3.7378,3.65,3.6923,15990819.3
2025-08-14 22:00:00+00:00,3.6922,3.7366,3.669,3.7352,8023996.5
2025-08-14 23:00:00+00:00,3.7352,3.7661,3.7316,3.753,5826542.8
2025-08-15 00:00:00+00:00,3.753,3.792,3.744,3.7649,7541844.8
2025-08-15 01:00:00+00:00,3.7649,3.787,3.7455,3.7765,6989358.7
2025-08-15 02:00:00+00:00,3.7765,3.8013,3.77,3.7935,6249436.7
2025-08-15 03:00:00+00:00,3.7936,3.8416,3.782,3.8402,7884220.9
2025-08-15 04:00:00+00:00,3.8403,3.8516,3.8075,3.8098,8812509.6
2025-08-15 05:00:00+00:00,3.8098,3.8179,3.7932,3.8161,5972546.7
2025-08-15 06:00:00+00:00,3.8161,3.8591,3.814,3.8361,8537805.2
2025-08-15 07:00:00+00:00,3.836,3.852,3.8211,3.8477,4976677.9
2025-08-15 08:00:00+00:00,3.8477,3.8761,3.8401,3.8637,7284536.5
2025-08-15 09:00:00+00:00,3.8636,3.8799,3.8171,3.83,9580949.1
2025-08-15 10:00:00+00:00,3.83,3.8446,3.8147,3.8244,6700962.1
2025-08-15 11:00:00+00:00,3.8244,3.838,3.805,3.8193,6102306.7
2025-08-15 12:00:00+00:00,3.8193,3.8784,3.81,3.8348,18428069.4
2025-08-15 13:00:00+00:00,3.8348,3.8629,3.763,3.7747,21995854.6
2025-08-15 14:00:00+00:00,3.7746,3.7971,3.68,3.6935,25291436.2
2025-08-15 15:00:00+00:00,3.6936,3.7023,3.6217,3.6502,26636848.8
2025-08-15 16:00:00+00:00,3.6501,3.6856,3.6161,3.6747,17033683.2
2025-08-15 17:00:00+00:00,3.6748,3.7083,3.6453,3.6928,10548859.1
2025-08-15 18:00:00+00:00,3.6927,3.7051,3.6411,3.6589,8055366.7
2025-08-15 19:00:00+00:00,3.6589,3.6853,3.6455,3.6526,6602431.2
2025-08-15 20:00:00+00:00,3.6528,3.697,3.64,3.6958,6474547.5
2025-08-15 21:00:00+00:00,3.6959,3.707,3.6729,3.7038,4848805.7
2025-08-15 22:00:00+00:00,3.7038,3.7461,3.6993,3.7435,6053554.4
2025-08-15 23:00:00+00:00,3.7435,3.7518,3.6903,3.7087,6284322.2
2025-08-16 00:00:00+00:00,3.7087,3.7576,3.7013,3.7547,5423417.0
2025-08-16 01:00:00+00:00,3.7548,3.7587,3.7308,3.747,3705153.6
2025-08-16 02:00:00+00:00,3.7469,3.747,3.723,3.7242,3588518.7
2025-08-16 03:00:00+00:00,3.7242,3.744,3.7185,3.7251,3881966.1
2025-08-16 04:00:00+00:00,3.725,3.7437,3.7191,3.7381,3084256.8
2025-08-16 05:00:00+00:00,3.738,3.7387,3.6977,3.7046,4734071.1
2025-08-16 06:00:00+00:00,3.7046,3.711,3.6928,3.6997,4297382.3
2025-08-16 07:00:00+00:00,3.6996,3.7305,3.6976,3.7223,5006971.0
2025-08-16 08:00:00+00:00,3.7223,3.727,3.705,3.7194,3992239.7
2025-08-16 09:00:00+00:00,3.7194,3.7424,3.69,3.6918,6861634.8
2025-08-16 10:00:00+00:00,3.6918,3.7127,3.677,3.6921,9329306.1
2025-08-16 11:00:00+00:00,3.692,3.7196,3.676,3.6788,7698916.5
2025-08-16 12:00:00+00:00,3.6789,3.7104,3.665,3.7095,9106723.7
2025-08-16 13:00:00+00:00,3.7094,3.7407,3.7083,3.7186,7136008.6
2025-08-16 14:00:00+00:00,3.7186,3.7738,3.7139,3.763,9796093.0
2025-08-16 15:00:00+00:00,3.763,3.7714,3.7446,3.7564,6953591.8
2025-08-16 16:00:00+00:00,3.7563,3.78,3.7523,3.757,5169719.8
2025-08-16 17:00:00+00:00,3.7571,3.7598,3.7384,3.7512,3219476.2
2025-08-16 18:00:00+00:00,3.7511,3.7616,3.7404,3.7532,2105642.0
2025-08-16 19:00:00+00:00,3.7533,3.7714,3.7503,3.7547,3140062.5
2025-08-16 20:00:00+00:00,3.7546,3.776,3.7481,3.7717,3070825.7
2025-08-16 21:00:00+00:00,3.7716,3.7726,3.7486,3.7524,1817291.0
2025-08-16 22:00:00+00:00,3.7524,3.7728,3.7453,3.7687,2578185.5
2025-08-16 23:00:00+00:00,3.7687,3.775,3.7563,3.7715,2040271.9
2025-08-17 00:00:00+00:00,3.7715,3.774,3.7501,3.752,2413005.6
2025-08-17 01:00:00+00:00,3.7519,3.7625,3.7374,3.7539,3721414.7
2025-08-17 02:00:00+00:00,3.7538,3.79,3.7421,3.7886,5505481.2
2025-08-17 03:00:00+00:00,3.7885,3.7923,3.7723,3.7859,3759496.6
2025-08-17 04:00:00+00:00,3.7859,3.8165,3.7845,3.8142,5443107.1
2025-08-17 05:00:00+00:00,3.8142,3.8266,3.7917,3.8005,6395729.3
2025-08-17 06:00:00+00:00,3.8005,3.81,3.7897,3.7906,3320179.7
2025-08-17 07:00:00+00:00,3.7906,3.8054,3.7844,3.8028,3255136.1
2025-08-17 08:00:00+00:00,3.8028,3.8317,3.789,3.8274,5318103.8
2025-08-17 09:00:00+00:00,3.8274,3.8295,3.806,3.8282,4537374.9
2025-08-17 10:00:00+00:00,3.8282,3.8349,3.8112,3.8311,5608817.4
2025-08-17 11:00:00+00:00,3.831,3.8425,3.8143,3.8414,6098416.7
2025-08-17 12:00:00+00:00,3.8415,3.844,3.8087,3.8124,5284874.9
2025-08-17 13:00:00+00:00,3.8124,3.8846,3.8004,3.8542,15669385.3
2025-08-17 14:00:00+00:00,3.8542,3.8632,3.8348,3.8445,7263534.0
2025-08-17 15:00:00+00:00,3.8446,3.885,3.8372,3.8825,6707971.6
2025-08-17 16:00:00+00:00,3.8825,3.8934,3.8355,3.8387,11007818.1
2025-08-17 17:00:00+00:00,3.8387,3.8482,3.8233,3.8449,6406756.1
2025-08-17 18:00:00+00:00,3.845,3.8491,3.7673,3.8085,11200962.7
2025-08-17 19:00:00+00:00,3.8086,3.8198,3.7819,3.783,7738376.1
2025-08-17 20:00:00+00:00,3.783,3.8029,3.7745,3.7829,5358723.4
2025-08-17 21:00:00+00:00,3.7829,3.7925,3.7737,3.7784,3622635.5
2025-08-17 22:00:00+00:00,3.7784,3.8254,3.7742,3.8183,5691038.6
2025-08-17 23:00:00+00:00,3.8184,3.82,3.7571,3.7631,7799180.7
2025-08-18 00:00:00+00:00,3.763,3.7749,3.7416,3.7593,6994115.3
2025-08-18 01:00:00+00:00,3.7593,3.7648,3.6869,3.692,14343572.0
2025-08-18 02:00:00+00:00,3.692,3.697,3.6179,3.6213,22761208.5
2025-08-18 03:00:00+00:00,3.6212,3.638,3.5919,3.6187,15009131.3
2025-08-18 04:00:00+00:00,3.6187,3.6384,3.6024,3.6362,8449743.6
2025-08-18 05:00:00+00:00,3.6362,3.6378,3.57,3.6156,13029026.7
2025-08-18 06:00:00+00:00,3.6156,3.6156,3.5428,3.5616,14111184.0
2025-08-18 07:00:00+00:00,3.5615,3.5715,3.5423,3.5499,6449426.4
2025-08-18 08:00:00+00:00,3.5498,3.566,3.5444,3.5469,5802638.1
2025-08-18 09:00:00+00:00,3.547,3.5688,3.5182,3.5584,14910897.2
2025-08-18 10:00:00+00:00,3.5583,3.5648,3.5265,3.5318,8113368.7
2025-08-18 11:00:00+00:00,3.5319,3.5474,3.5239,3.5416,6926238.3
2025-08-18 12:00:00+00:00,3.5415,3.5829,3.5303,3.5819,11274484.5
2025-08-18 13:00:00+00:00,3.5819,3.5971,3.5339,3.5352,14449587.2
2025-08-18 14:00:00+00:00,3.5352,3.582,3.5351,3.5812,10177371.4
2025-08-18 15:00:00+00:00,3.5812,3.6128,3.5567,3.6114,9072096.9
2025-08-18 16:00:00+00:00,3.6113,3.6471,3.5805,3.5871,15176860.4
2025-08-18 17:00:00+00:00,3.5871,3.6561,3.5852,3.6172,10866893.5
2025-08-18 18:00:00+00:00,3.6172,3.6421,3.6013,3.6404,6966710.5
2025-08-18 19:00:00+00:00,3.6405,3.6476,3.6124,3.6189,5328393.5
2025-08-18 20:00:00+00:00,3.6186,3.6329,3.5962,3.6204,4370428.1
2025-08-18 21:00:00+00:00,3.6204,3.6488,3.614,3.6397,3912023.7
2025-08-18 22:00:00+00:00,3.6398,3.6706,3.6322,3.6333,7303241.4
2025-08-18 23:00:00+00:00,3.6334,3.6406,3.5913,3.6008,6173418.7
2025-08-19 00:00:00+00:00,3.6009,3.6392,3.5649,3.6383,9978390.6
2025-08-19 01:00:00+00:00,3.6382,3.6491,3.5866,3.5914,5628416.7
2025-08-19 02:00:00+00:00,3.5914,3.5966,3.5721,3.5749,4904241.4
2025-08-19 03:00:00+00:00,3.5749,3.5793,3.509,3.5153,13723306.0
2025-08-19 04:00:00+00:00,3.5152,3.539,3.4821,3.5385,16611511.5
2025-08-19 05:00:00+00:00,3.5385,3.5598,3.5235,3.5451,8761746.3
2025-08-19 06:00:00+00:00,3.545,3.5475,3.5268,3.54,5747387.5
2025-08-19 07:00:00+00:00,3.54,3.5424,3.501,3.5213,8091913.5
2025-08-19 08:00:00+00:00,3.5213,3.5485,3.4986,3.5397,7646708.9
2025-08-19 09:00:00+00:00,3.5398,3.5802,3.5381,3.5609,8541759.2
2025-08-19 10:00:00+00:00,3.5609,3.5906,3.5567,3.5795,5994764.4
2025-08-19 11:00:00+00:00,3.5794,3.6738,3.5736,3.6463,22550260.1
2025-08-19 12:00:00+00:00,3.6463,3.6468,3.5791,3.5874,22674603.2
2025-08-19 13:00:00+00:00,3.5874,3.6019,3.5341,3.5691,23723272.1
2025-08-19 14:00:00+00:00,3.5691,3.5853,3.4887,3.512,22837078.3
2025-08-19 15:00:00+00:00,3.5123,3.5432,3.4836,3.4892,17337844.0
2025-08-19 16:00:00+00:00,3.4892,3.5021,3.4537,3.4688,16491231.0
2025-08-19 17:00:00+00:00,3.4688,3.4987,3.4495,3.4944,12086207.1
2025-08-19 18:00:00+00:00,3.4944,3.4956,3.4298,3.4419,10454097.5
2025-08-19 19:00:00+00:00,3.4419,3.4704,3.4182,3.4409,12177133.9
2025-08-19 20:00:00+00:00,3.4408,3.4748,3.423,3.4742,6846810.7
2025-08-19 21:00:00+00:00,3.4743,3.48,3.4592,3.4679,3780742.1
2025-08-19 22:00:00+00:00,3.468,3.4698,3.4419,3.4577,5777209.8
2025-08-19 23:00:00+00:00,3.4578,3.4604,3.413,3.4204,10508959.5
2025-08-20 00:00:00+00:00,3.4204,3.4651,3.4188,3.4595,7727556.9
2025-08-20 01:00:00+00:00,3.4596,3.4688,3.4227,3.465,10437849.0
2025-08-20 02:00:00+00:00,3.4647,3.4741,3.4532,3.4554,6173099.0
2025-08-20 03:00:00+00:00,3.4554,3.4952,3.4478,3.4644,8193686.4
2025-08-20 04:00:00+00:00,3.4643,3.4941,3.4627,3.4918,6325984.3
2025-08-20 05:00:00+00:00,3.4918,3.4933,3.4666,3.483,4763244.2
2025-08-20 06:00:00+00:00,3.483,3.4858,3.4561,3.475,6114369.0
2025-08-20 07:00:00+00:00,3.475,3.492,3.4654,3.4685,4982054.7
2025-08-20 08:00:00+00:00,3.4686,3.5231,3.4612,3.5157,10826179.0
2025-08-20 09:00:00+00:00,3.5156,3.5156,3.4718,3.4768,8941268.2
2025-08-20 10:00:00+00:00,3.4768,3.4938,3.4727,3.4834,3778179.8
2025-08-20 11:00:00+00:00,3.4835,3.4916,3.4204,3.4632,10360014.4
2025-08-20 12:00:00+00:00,3.4632,3.4979,3.4551,3.4756,10796153.0
2025-08-20 13:00:00+00:00,3.4757,3.4839,3.4013,3.4185,17429751.0
2025-08-20 14:00:00+00:00,3.4185,3.4957,3.3792,3.467,25173016.9
2025-08-20 15:00:00+00:00,3.4671,3.54,3.4616,3.4989,19648397.9
2025-08-20 16:00:00+00:00,3.4989,3.5593,3.4987,3.5193,14076597.2
2025-08-20 17:00:00+00:00,3.5193,3.5753,3.5162,3.5584,11435618.2
2025-08-20 18:00:00+00:00,3.5584,3.56,3.4971,3.5284,11600372.7
2025-08-20 19:00:00+00:00,3.5285,3.5875,3.5261,3.5829,10183568.6
2025-08-20 20:00:00+00:00,3.5828,3.5841,3.5577,3.5693,7026257.8
2025-08-20 21:00:00+00:00,3.5693,3.5781,3.5436,3.5652,5693160.2
2025-08-20 22:00:00+00:00,3.5652,3.5783,3.5517,3.5747,4299284.3
2025-08-20 23:00:00+00:00,3.5746,3.5757,3.55,3.5568,3955941.9
2025-08-21 00:00:00+00:00,3.5568,3.5575,3.5323,3.5523,5048558.1
2025-08-21 01:00:00+00:00,3.5523,3.5744,3.5362,3.5736,4865137.3
2025-08-21 02:00:00+00:00,3.5737,3.5821,3.5093,3.5266,9147548.1
2025-08-21 03:00:00+00:00,3.5266,3.5723,3.5246,3.5363,7996614.4
2025-08-21 04:00:00+00:00,3.5363,3.5492,3.5215,3.5315,5315920.5
2025-08-21 05:00:00+00:00,3.5315,3.5407,3.5159,3.5394,4620494.9
2025-08-21 06:00:00+00:00,3.5394,3.5399,3.5006,3.5134,6056457.1
2025-08-21 07:00:00+00:00,3.5133,3.5201,3.4845,3.5188,7078922.6
2025-08-21 08:00:00+00:00,3.5189,3.5216,3.4748,3.4748,6508210.1
2025-08-21 09:00:00+00:00,3.4748,3.4775,3.4566,3.4587,8409868.3
2025-08-21 10:00:00+00:00,3.4587,3.4685,3.45,3.4534,6086527.9
2025-08-21 11:00:00+00:00,3.4534,3.4778,3.4453,3.4573,7735603.7
2025-08-21 12:00:00+00:00,3.4573,3.46,3.401,3.4192,14588384.0
2025-08-21 13:00:00+00:00,3.4192,3.461,3.4072,3.4333,14499670.7
2025-08-21 14:00:00+00:00,3.4334,3.4779,3.4059,3.4251,16832021.8
2025-08-21 15:00:00+00:00,3.4252,3.4312,3.3933,3.3988,12215576.0
2025-08-21 16:00:00+00:00,3.3988,3.4188,3.3843,3.3909,9357334.7
2025-08-21 17:00:00+00:00,3.3909,3.4165,3.3825,3.412,7902242.0
2025-08-21 18:00:00+00:00,3.412,3.4349,3.4016,3.4285,7058343.9
2025-08-21 19:00:00+00:00,3.4284,3.4345,3.397,3.4097,6543387.2
2025-08-21 20:00:00+00:00,3.4098,3.4406,3.3983,3.4269,5274124.1
2025-08-21 21:00:00+00:00,3.427,3.444,3.4124,3.4371,4033902.3
2025-08-21 22:00:00+00:00,3.4372,3.4398,3.4258,3.4368,2591829.6
2025-08-21 23:00:00+00:00,3.4368,3.4368,3.4068,3.4112,4409514.8
2025-08-22 00:00:00+00:00,3.4111,3.4374,3.4101,3.416,5479617.3
2025-08-22 01:00:00+00:00,3.4159,3.4321,3.3928,3.4264,7758630.3
2025-08-22 02:00:00+00:00,3.4263,3.4618,3.4196,3.4394,7511465.7
2025-08-22 03:00:00+00:00,3.4395,3.4474,3.3988,3.4027,6462436.7
2025-08-22 04:00:00+00:00,3.4027,3.4406,3.4026,3.4197,7065962.7
2025-08-22 05:00:00+00:00,3.4197,3.439,3.4074,3.4361,6696294.6
2025-08-22 06:00:00+00:00,3.436,3.4526,3.4118,3.4245,8054681.3
2025-08-22 07:00:00+00:00,3.4247,3.4559,3.4215,3.4456,7131923.9
2025-08-22 08:00:00+00:00,3.4456,3.464,3.436,3.4382,4955141.6
2025-08-22 09:00:00+00:00,3.4383,3.4444,3.4237,3.4376,4151739.2
2025-08-22 10:00:00+00:00,3.4377,3.4381,3.386,3.3905,9566882.7
2025-08-22 11:00:00+00:00,3.3906,3.391,3.3523,3.354,13166044.2
2025-08-22 12:00:00+00:00,3.3542,3.3599,3.3025,3.3322,26628929.9
2025-08-22 13:00:00+00:00,3.3322,3.3873,3.3178,3.3626,21875830.8
2025-08-22 14:00:00+00:00,3.3625,3.6329,3.3619,3.6033,100394407.9
2025-08-22 15:00:00+00:00,3.6033,3.6629,3.6028,3.6162,25604884.2
2025-08-22 16:00:00+00:00,3.6162,3.708,3.615,3.6735,25647724.1
2025-08-22 17:00:00+00:00,3.6734,3.7384,3.673,3.7045,18531536.1
2025-08-22 18:00:00+00:00,3.7045,3.7263,3.6814,3.7221,13055940.7
2025-08-22 19:00:00+00:00,3.7221,3.7426,3.7168,3.7307,8405905.1
2025-08-22 20:00:00+00:00,3.7306,3.7469,3.72,3.7404,5832826.1
2025-08-22 21:00:00+00:00,3.7405,3.777,3.7338,3.7674,10316133.4
2025-08-22 22:00:00+00:00,3.7674,3.7742,3.7362,3.7472,7153462.9
2025-08-22 23:00:00+00:00,3.7472,3.771,3.7441,3.76,4651157.1
2025-08-23 00:00:00+00:00,3.7599,3.7649,3.7274,3.7328,7272222.3
2025-08-23 01:00:00+00:00,3.7328,3.7396,3.6752,3.6971,11876986.9
2025-08-23 02:00:00+00:00,3.697,3.7032,3.6052,3.6392,15867812.7
2025-08-23 03:00:00+00:00,3.6391,3.6467,3.6169,3.63,6997298.8
2025-08-23 04:00:00+00:00,3.63,3.7033,3.6281,3.7028,10320294.9
2025-08-23 05:00:00+00:00,3.7028,3.7942,3.6959,3.7869,18005601.8
2025-08-23 06:00:00+00:00,3.787,3.8045,3.7694,3.7768,10096695.4
2025-08-23 07:00:00+00:00,3.7768,3.7866,3.7485,3.7585,8623486.5
2025-08-23 08:00:00+00:00,3.7585,3.7792,3.7446,3.7633,6777940.8
2025-08-23 09:00:00+00:00,3.7633,3.7709,3.7377,3.7409,7386382.0
2025-08-23 10:00:00+00:00,3.7408,3.7435,3.7126,3.7147,6153115.0
2025-08-23 11:00:00+00:00,3.7148,3.7506,3.7106,3.7382,6962443.6
2025-08-23 12:00:00+00:00,3.7383,3.7638,3.7201,3.738,7342468.2
2025-08-23 13:00:00+00:00,3.7381,3.7389,3.7062,3.726,8337628.8
2025-08-23 14:00:00+00:00,3.726,3.7464,3.7075,3.7111,7933010.4
2025-08-23 15:00:00+00:00,3.7112,3.725,3.7026,3.7083,6704048.3
2025-08-23 16:00:00+00:00,3.7084,3.7112,3.6781,3.6928,9295441.6
2025-08-23 17:00:00+00:00,3.6929,3.6999,3.6818,3.6973,3955765.5
2025-08-23 18:00:00+00:00,3.6973,3.708,3.6936,3.7025,3226771.0
2025-08-23 19:00:00+00:00,3.7025,3.7273,3.7006,3.7219,2946102.3
2025-08-23 20:00:00+00:00,3.7219,3.7299,3.7151,3.7241,3224984.1
2025-08-23 21:00:00+00:00,3.724,3.729,3.7106,3.713,2436783.4
2025-08-23 22:00:00+00:00,3.713,3.7325,3.713,3.7308,2285218.7
2025-08-23 23:00:00+00:00,3.7309,3.7421,3.7278,3.7358,2433720.5
2025-08-24 00:00:00+00:00,3.7359,3.752,3.7265,3.7394,4871733.8
2025-08-24 01:00:00+00:00,3.7394,3.7401,3.7113,3.7332,4370153.4
2025-08-24 02:00:00+00:00,3.7331,3.742,3.7152,3.7178,5107705.8
2025-08-24 03:00:00+00:00,3.7178,3.7282,3.6955,3.7229,5065375.5
2025-08-24 04:00:00+00:00,3.7229,3.7449,3.7129,3.7445,4350045.6
2025-08-24 05:00:00+00:00,3.7444,3.7459,3.7145,3.7176,4120156.5
2025-08-24 06:00:00+00:00,3.7176,3.7186,3.6868,3.6914,6480895.4
2025-08-24 07:00:00+00:00,3.6913,3.7066,3.6676,3.6687,5908228.3
2025-08-24 08:00:00+00:00,3.6687,3.6932,3.6632,3.6855,4017235.8
2025-08-24 09:00:00+00:00,3.6854,3.6946,3.6723,3.6794,4530161.3
2025-08-24 10:00:00+00:00,3.6793,3.6794,3.616,3.6167,13881000.2
2025-08-24 11:00:00+00:00,3.6168,3.6315,3.6015,3.619,8594012.1
2025-08-24 12:00:00+00:00,3.6188,3.6332,3.6121,3.6311,4581389.5
2025-08-24 13:00:00+00:00,3.631,3.6402,3.6206,3.6223,5057687.2
2025-08-24 14:00:00+00:00,3.6223,3.6424,3.6092,3.6403,7511776.3
2025-08-24 15:00:00+00:00,3.6402,3.6781,3.623,3.6305,12245432.0
2025-08-24 16:00:00+00:00,3.6306,3.6686,3.627,3.6591,7684609.1
2025-08-24 17:00:00+00:00,3.659,3.7275,3.658,3.715,12965457.3
2025-08-24 18:00:00+00:00,3.715,3.8017,3.7042,3.792,18822123.7
2025-08-24 19:00:00+00:00,3.7919,3.8493,3.6226,3.7026,55995048.0
2025-08-24 20:00:00+00:00,3.7025,3.7051,3.6132,3.6761,24145571.5
2025-08-24 21:00:00+00:00,3.6762,3.7295,3.65,3.6985,9898837.8
2025-08-24 22:00:00+00:00,3.6985,3.704,3.6296,3.6836,10224820.7
2025-08-24 23:00:00+00:00,3.6837,3.7,3.6705,3.6793,5418683.1
2025-08-25 00:00:00+00:00,3.6792,3.703,3.58,3.6161,16490269.4
2025-08-25 01:00:00+00:00,3.616,3.6686,3.605,3.6437,10634307.3
2025-08-25 02:00:00+00:00,3.6437,3.725,3.6408,3.7157,8813558.2
2025-08-25 03:00:00+00:00,3.7156,3.7368,3.6816,3.6882,11094845.6
2025-08-25 04:00:00+00:00,3.6882,3.6956,3.6472,3.6494,7025198.2
2025-08-25 05:00:00+00:00,3.6494,3.661,3.6093,3.6096,8147360.6
2025-08-25 06:00:00+00:00,3.6095,3.6134,3.5236,3.5253,19335514.5
2025-08-25 07:00:00+00:00,3.5253,3.5488,3.4816,3.4979,17975990.2
2025-08-25 08:00:00+00:00,3.4978,3.5093,3.4656,3.4896,14789697.4
2025-08-25 09:00:00+00:00,3.4896,3.4918,3.4628,3.4918,8624690.6
2025-08-25 10:00:00+00:00,3.4917,3.4917,3.4376,3.4517,12411975.3
2025-08-25 11:00:00+00:00,3.4518,3.4737,3.4452,3.4647,7677770.3
2025-08-25 12:00:00+00:00,3.4646,3.4864,3.4519,3.4862,10032490.3
2025-08-25 13:00:00+00:00,3.4861,3.4948,3.439,3.4748,14387850.4
2025-08-25 14:00:00+00:00,3.4749,3.5076,3.4642,3.4848,13705447.9
2025-08-25 15:00:00+00:00,3.4848,3.495,3.453,3.4603,6795970.7
2025-08-25 16:00:00+00:00,3.4605,3.4912,3.4425,3.4589,6858849.3
2025-08-25 17:00:00+00:00,3.4589,3.462,3.4322,3.4495,7207285.5
2025-08-25 18:00:00+00:00,3.4495,3.4624,3.4367,3.442,4972177.3
2025-08-25 19:00:00+00:00,3.442,3.445,3.3656,3.3712,19855403.2
2025-08-25 20:00:00+00:00,3.3712,3.391,3.322,3.3247,29608310.9
2025-08-25 21:00:00+00:00,3.3246,3.3493,3.3109,3.3217,15265303.1
2025-08-25 22:00:00+00:00,3.3218,3.3598,3.3099,3.3407,10639156.5
2025-08-25 23:00:00+00:00,3.3407,3.3512,3.326,3.3387,5212578.8
2025-08-26 00:00:00+00:00,3.3386,3.3713,3.3202,3.3445,11670240.2
2025-08-26 01:00:00+00:00,3.3446,3.3834,3.3285,3.3826,6616419.6
2025-08-26 02:00:00+00:00,3.3824,3.3943,3.3465,3.3566,7066443.5
2025-08-26 03:00:00+00:00,3.3567,3.372,3.3436,3.3642,3156994.5
2025-08-26 04:00:00+00:00,3.3643,3.3986,3.3638,3.3934,5425251.4
2025-08-26 05:00:00+00:00,3.3934,3.4371,3.39,3.4178,8025458.8
2025-08-26 06:00:00+00:00,3.4178,3.4466,3.4026,3.4117,7610558.3
2025-08-26 07:00:00+00:00,3.4116,3.4399,3.3886,3.4346,9335608.2
2025-08-26 08:00:00+00:00,3.4342,3.44,3.3976,3.4022,6335819.8
2025-08-26 09:00:00+00:00,3.4022,3.4141,3.3928,3.4036,5948876.8
2025-08-26 10:00:00+00:00,3.4037,3.4213,3.3921,3.3987,6103783.4
2025-08-26 11:00:00+00:00,3.3987,3.4068,3.3647,3.3839,7491248.1
2025-08-26 12:00:00+00:00,3.3839,3.45,3.3514,3.4123,20470886.9
2025-08-26 13:00:00+00:00,3.4124,3.4224,3.3629,3.4023,14931278.4
2025-08-26 14:00:00+00:00,3.4024,3.4442,3.377,3.4358,11472589.4
2025-08-26 15:00:00+00:00,3.4357,3.4497,3.391,3.4014,9143009.2
2025-08-26 16:00:00+00:00,3.4014,3.4151,3.3842,3.4139,6143425.8
2025-08-26 17:00:00+00:00,3.4138,3.4181,3.3904,3.418,7976365.9
2025-08-26 18:00:00+00:00,3.4181,3.4395,3.4145,3.4282,5304998.6
2025-08-26 19:00:00+00:00,3.4281,3.49,3.4136,3.4814,10319493.7
2025-08-26 20:00:00+00:00,3.4812,3.49,3.445,3.4648,8371150.1
2025-08-26 21:00:00+00:00,3.4649,3.4695,3.438,3.4657,4856688.3
2025-08-26 22:00:00+00:00,3.4657,3.4718,3.4491,3.4657,3797273.4
2025-08-26 23:00:00+00:00,3.4658,3.4826,3.4469,3.4515,4968212.3
2025-08-27 00:00:00+00:00,3.4514,3.4533,3.42,3.4295,5330687.4
2025-08-27 01:00:00+00:00,3.4295,3.4376,3.4095,3.4372,5708286.4
2025-08-27 02:00:00+00:00,3.4372,3.462,3.4181,3.4498,7454610.8
2025-08-27 03:00:00+00:00,3.4499,3.5045,3.4264,3.4709,11969479.2
2025-08-27 04:00:00+00:00,3.471,3.505,3.4667,3.4965,10286277.5
2025-08-27 05:00:00+00:00,3.4965,3.4985,3.4514,3.4592,7005406.6
2025-08-27 06:00:00+00:00,3.4592,3.4618,3.4401,3.4406,4584391.5
2025-08-27 07:00:00+00:00,3.4407,3.4453,3.414,3.4301,7237257.3
2025-08-27 08:00:00+00:00,3.4302,3.442,3.4114,3.437,5678847.4
2025-08-27 09:00:00+00:00,3.437,3.4522,3.4268,3.4286,5679716.7
2025-08-27 10:00:00+00:00,3.4287,3.4458,3.4158,3.4286,5510253.7
2025-08-27 11:00:00+00:00,3.4287,3.4492,3.4286,3.4456,3981325.1
2025-08-27 12:00:00+00:00,3.4456,3.455,3.4254,3.446,5026268.5
2025-08-27 13:00:00+00:00,3.446,3.4815,3.4253,3.4573,10466360.4
2025-08-27 14:00:00+00:00,3.4574,3.5153,3.4497,3.4836,16236964.3
2025-08-27 15:00:00+00:00,3.4837,3.5145,3.4808,3.4971,10078360.8
2025-08-27 16:00:00+00:00,3.4972,3.4984,3.4586,3.4817,7782286.6
2025-08-27 17:00:00+00:00,3.4817,3.5096,3.4684,3.4987,5197382.8
2025-08-27 18:00:00+00:00,3.4986,3.52,3.4808,3.4814,8319917.0
2025-08-27 19:00:00+00:00,3.4815,3.4879,3.4476,3.4663,8936685.3
2025-08-27 20:00:00+00:00,3.4663,3.5046,3.4307,3.4982,26748933.7
2025-08-27 21:00:00+00:00,3.4983,3.5103,3.4528,3.4606,6466485.4
2025-08-27 22:00:00+00:00,3.4607,3.468,3.4256,3.4541,6177952.2
2025-08-27 23:00:00+00:00,3.4538,3.4615,3.4263,3.4358,3433864.2
2025-08-28 00:00:00+00:00,3.4359,3.4613,3.4167,3.4485,7476184.8
2025-08-28 01:00:00+00:00,3.4485,3.481,3.4482,3.4709,5059595.0
2025-08-28 02:00:00+00:00,3.4709,3.4809,3.4518,3.457,4129329.5
2025-08-28 03:00:00+00:00,3.457,3.4834,3.4512,3.4793,3465634.8
2025-08-28 04:00:00+00:00,3.4794,3.507,3.4716,3.4995,6903927.3
2025-08-28 05:00:00+00:00,3.4994,3.5115,3.4786,3.4863,6013952.9
2025-08-28 06:00:00+00:00,3.4864,3.4985,3.474,3.498,3670760.8
2025-08-28 07:00:00+00:00,3.498,3.5006,3.4804,3.499,4769301.9
2025-08-28 08:00:00+00:00,3.4988,3.5286,3.4965,3.5057,7117500.9
2025-08-28 09:00:00+00:00,3.5056,3.5062,3.4767,3.4805,4952847.3
2025-08-28 10:00:00+00:00,3.4805,3.4982,3.4716,3.498,4622909.2
2025-08-28 11:00:00+00:00,3.4982,3.5007,3.484,3.4998,4244175.6
2025-08-28 12:00:00+00:00,3.4998,3.517,3.491,3.5124,7804980.8
2025-08-28 13:00:00+00:00,3.5125,3.5255,3.48,3.4957,9851304.8
2025-08-28 14:00:00+00:00,3.4958,3.5196,3.4854,3.509,8934696.1
2025-08-28 15:00:00+00:00,3.5091,3.518,3.447,3.4654,10349741.0
2025-08-28 16:00:00+00:00,3.4654,3.4838,3.4212,3.4214,7115570.9
2025-08-28 17:00:00+00:00,3.4214,3.4552,3.419,3.4476,7115587.7
2025-08-28 18:00:00+00:00,3.4475,3.4626,3.434,3.4522,4827962.5
2025-08-28 19:00:00+00:00,3.4522,3.4635,3.4148,3.4161,4689864.5
2025-08-28 20:00:00+00:00,3.4161,3.4364,3.4104,3.4352,4634015.8
2025-08-28 21:00:00+00:00,3.4353,3.4534,3.43,3.4522,3006445.7
2025-08-28 22:00:00+00:00,3.4522,3.4993,3.4522,3.4929,5883744.8
2025-08-28 23:00:00+00:00,3.493,3.498,3.4774,3.4903,5204063.6
2025-08-29 00:00:00+00:00,3.4902,3.4987,3.4578,3.4651,6338771.5
2025-08-29 01:00:00+00:00,3.4651,3.4724,3.4191,3.4298,7779725.6
2025-08-29 02:00:00+00:00,3.4299,3.4715,3.4222,3.4577,5858563.2
2025-08-29 03:00:00+00:00,3.4578,3.471,3.4448,3.4579,4091705.1
2025-08-29 04:00:00+00:00,3.458,3.4652,3.4352,3.4431,3344022.0
2025-08-29 05:00:00+00:00,3.4431,3.4442,3.4239,3.4347,4633481.9
2025-08-29 06:00:00+00:00,3.4348,3.4416,3.4005,3.421,10228551.8
2025-08-29 07:00:00+00:00,3.421,3.4211,3.3452,3.355,17879667.5
2025-08-29 08:00:00+00:00,3.355,3.3678,3.3186,3.3253,10531600.1
2025-08-29 09:00:00+00:00,3.3252,3.3264,3.2848,3.2882,19337589.3
2025-08-29 10:00:00+00:00,3.2882,3.3181,3.2857,3.3017,8982949.0
2025-08-29 11:00:00+00:00,3.3017,3.3172,3.291,3.307,6182136.7
2025-08-29 12:00:00+00:00,3.307,3.4006,3.3019,3.3642,29442189.2
2025-08-29 13:00:00+00:00,3.3643,3.3672,3.2878,3.316,18426143.1
2025-08-29 14:00:00+00:00,3.316,3.338,3.275,3.2981,21325448.5
2025-08-29 15:00:00+00:00,3.2981,3.329,3.2914,3.3006,8433913.2
2025-08-29 16:00:00+00:00,3.3006,3.3138,3.2814,3.2966,7859140.0
2025-08-29 17:00:00+00:00,3.2965,3.2976,3.255,3.2666,10960102.0
2025-08-29 18:00:00+00:00,3.2666,3.2742,3.2095,3.2212,15380112.5
2025-08-29 19:00:00+00:00,3.2211,3.2712,3.213,3.2544,7920045.4
2025-08-29 20:00:00+00:00,3.2545,3.2589,3.2226,3.2321,7035486.6
2025-08-29 21:00:00+00:00,3.2322,3.2656,3.2152,3.2629,5710142.6
2025-08-29 22:00:00+00:00,3.2629,3.2734,3.2505,3.2733,3597923.9
2025-08-29 23:00:00+00:00,3.2734,3.2952,3.2722,3.2803,7051272.6
2025-08-30 00:00:00+00:00,3.2803,3.2858,3.2552,3.265,4877691.7
2025-08-30 01:00:00+00:00,3.2649,3.276,3.2223,3.2249,7291754.4
2025-08-30 02:00:00+00:00,3.225,3.2695,3.2232,3.2649,5499614.8
2025-08-30 03:00:00+00:00,3.2649,3.316,3.2644,3.3039,11050326.7
2025-08-30 04:00:00+00:00,3.304,3.312,3.2932,3.294,3690623.6
2025-08-30 05:00:00+00:00,3.2941,3.3208,3.2916,3.3095,4923911.8
2025-08-30 06:00:00+00:00,3.3095,3.3326,3.3033,3.3248,5087964.8
2025-08-30 07:00:00+00:00,3.3248,3.343,3.3226,3.3411,4712251.1
2025-08-30 08:00:00+00:00,3.3412,3.3418,3.3279,3.3309,3968945.5
2025-08-30 09:00:00+00:00,3.3309,3.3351,3.3114,3.3263,6906486.7
2025-08-30 10:00:00+00:00,3.3264,3.3333,3.3116,3.3203,3824819.3
2025-08-30 11:00:00+00:00,3.3204,3.3266,3.3108,3.3179,3364513.3
2025-08-30 12:00:00+00:00,3.318,3.3209,3.275,3.2886,9547883.9
2025-08-30 13:00:00+00:00,3.2887,3.2901,3.2462,3.2634,11352531.0
2025-08-30 14:00:00+00:00,3.2634,3.2812,3.2454,3.2775,7142874.6
2025-08-30 15:00:00+00:00,3.2776,3.3136,3.273,3.3126,8523114.9
2025-08-30 16:00:00+00:00,3.3126,3.3129,3.285,3.2956,7926391.2
2025-08-30 17:00:00+00:00,3.2957,3.3039,3.2757,3.2845,5486307.6
2025-08-30 18:00:00+00:00,3.2845,3.2911,3.2753,3.2823,2835548.8
2025-08-30 19:00:00+00:00,3.2823,3.2921,3.2758,3.2907,2211695.0
2025-08-30 20:00:00+00:00,3.2908,3.2912,3.2737,3.2836,2003977.1
2025-08-30 21:00:00+00:00,3.2836,3.2955,3.2801,3.2858,2493125.9
2025-08-30 22:00:00+00:00,3.2858,3.2997,3.2772,3.2983,2968555.0
2025-08-30 23:00:00+00:00,3.2983,3.3081,3.298,3.3048,2981948.7
2025-08-31 00:00:00+00:00,3.3048,3.343,3.3019,3.3376,7060778.9
2025-08-31 01:00:00+00:00,3.3376,3.3407,3.3189,3.3391,4406136.7
2025-08-31 02:00:00+00:00,3.3391,3.3437,3.3263,3.332,2972364.8
2025-08-31 03:00:00+00:00,3.3321,3.3493,3.3308,3.3461,6923038.3
2025-08-31 04:00:00+00:00,3.346,3.3482,3.3152,3.3255,4977411.2
2025-08-31 05:00:00+00:00,3.3254,3.3255,3.3088,3.3182,3410335.7
2025-08-31 06:00:00+00:00,3.3181,3.3206,3.3009,3.3035,3532401.7
2025-08-31 07:00:00+00:00,3.3034,3.323,3.3025,3.3115,3079594.0
2025-08-31 08:00:00+00:00,3.3115,3.3331,3.3115,3.3321,3573503.6
2025-08-31 09:00:00+00:00,3.3322,3.3342,3.3126,3.3141,4914329.8
2025-08-31 10:00:00+00:00,3.3142,3.3158,3.2884,3.3028,5205075.4
2025-08-31 11:00:00+00:00,3.3028,3.3147,3.2908,3.3106,3425885.2
2025-08-31 12:00:00+00:00,3.3106,3.313,3.2913,3.3089,4701027.2
2025-08-31 13:00:00+00:00,3.3088,3.3164,3.2872,3.2948,6016827.6
2025-08-31 14:00:00+00:00,3.2949,3.3008,3.2782,3.2858,5050045.6
2025-08-31 15:00:00+00:00,3.2858,3.3063,3.2844,3.3034,4949407.1
2025-08-31 16:00:00+00:00,3.3034,3.3034,3.2801,3.2946,5970102.2
2025-08-31 17:00:00+00:00,3.2946,3.2988,3.2858,3.2879,3206227.9
2025-08-31 18:00:00+00:00,3.2879,3.3122,3.2848,3.3108,3982596.9
2025-08-31 19:00:00+00:00,3.3107,3.3138,3.2895,3.2899,4059595.6
2025-08-31 20:00:00+00:00,3.29,3.3069,3.2835,3.3,3149897.7
2025-08-31 21:00:00+00:00,3.3,3.3083,3.2914,3.3022,2581633.4
2025-08-31 22:00:00+00:00,3.3023,3.3086,3.2751,3.2848,5963395.5
2025-08-31 23:00:00+00:00,3.2848,3.2899,3.2436,3.2476,9928816.3
2025-09-01 00:00:00+00:00,3.2476,3.2536,3.2084,3.234,13834720.0
2025-09-01 01:00:00+00:00,3.234,3.2542,3.2162,3.2325,8127184.6
2025-09-01 02:00:00+00:00,3.2326,3.2364,3.1575,3.1761,16533928.3
2025-09-01 03:00:00+00:00,3.1761,3.19,3.1644,3.1836,7158974.6
2025-09-01 04:00:00+00:00,3.1836,3.1836,3.1446,3.1592,10118587.6
2025-09-01 05:00:00+00:00,3.1592,3.1892,3.1477,3.1815,6622894.4
2025-09-01 06:00:00+00:00,3.1814,3.1968,3.1611,3.1892,5902372.4
2025-09-01 07:00:00+00:00,3.1891,3.2896,3.1733,3.2866,20427690.3
2025-09-01 08:00:00+00:00,3.2866,3.3225,3.2856,3.3217,15134861.5
2025-09-01 09:00:00+00:00,3.3216,3.3381,3.3045,3.3063,10759637.8
2025-09-01 10:00:00+00:00,3.3064,3.3183,3.2628,3.2819,18171995.6
2025-09-01 11:00:00+00:00,3.2819,3.2918,3.2514,3.2583,8241954.1
2025-09-01 12:00:00+00:00,3.2582,3.2786,3.2422,3.2614,8454478.0
2025-09-01 13:00:00+00:00,3.2614,3.2751,3.2286,3.2368,8844867.6
2025-09-01 14:00:00+00:00,3.2368,3.2555,3.2183,3.2448,7734058.0
2025-09-01 15:00:00+00:00,3.2448,3.2551,3.2122,3.2198,6868396.6
2025-09-01 16:00:00+00:00,3.2197,3.223,3.2007,3.2121,8035291.2
2025-09-01 17:00:00+00:00,3.2119,3.2204,3.1924,3.1965,6966623.2
2025-09-01 18:00:00+00:00,3.1965,3.227,3.1956,3.2193,6576205.0
2025-09-01 19:00:00+00:00,3.2192,3.2264,3.207,3.2151,4064441.5
2025-09-01 20:00:00+00:00,3.2152,3.2179,3.1307,3.168,20867543.4
2025-09-01 21:00:00+00:00,3.168,3.17,3.106,3.1265,14299379.5
2025-09-01 22:00:00+00:00,3.1265,3.1569,3.114,3.1534,9315874.6
2025-09-01 23:00:00+00:00,3.1533,3.2036,3.1519,3.2025,6927073.6
2025-09-02 00:00:00+00:00,3.2025,3.2253,3.1949,3.2131,8515726.5
2025-09-02 01:00:00+00:00,3.2131,3.2626,3.2111,3.2463,9405487.0
2025-09-02 02:00:00+00:00,3.2463,3.2832,3.2279,3.283,8964028.7
2025-09-02 03:00:00+00:00,3.2827,3.2981,3.2655,3.2756,6717536.3
2025-09-02 04:00:00+00:00,3.2757,3.29,3.2697,3.2841,3600853.4
2025-09-02 05:00:00+00:00,3.2842,3.2893,3.2688,3.2857,3468767.8
2025-09-02 06:00:00+00:00,3.2857,3.2992,3.2824,3.2953,4280959.4
2025-09-02 07:00:00+00:00,3.2952,3.3016,3.2695,3.2763,7850425.4
2025-09-02 08:00:00+00:00,3.2762,3.2956,3.2642,3.2796,5876994.1
2025-09-02 09:00:00+00:00,3.2797,3.2961,3.2749,3.2891,3588146.2
2025-09-02 10:00:00+00:00,3.2892,3.291,3.2717,3.2821,3583724.4
2025-09-02 11:00:00+00:00,3.2821,3.2831,3.2484,3.2537,6681930.9
2025-09-02 12:00:00+00:00,3.2536,3.2593,3.1902,3.1922,14134397.2
2025-09-02 13:00:00+00:00,3.1921,3.2966,3.19,3.2857,21519535.6
2025-09-02 14:00:00+00:00,3.2857,3.3101,3.2575,3.2719,13866300.2
2025-09-02 15:00:00+00:00,3.2718,3.2776,3.2085,3.2188,12673448.7
2025-09-02 16:00:00+00:00,3.2188,3.2477,3.2165,3.2411,7492547.1
2025-09-02 17:00:00+00:00,3.241,3.2744,3.2409,3.261,5597707.4
2025-09-02 18:00:00+00:00,3.2609,3.2665,3.2294,3.2579,5329647.6
2025-09-02 19:00:00+00:00,3.2579,3.2719,3.2413,3.2573,4254764.7
2025-09-02 20:00:00+00:00,3.2574,3.3154,3.2501,3.2983,11018286.3
2025-09-02 21:00:00+00:00,3.2983,3.3137,3.2929,3.3083,3560109.4
2025-09-02 22:00:00+00:00,3.3084,3.3174,3.298,3.3165,4048567.5
2025-09-02 23:00:00+00:00,3.3165,3.3209,3.307,3.3162,3921870.5
2025-09-03 00:00:00+00:00,3.3162,3.3396,3.31,3.3288,6905464.9
2025-09-03 01:00:00+00:00,3.3289,3.3412,3.31,3.3393,6058279.1
2025-09-03 02:00:00+00:00,3.3392,3.3583,3.3211,3.3331,8906433.0
2025-09-03 03:00:00+00:00,3.333,3.3419,3.3147,3.3263,3765562.1
2025-09-03 04:00:00+00:00,3.3263,3.3312,3.307,3.3125,4258124.0
2025-09-03 05:00:00+00:00,3.3124,3.3136,3.289,3.2916,3907310.3
2025-09-03 06:00:00+00:00,3.2917,3.3062,3.2809,3.2974,4676294.5
2025-09-03 07:00:00+00:00,3.2974,3.3017,3.2654,3.2985,12139110.9
2025-09-03 08:00:00+00:00,3.2985,3.3238,3.2956,3.3019,10071030.1
2025-09-03 09:00:00+00:00,3.302,3.3407,3.2966,3.339,7482565.5
2025-09-03 10:00:00+00:00,3.339,3.359,3.326,3.3356,8967480.6
2025-09-03 11:00:00+00:00,3.3355,3.3567,3.3305,3.3457,6334687.6
2025-09-03 12:00:00+00:00,3.3457,3.3798,3.3402,3.3466,10445686.9
2025-09-03 13:00:00+00:00,3.3466,3.38,3.3392,3.3528,10250156.6
2025-09-03 14:00:00+00:00,3.3529,3.3998,3.3509,3.3913,13368595.8
2025-09-03 15:00:00+00:00,3.3913,3.3999,3.373,3.3847,5817862.8
2025-09-03 16:00:00+00:00,3.3849,3.3956,3.349,3.3619,8048113.2
2025-09-03 17:00:00+00:00,3.3619,3.3828,3.3619,3.3722,4491349.8
2025-09-03 18:00:00+00:00,3.3723,3.3853,3.368,3.3783,4153318.0
2025-09-03 19:00:00+00:00,3.3782,3.4021,3.3705,3.3963,5497813.6
2025-09-03 20:00:00+00:00,3.3964,3.4052,3.3874,3.3967,4871508.8
2025-09-03 21:00:00+00:00,3.3967,3.4,3.3796,3.392,2487247.5
2025-09-03 22:00:00+00:00,3.392,3.3998,3.3801,3.3895,3414530.2
2025-09-03 23:00:00+00:00,3.3895,3.3926,3.3752,3.386,2802318.7
2025-09-04 00:00:00+00:00,3.386,3.3996,3.3795,3.3858,3349929.0
2025-09-04 01:00:00+00:00,3.3857,3.3864,3.3644,3.3767,5081467.5
2025-09-04 02:00:00+00:00,3.3767,3.3782,3.351,3.3525,4469399.8
2025-09-04 03:00:00+00:00,3.3524,3.3558,3.3313,3.3363,6636608.9
2025-09-04 04:00:00+00:00,3.3363,3.3452,3.327,3.3329,5497529.7
2025-09-04 05:00:00+00:00,3.333,3.3332,3.3011,3.3098,8215572.9
2025-09-04 06:00:00+00:00,3.3097,3.3106,3.2873,3.2924,7126915.0
2025-09-04 07:00:00+00:00,3.2923,3.3108,3.291,3.3081,5295480.0
2025-09-04 08:00:00+00:00,3.308,3.3332,3.3065,3.3117,8187129.7
2025-09-04 09:00:00+00:00,3.3117,3.3235,3.3046,3.3144,3507195.0
2025-09-04 10:00:00+00:00,3.3145,3.3334,3.3089,3.3161,5360760.3
2025-09-04 11:00:00+00:00,3.3161,3.3296,3.3096,3.3097,4930772.7
2025-09-04 12:00:00+00:00,3.3098,3.3291,3.2958,3.314,8156934.1
2025-09-04 13:00:00+00:00,3.314,3.315,3.2835,3.2963,9397838.7
2025-09-04 14:00:00+00:00,3.2963,3.2984,3.2619,3.2782,12776329.6
2025-09-04 15:00:00+00:00,3.2783,3.2803,3.251,3.2637,9895555.3
2025-09-04 16:00:00+00:00,3.2637,3.2739,3.25,3.2566,5996440.3
2025-09-04 17:00:00+00:00,3.2567,3.2726,3.2556,3.2608,3525160.3
2025-09-04 18:00:00+00:00,3.2608,3.2721,3.2317,3.2462,6155080.1
2025-09-04 19:00:00+00:00,3.2461,3.2597,3.2381,3.2443,2659794.8
2025-09-04 20:00:00+00:00,3.2443,3.2738,3.2409,3.2676,4681280.5
2025-09-04 21:00:00+00:00,3.2676,3.2856,3.2651,3.2821,3600046.3
2025-09-04 22:00:00+00:00,3.2821,3.3116,3.2793,3.3058,6460395.4
2025-09-04 23:00:00+00:00,3.3057,3.3174,3.2834,3.2839,6528869.1
2025-09-05 00:00:00+00:00,3.2839,3.2998,3.2737,3.2752,5531295.0
2025-09-05 01:00:00+00:00,3.2753,3.3032,3.2725,3.3009,4536389.8
2025-09-05 02:00:00+00:00,3.301,3.3235,3.2978,3.3212,5397407.1
2025-09-05 03:00:00+00:00,3.3212,3.3376,3.3037,3.3352,3973981.4
2025-09-05 04:00:00+00:00,3.3352,3.3468,3.3283,3.3456,3962540.7
2025-09-05 05:00:00+00:00,3.3457,3.3483,3.3345,3.3476,3179723.0
2025-09-05 06:00:00+00:00,3.3477,3.3647,3.3456,3.3641,5257000.1
2025-09-05 07:00:00+00:00,3.3641,3.3979,3.3633,3.3935,10814307.0
2025-09-05 08:00:00+00:00,3.3936,3.3951,3.369,3.3768,6726368.7
2025-09-05 09:00:00+00:00,3.3768,3.3837,3.3602,3.3835,6663383.3
2025-09-05 10:00:00+00:00,3.3834,3.3874,3.3618,3.363,4986337.6
2025-09-05 11:00:00+00:00,3.3631,3.392,3.3624,3.3889,7116540.5
2025-09-05 12:00:00+00:00,3.3889,3.449,3.3805,3.4397,29573773.8
2025-09-05 13:00:00+00:00,3.4396,3.4542,3.4257,3.4444,14445478.5
2025-09-05 14:00:00+00:00,3.4444,3.4444,3.3292,3.3512,37402533.7
2025-09-05 15:00:00+00:00,3.351,3.3916,3.3375,3.3791,10952555.5
2025-09-05 16:00:00+00:00,3.3792,3.3952,3.356,3.3938,7210181.2
2025-09-05 17:00:00+00:00,3.3939,3.3951,3.3589,3.3775,5993729.6
2025-09-05 18:00:00+00:00,3.3774,3.3895,3.3643,3.3824,4651736.7
2025-09-05 19:00:00+00:00,3.3824,3.4168,3.3744,3.416,7219899.9
2025-09-05 20:00:00+00:00,3.4161,3.4235,3.405,3.4225,4433634.8
2025-09-05 21:00:00+00:00,3.4225,3.4251,3.3755,3.38,8223219.0
2025-09-05 22:00:00+00:00,3.3799,3.3858,3.3676,3.3816,4177954.0
2025-09-05 23:00:00+00:00,3.3815,3.3855,3.3687,3.3724,1868023.0
2025-09-06 00:00:00+00:00,3.3725,3.3915,3.3704,3.3873,2731072.7
2025-09-06 01:00:00+00:00,3.3873,3.3914,3.3801,3.387,2327785.3
2025-09-06 02:00:00+00:00,3.3871,3.3944,3.3756,3.3878,2332245.8
2025-09-06 03:00:00+00:00,3.3877,3.4065,3.3832,3.4033,3080155.4
2025-09-06 04:00:00+00:00,3.4034,3.4034,3.3793,3.3891,3862424.2
2025-09-06 05:00:00+00:00,3.3892,3.3895,3.363,3.3668,4718592.7
2025-09-06 06:00:00+00:00,3.3669,3.3788,3.362,3.3751,2272871.3
2025-09-06 07:00:00+00:00,3.3752,3.3796,3.3716,3.3762,1808432.5
2025-09-06 08:00:00+00:00,3.3762,3.3806,3.365,3.3652,2483452.0
2025-09-06 09:00:00+00:00,3.3653,3.3656,3.3453,3.3478,4682210.0
2025-09-06 10:00:00+00:00,3.3478,3.3545,3.3417,3.3533,3570236.7
2025-09-06 11:00:00+00:00,3.3533,3.3534,3.338,3.3506,3586500.3
2025-09-06 12:00:00+00:00,3.3506,3.3596,3.3448,3.3504,3067245.6
2025-09-06 13:00:00+00:00,3.3505,3.3556,3.3438,3.3552,2586153.4
2025-09-06 14:00:00+00:00,3.3553,3.3683,3.3521,3.3606,2640107.0
2025-09-06 15:00:00+00:00,3.3607,3.3607,3.3365,3.3365,5412213.9
2025-09-06 16:00:00+00:00,3.3365,3.3528,3.3253,3.3378,6761164.5
2025-09-06 17:00:00+00:00,3.3377,3.3418,3.3262,3.3321,3232594.9
2025-09-06 18:00:00+00:00,3.332,3.3407,3.3278,3.3356,2792770.9
2025-09-06 19:00:00+00:00,3.3355,3.3373,3.3116,3.3152,3432096.3
2025-09-06 20:00:00+00:00,3.3152,3.3275,3.3134,3.3263,2269698.0
2025-09-06 21:00:00+00:00,3.3262,3.3277,3.3171,3.3266,2594078.4
2025-09-06 22:00:00+00:00,3.3265,3.3334,3.3223,3.3288,2335050.5
2025-09-06 23:00:00+00:00,3.3288,3.3406,3.3231,3.3342,3641203.3
2025-09-07 00:00:00+00:00,3.3343,3.3494,3.3324,3.348,3110584.4
2025-09-07 01:00:00+00:00,3.3481,3.3742,3.3475,3.3681,4052115.6
2025-09-07 02:00:00+00:00,3.3681,3.3756,3.361,3.3739,2962979.2
2025-09-07 03:00:00+00:00,3.374,3.3822,3.3658,3.3698,4446659.0
2025-09-07 04:00:00+00:00,3.3698,3.3706,3.3625,3.3669,2221692.1
2025-09-07 05:00:00+00:00,3.3669,3.3814,3.3641,3.3813,2599796.5
2025-09-07 06:00:00+00:00,3.3814,3.3829,3.3689,3.3701,2042179.8
2025-09-07 07:00:00+00:00,3.3701,3.381,3.3614,3.37,3058088.5
2025-09-07 08:00:00+00:00,3.37,3.3981,3.37,3.3861,6922542.2
2025-09-07 09:00:00+00:00,3.386,3.3926,3.3729,3.3834,3211344.2
2025-09-07 10:00:00+00:00,3.3834,3.3923,3.38,3.3922,2422846.0
2025-09-07 11:00:00+00:00,3.3922,3.4202,3.3892,3.42,4255729.9
2025-09-07 12:00:00+00:00,3.42,3.4201,3.3936,3.4034,5671925.3
2025-09-07 13:00:00+00:00,3.4034,3.4061,3.3905,3.4041,3206349.1
2025-09-07 14:00:00+00:00,3.404,3.4215,3.3978,3.4048,6982962.2
2025-09-07 15:00:00+00:00,3.4048,3.4144,3.3987,3.4063,3317394.7
2025-09-07 16:00:00+00:00,3.4063,3.4111,3.3855,3.3871,5247276.6
2025-09-07 17:00:00+00:00,3.3872,3.3916,3.369,3.3699,4731066.9
2025-09-07 18:00:00+00:00,3.3698,3.376,3.3547,3.3662,5519856.9
2025-09-07 19:00:00+00:00,3.3662,3.3849,3.3634,3.3781,3740008.8
2025-09-07 20:00:00+00:00,3.3782,3.3918,3.3719,3.3908,3182706.8
2025-09-07 21:00:00+00:00,3.3908,3.3961,3.3814,3.3816,2857090.5
2025-09-07 22:00:00+00:00,3.3815,3.4012,3.3802,3.4003,5615602.8
2025-09-07 23:00:00+00:00,3.4004,3.4179,3.3929,3.3951,5204892.7
2025-09-08 00:00:00+00:00,3.3952,3.3986,3.3718,3.3764,5176895.3
2025-09-08 01:00:00+00:00,3.3764,3.3834,3.3674,3.3744,3280223.0
2025-09-08 02:00:00+00:00,3.3744,3.4056,3.3612,3.4048,7228118.7
2025-09-08 03:00:00+00:00,3.405,3.4343,3.4017,3.4073,8863857.6
2025-09-08 04:00:00+00:00,3.4073,3.41,3.3823,3.3883,5353821.1
2025-09-08 05:00:00+00:00,3.3884,3.3977,3.3799,3.3927,4246925.3
2025-09-08 06:00:00+00:00,3.3928,3.4042,3.3848,3.3927,5907227.7
2025-09-08 07:00:00+00:00,3.3927,3.4193,3.3904,3.4073,5561030.9
2025-09-08 08:00:00+00:00,3.4074,3.447,3.4041,3.4391,9087281.5
2025-09-08 09:00:00+00:00,3.4391,3.4637,3.432,3.4532,8549837.1
2025-09-08 10:00:00+00:00,3.4533,3.486,3.4489,3.4712,11604439.6
2025-09-08 11:00:00+00:00,3.4713,3.4818,3.4434,3.4729,9356499.7
2025-09-08 12:00:00+00:00,3.473,3.4889,3.4605,3.4843,7830334.3
2025-09-08 13:00:00+00:00,3.4844,3.5061,3.4615,3.4638,14622022.9
2025-09-08 14:00:00+00:00,3.4639,3.5006,3.4625,3.4955,8484872.4
2025-09-08 15:00:00+00:00,3.4956,3.5125,3.4856,3.5028,9473609.1
2025-09-08 16:00:00+00:00,3.5028,3.505,3.4715,3.4749,9610691.0
2025-09-08 17:00:00+00:00,3.4748,3.4823,3.4515,3.4557,8661168.6
2025-09-08 18:00:00+00:00,3.4557,3.4778,3.4478,3.4738,5244780.4
2025-09-08 19:00:00+00:00,3.4738,3.4746,3.4483,3.4518,5896757.6
2025-09-08 20:00:00+00:00,3.452,3.4596,3.4398,3.449,4149124.4
2025-09-08 21:00:00+00:00,3.4489,3.4787,3.4404,3.4775,4841076.4
2025-09-08 22:00:00+00:00,3.4776,3.4946,3.4734,3.4846,4078982.5
2025-09-08 23:00:00+00:00,3.4847,3.5011,3.4788,3.4976,5229830.3
2025-09-09 00:00:00+00:00,3.4976,3.5174,3.4733,3.4895,9995914.7
2025-09-09 01:00:00+00:00,3.4894,3.4993,3.4595,3.4699,6083079.9
2025-09-09 02:00:00+00:00,3.47,3.471,3.4312,3.4326,8164368.8
2025-09-09 03:00:00+00:00,3.4326,3.463,3.4233,3.4615,6918752.4
2025-09-09 04:00:00+00:00,3.4615,3.4818,3.4531,3.4766,6034074.0
2025-09-09 05:00:00+00:00,3.4765,3.483,3.4604,3.4827,3499442.2
2025-09-09 06:00:00+00:00,3.4827,3.623,3.4798,3.581,34293417.4
2025-09-09 07:00:00+00:00,3.5808,3.6129,3.5798,3.6085,12559282.4
2025-09-09 08:00:00+00:00,3.6085,3.6166,3.5843,3.5984,7350977.4
2025-09-09 09:00:00+00:00,3.5984,3.6046,3.5873,3.5969,4676226.8
2025-09-09 10:00:00+00:00,3.597,3.6122,3.5859,3.5938,8323302.8
2025-09-09 11:00:00+00:00,3.5938,3.6011,3.567,3.5679,7233750.3
2025-09-09 12:00:00+00:00,3.5679,3.5893,3.5447,3.5514,9955121.8
2025-09-09 13:00:00+00:00,3.5515,3.564,3.5304,3.5492,10908907.2
2025-09-09 14:00:00+00:00,3.5493,3.5598,3.456,3.4638,35249899.7
2025-09-09 15:00:00+00:00,3.4637,3.4773,3.4268,3.4472,14900788.8
2025-09-09 16:00:00+00:00,3.4472,3.461,3.4353,3.4449,8081059.1
2025-09-09 17:00:00+00:00,3.4449,3.4618,3.4269,3.4311,6980133.2
2025-09-09 18:00:00+00:00,3.4312,3.4594,3.427,3.4479,5177514.6
2025-09-09 19:00:00+00:00,3.4479,3.4741,3.4446,3.469,4496922.4
2025-09-09 20:00:00+00:00,3.4691,3.4755,3.4524,3.4735,3768938.1
2025-09-09 21:00:00+00:00,3.4734,3.485,3.4588,3.4638,4248056.3
2025-09-09 22:00:00+00:00,3.4638,3.4843,3.4568,3.48,3562987.2
2025-09-09 23:00:00+00:00,3.4801,3.4833,3.4622,3.4679,3346785.7
2025-09-10 00:00:00+00:00,3.4679,3.48,3.4539,3.4611,5244923.1
2025-09-10 01:00:00+00:00,3.4611,3.502,3.4596,3.4953,5994350.6
2025-09-10 02:00:00+00:00,3.4954,3.5607,3.4954,3.5492,9750273.2
2025-09-10 03:00:00+00:00,3.5493,3.5493,3.5232,3.5405,4791174.2
2025-09-10 04:00:00+00:00,3.5405,3.5406,3.5085,3.5243,4639949.1
2025-09-10 05:00:00+00:00,3.5242,3.5315,3.4988,3.5196,5784499.3
2025-09-10 06:00:00+00:00,3.5197,3.5347,3.5035,3.5232,3836703.5
2025-09-10 07:00:00+00:00,3.5232,3.5562,3.5149,3.5425,5756417.1
2025-09-10 08:00:00+00:00,3.5426,3.5573,3.5181,3.5255,5326900.4
2025-09-10 09:00:00+00:00,3.5256,3.5363,3.5136,3.5296,4415869.9
2025-09-10 10:00:00+00:00,3.5296,3.5308,3.5135,3.5167,3213905.9
2025-09-10 11:00:00+00:00,3.5168,3.5281,3.508,3.5133,2918372.1
2025-09-10 12:00:00+00:00,3.5133,3.5773,3.5122,3.5621,14843805.2
2025-09-10 13:00:00+00:00,3.5621,3.6261,3.5578,3.5927,14564446.6
2025-09-10 14:00:00+00:00,3.5927,3.6114,3.5857,3.5922,8917417.7
2025-09-10 15:00:00+00:00,3.5921,3.6137,3.5918,3.6115,5946077.4
2025-09-10 16:00:00+00:00,3.6114,3.6153,3.5735,3.6036,9596458.1
2025-09-10 17:00:00+00:00,3.6036,3.6133,3.5773,3.587,6705233.2
2025-09-10 18:00:00+00:00,3.587,3.5928,3.563,3.5785,4423577.5
2025-09-10 19:00:00+00:00,3.5784,3.5799,3.5384,3.553,5867539.6
2025-09-10 20:00:00+00:00,3.553,3.5795,3.5512,3.5748,3170178.7
2025-09-10 21:00:00+00:00,3.5749,3.5988,3.5736,3.5962,4572245.3
2025-09-10 22:00:00+00:00,3.5962,3.6079,3.5953,3.6064,3569549.0
2025-09-10 23:00:00+00:00,3.6063,3.6242,3.606,3.6182,5004256.8
2025-09-11 00:00:00+00:00,3.6182,3.6397,3.6118,3.6228,6813801.6
2025-09-11 01:00:00+00:00,3.6228,3.6233,3.6041,3.6114,4464680.4
2025-09-11 02:00:00+00:00,3.6115,3.6119,3.5919,3.5921,3306479.5
2025-09-11 03:00:00+00:00,3.5921,3.6354,3.5921,3.6333,5104369.5
2025-09-11 04:00:00+00:00,3.6334,3.6368,3.6168,3.6193,5286251.9
2025-09-11 05:00:00+00:00,3.6194,3.6261,3.6056,3.6166,4235888.7
2025-09-11 06:00:00+00:00,3.6166,3.6337,3.6026,3.6274,4567413.5
2025-09-11 07:00:00+00:00,3.6275,3.6297,3.6093,3.621,3991835.3
2025-09-11 08:00:00+00:00,3.621,3.6216,3.6108,3.6135,3042814.8
2025-09-11 09:00:00+00:00,3.6135,3.6193,3.6029,3.6174,3656461.5
2025-09-11 10:00:00+00:00,3.6174,3.635,3.6138,3.63,4377932.5
2025-09-11 11:00:00+00:00,3.6301,3.6469,3.6095,3.6109,6847139.7
2025-09-11 12:00:00+00:00,3.6109,3.668,3.55,3.6034,31381113.7
2025-09-11 13:00:00+00:00,3.6034,3.6314,3.5705,3.6274,13085076.1
2025-09-11 14:00:00+00:00,3.6276,3.6315,3.5845,3.6057,10186141.5
2025-09-11 15:00:00+00:00,3.6057,3.6092,3.5785,3.588,5843296.9
2025-09-11 16:00:00+00:00,3.5879,3.6091,3.5879,3.6043,4401304.9
2025-09-11 17:00:00+00:00,3.6044,3.6156,3.5965,3.6027,3233940.8
2025-09-11 18:00:00+00:00,3.6026,3.6102,3.588,3.6035,3089809.4
2025-09-11 19:00:00+00:00,3.6035,3.619,3.5983,3.614,2378039.0
2025-09-11 20:00:00+00:00,3.614,3.6192,3.6076,3.6132,2373121.9
2025-09-11 21:00:00+00:00,3.6132,3.6372,3.6093,3.6351,2965852.6
2025-09-11 22:00:00+00:00,3.635,3.6732,3.6323,3.6501,9794265.9
2025-09-11 23:00:00+00:00,3.65,3.6684,3.6494,3.665,2744175.5
2025-09-12 00:00:00+00:00,3.6651,3.7,3.6512,3.6759,8575571.6
2025-09-12 01:00:00+00:00,3.6759,3.6864,3.6577,3.6585,4797969.4
2025-09-12 02:00:00+00:00,3.6585,3.6783,3.6584,3.6642,4229998.1
2025-09-12 03:00:00+00:00,3.6642,3.6657,3.6441,3.6549,4695822.8
2025-09-12 04:00:00+00:00,3.6549,3.6663,3.6407,3.6559,5355563.4
2025-09-12 05:00:00+00:00,3.6559,3.6852,3.653,3.6847,5466565.5
2025-09-12 06:00:00+00:00,3.6847,3.6857,3.6615,3.6641,4154674.9
2025-09-12 07:00:00+00:00,3.664,3.6762,3.655,3.6731,4542833.1
2025-09-12 08:00:00+00:00,3.6732,3.6824,3.6585,3.6794,5802926.9
2025-09-12 09:00:00+00:00,3.6793,3.6875,3.6413,3.648,12294655.2
2025-09-12 10:00:00+00:00,3.6479,3.6483,3.62,3.6296,8421459.3
2025-09-12 11:00:00+00:00,3.6296,3.6312,3.6018,3.6059,7304982.2
2025-09-12 12:00:00+00:00,3.6058,3.6259,3.5826,3.6152,11793830.1
2025-09-12 13:00:00+00:00,3.6152,3.6282,3.6096,3.6242,5848338.5
2025-09-12 14:00:00+00:00,3.6241,3.6491,3.6162,3.6371,12927830.7
2025-09-12 15:00:00+00:00,3.6372,3.6385,3.6132,3.6311,5569224.5
2025-09-12 16:00:00+00:00,3.631,3.6454,3.6216,3.6383,5679314.6
2025-09-12 17:00:00+00:00,3.6382,3.6746,3.628,3.6654,9379158.6
2025-09-12 18:00:00+00:00,3.6653,3.697,3.6584,3.6967,7010132.0
2025-09-12 19:00:00+00:00,3.6967,3.7075,3.6834,3.706,5660392.8
2025-09-12 20:00:00+00:00,3.706,3.7065,3.6738,3.6903,8293755.1
2025-09-12 21:00:00+00:00,3.6904,3.6911,3.6684,3.6789,4141365.7
2025-09-12 22:00:00+00:00,3.679,3.7252,3.6789,3.7231,9795006.1
2025-09-12 23:00:00+00:00,3.7231,3.7234,3.7032,3.719,5195068.6
2025-09-13 00:00:00+00:00,3.719,3.7421,3.709,3.7403,6974866.7
2025-09-13 01:00:00+00:00,3.7403,3.7588,3.7139,3.714,9228144.4
2025-09-13 02:00:00+00:00,3.7139,3.7291,3.705,3.7163,4624183.5
2025-09-13 03:00:00+00:00,3.7163,3.7402,3.7147,3.7373,3213239.4
2025-09-13 04:00:00+00:00,3.7373,3.745,3.7154,3.7159,3883388.1
2025-09-13 05:00:00+00:00,3.7159,3.7236,3.7069,3.7166,3479571.7
2025-09-13 06:00:00+00:00,3.7166,3.736,3.7132,3.7208,3774714.0
2025-09-13 07:00:00+00:00,3.7207,3.7324,3.7166,3.7293,3584017.3
2025-09-13 08:00:00+00:00,3.7294,3.7848,3.7275,3.7848,11261460.3
2025-09-13 09:00:00+00:00,3.7849,3.8208,3.7764,3.8155,16757892.1
2025-09-13 10:00:00+00:00,3.8153,3.8259,3.79,3.8003,9031882.7
2025-09-13 11:00:00+00:00,3.8002,3.833,3.7836,3.8319,6949718.1
2025-09-13 12:00:00+00:00,3.832,3.8817,3.8207,3.8601,15448460.4
2025-09-13 13:00:00+00:00,3.8601,3.8601,3.7307,3.789,18829545.3
2025-09-13 14:00:00+00:00,3.789,3.8317,3.7557,3.8167,18627902.0
2025-09-13 15:00:00+00:00,3.8167,3.8395,3.7742,3.7852,13195268.7
2025-09-13 16:00:00+00:00,3.7852,3.805,3.7588,3.771,11487929.9
2025-09-13 17:00:00+00:00,3.7709,3.7812,3.7316,3.7752,11016960.2
2025-09-13 18:00:00+00:00,3.7751,3.7902,3.7521,3.7852,5236800.7
2025-09-13 19:00:00+00:00,3.7853,3.8007,3.7769,3.7916,3567175.7
2025-09-13 20:00:00+00:00,3.7916,3.8314,3.7854,3.8164,5100059.8
2025-09-13 21:00:00+00:00,3.8163,3.8458,3.8129,3.835,4217365.0
2025-09-13 22:00:00+00:00,3.835,3.8467,3.8213,3.8304,3275297.0
2025-09-13 23:00:00+00:00,3.8304,3.8367,3.8067,3.8143,4530619.4
2025-09-14 00:00:00+00:00,3.8142,3.8234,3.771,3.7801,5600004.9
2025-09-14 01:00:00+00:00,3.78,3.7853,3.744,3.7845,7975156.1
2025-09-14 02:00:00+00:00,3.7844,3.8117,3.7737,3.8079,6283976.7
2025-09-14 03:00:00+00:00,3.808,3.81,3.7542,3.7573,5398674.4
2025-09-14 04:00:00+00:00,3.7574,3.7663,3.7332,3.7585,6985115.4
2025-09-14 05:00:00+00:00,3.7585,3.7865,3.7547,3.7843,3145367.3
2025-09-14 06:00:00+00:00,3.7842,3.7886,3.7486,3.7611,3867384.2
2025-09-14 07:00:00+00:00,3.761,3.778,3.7486,3.7596,3559499.4
2025-09-14 08:00:00+00:00,3.7597,3.7767,3.7472,3.7732,5298181.2
2025-09-14 09:00:00+00:00,3.7733,3.8038,3.7623,3.7966,7868838.4
2025-09-14 10:00:00+00:00,3.7966,3.8038,3.7728,3.7849,3981584.2
2025-09-14 11:00:00+00:00,3.7849,3.7884,3.7152,3.7226,10667515.3
2025-09-14 12:00:00+00:00,3.7225,3.7368,3.6829,3.6913,10768932.7
2025-09-14 13:00:00+00:00,3.6914,3.7065,3.6625,3.6792,10720286.0
2025-09-14 14:00:00+00:00,3.6791,3.7108,3.6389,3.6595,15310612.7
2025-09-14 15:00:00+00:00,3.6595,3.6661,3.6406,3.6651,6725277.5
2025-09-14 16:00:00+00:00,3.6652,3.6949,3.6527,3.6899,6689799.3
2025-09-14 17:00:00+00:00,3.6898,3.7286,3.679,3.7227,7194431.1
2025-09-14 18:00:00+00:00,3.7228,3.7246,3.6952,3.6987,3346824.6
2025-09-14 19:00:00+00:00,3.6987,3.7193,3.685,3.6992,4870957.5
2025-09-14 20:00:00+00:00,3.6993,3.7127,3.6956,3.7043,2051382.9
2025-09-14 21:00:00+00:00,3.7044,3.7334,3.6879,3.7254,4540686.9
2025-09-14 22:00:00+00:00,3.7255,3.7321,3.7033,3.724,3114720.9
2025-09-14 23:00:00+00:00,3.724,3.7246,3.68,3.684,4841187.3
2025-09-15 00:00:00+00:00,3.684,3.7066,3.6784,3.6816,3323035.3
2025-09-15 01:00:00+00:00,3.6815,3.7005,3.6467,3.6887,7022142.1
2025-09-15 02:00:00+00:00,3.6888,3.7073,3.68,3.6813,3811052.5
2025-09-15 03:00:00+00:00,3.6813,3.7095,3.6798,3.705,2740629.3
2025-09-15 04:00:00+00:00,3.705,3.7212,3.6938,3.6966,4238433.0
2025-09-15 05:00:00+00:00,3.6966,3.7203,3.694,3.7194,4477192.4
2025-09-15 06:00:00+00:00,3.7194,3.7203,3.6274,3.6425,13007831.2
2025-09-15 07:00:00+00:00,3.6425,3.6719,3.5843,3.601,20326543.5
2025-09-15 08:00:00+00:00,3.6009,3.6009,3.5118,3.5225,31663336.3
2025-09-15 09:00:00+00:00,3.5224,3.556,3.514,3.5441,12016454.6
2025-09-15 10:00:00+00:00,3.544,3.5449,3.5177,3.5317,8262881.4
2025-09-15 11:00:00+00:00,3.5318,3.5418,3.5205,3.5335,7258112.2
2025-09-15 12:00:00+00:00,3.5336,3.5369,3.5027,3.5087,9183708.0
2025-09-15 13:00:00+00:00,3.5088,3.5385,3.5013,3.5153,8753501.9
2025-09-15 14:00:00+00:00,3.5153,3.5328,3.4936,3.5048,9608237.4
2025-09-15 15:00:00+00:00,3.5048,3.5203,3.4772,3.4971,9945515.2
2025-09-15 16:00:00+00:00,3.497,3.5013,3.4668,3.4745,7549171.7
2025-09-15 17:00:00+00:00,3.4745,3.4977,3.4587,3.4976,7627226.0
2025-09-15 18:00:00+00:00,3.4976,3.4984,3.4818,3.493,3840454.6
2025-09-15 19:00:00+00:00,3.4927,3.5053,3.4728,3.4919,4703380.3
2025-09-15 20:00:00+00:00,3.492,3.5138,3.4891,3.5076,5618117.6
2025-09-15 21:00:00+00:00,3.5077,3.5197,3.5,3.5174,3708827.9
2025-09-15 22:00:00+00:00,3.5175,3.5219,3.4959,3.5,4228394.6
2025-09-15 23:00:00+00:00,3.5,3.5239,3.4938,3.5193,3818470.1
2025-09-16 00:00:00+00:00,3.5193,3.5266,3.5058,3.521,4081329.1
2025-09-16 01:00:00+00:00,3.5211,3.5408,3.5064,3.5084,5301729.6
2025-09-16 02:00:00+00:00,3.5084,3.5243,3.5012,3.5013,2601610.3
2025-09-16 03:00:00+00:00,3.5013,3.5148,3.4961,3.4978,3877327.6
2025-09-16 04:00:00+00:00,3.4979,3.503,3.4647,3.4995,6774903.5
2025-09-16 05:00:00+00:00,3.4994,3.5215,3.4924,3.5209,6770559.3
2025-09-16 06:00:00+00:00,3.5208,3.5288,3.4988,3.5083,4713923.7
2025-09-16 07:00:00+00:00,3.5083,3.535,3.5083,3.5311,3878840.4
2025-09-16 08:00:00+00:00,3.5311,3.5717,3.531,3.563,9493952.5
2025-09-16 09:00:00+00:00,3.5631,3.5719,3.5518,3.5658,5786280.3
2025-09-16 10:00:00+00:00,3.5657,3.5769,3.5554,3.5666,4908831.2
2025-09-16 11:00:00+00:00,3.5667,3.576,3.5517,3.571,4802842.4
2025-09-16 12:00:00+00:00,3.5709,3.6038,3.5704,3.5984,8271219.0
2025-09-16 13:00:00+00:00,3.5985,3.6532,3.5455,3.6488,33092078.5
2025-09-16 14:00:00+00:00,3.6487,3.6487,3.5732,3.5936,22408150.0
2025-09-16 15:00:00+00:00,3.5935,3.6165,3.566,3.616,9458546.9
2025-09-16 16:00:00+00:00,3.6159,3.6247,3.5976,3.6071,7387526.0
2025-09-16 17:00:00+00:00,3.607,3.6476,3.6057,3.6255,8997423.9
2025-09-16 18:00:00+00:00,3.6256,3.6382,3.614,3.6202,4624781.7
2025-09-16 19:00:00+00:00,3.6202,3.6305,3.6132,3.6273,2996365.0
2025-09-16 20:00:00+00:00,3.6273,3.6403,3.6243,3.6356,2725145.7
2025-09-16 21:00:00+00:00,3.6356,3.6416,3.6204,3.6334,3369497.6
2025-09-16 22:00:00+00:00,3.6334,3.637,3.6109,3.6109,3863023.1
2025-09-16 23:00:00+00:00,3.611,3.615,3.5948,3.5986,4032385.2
2025-09-17 00:00:00+00:00,3.5986,3.6041,3.5857,3.5968,3841889.9
2025-09-17 01:00:00+00:00,3.5968,3.5995,3.5804,3.5919,2732525.8
2025-09-17 02:00:00+00:00,3.5919,3.6408,3.5836,3.6247,8000721.9
2025-09-17 03:00:00+00:00,3.6247,3.632,3.5921,3.595,6096995.7
2025-09-17 04:00:00+00:00,3.5951,3.608,3.5728,3.5858,5526362.8
2025-09-17 05:00:00+00:00,3.5858,3.6098,3.5678,3.6093,5514162.5
2025-09-17 06:00:00+00:00,3.6092,3.616,3.6012,3.6142,3953346.6
2025-09-17 07:00:00+00:00,3.6142,3.624,3.6023,3.611,3639775.0
2025-09-17 08:00:00+00:00,3.6106,3.6119,3.5803,3.5878,5719590.7
2025-09-17 09:00:00+00:00,3.5878,3.5907,3.5719,3.5727,3424224.9
2025-09-17 10:00:00+00:00,3.5727,3.586,3.555,3.5843,6035134.7
2025-09-17 11:00:00+00:00,3.5843,3.6032,3.5818,3.5938,4337389.5
2025-09-17 12:00:00+00:00,3.5939,3.6037,3.5809,3.5912,4203765.2
2025-09-17 13:00:00+00:00,3.5912,3.5957,3.5719,3.5796,4393342.3
2025-09-17 14:00:00+00:00,3.5797,3.5871,3.555,3.5615,4888110.3
2025-09-17 15:00:00+00:00,3.5616,3.5709,3.5497,3.5586,4204256.3
2025-09-17 16:00:00+00:00,3.5585,3.5672,3.5221,3.5589,9137561.2
2025-09-17 17:00:00+00:00,3.5589,3.625,3.5551,3.5551,10254301.5
2025-09-17 18:00:00+00:00,3.563,3.6336,3.5526,3.573,28637565.0
2025-09-17 19:00:00+00:00,3.5729,3.6882,3.5701,3.6736,17512563.1
2025-09-17 20:00:00+00:00,3.6735,3.7161,3.6467,3.6555,12365468.8
2025-09-17 21:00:00+00:00,3.6555,3.7122,3.6215,3.7098,11477635.6
2025-09-17 22:00:00+00:00,3.7098,3.788,3.7098,3.7756,13935836.4
2025-09-17 23:00:00+00:00,3.7755,3.7997,3.7451,3.7705,12908995.8
2025-09-18 00:00:00+00:00,3.7706,3.8041,3.7706,3.7784,7913387.4
2025-09-18 01:00:00+00:00,3.7783,3.807,3.7719,3.7865,6418821.7
2025-09-18 02:00:00+00:00,3.7866,3.7934,3.7651,3.7924,5107897.4
2025-09-18 03:00:00+00:00,3.7924,3.8295,3.785,3.8189,12197253.4
2025-09-18 04:00:00+00:00,3.8189,3.8284,3.812,3.8185,7937468.8
2025-09-18 05:00:00+00:00,3.8183,3.8291,3.7828,3.789,11003124.0
2025-09-18 06:00:00+00:00,3.789,3.7964,3.7519,3.7933,9845775.9
2025-09-18 07:00:00+00:00,3.7932,3.8074,3.7761,3.7899,6686849.4
2025-09-18 08:00:00+00:00,3.7898,3.8671,3.7843,3.8671,10039094.2
2025-09-18 09:00:00+00:00,3.867,3.9109,3.8536,3.8927,20068154.8
2025-09-18 10:00:00+00:00,3.8926,3.8985,3.8614,3.8892,9062565.8
2025-09-18 11:00:00+00:00,3.8893,3.8951,3.8641,3.8761,5669890.2
2025-09-18 12:00:00+00:00,3.8761,3.8882,3.8542,3.8669,6954009.0
2025-09-18 13:00:00+00:00,3.8669,3.898,3.8581,3.8728,12346449.8
2025-09-18 14:00:00+00:00,3.8728,3.9441,3.8716,3.9213,17421887.7
2025-09-18 15:00:00+00:00,3.9214,3.9689,3.9104,3.9531,16030802.6
2025-09-18 16:00:00+00:00,3.9531,3.9605,3.9313,3.9443,8320683.0
2025-09-18 17:00:00+00:00,3.9442,3.9711,3.9356,3.9467,8450512.1
2025-09-18 18:00:00+00:00,3.9466,3.9744,3.9398,3.9734,6404266.5
2025-09-18 19:00:00+00:00,3.9734,3.9736,3.9261,3.9503,10522566.8
2025-09-18 20:00:00+00:00,3.9503,3.9596,3.9375,3.9404,4918129.2
2025-09-18 21:00:00+00:00,3.9403,3.9423,3.9165,3.9199,5450037.4
2025-09-18 22:00:00+00:00,3.92,3.9266,3.8857,3.889,11566834.9
2025-09-18 23:00:00+00:00,3.8889,3.8984,3.8608,3.8881,12016101.8
2025-09-19 00:00:00+00:00,3.8879,3.9156,3.8855,3.894,8081033.0
2025-09-19 01:00:00+00:00,3.894,3.9043,3.8648,3.8693,8055390.6
2025-09-19 02:00:00+00:00,3.8692,3.8963,3.8655,3.8823,6127419.8
2025-09-19 03:00:00+00:00,3.8823,3.8955,3.8302,3.8375,12818047.4
2025-09-19 04:00:00+00:00,3.8374,3.858,3.8079,3.8545,10988722.1
2025-09-19 05:00:00+00:00,3.8545,3.8649,3.828,3.8351,5415946.0
2025-09-19 06:00:00+00:00,3.8351,3.8359,3.7932,3.7933,8047436.2
2025-09-19 07:00:00+00:00,3.7932,3.8262,3.7753,3.7984,11045464.7
2025-09-19 08:00:00+00:00,3.7983,3.8222,3.7924,3.7989,6687000.6
2025-09-19 09:00:00+00:00,3.7989,3.8128,3.7643,3.7686,8835300.6
2025-09-19 10:00:00+00:00,3.7687,3.7698,3.7505,3.7562,8742100.1
2025-09-19 11:00:00+00:00,3.7562,3.757,3.7044,3.7144,13025973.8
2025-09-19 12:00:00+00:00,3.7145,3.7445,3.7129,3.7377,7087648.0
2025-09-19 13:00:00+00:00,3.7376,3.7535,3.7263,3.7326,7469487.3
2025-09-19 14:00:00+00:00,3.7325,3.7405,3.6687,3.6828,14747523.2
2025-09-19 15:00:00+00:00,3.6828,3.6859,3.6388,3.6611,19271904.1
2025-09-19 16:00:00+00:00,3.6611,3.6745,3.6554,3.6641,7598388.5
2025-09-19 17:00:00+00:00,3.6642,3.6793,3.6504,3.6512,7568267.2
2025-09-19 18:00:00+00:00,3.6512,3.6725,3.631,3.6578,7090597.5
2025-09-19 19:00:00+00:00,3.6578,3.6716,3.6458,3.6467,7214449.3
2025-09-19 20:00:00+00:00,3.6468,3.6607,3.6402,3.6437,5100851.2
2025-09-19 21:00:00+00:00,3.6438,3.6703,3.6384,3.6693,5139012.8
2025-09-19 22:00:00+00:00,3.6693,3.6833,3.6601,3.6608,4296863.0
2025-09-19 23:00:00+00:00,3.6608,3.6616,3.6087,3.6355,10493200.5
2025-09-20 00:00:00+00:00,3.6355,3.6798,3.6307,3.6788,6520690.5
2025-09-20 01:00:00+00:00,3.6788,3.6792,3.654,3.6697,4948483.9
2025-09-20 02:00:00+00:00,3.6698,3.6787,3.6429,3.672,5032789.2
2025-09-20 03:00:00+00:00,3.672,3.6908,3.6569,3.685,4113952.1
2025-09-20 04:00:00+00:00,3.685,3.6911,3.6725,3.6788,4214742.6
2025-09-20 05:00:00+00:00,3.6788,3.6979,3.6672,3.6964,4857968.9
2025-09-20 06:00:00+00:00,3.6964,3.6964,3.6771,3.6808,3690443.4
2025-09-20 07:00:00+00:00,3.6808,3.6868,3.6612,3.6857,5223117.0
2025-09-20 08:00:00+00:00,3.6857,3.6859,3.6452,3.6481,5276764.4
2025-09-20 09:00:00+00:00,3.6481,3.6591,3.6361,3.6413,4712991.3
2025-09-20 10:00:00+00:00,3.6413,3.6492,3.6202,3.6226,4438109.3
2025-09-20 11:00:00+00:00,3.6225,3.6435,3.6176,3.6418,4467854.8
2025-09-20 12:00:00+00:00,3.6417,3.6501,3.6332,3.6487,3051932.7
2025-09-20 13:00:00+00:00,3.6487,3.6643,3.6375,3.6508,4820930.6
2025-09-20 14:00:00+00:00,3.6508,3.6706,3.6372,3.6673,4646619.6
2025-09-20 15:00:00+00:00,3.6674,3.7018,3.6674,3.6921,9519723.0
2025-09-20 16:00:00+00:00,3.6921,3.7078,3.6672,3.6887,5959454.7
2025-09-20 17:00:00+00:00,3.6887,3.6922,3.6576,3.6674,4447114.5
2025-09-20 18:00:00+00:00,3.6674,3.6674,3.6465,3.6532,3634384.4
2025-09-20 19:00:00+00:00,3.6533,3.6668,3.6434,3.6538,3125538.5
2025-09-20 20:00:00+00:00,3.6538,3.6742,3.6497,3.67,1887758.4
2025-09-20 21:00:00+00:00,3.67,3.6841,3.6676,3.6721,1652562.2
2025-09-20 22:00:00+00:00,3.6722,3.6753,3.659,3.6695,1616002.4
2025-09-20 23:00:00+00:00,3.6695,3.6712,3.6484,3.655,1932757.0
2025-09-21 00:00:00+00:00,3.6551,3.6741,3.6446,3.6647,3472030.4
2025-09-21 01:00:00+00:00,3.6648,3.6691,3.637,3.644,4170809.0
2025-09-21 02:00:00+00:00,3.644,3.6712,3.6367,3.6649,4898602.6
2025-09-21 03:00:00+00:00,3.6648,3.6736,3.6609,3.667,2516658.0
2025-09-21 04:00:00+00:00,3.667,3.6685,3.648,3.6561,2632223.2
2025-09-21 05:00:00+00:00,3.6561,3.6709,3.6484,3.6709,2511694.1
2025-09-21 06:00:00+00:00,3.6709,3.6824,3.6639,3.665,4574813.9
2025-09-21 07:00:00+00:00,3.665,3.6658,3.656,3.6617,2475347.3
2025-09-21 08:00:00+00:00,3.6617,3.6645,3.6346,3.6398,4748197.3
2025-09-21 09:00:00+00:00,3.6398,3.6405,3.5853,3.6267,11979543.8
2025-09-21 10:00:00+00:00,3.6266,3.6395,3.6182,3.6191,4740820.9
2025-09-21 11:00:00+00:00,3.6192,3.6395,3.6153,3.6183,3870555.1
2025-09-21 12:00:00+00:00,3.6184,3.6706,3.6169,3.6494,6427016.3
2025-09-21 13:00:00+00:00,3.6494,3.6665,3.6448,3.6622,3505108.1
2025-09-21 14:00:00+00:00,3.6622,3.6667,3.6324,3.6337,3673655.8
2025-09-21 15:00:00+00:00,3.6337,3.6441,3.6252,3.6286,3234567.7
2025-09-21 16:00:00+00:00,3.6285,3.6365,3.6011,3.6137,6009984.3
2025-09-21 17:00:00+00:00,3.6136,3.6312,3.5934,3.6309,5253189.1
2025-09-21 18:00:00+00:00,3.631,3.6429,3.624,3.642,3458781.1
2025-09-21 19:00:00+00:00,3.6419,3.6425,3.6115,3.6353,3308425.1
2025-09-21 20:00:00+00:00,3.6352,3.6388,3.6178,3.627,2349727.8
2025-09-21 21:00:00+00:00,3.627,3.6332,3.6138,3.6179,2070217.7
2025-09-21 22:00:00+00:00,3.6179,3.6382,3.5983,3.6363,3320207.1
2025-09-21 23:00:00+00:00,3.6364,3.6369,3.605,3.6066,2882632.2
2025-09-22 00:00:00+00:00,3.6066,3.6283,3.5075,3.5173,29010245.7
2025-09-22 01:00:00+00:00,3.5172,3.5575,3.5074,3.5239,10096879.4
2025-09-22 02:00:00+00:00,3.5239,3.5383,3.4647,3.4972,16714305.1
2025-09-22 03:00:00+00:00,3.4972,3.5149,3.4914,3.5128,7302786.4
2025-09-22 04:00:00+00:00,3.5127,3.5201,3.4999,3.5045,4490158.1
2025-09-22 05:00:00+00:00,3.5044,3.5068,3.4049,3.4096,10410833.1
2025-09-22 06:00:00+00:00,3.4114,3.4128,3.2148,3.3778,70183489.7
2025-09-22 07:00:00+00:00,3.3777,3.3787,3.3418,3.3443,13755546.1
2025-09-22 08:00:00+00:00,3.3442,3.3773,3.3254,3.3629,10103826.1
2025-09-22 09:00:00+00:00,3.3629,3.3681,3.3275,3.3338,8137095.3
2025-09-22 10:00:00+00:00,3.3338,3.3819,3.3228,3.3739,8154839.0
2025-09-22 11:00:00+00:00,3.3739,3.3822,3.3419,3.3573,7553964.4
2025-09-22 12:00:00+00:00,3.3574,3.377,3.343,3.3722,6220787.5
2025-09-22 13:00:00+00:00,3.3721,3.3981,3.3587,3.3971,9855520.3
2025-09-22 14:00:00+00:00,3.397,3.4055,3.3607,3.3715,9842549.6
2025-09-22 15:00:00+00:00,3.3715,3.3763,3.346,3.3597,7557901.7
2025-09-22 16:00:00+00:00,3.3598,3.3753,3.3386,3.3503,7070224.7
2025-09-22 17:00:00+00:00,3.3504,3.3652,3.3369,3.3599,6257152.2
2025-09-22 18:00:00+00:00,3.3599,3.368,3.3421,3.3442,4980799.9
2025-09-22 19:00:00+00:00,3.3442,3.3471,3.3092,3.3157,12253043.0
2025-09-22 20:00:00+00:00,3.3158,3.3483,3.3108,3.3425,5771278.8
2025-09-22 21:00:00+00:00,3.3424,3.3667,3.3357,3.3646,3447703.3
2025-09-22 22:00:00+00:00,3.3646,3.3647,3.3552,3.3588,2560998.4
2025-09-22 23:00:00+00:00,3.3589,3.364,3.3528,3.3617,2756503.0
2025-09-23 00:00:00+00:00,3.3617,3.3838,3.356,3.3585,5312626.0
2025-09-23 01:00:00+00:00,3.3586,3.3667,3.3399,3.34,5665023.9
2025-09-23 02:00:00+00:00,3.3399,3.353,3.294,3.2988,9751202.8
2025-09-23 03:00:00+00:00,3.2988,3.3778,3.2763,3.3679,18541072.8
2025-09-23 04:00:00+00:00,3.3679,3.379,3.3391,3.3629,7753550.2
2025-09-23 05:00:00+00:00,3.3629,3.3776,3.3467,3.3568,5636480.8
2025-09-23 06:00:00+00:00,3.3568,3.402,3.3525,3.3948,10054554.5
2025-09-23 07:00:00+00:00,3.3948,3.3948,3.3708,3.3743,6782572.2
2025-09-23 08:00:00+00:00,3.3743,3.387,3.3672,3.3864,4690333.6
2025-09-23 09:00:00+00:00,3.3865,3.3997,3.3569,3.3652,6597686.1
2025-09-23 10:00:00+00:00,3.3652,3.3859,3.3587,3.3814,3651719.4
2025-09-23 11:00:00+00:00,3.3814,3.3816,3.36,3.3675,3285020.4
2025-09-23 12:00:00+00:00,3.3675,3.3922,3.36,3.3792,12391838.3
2025-09-23 13:00:00+00:00,3.3792,3.385,3.3574,3.3666,5633084.5
2025-09-23 14:00:00+00:00,3.3667,3.3968,3.3538,3.3582,7557900.7
2025-09-23 15:00:00+00:00,3.3581,3.3849,3.3406,3.3772,7668668.7
2025-09-23 16:00:00+00:00,3.3772,3.4181,3.3653,3.4149,9081067.2
2025-09-23 17:00:00+00:00,3.4149,3.4175,3.3516,3.3548,9121437.0
2025-09-23 18:00:00+00:00,3.3548,3.3685,3.3211,3.3327,9357911.5
2025-09-23 19:00:00+00:00,3.3326,3.3586,3.3155,3.3237,6680102.2
2025-09-23 20:00:00+00:00,3.3236,3.3453,3.3123,3.3444,5801826.5
2025-09-23 21:00:00+00:00,3.3443,3.3607,3.3339,3.3543,3804240.0
2025-09-23 22:00:00+00:00,3.3542,3.3566,3.3303,3.3346,2537713.4
2025-09-23 23:00:00+00:00,3.3345,3.3424,3.307,3.3188,5814206.1
2025-09-24 00:00:00+00:00,3.3188,3.3549,3.3155,3.3403,5175650.4
2025-09-24 01:00:00+00:00,3.3402,3.3656,3.3305,3.3573,4158813.5
2025-09-24 02:00:00+00:00,3.3574,3.3604,3.3231,3.3362,5326534.3
2025-09-24 03:00:00+00:00,3.3361,3.3422,3.272,3.2751,15256999.2
2025-09-24 04:00:00+00:00,3.275,3.3364,3.2333,3.3174,22837533.8
2025-09-24 05:00:00+00:00,3.3173,3.3743,3.3148,3.3627,9568533.1
2025-09-24 06:00:00+00:00,3.3627,3.3658,3.3476,3.3593,5766340.8
2025-09-24 07:00:00+00:00,3.3594,3.3688,3.3472,3.3665,4362649.8
2025-09-24 08:00:00+00:00,3.3665,3.3832,3.3647,3.3794,5340688.4
2025-09-24 09:00:00+00:00,3.3793,3.3966,3.3725,3.3881,4071570.7
2025-09-24 10:00:00+00:00,3.388,3.3902,3.3742,3.3883,4686908.1
2025-09-24 11:00:00+00:00,3.3883,3.4,3.3832,3.3925,4998518.1
2025-09-24 12:00:00+00:00,3.3925,3.4005,3.3824,3.3885,4044449.6
2025-09-24 13:00:00+00:00,3.3886,3.4038,3.3714,3.3727,8037939.2
2025-09-24 14:00:00+00:00,3.3727,3.4387,3.3723,3.4184,9680184.5
2025-09-24 15:00:00+00:00,3.4185,3.4241,3.3926,3.3989,9415586.0
2025-09-24 16:00:00+00:00,3.3989,3.4038,3.3826,3.3875,6095483.5
2025-09-24 17:00:00+00:00,3.3876,3.4043,3.375,3.3917,5979456.6
2025-09-24 18:00:00+00:00,3.3917,3.3957,3.3791,3.3829,2876749.4
2025-09-24 19:00:00+00:00,3.3829,3.3937,3.3746,3.3906,2985065.5
2025-09-24 20:00:00+00:00,3.3906,3.398,3.3714,3.3957,4200147.3
2025-09-24 21:00:00+00:00,3.3956,3.3994,3.3529,3.368,5202747.2
2025-09-24 22:00:00+00:00,3.368,3.386,3.3456,3.365,13212752.2
2025-09-24 23:00:00+00:00,3.3649,3.3872,3.3467,3.3616,9769337.0
2025-09-25 00:00:00+00:00,3.3617,3.3687,3.3293,3.3407,11912956.2
2025-09-25 01:00:00+00:00,3.3406,3.3656,3.3101,3.3178,21086859.7
2025-09-25 02:00:00+00:00,3.318,3.3606,3.3063,3.3394,10004463.1
2025-09-25 03:00:00+00:00,3.3393,3.3423,3.286,3.3095,9261080.4
2025-09-25 04:00:00+00:00,3.3093,3.3186,3.235,3.249,21532872.6
2025-09-25 05:00:00+00:00,3.249,3.2913,3.2351,3.2714,8599410.4
2025-09-25 06:00:00+00:00,3.2714,3.2777,3.2403,3.2406,8330011.5
2025-09-25 07:00:00+00:00,3.2406,3.267,3.2353,3.241,7355637.8
2025-09-25 08:00:00+00:00,3.2409,3.2612,3.2211,3.234,9159359.2
2025-09-25 09:00:00+00:00,3.2341,3.258,3.2024,3.2089,12961401.8
2025-09-25 10:00:00+00:00,3.2088,3.2394,3.2051,3.2112,6771152.1
2025-09-25 11:00:00+00:00,3.2112,3.2261,3.1396,3.1691,39061040.8
2025-09-25 12:00:00+00:00,3.169,3.1946,3.12,3.1686,23487416.0
2025-09-25 13:00:00+00:00,3.1685,3.2092,3.1528,3.1906,20996584.6
2025-09-25 14:00:00+00:00,3.1905,3.2488,3.1902,3.219,13933818.6
2025-09-25 15:00:00+00:00,3.2189,3.223,3.1883,3.2102,9559506.8
2025-09-25 16:00:00+00:00,3.2102,3.2154,3.1586,3.1598,12669937.2
2025-09-25 17:00:00+00:00,3.1597,3.1613,3.0676,3.0849,34378231.7
2025-09-25 18:00:00+00:00,3.085,3.1802,3.0744,3.1797,20257561.8
2025-09-25 19:00:00+00:00,3.1797,3.2042,3.1649,3.1713,10868917.3
2025-09-25 20:00:00+00:00,3.1713,3.1765,3.1263,3.1318,8575640.7
2025-09-25 21:00:00+00:00,3.1318,3.1619,3.1124,3.1456,6965319.7
2025-09-25 22:00:00+00:00,3.1456,3.1684,3.1242,3.1327,6477378.8
2025-09-25 23:00:00+00:00,3.1328,3.1509,3.0947,3.1091,10425086.9
2025-09-26 00:00:00+00:00,3.1092,3.166,3.1082,3.1613,11199403.9
2025-09-26 01:00:00+00:00,3.1613,3.177,3.1508,3.16,6831173.7
2025-09-26 02:00:00+00:00,3.1601,3.1755,3.1478,3.1547,4630653.2
2025-09-26 03:00:00+00:00,3.1548,3.1671,3.1393,3.1594,5073571.2
2025-09-26 04:00:00+00:00,3.1594,3.1637,3.1305,3.1341,4888526.6
2025-09-26 05:00:00+00:00,3.134,3.1524,3.1135,3.1191,6220476.3
2025-09-26 06:00:00+00:00,3.1192,3.15,3.1042,3.1303,9600840.0
2025-09-26 07:00:00+00:00,3.1303,3.1584,3.1248,3.1536,10112209.4
2025-09-26 08:00:00+00:00,3.1536,3.1882,3.1533,3.1633,9910785.7
2025-09-26 09:00:00+00:00,3.1633,3.1758,3.1328,3.1426,7439492.7
2025-09-26 10:00:00+00:00,3.1426,3.1449,3.0852,3.0987,16568716.2
2025-09-26 11:00:00+00:00,3.0985,3.1243,3.0789,3.1077,9731967.5
2025-09-26 12:00:00+00:00,3.1076,3.1596,3.07,3.1375,19816354.9
2025-09-26 13:00:00+00:00,3.1375,3.167,3.1085,3.1566,14752825.2
2025-09-26 14:00:00+00:00,3.1564,3.1618,3.0954,3.1139,13953439.6
2025-09-26 15:00:00+00:00,3.114,3.1619,3.1107,3.151,11404182.8
2025-09-26 16:00:00+00:00,3.151,3.2068,3.148,3.2017,10062356.6
2025-09-26 17:00:00+00:00,3.2017,3.2404,3.1886,3.2382,14369142.3
2025-09-26 18:00:00+00:00,3.2383,3.2543,3.2225,3.2284,10261892.6
2025-09-26 19:00:00+00:00,3.2283,3.2305,3.1902,3.2037,11405293.0
2025-09-26 20:00:00+00:00,3.2038,3.2195,3.1955,3.2061,4896671.1
2025-09-26 21:00:00+00:00,3.2061,3.2229,3.1996,3.2215,3358155.2
2025-09-26 22:00:00+00:00,3.2216,3.23,3.2106,3.2129,2826147.7
2025-09-26 23:00:00+00:00,3.2129,3.2218,3.2022,3.2204,2421159.1
2025-09-27 00:00:00+00:00,3.2204,3.2204,3.2045,3.2156,3292112.7
2025-09-27 01:00:00+00:00,3.2155,3.2163,3.1962,3.2043,3209149.0
2025-09-27 02:00:00+00:00,3.2043,3.2097,3.1944,3.1961,2274160.5
2025-09-27 03:00:00+00:00,3.1961,3.214,3.1945,3.201,2534456.3
2025-09-27 04:00:00+00:00,3.2009,3.2127,3.1967,3.2046,3483240.8
2025-09-27 05:00:00+00:00,3.2045,3.2107,3.1912,3.2066,2910607.8
2025-09-27 06:00:00+00:00,3.2066,3.212,3.1977,3.2117,1947490.1
2025-09-27 07:00:00+00:00,3.2117,3.22,3.198,3.2016,3501534.5
2025-09-27 08:00:00+00:00,3.2016,3.2016,3.1764,3.1793,7998730.9
2025-09-27 09:00:00+00:00,3.1792,3.2115,3.1664,3.2062,8168871.0
2025-09-27 10:00:00+00:00,3.2062,3.2293,3.203,3.2185,7559119.4
2025-09-27 11:00:00+00:00,3.2184,3.2202,3.2028,3.2101,3126352.0
2025-09-27 12:00:00+00:00,3.2101,3.2247,3.1965,3.2171,4376099.3
2025-09-27 13:00:00+00:00,3.2171,3.2205,3.2104,3.2111,2364129.6
2025-09-27 14:00:00+00:00,3.2111,3.2182,3.2023,3.2039,2169113.4
2025-09-27 15:00:00+00:00,3.2039,3.2115,3.1865,3.2059,5545817.2
2025-09-27 16:00:00+00:00,3.206,3.2074,3.1918,3.1961,3010916.5
2025-09-27 17:00:00+00:00,3.1961,3.1981,3.1492,3.177,10240763.7
2025-09-27 18:00:00+00:00,3.1769,3.184,3.1655,3.1781,2474576.5
2025-09-27 19:00:00+00:00,3.1781,3.1801,3.1693,3.1785,2251527.1
2025-09-27 20:00:00+00:00,3.1785,3.1847,3.17,3.1744,2172162.2
2025-09-27 21:00:00+00:00,3.1744,3.1906,3.1712,3.1883,1346780.8
2025-09-27 22:00:00+00:00,3.1883,3.2052,3.1837,3.1881,3538217.0
2025-09-27 23:00:00+00:00,3.188,3.1948,3.1732,3.1765,3788926.3
2025-09-28 00:00:00+00:00,3.1766,3.1871,3.16,3.1714,6890313.2
2025-09-28 01:00:00+00:00,3.1715,3.1739,3.1362,3.1399,6984855.4
2025-09-28 02:00:00+00:00,3.1398,3.1545,3.1363,3.1479,2819633.3
2025-09-28 03:00:00+00:00,3.148,3.1563,3.1391,3.1492,2526890.1
2025-09-28 04:00:00+00:00,3.1491,3.1502,3.1394,3.1453,1845581.8
2025-09-28 05:00:00+00:00,3.1453,3.1511,3.1353,3.1389,2529601.0
2025-09-28 06:00:00+00:00,3.1388,3.1459,3.126,3.1389,4510339.8
2025-09-28 07:00:00+00:00,3.1388,3.1423,3.118,3.1366,5728025.8
2025-09-28 08:00:00+00:00,3.1366,3.143,3.1166,3.1219,4567480.5
2025-09-28 09:00:00+00:00,3.1219,3.133,3.1148,3.1256,4696800.8
2025-09-28 10:00:00+00:00,3.1256,3.1282,3.1121,3.1242,3082168.9
2025-09-28 11:00:00+00:00,3.1243,3.126,3.1063,3.1158,3519510.9
2025-09-28 12:00:00+00:00,3.1158,3.1164,3.0929,3.1064,5122122.7
2025-09-28 13:00:00+00:00,3.1064,3.1584,3.1044,3.1537,10479656.7
2025-09-28 14:00:00+00:00,3.1538,3.17,3.1454,3.169,5606408.9
2025-09-28 15:00:00+00:00,3.169,3.182,3.1654,3.1793,5997670.3
2025-09-28 16:00:00+00:00,3.1794,3.2008,3.1788,3.1915,5800070.5
2025-09-28 17:00:00+00:00,3.1914,3.2095,3.1831,3.1932,4507333.9
2025-09-28 18:00:00+00:00,3.1933,3.2032,3.1868,3.2032,2793340.7
2025-09-28 19:00:00+00:00,3.2032,3.2093,3.1892,3.2082,3855534.7
2025-09-28 20:00:00+00:00,3.2082,3.2482,3.2082,3.2331,9124848.0
2025-09-28 21:00:00+00:00,3.2331,3.2414,3.2202,3.2282,2762444.3
2025-09-28 22:00:00+00:00,3.2283,3.2816,3.2283,3.2749,9651395.1
2025-09-28 23:00:00+00:00,3.275,3.2841,3.2678,3.2761,4425910.5
2025-09-29 00:00:00+00:00,3.2761,3.2818,3.2593,3.2722,4229675.9
2025-09-29 01:00:00+00:00,3.2722,3.2878,3.2634,3.2647,5376097.2
2025-09-29 02:00:00+00:00,3.2648,3.2965,3.2572,3.2838,6055925.0
2025-09-29 03:00:00+00:00,3.2838,3.2849,3.2713,3.2811,3855804.3
2025-09-29 04:00:00+00:00,3.2811,3.2857,3.2715,3.2774,3735546.7
2025-09-29 05:00:00+00:00,3.2773,3.296,3.2588,3.2897,6369069.0
2025-09-29 06:00:00+00:00,3.2898,3.2942,3.2715,3.2822,3891822.0
2025-09-29 07:00:00+00:00,3.2822,3.3116,3.2721,3.3063,6067300.9
2025-09-29 08:00:00+00:00,3.3063,3.3246,3.2993,3.3089,8407394.7
2025-09-29 09:00:00+00:00,3.3089,3.3194,3.258,3.2689,9843799.1
2025-09-29 10:00:00+00:00,3.269,3.269,3.2324,3.2376,7866439.1
2025-09-29 11:00:00+00:00,3.2377,3.2381,3.2157,3.2362,7781786.5
2025-09-29 12:00:00+00:00,3.2362,3.2555,3.2076,3.2119,8191435.4
2025-09-29 13:00:00+00:00,3.2118,3.2816,3.2034,3.2717,12552047.0
2025-09-29 14:00:00+00:00,3.2714,3.324,3.2664,3.3098,15096191.1
2025-09-29 15:00:00+00:00,3.3098,3.3284,3.2718,3.2791,11984104.7
2025-09-29 16:00:00+00:00,3.2791,3.3008,3.2592,3.2613,6992999.8
2025-09-29 17:00:00+00:00,3.2613,3.2798,3.2501,3.2758,6773406.3
2025-09-29 18:00:00+00:00,3.2758,3.2764,3.2534,3.2666,3171515.9
2025-09-29 19:00:00+00:00,3.2665,3.293,3.2626,3.2891,3771759.9
2025-09-29 20:00:00+00:00,3.2892,3.3217,3.2832,3.3171,7690411.1
2025-09-29 21:00:00+00:00,3.3171,3.3188,3.2972,3.2986,3801332.0
2025-09-29 22:00:00+00:00,3.2985,3.302,3.2792,3.2884,4570835.6
2025-09-29 23:00:00+00:00,3.2884,3.2927,3.2768,3.2786,3000594.4
2025-09-30 00:00:00+00:00,3.2785,3.2905,3.2537,3.2558,10227609.5
2025-09-30 01:00:00+00:00,3.2557,3.2789,3.2362,3.251,8288261.5
2025-09-30 02:00:00+00:00,3.2509,3.2618,3.2428,3.2492,6154568.6
2025-09-30 03:00:00+00:00,3.2491,3.275,3.2428,3.2585,5542859.2
2025-09-30 04:00:00+00:00,3.2585,3.2662,3.2464,3.2494,3983990.2
2025-09-30 05:00:00+00:00,3.2494,3.2602,3.2394,3.2512,4197161.1
2025-09-30 06:00:00+00:00,3.2512,3.2767,3.2431,3.2584,5472442.9
2025-09-30 07:00:00+00:00,3.2583,3.2672,3.2253,3.2361,7805983.5
2025-09-30 08:00:00+00:00,3.2361,3.2418,3.2178,3.2195,5275124.7
2025-09-30 09:00:00+00:00,3.2195,3.2262,3.2,3.2041,6080315.6
2025-09-30 10:00:00+00:00,3.204,3.2186,3.1962,3.2105,5497099.6
2025-09-30 11:00:00+00:00,3.2106,3.2311,3.1998,3.2239,4773378.7
2025-09-30 12:00:00+00:00,3.2239,3.24,3.2127,3.2142,5216385.8
2025-09-30 13:00:00+00:00,3.2143,3.2446,3.199,3.2111,9856497.0
2025-09-30 14:00:00+00:00,3.2111,3.2208,3.1943,3.2192,7029142.9
2025-09-30 15:00:00+00:00,3.2193,3.2206,3.1569,3.1632,13766572.7
2025-09-30 16:00:00+00:00,3.1632,3.1722,3.151,3.1604,9168173.0
2025-09-30 17:00:00+00:00,3.1603,3.1805,3.1558,3.1665,8866568.7
2025-09-30 18:00:00+00:00,3.1665,3.1964,3.1576,3.1944,4738686.8
2025-09-30 19:00:00+00:00,3.1944,3.2738,3.1899,3.2577,10043926.1
2025-09-30 20:00:00+00:00,3.2578,3.3029,3.2547,3.2988,9618635.2
2025-09-30 21:00:00+00:00,3.2989,3.311,3.2665,3.2666,9030616.2
2025-09-30 22:00:00+00:00,3.2666,3.2862,3.2495,3.2544,4797571.2
2025-09-30 23:00:00+00:00,3.2544,3.262,3.2401,3.2591,5085466.0
2025-10-01 00:00:00+00:00,3.2592,3.2692,3.2359,3.2594,4777390.1
2025-10-01 01:00:00+00:00,3.2593,3.2777,3.2441,3.275,5587153.2
2025-10-01 02:00:00+00:00,3.275,3.2785,3.2533,3.2545,3291683.7
2025-10-01 03:00:00+00:00,3.2545,3.2581,3.2152,3.218,6496392.5
2025-10-01 04:00:00+00:00,3.218,3.2517,3.2142,3.2305,5827611.1
2025-10-01 05:00:00+00:00,3.2306,3.2629,3.229,3.2531,4134645.7
2025-10-01 06:00:00+00:00,3.2531,3.2579,3.2308,3.2335,3356910.0
2025-10-01 07:00:00+00:00,3.2336,3.2592,3.2318,3.2545,2700683.4
2025-10-01 08:00:00+00:00,3.2545,3.3857,3.2518,3.3812,21662066.3
2025-10-01 09:00:00+00:00,3.3811,3.4043,3.3711,3.3978,13155592.2
2025-10-01 10:00:00+00:00,3.3979,3.4095,3.3725,3.3978,10578382.9
2025-10-01 11:00:00+00:00,3.3979,3.4194,3.3979,3.418,8138471.5
2025-10-01 12:00:00+00:00,3.4179,3.4251,3.3903,3.3957,9660325.3
2025-10-01 13:00:00+00:00,3.3956,3.4275,3.3945,3.4162,8400648.2
2025-10-01 14:00:00+00:00,3.4161,3.4645,3.4054,3.4474,15690586.7
2025-10-01 15:00:00+00:00,3.4474,3.4889,3.4365,3.488,11442661.4
2025-10-01 16:00:00+00:00,3.4881,3.4982,3.4517,3.4524,12742013.9
2025-10-01 17:00:00+00:00,3.4524,3.4636,3.4358,3.4443,7668448.4
2025-10-01 18:00:00+00:00,3.4443,3.4926,3.4443,3.4904,6341003.4
2025-10-01 19:00:00+00:00,3.4904,3.5312,3.4845,3.5151,9677098.3
2025-10-01 20:00:00+00:00,3.5152,3.5277,3.4935,3.5051,5663140.5
2025-10-01 21:00:00+00:00,3.505,3.511,3.4875,3.4937,3493074.9
2025-10-01 22:00:00+00:00,3.4937,3.5172,3.4862,3.5023,5446002.0
2025-10-01 23:00:00+00:00,3.5022,3.5295,3.4968,3.5208,6894795.0
2025-10-02 00:00:00+00:00,3.5208,3.5377,3.5083,3.5217,9167562.0
2025-10-02 01:00:00+00:00,3.5216,3.5769,3.5129,3.5722,7762602.9
2025-10-02 02:00:00+00:00,3.5722,3.578,3.548,3.5667,6162223.7
2025-10-02 03:00:00+00:00,3.5669,3.5763,3.5516,3.5662,4889731.4
2025-10-02 04:00:00+00:00,3.5663,3.5692,3.5368,3.5592,4579424.7
2025-10-02 05:00:00+00:00,3.5593,3.5707,3.5472,3.5544,4177821.5
2025-10-02 06:00:00+00:00,3.5544,3.5924,3.552,3.5801,6825488.8
2025-10-02 07:00:00+00:00,3.5802,3.5847,3.5444,3.5535,5592452.1
2025-10-02 08:00:00+00:00,3.5536,3.5738,3.5486,3.5729,4365870.6
2025-10-02 09:00:00+00:00,3.5729,3.5742,3.5538,3.5671,3852447.8
2025-10-02 10:00:00+00:00,3.5671,3.5696,3.5422,3.5533,4328689.8
2025-10-02 11:00:00+00:00,3.5533,3.5768,3.5496,3.5556,3831985.8
2025-10-02 12:00:00+00:00,3.5556,3.5816,3.5509,3.5801,4412367.3
2025-10-02 13:00:00+00:00,3.5801,3.5905,3.5432,3.5867,9026534.1
2025-10-02 14:00:00+00:00,3.5867,3.5894,3.4804,3.5038,19849480.6
2025-10-02 15:00:00+00:00,3.5038,3.5557,3.4803,3.5514,15888386.7
2025-10-02 16:00:00+00:00,3.5514,3.5727,3.5239,3.5407,11444010.9
2025-10-02 17:00:00+00:00,3.5407,3.5748,3.5287,3.5707,7197803.7
2025-10-02 18:00:00+00:00,3.5706,3.6149,3.5706,3.6074,10538387.2
2025-10-02 19:00:00+00:00,3.6073,3.642,3.6002,3.6131,10217143.3
2025-10-02 20:00:00+00:00,3.6131,3.6159,3.5742,3.596,6402574.1
2025-10-02 21:00:00+00:00,3.596,3.6055,3.575,3.575,3344012.6
2025-10-02 22:00:00+00:00,3.575,3.5875,3.56,3.5646,4583237.1
2025-10-02 23:00:00+00:00,3.5646,3.59,3.5638,3.5853,3940161.1
2025-10-03 00:00:00+00:00,3.5852,3.5859,3.5436,3.5487,5513890.5
2025-10-03 01:00:00+00:00,3.5488,3.5621,3.5211,3.5276,5710904.1
2025-10-03 02:00:00+00:00,3.5276,3.554,3.525,3.5527,4619908.9
2025-10-03 03:00:00+00:00,3.5526,3.5857,3.5498,3.5614,6938762.3
2025-10-03 04:00:00+00:00,3.5615,3.6086,3.5572,3.5951,6581317.1
2025-10-03 05:00:00+00:00,3.5955,3.598,3.5671,3.5818,3797281.4
2025-10-03 06:00:00+00:00,3.5817,3.608,3.5651,3.5889,5683360.6
2025-10-03 07:00:00+00:00,3.5889,3.6133,3.577,3.5878,7386966.1
2025-10-03 08:00:00+00:00,3.5878,3.604,3.5555,3.6031,5508204.2
2025-10-03 09:00:00+00:00,3.6031,3.6288,3.5895,3.6085,6704780.9
2025-10-03 10:00:00+00:00,3.6084,3.6115,3.5934,3.6023,3871663.9
2025-10-03 11:00:00+00:00,3.6023,3.6034,3.5717,3.5762,4113764.4
2025-10-03 12:00:00+00:00,3.5763,3.5837,3.5627,3.5709,4374801.6
2025-10-03 13:00:00+00:00,3.571,3.5819,3.5424,3.5726,8264903.2
2025-10-03 14:00:00+00:00,3.5726,3.6106,3.5407,3.5896,8759042.2
2025-10-03 15:00:00+00:00,3.5895,3.64,3.5727,3.6363,10688724.5
2025-10-03 16:00:00+00:00,3.6362,3.6664,3.601,3.6086,17912921.8
2025-10-03 17:00:00+00:00,3.6085,3.6085,3.5448,3.5593,22518631.6
2025-10-03 18:00:00+00:00,3.5595,3.5934,3.5469,3.5925,5845524.6
2025-10-03 19:00:00+00:00,3.5926,3.6027,3.5706,3.5848,5646035.3
2025-10-03 20:00:00+00:00,3.5848,3.5972,3.5675,3.5839,3555111.7
2025-10-03 21:00:00+00:00,3.5839,3.5894,3.5685,3.5735,2030480.6
2025-10-03 22:00:00+00:00,3.5735,3.5947,3.5725,3.5865,2271055.0
2025-10-03 23:00:00+00:00,3.5864,3.5876,3.5717,3.5777,1733381.6
2025-10-04 00:00:00+00:00,3.5778,3.5853,3.5632,3.5766,3451807.1
2025-10-04 01:00:00+00:00,3.5767,3.58,3.5438,3.5503,4825935.1
2025-10-04 02:00:00+00:00,3.5503,3.5615,3.5351,3.5449,3971411.4
2025-10-04 03:00:00+00:00,3.5448,3.5486,3.5221,3.5434,4853745.6
2025-10-04 04:00:00+00:00,3.5434,3.557,3.539,3.5449,3316086.1
2025-10-04 05:00:00+00:00,3.5448,3.5591,3.5345,3.5477,3206723.1
2025-10-04 06:00:00+00:00,3.5477,3.5631,3.5458,3.553,3300918.8
2025-10-04 07:00:00+00:00,3.5531,3.5542,3.5361,3.5411,2537473.1
2025-10-04 08:00:00+00:00,3.5411,3.5496,3.5105,3.5206,4933407.7
2025-10-04 09:00:00+00:00,3.5205,3.5323,3.5053,3.5056,3292926.5
2025-10-04 10:00:00+00:00,3.5057,3.5176,3.4903,3.495,4245881.5
2025-10-04 11:00:00+00:00,3.495,3.5073,3.4917,3.5002,2855344.7
2025-10-04 12:00:00+00:00,3.5002,3.5354,3.499,3.5308,4822562.8
2025-10-04 13:00:00+00:00,3.5309,3.5762,3.5274,3.5524,8897595.7
2025-10-04 14:00:00+00:00,3.5524,3.5787,3.531,3.5319,7016608.4
2025-10-04 15:00:00+00:00,3.5319,3.5443,3.5008,3.5092,8121637.5
2025-10-04 16:00:00+00:00,3.5093,3.5447,3.5041,3.5377,6356165.1
2025-10-04 17:00:00+00:00,3.5377,3.5463,3.5206,3.5308,3549175.7
2025-10-04 18:00:00+00:00,3.5308,3.5362,3.5219,3.5313,2078669.0
2025-10-04 19:00:00+00:00,3.5313,3.5534,3.5299,3.5399,2560239.6
2025-10-04 20:00:00+00:00,3.54,3.5643,3.5395,3.5551,2494359.6
2025-10-04 21:00:00+00:00,3.5551,3.5792,3.5548,3.5784,2905951.0
2025-10-04 22:00:00+00:00,3.5785,3.6144,3.5784,3.6126,6453084.7
2025-10-04 23:00:00+00:00,3.6126,3.6284,3.5961,3.6215,5736764.4
2025-10-05 00:00:00+00:00,3.6215,3.6882,3.5792,3.5839,19376108.7
2025-10-05 01:00:00+00:00,3.5839,3.5995,3.5745,3.5857,5976288.8
2025-10-05 02:00:00+00:00,3.5856,3.659,3.5752,3.6551,12687609.4
2025-10-05 03:00:00+00:00,3.6553,3.6661,3.6331,3.642,9946603.1
2025-10-05 04:00:00+00:00,3.642,3.6819,3.6269,3.6541,11919613.1
2025-10-05 05:00:00+00:00,3.6542,3.6677,3.6452,3.6616,4671744.9
2025-10-05 06:00:00+00:00,3.6616,3.6692,3.6389,3.6511,5237676.0
2025-10-05 07:00:00+00:00,3.6511,3.6892,3.651,3.682,7934468.3
2025-10-05 08:00:00+00:00,3.682,3.6909,3.6607,3.6616,7689202.3
2025-10-05 09:00:00+00:00,3.6617,3.6668,3.6106,3.6193,12540285.7
2025-10-05 10:00:00+00:00,3.619,3.6204,3.579,3.596,11551743.6
2025-10-05 11:00:00+00:00,3.596,3.6173,3.5827,3.6116,5732535.5
2025-10-05 12:00:00+00:00,3.6116,3.6122,3.5882,3.5952,4550409.3
2025-10-05 13:00:00+00:00,3.5951,3.6116,3.5924,3.6036,2864209.2
2025-10-05 14:00:00+00:00,3.6036,3.6222,3.5777,3.5924,6916975.6
2025-10-05 15:00:00+00:00,3.5923,3.6073,3.586,3.592,2779230.1
2025-10-05 16:00:00+00:00,3.592,3.6018,3.5649,3.5955,6666814.1
2025-10-05 17:00:00+00:00,3.5956,3.6038,3.5624,3.5687,4638372.9
2025-10-05 18:00:00+00:00,3.5686,3.582,3.5583,3.5692,4289788.3
2025-10-05 19:00:00+00:00,3.5692,3.5698,3.5195,3.5325,9254195.0
2025-10-05 20:00:00+00:00,3.5324,3.5543,3.5258,3.5399,3447726.6
2025-10-05 21:00:00+00:00,3.5399,3.5493,3.5334,3.5475,2613710.7
2025-10-05 22:00:00+00:00,3.5476,3.5584,3.5313,3.5481,3862220.1
2025-10-05 23:00:00+00:00,3.548,3.5725,3.5455,3.5627,5610225.5
2025-10-06 00:00:00+00:00,3.5627,3.5879,3.5381,3.5501,9124045.6
2025-10-06 01:00:00+00:00,3.55,3.5912,3.5366,3.5737,6812190.8
2025-10-06 02:00:00+00:00,3.5736,3.5892,3.55,3.5766,4956297.2
2025-10-06 03:00:00+00:00,3.5767,3.5773,3.5632,3.569,2646009.3
2025-10-06 04:00:00+00:00,3.569,3.5884,3.5541,3.5559,3835366.0
2025-10-06 05:00:00+00:00,3.5558,3.5704,3.5504,3.5687,2922601.6
2025-10-06 06:00:00+00:00,3.5688,3.6443,3.5679,3.6413,9641971.1
2025-10-06 07:00:00+00:00,3.6414,3.6636,3.6008,3.6196,10788847.5
2025-10-06 08:00:00+00:00,3.6196,3.6586,3.6196,3.6487,8186761.1
2025-10-06 09:00:00+00:00,3.6487,3.6596,3.6358,3.6527,4352938.5
2025-10-06 10:00:00+00:00,3.6527,3.6547,3.6208,3.6221,4068111.0
2025-10-06 11:00:00+00:00,3.6221,3.6334,3.6025,3.61,7536655.3
2025-10-06 12:00:00+00:00,3.61,3.6407,3.61,3.6164,4627943.8
2025-10-06 13:00:00+00:00,3.6164,3.6363,3.6027,3.6337,10071504.1
2025-10-06 14:00:00+00:00,3.6337,3.6483,3.6162,3.6351,7345596.8
2025-10-06 15:00:00+00:00,3.6348,3.6811,3.6337,3.6712,12105369.2
2025-10-06 16:00:00+00:00,3.6712,3.6779,3.639,3.6599,5941896.6
2025-10-06 17:00:00+00:00,3.6599,3.7221,3.6511,3.6688,9208456.3
2025-10-06 18:00:00+00:00,3.6688,3.6939,3.6621,3.6873,4167930.7
2025-10-06 19:00:00+00:00,3.6874,3.6883,3.6577,3.6684,3750983.3
2025-10-06 20:00:00+00:00,3.6684,3.6774,3.6392,3.6588,4734446.8
2025-10-06 21:00:00+00:00,3.6588,3.6662,3.6378,3.6632,3745653.2
2025-10-06 22:00:00+00:00,3.6632,3.6692,3.6442,3.6491,2687537.5
2025-10-06 23:00:00+00:00,3.649,3.6518,3.6207,3.622,4520738.0
2025-10-07 00:00:00+00:00,3.622,3.6326,3.6173,3.6276,3847563.2
2025-10-07 01:00:00+00:00,3.6276,3.6339,3.6034,3.6095,4689332.2
2025-10-07 02:00:00+00:00,3.6094,3.6208,3.5956,3.6154,4009219.2
2025-10-07 03:00:00+00:00,3.6153,3.6283,3.607,3.6273,3345638.6
2025-10-07 04:00:00+00:00,3.6273,3.657,3.6047,3.6444,5694691.5
2025-10-07 05:00:00+00:00,3.6443,3.6674,3.6301,3.6583,4253689.7
2025-10-07 06:00:00+00:00,3.6584,3.6658,3.5932,3.5939,8668158.1
2025-10-07 07:00:00+00:00,3.5938,3.6069,3.5851,3.5996,7136395.4
2025-10-07 08:00:00+00:00,3.5996,3.6024,3.5613,3.591,9868836.1
2025-10-07 09:00:00+00:00,3.591,3.6021,3.5831,3.5867,4811207.8
2025-10-07 10:00:00+00:00,3.5867,3.6005,3.5819,3.5957,3668501.1
2025-10-07 11:00:00+00:00,3.5958,3.6,3.5855,3.5901,3970209.9
2025-10-07 12:00:00+00:00,3.5901,3.6201,3.5718,3.6142,8330879.4
2025-10-07 13:00:00+00:00,3.6142,3.6182,3.5501,3.5751,13440598.3
2025-10-07 14:00:00+00:00,3.5752,3.5786,3.52,3.5212,19089058.9
2025-10-07 15:00:00+00:00,3.5212,3.532,3.4723,3.4874,25745202.0
2025-10-07 16:00:00+00:00,3.4874,3.5148,3.4632,3.4916,14243443.7
2025-10-07 17:00:00+00:00,3.4916,3.4974,3.4675,3.4681,5161900.6
2025-10-07 18:00:00+00:00,3.4682,3.4788,3.4505,3.4513,6246278.4
2025-10-07 19:00:00+00:00,3.4513,3.4683,3.444,3.4515,6433559.6
2025-10-07 20:00:00+00:00,3.4515,3.4875,3.4486,3.474,5345135.6
2025-10-07 21:00:00+00:00,3.4741,3.4782,3.4477,3.4551,3184690.1
2025-10-07 22:00:00+00:00,3.4551,3.4707,3.4512,3.458,2747575.1
2025-10-07 23:00:00+00:00,3.4581,3.4604,3.4388,3.4486,4649883.3
2025-10-08 00:00:00+00:00,3.4487,3.4786,3.4437,3.4666,5184451.0
2025-10-08 01:00:00+00:00,3.4666,3.4826,3.4607,3.4757,2628998.2
2025-10-08 02:00:00+00:00,3.4757,3.4853,3.4662,3.476,2902752.1
2025-10-08 03:00:00+00:00,3.4759,3.476,3.4223,3.4374,8395979.7
2025-10-08 04:00:00+00:00,3.4374,3.4754,3.4225,3.4658,7038297.7
2025-10-08 05:00:00+00:00,3.4658,3.4662,3.444,3.4539,2973768.5
2025-10-08 06:00:00+00:00,3.4538,3.4781,3.4426,3.4725,3842174.9
2025-10-08 07:00:00+00:00,3.4726,3.4867,3.4526,3.4723,8554620.9
2025-10-08 08:00:00+00:00,3.4724,3.4979,3.4642,3.483,3904375.3
2025-10-08 09:00:00+00:00,3.4829,3.4893,3.4676,3.4788,2914473.5
2025-10-08 10:00:00+00:00,3.4788,3.4877,3.4696,3.4825,2795954.0
2025-10-08 11:00:00+00:00,3.4826,3.4843,3.455,3.4612,3996736.4
2025-10-08 12:00:00+00:00,3.4611,3.4678,3.4486,3.4549,3519077.7
2025-10-08 13:00:00+00:00,3.4549,3.4624,3.4273,3.4553,6160777.4
2025-10-08 14:00:00+00:00,3.4553,3.4923,3.4416,3.448,9278776.3
2025-10-08 15:00:00+00:00,3.4479,3.477,3.4454,3.4569,3929698.2
2025-10-08 16:00:00+00:00,3.4569,3.4961,3.4507,3.4944,5080816.0
2025-10-08 17:00:00+00:00,3.4944,3.5643,3.4933,3.5565,14225258.8
2025-10-08 18:00:00+00:00,3.5564,3.562,3.5285,3.5424,7540696.9
2025-10-08 19:00:00+00:00,3.5423,3.5473,3.516,3.5377,5449964.0
2025-10-08 20:00:00+00:00,3.5378,3.546,3.5172,3.5189,3069526.3
2025-10-08 21:00:00+00:00,3.5188,3.5389,3.5125,3.5257,2070347.6
2025-10-08 22:00:00+00:00,3.5256,3.5377,3.5249,3.5262,1998056.1
2025-10-08 23:00:00+00:00,3.5261,3.5379,3.5174,3.5339,1986552.8
2025-10-09 00:00:00+00:00,3.5339,3.5395,3.5148,3.5188,2490195.0
2025-10-09 01:00:00+00:00,3.5188,3.5209,3.4881,3.5106,5630759.8
2025-10-09 02:00:00+00:00,3.5105,3.513,3.4338,3.4437,8888947.5
2025-10-09 03:00:00+00:00,3.4438,3.4899,3.4438,3.4832,4661661.7
2025-10-09 04:00:00+00:00,3.4831,3.4941,3.4739,3.4919,2489158.9
2025-10-09 05:00:00+00:00,3.4919,3.4967,3.4714,3.4802,2742253.0
2025-10-09 06:00:00+00:00,3.4802,3.481,3.4531,3.4564,3032715.0
2025-10-09 07:00:00+00:00,3.4563,3.4625,3.4354,3.4397,3818660.1
2025-10-09 08:00:00+00:00,3.4397,3.4444,3.3735,3.3801,18533177.1
2025-10-09 09:00:00+00:00,3.3802,3.4073,3.379,3.4014,9485765.4
2025-10-09 10:00:00+00:00,3.4015,3.4153,3.3842,3.4028,5149555.4
2025-10-09 11:00:00+00:00,3.4028,3.4203,3.3908,3.3964,8643619.9
2025-10-09 12:00:00+00:00,3.3964,3.4323,3.3942,3.4203,6395773.5
2025-10-09 13:00:00+00:00,3.4202,3.43,3.3796,3.3834,9219849.8
2025-10-09 14:00:00+00:00,3.3835,3.3989,3.341,3.3701,17705395.6
2025-10-09 15:00:00+00:00,3.3702,3.3866,3.3487,3.3633,6644475.3
2025-10-09 16:00:00+00:00,3.3633,3.3722,3.324,3.3348,7722236.9
2025-10-09 17:00:00+00:00,3.3348,3.3941,3.3319,3.3916,8011456.8
2025-10-09 18:00:00+00:00,3.3915,3.3967,3.3793,3.3834,4130482.8
2025-10-09 19:00:00+00:00,3.3835,3.4002,3.3821,3.3969,3354750.6
2025-10-09 20:00:00+00:00,3.3969,3.4028,3.3765,3.3864,2714013.8
2025-10-09 21:00:00+00:00,3.3865,3.4004,3.3808,3.3988,2821665.2
2025-10-09 22:00:00+00:00,3.3989,3.4124,3.387,3.4112,4387830.8
2025-10-09 23:00:00+00:00,3.4113,3.412,3.3955,3.4063,3162544.6
2025-10-10 00:00:00+00:00,3.4063,3.4281,3.404,3.4164,4421731.8
2025-10-10 01:00:00+00:00,3.4165,3.4248,3.4086,3.4181,2275241.3
2025-10-10 02:00:00+00:00,3.4182,3.4316,3.4034,3.4226,4252952.6
2025-10-10 03:00:00+00:00,3.4226,3.468,3.4091,3.4417,7732142.0
2025-10-10 04:00:00+00:00,3.4416,3.4567,3.4321,3.4431,3464911.4
2025-10-10 05:00:00+00:00,3.4431,3.4681,3.4269,3.4681,4121594.7
2025-10-10 06:00:00+00:00,3.4682,3.4781,3.433,3.4374,6143001.5
2025-10-10 07:00:00+00:00,3.4374,3.4437,3.4138,3.4169,5877667.3
2025-10-10 08:00:00+00:00,3.417,3.4502,3.4115,3.4481,4894131.6
2025-10-10 09:00:00+00:00,3.4481,3.4681,3.4369,3.4381,5834009.3
2025-10-10 10:00:00+00:00,3.4381,3.4628,3.4356,3.4573,2887376.7
2025-10-10 11:00:00+00:00,3.4574,3.469,3.4512,3.4665,2963693.4
2025-10-10 12:00:00+00:00,3.4666,3.4732,3.4508,3.4684,3885291.5
2025-10-10 13:00:00+00:00,3.4685,3.4772,3.4531,3.4638,6653436.3
2025-10-10 14:00:00+00:00,3.4639,3.477,3.4266,3.4394,10189796.3
2025-10-10 15:00:00+00:00,3.4393,3.4427,3.2748,3.3009,52729412.4
2025-10-10 16:00:00+00:00,3.3009,3.3396,3.2865,3.3092,13908430.2
2025-10-10 17:00:00+00:00,3.3091,3.3168,3.2663,3.2674,12330294.0
2025-10-10 18:00:00+00:00,3.2673,3.288,3.2522,3.2523,9697174.4
2025-10-10 19:00:00+00:00,3.2522,3.26,3.2,3.2374,19596928.8
2025-10-10 20:00:00+00:00,3.2373,3.2636,3.0365,3.0759,40403023.6
2025-10-10 21:00:00+00:00,3.0764,3.0997,0.5669,2.5226,245643565.5
2025-10-10 22:00:00+00:00,2.5221,2.6256,2.2129,2.5643,115698856.0
2025-10-10 23:00:00+00:00,2.5644,2.7301,2.5004,2.5967,65079861.8
2025-10-11 00:00:00+00:00,2.5972,2.6655,2.528,2.6343,40539180.3
2025-10-11 01:00:00+00:00,2.6343,2.647,2.5471,2.5625,29073937.1
2025-10-11 02:00:00+00:00,2.5625,2.7878,2.559,2.7575,33159132.3
2025-10-11 03:00:00+00:00,2.7574,2.7652,2.6614,2.7045,22302803.3
2025-10-11 04:00:00+00:00,2.7045,2.7666,2.6936,2.7607,18326752.9
2025-10-11 05:00:00+00:00,2.7606,2.7634,2.6745,2.6918,16325209.9
2025-10-11 06:00:00+00:00,2.6919,2.776,2.6792,2.7207,13837604.3
2025-10-11 07:00:00+00:00,2.7207,2.7546,2.6927,2.7036,16324789.2
2025-10-11 08:00:00+00:00,2.7035,2.7822,2.6821,2.7691,15311831.7
2025-10-11 09:00:00+00:00,2.7692,2.8162,2.7277,2.7303,15453272.7
2025-10-11 10:00:00+00:00,2.7305,2.7642,2.7072,2.7258,11255054.7
2025-10-11 11:00:00+00:00,2.7259,2.7287,2.69,2.7129,9652323.3
2025-10-11 12:00:00+00:00,2.7129,2.7174,2.6524,2.6821,12698148.4
2025-10-11 13:00:00+00:00,2.6822,2.69,2.6144,2.6629,20522676.1
2025-10-11 14:00:00+00:00,2.6629,2.6727,2.6362,2.6603,14154889.0
2025-10-11 15:00:00+00:00,2.6603,2.7029,2.6481,2.6615,11375274.1
2025-10-11 16:00:00+00:00,2.6614,2.6902,2.6473,2.661,9163275.3
2025-10-11 17:00:00+00:00,2.6609,2.6864,2.6542,2.6827,8236177.9
2025-10-11 18:00:00+00:00,2.6826,2.6827,2.6511,2.6512,5006000.9
2025-10-11 19:00:00+00:00,2.6511,2.6526,2.5457,2.5742,21494550.5
2025-10-11 20:00:00+00:00,2.5741,2.5847,2.5047,2.5265,21272261.7
2025-10-11 21:00:00+00:00,2.5265,2.5617,2.4806,2.5442,19329916.5
2025-10-11 22:00:00+00:00,2.5441,2.5651,2.5326,2.5493,12180071.0
2025-10-11 23:00:00+00:00,2.5492,2.5553,2.5285,2.5398,7528108.7
2025-10-12 00:00:00+00:00,2.5399,2.5456,2.4718,2.476,12972729.8
2025-10-12 01:00:00+00:00,2.476,2.5057,2.4426,2.4469,17480596.1
2025-10-12 02:00:00+00:00,2.4469,2.4976,2.4366,2.4644,15213789.4
2025-10-12 03:00:00+00:00,2.4645,2.5233,2.4556,2.483,15548025.9
2025-10-12 04:00:00+00:00,2.4829,2.5368,2.4751,2.5241,9970951.6
2025-10-12 05:00:00+00:00,2.524,2.542,2.5121,2.5364,6493906.1
2025-10-12 06:00:00+00:00,2.5365,2.5619,2.533,2.5445,7033534.5
2025-10-12 07:00:00+00:00,2.5445,2.5495,2.5276,2.5349,5285288.4
2025-10-12 08:00:00+00:00,2.5349,2.5399,2.4915,2.4937,7593794.9
2025-10-12 09:00:00+00:00,2.4937,2.5075,2.4661,2.5057,11022196.4
2025-10-12 10:00:00+00:00,2.5057,2.5191,2.4849,2.498,6439223.4
2025-10-12 11:00:00+00:00,2.498,2.5279,2.4954,2.5179,7703423.6
2025-10-12 12:00:00+00:00,2.5178,2.5534,2.5156,2.5323,10171352.3
2025-10-12 13:00:00+00:00,2.5323,2.5452,2.4836,2.4905,12725245.8
2025-10-12 14:00:00+00:00,2.4906,2.6537,2.4877,2.6005,37610299.5
2025-10-12 15:00:00+00:00,2.6006,2.7513,2.5907,2.7323,47330454.8
2025-10-12 16:00:00+00:00,2.7324,2.7992,2.7049,2.7592,38183108.8
2025-10-12 17:00:00+00:00,2.7595,2.8054,2.7445,2.7784,21488493.4
2025-10-12 18:00:00+00:00,2.7783,2.8068,2.7518,2.784,9598609.9
2025-10-12 19:00:00+00:00,2.784,2.8488,2.7819,2.8444,12061297.7
2025-10-12 20:00:00+00:00,2.8445,2.876,2.8228,2.8358,10541279.5
2025-10-12 21:00:00+00:00,2.8359,2.8719,2.7332,2.796,17950241.1
2025-10-12 22:00:00+00:00,2.796,2.8229,2.7761,2.7876,10181869.2
2025-10-12 23:00:00+00:00,2.7875,2.8123,2.7606,2.8057,8144570.4
2025-10-13 00:00:00+00:00,2.8058,2.8342,2.7558,2.7836,14308563.2
2025-10-13 01:00:00+00:00,2.7835,2.8184,2.7609,2.8139,7595749.0
2025-10-13 02:00:00+00:00,2.8138,2.8271,2.7851,2.8078,7798799.0
2025-10-13 03:00:00+00:00,2.8079,2.8152,2.7612,2.7704,7441501.1
2025-10-13 04:00:00+00:00,2.7705,2.7995,2.7441,2.7954,10631093.9
2025-10-13 05:00:00+00:00,2.7953,2.8264,2.786,2.8018,10220039.6
2025-10-13 06:00:00+00:00,2.8017,2.8482,2.7865,2.8262,10150372.7
2025-10-13 07:00:00+00:00,2.8262,2.8722,2.8157,2.8397,11359401.9
2025-10-13 08:00:00+00:00,2.8397,2.8736,2.8333,2.8657,7960572.3
2025-10-13 09:00:00+00:00,2.8657,2.9066,2.8312,2.9049,24893609.2
2025-10-13 10:00:00+00:00,2.9048,2.9067,2.8508,2.8705,11880221.5
2025-10-13 11:00:00+00:00,2.8705,2.8759,2.7695,2.8076,24161466.4
2025-10-13 12:00:00+00:00,2.8076,2.8398,2.7863,2.8147,11608289.2
2025-10-13 13:00:00+00:00,2.8146,2.9219,2.8023,2.9023,32011279.3
2025-10-13 14:00:00+00:00,2.9022,2.9127,2.8073,2.8246,19408086.1
2025-10-13 15:00:00+00:00,2.8246,2.8836,2.8206,2.8652,10525424.8
2025-10-13 16:00:00+00:00,2.8652,2.8873,2.8382,2.8712,9509724.5
2025-10-13 17:00:00+00:00,2.8712,2.91,2.8469,2.907,10145523.7
2025-10-13 18:00:00+00:00,2.9069,2.9319,2.881,2.9193,12218748.5
2025-10-13 19:00:00+00:00,2.9193,2.975,2.911,2.9654,13025541.1
2025-10-13 20:00:00+00:00,2.9655,2.9983,2.9505,2.9973,7840257.6
2025-10-13 21:00:00+00:00,2.9972,3.0118,2.9761,2.9836,9303892.9
2025-10-13 22:00:00+00:00,2.9835,3.005,2.9777,3.005,5608369.0
2025-10-13 23:00:00+00:00,3.0049,3.0137,2.9786,2.989,7188070.5
2025-10-14 00:00:00+00:00,2.989,2.9981,2.9428,2.9527,9861978.3
2025-10-14 01:00:00+00:00,2.9526,2.9676,2.929,2.9351,6493660.8
2025-10-14 02:00:00+00:00,2.935,2.9372,2.8824,2.8888,11384754.2
2025-10-14 03:00:00+00:00,2.8888,2.8908,2.85,2.8623,11949235.2
2025-10-14 04:00:00+00:00,2.8622,2.8711,2.7815,2.7989,19647982.6
2025-10-14 05:00:00+00:00,2.7989,2.8312,2.7648,2.7808,18523748.6
2025-10-14 06:00:00+00:00,2.7809,2.8014,2.6669,2.7268,37218789.6
2025-10-14 07:00:00+00:00,2.7268,2.7543,2.7011,2.7174,22193628.4
2025-10-14 08:00:00+00:00,2.7174,2.7479,2.6939,2.7237,16695236.0
2025-10-14 09:00:00+00:00,2.7237,2.7569,2.7218,2.734,11097573.8
2025-10-14 10:00:00+00:00,2.7341,2.7341,2.66,2.7076,19880174.6
2025-10-14 11:00:00+00:00,2.7075,2.7484,2.7048,2.7214,11472292.8
2025-10-14 12:00:00+00:00,2.7215,2.7248,2.6829,2.688,10624084.4
2025-10-14 13:00:00+00:00,2.688,2.7266,2.6499,2.7061,21854983.7
2025-10-14 14:00:00+00:00,2.706,2.774,2.692,2.7362,20587182.6
2025-10-14 15:00:00+00:00,2.7363,2.8184,2.7248,2.8175,17816280.2
2025-10-14 16:00:00+00:00,2.8174,2.8722,2.7938,2.8214,25247715.4
2025-10-14 17:00:00+00:00,2.8214,2.8549,2.7706,2.8275,18922036.7
2025-10-14 18:00:00+00:00,2.8275,2.8665,2.8262,2.8429,8131867.6
2025-10-14 19:00:00+00:00,2.843,2.8536,2.7622,2.8033,21295453.0
2025-10-14 20:00:00+00:00,2.8036,2.8188,2.7866,2.8112,6342705.0
2025-10-14 21:00:00+00:00,2.8113,2.8278,2.7944,2.8231,4116569.0
2025-10-14 22:00:00+00:00,2.8231,2.8417,2.8078,2.8183,3764306.8
2025-10-14 23:00:00+00:00,2.8183,2.8333,2.8159,2.8189,3193257.0
2025-10-15 00:00:00+00:00,2.8189,2.8265,2.7913,2.8195,5981747.5
2025-10-15 01:00:00+00:00,2.8194,2.8231,2.7913,2.8164,4788657.4
2025-10-15 02:00:00+00:00,2.8163,2.8563,2.8132,2.8326,7424546.4
2025-10-15 03:00:00+00:00,2.8325,2.837,2.7828,2.7998,7744556.2
2025-10-15 04:00:00+00:00,2.7998,2.8299,2.7843,2.8223,4410582.7
2025-10-15 05:00:00+00:00,2.8223,2.835,2.8061,2.8198,4570342.4
2025-10-15 06:00:00+00:00,2.8198,2.8314,2.7871,2.8314,6502780.3
2025-10-15 07:00:00+00:00,2.8314,2.8464,2.8103,2.8373,5932769.6
2025-10-15 08:00:00+00:00,2.8372,2.8897,2.8308,2.8336,11798661.5
2025-10-15 09:00:00+00:00,2.8335,2.8336,2.8027,2.8163,7671242.3
2025-10-15 10:00:00+00:00,2.8163,2.8288,2.8053,2.8123,6830717.5
2025-10-15 11:00:00+00:00,2.8122,2.8225,2.7843,2.8047,6186601.2
2025-10-15 12:00:00+00:00,2.8047,2.816,2.7742,2.7949,6129214.8
2025-10-15 13:00:00+00:00,2.7948,2.8086,2.7156,2.7773,18939151.3
2025-10-15 14:00:00+00:00,2.7773,2.8106,2.7226,2.7435,15250186.0
2025-10-15 15:00:00+00:00,2.7435,2.76,2.69,2.7127,17798496.7
2025-10-15 16:00:00+00:00,2.7127,2.7256,2.698,2.7059,8355179.5
2025-10-15 17:00:00+00:00,2.7059,2.7154,2.6806,2.7154,9088692.2
2025-10-15 18:00:00+00:00,2.7153,2.7264,2.7001,2.7232,5663726.1
2025-10-15 19:00:00+00:00,2.7232,2.724,2.6858,2.6948,5245435.6
2025-10-15 20:00:00+00:00,2.6948,2.7105,2.6422,2.6823,15567531.9
2025-10-15 21:00:00+00:00,2.6823,2.7002,2.6569,2.6722,7297463.7
2025-10-15 22:00:00+00:00,2.6723,2.69,2.6519,2.6607,5558248.0
2025-10-15 23:00:00+00:00,2.6607,2.6861,2.6561,2.6788,4557852.8
2025-10-16 00:00:00+00:00,2.6788,2.6855,2.6632,2.6667,5078558.7
2025-10-16 01:00:00+00:00,2.6666,2.7032,2.6652,2.7003,5722731.8
2025-10-16 02:00:00+00:00,2.7004,2.7172,2.6823,2.7034,6099919.1
2025-10-16 03:00:00+00:00,2.7035,2.7079,2.6804,2.6831,4553041.8
2025-10-16 04:00:00+00:00,2.6832,2.7009,2.6656,2.6728,3807182.2
2025-10-16 05:00:00+00:00,2.6729,2.6929,2.6562,2.6717,5406333.0
2025-10-16 06:00:00+00:00,2.6718,2.706,2.6705,2.7001,4648557.3
2025-10-16 07:00:00+00:00,2.7002,2.7022,2.6631,2.6681,5437690.8
2025-10-16 08:00:00+00:00,2.6682,2.6723,2.6408,2.6524,6447377.6
2025-10-16 09:00:00+00:00,2.6524,2.6975,2.5576,2.6839,31602967.1
2025-10-16 10:00:00+00:00,2.6839,2.7214,2.6796,2.7098,11520872.9
2025-10-16 11:00:00+00:00,2.7097,2.7238,2.6902,2.7155,8451795.5
2025-10-16 12:00:00+00:00,2.7156,2.7411,2.7064,2.7078,9280083.1
2025-10-16 13:00:00+00:00,2.7078,2.7127,2.656,2.6651,14924070.7
2025-10-16 14:00:00+00:00,2.6652,2.6922,2.6225,2.6523,22462518.9
2025-10-16 15:00:00+00:00,2.6524,2.6662,2.5754,2.5893,26414289.7
2025-10-16 16:00:00+00:00,2.5894,2.6424,2.561,2.6409,27947771.1
2025-10-16 17:00:00+00:00,2.641,2.6449,2.6065,2.6159,13041908.3
2025-10-16 18:00:00+00:00,2.6158,2.6163,2.5694,2.5921,18308683.8
2025-10-16 19:00:00+00:00,2.5921,2.5967,2.5241,2.5489,20073995.0
2025-10-16 20:00:00+00:00,2.5489,2.5635,2.5068,2.5181,12318980.8
2025-10-16 21:00:00+00:00,2.518,2.5515,2.511,2.5494,9332622.3
2025-10-16 22:00:00+00:00,2.5495,2.5536,2.5022,2.5026,7392048.8
2025-10-16 23:00:00+00:00,2.5027,2.5299,2.496,2.5151,10164604.8
2025-10-17 00:00:00+00:00,2.5151,2.5285,2.5043,2.516,8786099.0
2025-10-17 01:00:00+00:00,2.516,2.5437,2.5013,2.515,10336394.4
2025-10-17 02:00:00+00:00,2.515,2.5183,2.4758,2.5037,12325424.4
2025-10-17 03:00:00+00:00,2.5037,2.5283,2.5036,2.528,5857497.9
2025-10-17 04:00:00+00:00,2.528,2.5346,2.5163,2.5307,6067225.6
2025-10-17 05:00:00+00:00,2.5308,2.5373,2.5006,2.5038,9632309.8
2025-10-17 06:00:00+00:00,2.5038,2.5132,2.4136,2.4235,28774119.6
2025-10-17 07:00:00+00:00,2.4235,2.4304,2.3568,2.3642,37299562.3
2025-10-17 08:00:00+00:00,2.3644,2.3701,2.3067,2.314,34804482.1
2025-10-17 09:00:00+00:00,2.3139,2.388,2.3072,2.3352,23110325.7
2025-10-17 10:00:00+00:00,2.3352,2.3507,2.2788,2.3274,36637453.6
2025-10-17 11:00:00+00:00,2.3275,2.4054,2.3253,2.391,29887422.3
2025-10-17 12:00:00+00:00,2.391,2.4186,2.3807,2.385,14678925.5
2025-10-17 13:00:00+00:00,2.385,2.4255,2.3641,2.405,24260034.0
2025-10-17 14:00:00+00:00,2.4049,2.4116,2.3457,2.3737,22194516.0
2025-10-17 15:00:00+00:00,2.3737,2.4339,2.3699,2.4316,14351488.7
2025-10-17 16:00:00+00:00,2.4316,2.4677,2.3961,2.4045,19433571.9
2025-10-17 17:00:00+00:00,2.4045,2.4233,2.39,2.416,9248767.9
2025-10-17 18:00:00+00:00,2.416,2.4422,2.413,2.4224,7031952.3
2025-10-17 19:00:00+00:00,2.4225,2.4334,2.4005,2.4218,7761806.1
2025-10-17 20:00:00+00:00,2.4216,2.4452,2.4104,2.4365,6884997.7
2025-10-17 21:00:00+00:00,2.4366,2.465,2.4345,2.4618,6784637.1
2025-10-17 22:00:00+00:00,2.4619,2.4678,2.435,2.4465,5788125.6
2025-10-17 23:00:00+00:00,2.4465,2.4504,2.4309,2.4359,3829132.3
2025-10-18 00:00:00+00:00,2.4358,2.4514,2.4304,2.4416,5222951.8
2025-10-18 01:00:00+00:00,2.4416,2.48,2.4415,2.478,5622080.9
2025-10-18 02:00:00+00:00,2.4781,2.4861,2.4385,2.4406,6358681.3
2025-10-18 03:00:00+00:00,2.4406,2.4611,2.4388,2.4567,4506251.4
2025-10-18 04:00:00+00:00,2.4566,2.4572,2.4213,2.4217,5049505.3
2025-10-18 05:00:00+00:00,2.4217,2.4394,2.4162,2.4385,5669695.3
2025-10-18 06:00:00+00:00,2.4386,2.4531,2.4253,2.4422,6655554.8
2025-10-18 07:00:00+00:00,2.4422,2.49,2.4355,2.4422,11938955.1
2025-10-18 08:00:00+00:00,2.4423,2.4552,2.4394,2.445,4691986.6
2025-10-18 09:00:00+00:00,2.445,2.4665,2.4375,2.4567,6193845.2
2025-10-18 10:00:00+00:00,2.4568,2.473,2.4474,2.4684,4910397.4
2025-10-18 11:00:00+00:00,2.4684,2.4871,2.4638,2.486,6483819.4
2025-10-18 12:00:00+00:00,2.4861,2.5018,2.4779,2.4911,6651510.5
2025-10-18 13:00:00+00:00,2.4911,2.4918,2.4498,2.4606,7824331.6
2025-10-18 14:00:00+00:00,2.4607,2.4897,2.445,2.4846,7066638.6
2025-10-18 15:00:00+00:00,2.4846,2.4936,2.4628,2.4725,5331064.9
2025-10-18 16:00:00+00:00,2.4726,2.4818,2.45,2.4682,6446112.6
2025-10-18 17:00:00+00:00,2.4682,2.5218,2.46,2.517,9091182.6
2025-10-18 18:00:00+00:00,2.5171,2.5239,2.4911,2.4934,6360374.0
2025-10-18 19:00:00+00:00,2.4933,2.5047,2.4873,2.4961,4718946.6
2025-10-18 20:00:00+00:00,2.496,2.5133,2.4939,2.4995,3475316.7
2025-10-18 21:00:00+00:00,2.4994,2.5076,2.4844,2.5042,2898210.2
2025-10-18 22:00:00+00:00,2.5042,2.5099,2.4963,2.5004,2046921.7
2025-10-18 23:00:00+00:00,2.5003,2.503,2.4937,2.4997,2353531.9
2025-10-19 00:00:00+00:00,2.4996,2.5003,2.4733,2.4837,5771239.9
2025-10-19 01:00:00+00:00,2.4836,2.4848,2.4716,2.4816,2996963.3
2025-10-19 02:00:00+00:00,2.4816,2.4855,2.4735,2.4781,3070801.1
2025-10-19 03:00:00+00:00,2.4781,2.5165,2.4734,2.5076,4808965.1
2025-10-19 04:00:00+00:00,2.5075,2.51,2.4887,2.4936,3187147.1
2025-10-19 05:00:00+00:00,2.4936,2.5104,2.4845,2.4888,3208345.2
2025-10-19 06:00:00+00:00,2.4889,2.4926,2.4703,2.4843,3394568.4
2025-10-19 07:00:00+00:00,2.4844,2.4979,2.4803,2.4852,4568373.4
2025-10-19 08:00:00+00:00,2.4853,2.5135,2.4532,2.4552,16724985.1
2025-10-19 09:00:00+00:00,2.4553,2.518,2.4405,2.4968,19484676.2
2025-10-19 10:00:00+00:00,2.4968,2.655,2.4841,2.5947,40802475.2
2025-10-19 11:00:00+00:00,2.5946,2.6471,2.5919,2.6121,18302221.6
2025-10-19 12:00:00+00:00,2.6121,2.6181,2.5839,2.5954,8677743.8
2025-10-19 13:00:00+00:00,2.5951,2.6442,2.5799,2.6368,9132441.7
2025-10-19 14:00:00+00:00,2.6368,2.6584,2.6191,2.6343,12587774.6
2025-10-19 15:00:00+00:00,2.6342,2.6392,2.6107,2.6252,6894321.0
2025-10-19 16:00:00+00:00,2.6252,2.6337,2.6043,2.6202,5640623.2
2025-10-19 17:00:00+00:00,2.6202,2.6415,2.6144,2.6175,7470014.8
2025-10-19 18:00:00+00:00,2.6176,2.6239,2.6071,2.6173,4382462.7
2025-10-19 19:00:00+00:00,2.6173,2.6179,2.5966,2.6038,3641433.4
2025-10-19 20:00:00+00:00,2.6037,2.613,2.5959,2.6118,3113494.0
2025-10-19 21:00:00+00:00,2.6118,2.6131,2.5852,2.6037,3219015.4
2025-10-19 22:00:00+00:00,2.6038,2.6178,2.6009,2.6103,3922491.8
2025-10-19 23:00:00+00:00,2.6103,2.6105,2.5723,2.5807,5016238.4
2025-10-20 00:00:00+00:00,2.5806,2.5806,2.52,2.5551,12044959.4
2025-10-20 01:00:00+00:00,2.5551,2.5684,2.5462,2.5536,6039204.6
2025-10-20 02:00:00+00:00,2.5535,2.5731,2.5376,2.5645,6263525.8
2025-10-20 03:00:00+00:00,2.5645,2.6336,2.5555,2.6252,9892234.9
2025-10-20 04:00:00+00:00,2.6253,2.6388,2.6127,2.6359,10228681.3
2025-10-20 05:00:00+00:00,2.636,2.668,2.6242,2.6627,9521458.5
2025-10-20 06:00:00+00:00,2.6628,2.6784,2.6513,2.6688,10245066.5
2025-10-20 07:00:00+00:00,2.6688,2.6729,2.6396,2.6465,10087823.0
2025-10-20 08:00:00+00:00,2.6465,2.6651,2.6301,2.6442,10082556.9
2025-10-20 09:00:00+00:00,2.6442,2.6442,2.6256,2.632,7413275.1
2025-10-20 10:00:00+00:00,2.632,2.6394,2.6107,2.6153,7936190.6
2025-10-20 11:00:00+00:00,2.6153,2.6194,2.6034,2.6185,5609956.9
2025-10-20 12:00:00+00:00,2.6185,2.6295,2.61,2.6262,5373821.9
2025-10-20 13:00:00+00:00,2.6263,2.641,2.6093,2.6362,6593645.8
2025-10-20 14:00:00+00:00,2.6363,2.6389,2.6011,2.6193,6848453.5
2025-10-20 15:00:00+00:00,2.6194,2.6349,2.5953,2.5967,7918624.5
2025-10-20 16:00:00+00:00,2.5968,2.597,2.5491,2.5636,19183084.4
2025-10-20 17:00:00+00:00,2.5635,2.5822,2.5449,2.567,8311935.8
2025-10-20 18:00:00+00:00,2.567,2.5832,2.5532,2.5815,5107471.2
2025-10-20 19:00:00+00:00,2.5814,2.602,2.5698,2.5874,4830078.6
2025-10-20 20:00:00+00:00,2.5875,2.5938,2.5758,2.5918,3579306.2
2025-10-20 21:00:00+00:00,2.5918,2.6033,2.5691,2.573,3417952.9
2025-10-20 22:00:00+00:00,2.573,2.5927,2.5636,2.5861,3889241.7
2025-10-20 23:00:00+00:00,2.5862,2.5868,2.5707,2.5734,3057642.0
2025-10-21 00:00:00+00:00,2.5735,2.5753,2.5602,2.5647,3952457.7
2025-10-21 01:00:00+00:00,2.5648,2.5683,2.5357,2.5462,6773092.2
2025-10-21 02:00:00+00:00,2.5462,2.5492,2.5269,2.539,8816235.9
2025-10-21 03:00:00+00:00,2.539,2.5448,2.5222,2.5278,4909646.0
2025-10-21 04:00:00+00:00,2.5277,2.5279,2.4737,2.4807,17867254.3
2025-10-21 05:00:00+00:00,2.4807,2.4998,2.4725,2.479,11598884.9
2025-10-21 06:00:00+00:00,2.4791,2.4983,2.4706,2.4941,6124418.2
2025-10-21 07:00:00+00:00,2.4941,2.5089,2.4849,2.503,5017667.0
2025-10-21 08:00:00+00:00,2.503,2.5031,2.4679,2.4813,7622288.2
2025-10-21 09:00:00+00:00,2.4813,2.4871,2.4747,2.4807,3601181.2
2025-10-21 10:00:00+00:00,2.4808,2.504,2.4734,2.4916,6904609.0
2025-10-21 11:00:00+00:00,2.4916,2.5007,2.4817,2.4961,4977114.2
2025-10-21 12:00:00+00:00,2.4962,2.5277,2.4911,2.5059,10045181.4
2025-10-21 13:00:00+00:00,2.5058,2.5168,2.4842,2.4974,10986166.9
2025-10-21 14:00:00+00:00,2.4974,2.6491,2.4971,2.645,25082522.1
2025-10-21 15:00:00+00:00,2.645,2.679,2.6265,2.6666,25036515.4
2025-10-21 16:00:00+00:00,2.6665,2.6842,2.611,2.6215,17946344.6
2025-10-21 17:00:00+00:00,2.6216,2.6448,2.5843,2.6115,21767872.6
2025-10-21 18:00:00+00:00,2.6115,2.6229,2.5963,2.6133,8704836.3
2025-10-21 19:00:00+00:00,2.6132,2.6217,2.5911,2.5967,6290234.0
2025-10-21 20:00:00+00:00,2.5967,2.6025,2.5558,2.5675,10486299.8
2025-10-21 21:00:00+00:00,2.5675,2.5808,2.5303,2.5684,7420098.2
2025-10-21 22:00:00+00:00,2.5683,2.5703,2.5076,2.5189,13498322.9
2025-10-21 23:00:00+00:00,2.5189,2.5256,2.4776,2.4874,10924386.4
2025-10-22 00:00:00+00:00,2.4873,2.5,2.4633,2.477,13074679.4
2025-10-22 01:00:00+00:00,2.477,2.4992,2.4741,2.4863,7385933.3
2025-10-22 02:00:00+00:00,2.4864,2.4953,2.4793,2.4842,5043770.8
2025-10-22 03:00:00+00:00,2.4843,2.4845,2.4571,2.471,7092260.8
2025-10-22 04:00:00+00:00,2.471,2.4882,2.4684,2.4864,6742083.4
2025-10-22 05:00:00+00:00,2.4865,2.4865,2.3151,2.4165,38395201.9
2025-10-22 06:00:00+00:00,2.4165,2.4261,2.4067,2.4149,7425800.4
2025-10-22 07:00:00+00:00,2.4149,2.4197,2.4012,2.4132,8556900.7
2025-10-22 08:00:00+00:00,2.4131,2.4131,2.3901,2.404,7976580.2
2025-10-22 09:00:00+00:00,2.4041,2.4115,2.3886,2.3966,7625378.3
2025-10-22 10:00:00+00:00,2.3967,2.4129,2.3914,2.3935,6475048.2
2025-10-22 11:00:00+00:00,2.3935,2.4404,2.3724,2.4208,21172497.8
2025-10-22 12:00:00+00:00,2.4209,2.4427,2.4134,2.4275,7952561.3
2025-10-22 13:00:00+00:00,2.4276,2.4562,2.4154,2.452,12675726.2
2025-10-22 14:00:00+00:00,2.4519,2.4599,2.3946,2.4599,29538480.7
2025-10-22 15:00:00+00:00,2.4599,2.4734,2.4184,2.4425,12541442.5
2025-10-22 16:00:00+00:00,2.4424,2.4572,2.4238,2.4389,12939881.9
2025-10-22 17:00:00+00:00,2.439,2.4461,2.4092,2.4175,7221966.1
2025-10-22 18:00:00+00:00,2.4174,2.4311,2.4018,2.4161,7805623.7
2025-10-22 19:00:00+00:00,2.416,2.4478,2.4004,2.4248,9436946.0
2025-10-22 20:00:00+00:00,2.425,2.4336,2.4029,2.4058,7066724.7
2025-10-22 21:00:00+00:00,2.4057,2.406,2.3375,2.3601,21318248.1
2025-10-22 22:00:00+00:00,2.36,2.3733,2.3479,2.3596,8165596.9
2025-10-22 23:00:00+00:00,2.3595,2.3944,2.358,2.3811,10458533.7
2025-10-23 00:00:00+00:00,2.3811,2.3938,2.3708,2.3888,5363195.6
2025-10-23 01:00:00+00:00,2.3887,2.4089,2.387,2.3994,5474490.5
2025-10-23 02:00:00+00:00,2.3995,2.4048,2.391,2.399,4828997.0
2025-10-23 03:00:00+00:00,2.399,2.4133,2.3972,2.4018,3446655.0
2025-10-23 04:00:00+00:00,2.4018,2.427,2.3946,2.4167,4692355.7
2025-10-23 05:00:00+00:00,2.4168,2.4362,2.4161,2.435,3761888.8
2025-10-23 06:00:00+00:00,2.4351,2.4708,2.428,2.4691,10058450.7
2025-10-23 07:00:00+00:00,2.4692,2.4713,2.4429,2.4499,6051872.7
2025-10-23 08:00:00+00:00,2.4499,2.4673,2.4473,2.4601,4981953.5
2025-10-23 09:00:00+00:00,2.4601,2.462,2.4507,2.4599,3516928.0
2025-10-23 10:00:00+00:00,2.4599,2.4742,2.4535,2.457,4947021.1
2025-10-23 11:00:00+00:00,2.457,2.464,2.4359,2.4421,5470705.6
2025-10-23 12:00:00+00:00,2.442,2.4464,2.4215,2.446,7663700.1
2025-10-23 13:00:00+00:00,2.4461,2.4793,2.4331,2.4549,10508185.1
2025-10-23 14:00:00+00:00,2.455,2.4568,2.4229,2.4488,7864767.3
2025-10-23 15:00:00+00:00,2.4489,2.4774,2.4416,2.4576,10223115.7
2025-10-23 16:00:00+00:00,2.4577,2.4856,2.4495,2.4837,6196378.6
2025-10-23 17:00:00+00:00,2.4837,2.5037,2.4569,2.4922,9654562.4
2025-10-23 18:00:00+00:00,2.4923,2.4944,2.4596,2.4652,6209446.1
2025-10-23 19:00:00+00:00,2.4653,2.4689,2.4481,2.462,4381586.8
2025-10-23 20:00:00+00:00,2.4619,2.4622,2.4044,2.4205,10110292.6
2025-10-23 21:00:00+00:00,2.4205,2.4301,2.415,2.4166,4878663.5
2025-10-23 22:00:00+00:00,2.4165,2.4314,2.4131,2.4247,4838149.5
2025-10-23 23:00:00+00:00,2.4247,2.4303,2.4192,2.4284,3066268.3
2025-10-24 00:00:00+00:00,2.4283,2.4381,2.405,2.4284,8412954.3
2025-10-24 01:00:00+00:00,2.4285,2.4337,2.4089,2.4212,4887638.4
2025-10-24 02:00:00+00:00,2.4211,2.4211,2.3989,2.4127,5223409.0
2025-10-24 03:00:00+00:00,2.4128,2.4136,2.4001,2.4117,4523174.0
2025-10-24 04:00:00+00:00,2.4117,2.4776,2.406,2.4666,11154704.5
2025-10-24 05:00:00+00:00,2.4666,2.489,2.4613,2.4771,8632379.0
2025-10-24 06:00:00+00:00,2.4771,2.4851,2.4703,2.4771,4966953.4
2025-10-24 07:00:00+00:00,2.4772,2.4829,2.4485,2.46,7995930.9
2025-10-24 08:00:00+00:00,2.46,2.4813,2.4453,2.4724,7080628.8
2025-10-24 09:00:00+00:00,2.4724,2.49,2.4676,2.4785,5728367.8
2025-10-24 10:00:00+00:00,2.4785,2.479,2.4653,2.468,3414249.9
2025-10-24 11:00:00+00:00,2.4681,2.4797,2.4474,2.4795,5659413.8
2025-10-24 12:00:00+00:00,2.4795,2.5346,2.4735,2.5008,15983727.1
2025-10-24 13:00:00+00:00,2.5009,2.508,2.465,2.4977,13490964.0
2025-10-24 14:00:00+00:00,2.4976,2.4976,2.44,2.4577,14485207.7
2025-10-24 15:00:00+00:00,2.4578,2.4872,2.4512,2.4672,11713438.2
2025-10-24 16:00:00+00:00,2.4672,2.4696,2.4453,2.4618,6110102.6
2025-10-24 17:00:00+00:00,2.4618,2.4837,2.4599,2.4735,4983913.7
2025-10-24 18:00:00+00:00,2.4736,2.5132,2.4706,2.5132,5427653.6
2025-10-24 19:00:00+00:00,2.5131,2.5275,2.5085,2.5097,7266758.3
2025-10-24 20:00:00+00:00,2.5097,2.5221,2.506,2.5163,4227935.8
2025-10-24 21:00:00+00:00,2.5164,2.5193,2.5052,2.5173,4235512.5
2025-10-24 22:00:00+00:00,2.5173,2.5214,2.5081,2.5142,4026875.9
2025-10-24 23:00:00+00:00,2.5142,2.5246,2.5108,2.5224,2965561.9
2025-10-25 00:00:00+00:00,2.5224,2.5248,2.5115,2.517,5048667.3
2025-10-25 01:00:00+00:00,2.517,2.5376,2.5122,2.5227,6353827.7
2025-10-25 02:00:00+00:00,2.5226,2.5368,2.5165,2.532,3183496.8
2025-10-25 03:00:00+00:00,2.5319,2.536,2.5187,2.5188,3490374.1
2025-10-25 04:00:00+00:00,2.5188,2.5382,2.518,2.5262,4730342.5
2025-10-25 05:00:00+00:00,2.5263,2.5307,2.513,2.5173,3973414.3
2025-10-25 06:00:00+00:00,2.5173,2.5219,2.4924,2.4977,5591324.2
2025-10-25 07:00:00+00:00,2.4977,2.5129,2.4834,2.4928,9382978.4
2025-10-25 08:00:00+00:00,2.4928,2.4994,2.4861,2.4984,5911478.9
2025-10-25 09:00:00+00:00,2.4983,2.4997,2.4764,2.4801,6133607.0
2025-10-25 10:00:00+00:00,2.4801,2.482,2.4651,2.4694,5249500.4
2025-10-25 11:00:00+00:00,2.4694,2.4847,2.466,2.4826,5317017.6
2025-10-25 12:00:00+00:00,2.4826,2.508,2.4806,2.5029,6185404.3
2025-10-25 13:00:00+00:00,2.503,2.5055,2.4927,2.5046,5466129.5
2025-10-25 14:00:00+00:00,2.5045,2.5253,2.5013,2.5233,6430583.7
2025-10-25 15:00:00+00:00,2.5233,2.5241,2.51,2.517,5051744.4
2025-10-25 16:00:00+00:00,2.5169,2.5218,2.5098,2.5202,4164462.5
2025-10-25 17:00:00+00:00,2.5202,2.5306,2.5171,2.5285,3694239.3
2025-10-25 18:00:00+00:00,2.5286,2.5641,2.5268,2.5545,6394840.4
2025-10-25 19:00:00+00:00,2.5544,2.5557,2.5416,2.5509,3409753.5
2025-10-25 20:00:00+00:00,2.551,2.556,2.5398,2.5413,3354201.6
2025-10-25 21:00:00+00:00,2.5413,2.5461,2.5278,2.5345,3331250.3
2025-10-25 22:00:00+00:00,2.5345,2.547,2.5259,2.5419,3090050.9
2025-10-25 23:00:00+00:00,2.5419,2.5449,2.5287,2.5325,2520431.0
2025-10-26 00:00:00+00:00,2.5325,2.5377,2.5198,2.5254,5269386.3
2025-10-26 01:00:00+00:00,2.5254,2.5285,2.503,2.5073,5982240.6
2025-10-26 02:00:00+00:00,2.5073,2.5113,2.495,2.5015,5968654.4
2025-10-26 03:00:00+00:00,2.5015,2.5097,2.4964,2.5067,4572836.5
2025-10-26 04:00:00+00:00,2.5067,2.5241,2.5041,2.5239,3678513.1
2025-10-26 05:00:00+00:00,2.524,2.5353,2.5184,2.534,2714264.7
2025-10-26 06:00:00+00:00,2.5341,2.5353,2.5219,2.5278,3346269.2
2025-10-26 07:00:00+00:00,2.5279,2.538,2.5248,2.535,2693614.9
2025-10-26 08:00:00+00:00,2.5351,2.5474,2.5349,2.5432,3581095.8
2025-10-26 09:00:00+00:00,2.5433,2.5825,2.5365,2.5717,11189169.5
2025-10-26 10:00:00+00:00,2.5717,2.5741,2.5512,2.5584,4940589.9
2025-10-26 11:00:00+00:00,2.5585,2.6092,2.5493,2.6012,10339437.3
2025-10-26 12:00:00+00:00,2.6012,2.62,2.5964,2.6179,10561222.7
2025-10-26 13:00:00+00:00,2.618,2.6591,2.6131,2.646,12783403.2
2025-10-26 14:00:00+00:00,2.646,2.6468,2.623,2.6372,7699029.3
2025-10-26 15:00:00+00:00,2.6372,2.6464,2.6265,2.639,5092656.7
2025-10-26 16:00:00+00:00,2.6391,2.6425,2.6156,2.6222,5723444.4
2025-10-26 17:00:00+00:00,2.6221,2.6312,2.6177,2.627,2938665.1
2025-10-26 18:00:00+00:00,2.627,2.6413,2.627,2.6363,3074389.8
2025-10-26 19:00:00+00:00,2.6363,2.6368,2.6274,2.631,2402020.7
2025-10-26 20:00:00+00:00,2.6309,2.6309,2.61,2.6161,3740574.4
2025-10-26 21:00:00+00:00,2.6161,2.6311,2.6044,2.6298,3780783.6
2025-10-26 22:00:00+00:00,2.6299,2.6816,2.6299,2.6707,15465545.8
2025-10-26 23:00:00+00:00,2.6707,2.6823,2.664,2.6747,5681714.1
2025-10-27 00:00:00+00:00,2.6746,2.7025,2.6611,2.6906,11602285.1
2025-10-27 01:00:00+00:00,2.6906,2.7033,2.6721,2.6998,7615173.8
2025-10-27 02:00:00+00:00,2.6999,2.7042,2.6797,2.681,6482813.0
2025-10-27 03:00:00+00:00,2.681,2.6863,2.661,2.6682,5567633.1
2025-10-27 04:00:00+00:00,2.6683,2.7139,2.6577,2.7119,10691450.2
2025-10-27 05:00:00+00:00,2.712,2.7199,2.6866,2.6873,7233947.9
2025-10-27 06:00:00+00:00,2.6874,2.6882,2.6682,2.6798,7858617.7
2025-10-27 07:00:00+00:00,2.6798,2.6835,2.637,2.6553,10856273.1
2025-10-27 08:00:00+00:00,2.6553,2.6623,2.6333,2.636,7393019.1
2025-10-27 09:00:00+00:00,2.636,2.6383,2.6152,2.6243,9012346.3
2025-10-27 10:00:00+00:00,2.6243,2.6374,2.6196,2.6255,5315712.1
2025-10-27 11:00:00+00:00,2.6256,2.638,2.6058,2.6341,9104332.9
2025-10-27 12:00:00+00:00,2.6341,2.6355,2.606,2.6072,6398518.4
2025-10-27 13:00:00+00:00,2.6071,2.6206,2.5746,2.611,14180661.9
2025-10-27 14:00:00+00:00,2.6111,2.6149,2.5827,2.5955,12152484.2
2025-10-27 15:00:00+00:00,2.5955,2.6248,2.5944,2.6213,9226664.1
2025-10-27 16:00:00+00:00,2.6214,2.6602,2.6214,2.6544,9502596.7
2025-10-27 17:00:00+00:00,2.6544,2.6764,2.6457,2.6706,7583218.9
2025-10-27 18:00:00+00:00,2.6706,2.6845,2.6567,2.6589,6944995.4
2025-10-27 19:00:00+00:00,2.6589,2.6608,2.6326,2.6371,7344128.5
2025-10-27 20:00:00+00:00,2.6371,2.6379,2.613,2.6176,8009048.3
2025-10-27 21:00:00+00:00,2.6176,2.6355,2.6104,2.6213,6254201.0
2025-10-27 22:00:00+00:00,2.6213,2.6361,2.6,2.604,6426331.4
2025-10-27 23:00:00+00:00,2.604,2.6117,2.5858,2.6095,5240465.1
2025-10-28 00:00:00+00:00,2.6096,2.6193,2.596,2.61,6017681.5
2025-10-28 01:00:00+00:00,2.61,2.6323,2.61,2.6251,4675003.2
2025-10-28 02:00:00+00:00,2.6251,2.6266,2.5836,2.5997,7437978.2
2025-10-28 03:00:00+00:00,2.5996,2.6116,2.5861,2.5981,5763037.1
2025-10-28 04:00:00+00:00,2.5981,2.6104,2.588,2.6032,3806657.3
2025-10-28 05:00:00+00:00,2.6032,2.6088,2.5475,2.5666,12829192.1
2025-10-28 06:00:00+00:00,2.5667,2.6324,2.5661,2.6306,10425248.3
2025-10-28 07:00:00+00:00,2.6307,2.6418,2.6062,2.6065,8575703.4
2025-10-28 08:00:00+00:00,2.6066,2.6363,2.6063,2.6329,5493974.2
2025-10-28 09:00:00+00:00,2.6329,2.6407,2.6101,2.6298,5881682.7
2025-10-28 10:00:00+00:00,2.6299,2.6313,2.6164,2.626,3840606.0
2025-10-28 11:00:00+00:00,2.6261,2.6383,2.6073,2.6109,5148874.1
2025-10-28 12:00:00+00:00,2.6109,2.6378,2.6023,2.6291,6588017.1
2025-10-28 13:00:00+00:00,2.6292,2.6518,2.6285,2.6429,10805319.2
2025-10-28 14:00:00+00:00,2.643,2.6568,2.557,2.6101,23607906.7
2025-10-28 15:00:00+00:00,2.6102,2.6161,2.5772,2.5939,11734817.6
2025-10-28 16:00:00+00:00,2.5939,2.618,2.5808,2.6069,7950191.6
2025-10-28 17:00:00+00:00,2.607,2.6175,2.5972,2.6084,5214053.3
2025-10-28 18:00:00+00:00,2.6085,2.611,2.5801,2.587,6051895.1
2025-10-28 19:00:00+00:00,2.5871,2.5953,2.526,2.5416,14522538.2
2025-10-28 20:00:00+00:00,2.5415,2.5418,2.4862,2.4958,27176656.4
2025-10-28 21:00:00+00:00,2.4958,2.5082,2.4553,2.4942,15468485.1
2025-10-28 22:00:00+00:00,2.4942,2.515,2.4863,2.5076,5543270.5
2025-10-28 23:00:00+00:00,2.5076,2.5112,2.4973,2.5038,3865957.4
2025-10-29 00:00:00+00:00,2.5039,2.5069,2.494,2.4961,4456880.9
2025-10-29 01:00:00+00:00,2.496,2.5139,2.4909,2.5046,5453929.4
2025-10-29 02:00:00+00:00,2.5046,2.5104,2.4989,2.5043,3572255.2
2025-10-29 03:00:00+00:00,2.5043,2.5048,2.4887,2.4971,6179651.5
2025-10-29 04:00:00+00:00,2.4971,2.5054,2.4932,2.4949,3294662.0
2025-10-29 05:00:00+00:00,2.4949,2.5104,2.4902,2.4946,5836045.0
2025-10-29 06:00:00+00:00,2.4946,2.5046,2.4903,2.4994,5367098.2
2025-10-29 07:00:00+00:00,2.4995,2.5076,2.4908,2.5023,4832693.7
2025-10-29 08:00:00+00:00,2.5024,2.504,2.478,2.4824,7110665.7
2025-10-29 09:00:00+00:00,2.4823,2.4972,2.4774,2.4905,4267766.0
2025-10-29 10:00:00+00:00,2.4905,2.5252,2.4883,2.5102,9869589.8
2025-10-29 11:00:00+00:00,2.5103,2.5387,2.5075,2.5331,6613799.0
2025-10-29 12:00:00+00:00,2.5331,2.5514,2.5321,2.5435,4339895.2
2025-10-29 13:00:00+00:00,2.5435,2.5568,2.5252,2.5308,8511810.7
2025-10-29 14:00:00+00:00,2.5307,2.5335,2.5054,2.5185,9665696.6
2025-10-29 15:00:00+00:00,2.5186,2.5296,2.482,2.4931,12494980.6
2025-10-29 16:00:00+00:00,2.4932,2.5104,2.4817,2.5009,7831192.2
2025-10-29 17:00:00+00:00,2.5008,2.5698,2.4992,2.5695,8496895.8
2025-10-29 18:00:00+00:00,2.5694,2.58,2.3952,2.529,55398806.6
2025-10-29 19:00:00+00:00,2.529,2.5683,2.5139,2.5482,19674575.8
2025-10-29 20:00:00+00:00,2.5483,2.5916,2.5279,2.5843,11189583.4
2025-10-29 21:00:00+00:00,2.5843,2.5876,2.5659,2.5711,4442997.1
2025-10-29 22:00:00+00:00,2.5711,2.5719,2.5484,2.5532,4893896.6
2025-10-29 23:00:00+00:00,2.5531,2.5541,2.4932,2.5106,10264429.8
2025-10-30 00:00:00+00:00,2.5105,2.5173,2.4821,2.5136,7832712.3
2025-10-30 01:00:00+00:00,2.5136,2.5137,2.4934,2.4994,5371731.5
2025-10-30 02:00:00+00:00,2.4994,2.5391,2.4944,2.5389,5046773.0
2025-10-30 03:00:00+00:00,2.5389,2.5396,2.5044,2.5147,4549263.1
2025-10-30 04:00:00+00:00,2.5147,2.5151,2.4028,2.4313,27809733.4
2025-10-30 05:00:00+00:00,2.4314,2.497,2.4232,2.4891,10179849.2
2025-10-30 06:00:00+00:00,2.4891,2.4979,2.4701,2.4848,6950268.6
2025-10-30 07:00:00+00:00,2.4847,2.5222,2.4767,2.51,7684242.1
2025-10-30 08:00:00+00:00,2.51,2.5115,2.487,2.4919,8515270.7
2025-10-30 09:00:00+00:00,2.4918,2.4953,2.452,2.4526,7063449.8
2025-10-30 10:00:00+00:00,2.4525,2.4567,2.4326,2.4355,6895552.9
2025-10-30 11:00:00+00:00,2.4355,2.447,2.4281,2.4302,7677052.7
2025-10-30 12:00:00+00:00,2.4302,2.4335,2.363,2.3807,21552671.5
2025-10-30 13:00:00+00:00,2.3808,2.3914,2.327,2.3399,19864570.2
2025-10-30 14:00:00+00:00,2.34,2.3524,2.3122,2.3203,18326552.8
2025-10-30 15:00:00+00:00,2.3203,2.3257,2.2798,2.2859,18310298.1
2025-10-30 16:00:00+00:00,2.2859,2.3014,2.2645,2.2965,13871900.6
2025-10-30 17:00:00+00:00,2.2965,2.2968,2.2343,2.2686,21128698.0
2025-10-30 18:00:00+00:00,2.2686,2.2696,2.23,2.2342,8822142.0
2025-10-30 19:00:00+00:00,2.2342,2.239,2.2073,2.2136,13704513.3
2025-10-30 20:00:00+00:00,2.2136,2.2579,2.2063,2.2563,16637820.1
2025-10-30 21:00:00+00:00,2.2564,2.2713,2.2412,2.2691,8725495.1
2025-10-30 22:00:00+00:00,2.2692,2.2772,2.2648,2.2771,6708066.8
2025-10-30 23:00:00+00:00,2.2772,2.2929,2.2653,2.2894,9550925.9
2025-10-31 00:00:00+00:00,2.2895,2.3298,2.2847,2.3241,11100966.4
2025-10-31 01:00:00+00:00,2.3241,2.3448,2.3185,2.3292,10548162.8
2025-10-31 02:00:00+00:00,2.3292,2.3315,2.2978,2.3093,9179547.9
2025-10-31 03:00:00+00:00,2.3094,2.3336,2.3046,2.3297,6352265.9
2025-10-31 04:00:00+00:00,2.3297,2.3564,2.3268,2.3514,8811007.8
2025-10-31 05:00:00+00:00,2.3513,2.3513,2.3294,2.3389,5260052.3
2025-10-31 06:00:00+00:00,2.339,2.3509,2.3354,2.3498,6666380.4
2025-10-31 07:00:00+00:00,2.3498,2.3577,2.333,2.3372,6564753.9
2025-10-31 08:00:00+00:00,2.3372,2.3465,2.3224,2.3455,5923488.5
2025-10-31 09:00:00+00:00,2.3455,2.3543,2.3411,2.3485,4296935.1
2025-10-31 10:00:00+00:00,2.3485,2.3748,2.3465,2.3505,11078823.3
2025-10-31 11:00:00+00:00,2.3505,2.3758,2.3415,2.3723,6848759.9
2025-10-31 12:00:00+00:00,2.3723,2.3905,2.3551,2.3567,10422010.2
2025-10-31 13:00:00+00:00,2.3567,2.3843,2.3455,2.3842,8682394.4
2025-10-31 14:00:00+00:00,2.3843,2.3988,2.3602,2.3905,11335493.6
2025-10-31 15:00:00+00:00,2.3904,2.3994,2.366,2.3702,10797283.9
2025-10-31 16:00:00+00:00,2.3703,2.3747,2.3064,2.3107,15132490.1
2025-10-31 17:00:00+00:00,2.3107,2.332,2.2977,2.3228,12147224.1
2025-10-31 18:00:00+00:00,2.3229,2.3521,2.314,2.3403,9179640.4
2025-10-31 19:00:00+00:00,2.3403,2.3957,2.3252,2.3883,10981944.9
2025-10-31 20:00:00+00:00,2.3882,2.3882,2.358,2.3603,6082159.3
2025-10-31 21:00:00+00:00,2.3602,2.3638,2.3503,2.358,4777434.3
2025-10-31 22:00:00+00:00,2.3581,2.3715,2.3547,2.3655,3941431.6
2025-10-31 23:00:00+00:00,2.3655,2.3718,2.3612,2.3626,2224921.2
2025-11-01 00:00:00+00:00,2.3626,2.3637,2.3424,2.355,5368893.9
2025-11-01 01:00:00+00:00,2.355,2.3631,2.3391,2.3398,3378222.8
2025-11-01 02:00:00+00:00,2.3398,2.3598,2.3307,2.3591,4263501.1
2025-11-01 03:00:00+00:00,2.3591,2.3834,2.3577,2.3784,4331503.2
2025-11-01 04:00:00+00:00,2.3784,2.3851,2.3626,2.3661,3151278.5
2025-11-01 05:00:00+00:00,2.3661,2.3678,2.3533,2.3561,3034903.8
2025-11-01 06:00:00+00:00,2.356,2.3654,2.3474,2.3591,3567762.3
2025-11-01 07:00:00+00:00,2.3592,2.3887,2.3555,2.3795,6904041.3
2025-11-01 08:00:00+00:00,2.3794,2.3936,2.3746,2.3927,6764355.9
2025-11-01 09:00:00+00:00,2.3926,2.3956,2.3707,2.3734,4592095.8
2025-11-01 10:00:00+00:00,2.3734,2.3858,2.3717,2.377,2837293.2
2025-11-01 11:00:00+00:00,2.377,2.3841,2.373,2.3799,2815138.2
2025-11-01 12:00:00+00:00,2.38,2.3876,2.374,2.3749,2508669.8
2025-11-01 13:00:00+00:00,2.375,2.3843,2.3571,2.3708,7511080.2
2025-11-01 14:00:00+00:00,2.3708,2.3758,2.3415,2.3557,9709561.0
2025-11-01 15:00:00+00:00,2.3558,2.3809,2.3523,2.3745,11228039.9
2025-11-01 16:00:00+00:00,2.3746,2.3947,2.3692,2.3838,6461858.3
2025-11-01 17:00:00+00:00,2.3837,2.3872,2.3717,2.3773,4190846.2
2025-11-01 18:00:00+00:00,2.3773,2.3863,2.3729,2.385,2752712.9
2025-11-01 19:00:00+00:00,2.3849,2.3849,2.3744,2.3846,1815007.8
2025-11-01 20:00:00+00:00,2.3847,2.4025,2.3827,2.3893,4129561.8
2025-11-01 21:00:00+00:00,2.3893,2.3917,2.3619,2.3625,3149668.6
2025-11-01 22:00:00+00:00,2.3625,2.376,2.3601,2.3739,2878995.6
2025-11-01 23:00:00+00:00,2.3738,2.3809,2.3693,2.3782,2291075.7
2025-11-02 00:00:00+00:00,2.3783,2.3787,2.36,2.362,3279382.8
2025-11-02 01:00:00+00:00,2.362,2.3673,2.354,2.3607,4246616.8
2025-11-02 02:00:00+00:00,2.3607,2.3764,2.3571,2.3626,5307126.4
2025-11-02 03:00:00+00:00,2.3627,2.3635,2.3462,2.3534,4586166.1
2025-11-02 04:00:00+00:00,2.3534,2.3801,2.3496,2.377,6947943.4
2025-11-02 05:00:00+00:00,2.377,2.3787,2.354,2.3661,6565092.0
2025-11-02 06:00:00+00:00,2.3662,2.3768,2.3567,2.3735,4219433.9
2025-11-02 07:00:00+00:00,2.3735,2.3948,2.3676,2.3914,4333507.1
2025-11-02 08:00:00+00:00,2.3915,2.395,2.3668,2.3709,4265334.7
2025-11-02 09:00:00+00:00,2.3708,2.3836,2.3486,2.3525,7129081.4
2025-11-02 10:00:00+00:00,2.3526,2.3616,2.3322,2.348,9512688.9
2025-11-02 11:00:00+00:00,2.348,2.3739,2.3401,2.3713,7695944.8
2025-11-02 12:00:00+00:00,2.3712,2.3722,2.352,2.3562,3685937.1
2025-11-02 13:00:00+00:00,2.3563,2.3576,2.325,2.342,8139558.9
2025-11-02 14:00:00+00:00,2.3419,2.346,2.3009,2.3157,10237854.5
2025-11-02 15:00:00+00:00,2.3157,2.3363,2.3069,2.3133,6240997.7
2025-11-02 16:00:00+00:00,2.3133,2.3235,2.2819,2.3227,10831258.1
2025-11-02 17:00:00+00:00,2.3228,2.3266,2.3095,2.3203,3739437.5
2025-11-02 18:00:00+00:00,2.3204,2.3209,2.3087,2.3146,2401725.4
2025-11-02 19:00:00+00:00,2.3146,2.3176,2.2935,2.3059,4543676.1
2025-11-02 20:00:00+00:00,2.3058,2.3126,2.294,2.311,2721935.9
2025-11-02 21:00:00+00:00,2.3111,2.3284,2.3096,2.3218,3257099.8
2025-11-02 22:00:00+00:00,2.3218,2.3301,2.3049,2.3173,3056548.3
2025-11-02 23:00:00+00:00,2.3174,2.36,2.3173,2.3528,10419743.7
2025-11-03 00:00:00+00:00,2.3529,2.3615,2.3151,2.3167,6959427.8
2025-11-03 01:00:00+00:00,2.3166,2.3232,2.2882,2.3001,8221074.0
2025-11-03 02:00:00+00:00,2.3001,2.3032,2.2578,2.2731,14918271.0
2025-11-03 03:00:00+00:00,2.273,2.277,2.2,2.2074,21573703.2
2025-11-03 04:00:00+00:00,2.2074,2.2196,2.1917,2.219,14437021.5
2025-11-03 05:00:00+00:00,2.219,2.2289,2.1921,2.1938,9296742.0
2025-11-03 06:00:00+00:00,2.1938,2.1996,2.154,2.1751,21607295.0
2025-11-03 07:00:00+00:00,2.1751,2.2027,2.1662,2.193,9164133.9
2025-11-03 08:00:00+00:00,2.193,2.2137,2.1829,2.2064,8681686.0
2025-11-03 09:00:00+00:00,2.2063,2.2255,2.1737,2.1769,9737637.0
2025-11-03 10:00:00+00:00,2.177,2.1867,2.1513,2.1615,8270525.2
2025-11-03 11:00:00+00:00,2.1615,2.1941,2.1609,2.1765,8837184.2
2025-11-03 12:00:00+00:00,2.1765,2.1914,2.1706,2.1733,6300187.4
2025-11-03 13:00:00+00:00,2.1732,2.1824,2.1602,2.1648,7734936.2
2025-11-03 14:00:00+00:00,2.1648,2.1895,2.1567,2.1807,12002756.8
2025-11-03 15:00:00+00:00,2.1807,2.1847,1.976,2.0425,77745392.5
2025-11-03 16:00:00+00:00,2.0425,2.106,2.032,2.0963,30636329.6
2025-11-03 17:00:00+00:00,2.0963,2.1368,2.089,2.1273,14313460.6
2025-11-03 18:00:00+00:00,2.1273,2.1315,2.0879,2.0965,9245402.4
2025-11-03 19:00:00+00:00,2.0965,2.1073,2.0807,2.0835,9965898.6
2025-11-03 20:00:00+00:00,2.0835,2.0884,2.03,2.0413,13124903.8
2025-11-03 21:00:00+00:00,2.0413,2.076,2.03,2.0744,11796127.6
2025-11-03 22:00:00+00:00,2.0744,2.0762,2.0368,2.0582,7121246.5
2025-11-03 23:00:00+00:00,2.0582,2.073,2.0401,2.0688,4748739.3
2025-11-04 00:00:00+00:00,2.0689,2.098,2.0409,2.0824,11539969.8
2025-11-04 01:00:00+00:00,2.0824,2.1065,2.0685,2.0893,8846949.9
2025-11-04 02:00:00+00:00,2.0892,2.0973,2.072,2.076,5656989.8
2025-11-04 03:00:00+00:00,2.0761,2.095,2.0682,2.0861,6572959.7
2025-11-04 04:00:00+00:00,2.086,2.0932,2.0695,2.0704,6207890.7
2025-11-04 05:00:00+00:00,2.0703,2.081,1.9742,1.9819,26104930.9
2025-11-04 06:00:00+00:00,1.9819,2.0748,1.9796,2.032,23391068.3
2025-11-04 07:00:00+00:00,2.0319,2.0359,1.9805,1.9896,17874993.2
2025-11-04 08:00:00+00:00,1.9895,2.0561,1.9887,2.0285,16973400.4
2025-11-04 09:00:00+00:00,2.0285,2.0558,2.0186,2.0512,11035884.2
2025-11-04 10:00:00+00:00,2.0513,2.0591,2.0422,2.0544,8571757.0
2025-11-04 11:00:00+00:00,2.0543,2.0797,2.0467,2.0702,13988163.2
2025-11-04 12:00:00+00:00,2.0703,2.0708,2.0378,2.049,10038856.4
2025-11-04 13:00:00+00:00,2.0489,2.0565,2.0168,2.026,11654146.1
2025-11-04 14:00:00+00:00,2.0259,2.078,2.0031,2.066,21455576.3
2025-11-04 15:00:00+00:00,2.0661,2.0856,2.018,2.0227,20385835.0
2025-11-04 16:00:00+00:00,2.0227,2.0466,1.982,1.9866,24489526.6
2025-11-04 17:00:00+00:00,1.9865,1.9902,1.9215,1.9623,40942628.9
2025-11-04 18:00:00+00:00,1.9623,1.965,1.8866,1.9604,41108517.6
2025-11-04 19:00:00+00:00,1.9603,1.9805,1.9222,1.927,21325766.8
2025-11-04 20:00:00+00:00,1.9271,1.9432,1.809,1.9164,54981138.6
2025-11-04 21:00:00+00:00,1.9166,1.931,1.8425,1.9306,40960072.0
2025-11-04 22:00:00+00:00,1.9306,1.9979,1.9168,1.983,22777941.0
2025-11-04 23:00:00+00:00,1.9831,1.9973,1.9701,1.9745,10677900.3
2025-11-05 00:00:00+00:00,1.9745,1.9842,1.9373,1.9502,10564265.5
2025-11-05 01:00:00+00:00,1.9502,1.9583,1.8789,1.9497,23439720.5
2025-11-05 02:00:00+00:00,1.9497,2.0225,1.9491,2.0171,22422484.3
2025-11-05 03:00:00+00:00,2.0172,2.0318,1.999,2.0265,14455526.3
2025-11-05 04:00:00+00:00,2.0264,2.0349,2.0033,2.0182,9754309.4
2025-11-05 05:00:00+00:00,2.0182,2.0356,2.0172,2.0247,6673256.2
2025-11-05 06:00:00+00:00,2.0246,2.0328,2.0123,2.0324,6130576.2
2025-11-05 07:00:00+00:00,2.0324,2.0346,2.0087,2.0274,6319310.9
2025-11-05 08:00:00+00:00,2.0274,2.0275,1.9837,1.9993,12000911.7
2025-11-05 09:00:00+00:00,1.9993,2.0359,1.9952,2.0291,11482749.6
2025-11-05 10:00:00+00:00,2.029,2.0324,2.0025,2.0039,7300044.8
2025-11-05 11:00:00+00:00,2.004,2.055,2.0037,2.0485,11756076.7
2025-11-05 12:00:00+00:00,2.0485,2.0646,2.0355,2.0565,11352807.4
2025-11-05 13:00:00+00:00,2.0565,2.0687,2.0381,2.0558,9448220.4
2025-11-05 14:00:00+00:00,2.0558,2.062,2.0186,2.0305,12886234.1
2025-11-05 15:00:00+00:00,2.0306,2.0445,2.0163,2.0406,12015779.8
2025-11-05 16:00:00+00:00,2.0407,2.0575,2.0134,2.0497,11842005.9
2025-11-05 17:00:00+00:00,2.0498,2.0587,2.0244,2.0355,13050496.3
2025-11-05 18:00:00+00:00,2.0355,2.0454,2.0257,2.0364,10539560.2
2025-11-05 19:00:00+00:00,2.0364,2.0393,2.0111,2.0292,8492183.4
2025-11-05 20:00:00+00:00,2.0292,2.0449,2.0232,2.0294,7199234.9
2025-11-05 21:00:00+00:00,2.0294,2.0294,2.0131,2.0212,7919202.7
2025-11-05 22:00:00+00:00,2.0213,2.0413,2.0186,2.0402,6004478.2
2025-11-05 23:00:00+00:00,2.0403,2.0432,2.0276,2.0309,5000102.6
2025-11-06 00:00:00+00:00,2.0309,2.0366,2.0198,2.0289,5012797.1
2025-11-06 01:00:00+00:00,2.029,2.0293,1.9939,2.0272,11790721.5
2025-11-06 02:00:00+00:00,2.0271,2.0561,2.0064,2.0421,12472480.6
2025-11-06 03:00:00+00:00,2.042,2.0486,2.0344,2.044,5511013.8
2025-11-06 04:00:00+00:00,2.0441,2.0513,2.0326,2.0385,9519435.0
2025-11-06 05:00:00+00:00,2.0386,2.0387,2.0013,2.0084,11612870.5
2025-11-06 06:00:00+00:00,2.0085,2.015,1.9936,1.9959,9818777.4
2025-11-06 07:00:00+00:00,1.9959,2.0074,1.9819,1.9916,7209324.3
2025-11-06 08:00:00+00:00,1.9915,2.0101,1.9844,1.9923,7322409.7
2025-11-06 09:00:00+00:00,1.9923,1.9962,1.9801,1.9874,6827958.4
2025-11-06 10:00:00+00:00,1.9875,2.0059,1.9745,1.994,7902436.6
2025-11-06 11:00:00+00:00,1.994,2.0019,1.9785,1.9916,5674550.5
2025-11-06 12:00:00+00:00,1.9916,1.9966,1.959,1.9638,15388781.7
2025-11-06 13:00:00+00:00,1.9638,2.0096,1.9601,2.0043,31890092.5
2025-11-06 14:00:00+00:00,2.0044,2.0119,1.9512,1.9579,19327346.0
2025-11-06 15:00:00+00:00,1.9579,1.9803,1.9283,1.9364,20017762.5
2025-11-06 16:00:00+00:00,1.9365,1.9504,1.9014,1.9268,17553357.6
2025-11-06 17:00:00+00:00,1.9267,1.9593,1.92,1.9537,12915016.7
2025-11-06 18:00:00+00:00,1.9537,1.9752,1.9187,1.9579,13372528.1
2025-11-06 19:00:00+00:00,1.9578,1.9704,1.9472,1.9636,10575649.7
2025-11-06 20:00:00+00:00,1.9636,1.9768,1.9385,1.9585,13940583.0
2025-11-06 21:00:00+00:00,1.9585,1.9861,1.9485,1.9772,6537210.3
2025-11-06 22:00:00+00:00,1.9773,1.9859,1.9592,1.978,5879199.1
2025-11-06 23:00:00+00:00,1.9779,1.9793,1.9485,1.9667,5987806.3
2025-11-07 00:00:00+00:00,1.9666,1.9954,1.9604,1.9883,8072775.4
2025-11-07 01:00:00+00:00,1.9884,1.9959,1.9514,1.9828,10078414.5
2025-11-07 02:00:00+00:00,1.9827,1.9994,1.9636,1.9981,7548934.0
2025-11-07 03:00:00+00:00,1.9981,2.0113,1.9869,2.0051,9724870.1
2025-11-07 04:00:00+00:00,2.0052,2.0149,1.9851,2.0125,7971443.5
2025-11-07 05:00:00+00:00,2.0125,2.0281,2.0117,2.0223,9917443.4
2025-11-07 06:00:00+00:00,2.0224,2.0234,2.0044,2.0054,5404600.5
2025-11-07 07:00:00+00:00,2.0053,2.0227,1.9988,2.0202,4050913.6
2025-11-07 08:00:00+00:00,2.0203,2.0288,2.005,2.0105,4975199.9
2025-11-07 09:00:00+00:00,2.0105,2.0107,1.9649,1.9801,10757139.8
2025-11-07 10:00:00+00:00,1.98,2.0,1.9685,1.9771,8722145.2
2025-11-07 11:00:00+00:00,1.977,1.9817,1.9475,1.9722,14412192.5
2025-11-07 12:00:00+00:00,1.9722,1.9801,1.9332,1.9482,14225512.2
2025-11-07 13:00:00+00:00,1.9482,1.9731,1.937,1.961,12471029.1
2025-11-07 14:00:00+00:00,1.961,2.0067,1.9284,1.9971,28234836.9
2025-11-07 15:00:00+00:00,1.9971,2.0695,1.982,2.0586,28368554.8
2025-11-07 16:00:00+00:00,2.0586,2.115,2.025,2.0975,36106127.9
2025-11-07 17:00:00+00:00,2.0974,2.1492,2.0835,2.1358,23278303.6
2025-11-07 18:00:00+00:00,2.1359,2.1927,2.1309,2.1789,19120990.2
2025-11-07 19:00:00+00:00,2.1788,2.1827,2.1582,2.1698,10266700.3
2025-11-07 20:00:00+00:00,2.1698,2.1844,2.1601,2.1785,8793365.3
2025-11-07 21:00:00+00:00,2.1785,2.191,2.1711,2.1821,5611315.9
2025-11-07 22:00:00+00:00,2.1821,2.1888,2.1688,2.1855,4102762.2
2025-11-07 23:00:00+00:00,2.1856,2.1875,2.1345,2.1441,8424700.2
2025-11-08 00:00:00+00:00,2.144,2.1728,2.1328,2.1362,8319066.8
2025-11-08 01:00:00+00:00,2.1363,2.1769,2.1334,2.1754,8864592.2
2025-11-08 02:00:00+00:00,2.1754,2.1994,2.1518,2.1542,9512184.2
2025-11-08 03:00:00+00:00,2.1541,2.1792,2.1405,2.142,8382933.8
2025-11-08 04:00:00+00:00,2.1421,2.1777,2.1416,2.1588,6567305.1
2025-11-08 05:00:00+00:00,2.1589,2.168,2.12,2.1263,12164865.8
2025-11-08 06:00:00+00:00,2.1264,2.1488,2.1154,2.1442,8657918.9
2025-11-08 07:00:00+00:00,2.1443,2.1607,2.1176,2.1603,7947543.8
2025-11-08 08:00:00+00:00,2.1603,2.1664,2.1448,2.1607,6123395.0
2025-11-08 09:00:00+00:00,2.1606,2.1618,2.125,2.1345,5810227.9
2025-11-08 10:00:00+00:00,2.1345,2.1488,2.1293,2.1433,5021422.0
2025-11-08 11:00:00+00:00,2.1432,2.1545,2.1181,2.1269,6509867.3
2025-11-08 12:00:00+00:00,2.127,2.1364,2.1187,2.1276,5226780.7
2025-11-08 13:00:00+00:00,2.1277,2.1289,2.087,2.0887,10438682.5
2025-11-08 14:00:00+00:00,2.0887,2.0998,2.0648,2.0897,11450378.2
2025-11-08 15:00:00+00:00,2.0897,2.0945,2.0602,2.0703,9227733.8
2025-11-08 16:00:00+00:00,2.0703,2.0886,2.059,2.0815,7044455.3
2025-11-08 17:00:00+00:00,2.0815,2.1049,2.0739,2.1,5159018.2
2025-11-08 18:00:00+00:00,2.1001,2.1118,2.0919,2.1053,4497629.5
2025-11-08 19:00:00+00:00,2.1053,2.1087,2.0779,2.0984,6698253.5
2025-11-08 20:00:00+00:00,2.0984,2.1189,2.0903,2.1129,5208483.7
2025-11-08 21:00:00+00:00,2.1129,2.1183,2.1064,2.113,2358154.3
2025-11-08 22:00:00+00:00,2.1131,2.1241,2.1067,2.1176,2119971.3
2025-11-08 23:00:00+00:00,2.1176,2.125,2.1126,2.1215,1919650.4
2025-11-09 00:00:00+00:00,2.1215,2.1224,2.0887,2.0937,6187995.5
2025-11-09 01:00:00+00:00,2.0937,2.108,2.0884,2.1074,3102717.3
2025-11-09 02:00:00+00:00,2.1073,2.1077,2.0577,2.0622,5884660.0
2025-11-09 03:00:00+00:00,2.0622,2.0721,2.0459,2.0593,7149778.0
2025-11-09 04:00:00+00:00,2.0592,2.0776,2.0568,2.0625,3982672.2
2025-11-09 05:00:00+00:00,2.0625,2.0788,2.0559,2.0741,4172966.8
2025-11-09 06:00:00+00:00,2.0742,2.0943,2.0655,2.0782,6338509.7
2025-11-09 07:00:00+00:00,2.0781,2.1109,2.0731,2.1035,7622119.3
2025-11-09 08:00:00+00:00,2.1035,2.1038,2.0822,2.0892,4094300.2
2025-11-09 09:00:00+00:00,2.0893,2.1073,2.0653,2.0715,6473467.1
2025-11-09 10:00:00+00:00,2.0715,2.0811,2.057,2.0799,8615306.5
2025-11-09 11:00:00+00:00,2.0799,2.1038,2.0799,2.0907,7214099.2
2025-11-09 12:00:00+00:00,2.0906,2.1052,2.0877,2.0895,4403974.3
2025-11-09 13:00:00+00:00,2.0896,2.1081,2.0859,2.1008,5345084.2
2025-11-09 14:00:00+00:00,2.1008,2.1401,2.0862,2.1002,14705455.4
2025-11-09 15:00:00+00:00,2.1001,2.1352,2.1001,2.1219,7295852.1
2025-11-09 16:00:00+00:00,2.1219,2.1438,2.1069,2.1402,9947559.9
2025-11-09 17:00:00+00:00,2.1403,2.1409,2.1084,2.1164,4859187.5
2025-11-09 18:00:00+00:00,2.1165,2.1369,2.1053,2.1363,4256826.2
2025-11-09 19:00:00+00:00,2.1364,2.1663,2.1312,2.1638,6794995.6
2025-11-09 20:00:00+00:00,2.1639,2.1669,2.1441,2.1542,6744689.2
2025-11-09 21:00:00+00:00,2.1543,2.1616,2.1459,2.1562,4324483.6
2025-11-09 22:00:00+00:00,2.1563,2.1567,2.1305,2.1501,3900591.0
2025-11-09 23:00:00+00:00,2.1501,2.1707,2.1344,2.1437,5794888.2
2025-11-10 00:00:00+00:00,2.1438,2.1897,2.127,2.1702,9988475.9
2025-11-10 01:00:00+00:00,2.1702,2.1825,2.154,2.1602,8992037.6
2025-11-10 02:00:00+00:00,2.1602,2.166,2.1486,2.1623,5695550.1
2025-11-10 03:00:00+00:00,2.1623,2.19,2.1623,2.1751,7388012.1
2025-11-10 04:00:00+00:00,2.175,2.19,2.1658,2.1825,5145059.8
2025-11-10 05:00:00+00:00,2.1825,2.1939,2.165,2.1809,4426291.3
2025-11-10 06:00:00+00:00,2.1809,2.1867,2.1624,2.1712,4984538.3
2025-11-10 07:00:00+00:00,2.1712,2.1877,2.1672,2.1747,5110724.6
2025-11-10 08:00:00+00:00,2.1747,2.1751,2.1437,2.1599,6314590.2
2025-11-10 09:00:00+00:00,2.1599,2.23,2.156,2.2178,10090100.2
2025-11-10 10:00:00+00:00,2.2178,2.2198,2.1754,2.1885,9397671.5
2025-11-10 11:00:00+00:00,2.1886,2.2064,2.1855,2.1945,5300613.5
2025-11-10 12:00:00+00:00,2.1945,2.1971,2.176,2.1856,5277729.8
2025-11-10 13:00:00+00:00,2.1857,2.22,2.1813,2.2037,6586532.9
2025-11-10 14:00:00+00:00,2.2037,2.2037,2.1343,2.1486,15569216.2
2025-11-10 15:00:00+00:00,2.1486,2.1749,2.136,2.148,12268935.3
2025-11-10 16:00:00+00:00,2.1479,2.165,2.122,2.1334,9140493.8
2025-11-10 17:00:00+00:00,2.1333,2.1689,2.1313,2.1597,7804391.0
2025-11-10 18:00:00+00:00,2.1597,2.1649,2.1334,2.134,3914941.9
2025-11-10 19:00:00+00:00,2.1339,2.1619,2.1313,2.149,4877774.4
2025-11-10 20:00:00+00:00,2.1489,2.1686,2.1442,2.1525,4723764.6
2025-11-10 21:00:00+00:00,2.1525,2.1531,2.1117,2.1257,7822996.7
2025-11-10 22:00:00+00:00,2.1257,2.1735,2.1207,2.1703,5446118.8
2025-11-10 23:00:00+00:00,2.1704,2.1786,2.1567,2.1618,4318389.0
2025-11-11 00:00:00+00:00,2.1618,2.166,2.1148,2.1393,8049179.8
2025-11-11 01:00:00+00:00,2.1393,2.1968,2.1347,2.1466,10557932.5
2025-11-11 02:00:00+00:00,2.1467,2.194,2.1314,2.1818,7914060.7
2025-11-11 03:00:00+00:00,2.1817,2.205,2.1788,2.1914,7498418.0
2025-11-11 04:00:00+00:00,2.1913,2.1947,2.1532,2.1581,7247946.6
2025-11-11 05:00:00+00:00,2.158,2.159,2.1252,2.1267,9535579.9
2025-11-11 06:00:00+00:00,2.1268,2.1303,2.0972,2.1148,13299747.7
2025-11-11 07:00:00+00:00,2.1147,2.1182,2.0819,2.0835,7593091.3
2025-11-11 08:00:00+00:00,2.0834,2.0989,2.0686,2.0886,9980791.4
2025-11-11 09:00:00+00:00,2.0886,2.1047,2.0815,2.0828,5591908.5
2025-11-11 10:00:00+00:00,2.0827,2.096,2.0802,2.0914,3381774.0
2025-11-11 11:00:00+00:00,2.0913,2.1032,2.0819,2.0921,4137663.5
2025-11-11 12:00:00+00:00,2.0921,2.1027,2.0732,2.0869,8161170.8
2025-11-11 13:00:00+00:00,2.0869,2.0979,2.0773,2.0812,5724650.3
2025-11-11 14:00:00+00:00,2.0813,2.1088,2.066,2.1075,9798298.0
2025-11-11 15:00:00+00:00,2.1074,2.1074,2.07,2.0779,8739054.4
2025-11-11 16:00:00+00:00,2.0779,2.0921,2.0713,2.0781,10053764.4
2025-11-11 17:00:00+00:00,2.0781,2.094,2.0577,2.0729,6999055.4
2025-11-11 18:00:00+00:00,2.0728,2.08,2.0538,2.0625,6031114.1
2025-11-11 19:00:00+00:00,2.0625,2.0625,2.0355,2.0408,8182258.1
2025-11-11 20:00:00+00:00,2.0408,2.0449,2.0151,2.0209,9090723.5
2025-11-11 21:00:00+00:00,2.0209,2.0317,2.0066,2.0112,6373226.6
2025-11-11 22:00:00+00:00,2.0114,2.0343,2.0011,2.0296,6150141.5
2025-11-11 23:00:00+00:00,2.0296,2.0308,2.0013,2.0069,5280143.8
2025-11-12 00:00:00+00:00,2.0069,2.0203,1.9931,2.0052,8775556.6
2025-11-12 01:00:00+00:00,2.0052,2.0265,2.0004,2.0226,6472999.0
2025-11-12 02:00:00+00:00,2.0227,2.0327,2.0028,2.0194,5552279.4
2025-11-12 03:00:00+00:00,2.0194,2.0271,2.0163,2.022,3285200.2
2025-11-12 04:00:00+00:00,2.022,2.0272,2.0122,2.0214,4432103.5
2025-11-12 05:00:00+00:00,2.0214,2.0307,2.0096,2.0228,7603401.1
2025-11-12 06:00:00+00:00,2.0228,2.0446,2.0207,2.0317,4865134.1
2025-11-12 07:00:00+00:00,2.0318,2.0384,2.0081,2.011,4643755.5
2025-11-12 08:00:00+00:00,2.0111,2.0496,2.0111,2.0364,6402885.7
2025-11-12 09:00:00+00:00,2.0364,2.0577,2.035,2.0502,7054198.8
2025-11-12 10:00:00+00:00,2.0502,2.0764,2.0499,2.0719,6184521.8
2025-11-12 11:00:00+00:00,2.0719,2.0815,2.06,2.0683,6168670.0
2025-11-12 12:00:00+00:00,2.0683,2.0779,2.06,2.0661,5577069.7
2025-11-12 13:00:00+00:00,2.066,2.0939,2.0616,2.0895,5284200.3
2025-11-12 14:00:00+00:00,2.0895,2.0986,2.0207,2.0459,16435835.1
2025-11-12 15:00:00+00:00,2.0459,2.0592,1.988,1.9966,19310524.8
2025-11-12 16:00:00+00:00,1.9967,2.0042,1.9597,1.9706,23074318.8
2025-11-12 17:00:00+00:00,1.9706,1.997,1.9538,1.9779,17451588.6
2025-11-12 18:00:00+00:00,1.9778,1.9942,1.9725,1.9759,13108361.4
2025-11-12 19:00:00+00:00,1.9759,1.9761,1.9476,1.9629,8287400.3
2025-11-12 20:00:00+00:00,1.963,1.9878,1.9566,1.9751,6125741.1
2025-11-12 21:00:00+00:00,1.9752,1.9843,1.9715,1.9796,4141288.2
2025-11-12 22:00:00+00:00,1.9795,1.9823,1.9656,1.9803,3174799.4
2025-11-12 23:00:00+00:00,1.9803,1.9803,1.9585,1.9664,4279254.7
2025-11-13 00:00:00+00:00,1.9665,1.9851,1.9639,1.9736,4009028.2
2025-11-13 01:00:00+00:00,1.9736,1.998,1.9725,1.9811,5547655.1
2025-11-13 02:00:00+00:00,1.9811,1.987,1.9702,1.9795,3738352.9
2025-11-13 03:00:00+00:00,1.9795,2.0241,1.9486,2.0038,9874107.6
2025-11-13 04:00:00+00:00,2.0039,2.0136,1.9881,2.0045,7456631.1
2025-11-13 05:00:00+00:00,2.0044,2.031,1.9913,2.0248,7107504.3
2025-11-13 06:00:00+00:00,2.0248,2.0379,2.0176,2.0284,6168771.5
2025-11-13 07:00:00+00:00,2.0284,2.0383,2.0175,2.0221,5109468.0
2025-11-13 08:00:00+00:00,2.0221,2.0348,2.0156,2.0301,4396693.4
2025-11-13 09:00:00+00:00,2.0302,2.0339,2.004,2.0092,6045646.1
2025-11-13 10:00:00+00:00,2.0093,2.032,2.0086,2.0162,5988264.6
2025-11-13 11:00:00+00:00,2.0162,2.0273,2.0134,2.0189,5018204.4
2025-11-13 12:00:00+00:00,2.0189,2.0422,2.0117,2.0406,8124179.7
2025-11-13 13:00:00+00:00,2.0405,2.0456,2.0017,2.0081,11115778.9
2025-11-13 14:00:00+00:00,2.0082,2.0537,1.9829,2.0306,19804236.6
2025-11-13 15:00:00+00:00,2.0307,2.0421,1.9876,1.9936,17285517.7
2025-11-13 16:00:00+00:00,1.9935,1.9984,1.9465,1.9493,17049143.1
2025-11-13 17:00:00+00:00,1.9493,1.9513,1.8943,1.8979,23397560.2
2025-11-13 18:00:00+00:00,1.898,1.906,1.8557,1.8679,24998895.6
2025-11-13 19:00:00+00:00,1.8679,1.8858,1.8336,1.8424,23592615.7
2025-11-13 20:00:00+00:00,1.8423,1.8466,1.8191,1.8245,17827276.9
2025-11-13 21:00:00+00:00,1.8245,1.8443,1.82,1.8309,11928359.5
2025-11-13 22:00:00+00:00,1.831,1.8831,1.8255,1.8716,11058260.0
2025-11-13 23:00:00+00:00,1.8717,1.8898,1.8602,1.8717,15955815.3
2025-11-14 00:00:00+00:00,1.8717,1.8784,1.8434,1.8487,11454568.5
2025-11-14 01:00:00+00:00,1.8488,1.8668,1.841,1.8507,10232268.7
2025-11-14 02:00:00+00:00,1.8508,1.8668,1.8501,1.8586,8077439.9
2025-11-14 03:00:00+00:00,1.8586,1.8598,1.8334,1.8419,5756665.3
2025-11-14 04:00:00+00:00,1.842,1.8422,1.7617,1.8002,26807863.0
2025-11-14 05:00:00+00:00,1.8001,1.8317,1.7931,1.8215,15502158.2
2025-11-14 06:00:00+00:00,1.8215,1.8483,1.7945,1.8463,17498664.2
2025-11-14 07:00:00+00:00,1.8464,1.8539,1.828,1.842,12920094.0
2025-11-14 08:00:00+00:00,1.8419,1.8425,1.8087,1.8168,11712780.2
2025-11-14 09:00:00+00:00,1.8167,1.8235,1.793,1.8001,10151252.3
2025-11-14 10:00:00+00:00,1.8002,1.8173,1.7951,1.8007,7886692.2
2025-11-14 11:00:00+00:00,1.8006,1.8036,1.7716,1.7891,12704476.2
2025-11-14 12:00:00+00:00,1.7891,1.7891,1.7412,1.7847,28617466.9
2025-11-14 13:00:00+00:00,1.7847,1.7922,1.749,1.7651,14320084.1
2025-11-14 14:00:00+00:00,1.765,1.8054,1.7428,1.7938,30656687.6
2025-11-14 15:00:00+00:00,1.7939,1.82,1.7636,1.7991,17733554.2
2025-11-14 16:00:00+00:00,1.7991,1.8196,1.7848,1.8138,12341197.6
2025-11-14 17:00:00+00:00,1.8137,1.818,1.7719,1.7796,11939724.3
2025-11-14 18:00:00+00:00,1.7796,1.8058,1.7729,1.7792,9891113.5
2025-11-14 19:00:00+00:00,1.7791,1.813,1.7746,1.8078,7836567.1
2025-11-14 20:00:00+00:00,1.8078,1.8093,1.7414,1.7546,15358093.1
2025-11-14 21:00:00+00:00,1.7546,1.7823,1.7455,1.7714,8647618.0
2025-11-14 22:00:00+00:00,1.7713,1.7837,1.751,1.759,8568434.1
2025-11-14 23:00:00+00:00,1.759,1.7593,1.7068,1.7395,14304811.9
2025-11-15 00:00:00+00:00,1.7395,1.7651,1.7364,1.7566,7238905.3
2025-11-15 01:00:00+00:00,1.7565,1.7829,1.75,1.7805,5284718.4
2025-11-15 02:00:00+00:00,1.7805,1.7945,1.7726,1.7943,5046306.9
2025-11-15 03:00:00+00:00,1.7942,1.7977,1.7842,1.7913,5540374.6
2025-11-15 04:00:00+00:00,1.7913,1.799,1.7843,1.7879,5736560.3
2025-11-15 05:00:00+00:00,1.7879,1.7996,1.7819,1.7962,4170875.6
2025-11-15 06:00:00+00:00,1.7962,1.8063,1.7927,1.7954,4637410.0
2025-11-15 07:00:00+00:00,1.7955,1.7955,1.779,1.7827,4790040.2
2025-11-15 08:00:00+00:00,1.7827,1.7842,1.7427,1.7476,9199672.1
2025-11-15 09:00:00+00:00,1.7475,1.7675,1.7424,1.7514,6212699.1
2025-11-15 10:00:00+00:00,1.7513,1.7635,1.7453,1.7621,6533167.8
2025-11-15 11:00:00+00:00,1.7621,1.7655,1.7497,1.7555,3957567.8
2025-11-15 12:00:00+00:00,1.7555,1.7777,1.752,1.775,5289751.6
2025-11-15 13:00:00+00:00,1.775,1.7943,1.7709,1.7915,6881883.5
2025-11-15 14:00:00+00:00,1.7915,1.7919,1.78,1.7872,4316465.3
2025-11-15 15:00:00+00:00,1.7871,1.7938,1.7803,1.7838,5634761.5
2025-11-15 16:00:00+00:00,1.7837,1.7868,1.7667,1.7811,6722538.3
2025-11-15 17:00:00+00:00,1.7812,1.7951,1.7742,1.7901,5874716.1
2025-11-15 18:00:00+00:00,1.7901,1.7951,1.7805,1.7883,4419609.2
2025-11-15 19:00:00+00:00,1.7884,1.791,1.7806,1.7852,2711838.6
2025-11-15 20:00:00+00:00,1.7853,1.786,1.7666,1.7691,6036157.1
2025-11-15 21:00:00+00:00,1.7691,1.7794,1.7525,1.7561,5923229.3
2025-11-15 22:00:00+00:00,1.7561,1.7728,1.7527,1.7713,3951073.2
2025-11-15 23:00:00+00:00,1.7713,1.7749,1.7658,1.769,2882740.6
2025-11-16 00:00:00+00:00,1.7691,1.7725,1.7463,1.7556,6073197.9
2025-11-16 01:00:00+00:00,1.7556,1.7591,1.7156,1.7445,16125542.0
2025-11-16 02:00:00+00:00,1.7444,1.7658,1.7354,1.7657,8308787.0
2025-11-16 03:00:00+00:00,1.7657,1.7708,1.7572,1.764,3972473.4
2025-11-16 04:00:00+00:00,1.7639,1.7665,1.7473,1.7563,3229933.1
2025-11-16 05:00:00+00:00,1.7562,1.774,1.7547,1.764,4393566.6
2025-11-16 06:00:00+00:00,1.7639,1.7725,1.7561,1.7576,3129380.6
2025-11-16 07:00:00+00:00,1.7577,1.7648,1.7508,1.7646,3471316.0
2025-11-16 08:00:00+00:00,1.7646,1.7697,1.751,1.7593,4167541.8
2025-11-16 09:00:00+00:00,1.7593,1.7805,1.7487,1.7794,6624644.2
2025-11-16 10:00:00+00:00,1.7793,1.7797,1.77,1.7702,6979226.4
2025-11-16 11:00:00+00:00,1.7703,1.7735,1.7074,1.7182,22190765.3
2025-11-16 12:00:00+00:00,1.7182,1.7277,1.6963,1.7031,15046046.4
2025-11-16 13:00:00+00:00,1.703,1.707,1.6751,1.6859,14052803.6
2025-11-16 14:00:00+00:00,1.6859,1.7075,1.6829,1.7048,8560760.1
2025-11-16 15:00:00+00:00,1.7047,1.7062,1.6661,1.6697,15106931.2
2025-11-16 16:00:00+00:00,1.6696,1.6867,1.6563,1.6631,20404713.8
2025-11-16 17:00:00+00:00,1.6631,1.6708,1.6363,1.6627,18285261.2
2025-11-16 18:00:00+00:00,1.6626,1.6976,1.6521,1.6568,14937548.4
2025-11-16 19:00:00+00:00,1.6568,1.6831,1.6556,1.6628,8720482.7
2025-11-16 20:00:00+00:00,1.6627,1.6788,1.6596,1.6599,5698432.8
2025-11-16 21:00:00+00:00,1.6599,1.6622,1.6446,1.6602,11977473.4
2025-11-16 22:00:00+00:00,1.6601,1.6829,1.6442,1.676,10250321.2
2025-11-16 23:00:00+00:00,1.6761,1.6949,1.6414,1.6784,12886875.4
2025-11-17 00:00:00+00:00,1.6783,1.6969,1.6541,1.6868,11777264.5
2025-11-17 01:00:00+00:00,1.6869,1.6908,1.6764,1.6781,5819324.0
